Scenario,Variant,Seed,Estimator,completed,failureMessage,diverged,divergenceRadius,transientDuration,relativePositionRmse,fullPositionRmse,fullSpeedRmse,relativePositionMax,targetVelocityRmse,targetVelocityInertialRmse,targetAccelerationRmse,targetSpeedRmse,targetSpeedMax,relativeSpeedRmse,relativeSpeedMax,courseRmseDeg,courseMaxDeg,egoPositionRmse,egoVelocityRmse,egoYawRmseDeg,egoYawMaxDeg,egoSideslipRmseDeg,steadyStateStart,steadyRelativePositionRmse,steadyTargetVelocityRmse,steadyTargetSpeedRmse,steadyRelativeSpeedRmse,steadyCourseRmseDeg,steadyEgoYawRmseDeg,peakTransientPositionError,peakTransientVelocityError,peakTransientAccelerationError,convergenceTime,meanStepMilliseconds,maximumStepMilliseconds,integrationStep,egoBodyJerkMaximum,egoYawAccelerationMaximum,relativeRangeMaximum,loss
straightOncoming,training,101,lmi_e1.5_t1.5_y0.1,1,,0,1000,2,0.0281322177946738,0.168262562964614,2.5668787318225,0.0618179200859874,0.493457057443648,0.849797010464142,0.282838366784966,0.189945243974325,0.532399326438952,0.142168273719398,0.381144571130292,3.16063826256742,4.89847869273258,0.0318971249958312,0.231288828331754,1.51785981081515,1.84885332947499,1.66849683712853,3,0.0288694676959081,0.48818613728473,0.192795635956474,0.140957594146399,3.02737766035765,1.43173466351884,1.11803398874989,14.497464416536,7.39480538594397,5.8,0.43419,4.34,0.005,0,0,95.0118413672738,1.29334031840887
straightOncoming,training,101,lmi_e1.5_t1.5_y1,1,,0,1000,2,0.0281303807121591,0.168261335559058,2.49260620447434,0.0618152405630998,0.299158540214061,0.340649734515918,0.28273786316954,0.186866262992785,0.522956709090975,0.142171276750466,0.381171310984509,1.0874883418511,2.48136722448221,0.0318971249958312,0.231288828331754,0.358613437632256,1.04606410245357,0.72296960249613,3,0.0288699637946195,0.304292391738597,0.188313867039984,0.140959348233974,0.960605464568377,0.164091529817397,1.11803398874989,14.1587217997265,7.39518593027519,1.56,0.376373333333333,1.573,0.005,0,0,95.0118413672738,0.872534001477383
straightOncoming,training,101,lmi_e1.5_t1.5_y3,1,,0,1000,2,0.0281301813757953,0.168263097755884,2.43101759154705,0.0618113858204296,0.279331355866664,0.284669116738592,0.282734391616891,0.187007999046489,0.523039522509894,0.142172353934842,0.381162134984823,0.818479555511522,2.50379149739204,0.0318971249958312,0.231288828331754,0.202828405592129,0.508876671051723,0.582121807686078,3,0.0288696402558406,0.296002215460172,0.1882332373487,0.140959746153803,0.905242515994205,0.218601466101575,1.11803398874989,13.5413222556218,7.39604672778463,1.52,0.347523333333333,0.736,0.005,0,0,95.0118413672738,0.819013722953236
straightOncoming,training,101,lmi_e1.5_t3_y0.1,1,,0,1000,2,0.0455105471787804,0.139406202412894,2.70543311037808,0.125094372461002,0.787695316980707,1.04451830186878,1.78890627574595,0.473523305416425,1.37546238363074,0.465714933152924,1.62315967818293,3.55101498283147,7.85758072969834,0.0318971249958312,0.231288828331754,1.51785981081515,1.84885332947499,1.66849683712853,3,0.0428765405245791,0.750338300442921,0.443908716776795,0.433965872869424,3.42131107036874,1.43173466351884,1.11803398874989,19.9433162217134,32.866476829401,5.84,0.3831,0.824,0.005,0,0,95.0118413672738,2.11235507918695
straightOncoming,training,101,lmi_e1.5_t3_y1,1,,0,1000,2,0.0455117027683382,0.139412228752508,2.67697888615372,0.125103687058842,0.682997204421199,0.696032578887204,1.78900175673576,0.471430035978156,1.36210529225259,0.465714571788808,1.62315000376458,1.96183556839919,5.8687257984001,0.0318971249958312,0.231288828331754,0.358613437632256,1.04606410245357,0.72296960249613,3,0.0428770514528591,0.638948332687022,0.441907133929792,0.433967247715715,1.79404389144413,0.164091529817397,1.11803398874989,19.8542968006637,32.8681474141281,5.8,0.354573333333333,0.495,0.005,0,0,95.0118413672738,1.79034421331953
straightOncoming,training,101,lmi_e1.5_t3_y3,1,,0,1000,2,0.0455124408806076,0.139407020131831,2.64374207613706,0.125111118202584,0.67571684262454,0.672762590118251,1.78899100773008,0.471537897946546,1.36104953856981,0.465712944160074,1.62315141030837,1.83928630282088,5.47113716625244,0.0318971249958312,0.231288828331754,0.202828405592129,0.508876671051723,0.582121807686078,3,0.0428771292943686,0.631933973167873,0.442438490969231,0.433966672047513,1.7265949846773,0.218601466101575,1.11803398874989,19.6875431371644,32.8717717115504,5.62,0.356113333333333,0.546,0.005,0,0,95.0118413672738,1.76605746526334
straightOncoming,training,101,lmi_e1.5_t6_y0.1,1,,0,1000,2,0.0923262008981282,0.15647746523303,4.42343944056,0.222215232269099,2.7220876235446,2.8155668545292,14.256042621939,2.15693136500559,5.28627040118705,2.13295831906186,5.36269215997682,6.82748149824579,16.078423263493,0.0318971249958312,0.231288828331754,1.51785981081515,1.84885332947499,1.66849683712853,3,0.0856670456086305,2.60677854074473,1.93387752943426,1.89639986605444,7.09168110955058,1.43173466351884,1.11803398874989,34.4729464653173,149.080579061483,Inf,0.34111,0.787,0.005,0,0,95.0118413672738,6.60262103864161
straightOncoming,training,101,lmi_e1.5_t6_y1,1,,0,1000,2,0.0923283678649854,0.156537619946706,4.3857091504831,0.222060959846717,2.68836089867947,2.69482663404292,14.2622921616437,2.14205687592173,5.26675308424014,2.13320229305027,5.36270544129514,6.29842355820247,18.0570579261855,0.0318971249958312,0.231288828331754,0.358613437632256,1.04606410245357,0.72296960249613,3,0.0856688207706035,2.57702685545816,1.91858288861926,1.8965794508053,6.65215925929915,0.164091529817397,1.11803398874989,34.4578330417049,149.082127957521,Inf,0.333066666666667,0.527,0.005,0,0,95.0118413672738,6.46708214213381
straightOncoming,training,101,lmi_e1.5_t6_y3,1,,0,1000,2,0.0923274005892024,0.15662291097431,4.3414505695843,0.222030582881701,2.68387268507144,2.68360912313425,14.2654914749796,2.13835366424363,5.25491238172878,2.13331332155533,5.36270328144283,6.28417676880949,18.5509196133475,0.0318971249958312,0.231288828331754,0.202828405592129,0.508876671051723,0.582121807686078,3,0.0856689600501547,2.57560324989553,1.9170654378401,1.89662486022161,6.65787196178596,0.218601466101575,1.11803398874989,34.4254995411051,149.085513852138,Inf,0.355543333333333,0.554,0.005,0,0,95.0118413672738,6.45681668814118
straightOncoming,training,101,lmi_e3_t1.5_y0.1,1,,0,1000,2,0.0281215748053859,0.168323980119437,2.86226937169764,0.0617665039963646,0.87508637839215,1.17377262534069,0.282696472718076,0.547592043612908,1.58985946290587,0.142164639218106,0.381032931606633,3.9665246212235,7.37187256973411,0.0493521078845891,0.727816949108136,1.72588237228872,2.10314500169215,2.54512609181092,3,0.028865279815894,0.879757964838743,0.576593446417295,0.140950342806501,3.757550498048,1.62927296292549,1.11803398874989,21.9754040102105,7.38955760066945,Inf,0.333333333333333,0.581,0.005,0,0,95.0118413672738,2.16970475952438
straightOncoming,training,101,lmi_e3_t1.5_y1,1,,0,1000,2,0.0281282023075579,0.168299363466808,2.75111327170707,0.0617862566711777,0.763343806162447,0.800687882863054,0.282710967605358,0.544283115326335,1.60095543552148,0.142170387211128,0.381096271348291,2.25667216384574,6.4309147196945,0.0493521078845891,0.727816949108136,0.522720741355263,1.55445865332601,1.94524653962116,3,0.0288675932158514,0.781161209944444,0.572544172260649,0.140953557937188,2.07168791771914,0.240285025368722,1.11803398874989,21.4744303913328,7.38960910606092,Inf,0.372256666666667,0.603,0.005,0,0,95.0118413672738,1.8211826864974
straightOncoming,training,101,lmi_e3_t1.5_y3,1,,0,1000,2,0.0281321871926511,0.168292573098934,2.62147376551191,0.0617938496451568,0.744706103600589,0.748544739608076,0.282740255386163,0.545476804903412,1.60249149758587,0.142176183210154,0.381122262602048,1.96763865802187,6.67491762772752,0.0493521078845891,0.727816949108136,0.307282957922296,0.874625314592037,1.83398415776186,3,0.0288684615455741,0.775802571264772,0.573752184754063,0.140955449408337,2.02264011686358,0.316524118852357,1.11803398874989,20.4135121040919,7.38986922742644,Inf,0.310846666666667,0.39,0.005,0,0,95.0118413672738,1.76580321333771
straightOncoming,training,101,lmi_e3_t3_y0.1,1,,0,1000,2,0.0455135751216033,0.139643896911252,3.91104225058675,0.125151303827519,0.971481241618363,1.2435824862248,1.7891276743662,0.645538670925623,2.07572900291457,0.465722316321108,1.62316778441939,4.05718061137201,7.81363962989703,0.0493521078845891,0.727816949108136,1.72588237228872,2.10314500169215,2.54512609181092,3,0.0428767868990313,0.966009411918016,0.61761644371195,0.433972365029246,3.98480223703539,1.62927296292549,1.11803398874989,31.0270180873933,32.7786722694739,Inf,0.313916666666667,0.583,0.005,0,0,95.0118413672738,2.55764921534168
straightOncoming,training,101,lmi_e3_t3_y1,1,,0,1000,2,0.0455121281848957,0.139634750143586,3.75888187215604,0.125121900901336,0.870687948238761,0.898686469945388,1.78904792692715,0.642012614594589,2.06723759712481,0.465726265109578,1.62315947826494,2.40996506771341,5.73804854370159,0.0493521078845891,0.727816949108136,0.522720741355263,1.55445865332601,1.94524653962116,3,0.042877370585649,0.870579902164956,0.613906255618322,0.433973996520909,2.39794688747736,0.240285025368722,1.11803398874989,30.5133209903268,32.7789574956467,Inf,0.298756666666667,0.377,0.005,0,0,95.0118413672738,2.22113952458082
straightOncoming,training,101,lmi_e3_t3_y3,1,,0,1000,2,0.0455101333516246,0.139615550114631,3.57549883373008,0.125091483963032,0.861190777869206,0.865842877835067,1.78882630181291,0.642703817009477,2.06724998765683,0.465729096903545,1.62316560422616,2.2233379980027,5.98436640833859,0.0493521078845891,0.727816949108136,0.307282957922296,0.874625314592037,1.83398415776186,3,0.0428771963230337,0.86622903924124,0.615103427577629,0.433973342791948,2.3597502299145,0.316524118852357,1.11803398874989,29.4283743483141,32.779805890344,Inf,0.301086666666667,0.459,0.005,0,0,95.0118413672738,2.18517656713574
straightOncoming,training,101,lmi_e3_t6_y0.1,1,,0,1000,2,0.0923136949457022,0.156769488913882,4.94752223375381,0.222214331456154,2.8501670371166,2.96284779712808,14.2442552292509,2.2293646659581,6.12518804352754,2.13282549138382,5.3616511343586,7.36265934987751,17.82822747807,0.0493521078845891,0.727816949108136,1.72588237228872,2.10314500169215,2.54512609181092,3,0.0856596048906474,2.74330786772438,2.00302107037373,1.89641445604035,7.64101120733166,1.62927296292549,1.11803398874989,44.4405725619519,148.772212047679,Inf,0.330426666666667,0.505,0.005,0,0,95.0118413672738,6.85439815134873
straightOncoming,training,101,lmi_e3_t6_y1,1,,0,1000,2,0.0923148463142498,0.156971076305769,4.88443365158022,0.222055350032968,2.81348997320709,2.82541376173154,14.2492938488241,2.21162896391767,6.11081971940448,2.13302750642062,5.36150781749441,6.77666606320371,20.7264014893981,0.0493521078845891,0.727816949108136,0.522720741355263,1.55445865332601,1.94524653962116,3,0.0856599499127322,2.71396847152047,1.98376343048687,1.89658638238535,7.18334078345273,0.240285025368722,1.11803398874989,44.1359270060049,148.774812958651,Inf,0.44273,0.61,0.005,0,0,95.0118413672738,6.70173960361859
straightOncoming,training,101,lmi_e3_t6_y3,1,,0,1000,2,0.0923135594967549,0.157012126967833,4.81517680456936,0.221977920139413,2.80433378607796,2.80268339476828,14.2539368225192,2.20552234381622,6.10088813200389,2.13320777744978,5.36174312403909,6.72605029134575,21.8057550491289,0.0493521078845891,0.727816949108136,0.307282957922296,0.874625314592037,1.83398415776186,3,0.0856589281026997,2.71294903204014,1.98096887531691,1.89666127229087,7.21344273814703,0.316524118852357,1.11803398874989,43.4895809174527,148.780657703623,Inf,0.40325,0.641,0.005,0,0,95.0118413672738,6.67939034086913
straightOncoming,training,101,lmi_e6_t1.5_y0.1,1,,0,1000,2,0.0281488654210896,0.16825919671688,4.79513352656597,0.0618115210148661,2.88839958435452,3.0377122582522,0.283288561555474,1.97383779596782,6.75325520073498,0.142131613156096,0.380942378677421,8.95970593357732,28.0695179461395,0.0997519400779053,2.82355831059713,2.06456700566517,2.44889166261543,7.9968707957796,3,0.0288673319090866,2.9998611818049,2.16013047740002,0.14095421979942,8.8173407646236,1.96257829096731,1.11803398874989,39.1629192924964,7.42790877916365,Inf,0.35906,0.559,0.005,0,0,95.0118413672738,6.021105432862
straightOncoming,training,101,lmi_e6_t1.5_y1,1,,0,1000,2,0.0281380340831825,0.168305270401513,4.59453208168074,0.0617962325900298,2.84467795952332,2.87360675813625,0.282917901316124,1.97632989358377,6.85784524391514,0.142155661305114,0.381037961935579,8.11328896041958,22.8906424121844,0.0997519400779053,2.82355831059713,0.911083638356603,2.2157504946003,7.77688005107067,3,0.0288678347059273,2.95493869119582,2.15949023888475,0.140957244777047,7.93282737093778,0.573175025756195,1.11803398874989,38.3017669935707,7.43008110891493,Inf,0.32409,0.528,0.005,0,0,95.0118413672738,5.85669792008329
straightOncoming,training,101,lmi_e6_t1.5_y3,1,,0,1000,2,0.0281297439018157,0.168339312541425,4.4141604811959,0.0617834835085709,2.82956314484935,2.8396968078011,0.282708252976893,1.9795157048116,6.81005971315876,0.142175001180738,0.381099362647056,7.90966051026841,20.9771020844443,0.0997519400779053,2.82355831059713,0.814912517066656,2.52680932249918,7.69595157775166,3,0.0288678499551649,2.94684930744023,2.1540651947243,0.14095925998115,7.92706030334087,0.840911176948108,1.11803398874989,36.8312785638548,7.43328106737051,Inf,0.385556666666667,0.609,0.005,0,0,95.0118413672738,5.82226095069505
straightOncoming,training,101,lmi_e6_t3_y0.1,1,,0,1000,2,0.0455081417879839,0.139456898571659,5.24316639714901,0.125047032335242,2.96754467786577,3.11166960882199,1.789115639465,2.02948691059274,6.19196099080466,0.465732179000467,1.62309748813869,9.14796832423166,31.226276959834,0.0997519400779053,2.82355831059713,2.06456700566517,2.44889166261543,7.9968707957796,3,0.042878285252866,3.06127923102054,2.20336040166496,0.43396730800368,8.97524072871061,1.96257829096731,1.11803398874989,48.163987326362,32.7601708377074,Inf,0.333963333333333,0.645,0.005,0,0,95.0118413672738,6.34364890391165
straightOncoming,training,101,lmi_e6_t3_y1,1,,0,1000,2,0.0455082671176884,0.139397715756707,5.06262517518699,0.125038611765758,2.92495046837397,2.95299457568634,1.7891511646939,2.03022693960019,6.22789723256637,0.46573666612768,1.62309355919032,8.34043295703507,26.3059785635351,0.0997519400779053,2.82355831059713,0.911083638356603,2.2157504946003,7.77688005107067,3,0.042879239717454,3.01446265044889,2.20047388541598,0.433971078685552,8.1064723595851,0.573175025756195,1.11803398874989,47.215860810557,32.7626868539342,Inf,0.391956666666667,0.524,0.005,0,0,95.0118413672738,6.18362314178427
straightOncoming,training,101,lmi_e6_t3_y3,1,,0,1000,2,0.0455079613900728,0.139367021108366,4.88089919412452,0.12502985105475,2.91620327300818,2.93210593921094,1.78894641134546,2.0337702053463,6.22219332769479,0.4657412054749,1.62310781911042,8.20240648311519,24.4844791534311,0.0997519400779053,2.82355831059713,0.814912517066656,2.52680932249918,7.69595157775166,3,0.042879483750222,3.00750508620111,2.19554347861992,0.433971585335762,8.10929083297467,0.840911176948108,1.11803398874989,44.9696237679966,32.7735808987718,Inf,0.33377,0.499,0.005,0,0,95.0118413672738,6.16310132121637
straightOncoming,training,101,lmi_e6_t6_y0.1,1,,0,1000,2,0.092319898427815,0.157630787358068,7.52291954326196,0.222285406012211,3.82469853339047,3.94509682859303,14.2419520924466,2.83955005391098,7.41693111972268,2.13257560126058,5.36527237285397,10.6530895753922,30.3558454483365,0.0997519400779053,2.82355831059713,2.06456700566517,2.44889166261543,7.9968707957796,3,0.0856439426637607,3.69325906657092,2.55659918064437,1.89678406899397,10.8340345442319,1.96257829096731,1.11803398874989,66.5631188945001,152.434443798116,Inf,0.354523333333333,0.773,0.005,0,0,95.0118413672738,8.73291700717854
straightOncoming,training,101,lmi_e6_t6_y1,1,,0,1000,2,0.0923242610566443,0.157753270266981,7.39479733779717,0.222170183558509,3.79347099844812,3.8183312517361,14.2483858195845,2.8347354825543,7.45576544578341,2.1327473566428,5.3655316025112,10.0534121544425,28.2023739815857,0.0997519400779053,2.82355831059713,0.911083638356603,2.2157504946003,7.77688005107067,3,0.0856466445986959,3.65516291899281,2.54098238742149,1.89687519402739,10.2662772224695,0.573175025756195,1.11803398874989,65.9301489524625,153.952955614979,Inf,0.34065,0.483,0.005,0,0,95.0118413672738,8.60339600656355
straightOncoming,training,101,lmi_e6_t6_y3,1,,0,1000,2,0.0923272613245973,0.157816335602158,7.24134748117254,0.222128243214449,3.78828904842049,3.79798780634495,14.2577909016832,2.84527602005773,7.53678035300926,2.1330064134846,5.36613464019148,9.87781119174143,28.1511646052921,0.0997519400779053,2.82355831059713,0.814912517066656,2.52680932249918,7.69595157775166,3,0.0856507970670094,3.64531421674745,2.5351937519801,1.89692014589476,10.2441732977381,0.840911176948108,1.11803398874989,64.4557346970715,154.465089207715,Inf,0.35209,0.496,0.005,0,0,95.0118413672738,8.58938689170972
straightOncoming,training,101,repeated_e1.5_t1.5_y0.1,1,,0,1000,2,0.051753621222915,0.175345844861039,0.753019416177525,0.095790036124935,0.6381517405177,0.996410401254697,0.272289015454659,0.103678002113092,0.189310074854799,0.10785110343796,0.193818255007564,3.79955196033018,5.47137982634403,0.0276140511305464,0.0890430835369107,1.41113936844897,1.78268426949119,1.6994832728188,3,0.038345609623149,0.517248647939837,0.0941114736455061,0.0813444692437509,3.24088969121447,1.3125502626777,1.11803398874989,2.751581213858,0.751011933266613,1.24,0.314433333333333,0.473,0.005,0,0,95.0118413672738,1.48480260852137
straightOncoming,training,101,repeated_e1.5_t1.5_y1,1,,0,1000,2,0.0517715529580384,0.175349694283433,0.749828566305507,0.0958213403655552,0.390292875970395,0.485764909315658,0.272365872630777,0.118685052260597,0.211906309359788,0.107889320262508,0.193856972956215,1.8062853413923,4.6133495958067,0.0276140511305464,0.0890430835369107,0.437245675377327,1.4498172487521,0.660459832335814,3,0.038351984014778,0.215574045419814,0.107570655003567,0.0813979555038088,0.732821354091705,0.139733098727622,1.11803398874989,2.67858285921353,0.75131451707476,1.26,0.348203333333333,0.948,0.005,0,0,95.0118413672738,1.11634270238004
straightOncoming,training,101,repeated_e1.5_t1.5_y3,1,,0,1000,2,0.0517511133342229,0.175345529289485,0.744992900885666,0.0957979127706618,0.269678065009469,0.247975164998293,0.272240532946195,0.122588416151288,0.218340774057406,0.107947865454301,0.193941910725972,0.826168282464405,2.60968408575459,0.0276140511305464,0.0890430835369107,0.28463073777267,0.457219845975504,0.191622655559484,3,0.038325712530754,0.166438974136899,0.108792888257601,0.0814582299114857,0.306210293825162,0.27567362325776,1.11803398874989,2.56325423049595,0.751398209626909,1.26,0.35498,0.626,0.005,0,0,95.0118413672738,0.927921622137686
straightOncoming,training,101,repeated_e1.5_t3_y0.1,1,,0,1000,2,0.0203337223999215,0.130588316757798,0.872743072473532,0.0574293886247179,0.466170794382708,0.831174390615512,0.11706354060712,0.0427099192409137,0.111234181304948,0.0501039393647542,0.197266666836668,3.17292514757007,4.31183115896781,0.0276140511305464,0.0890430835369107,1.41113936844897,1.78268426949119,1.6994832728188,3,0.0191972194485805,0.407915386078664,0.0421120283201911,0.0369115179873474,2.8492250435384,1.3125502626777,1.11803398874989,3.80565968048758,2.00280883918277,0.86,0.365113333333333,0.619,0.005,0,0,95.0118413672738,0.923342091995057
straightOncoming,training,101,repeated_e1.5_t3_y1,1,,0,1000,2,0.0203323033176143,0.1305881041703,0.86966913798707,0.0574154407242014,0.212456354124402,0.315780648676668,0.117037954353909,0.0486242304085198,0.125200205776785,0.0500850692033009,0.197169916427551,1.19297015600901,3.64929375359183,0.0276140511305464,0.0890430835369107,0.437245675377327,1.4498172487521,0.660459832335814,3,0.0191974085240824,0.107791630618252,0.0472205809408865,0.0369123616096666,0.422580523993575,0.139733098727622,1.11803398874989,3.78138341381098,2.00281290803621,0.84,0.356246666666667,0.503,0.005,0,0,95.0118413672738,0.539165525194985
straightOncoming,training,101,repeated_e1.5_t3_y3,1,,0,1000,2,0.0203321198618691,0.130588380126303,0.865694623213617,0.0574132333895542,0.107326537935161,0.131605180491683,0.117074417464264,0.0499636542467998,0.127577249987718,0.0500883642058355,0.197177919930304,0.465582235820152,1.67144756881986,0.0276140511305464,0.0890430835369107,0.28463073777267,0.457219845975504,0.191622655559484,3,0.0191971367046851,0.0856690718583094,0.0474158773790114,0.0369117217094116,0.40791640465562,0.27567362325776,1.11803398874989,3.73393593788256,2.00282407127715,0.86,0.335936666666667,0.513,0.005,0,0,95.0118413672738,0.396364954276321
straightOncoming,training,101,repeated_e1.5_t6_y0.1,1,,0,1000,2,0.0307398380990677,0.104145629365991,1.03359970035434,0.0759203680624704,0.477911248526212,0.829875025488493,0.355952335833944,0.131301357785905,0.447974653409478,0.122973740523449,0.386841740335051,3.12926628392575,4.60204225030813,0.0276140511305464,0.0890430835369107,1.41113936844897,1.78268426949119,1.6994832728188,3,0.0297886542756949,0.432268199926083,0.113191597504674,0.111411578677519,2.86674101247007,1.3125502626777,1.11803398874989,6.14702534391414,8.94471283984032,0.48,0.375246666666667,0.537,0.005,0,0,95.0118413672738,1.19585435334764
straightOncoming,training,101,repeated_e1.5_t6_y1,1,,0,1000,2,0.0307399837289173,0.104145073800855,1.03279721805166,0.0759217866949217,0.24621596503698,0.326245594162144,0.355957646662976,0.131535363892894,0.441393787393059,0.122974116203074,0.386840141581786,1.13862163855178,3.06760807623344,0.0276140511305464,0.0890430835369107,0.437245675377327,1.4498172487521,0.660459832335814,3,0.0297886621783557,0.184544436660928,0.114804380858077,0.111411654049742,0.583021524085085,0.139733098727622,1.11803398874989,6.14786858299214,8.94462606148219,0.48,0.32189,0.653,0.005,0,0,95.0118413672738,0.798194892785317
straightOncoming,training,101,repeated_e1.5_t6_y3,1,,0,1000,2,0.0307400132067929,0.104144253321078,1.03114635299978,0.0759219404661242,0.186467791853141,0.199214043662491,0.355959675796247,0.130877197121217,0.435899113452313,0.122974436391462,0.386838842194308,0.574004758262762,1.58859432942541,0.0276140511305464,0.0890430835369107,0.28463073777267,0.457219845975504,0.191622655559484,3,0.0297886398635858,0.177533737355902,0.114919420508523,0.11141166250562,0.61490342741949,0.27567362325776,1.11803398874989,6.1477176453973,8.94445909511399,0.46,0.38266,0.517,0.005,0,0,95.0118413672738,0.683955477962916
straightOncoming,training,101,repeated_e3_t1.5_y0.1,1,,0,1000,2,0.0518233699345964,0.175362703878516,0.951822827100186,0.0959115337160036,0.586321941316947,0.93670701131398,0.272652341734286,0.120209594407955,0.264715295778769,0.108114668016993,0.194218554305756,3.56423655654049,5.72333044388558,0.024406910004857,0.0804820895107285,1.395379344038,1.7182313906532,1.48835974110926,3,0.0383894353740263,0.463808126918503,0.0870434565562284,0.0815573867140596,3.03593602969079,1.31388176705576,1.11803398874989,4.3569812460745,0.751852008161775,2.14,0.341106666666667,0.474,0.005,0,0,95.0118413672738,1.47150019946997
straightOncoming,training,101,repeated_e3_t1.5_y1,1,,0,1000,2,0.0518136951526907,0.175360656821933,0.938796394716335,0.0959063808482584,0.313906870999754,0.352869888393177,0.27257194499725,0.133560547518774,0.288703616593404,0.108197251912969,0.19432837693747,1.25602388450225,3.52310148999138,0.024406910004857,0.0804820895107285,0.178077829233165,0.666452752835589,0.367996113326622,3,0.0383673085394033,0.184053633318158,0.0960035226039324,0.081646997483958,0.642711812347753,0.0592528574634887,1.11803398874989,4.18783590396102,0.752126783287463,1.24,0.40065,0.517,0.005,0,0,95.0118413672738,1.0364628234649
straightOncoming,training,101,repeated_e3_t1.5_y3,1,,0,1000,2,0.0517384060827577,0.175344661011053,0.922615985835998,0.0958040550515277,0.238180481037416,0.206432822722611,0.272181290199576,0.136249490441597,0.296206589893558,0.108264801476731,0.194436521554522,0.595635404120359,1.2510223649233,0.024406910004857,0.0804820895107285,0.206313851427332,0.526510072226742,0.183030518579097,3,0.0382996432626695,0.16737267462543,0.0963378585206718,0.0817001148908103,0.496307287737795,0.0797474472273607,1.11803398874989,3.90881539767091,0.751711898406218,0.94,0.32112,0.473,0.005,0,0,95.0118413672738,0.909010122534844
straightOncoming,training,101,repeated_e3_t3_y0.1,1,,0,1000,2,0.0203349659813398,0.130583087200631,1.21118968559296,0.057442178581645,0.417222908198387,0.773275385663858,0.116909902350164,0.0765310691701825,0.279356921655131,0.0501029892925509,0.197262938192342,2.94304344189503,4.58596318223114,0.024406910004857,0.0804820895107285,1.395379344038,1.7182313906532,1.48835974110926,3,0.0191975363000062,0.36119025091795,0.0551769719626035,0.0369116562038533,2.65562217831207,1.31388176705576,1.11803398874989,5.74881376501605,2.00199497449029,1.74,0.352093333333333,0.562,0.005,0,0,95.0118413672738,0.945020486532768
straightOncoming,training,101,repeated_e3_t3_y1,1,,0,1000,2,0.0203338968162712,0.130583793963852,1.19721892312401,0.0574307338552347,0.157270495005556,0.191581458267747,0.116941384248819,0.0812696701092371,0.29854018529765,0.0500963983677384,0.197219821831471,0.665816781261717,2.38040245224115,0.024406910004857,0.0804820895107285,0.178077829233165,0.666452752835589,0.367996113326622,3,0.0191973346467178,0.106223037207348,0.0546178568952306,0.0369114336697294,0.363117922524415,0.0592528574634887,1.11803398874989,5.59802853658041,2.00204834634362,1.6,0.350516666666667,0.552,0.005,0,0,95.0118413672738,0.49904166463353
straightOncoming,training,101,repeated_e3_t3_y3,1,,0,1000,2,0.0203362505641207,0.130585000710948,1.18164955617487,0.0574555242771434,0.114018936719546,0.121210164947105,0.117034149608672,0.0826536036002487,0.307463530938691,0.0501351942281214,0.197403192313175,0.339124186899792,0.921138369193815,0.024406910004857,0.0804820895107285,0.206313851427332,0.526510072226742,0.183030518579097,3,0.0191964847294469,0.100721019393624,0.0546519809383589,0.0369088493300692,0.322756810613385,0.0797474472273607,1.11803398874989,5.35147290334974,2.00215826863586,1.2,0.33611,0.538,0.005,0,0,95.0118413672738,0.436494550221663
straightOncoming,training,101,repeated_e3_t6_y0.1,1,,0,1000,2,0.030740213840601,0.104134463756482,1.39313078975375,0.0759252042485999,0.423450056987614,0.76847035113852,0.355963664407201,0.125500638270856,0.367134338512406,0.122973674451786,0.386840261310819,2.89588356415665,4.24074322589333,0.024406910004857,0.0804820895107285,1.395379344038,1.7182313906532,1.48835974110926,3,0.0297886537306285,0.389976784463247,0.118241028000416,0.111411495278701,2.67812606012127,1.31388176705576,1.11803398874989,7.9275741582145,8.93634315381931,1.2,0.334883333333333,0.485,0.005,0,0,95.0118413672738,1.13758012777905
straightOncoming,training,101,repeated_e3_t6_y1,1,,0,1000,2,0.0307403422426314,0.104133432139334,1.38266267952973,0.0759259523427167,0.197067229988899,0.217033783818316,0.355970005184427,0.125370774232559,0.357142117752765,0.12297446912752,0.386838403760475,0.677114857151914,1.78228166343987,0.024406910004857,0.0804820895107285,0.178077829233165,0.666452752835589,0.367996113326622,3,0.0297886524138232,0.187465867573257,0.117520450495706,0.111411557776932,0.566945345231227,0.0592528574634887,1.11803398874989,7.88356464226865,8.9365310142955,1.2,0.333213333333333,0.606,0.005,0,0,95.0118413672738,0.693567942321815
straightOncoming,training,101,repeated_e3_t6_y3,1,,0,1000,2,0.0307402283441877,0.104132850912665,1.3690756048121,0.0759240422873028,0.186258579716024,0.200777522738424,0.355967866884291,0.125457037854289,0.357146167097417,0.122974872957439,0.386837662061453,0.598977976873926,1.98880135012426,0.024406910004857,0.0804820895107285,0.206313851427332,0.526510072226742,0.183030518579097,3,0.0297886386792856,0.186662715318103,0.117544335510638,0.111411551618086,0.563981185085468,0.0797474472273607,1.11803398874989,7.79677987226296,8.93693028907899,0.88,0.34848,0.543,0.005,0,0,95.0118413672738,0.67811195452524
straightOncoming,training,101,repeated_e6_t1.5_y0.1,1,,0,1000,2,0.0518401733118601,0.175364828957622,1.14604385719854,0.0959413664533265,0.598865961797926,0.953256853301714,0.272702239274418,0.162982331586993,0.391536496910302,0.108209834087852,0.194355474267393,3.600409183099,6.03519577610714,0.0340419046015383,0.191697092768732,1.43941127161268,1.75201377243741,1.54453476593491,3,0.0383931966841974,0.510732867575633,0.153997819881841,0.0816075368551232,3.17092648092229,1.35813961056726,1.11803398874989,7.33904046805234,0.752262926630442,2.44,0.38092,0.835,0.005,0,0,95.0118413672738,1.56444823291239
straightOncoming,training,101,repeated_e6_t1.5_y1,1,,0,1000,2,0.0518092279110836,0.175358326121715,1.11769685640976,0.0959055725186808,0.351541743514281,0.405097845198007,0.272532946686645,0.170281573384511,0.389650585187303,0.108287228901397,0.19445911914999,1.41131898722694,3.98017526461224,0.0340419046015383,0.191697092768732,0.262620473671268,0.769608245642411,0.598976983036018,3,0.038358119689076,0.269553940487208,0.158167108700957,0.0816871702128978,0.919317525141118,0.123932668026288,1.11803398874989,7.10758038447259,0.752222569297552,1.16,0.373883333333333,0.83,0.005,0,0,95.0118413672738,1.14091922332525
straightOncoming,training,101,repeated_e6_t1.5_y3,1,,0,1000,2,0.0517171002941488,0.175339028463912,1.07813751320688,0.0957778431432354,0.29659412054013,0.294061896856601,0.272088873536593,0.171657453385991,0.389377229268819,0.108323174707654,0.194518606131957,0.91634444484616,2.36015574857635,0.0340419046015383,0.191697092768732,0.144695582710078,0.342343902107677,0.509406351032243,3,0.0382845210448177,0.249182760562638,0.158540113515891,0.0817125287933488,0.739507300585997,0.148793516592545,1.11803398874989,6.6662584842367,0.751374476373099,0.62,0.397753333333333,0.679,0.005,0,0,95.0118413672738,1.0437547986827
straightOncoming,training,101,repeated_e6_t3_y0.1,1,,0,1000,2,0.0203386055759213,0.13058168591854,1.47008471635289,0.057473735415777,0.443209070701001,0.795930239341046,0.117055460682229,0.139748158328214,0.407205763156595,0.0501608810396698,0.197559352352066,2.99440210928365,4.9025994285214,0.0340419046015383,0.191697092768732,1.43941127161268,1.75201377243741,1.54453476593491,3,0.0191966144771767,0.415906132548168,0.139162839455661,0.0369089108802743,2.79389347327212,1.35813961056726,1.11803398874989,8.73868614145287,2.00133106169782,1.6,0.332956666666667,0.563,0.005,0,0,95.0118413672738,1.08176279427237
straightOncoming,training,101,repeated_e6_t3_y1,1,,0,1000,2,0.0203385536801585,0.130582482914876,1.43932335772946,0.0574746802516806,0.227094003082107,0.26311449871404,0.11708384359499,0.140046888930339,0.397403529680066,0.0501642025512022,0.197568016404269,0.85278711989121,2.84251729215148,0.0340419046015383,0.191697092768732,0.262620473671268,0.769608245642411,0.598976983036018,3,0.0191963293563374,0.212151374519003,0.137522013758147,0.0369082977600643,0.654155432312664,0.123932668026288,1.11803398874989,8.5142947573142,2.00139770022219,1.24,0.351093333333333,0.637,0.005,0,0,95.0118413672738,0.654036738640504
straightOncoming,training,101,repeated_e6_t3_y3,1,,0,1000,2,0.0203421176631369,0.130583163862293,1.40000709856657,0.0575170129447896,0.201988955631529,0.202705926241123,0.117125578316598,0.14055492323419,0.397318963401876,0.0502071144353836,0.197779187387766,0.558054298334053,1.61648518109175,0.0340419046015383,0.191697092768732,0.144695582710078,0.342343902107677,0.509406351032243,3,0.0191956404354174,0.202821403313881,0.13758568047301,0.0369059317282812,0.572623587575692,0.148793516592545,1.11803398874989,8.08795608547468,2.00156875532541,0.8,0.320206666666667,0.559,0.005,0,0,95.0118413672738,0.596141882766559
straightOncoming,training,101,repeated_e6_t6_y0.1,1,,0,1000,2,0.0307407654640493,0.104112313879291,1.8712941688371,0.0759308653784973,0.449688444129195,0.791415292402769,0.35598810019749,0.170704123155919,0.57721220828723,0.122975443445714,0.386841424686189,2.94947977157104,4.5258231554435,0.0340419046015383,0.191697092768732,1.43941127161268,1.75201377243741,1.54453476593491,3,0.0297886706957804,0.440052526936573,0.169724453507627,0.111411440511161,2.81613078121112,1.35813961056726,1.11803398874989,11.8238982384607,8.92170369800557,1.16,0.33455,0.548,0.005,0,0,95.0118413672738,1.23871185526654
straightOncoming,training,101,repeated_e6_t6_y1,1,,0,1000,2,0.0307407903394458,0.104110950011181,1.83804339842599,0.0759299958103511,0.255951272457827,0.280136377800596,0.35599148827168,0.168774342722724,0.563633505532129,0.12297644815474,0.386839984076023,0.853635873870825,2.10242071989578,0.0340419046015383,0.191697092768732,0.262620473671268,0.769608245642411,0.598976983036018,3,0.029788671420873,0.259804348499343,0.167753730318763,0.111411517637093,0.783599220236529,0.123932668026288,1.11803398874989,11.6102338557666,8.92217022405055,1.16,0.327006666666667,0.542,0.005,0,0,95.0118413672738,0.81568376361407
straightOncoming,training,101,repeated_e6_t6_y3,1,,0,1000,2,0.0307405524532865,0.104112337142058,1.79678080463616,0.0759271974141092,0.24553566293116,0.247870263909492,0.355982949167765,0.168849657750296,0.56303950039627,0.122976145785893,0.386839094594617,0.692277507822618,2.01394949392502,0.0340419046015383,0.191697092768732,0.144695582710078,0.342343902107677,0.509406351032243,3,0.0297886569594884,0.253275650904164,0.167816972748439,0.111411525668737,0.727326989605659,0.148793516592545,1.11803398874989,11.2057155505215,8.92319360617393,0.88,0.341896666666667,0.553,0.005,0,0,95.0118413672738,0.78356034159798
straightOncoming,training,102,lmi_e1.5_t1.5_y0.1,1,,0,1000,2,0.0298280315192472,0.173116480129881,2.57004700770442,0.0615109928602638,0.528596547692711,0.872854809461539,0.329437937575563,0.247432311487477,0.783548907130925,0.162582108349649,0.479043353048944,3.20301155606954,4.96824486060545,0.0310350276242751,0.225887054898276,1.5366230493688,1.85411142450457,1.60223459488292,3,0.0299279460068966,0.535469984360208,0.268491181327782,0.171471704145128,3.10113565299986,1.45161420637009,1.11803398874989,14.5183737870608,7.97326026698826,1.52,0.32498,1.112,0.005,0,0,95.0118413672738,1.43374724938133
straightOncoming,training,102,lmi_e1.5_t1.5_y1,1,,0,1000,2,0.0298285454676771,0.173108240520529,2.49424510010208,0.0615107300269984,0.357031429977761,0.388269807285991,0.32931758792515,0.250857407209093,0.785393325116832,0.162579657464288,0.479070481435507,1.13350722877276,2.45981161336762,0.0310350276242751,0.225887054898276,0.341941642170256,0.960688415171888,0.579642062822115,3,0.0299286299974985,0.370203563751896,0.27105253889903,0.171473596986653,1.02401868073372,0.159499458850571,1.11803398874989,14.1856834537407,7.97407700223516,1.5,0.332576666666667,0.537,0.005,0,0,95.0118413672738,1.02670171484951
straightOncoming,training,102,lmi_e1.5_t1.5_y3,1,,0,1000,2,0.029829052240877,0.173106834075764,2.42926154074707,0.0615108163897137,0.342109442453509,0.342454963739347,0.329348424332531,0.251278170361209,0.784613476758402,0.162581322040414,0.479067183102721,0.888151268497138,2.32974990978846,0.0310350276242751,0.225887054898276,0.155363398641787,0.353995882720408,0.443256084718564,3,0.0299289047079803,0.363230932520958,0.271228359526521,0.171473816248442,0.934815955857533,0.117618836363227,1.11803398874989,13.6287295054198,7.97588907806509,1.44,0.30521,0.465,0.005,0,0,95.0118413672738,0.978477116830615
straightOncoming,training,102,lmi_e1.5_t3_y0.1,1,,0,1000,2,0.0628092155322758,0.152075617337618,2.82863772773947,0.12858100899086,1.00488647534141,1.21295750789276,2.37400433218757,0.750936994993218,1.81785402961713,0.713185764434628,1.78797688613544,3.64311834890589,8.22101338572872,0.0310350276242751,0.225887054898276,1.5366230493688,1.85411142450457,1.60223459488292,3,0.0635873157717411,1.02160790111927,0.78095454262895,0.742999245585456,3.55068306121461,1.45161420637009,1.11803398874989,20.5052181084069,34.4274471265196,5.98,0.335773333333333,0.569,0.005,0,0,95.0118413672738,2.85858981509037
straightOncoming,training,102,lmi_e1.5_t3_y1,1,,0,1000,2,0.0628097604806664,0.15206503684623,2.80453283115357,0.128572531480524,0.93566858595932,0.945629116095996,2.37391714835266,0.751867687626556,1.8297459777479,0.713183329156859,1.78797471739325,2.19225761243938,5.30909227737347,0.0310350276242751,0.225887054898276,0.341941642170256,0.960688415171888,0.579642062822115,3,0.0635873674173686,0.95425577602984,0.781769570154468,0.742995124026471,2.12308306208493,0.159499458850571,1.11803398874989,20.377196773153,34.429050328755,5.98,0.306133333333333,0.503,0.005,0,0,95.0118413672738,2.57028450254765
straightOncoming,training,102,lmi_e1.5_t3_y3,1,,0,1000,2,0.0628098622409346,0.152037467167833,2.77335729431585,0.128572389725637,0.936225417348971,0.93995583818079,2.37391529959546,0.752409659414577,1.83318365850932,0.713181970493709,1.78797018572136,2.14908334425014,5.59180081943791,0.0310350276242751,0.225887054898276,0.155363398641787,0.353995882720408,0.443256084718564,3,0.0635872381482776,0.953510456564155,0.782403795343605,0.742993718695001,2.09820760478119,0.117618836363227,1.11803398874989,20.1235314072793,34.4325306872206,5.98,0.33293,0.574,0.005,0,0,95.0118413672738,2.56273461008853
straightOncoming,training,102,lmi_e1.5_t6_y0.1,1,,0,1000,2,0.0907096500955389,0.156918351009722,4.29312898563454,0.209345741853951,2.63947741834051,2.72576597720623,13.9682262367039,1.85483950156555,5.37503511344545,1.85671766439169,5.15177816999177,7.6570854195696,19.3872284752638,0.0310350276242751,0.225887054898276,1.5366230493688,1.85411142450457,1.60223459488292,3,0.089083977801325,2.59494105126984,1.83776689389315,1.83378299827182,7.39500752286876,1.45161420637009,1.11803398874989,33.7773795954234,144.87657251951,Inf,0.316266666666667,0.505,0.005,0,0,95.0118413672738,6.14819258800041
straightOncoming,training,102,lmi_e1.5_t6_y1,1,,0,1000,2,0.0907088475515851,0.157032901068056,4.25931455646996,0.209333312309599,2.61281915648502,2.61588926659838,13.9654906317708,1.85363829517388,5.3173454597019,1.85661592561855,5.15201135897152,7.0830541714544,19.6959322254577,0.0310350276242751,0.225887054898276,0.341941642170256,0.960688415171888,0.579642062822115,3,0.0890848008668584,2.56999608145305,1.83551408162007,1.83365864548002,6.85771975598757,0.159499458850571,1.11803398874989,33.7386272349259,144.878026664328,Inf,0.324266666666667,0.506,0.005,0,0,95.0118413672738,6.03097590015448
straightOncoming,training,102,lmi_e1.5_t6_y3,1,,0,1000,2,0.0907068777942614,0.157186928766153,4.21834643732683,0.209328981075429,2.61334125832148,2.61460405895308,13.9645089211771,1.85459963599537,5.29535171740051,1.85658541394342,5.1520868504378,7.06455173774396,21.1458068383632,0.0310350276242751,0.225887054898276,0.155363398641787,0.353995882720408,0.443256084718564,3,0.0890850055295138,2.57039142171911,1.83641627110219,1.83364067308879,6.84941671406108,0.117618836363227,1.11803398874989,33.657695948457,144.881206161631,Inf,0.35919,0.51,0.005,0,0,95.0118413672738,6.02917839748214
straightOncoming,training,102,lmi_e3_t1.5_y0.1,1,,0,1000,2,0.0298268804971113,0.17311702261786,2.84167868249167,0.0615131386317261,0.854828871572938,1.15612794314769,0.329911280452191,0.543622205507984,1.52625449608929,0.16259110110225,0.478891717400387,3.90996976444007,7.86108541736614,0.0473390014621216,0.670793312692676,1.72161218538327,2.08545944689272,2.43552051295547,3,0.0299305625422371,0.875065637602636,0.586645748027436,0.171462522061019,3.74496587172011,1.62735315366228,1.11803398874989,21.6226349158251,7.9649111836921,5.94,0.311153333333333,0.557,0.005,0,0,95.0118413672738,2.16750716887509
straightOncoming,training,102,lmi_e3_t1.5_y1,1,,0,1000,2,0.0298306295586422,0.173098574535123,2.73696035501228,0.0615124014129758,0.741349646459022,0.775833043639777,0.329683291768708,0.549421924024472,1.51972514516595,0.162584141008951,0.478957616634663,2.09416227984262,5.57415877654572,0.0473390014621216,0.670793312692676,0.50334194732517,1.49059969389689,1.81943541617794,3,0.029929887279445,0.772564176833464,0.592682291076117,0.171466376800173,1.92833798585132,0.245927282892305,1.11803398874989,20.9114798490506,7.96574481763373,5.94,0.34395,0.54,0.005,0,0,95.0118413672738,1.81598259960389
straightOncoming,training,102,lmi_e3_t1.5_y3,1,,0,1000,2,0.0298330883511491,0.17309496997635,2.60759360093785,0.061512208368561,0.722798964074241,0.723483005010052,0.329626985698206,0.549932162818251,1.51972029689029,0.162581690523718,0.478978584660702,1.79569536431,4.93040785500023,0.0473390014621216,0.670793312692676,0.282682338143213,0.658061886191541,1.71386151792877,3,0.0299296932798331,0.765172993765771,0.593255287263146,0.171468161065289,1.84397906172867,0.276599451560631,1.11803398874989,19.7684994339478,7.96827848154422,5.94,0.31742,0.483,0.005,0,0,95.0118413672738,1.75733428200999
straightOncoming,training,102,lmi_e3_t3_y0.1,1,,0,1000,2,0.062810424748666,0.152284972139883,4.02780863902316,0.128575591599549,1.26878099482717,1.48032192771667,2.37416215372777,0.965547040014569,2.43231511163251,0.713187724417453,1.78793243695287,4.32149317908788,9.78404569705906,0.0473390014621216,0.670793312692676,1.72161218538327,2.08545944689272,2.43552051295547,3,0.0635859523338389,1.32850747766394,1.043419618093,0.742997508494393,4.20906828709366,1.62735315366228,1.11803398874989,30.7620749662342,34.3465507992592,Inf,0.33909,0.541,0.005,0,0,95.0118413672738,3.42349696333337
straightOncoming,training,102,lmi_e3_t3_y1,1,,0,1000,2,0.0628100575204753,0.152290328538136,3.87452289006833,0.128566549006659,1.20226308662887,1.21880309138117,2.37392890949647,0.972394596491166,2.4181885944992,0.713185348562367,1.78793906765391,2.82699147560246,6.8970170925995,0.0473390014621216,0.670793312692676,0.50334194732517,1.49059969389689,1.81943541617794,3,0.0635861818542673,1.27151280351883,1.0503950576068,0.742990781506593,2.77737789502103,0.245927282892305,1.11803398874989,30.243209270055,34.3468417331221,Inf,0.31794,0.591,0.005,0,0,95.0118413672738,3.13828806330758
straightOncoming,training,102,lmi_e3_t3_y3,1,,0,1000,2,0.0628089619217116,0.152271042477161,3.68957266613207,0.128567041776935,1.19177123376383,1.18759706296632,2.3737563361312,0.973781279912838,2.41687522086779,0.713185489334928,1.78793533019008,2.60956938389169,6.17830994882972,0.0473390014621216,0.670793312692676,0.282682338143213,0.658061886191541,1.71386151792877,3,0.0635859340505667,1.2656655585861,1.0517611997759,0.742988663163758,2.68520634808806,0.276599451560631,1.11803398874989,29.1536999717655,34.3476640449061,Inf,0.3159,0.535,0.005,0,0,95.0118413672738,3.09756605582113
straightOncoming,training,102,lmi_e3_t6_y0.1,1,,0,1000,2,0.090708849407198,0.158348864639466,4.86187765334776,0.209292781951061,2.7335079492972,2.83817880119883,13.9677931261254,1.91987243728704,5.69231578644563,1.85670754579688,5.15219884470723,8.02124828894564,21.2014544839545,0.0473390014621216,0.670793312692676,1.72161218538327,2.08545944689272,2.43552051295547,3,0.0890869292672922,2.67202050793722,1.89204891702251,1.83378217967239,7.68638312555886,1.62735315366228,1.11803398874989,44.1345248380171,144.580544071502,Inf,0.32948,0.525,0.005,0,0,95.0118413672738,6.35108302643518
straightOncoming,training,102,lmi_e3_t6_y1,1,,0,1000,2,0.0907076536964499,0.158241811131642,4.80196773354441,0.209287277694861,2.70186289937233,2.70940522812782,13.9645517936525,1.91852771862158,5.62965627722949,1.85660509505081,5.15231443642877,7.35081325765866,20.0399005194278,0.0473390014621216,0.670793312692676,0.50334194732517,1.49059969389689,1.81943541617794,3,0.0890861303123486,2.64563944829962,1.88934024244331,1.83365555494838,7.08216163223863,0.245927282892305,1.11803398874989,43.8316021777101,144.583228012651,Inf,0.302973333333333,0.441,0.005,0,0,95.0118413672738,6.2142946257394
straightOncoming,training,102,lmi_e3_t6_y3,1,,0,1000,2,0.0907049797557707,0.157884358659577,4.72347329738423,0.209291876167575,2.69849579672385,2.69874682228766,13.9630914067223,1.91833567935799,5.59380680513618,1.85658422011051,5.15231998136971,7.29145937975621,19.5103168177572,0.0473390014621216,0.670793312692676,0.282682338143213,0.658061886191541,1.71386151792877,3,0.0890850747845426,2.64645866158995,1.88837879187391,1.83365534866522,7.10341761815354,0.276599451560631,1.11803398874989,43.1907789000225,144.58924349552,Inf,0.329323333333333,0.55,0.005,0,0,95.0118413672738,6.20201303222492
straightOncoming,training,102,lmi_e6_t1.5_y0.1,1,,0,1000,2,0.0298310739128274,0.173160852479339,4.26603406978178,0.0615130035160302,2.63667819088255,2.79014741825641,0.330075926659441,1.57600566570764,4.74485280854224,0.162605657535329,0.478915365147422,8.92636688816925,24.5420746488294,0.0899867145709789,2.58429286179875,2.04767098695129,2.38839877094549,7.9014077775375,3,0.0299320971283062,2.45205547367131,1.53604224313072,0.171467720677718,8.12317996768856,1.95659152648531,1.11803398874989,38.6015820065551,7.98426358846205,Inf,0.304103333333333,0.495,0.005,0,0,95.0118413672738,5.2355954481774
straightOncoming,training,102,lmi_e6_t1.5_y1,1,,0,1000,2,0.0298301822685132,0.17316756730395,4.12179297997454,0.0615126677721009,2.59425998972636,2.62706038895339,0.329938016698987,1.60701415283029,4.7363754876984,0.162597648494302,0.478929096302053,8.00547094917287,22.2963063367994,0.0899867145709789,2.58429286179875,0.987386989496798,2.17632357406646,7.74560487745282,3,0.0299324100649123,2.40547535914639,1.56439844493431,0.171468752626964,7.08649422805611,0.67068208962795,1.11803398874989,37.7119086592699,7.9951659229808,Inf,0.32968,0.539,0.005,0,0,95.0118413672738,5.11342431818029
straightOncoming,training,102,lmi_e6_t1.5_y3,1,,0,1000,2,0.0298285868800809,0.173171001405716,3.98511169066796,0.0615124791323381,2.57738160062845,2.58470922884408,0.329810243147322,1.62115783442579,4.69620930326423,0.162589771412892,0.47894228667386,7.71960886804235,20.3248503194015,0.0899867145709789,2.58429286179875,0.802087736247919,2.71415247027253,7.68680817335559,3,0.0299328806763448,2.39422358154435,1.56765281901067,0.171470121345581,6.96924662718492,0.745868516882846,1.11803398874989,36.3595284311598,8.00823743458582,Inf,0.30629,0.507,0.005,0,0,95.0118413672738,5.08452331126085
straightOncoming,training,102,lmi_e6_t3_y0.1,1,,0,1000,2,0.0628030247995991,0.152104043643856,4.81678546317119,0.128562229035861,2.73888974062787,2.88199710297536,2.37339887968931,1.72832808370189,4.72673665570852,0.713166755722198,1.78772760044515,8.93248715860302,22.4284767145324,0.0899867145709789,2.58429286179875,2.04767098695129,2.38839877094549,7.9014077775375,3,0.0635794072872822,2.56607491155601,1.69910280205412,0.742984646280565,8.14521231815823,1.95659152648531,1.11803398874989,47.3832984005206,34.3337090482527,Inf,0.332823333333333,0.622,0.005,0,0,95.0118413672738,5.87118384712038
straightOncoming,training,102,lmi_e6_t3_y1,1,,0,1000,2,0.0628030030141715,0.152081982852845,4.69248167238657,0.128557383189748,2.70024968350574,2.72916263814355,2.37323624789764,1.75764616319325,4.72058388145007,0.713168257183111,1.78779231273789,8.02287236023342,20.1529093909854,0.0899867145709789,2.58429286179875,0.987386989496798,2.17632357406646,7.74560487745282,3,0.0635795103435729,2.52478933298281,1.72542172160125,0.742985229130281,7.13494393310191,0.67068208962795,1.11803398874989,46.3884614602495,34.3377600392267,Inf,0.337363333333333,0.573,0.005,0,0,95.0118413672738,5.7478968285749
straightOncoming,training,102,lmi_e6_t3_y3,1,,0,1000,2,0.0628019839358973,0.152061888940919,4.56004835920501,0.128561320778751,2.68640348641219,2.69345204180474,2.37307918824125,1.77226953767415,4.69607391533703,0.713169426347385,1.78783138121878,7.74799029224893,18.7850858719633,0.0899867145709789,2.58429286179875,0.802087736247919,2.71415247027253,7.68680817335559,3,0.0635786890866567,2.51510192922016,1.72905166870604,0.742985306498744,7.02134946885625,0.745868516882846,1.11803398874989,44.057503622148,34.3511218492058,Inf,0.319206666666667,0.496,0.005,0,0,95.0118413672738,5.72215697315706
straightOncoming,training,102,lmi_e6_t6_y0.1,1,,0,1000,2,0.0906861017390897,0.157689605579408,7.08007943200291,0.209547633631817,3.70797957153837,3.81480862489853,13.9498941481863,2.5157242674033,7.57305138085977,1.85665178740123,5.14893572527818,11.356752086938,30.6095416364174,0.0899867145709789,2.58429286179875,2.04767098695129,2.38839877094549,7.9014077775375,3,0.0890704599049171,3.43456842148264,2.37621373506481,1.83384780618551,10.2791006740396,1.95659152648531,1.11803398874989,65.2706849495527,145.464420361204,Inf,0.34403,0.578,0.005,0,0,95.0118413672738,8.20965996958508
straightOncoming,training,102,lmi_e6_t6_y1,1,,0,1000,2,0.0906841972708518,0.157684893066362,6.97134458089943,0.209530990880512,3.68078867613926,3.69858661387675,13.9475717615878,2.53757297798171,7.68110433019003,1.8565547865656,5.14883601166586,10.6474974089647,28.2985128170639,0.0899867145709789,2.58429286179875,0.987386989496798,2.17632357406646,7.74560487745282,3,0.0890674823110527,3.40621537664219,2.38746258591956,1.83372639457116,9.57963458575148,0.67068208962795,1.11803398874989,64.6538241891144,145.970169058314,Inf,0.321443333333333,0.501,0.005,0,0,95.0118413672738,8.11148741046488
straightOncoming,training,102,lmi_e6_t6_y3,1,,0,1000,2,0.0906790812450252,0.157586001815306,6.81032374630136,0.209543588494349,3.66621027118352,3.66346408794415,13.9460610795282,2.55719096864954,7.73132682260447,1.85649341446938,5.14846578627045,10.3120047724877,25.8549294665553,0.0899867145709789,2.58429286179875,0.802087736247919,2.71415247027253,7.68680817335559,3,0.0890672902697601,3.39564290740242,2.3903710774914,1.83370247959323,9.45558537901536,0.745868516882846,1.11803398874989,63.2178297946878,145.196127542113,Inf,0.331486666666667,0.533,0.005,0,0,95.0118413672738,8.08357370424687
straightOncoming,training,102,repeated_e1.5_t1.5_y0.1,1,,0,1000,2,0.0470282628486768,0.175545949866236,0.759366977024146,0.0838317753161114,0.608501284220094,0.970970394978939,0.246233872881702,0.112046436666637,0.232365537092127,0.107466063712701,0.199333017206342,3.69762519169136,5.36244045910671,0.0301051481072739,0.0934615606545962,1.42983310296658,1.79694378273098,1.71475247053402,3,0.0393189524918196,0.49721921786091,0.104425256336214,0.0871958791472872,3.17347966727269,1.33053751597612,1.11803398874989,2.75099503624241,0.61818915935627,1.2,0.340876666666667,0.548,0.005,0,0,95.0118413672738,1.43390054015831
straightOncoming,training,102,repeated_e1.5_t1.5_y1,1,,0,1000,2,0.047036623802028,0.175547588811612,0.756086690341105,0.0838409181343191,0.362754284896592,0.46041759590451,0.246271471622075,0.126047659906045,0.255274690881681,0.107495241926436,0.199365438068597,1.69686153739284,4.31164006958062,0.0301051481072739,0.0934615606545962,0.444451818617546,1.48569626670914,0.684922438075853,3,0.0393251660502611,0.202668161470234,0.117084120706903,0.0872353533166721,0.65783054851942,0.12372257791657,1.11803398874989,2.66474046617769,0.618300057642481,1.2,0.313113333333333,0.456,0.005,0,0,95.0118413672738,1.06183386531094
straightOncoming,training,102,repeated_e1.5_t1.5_y3,1,,0,1000,2,0.0470263679075514,0.175545925246173,0.751211970747353,0.0838283832054831,0.243792264369438,0.227710107876984,0.246208442769806,0.129145702903695,0.26043578703133,0.107542226482099,0.199434282416384,0.717857062954587,2.37864296410279,0.0301051481072739,0.0934615606545962,0.289055977868771,0.52052687633804,0.211787715728315,3,0.0393175526911187,0.157821356592967,0.118214792506646,0.0872843799048356,0.255531371238576,0.268035770200103,1.11803398874989,2.53965457555326,0.61826792830076,1.2,0.35301,0.497,0.005,0,0,95.0118413672738,0.872126497473821
straightOncoming,training,102,repeated_e1.5_t3_y0.1,1,,0,1000,2,0.0213780053545834,0.131595563659478,0.878315988044505,0.0455208386843129,0.467848490083233,0.836424835329087,0.131823522380847,0.0585211520021239,0.163367851184123,0.0585328626041712,0.160944491071721,3.19041358438868,4.44046041027875,0.0301051481072739,0.0934615606545962,1.42983310296658,1.79694378273098,1.71475247053402,3,0.0208794674965069,0.406932898246791,0.051401235647355,0.0427602634427645,2.8586848840004,1.33053751597612,1.11803398874989,3.81064578302707,2.16647335290715,0.86,0.33115,0.633,0.005,0,0,95.0118413672738,0.968905074427818
straightOncoming,training,102,repeated_e1.5_t3_y1,1,,0,1000,2,0.0213774656365615,0.131595514133588,0.875260918324521,0.0455211625080708,0.220672908388433,0.325574072888527,0.131784816949532,0.0653097080355547,0.18086981985577,0.0585150221605116,0.160863783469534,1.21950134920444,3.59997862216779,0.0301051481072739,0.0934615606545962,0.444451818617546,1.48569626670914,0.684922438075853,3,0.0208794023649642,0.113448653679263,0.0563463840211614,0.0427599550744144,0.431616823210116,0.12372257791657,1.11803398874989,3.78209816545131,2.16647710649309,0.84,0.35216,0.5,0.005,0,0,95.0118413672738,0.588294342277612
straightOncoming,training,102,repeated_e1.5_t3_y3,1,,0,1000,2,0.0213777510960603,0.131596055293906,0.871145095092035,0.0455211800758943,0.119193005311346,0.145946044149722,0.13180811983668,0.0666513366204409,0.183699357845921,0.0585188352829408,0.1608694598536,0.496405587069007,1.66401747193358,0.0301051481072739,0.0934615606545962,0.289055977868771,0.52052687633804,0.211787715728315,3,0.0208795695442794,0.0907752768786297,0.0566784400955192,0.042760256084255,0.404284200281597,0.268035770200103,1.11803398874989,3.74508655321774,2.16648872110534,0.86,0.31901,0.488,0.005,0,0,95.0118413672738,0.446361301615286
straightOncoming,training,102,repeated_e1.5_t6_y0.1,1,,0,1000,2,0.0353854074399169,0.10925137275955,1.04969397839232,0.0720022855666131,0.488795783765692,0.840464215845468,0.407142334870797,0.15253060421571,0.373043925306746,0.147276838045947,0.4238068998404,3.15762982793417,5.17964448905715,0.0301051481072739,0.0934615606545962,1.42983310296658,1.79694378273098,1.71475247053402,3,0.0346938064031321,0.450922091926096,0.149368472794472,0.149298120267432,2.90693118213389,1.33053751597612,1.11803398874989,6.22427018825325,9.47254358964598,0.46,0.32471,0.501,0.005,0,0,95.0118413672738,1.29044124841742
straightOncoming,training,102,repeated_e1.5_t6_y1,1,,0,1000,2,0.035385506718051,0.109251712448439,1.04902069631862,0.0720009454195369,0.271141742919198,0.349851851032579,0.407140586293323,0.153620140204525,0.360499876675293,0.147276772694085,0.423807206830659,1.19986499395499,3.36916137672114,0.0301051481072739,0.0934615606545962,0.444451818617546,1.48569626670914,0.684922438075853,3,0.0346938110186873,0.222079549946895,0.149833443477007,0.149297973210543,0.665643622025379,0.12372257791657,1.11803398874989,6.22545623239307,9.47244145570282,0.46,0.345063333333333,0.611,0.005,0,0,95.0118413672738,0.901068346380559
straightOncoming,training,102,repeated_e1.5_t6_y3,1,,0,1000,2,0.0353855733807969,0.109251923078913,1.04741261805407,0.0720009772410588,0.215375999860775,0.229162645489567,0.407140875114849,0.153483400132207,0.368842882048199,0.147276822693444,0.423807569715137,0.650321935763969,1.63249764985737,0.0301051481072739,0.0934615606545962,0.289055977868771,0.52052687633804,0.211787715728315,3,0.0346938009007982,0.209701740791779,0.149905759178305,0.149297991938136,0.632330172378269,0.268035770200103,1.11803398874989,6.22602277572429,9.4722455448253,0.46,0.307113333333333,0.474,0.005,0,0,95.0118413672738,0.790886921225178
straightOncoming,training,102,repeated_e3_t1.5_y0.1,1,,0,1000,2,0.0470671409784401,0.175551860886045,0.957778328557219,0.083892192164875,0.558545941384746,0.913153938859513,0.246422487134003,0.125275710274929,0.271320554485319,0.107609903260855,0.199545240141134,3.47016870060644,5.40914073294186,0.0253439147854161,0.0867252737036852,1.41427366630492,1.73508482564115,1.51106961052877,3,0.0393468565317071,0.438539245952585,0.0967085745749252,0.0873149095768723,2.95290919492944,1.33290217477196,1.11803398874989,4.29577753736069,0.618746330480175,1.82,0.351946666666667,0.53,0.005,0,0,95.0118413672738,1.41525657045555
straightOncoming,training,102,repeated_e3_t1.5_y1,1,,0,1000,2,0.0470592105680593,0.175550792868814,0.944642955509185,0.0838821608986356,0.289178290865912,0.327954856911223,0.24637007237958,0.13788333502486,0.287170806310522,0.107673118362255,0.199631046483425,1.14358935418302,3.26988665016095,0.0253439147854161,0.0867252737036852,0.180031520462138,0.710126618678109,0.401612865239767,3,0.039341305790452,0.16464875818961,0.104806952394561,0.0873840181381522,0.53218852352913,0.0579084817225477,1.11803398874989,4.08698666721009,0.618748017026831,0.94,0.34219,0.524,0.005,0,0,95.0118413672738,0.975076646566917
straightOncoming,training,102,repeated_e3_t1.5_y3,1,,0,1000,2,0.0470199996438214,0.175544364945482,0.928611589176661,0.083835578234801,0.212249115079875,0.182698149270442,0.246167232517843,0.140151938755805,0.288029020607393,0.107729339058584,0.199717906910884,0.449897448270689,0.959624336415238,0.0253439147854161,0.0867252737036852,0.230766352751057,0.583487260642117,0.166578162559756,3,0.0393146304368074,0.152501223012704,0.105033580395518,0.0874330453470633,0.410867619462213,0.0552087140003096,1.11803398874989,3.82508349190594,0.618375610385254,0.94,0.335793333333333,0.503,0.005,0,0,95.0118413672738,0.840483363603963
straightOncoming,training,102,repeated_e3_t3_y0.1,1,,0,1000,2,0.0213762157805907,0.131580596553651,1.2193024226096,0.0455209489558418,0.422558460933877,0.781377394452013,0.131668900971166,0.0901023567235453,0.201825440403095,0.0585266320879884,0.160918735426833,2.96995118106173,4.65104190868079,0.0253439147854161,0.0867252737036852,1.41427366630492,1.73508482564115,1.51106961052877,3,0.0208786227328578,0.356397761660219,0.0709890288852827,0.0427601071466152,2.64947779435567,1.33290217477196,1.11803398874989,5.77351184510574,2.16538463782901,1.82,0.362056666666667,0.534,0.005,0,0,95.0118413672738,0.987957107465344
straightOncoming,training,102,repeated_e3_t3_y1,1,,0,1000,2,0.0213762265880326,0.131582054127283,1.20514207658537,0.0455212314647909,0.171176727487537,0.20565110573398,0.131673095712447,0.0960301945142488,0.219821525425177,0.0585196286735747,0.160875428853,0.697822566874024,2.54566148171705,0.0253439147854161,0.0867252737036852,0.180031520462138,0.710126618678109,0.401612865239767,3,0.0208787606818835,0.10722389567512,0.0712315934889097,0.0427602153115739,0.320153252727661,0.0579084817225477,1.11803398874989,5.64880891347148,2.16545687500703,1.5,0.319833333333333,0.522,0.005,0,0,95.0118413672738,0.545387168283629
straightOncoming,training,102,repeated_e3_t3_y3,1,,0,1000,2,0.0213773615030478,0.131585141464969,1.18939213110723,0.045521249925271,0.124590508855401,0.132473983997451,0.131760435265301,0.0973595820032067,0.228701395073497,0.0585574046594849,0.161026095459256,0.343814588550794,0.894495505015987,0.0253439147854161,0.0867252737036852,0.230766352751057,0.583487260642117,0.166578162559756,3,0.0208791101929467,0.103978394493293,0.0712581418105886,0.0427613127448683,0.285907874616394,0.0552087140003096,1.11803398874989,5.43817772365845,2.16560382840799,0.88,0.350183333333333,0.508,0.005,0,0,95.0118413672738,0.47725569674705
straightOncoming,training,102,repeated_e3_t6_y0.1,1,,0,1000,2,0.0353856089436076,0.109230315796065,1.40772286721786,0.0720021942398572,0.44215973468623,0.784087071169506,0.407148421348527,0.157930782636058,0.405937490255262,0.147276983672397,0.423805452745331,2.93560831790987,4.85933304180143,0.0253439147854161,0.0867252737036852,1.41427366630492,1.73508482564115,1.51106961052877,3,0.0346937876272671,0.405877037148051,0.157833649027897,0.149297975848129,2.70131480711759,1.33290217477196,1.11803398874989,7.98009896168564,9.46260509257376,1.2,0.322263333333333,0.513,0.005,0,0,95.0118413672738,1.25683931829017
straightOncoming,training,102,repeated_e3_t6_y1,1,,0,1000,2,0.0353857577036517,0.109231746358486,1.39742722235309,0.0720009803377498,0.23533699782394,0.25457307821667,0.407147648012393,0.159481231663821,0.4249966682573,0.147276948726731,0.423806116363536,0.758979990619904,2.05781715743407,0.0253439147854161,0.0867252737036852,0.180031520462138,0.710126618678109,0.401612865239767,3,0.0346937878340217,0.218852797943763,0.157310449372539,0.149297845200187,0.592032563296214,0.0579084817225477,1.11803398874989,7.92649032739059,9.46282715559516,1.2,0.34271,0.479,0.005,0,0,95.0118413672738,0.82461603848814
straightOncoming,training,102,repeated_e3_t6_y3,1,,0,1000,2,0.0353857886708257,0.109233534157527,1.3840142316291,0.0720009950866044,0.221196107249274,0.233991043894854,0.407147691075462,0.159760378931617,0.427364603031679,0.147276985958744,0.42380635924448,0.653459650251263,1.72541463288761,0.0253439147854161,0.0867252737036852,0.230766352751057,0.583487260642117,0.166578162559756,3,0.0346937861738934,0.217001092576158,0.157366625980375,0.149297864396555,0.570717037864156,0.0552087140003096,1.11803398874989,7.82949457991905,9.46329902434931,0.88,0.35832,0.522,0.005,0,0,95.0118413672738,0.804070574621742
straightOncoming,training,102,repeated_e6_t1.5_y0.1,1,,0,1000,2,0.047065129615189,0.175550688460132,1.14703542699823,0.083893631338738,0.563800451693964,0.922989087839668,0.246413973524912,0.17019931083053,0.421436701823202,0.107642248371952,0.199587553473179,3.47846550674861,5.41403306204225,0.0332021967066473,0.182343316300583,1.45828362793058,1.76211823086364,1.5212536223109,3,0.039346247982717,0.483129530120274,0.161910290275238,0.0873312591832987,3.08220918242895,1.37800418138754,1.11803398874989,7.00103057892445,0.618747619950257,2.4,0.30608,0.435,0.005,0,0,95.0118413672738,1.50674301916267
straightOncoming,training,102,repeated_e6_t1.5_y1,1,,0,1000,2,0.0470425248571168,0.175548016890268,1.11941979453184,0.0838663829676459,0.317151974351123,0.367063322121912,0.246300338382269,0.178518239921214,0.445093535426976,0.107698964831312,0.199664584417388,1.23119548907022,3.19280238384999,0.0332021967066473,0.182343316300583,0.253574074983684,0.73732102141401,0.529438493883021,3,0.0393324234809477,0.246341287454588,0.167756748217757,0.0873923788918186,0.785366127783763,0.129015665241593,1.11803398874989,6.78256234733871,0.618511249432815,1.82,0.35775,0.555,0.005,0,0,95.0118413672738,1.07370082622764
straightOncoming,training,102,repeated_e6_t1.5_y3,1,,0,1000,2,0.0469964806087796,0.175541496604294,1.08140995011897,0.0838109291184875,0.265027821196889,0.260684450009317,0.246075999613594,0.179558686989302,0.447418231643422,0.107733104970529,0.199718435315837,0.725616711298366,1.99729336351891,0.0332021967066473,0.182343316300583,0.138912316059635,0.3639586825004,0.438646176290548,3,0.0393026307736666,0.231825201026934,0.168051894908673,0.0874227979638789,0.628199137803493,0.0924133054605871,1.11803398874989,6.36842134805089,0.617961601688096,0.66,0.31895,0.516,0.005,0,0,95.0118413672738,0.974205522326074
straightOncoming,training,102,repeated_e6_t3_y0.1,1,,0,1000,2,0.0213779881550683,0.131569759099003,1.47948687236301,0.0455209839161025,0.441420866844886,0.79777589184562,0.1317909604366,0.155680058313084,0.419004621653885,0.0585665060917798,0.161094640225858,2.99276408188731,4.50341684855763,0.0332021967066473,0.182343316300583,1.45828362793058,1.76211823086364,1.5212536223109,3,0.0208790018318647,0.412381366210679,0.159595069938196,0.0427609698779706,2.78379707543503,1.37800418138754,1.11803398874989,8.46991895889041,2.16438678466303,1.84,0.344156666666667,0.545,0.005,0,0,95.0118413672738,1.12369281455431
straightOncoming,training,102,repeated_e6_t3_y1,1,,0,1000,2,0.0213779653881676,0.131573228302003,1.44892275954851,0.0455212713640091,0.228284156134092,0.261304421224156,0.131794187963419,0.158739646578963,0.424910741378953,0.0585679927083639,0.161090716495277,0.794861299561875,2.33952429555496,0.0332021967066473,0.182343316300583,0.253574074983684,0.73732102141401,0.529438493883021,3,0.0208791180261621,0.212957159045698,0.160674242882287,0.0427612246063717,0.58058610601971,0.129015665241593,1.11803398874989,8.2523285919292,2.16449722015758,1.22,0.35275,0.491,0.005,0,0,95.0118413672738,0.690231206951977
straightOncoming,training,102,repeated_e6_t3_y3,1,,0,1000,2,0.0213786714149846,0.131579584457268,1.41012992514981,0.0455213038072418,0.205998042816563,0.206736696842559,0.131851595703039,0.159176466053251,0.425090212262882,0.0586101140965013,0.161268483523553,0.504366932799205,1.34522791491704,0.0332021967066473,0.182343316300583,0.138912316059635,0.3639586825004,0.438646176290548,3,0.020879331449717,0.208419651803913,0.160769153709979,0.0427622784325658,0.513890381636355,0.0924133054605871,1.11803398874989,7.85226972408789,2.16475609747717,0.82,0.296953333333333,0.336,0.005,0,0,95.0118413672738,0.633013032816188
straightOncoming,training,102,repeated_e6_t6_y0.1,1,,0,1000,2,0.0353860672556145,0.10920379638185,1.89179989242049,0.0720023077348579,0.469035128809298,0.805345171497363,0.40716102344997,0.211800855631784,0.590684236963773,0.147276984769103,0.423807157602926,2.96988826013903,4.69701745419206,0.0332021967066473,0.182343316300583,1.45828362793058,1.76211823086364,1.5212536223109,3,0.0346937843047205,0.463259322383598,0.222349252667002,0.149298057300789,2.84083887279573,1.37800418138754,1.11803398874989,11.7304886715993,9.44468119342288,1.82,0.296223333333333,0.329,0.005,0,0,95.0118413672738,1.37144003584752
straightOncoming,training,102,repeated_e6_t6_y1,1,,0,1000,2,0.0353861713888537,0.10920496655216,1.85895942339353,0.0720010479789505,0.293255661952999,0.31288266515473,0.407158614443939,0.21335141630321,0.603185160062075,0.14727694807108,0.423807874630409,0.874911770995927,2.10190157217256,0.0332021967066473,0.182343316300583,0.253574074983684,0.73732102141401,0.529438493883021,3,0.0346937870602492,0.298179908848037,0.223078301293932,0.149297928655426,0.794913165885678,0.129015665241593,1.11803398874989,11.5286193779484,9.4452759348505,1.08,0.29715,0.347,0.005,0,0,95.0118413672738,0.955546900694143
straightOncoming,training,102,repeated_e6_t6_y3,1,,0,1000,2,0.0353860545312634,0.109208542639813,1.81779470010605,0.0720010235093508,0.286424324526488,0.289538878291139,0.407154907024444,0.21359852665691,0.603447978192358,0.147276964952014,0.423807819398558,0.746052732686331,2.22827422075223,0.0332021967066473,0.182343316300583,0.138912316059635,0.3639586825004,0.438646176290548,3,0.0346937846894157,0.295127712404601,0.22321719256654,0.149297932504298,0.748878887862034,0.0924133054605871,1.11803398874989,11.1476250954057,9.44657072965343,0.9,0.297393333333333,0.358,0.005,0,0,95.0118413672738,0.930268145163719
circularCrossing,training,101,lmi_e1.5_t1.5_y0.1,1,,0,1000,2,0.0282047596859333,0.167782126787515,1.95577883110273,0.0618733473185333,0.493623954861196,0.853811562252436,0.289833682934629,0.227783110518661,0.770995928027805,0.136044494088221,0.383576397363292,3.14027058922168,4.75567446812498,0.0319417008640154,0.231440506094749,1.56354633590056,1.86084693759902,1.60009602794947,3,0.029029702856046,0.495589687794469,0.242750535283726,0.136320994222518,3.0473113113618,1.51020934986188,1.11803398874989,14.2399411377639,7.5074524764013,5.12,0.388606666666667,0.886,0.005,0,0,90,1.36566793574099
circularCrossing,training,101,lmi_e1.5_t1.5_y1,1,,0,1000,2,0.028172679800475,0.167757831888998,2.11212444746793,0.0617222989977685,1.26198449772124,2.48702955825651,0.292630221173051,0.234079208215647,0.632893335186195,0.136106483363191,0.384324360566776,9.44969392302099,21.4002938146724,0.0319417008640154,0.231440506094749,4.76107824500818,10.6973911572131,4.71667854911168,3,0.0290450560751568,0.707470338915083,0.239758223370134,0.136350829434567,4.94825656557903,2.48541040236826,1.11803398874989,13.2519374388469,7.51243119250412,3.72,0.383193333333333,0.515,0.005,0,0,90,2.63982399904024
circularCrossing,training,101,lmi_e1.5_t1.5_y3,1,,0,1000,2,0.0281562536971684,0.167820715346009,2.79546338563024,0.0619490053897434,0.760905815919875,1.45418258548834,0.294907287563639,0.212158886318676,0.757236224334269,0.13625937280508,0.385290089318413,5.51532860031712,14.0486876674973,0.0319417008640154,0.231440506094749,2.76852118007991,7.30803228042175,2.73514579376689,3,0.0290582138278875,0.653796476782479,0.225986790330736,0.136411857084775,4.42857158926333,2.14959145487442,1.11803398874989,16.8746248349498,7.52410422029218,5.92,0.314726666666667,0.579,0.005,0,0,90,1.80894602967246
circularCrossing,training,101,lmi_e1.5_t3_y0.1,1,,0,1000,2,0.0455257512764321,0.139361996408827,2.21380033603522,0.125315690663203,0.793938974232889,1.05889549004134,1.80168612857398,0.45930578755561,1.37544334734405,0.430027944175476,1.62046392429403,3.65243462161014,9.01056693316858,0.0319417008640154,0.231440506094749,1.56354633590056,1.86084693759902,1.60009602794947,3,0.0429394643521694,0.733875814484726,0.416975242065745,0.370953582177243,3.429412428516,1.51020934986188,1.11803398874989,19.7826522941207,33.1022480899517,5.72,0.37132,0.531,0.005,0,0,90,2.10435601219757
circularCrossing,training,101,lmi_e1.5_t3_y1,1,,0,1000,2,0.0455186068217531,0.139337997613395,2.26255847737004,0.125208221465254,1.43079571771956,2.58898484620787,1.80061847338308,0.460926660892263,1.48934448817285,0.430038227608677,1.62062820258177,9.74501369708181,26.1053779754458,0.0319417008640154,0.231440506094749,4.76107824500818,10.6973911572131,4.71667854911168,3,0.0429388538588449,0.88813359400946,0.415116289602248,0.3709451059224,5.19030344054575,2.48541040236826,1.11803398874989,19.3115188767225,33.1383982206633,5.44,0.346173333333333,0.541,0.005,0,0,90,3.32604212941842
circularCrossing,training,101,lmi_e1.5_t3_y3,1,,0,1000,2,0.0455137833998282,0.139326430350789,2.86544655821943,0.125120589540142,0.99858965736571,1.59641298039015,1.80025565327999,0.466352125165346,1.38698776317266,0.430042533200312,1.62060767609496,5.87885753902155,15.1941029079681,0.0319417008640154,0.231440506094749,2.76852118007991,7.30803228042175,2.73514579376689,3,0.0429392136828424,0.86069329665096,0.429358637475634,0.370958037116948,4.71715916479152,2.14959145487442,1.11803398874989,18.5034352878088,33.2180247391928,5.92,0.320146666666667,0.54,0.005,0,0,90,2.56361359213328
circularCrossing,training,101,lmi_e1.5_t6_y0.1,1,,0,1000,2,0.0923247588071456,0.157153399495253,3.84894238035428,0.221626565824338,2.69513138560523,2.77605185453953,14.2922514010673,2.06063022109095,5.30275968330952,2.04123628198224,5.48779311333805,7.31879937607331,22.4103915535213,0.0319417008640154,0.231440506094749,1.56354633590056,1.86084693759902,1.60009602794947,3,0.0857068435503631,2.58559894265326,1.78085566064199,1.71816803642674,7.78246070351816,1.51020934986188,1.11803398874989,34.3817358289628,150.365578070069,6,0.364456666666667,0.66,0.005,0,0,90,6.50826790546802
circularCrossing,training,101,lmi_e1.5_t6_y1,1,,0,1000,2,0.0923099168348844,0.157182760606073,3.80881984387386,0.221246657055584,2.91634998840523,3.59725537535647,14.3190750611953,2.01885719423854,5.40312856164432,2.04195327256363,5.49235279101476,11.7852209466094,32.8907691063312,0.0319417008640154,0.231440506094749,4.76107824500818,10.6973911572131,4.71667854911168,3,0.0857015811201599,2.63998945752015,1.7570817883062,1.718560246971,8.96723794990814,2.48541040236826,1.11803398874989,34.1747604019683,150.452963999609,Inf,0.365713333333333,0.501,0.005,0,0,90,7.31785774614781
circularCrossing,training,101,lmi_e1.5_t6_y3,1,,0,1000,2,0.0923091770832456,0.157327111644288,4.24522202505931,0.221525507831018,2.75513700890903,3.01511709122162,14.2986009889647,2.05120606159154,5.27882197233937,2.04147677074161,5.48826962162977,8.6887370810593,26.5758367466022,0.0319417008640154,0.231440506094749,2.76852118007991,7.30803228042175,2.73514579376689,3,0.0857008727146445,2.62827559081512,1.77851804871083,1.71837311062992,8.48480652192124,2.14959145487442,1.11803398874989,33.7819391004246,150.647552686967,Inf,0.336193333333333,0.531,0.005,0,0,90,6.76325131022739
circularCrossing,training,101,lmi_e3_t1.5_y0.1,1,,0,1000,2,0.0282178136764075,0.167676239123808,2.34087750453531,0.0619043405364149,0.889243315044182,1.20983934137585,0.289919020873154,0.575253470985467,1.7472969670758,0.13609538576569,0.38379941564078,4.0588726639901,9.0091266305641,0.0493441238629361,0.727657096365844,1.83326566648505,2.72836657895363,2.54256895669084,3,0.0290329354145884,0.945450381926845,0.61177943016016,0.136350438659725,4.34474016596797,1.95013530070545,1.11803398874989,21.9592667900424,7.4742376687773,Inf,0.358636666666667,0.527,0.005,0,0,90,2.24445961153303
circularCrossing,training,101,lmi_e3_t1.5_y1,1,,0,1000,2,0.0281665288153709,0.167734504313143,2.42584507987182,0.061765070967417,1.86344227577428,3.49862892096958,0.2943073805315,0.723122414001063,1.9218465988697,0.136219863556105,0.38500287604618,12.9376236330835,26.1021997478814,0.0493441238629361,0.727657096365844,6.6002710944109,14.5558291949626,6.74543971621952,3,0.0290586577554959,1.72907997481742,0.791244130772279,0.13641124567325,11.4495575969686,5.85298933336979,1.11803398874989,21.3997458783893,7.47575234183806,Inf,0.308723333333333,0.455,0.005,0,0,90,4.31543484277254
circularCrossing,training,101,lmi_e3_t1.5_y3,1,,0,1000,2,0.0281757083566734,0.16785558356782,2.910415922917,0.0619851360151707,2.17354659151173,4.15732850332117,0.291899396297849,0.979137768421937,2.66127230158867,0.136221067780257,0.384609025843076,14.93984449769,38.8386717923653,0.0493441238629361,0.727657096365844,7.92407121768851,21.2738635009588,8.00955251571343,3,0.0290485964595816,2.37055969354476,1.08059884864666,0.136406386848408,16.216431822609,8.59880728291751,1.11803398874989,20.2559437172832,7.47871554303658,Inf,0.360766666666667,0.524,0.005,0,0,90,5.22800151994861
circularCrossing,training,101,lmi_e3_t3_y0.1,1,,0,1000,2,0.0455222109772889,0.139582682036715,3.28346982747662,0.12525861884051,1.05995519636646,1.34339011242692,1.80136294414951,0.70357778468323,1.71397386958308,0.430061122218071,1.62048701748103,4.36170972301747,10.0293617913511,0.0493441238629361,0.727657096365844,1.83326566648505,2.72836657895363,2.54256895669084,3,0.0429408352471334,1.09236811779549,0.692109482503616,0.37095953044076,4.63373105223446,1.95013530070545,1.11803398874989,30.9489041814691,32.8116134682499,Inf,0.355853333333333,0.502,0.005,0,0,90,2.73471962374284
circularCrossing,training,101,lmi_e3_t3_y1,1,,0,1000,2,0.0455156874624364,0.139667738301692,3.351246341774,0.125166766172345,1.98194270481568,3.5778502834641,1.800337021144,0.836621090964431,2.21400994238342,0.430085671162731,1.62062966984174,13.1678047591472,31.01877082068,0.0493441238629361,0.727657096365844,6.6002710944109,14.5558291949626,6.74543971621952,3,0.0429406099105477,1.81709691900697,0.871005903133642,0.370964248590028,11.5429818324479,5.85298933336979,1.11803398874989,30.375300463366,32.8158428484955,Inf,0.39085,0.549,0.005,0,0,90,4.76196000838267
circularCrossing,training,101,lmi_e3_t3_y3,1,,0,1000,2,0.0455315550089267,0.139764895024753,3.85373039392357,0.125415390250033,2.28106636435976,4.22449140673055,1.80212739850369,1.09731483415494,3.19057670230686,0.430086056347752,1.62041454693885,15.0745246777216,41.2881810319337,0.0493441238629361,0.727657096365844,7.92407121768851,21.2738635009588,8.00955251571343,3,0.0429414390762546,2.45048929798404,1.16370016349918,0.370992426632262,16.2937313185853,8.59880728291751,1.11803398874989,29.2065026379687,32.8261441664276,Inf,0.466293333333333,11.262,0.005,0,0,90,5.66485015394347
circularCrossing,training,101,lmi_e3_t6_y0.1,1,,0,1000,2,0.0923109482253134,0.157155688910868,4.38650981712969,0.221636169453129,2.78698454294586,2.90036305960289,14.2799757573588,2.11501118641587,6.00021553353818,2.04106819903766,5.48630039184448,7.81943151354198,24.978248119659,0.0493441238629361,0.727657096365844,1.83326566648505,2.72836657895363,2.54256895669084,3,0.0856986386588379,2.68214001548755,1.81927353199436,1.71811649911564,8.47995211732785,1.95013530070545,1.11803398874989,44.2715441124653,149.408226256407,Inf,0.342646666666667,0.566,0.005,0,0,90,6.71701815779328
circularCrossing,training,101,lmi_e3_t6_y1,1,,0,1000,2,0.0922987754660376,0.1570546791224,4.43872630294652,0.221390843104793,3.23365609582404,4.38280257429638,14.3038579009308,2.10640352987357,6.21431012947578,2.04158034397412,5.49242196294641,14.9411488960085,31.3805197598246,0.0493441238629361,0.727657096365844,6.6002710944109,14.5558291949626,6.74543971621952,3,0.0856979989602941,3.07105445707196,1.84252466572329,1.71828974353977,13.9640034666749,5.85298933336979,1.11803398874989,43.841357902508,149.439304308808,Inf,0.358406666666667,0.703,0.005,0,0,90,8.1240245936092
circularCrossing,training,101,lmi_e3_t6_y3,1,,0,1000,2,0.0923209329688816,0.157364251381247,4.89017359456245,0.222064178904256,3.50441004694573,5.04704897243177,14.2516505440536,2.25645066319588,6.38443989240149,2.04004833495545,5.48750677386118,16.8623272454131,39.7427894389032,0.0493441238629361,0.727657096365844,7.92407121768851,21.2738635009588,8.00955251571343,3,0.0857096141431305,3.53529863056812,1.99491786436676,1.71739567257272,18.3386857798438,8.59880728291751,1.11803398874989,42.9550721136946,149.51014626388,Inf,0.354693333333333,0.521,0.005,0,0,90,8.80857610516319
circularCrossing,training,101,lmi_e6_t1.5_y0.1,1,,0,1000,2,0.0282165246279737,0.167839831337563,4.19482059650662,0.0618212981150786,2.89671246481176,3.04773905151051,0.290274989552092,1.92198280182247,5.5490033629755,0.136074590339706,0.383777857649442,9.0386479971223,27.4430588977125,0.0998073998120178,2.82521635579567,2.05702521708612,4.00288144057786,8.512148896475,3,0.029029467060297,2.9885983651481,2.12594042059477,0.136347141431024,8.49750121356795,1.5605048610892,1.11803398874989,39.269185198211,7.5137590220687,Inf,0.332916666666667,0.487,0.005,0,0,90,5.93386044934914
circularCrossing,training,101,lmi_e6_t1.5_y1,1,,0,1000,2,0.0283117244468841,0.167793083586715,6.03525304585478,0.0605827337489577,8.59532128632149,16.3745545546339,0.318361195889199,5.48884468929585,11.3401142570577,0.136374193619312,0.382455483352707,52.9347845727902,78.3327219256287,0.0998073998120178,2.82521635579567,31.4524290568446,46.3304783958276,32.5746888835863,3,0.0291873414560785,8.53898605291969,5.76713331574147,0.136717529420246,51.3676698669839,31.104336690792,1.11803398874989,38.835288333484,7.51416777006588,Inf,0.358413333333333,0.485,0.005,0,0,90,21.8477635376186
circularCrossing,training,101,lmi_e6_t1.5_y3,1,,0,1000,2,0.0282919552386569,0.167891289500263,6.88913216465115,0.0599899965545424,9.15739864904591,17.5530396887942,0.321825613038828,6.44054308151174,16.2960484107465,0.136565920249027,0.38021274493871,54.2362288198754,97.5736975953603,0.0998073998120178,2.82521635579567,34.233894131718,69.7551312342328,35.1172974664881,3,0.029168328526694,8.42225962963667,6.2017604192743,0.136948838810545,48.3937927961021,31.0276475277174,1.11803398874989,37.8925689177165,7.51265647668307,Inf,0.341416666666667,0.634,0.005,0,0,90,24.0112514793851
circularCrossing,training,101,lmi_e6_t3_y0.1,1,,0,1000,2,0.045520587791115,0.139267453779121,4.67954430694522,0.125215945867131,3.00517933927257,3.15001179328722,1.80178641278649,1.98806606836545,5.49193008642873,0.430059516122742,1.62055166738432,9.34648344362702,30.0903595107511,0.0998073998120178,2.82521635579567,2.05702521708612,4.00288144057786,8.512148896475,3,0.0429420211418209,3.08304676815674,2.18420457600258,0.370949525238429,8.75370463783794,1.5605048610892,1.11803398874989,48.2171316466257,32.7134103981348,Inf,0.353203333333333,0.525,0.005,0,0,90,6.30063470336745
circularCrossing,training,101,lmi_e6_t3_y1,1,,0,1000,2,0.0455218291748191,0.13930240795619,6.34617364241339,0.1252081501238,8.63500247115831,16.3984720598939,1.80199260520454,5.51460017316949,10.8413450342769,0.430078537373376,1.62089946947842,52.9954357048697,79.1108428225181,0.0998073998120178,2.82521635579567,31.4524290568446,46.3304783958276,32.5746888835863,3,0.0429421417700493,8.54565109840575,5.76218860748036,0.370947556012235,51.393639397431,31.104336690792,1.11803398874989,47.7389528037616,32.7159622295979,Inf,0.324326666666667,0.493,0.005,0,0,90,22.0835057790611
circularCrossing,training,101,lmi_e6_t3_y3,1,,0,1000,2,0.0455248615619819,0.139408296802249,7.13432871943666,0.125210982163754,9.18401667421328,17.562020728383,1.80296605068298,6.46521662892508,16.4350981803471,0.430047036755802,1.62030670118942,54.2281104630438,97.2027639224721,0.0998073998120178,2.82521635579567,34.233894131718,69.7551312342328,35.1172974664881,3,0.0429441284448635,8.40526056545139,6.18586759802994,0.370938610019381,48.3374458790621,31.0276475277174,1.11803398874989,46.6907481643322,32.722996926013,Inf,0.370786666666667,0.614,0.005,0,0,90,24.2313039660787
circularCrossing,training,101,lmi_e6_t6_y0.1,1,,0,1000,2,0.0923069489930081,0.157816911666911,7.04013019696303,0.221422074988079,3.76788757304992,3.88611710646399,14.2845370478853,2.65834293594308,6.76338121361137,2.0409444797808,5.4883090731238,10.9952576408262,28.8327863904283,0.0998073998120178,2.82521635579567,2.05702521708612,4.00288144057786,8.512148896475,3,0.0856722923264023,3.71420969925397,2.44742908234414,1.71877170567008,11.285080572945,1.5605048610892,1.11803398874989,66.5046830276856,154.09405836108,Inf,0.376446666666667,0.766,0.005,0,0,90,8.43880688998148
circularCrossing,training,101,lmi_e6_t6_y1,1,,0,1000,2,0.0923007104528139,0.157809262244621,8.27030885268078,0.221792575085008,8.94276627127402,16.5519228485597,14.2715775169055,5.81981602462367,10.9946031343702,2.04047438695921,5.49831517914358,53.3714199329588,85.6920186999658,0.0998073998120178,2.82521635579567,31.4524290568446,46.3304783958276,32.5746888835863,3,0.0856885949949353,8.79107675610906,5.8459848365253,1.71583730728358,51.9188812968399,31.104336690792,1.11803398874989,66.1425216189048,153.988193113369,Inf,0.34213,0.6,0.005,0,0,90,23.2369231403672
circularCrossing,training,101,lmi_e6_t6_y3,1,,0,1000,2,0.0922900732203938,0.157716440704498,8.86881098194285,0.221958232981402,9.51392660190863,17.7473112916197,14.2490632039638,6.72490253717241,17.6317903332402,2.0402167652082,5.49596104312293,54.8061405782293,103.822213934083,0.0998073998120178,2.82521635579567,34.233894131718,69.7551312342328,35.1172974664881,3,0.0856693012298555,8.70229956399524,6.27798458850933,1.71572686514069,49.1171690587129,31.0276475277174,1.11803398874989,65.3405297994096,153.562731798699,Inf,0.363163333333333,0.557,0.005,0,0,90,25.3339339221946
circularCrossing,training,101,repeated_e1.5_t1.5_y0.1,1,,0,1000,2,0.0547713368845132,0.173276993420452,0.901785217652736,0.0922751665844307,1.77420896229919,2.95773478441783,0.267100793363617,0.325695230506125,0.875792671920278,0.0589010490247812,0.100455180201902,11.1707600573676,16.677974964587,0.113568916287224,0.428122665217258,4.61175601860464,6.27193468941826,6.07672743011986,3,0.0423908059278267,1.38476084855817,0.201130483636918,0.0661561294461424,9.34792516431797,4.14539783653389,1.11803398874989,2.99374043809469,0.827440515214821,5.62,0.328606666666667,0.549,0.005,0,0,90,3.43325584133091
circularCrossing,training,101,repeated_e1.5_t1.5_y1,1,,0,1000,2,0.0466210786768359,0.171748477313271,2.52441994898805,0.0827685473932362,1.77156821579231,3.01948180993529,0.224032078961142,0.538641950122356,2.22726024395316,0.0538240889058354,0.116558210672149,11.0170442900203,32.4805135334024,0.113568916287224,0.428122665217258,4.85714355646071,15.5788581914336,6.22281055681235,3,0.0350079708753844,0.549093728232765,0.119069652159375,0.036477756644537,3.48133412712206,1.66441489880257,1.11803398874989,7.9247285953412,0.738566624879957,3.26,0.341786666666667,0.601,0.005,0,0,90,3.74690354501714
circularCrossing,training,101,repeated_e1.5_t1.5_y3,1,,0,1000,2,0.0507339659625691,0.172685080103686,3.503888973702,0.0861729690974645,0.733041247947731,1.40746759132821,0.254125583946497,0.171389300616716,0.719793487712254,0.0697916262237375,0.155993701317442,5.30786944068525,15.4936299227541,0.113568916287224,0.428122665217258,3.07638907330343,5.82303468287802,2.75870985212963,3,0.0413437734917452,0.498099924453919,0.14097918532456,0.0435178735362374,4.8982094989026,3.12072109267529,1.11803398874989,10.5115663637016,0.698897360509045,2.38,0.354703333333333,0.561,0.005,0,0,90,1.91169214899617
circularCrossing,training,101,repeated_e1.5_t3_y0.1,1,,0,1000,2,0.0197682893698516,0.129897566402949,0.955555143048072,0.0464673070556951,1.61522772655398,2.79773904663164,0.125538786351838,0.367536646648495,0.873293289472576,0.0422449668836208,0.122965482660224,10.5484791556877,15.8539061917268,0.113568916287224,0.428122665217258,4.61175601860464,6.27193468941826,6.07672743011986,3,0.0196731043469913,1.2912753961462,0.262476699993193,0.0390919153531545,8.97440591767148,4.14539783653389,1.11803398874989,3.3445737549285,2.09328124041437,5.9,0.342116666666667,0.583,0.005,0,0,90,3.04245201813305
circularCrossing,training,101,repeated_e1.5_t3_y1,1,,0,1000,2,0.0197494272031371,0.129914012168292,2.54370802875729,0.0487601180195686,1.65531350719019,2.9081429875174,0.108479611081683,0.55676228039079,2.24565282943965,0.0400433642240423,0.115285172749115,10.5571932234216,31.9308768279097,0.113568916287224,0.428122665217258,4.85714355646071,15.5788581914336,6.22281055681235,3,0.0195822520864798,0.488130386541895,0.0934699861819764,0.037837008157175,3.36973498009795,1.66441489880257,1.11803398874989,8.1725064655493,2.09506745309584,3.12,0.357463333333333,0.498,0.005,0,0,90,3.42245747749727
circularCrossing,training,101,repeated_e1.5_t3_y3,1,,0,1000,2,0.0200505705252584,0.129990010189059,3.56656103794792,0.0497678669948113,0.741754126585569,1.47517922938596,0.114345161058059,0.164503883593878,0.792183070651602,0.0407969703216278,0.121561290545763,5.56955836960336,14.971757634057,0.113568916287224,0.428122665217258,3.07638907330343,5.82303468287802,2.75870985212963,3,0.0198499303710198,0.606042507712593,0.100354758586164,0.038398061434799,5.3761388114239,3.12072109267529,1.11803398874989,10.7963541552442,2.09656348891312,2.3,0.348653333333333,0.52,0.005,0,0,90,1.64342514636101
circularCrossing,training,101,repeated_e1.5_t6_y0.1,1,,0,1000,2,0.0307659165484908,0.104156980342988,1.03489607621274,0.0755962041412302,1.59430608961429,2.77420021970258,0.361888029149703,0.38648974886906,1.06288834035712,0.118763018309747,0.389437087729469,10.4551673439552,14.9536393922303,0.113568916287224,0.428122665217258,4.61175601860464,6.27193468941826,6.07672743011986,3,0.0298216028898012,1.30329972819757,0.28302752319364,0.106760984836748,8.99956391412949,4.14539783653389,1.11803398874989,5.91165101464188,9.0436964276402,5.9,0.316793333333333,0.583,0.005,0,0,90,3.17167213201407
circularCrossing,training,101,repeated_e1.5_t6_y1,1,,0,1000,2,0.0308055773992875,0.104194259936087,2.52863268345482,0.0760472489551471,1.61885687986886,2.8650544102317,0.362386358286886,0.573903559592111,2.37339816929329,0.118616099786811,0.388673232215396,10.380085264023,31.079143983433,0.113568916287224,0.428122665217258,4.85714355646071,15.5788581914336,6.22281055681235,3,0.0298363747894926,0.502668580318984,0.139273926061911,0.106788460732087,3.3603788107928,1.66441489880257,1.11803398874989,8.10800136290339,9.05386149686763,3.1,0.356766666666667,0.695,0.005,0,0,90,3.5318799459817
circularCrossing,training,101,repeated_e1.5_t6_y3,1,,0,1000,2,0.0308013507444623,0.104230016517382,3.53521535827907,0.075904491363807,0.725586677194656,1.46038329895234,0.361549140024764,0.212691848775175,0.960179586259999,0.118698171101837,0.39002492633379,5.49023973948747,14.1178205192704,0.113568916287224,0.428122665217258,3.07638907330343,5.82303468287802,2.75870985212963,3,0.0298450354981583,0.629944152136428,0.139180875729422,0.106813444996276,5.42011839282953,3.12072109267529,1.11803398874989,10.9260791435334,9.07063894247088,2.3,0.3427,0.619,0.005,0,0,90,1.83144515289247
circularCrossing,training,101,repeated_e3_t1.5_y0.1,1,,0,1000,2,0.0594053888308256,0.174104035050201,0.749664712578415,0.0965587269969946,0.734301414510792,1.20939552763919,0.292808196165138,0.0647810881754383,0.193400913698172,0.0698134743505341,0.115583865522435,4.61311219409149,7.84434957517539,0.0257169956401707,0.0926844272859971,1.86351099641309,2.60943734720307,2.00007380984698,3,0.0479625028063294,0.565147287971047,0.0718809748928668,0.079846121852406,3.81199876729544,1.70656605757733,1.11803398874989,3.89605167736278,0.846277098311051,2.66,0.33702,0.555,0.005,0,0,90,1.64623850347743
circularCrossing,training,101,repeated_e3_t1.5_y1,1,,0,1000,2,0.0587367640075022,0.174055277689338,1.51723923760631,0.0938249270841549,0.323115108412902,0.837752704432115,0.297008951661831,0.141021798782575,0.282216094809867,0.0666197402943256,0.107557048026877,3.16134871671189,5.79342420218208,0.0257169956401707,0.0926844272859971,2.09015613012452,3.76537675550189,1.94807394483855,3,0.0495342024362129,0.258750991851624,0.130324198472743,0.0732797057865242,2.22681967252923,1.41737681665653,1.11803398874989,5.85877647971108,0.781126956209652,1.56,0.361143333333333,0.524,0.005,0,0,90,1.50168098098255
circularCrossing,training,101,repeated_e3_t1.5_y3,1,,0,1000,2,0.0628035601049476,0.175188261181598,2.37754373945166,0.0999423026953942,0.654400670327486,1.52007451131565,0.325098878101381,0.114512209015149,0.242265666755678,0.0731595577785037,0.113507853613498,5.83341118759761,18.5654027636163,0.0257169956401707,0.0926844272859971,3.3953486014028,10.350062510518,3.18509554527041,3,0.0538987454477547,0.226109498787753,0.105086611125691,0.0785858403671738,1.65679846506024,1.04019214352025,1.11803398874989,9.35395300228221,0.772141079360983,2.58,0.31512,0.449,0.005,0,0,90,2.0237422565993
circularCrossing,training,101,repeated_e3_t3_y0.1,1,,0,1000,2,0.0199672694998284,0.129863706706008,0.939947398948418,0.0458698517311553,0.558744075607401,1.0341576099522,0.130289336403373,0.109486489174743,0.266971391126132,0.0438469339046499,0.128349642027292,3.93034130091469,6.84711171088123,0.0257169956401707,0.0926844272859971,1.86351099641309,2.60943734720307,2.00007380984698,3,0.0198967913475922,0.45733875007308,0.118651622239377,0.0400995122426903,3.37754095992969,1.70656605757733,1.11803398874989,5.30628003150771,2.0861734287261,2.12,0.367106666666667,0.645,0.005,0,0,90,1.20471393353071
circularCrossing,training,101,repeated_e3_t3_y1,1,,0,1000,2,0.0201599355568727,0.129903803387538,1.63589075009714,0.0466859932951145,0.484369760566436,1.02112613189845,0.133426654504366,0.0857303680447689,0.246028430956088,0.0437165060794086,0.128664486425318,3.8874913237961,6.990742940141,0.0257169956401707,0.0926844272859971,2.09015613012452,3.76537675550189,1.94807394483855,3,0.0200706447231365,0.373073539480197,0.0809873273464588,0.0403001600929716,2.78444208660468,1.41737681665653,1.11803398874989,6.25491392136399,2.08778267188984,1.6,0.331023333333333,0.492,0.005,0,0,90,1.15055835641749
circularCrossing,training,101,repeated_e3_t3_y3,1,,0,1000,2,0.0203332438044915,0.129978627607249,2.52548254504546,0.0470870692452371,0.792711497729241,1.67342257151511,0.146250596032063,0.0649772603594498,0.171797675065674,0.044372152831294,0.131128692438285,6.40762166919206,19.1828734643174,0.0257169956401707,0.0926844272859971,3.3953486014028,10.350062510518,3.18509554527041,3,0.0201473591914204,0.28548893530765,0.065393317775124,0.0408995725773189,2.07227838994143,1.04019214352025,1.11803398874989,9.6994748607502,2.0898127203839,2.72,0.320493333333333,0.499,0.005,0,0,90,1.61481129260223
circularCrossing,training,101,repeated_e3_t6_y0.1,1,,0,1000,2,0.0307642034486495,0.104111257141673,1.08336237599381,0.0754264122441099,0.548471476053658,1.013791525632,0.361238823712611,0.16251885312997,0.429282100292362,0.118872846738452,0.390419869290106,3.82583694793971,5.94229953381498,0.0257169956401707,0.0926844272859971,1.86351099641309,2.60943734720307,2.00007380984698,3,0.0298323750161739,0.484409629070052,0.162301791391254,0.106801885094096,3.40366366631723,1.70656605757733,1.11803398874989,7.68335586971405,9.02045644922165,1.98,0.350286666666667,0.504,0.005,0,0,90,1.39784713033438
circularCrossing,training,101,repeated_e3_t6_y1,1,,0,1000,2,0.0307653109627128,0.104139595094104,1.65070048264326,0.0753606183060349,0.543261272714962,1.07156553200838,0.360921140311459,0.134549371027167,0.367932879312235,0.118914907422048,0.390967331885228,4.06326316216584,7.44831893274347,0.0257169956401707,0.0926844272859971,2.09015613012452,3.76537675550189,1.94807394483855,3,0.0298413389580526,0.414778214280823,0.128012674086729,0.106829064627052,2.86598427264782,1.41737681665653,1.11803398874989,7.08303979405372,9.03162049660772,3.08,0.326123333333333,0.452,0.005,0,0,90,1.38940448411463
circularCrossing,training,101,repeated_e3_t6_y3,1,,0,1000,2,0.0307361914410855,0.104177752959539,2.50189537595396,0.0750191710874184,0.868348944285401,1.74328441302388,0.360332949459239,0.128052278865538,0.382750004792587,0.119004486084338,0.391441531139193,6.65126442766138,20.097597330321,0.0257169956401707,0.0926844272859971,3.3953486014028,10.350062510518,3.18509554527041,3,0.0298389049902183,0.335166044628311,0.120189304343934,0.106838192155123,2.16419415463729,1.04019214352025,1.11803398874989,9.93669339422391,9.05130151818919,2.72,0.355083333333333,0.44,0.005,0,0,90,1.89371935767421
circularCrossing,training,101,repeated_e6_t1.5_y0.1,1,,0,1000,2,0.064925548094706,0.175284606694595,0.786654048714456,0.102423406899954,0.475292795301337,0.997094879239668,0.324992389248801,0.253937564130068,0.712591621536086,0.0795061723714668,0.12787876835554,3.66461034283804,4.97294944430438,0.0340372305364865,0.191620903799185,2.24609259211085,2.67310004771591,2.27969653596824,3,0.0540609016273034,0.516920296711833,0.28139304328627,0.0911299997134663,3.69971859529296,2.1302739777263,1.11803398874989,7.17052978983367,0.872885058125979,0.54,0.31219,0.531,0.005,0,0,90,1.8900526777748
circularCrossing,training,101,repeated_e6_t1.5_y1,1,,0,1000,2,0.0779751604474818,0.179024607634554,1.07212851706295,0.120247862968343,1.14346035664034,2.52920151934906,0.401023640349469,0.233458651070566,0.528221006638459,0.098505864210442,0.151538163648727,9.61787075022318,26.9918741460913,0.0340372305364865,0.191620903799185,5.38617856264075,14.4974227914166,5.37115995072241,3,0.0661350813702733,0.518054092837535,0.250441136950845,0.112705161646111,4.0934496855713,2.43702572514094,1.11803398874989,8.57490747058929,0.955464659910773,3.22,0.36451,0.538,0.005,0,0,90,3.17024305666059
circularCrossing,training,101,repeated_e6_t1.5_y3,1,,0,1000,2,0.0813640908797305,0.180121412004998,2.98497849044286,0.12802417311426,0.555370991961299,1.03817529527656,0.407044670024011,0.215003473993516,0.617222329165967,0.0999320666264593,0.155988039316412,3.8789108298955,11.4854733160856,0.0340372305364865,0.191620903799185,2.14777289560568,5.57288301916725,2.16270938929923,3,0.0660188872604354,0.585652083035928,0.22986200082256,0.114551946962296,3.79049852953423,1.85724149706109,1.11803398874989,18.017723259705,1.05139289562178,5.86,0.330433333333333,0.604,0.005,0,0,90,2.01943002276344
circularCrossing,training,101,repeated_e6_t3_y0.1,1,,0,1000,2,0.0201823904975391,0.129813728319568,1.08087758107612,0.0462878712858822,0.59522508261817,1.15822171965527,0.13862280948049,0.197253576030486,0.619304130629409,0.0449706990969874,0.131512507043933,4.34656602538563,5.86705118965766,0.0340372305364865,0.191620903799185,2.24609259211085,2.67310004771591,2.27969653596824,3,0.0201062436518005,0.590392580335286,0.215585802339519,0.0408264535454264,4.18347600852263,2.1302739777263,1.11803398874989,8.55558685118739,2.07399205878884,0.56,0.346066666666667,0.563,0.005,0,0,90,1.46564426211349
circularCrossing,training,101,repeated_e6_t3_y1,1,,0,1000,2,0.0207361154748907,0.130032355930301,1.22216638517477,0.0499827842456699,1.35683761519176,2.75334132990122,0.169574426948931,0.216827816177471,0.55032392143103,0.0470077143081824,0.137835571490427,10.4522577345114,27.9137371472096,0.0340372305364865,0.191620903799185,5.38617856264075,14.4974227914166,5.37115995072241,3,0.0203926006053445,0.656590393800995,0.193299838107619,0.0422748523361942,4.78935435385225,2.43702572514094,1.11803398874989,7.79222779200844,2.07516035457584,3.72,0.34429,0.566,0.005,0,0,90,2.73146833400614
circularCrossing,training,101,repeated_e6_t3_y3,1,,0,1000,2,0.0206963523951027,0.130260163284193,2.89270312100113,0.0526877479283871,0.568477996822668,1.10453254840219,0.167295225065809,0.179327124245932,0.649726800882792,0.047585204441405,0.139268011972732,4.17058850571497,11.6896256200937,0.0340372305364865,0.191620903799185,2.14777289560568,5.57288301916725,2.16270938929923,3,0.020224191267226,0.554116572481536,0.192412762950235,0.0424748394666471,3.80880019292999,1.85724149706109,1.11803398874989,17.1481718918137,2.07719018424419,5.86,0.324713333333333,0.549,0.005,0,0,90,1.39973547358589
circularCrossing,training,101,repeated_e6_t6_y0.1,1,,0,1000,2,0.0307568877730543,0.104020571566888,1.43500904060689,0.0752329914824921,0.642837252524414,1.199689448342,0.360652356946957,0.220431084768113,0.60741019217814,0.118953323263316,0.390928267959854,4.49350902422423,6.45356139219668,0.0340372305364865,0.191620903799185,2.24609259211085,2.67310004771591,2.27969653596824,3,0.0298420531480587,0.618152580918707,0.234459817723861,0.106842735478944,4.24223690754836,2.1302739777263,1.11803398874989,11.6198835499845,8.97011086809671,5.12,0.348156666666667,0.546,0.005,0,0,90,1.64713285211161
circularCrossing,training,101,repeated_e6_t6_y1,1,,0,1000,2,0.0307151815087783,0.104037198565773,1.55976929815589,0.0747224546027201,1.43455904033754,2.82818999517061,0.359906803640342,0.248044935092837,0.83283046586846,0.119059150854507,0.391677993760581,10.7164181090569,28.682706248151,0.0340372305364865,0.191620903799185,5.38617856264075,14.4974227914166,5.37115995072241,3,0.0298417833228525,0.693698341176819,0.211363311674324,0.10684622629299,4.89523491758444,2.43702572514094,1.11803398874989,10.8576207229455,8.97705689575541,3.72,0.308536666666667,0.448,0.005,0,0,90,2.94652530708484
circularCrossing,training,101,repeated_e6_t6_y3,1,,0,1000,2,0.030718048882411,0.104090649451243,2.90441896807892,0.0746858738340071,0.633245250645967,1.16526466063502,0.360159483896976,0.204150035239192,0.753076497209634,0.119097725363202,0.391246189134385,4.39045759690553,12.2159717055571,0.0340372305364865,0.191620903799185,2.14777289560568,5.57288301916725,2.16270938929923,3,0.0298393607625016,0.584004216905697,0.213103966365633,0.106847757507923,3.87642708202273,1.85724149706109,1.11803398874989,16.6275486437904,8.99193928109537,5.86,0.358513333333333,0.561,0.005,0,0,90,1.5935720786836
circularCrossing,training,102,lmi_e1.5_t1.5_y0.1,1,,0,1000,2,0.0298291764714619,0.172755505531928,1.94800248352258,0.0616071821361769,0.515490594633604,0.835954470550552,0.336439634156172,0.237222233763821,0.548783709015938,0.165633849420142,0.47870816511395,3.05315004073502,5.29713479669718,0.0311130725904262,0.225990655419697,1.46391612988375,1.67072350151982,1.60364233806001,3,0.029935709988498,0.506465286781944,0.257240707226107,0.174357649003871,2.91419851539235,1.42092115841464,1.11803398874989,14.2028604132493,8.10239658686059,5.62,0.378016666666667,0.846,0.005,0,0,90,1.38336624038927
circularCrossing,training,102,lmi_e1.5_t1.5_y1,1,,0,1000,2,0.0297993046950041,0.172747696001526,2.08754307563284,0.0615824285054757,1.20324911555709,2.33647665232243,0.338501529611962,0.253461897427354,0.622188051214607,0.165597515768143,0.479345762319525,8.86781178908221,21.9449196574939,0.0311130725904262,0.225990655419697,4.44417953469651,11.1516928165098,4.47679764986077,3,0.0299472049234916,0.669961787615001,0.27692041101715,0.174400178757632,4.50237628773907,2.29997340821451,1.11803398874989,13.2489404994398,8.11056510505763,5.62,0.32307,0.493,0.005,0,0,90,2.57847919962119
circularCrossing,training,102,lmi_e1.5_t1.5_y3,1,,0,1000,2,0.0297670458105402,0.172837117730323,8.64056839877314,0.061586008799818,0.726263455827866,1.35071064120831,0.343807161994298,0.250593412641937,0.64850056753667,0.165537561469248,0.479852605019161,5.07622144514016,16.2740021318358,0.0311130725904262,0.225990655419697,2.57135352347191,8.28823566786006,2.59690642340873,3,0.0299526911297792,0.50224566733581,0.275224981535797,0.174434088804578,3.0264316815884,1.59350718704531,1.11803398874989,30.1150933534668,8.12917695911004,5.64,0.351596666666667,0.578,0.005,0,0,90,1.81410157241731
circularCrossing,training,102,lmi_e1.5_t3_y0.1,1,,0,1000,2,0.0628211252992829,0.152080609577926,2.34044006272671,0.128587194372055,1.00379527607555,1.21057432795775,2.39000900758992,0.705681138680148,1.90246682766477,0.6696418549976,1.80054290123266,3.75335521909317,7.75476613746774,0.0311130725904262,0.225990655419697,1.46391612988375,1.67072350151982,1.60364233806001,3,0.0636815557267703,1.0046813068354,0.724444423944163,0.687030265632487,3.61797681053177,1.42092115841464,1.11803398874989,20.2502744198937,34.7192348594439,5.98,0.35688,0.632,0.005,0,0,90,2.79024457417176
circularCrossing,training,102,lmi_e1.5_t3_y1,1,,0,1000,2,0.0628156974317388,0.152072638416514,2.37197518045321,0.128591020860597,1.50542181688672,2.52602065706558,2.38937448174029,0.712107942352236,1.95120145187328,0.669649113709552,1.80025291021193,9.24626700063742,25.3321765532602,0.0311130725904262,0.225990655419697,4.44417953469651,11.1516928165098,4.47679764986077,3,0.0636815718324085,1.09752980047161,0.73095874137166,0.687034412472832,4.99372086635958,2.29997340821451,1.11803398874989,19.6604260166457,34.7555264604824,5.98,0.340606666666667,0.51,0.005,0,0,90,3.90162625914934
circularCrossing,training,102,lmi_e1.5_t3_y3,1,,0,1000,2,0.0628140230566031,0.152091937521513,8.8810701744773,0.128591859051115,1.16968053693915,1.67104335363118,2.38904755150388,0.704234245493262,1.77019987457674,0.669658563754095,1.80043787264803,5.79932204586694,18.6939317012227,0.0311130725904262,0.225990655419697,2.57135352347191,8.28823566786006,2.59690642340873,3,0.063680521527568,1.01261544028919,0.722710222137895,0.687044848948904,3.82950030598079,1.59350718704531,1.11803398874989,31.0925330895888,34.8355804925904,5.98,0.343456666666667,0.664,0.005,0,0,90,3.19647313072594
circularCrossing,training,102,lmi_e1.5_t6_y0.1,1,,0,1000,2,0.0908214502634238,0.157463624935765,3.71824299726914,0.208576095665626,2.64457635524707,2.72805509534132,13.9976665706789,1.82745210073993,5.3225384823776,1.82819533587373,5.42025673465205,7.70995446685523,23.5615327937304,0.0311130725904262,0.225990655419697,1.46391612988375,1.67072350151982,1.60364233806001,3,0.0891134201068793,2.59548258218147,1.79906146482984,1.79601939997012,7.47747177760986,1.42092115841464,1.11803398874989,33.6406908773475,146.217691876221,Inf,0.334463333333333,0.559,0.005,0,0,90,6.10510959748514
circularCrossing,training,102,lmi_e1.5_t6_y1,1,,0,1000,2,0.0908021038135389,0.15741803458651,3.70888664071495,0.208573821600115,2.87283413908552,3.51354354390714,13.9869260784063,1.83186551060042,5.26877979491046,1.8278956708646,5.42195218346277,11.4363411465604,37.0683624433792,0.0311130725904262,0.225990655419697,4.44417953469651,11.1516928165098,4.47679764986077,3,0.0891106789940672,2.64195371492441,1.80133273757208,1.79579846212206,8.31486491871824,2.29997340821451,1.11803398874989,33.31168997687,146.30814276284,Inf,0.33467,0.577,0.005,0,0,90,6.85902028864831
circularCrossing,training,102,lmi_e1.5_t6_y3,1,,0,1000,2,0.0907973298032462,0.157393492394314,9.29048296326755,0.208559963289412,2.71367922835621,2.96191205444208,13.9895777452592,1.8189326771146,5.26344464326233,1.82800233108042,5.42095060437344,8.97402969602184,31.3269416125085,0.0311130725904262,0.225990655419697,2.57135352347191,8.28823566786006,2.59690642340873,3,0.0891046221115035,2.60394776077596,1.7929011046082,1.79591393733248,7.68035628154105,1.59350718704531,1.11803398874989,34.8915497853969,146.509454843947,Inf,0.330213333333333,0.52,0.005,0,0,90,6.34064459146603
circularCrossing,training,102,lmi_e3_t1.5_y0.1,1,,0,1000,2,0.0298299185112894,0.172610128710907,2.3061260639667,0.0615976002486364,0.859830950069913,1.21007751730909,0.336430088267246,0.500982149707601,1.47507551313879,0.165635654242951,0.478657661992241,4.18333961518462,8.39882060670358,0.047333286420958,0.670800855233151,1.89927721281804,2.85912249453874,2.77058593816799,3,0.0299335218867544,0.910157990486235,0.533986441667229,0.174349583839948,4.33742389151388,1.93346242877782,1.11803398874989,21.5572067466381,8.06184146375796,6,0.348483333333333,0.578,0.005,0,0,90,2.13693140756502
circularCrossing,training,102,lmi_e3_t1.5_y1,1,,0,1000,2,0.0297978275917547,0.172640319964686,2.34255924974102,0.0615744912355946,1.67066445353884,3.11888988279948,0.339356675195922,0.611263367960694,1.85463389222944,0.165545579369375,0.479388543427532,11.587286213422,30.3967746009989,0.047333286420958,0.670800855233151,5.87540655370199,14.2840161194037,6.18302148264596,3,0.0299491741705897,1.47072031473768,0.670837810635909,0.174390149555337,9.48329929378553,4.79256708648333,1.11803398874989,20.8390088110791,8.06465971847467,Inf,0.297486666666667,0.341,0.005,0,0,90,3.83796225452333
circularCrossing,training,102,lmi_e3_t1.5_y3,1,,0,1000,2,0.0297992302935305,0.172700684399925,2.58185749288771,0.0616085614372344,2.07674894196261,3.97459121838215,0.339400053758343,0.83793914797071,3.6559530257488,0.165405625834567,0.47940360528305,14.5010530454194,35.1979208835047,0.047333286420958,0.670800855233151,7.57384628002973,19.3506582219878,7.85856830286312,3,0.0299473913320296,2.16653831035376,0.930351429194426,0.174323370591256,14.8616716679469,7.78310398887946,1.11803398874989,19.5045965989871,8.07090347702067,Inf,0.298766666666667,0.335,0.005,0,0,90,4.8740812079606
circularCrossing,training,102,lmi_e3_t3_y0.1,1,,0,1000,2,0.0628188557004199,0.152338154681195,3.34543346205819,0.128566317488917,1.23410027748963,1.5153990523363,2.38952069342107,0.853157981698401,1.95762647004203,0.669651639284982,1.80053694413053,4.76205818769517,10.3602110394979,0.047333286420958,0.670800855233151,1.89927721281804,2.85912249453874,2.77058593816799,3,0.0636808398470343,1.28884011396141,0.908350543615372,0.687032296042889,4.86930107650397,1.93346242877782,1.11803398874989,30.6452956562762,34.4455239964563,6,0.300983333333333,0.413,0.005,0,0,90,3.28691615794004
circularCrossing,training,102,lmi_e3_t3_y1,1,,0,1000,2,0.0628134712866309,0.152377719345029,3.36779980616638,0.128544479046051,1.94325472821652,3.31253817500895,2.38873034709949,0.91832844471719,2.30133995460032,0.669651400070287,1.80021517627016,12.0625590749935,32.8422765559384,0.047333286420958,0.670800855233151,5.87540655370199,14.2840161194037,6.18302148264596,3,0.063682445158513,1.76386418346607,0.991993291949013,0.687022698161353,9.92024849580796,4.79256708648333,1.11803398874989,30.0448697519255,34.4497359917319,Inf,0.295703333333333,0.471,0.005,0,0,90,4.8773034172994
circularCrossing,training,102,lmi_e3_t3_y3,1,,0,1000,2,0.0628157816002393,0.152426581459945,3.60151560286756,0.128545948103441,2.32665310683547,4.16294015958689,2.38844549762394,1.05903630225645,3.76332201093632,0.669643523898613,1.8001849255165,15.0533744277282,36.3822135548829,0.047333286420958,0.670800855233151,7.57384628002973,19.3506582219878,7.85856830286312,3,0.0636857626304101,2.39141351987587,1.13436241978064,0.687020539503236,15.3501711093034,7.78310398887946,1.11803398874989,28.8310686294274,34.4600242914875,Inf,0.30125,0.523,0.005,0,0,90,5.75690530606093
circularCrossing,training,102,lmi_e3_t6_y0.1,1,,0,1000,2,0.0908176487069107,0.157608392767454,4.33510908722955,0.208545102850703,2.74381831030006,2.87520130091286,13.994974072136,1.88738501951479,5.64172473445636,1.82816356363366,5.42064650386812,8.24653587045903,24.0192969300619,0.047333286420958,0.670800855233151,1.89927721281804,2.85912249453874,2.77058593816799,3,0.0891153285783386,2.68104554750905,1.84198854502972,1.7959875002284,8.07898619878013,1.93346242877782,1.11803398874989,43.9920453726616,145.296672729248,Inf,0.337113333333333,0.573,0.005,0,0,90,6.3322537001905
circularCrossing,training,102,lmi_e3_t6_y1,1,,0,1000,2,0.0908063209496487,0.157430679026536,4.3636772998287,0.208546943291556,3.10445411519703,4.07355454786461,13.9818445341875,1.93521320216749,5.59422554687491,1.82784044145905,5.42125408389691,13.5882883047386,40.1416792114595,0.047333286420958,0.670800855233151,5.87540655370199,14.2840161194037,6.18302148264596,3,0.089118976126138,2.92641743795796,1.90999410716234,1.79568611529866,11.5960065174055,4.79256708648333,1.11803398874989,43.5399459651614,145.32976324489,Inf,0.34833,0.543,0.005,0,0,90,7.4961472747792
circularCrossing,training,102,lmi_e3_t6_y3,1,,0,1000,2,0.0908146422205946,0.15737564368653,4.6329005920619,0.208579915951199,3.33600600514842,4.74570002299041,13.9834351964084,2.07343013894755,6.38703633239141,1.82785508311913,5.42002321513872,15.8699730969066,39.5700479701814,0.047333286420958,0.670800855233151,7.57384628002973,19.3506582219878,7.85856830286312,3,0.0891219499998209,3.31959678799372,2.07599308823123,1.79564842841861,15.9462689002817,7.78310398887946,1.11803398874989,42.6133159615124,145.40518856582,Inf,0.336136666666667,0.507,0.005,0,0,90,8.22900131948237
circularCrossing,training,102,lmi_e6_t1.5_y0.1,1,,0,1000,2,0.0298276987466994,0.172815849079246,3.74136819729619,0.0615674683872135,3.08992029249951,4.21009427180657,0.337534295098079,1.58896083425808,4.57249111316262,0.165609618235271,0.478846287720319,14.4837988791749,33.2368010664758,0.0899790622958502,2.58382189050859,6.33318553501376,8.2150157357438,10.4267804207326,3,0.0299422818343912,3.01393440595825,1.62911699366152,0.174366023369441,14.735277099761,6.78018159876744,1.11803398874989,38.7116153127902,8.10741362219832,Inf,0.347063333333333,0.493,0.005,0,0,90,6.37295843181813
circularCrossing,training,102,lmi_e6_t1.5_y1,1,,0,1000,2,0.0301246097262594,0.172821475765435,10.8384336275844,0.0630545134062518,15.0430463765568,29.5411866021868,0.409970269063683,12.2374484840279,19.692893591253,0.166676243465263,0.473051526415112,84.2526163854446,101.168359646519,0.0899790622958502,2.58382189050859,59.3771262936795,71.0941775552782,59.9572697213703,3,0.0304451417659121,15.4914099458827,13.0959560536453,0.175524438015088,84.4751656672725,61.383815928476,1.11803398874989,38.2491170190476,8.10244277138646,Inf,0.367386666666667,0.559,0.005,0,0,90,41.6266663424073
circularCrossing,training,102,lmi_e6_t1.5_y3,1,,0,1000,2,0.0301981396338435,0.172913917547804,13.4742508359826,0.0630980357230559,17.2564292289622,33.939722372665,0.430793573871003,14.9455273626713,28.3362219946201,0.167174989913489,0.469438656507666,93.25184700853,125.579492837302,0.0899790622958502,2.58382189050859,71.0452570146702,122.055234916618,71.3806246599358,3,0.030531982160708,17.4108315098646,15.5634721960966,0.175994699229307,91.5425874850628,72.0774196357863,1.11803398874989,37.2480400190387,8.096128256131,Inf,0.31754,0.553,0.005,0,0,90,48.8434055233871
circularCrossing,training,102,lmi_e6_t3_y0.1,1,,0,1000,2,0.0628158861253337,0.152039390088222,4.32641286049055,0.128573555816215,3.20451749872286,4.30565831115058,2.38957265651759,1.73295495993199,4.55335984711193,0.669636175101654,1.8003351553424,14.6235716748381,34.9180909044685,0.0899790622958502,2.58382189050859,6.33318553501376,8.2150157357438,10.4267804207326,3,0.0636785472172599,3.13285658404556,1.77737605648766,0.687024449030117,14.8762706112708,6.78018159876744,1.11803398874989,47.443061386435,34.3610544331555,Inf,0.348656666666667,0.524,0.005,0,0,90,7.01878311608496
circularCrossing,training,102,lmi_e6_t3_y1,1,,0,1000,2,0.0628068199571393,0.152047307977551,11.0352410093283,0.128572690052796,15.0860199415283,29.5798082590347,2.39366251289261,12.266687996131,19.0788130629359,0.669594134750076,1.80084349798822,84.3411429068304,103.482140461958,0.0899790622958502,2.58382189050859,59.3771262936795,71.0941775552782,59.9572697213703,3,0.0636850084382638,15.53186930533,13.1254171992419,0.686938133590002,84.5533398165567,61.383815928476,1.11803398874989,46.9251514383377,34.3646340766347,Inf,0.327463333333333,0.47,0.005,0,0,90,42.0296727731995
circularCrossing,training,102,lmi_e6_t3_y3,1,,0,1000,2,0.0628105946054139,0.152113084507523,13.6520314264142,0.128588598058544,17.3028668895268,33.9841883968185,2.39483195311153,14.9795629215395,28.9662963266209,0.669619281026042,1.80247213645034,93.3363737869658,124.010326415552,0.0899790622958502,2.58382189050859,71.0452570146702,122.055234916618,71.3806246599358,3,0.0636880486154433,17.4573549985221,15.6008748431999,0.686941495285945,91.6187720967174,72.0774196357863,1.11803398874989,45.7957185105958,34.3736327181219,Inf,0.35294,0.52,0.005,0,0,90,49.2545065465263
circularCrossing,training,102,lmi_e6_t6_y0.1,1,,0,1000,2,0.0907853339239171,0.157609843742377,6.67619520255,0.208637653856823,3.97990255022222,4.91184295789729,13.9726120906588,2.397162458902,7.18907016873584,1.82772531982916,5.41837274311562,15.9585164051593,37.4287197579409,0.0899790622958502,2.58382189050859,6.33318553501376,8.2150157357438,10.4267804207326,3,0.0890857612262911,3.80832463250118,2.3324664566071,1.79563235578796,16.1578429884812,6.78018159876744,1.11803398874989,65.2367370652713,145.793472351042,Inf,0.316476666666667,0.529,0.005,0,0,90,8.89388153807504
circularCrossing,training,102,lmi_e6_t6_y1,1,,0,1000,2,0.0907723543170637,0.157635258385732,12.2408164912463,0.208518938024101,15.3079079411695,29.6893423623195,13.9278455671833,12.4771942013249,19.4791390427933,1.82755486623301,5.43051566467021,84.4486070324521,99.8881811155526,0.0899790622958502,2.58382189050859,59.3771262936795,71.0941775552782,59.9572697213703,3,0.0891095185582437,15.7226204218832,13.2769055800917,1.79552857042646,84.674660890464,61.383815928476,1.11803398874989,64.8699155648986,145.680509960184,Inf,0.350346666666667,0.522,0.005,0,0,90,42.7518333523108
circularCrossing,training,102,lmi_e6_t6_y3,1,,0,1000,2,0.0907648907837137,0.15770289783339,14.6480551166453,0.208526387328278,17.5096084162503,34.0951782576003,13.9214580421914,15.167295024453,26.9473603628406,1.82757098925514,5.43055420553614,93.4386208687837,129.467378519084,0.0899790622958502,2.58382189050859,71.0452570146702,122.055234916618,71.3806246599358,3,0.0890935496529086,17.6338262787486,15.7406602933627,1.79553445605436,91.7208773509503,72.0774196357863,1.11803398874989,64.0569926672154,145.323423146029,Inf,0.34118,0.522,0.005,0,0,90,49.9299631304998
circularCrossing,training,102,repeated_e1.5_t1.5_y0.1,1,,0,1000,2,0.043748341275758,0.172986163176117,0.900614825645252,0.0849590815219986,1.74472003722495,2.93295876476828,0.235374212450778,0.323444389955771,0.873305409587731,0.0483312432641244,0.0864214977790212,11.0895360275998,16.238037290691,0.114774373146986,0.432058537062587,4.63210579328472,6.26093820247461,6.09776361419975,3,0.0335625052308307,1.37029696242082,0.206067153400261,0.046921644216654,9.31584588081161,4.16314166169828,1.11803398874989,2.90327612313803,0.688473844599075,5.46,0.327226666666667,0.495,0.005,0,0,90,3.30227939818909
circularCrossing,training,102,repeated_e1.5_t1.5_y1,1,,0,1000,2,0.0382963244139299,0.172388232264857,2.5093040699301,0.0731981220519174,1.75955182826422,3.02724398637792,0.206330189952136,0.540579931333131,2.1799195363319,0.0694979940420738,0.140002057177558,11.0532507687078,31.8192086150021,0.114774373146986,0.432058537062587,4.92987702108859,15.4818852649921,6.31696123682361,3,0.0306750170181016,0.565725936213421,0.140336671369119,0.0438744674116151,3.63117451265777,1.73375440803579,1.11803398874989,7.83433795467854,0.609279321290973,3.24,0.356603333333333,0.543,0.005,0,0,90,3.67477326054712
circularCrossing,training,102,repeated_e1.5_t1.5_y3,1,,0,1000,2,0.0427596390574731,0.173363208805778,3.49253613627805,0.0782944956352866,0.758148538336656,1.45458212891553,0.238551044222646,0.184758836466671,0.715734466735553,0.0859229156806543,0.16555067597141,5.48583111824458,15.0180379126873,0.114774373146986,0.432058537062587,3.10339869230876,5.86416257797372,2.88638378907085,3,0.03694424725541,0.537629556419032,0.149455309830229,0.0523630214278956,5.11420951405116,3.18430216715617,1.11803398874989,10.6025920176141,0.588755340765425,2.4,0.321893333333333,0.542,0.005,0,0,90,1.89428028715699
circularCrossing,training,102,repeated_e1.5_t3_y0.1,1,,0,1000,2,0.0214066751765512,0.131460439164183,0.954531466326641,0.0517001136293419,1.6160690062847,2.80339786503659,0.131207285374266,0.360918500981292,0.885674689947372,0.0432576632466097,0.118992680152303,10.5775106134196,15.6628972834509,0.114774373146986,0.432058537062587,4.63210579328472,6.26093820247461,6.09776361419975,3,0.0209105286333522,1.29130007820013,0.256509234423272,0.0422104166253636,8.99446767165905,4.16314166169828,1.11803398874989,3.35680069350986,2.28394940310691,5.72,0.344336666666667,0.503,0.005,0,0,90,3.05140587641201
circularCrossing,training,102,repeated_e1.5_t3_y1,1,,0,1000,2,0.0212169403330395,0.131484977423278,2.53061604187867,0.0488639961604491,1.67800839878792,2.95015815340807,0.118853592881321,0.561501953957114,2.21562923913279,0.0442392402093728,0.110488256555552,10.7183356552226,31.4997179825958,0.114774373146986,0.432058537062587,4.92987702108859,15.4818852649921,6.31696123682361,3,0.020821675031492,0.525645899542163,0.10908479350698,0.0418074243403072,3.58091386760483,1.73375440803579,1.11803398874989,8.09019706948049,2.28612413409818,3.16,0.311823333333333,0.456,0.005,0,0,90,3.47884044228914
circularCrossing,training,102,repeated_e1.5_t3_y3,1,,0,1000,2,0.0211807033982171,0.131550982496481,3.55067861936774,0.049288868701098,0.780611481444131,1.52070663565166,0.123144575781541,0.182241970303499,0.796818960595141,0.0442947422750903,0.114932386551324,5.73449032895039,14.7500841478426,0.114774373146986,0.432058537062587,3.10339869230876,5.86416257797372,2.88638378907085,3,0.0208131103510298,0.634129319706541,0.118734283876972,0.0420910061127921,5.53010678785106,3.18430216715617,1.11803398874989,10.8569535246831,2.28789352169306,2.36,0.34476,0.532,0.005,0,0,90,1.72318904037925
circularCrossing,training,102,repeated_e1.5_t6_y0.1,1,,0,1000,2,0.0353971811788904,0.109389741722373,1.04251271493983,0.0720052920520405,1.59819728353324,2.78200959349661,0.413328691663226,0.379275763762243,0.912226044486085,0.14120985653873,0.42099264883176,10.4935637382246,15.4865902261544,0.114774373146986,0.432058537062587,4.63210579328472,6.26093820247461,6.09776361419975,3,0.0346943432769179,1.31478332992096,0.296727372724503,0.141154523743708,9.03875540437262,4.16314166169828,1.11803398874989,5.96894574627113,9.60532550737185,5.78,0.337153333333333,0.593,0.005,0,0,90,3.21123608695831
circularCrossing,training,102,repeated_e1.5_t6_y1,1,,0,1000,2,0.0354054554873422,0.109413154355434,2.52468557989043,0.0718423742333896,1.64625373100806,2.9119667579916,0.414091454839088,0.569099604724592,2.19268627432601,0.141318186832155,0.420453765742568,10.57578879921,30.744735790246,0.114774373146986,0.432058537062587,4.92987702108859,15.4818852649921,6.31696123682361,3,0.0346884965085375,0.566119872448155,0.172044792309481,0.141154238638456,3.64180773428809,1.73375440803579,1.11803398874989,8.11540906199849,9.61638469538583,3.24,0.31845,0.555,0.005,0,0,90,3.60741152416462
circularCrossing,training,102,repeated_e1.5_t6_y3,1,,0,1000,2,0.0353965980415702,0.109440712259485,3.52460647372327,0.0718347353367959,0.773195011806129,1.51169280664537,0.412980610311517,0.226527562801024,0.811264612168912,0.141249175707695,0.42164180694434,5.67933866765539,13.9321983708785,0.114774373146986,0.432058537062587,3.10339869230876,5.86416257797372,2.88638378907085,3,0.034695158227247,0.663956916054738,0.175029371685225,0.141224195137466,5.56335412297927,3.18430216715617,1.11803398874989,10.8994494409585,9.6342225844632,4.02,0.350513333333333,0.53,0.005,0,0,90,1.94288883954883
circularCrossing,training,102,repeated_e3_t1.5_y0.1,1,,0,1000,2,0.0476778714712921,0.173411423402493,0.753816838582374,0.0894643854488379,0.702412124963907,1.17662742996078,0.258656548226172,0.0696867924530204,0.237048285304853,0.0532005518698544,0.0997215871166688,4.49055612689873,7.37413979661,0.0265672414423167,0.0997022930582117,1.86026870315744,2.58755738567093,2.01304680190907,3,0.0378749000452364,0.53520043142146,0.0703737605453919,0.0575334064951179,3.69500767460857,1.69672651593886,1.11803398874989,3.77512855807188,0.707616037426382,2.6,0.32212,0.534,0.005,0,0,90,1.51426352499871
circularCrossing,training,102,repeated_e3_t1.5_y1,1,,0,1000,2,0.0476378211909842,0.173679424397074,1.5229195755218,0.0828998511585213,0.337575932430029,0.8426753368143,0.267089786958986,0.131589190415672,0.239565132023946,0.0576266896823296,0.0970849712214275,3.1889201845792,5.47020277698157,0.0265672414423167,0.0997022930582117,2.03796681463291,3.39881730782555,1.88986939793392,3,0.0404595647358761,0.284182075641671,0.115900764196845,0.0553006156890629,2.41792646263497,1.45810698870682,1.11803398874989,6.0276580362798,0.651377703942786,1.44,0.341796666666667,0.458,0.005,0,0,90,1.37734062965703
circularCrossing,training,102,repeated_e3_t1.5_y3,1,,0,1000,2,0.0522247148373652,0.174837214684635,2.40787797445151,0.0880919199283575,0.615710813378182,1.42996966654566,0.297640802477705,0.112940440065509,0.2109352638013,0.0662500715310112,0.106599850334185,5.48419000560432,17.9903205790279,0.0265672414423167,0.0997022930582117,3.18739197361462,9.856847207539,2.94532042670583,3,0.0452969048666529,0.232832825522448,0.0931810440700813,0.0624476070390475,1.84097329035716,1.11744785056584,1.11803398874989,9.51645494155249,0.66108284008885,2.48,0.33014,0.528,0.005,0,0,90,1.84496602962554
circularCrossing,training,102,repeated_e3_t3_y0.1,1,,0,1000,2,0.0214188973261699,0.131381589214059,0.944456139373172,0.0527424802343027,0.559510475383908,1.03244298778501,0.134011917863082,0.109428896470869,0.32389349511757,0.0435089380953974,0.1240781086337,3.92479982650702,6.7350687382616,0.0265672414423167,0.0997022930582117,1.86026870315744,2.58755738567093,2.01304680190907,3,0.0208641188120386,0.444192295266168,0.114941869781932,0.042815532844727,3.31925130364755,1.69672651593886,1.11803398874989,5.34440777441867,2.27623895336877,2.16,0.319676666666667,0.524,0.005,0,0,90,1.21800673150484
circularCrossing,training,102,repeated_e3_t3_y1,1,,0,1000,2,0.0213825904118152,0.131434180655468,1.63752322341785,0.0526333506652042,0.475363539296434,0.995877329086966,0.136930375135346,0.0881916826764078,0.187150045244465,0.0435581795220599,0.124842414895472,3.79258060473026,6.56859639767345,0.0265672414423167,0.0997022930582117,2.03796681463291,3.39881730782555,1.88986939793392,3,0.0208637626222661,0.390995118789753,0.0863828829719881,0.043033187628512,2.89257311287591,1.45810698870682,1.11803398874989,6.37189183337103,2.27830654725056,1.52,0.338003333333333,0.556,0.005,0,0,90,1.14872539041702
circularCrossing,training,102,repeated_e3_t3_y3,1,,0,1000,2,0.0215170466242117,0.131543122141078,2.54795987175969,0.0538788606232297,0.730178145259382,1.55580920609806,0.149496987186732,0.0674046110975765,0.16375021382769,0.0437617461918543,0.127584822611205,5.95768674272756,18.3514291353522,0.0265672414423167,0.0997022930582117,3.18739197361462,9.856847207539,2.94532042670583,3,0.020918292353185,0.300312481082335,0.0690552528309195,0.0434707804692066,2.20654806013645,1.11744785056584,1.11803398874989,9.80997717795397,2.28083666391764,2.76,0.313143333333333,0.517,0.005,0,0,90,1.54151703698278
circularCrossing,training,102,repeated_e3_t6_y0.1,1,,0,1000,2,0.0353906192415712,0.109330827381939,1.09215093189462,0.0719372872709162,0.558060638603629,1.01734509843587,0.412372145596062,0.172920802114889,0.491849075980364,0.141177159335812,0.421914701715735,3.83462663529983,6.38444492714042,0.0265672414423167,0.0997022930582117,1.86026870315744,2.58755738567093,2.01304680190907,3,0.0346978321218468,0.48546300037621,0.175552310654635,0.141226687287612,3.3700309810494,1.69672651593886,1.11803398874989,7.68994929950738,9.58025210832067,2.48,0.359466666666667,0.561,0.005,0,0,90,1.46667312370546
circularCrossing,training,102,repeated_e3_t6_y1,1,,0,1000,2,0.0353848398933893,0.109356069234454,1.65306848165136,0.0718787901274516,0.542948344680764,1.0502854048597,0.411925410120496,0.156736511554417,0.413084193182655,0.141168449391883,0.422416900092255,3.97199142632118,7.48919882782386,0.0265672414423167,0.0997022930582117,2.03796681463291,3.39881730782555,1.88986939793392,3,0.03470085228916,0.434244241116598,0.153840550844395,0.141270512126591,2.94368428536883,1.45810698870682,1.11803398874989,7.10666274169287,9.59262039756509,2.86,0.330543333333333,0.593,0.005,0,0,90,1.46171970730696
circularCrossing,training,102,repeated_e3_t6_y3,1,,0,1000,2,0.0353717138211546,0.10939477697963,2.52088379304984,0.071891504766446,0.811695433912124,1.62667886555841,0.411407600208921,0.148269578402883,0.392499022346289,0.141142854246328,0.422759798813509,6.20640882532569,19.2434849842205,0.0265672414423167,0.0997022930582117,3.18739197361462,9.856847207539,2.94532042670583,3,0.0347030632070641,0.355501862234869,0.148666408869194,0.141293638407524,2.26896597945735,1.11744785056584,1.11803398874989,9.92033928745049,9.61391321996494,2.92,0.30654,0.466,0.005,0,0,90,1.89153806008245
circularCrossing,training,102,repeated_e6_t1.5_y0.1,1,,0,1000,2,0.0530124193138593,0.174247861835497,0.783507890749623,0.0956498359718328,0.500600088436241,1.05587435154643,0.290662586472963,0.233537024420101,0.602425446375669,0.0597064638322893,0.111028807422951,3.91596226854564,5.17280966911089,0.0331922750109324,0.182378338401832,2.31399602565038,2.73059959850178,2.37179233126129,3,0.0434626447828502,0.53315740669321,0.257714500205148,0.0677003804959993,3.91303203136821,2.20081907693099,1.11803398874989,6.81025947296226,0.736376472667093,0.54,0.334333333333333,0.494,0.005,0,0,90,1.78039069568792
circularCrossing,training,102,repeated_e6_t1.5_y1,1,,0,1000,2,0.0652115027526785,0.177143007056376,1.07162507025794,0.111092107679406,1.12179902442026,2.45595056361902,0.362694105116475,0.202094382734837,0.513982758272133,0.0772351808576272,0.13550279527189,9.34814285691054,26.7616520523603,0.0331922750109324,0.182378338401832,5.17356223909155,14.0854084850975,5.17721848955201,3,0.0547409388483244,0.510049782248391,0.215713938150901,0.0887805613080359,4.06841261937938,2.36904873166973,1.11803398874989,8.16291274079706,0.821068624901189,3.22,0.32241,0.556,0.005,0,0,90,2.92593236437857
circularCrossing,training,102,repeated_e6_t1.5_y3,1,,0,1000,2,0.0843844671992014,0.182202906593574,9.32494351953073,0.142883631237651,0.543607111817479,1.08173672176833,0.451270929560803,0.210391463853809,0.472094497021164,0.119565320020376,0.226515159224185,4.0790982373724,16.6952837326901,0.0331922750109324,0.182378338401832,2.36097453505629,9.06918373920464,2.38281158297523,3,0.0681998572160052,0.476137312510842,0.173672183670642,0.0890433989356535,2.94573074887606,1.42464466489435,1.11803398874989,31.2017437919941,1.05595942237905,3.52,0.34624,0.549,0.005,0,0,90,2.08044724717411
circularCrossing,training,102,repeated_e6_t3_y0.1,1,,0,1000,2,0.0214982909353315,0.131295248720921,1.08794073743638,0.0538403294556122,0.617265812535284,1.1991173730145,0.14153764431074,0.191580394265474,0.53670770585339,0.0439145518867645,0.127345234244363,4.50782711935511,6.40996159379641,0.0331922750109324,0.182378338401832,2.31399602565038,2.73059959850178,2.37179233126129,3,0.0208644243700255,0.612659100655928,0.212373016601813,0.0433597352768638,4.3477211997373,2.20081907693099,1.11803398874989,8.25897654731274,2.26299102983967,0.56,0.33534,0.492,0.005,0,0,90,1.49970912175529
circularCrossing,training,102,repeated_e6_t3_y1,1,,0,1000,2,0.0219180262796012,0.131491033879166,1.24261082462665,0.0568345878385457,1.30367927543857,2.6452042359698,0.169978095097175,0.192794605374449,0.482709387540616,0.0446746294308741,0.133384302932821,10.0524651137251,27.4100377295714,0.0331922750109324,0.182378338401832,5.17356223909155,14.0854084850975,5.17721848955201,3,0.0209850113240781,0.64035378440739,0.181792004561233,0.0443318212203928,4.66682620796153,2.36904873166973,1.11803398874989,7.48304039143903,2.26447496314856,3.42,0.31454,0.516,0.005,0,0,90,2.61526249628992
circularCrossing,training,102,repeated_e6_t3_y3,1,,0,1000,2,0.0224687670676771,0.132059757319179,9.22474794481725,0.0586894007560537,0.57857493884711,1.17492640451727,0.195315336867934,0.140061568846761,0.342421708939055,0.0445945739925942,0.13472063521461,4.4643275841486,17.4150570875392,0.0331922750109324,0.182378338401832,2.36097453505629,9.06918373920464,2.38281158297523,3,0.0210430509851819,0.413526233027544,0.148878074904583,0.0446734184931267,2.83921139189827,1.42464466489435,1.11803398874989,30.7795154160851,2.26707703105143,2.48,0.342203333333333,0.537,0.005,0,0,90,1.39767632520001
circularCrossing,training,102,repeated_e6_t6_y0.1,1,,0,1000,2,0.0353815859356194,0.109217970219295,1.44961145823744,0.0718351367075927,0.67329077639906,1.24475670298011,0.411741995240705,0.229439269387805,0.564872390372001,0.141177708869155,0.422428612490329,4.66091403422451,7.36856742780919,0.0331922750109324,0.182378338401832,2.31399602565038,2.73059959850178,2.37179233126129,3,0.0347013332021,0.643005373611877,0.246282307163026,0.141290997151391,4.39053017280266,2.20081907693099,1.11803398874989,11.5084986081384,9.5249664542598,5.62,0.34015,0.514,0.005,0,0,90,1.74487720497671
circularCrossing,training,102,repeated_e6_t6_y1,1,,0,1000,2,0.0353598483328079,0.109234884768364,1.56947015777517,0.0718723790326904,1.38155367244226,2.71690997328339,0.41119409290586,0.237316220047379,0.620019787946852,0.141135866293278,0.423002698018184,10.3102090015741,28.3693934595841,0.0331922750109324,0.182378338401832,5.17356223909155,14.0854084850975,5.17721848955201,3,0.0347066756053189,0.673407749710868,0.229565983546553,0.14131667911996,4.70809670791715,2.36904873166973,1.11803398874989,10.7715734783819,9.53309565302937,3.5,0.339556666666667,0.487,0.005,0,0,90,2.89027272373766
circularCrossing,training,102,repeated_e6_t6_y3,1,,0,1000,2,0.0353458205152044,0.109292402163829,9.08794363841324,0.0718924638846728,0.672011841526407,1.25804041682624,0.410637483813353,0.200336565793846,0.56992302930931,0.141132918108128,0.422824568860818,4.7473972539884,18.5647755816479,0.0331922750109324,0.182378338401832,2.36097453505629,9.06918373920464,2.38281158297523,3,0.0347028449567959,0.453317812427988,0.209369731384419,0.141305910571252,2.85531194326232,1.42464466489435,1.11803398874989,29.7585376658726,9.55022969537421,3.18,0.357996666666667,0.584,0.005,0,0,90,1.70361078753742
circularFollowing,training,101,lmi_e1.5_t1.5_y0.1,1,,0,1000,2,0.0338234767888241,0.121664052044728,0.879436448796245,0.077463619612432,0.483145899268799,0.366144385706524,0.344863767367748,0.25401921715872,0.662934816122903,0.165671009182329,0.493110399018135,0.970982649793335,2.73578234314505,0.030417628265809,0.218985287147097,1.29045505570292,1.91852870217527,1.44929807906296,6,0.033131267976164,0.421810806443967,0.240362840080145,0.162525342995466,0.88672426528639,1.02651012250915,1.11803398874989,14.1693049945755,8.05919649251288,5.06,0.331338333333333,0.883,0.005,0,0,33.4726702631453,1.04046973216435
circularFollowing,training,101,lmi_e1.5_t1.5_y1,1,,0,1000,2,0.0338222823845212,0.121665130161075,1.11945662303575,0.0773907380622244,0.886365735578926,0.443665408803233,0.345250781786913,0.34519336270847,1.18318270580288,0.165609270127677,0.492991760667687,1.02352264090193,2.86381181354452,0.030417628265809,0.218985287147097,3.13832395503406,11.1831778417418,3.19869941075101,6,0.0331351903244635,0.339770772565786,0.234727447483642,0.162507799484189,0.899717155875945,0.553245068303807,1.11803398874989,13.2885266994775,8.02561581808844,3.72,0.345133333333333,0.559,0.005,0,0,33.4726702631453,1.23331407744254
circularFollowing,training,101,lmi_e1.5_t1.5_y3,1,,0,1000,2,0.0338616869996568,0.121442743521315,1.33437556264908,0.0776209355285018,0.648216682370943,0.419344181548181,0.345831524473519,0.31513767486544,0.893560403202414,0.165833271688511,0.493000286337001,1.0196328358309,2.62856284449193,0.030417628265809,0.218985287147097,2.19351986840768,7.79218100705856,2.2704757801012,6,0.0331355317198241,0.455099766260571,0.273136055415672,0.162490584683825,0.933291967520657,1.43740266929652,1.11803398874989,30.3356935737947,7.95337556509435,6.86,0.326538333333333,0.569,0.005,0,0,33.4726702631453,1.17281878689363
circularFollowing,training,101,lmi_e1.5_t3_y0.1,1,,0,1000,2,0.0544617076987268,0.109513116499155,0.815661450887031,0.150313372021957,0.868364077022132,0.81026879449921,2.06360976063868,0.584465401157709,1.68155784995067,0.581959065320126,1.80652295075554,2.06819266109527,6.8577694225408,0.030417628265809,0.218985287147097,1.29045505570292,1.91852870217527,1.44929807906296,6,0.0565426863579209,0.886564293151167,0.634482433342756,0.618005983729437,2.07879587880598,1.02651012250915,1.11803398874989,20.5290060747504,34.6097364585891,11.98,0.322976666666667,0.494,0.005,0,0,33.4726702631453,2.12718641152174
circularFollowing,training,101,lmi_e1.5_t3_y1,1,,0,1000,2,0.0544616169709149,0.109555983034862,0.989348599188615,0.150313925751898,1.14215854313601,0.845846146155889,2.06366418778833,0.628498212332178,1.90861081265072,0.581956390396752,1.80671157789675,2.08704181681094,6.74784029436043,0.030417628265809,0.218985287147097,3.13832395503406,11.1831778417418,3.19869941075101,6,0.0565421107447456,0.859321801956991,0.634329989287867,0.618004120217258,2.08378208895769,0.553245068303807,1.11803398874989,19.9330420056628,34.6026728010291,11.98,0.323438333333333,0.511,0.005,0,0,33.4726702631453,2.21902095773569
circularFollowing,training,101,lmi_e1.5_t3_y3,1,,0,1000,2,0.054460877595477,0.10961278523378,1.20536572238463,0.150311117300394,0.982077335292358,0.833711804445012,2.06357150288014,0.61361689431232,1.6873321357807,0.581976832769005,1.80670489822868,2.08547267434758,6.72462052236757,0.030417628265809,0.218985287147097,2.19351986840768,7.79218100705856,2.2704757801012,6,0.0565407586097812,0.928681193690986,0.650163325938715,0.618001772401052,2.09757143317591,1.43740266929652,1.11803398874989,31.3021886894022,34.5992418027147,11.98,0.331101666666667,0.59,0.005,0,0,33.4726702631453,2.18893709944893
circularFollowing,training,101,lmi_e1.5_t6_y0.1,1,,0,1000,2,0.0984094860555566,0.139529843735279,2.13730781052155,0.245382152350528,2.7791701474276,2.76260522656968,14.7001857250544,1.87442294237904,6.43916887249885,2.50506316643496,6.25869835174473,7.50847083605835,22.1630302565377,0.030417628265809,0.218985287147097,1.29045505570292,1.91852870217527,1.44929807906296,6,0.0961638776739863,2.68277271830617,1.99465946933328,2.4483059677825,6.60650251115586,1.02651012250915,1.11803398874989,34.6315198365609,167.294789080276,Inf,0.328213333333333,0.504,0.005,0,0,33.4726702631453,6.23463491252533
circularFollowing,training,101,lmi_e1.5_t6_y1,1,,0,1000,2,0.0984146616786322,0.139549503640961,2.22449354493848,0.245378553622794,2.87430491559866,2.77175675766448,14.7014826817262,1.88620990370849,6.4840819771988,2.50517581661217,6.25956410011156,7.51587532786378,22.2488395837017,0.030417628265809,0.218985287147097,3.13832395503406,11.1831778417418,3.19869941075101,6,0.0961638425536244,2.67350037665939,1.99111958260657,2.44831589445946,6.6397314145519,0.553245068303807,1.11803398874989,34.4223392465957,167.448305456725,Inf,0.340765,0.567,0.005,0,0,33.4726702631453,6.25974148977605
circularFollowing,training,101,lmi_e1.5_t6_y3,1,,0,1000,2,0.0984170688227721,0.140401739932816,2.3648946693859,0.245202123019446,2.81706549102582,2.77067419304947,14.7062383523594,1.8827866241958,6.50908359881548,2.50534753895536,6.26695046173638,7.54973632308758,22.7417591294674,0.030417628265809,0.218985287147097,2.19351986840768,7.79218100705856,2.2704757801012,6,0.096164736950269,2.69463412246019,1.99248036382545,2.44832157580695,6.66185732484935,1.43740266929652,1.11803398874989,35.6463006950359,167.750214466734,Inf,0.333583333333333,0.51,0.005,0,0,33.4726702631453,6.25969120123684
circularFollowing,training,101,lmi_e3_t1.5_y0.1,1,,0,1000,2,0.0338162731712908,0.121939156400312,0.777931278900005,0.0774125773984242,0.976573434933679,0.798865599201824,0.34514738827586,0.548629984345915,1.47734305067975,0.165613091243308,0.493185063003139,2.13483048140731,6.25214633312347,0.0497019703005737,0.719249311057841,2.24349146048938,3.03263828399184,3.11663325210992,6,0.0331296058043259,0.937064246255627,0.556751802188497,0.162524262139366,1.90126453020366,2.20072952822021,1.11803398874989,22.396257416435,8.31997599760856,11.96,0.328818333333333,0.555,0.005,0,0,33.4726702631453,1.8623887966862
circularFollowing,training,101,lmi_e3_t1.5_y1,1,,0,1000,2,0.0338167216759632,0.121980604919401,1.03461899097686,0.0773863284549939,1.56147056684521,0.902659315962282,0.345974377478841,0.683777141667357,2.24257351987728,0.165536818979137,0.49309343917165,2.16928468462056,6.39904551298607,0.0497019703005737,0.719249311057841,4.97783795647275,14.7589946425452,5.63105214655996,6,0.0331461778432137,1.38915466822353,0.664652456416017,0.162466665720784,1.94171487358565,4.35300494354119,1.11803398874989,21.6759373035762,8.31711124558596,Inf,0.341485,0.546,0.005,0,0,33.4726702631453,2.13957843701846
circularFollowing,training,101,lmi_e3_t1.5_y3,1,,0,1000,2,0.0338113148658615,0.121987905522186,1.44788620596167,0.0775414281280333,3.0051933100395,1.26623363107702,0.3473914561113,1.08793479903457,3.83916592851654,0.165402122753621,0.492195090673294,2.40990893921184,9.43510933946169,0.0497019703005737,0.719249311057841,10.9468486926656,44.6046659336707,11.4146850858147,6,0.0331507628413683,2.59574117425419,1.00556437250639,0.162208501308855,2.15383167195543,9.3459383961356,1.11803398874989,20.3401867588156,8.3048617695931,Inf,0.328743333333333,0.494,0.005,0,0,33.4726702631453,2.99596453457013
circularFollowing,training,101,lmi_e3_t3_y0.1,1,,0,1000,2,0.0544606153295068,0.109410637270864,1.56956491691661,0.150296761913547,1.27112762552654,1.14213793283683,2.06359269532616,0.793074239686408,2.12774218797763,0.581942026949766,1.80633069870918,3.01514955229006,8.52267822474709,0.0497019703005737,0.719249311057841,2.24349146048938,3.03263828399184,3.11663325210992,6,0.0565400622973057,1.29621507933735,0.852000936305376,0.617984903996897,2.96516121432162,2.20072952822021,1.11803398874989,31.0528304069319,35.0718960594691,Inf,0.338915,0.55,0.005,0,0,33.4726702631453,2.7337845431259
circularFollowing,training,101,lmi_e3_t3_y1,1,,0,1000,2,0.0544574993067986,0.109426242076176,1.68903052227291,0.150295791074624,1.76331624559919,1.22211903320634,2.06352218182556,0.895421087883434,2.62691308108556,0.58191611294965,1.80630297284448,3.0508837258909,8.71010290827844,0.0497019703005737,0.719249311057841,4.97783795647275,14.7589946425452,5.63105214655996,6,0.0565358166808256,1.66482150889571,0.934899864152625,0.617939275626033,3.00869274018846,4.35300494354119,1.11803398874989,30.4689423611009,35.1042791572871,Inf,0.318328333333334,0.52,0.005,0,0,33.4726702631453,2.94559391401303
circularFollowing,training,101,lmi_e3_t3_y3,1,,0,1000,2,0.0544449982512168,0.109460859027913,1.92657739940973,0.150297464500168,3.10532235494723,1.53192795962325,2.06277677792617,1.25236415434292,4.37760472285015,0.581812993220623,1.80684638220658,3.25629454497532,10.7217924936008,0.0497019703005737,0.719249311057841,10.9468486926656,44.6046659336707,11.4146850858147,6,0.0565278261391113,2.75659357615515,1.21384848702009,0.617879567793326,3.22632161801616,9.3459383961356,1.11803398874989,29.2790008017769,35.1667835000353,Inf,0.298111666666667,0.439,0.005,0,0,33.4726702631453,3.70043720019308
circularFollowing,training,101,lmi_e3_t6_y0.1,1,,0,1000,2,0.0984025704928061,0.139094859469739,2.48002970585528,0.245416021077299,2.90183076495977,2.84953261845802,14.6948669180964,1.92762657615014,5.88327191571401,2.50482090109659,6.25518113325909,7.70156751240959,21.1359520657475,0.0497019703005737,0.719249311057841,2.24349146048938,3.03263828399184,3.11663325210992,6,0.0961524059178265,2.77807918640571,2.02538555160672,2.44798478644414,6.69275799801171,2.20072952822021,1.11803398874989,43.0629773784847,161.988989236417,Inf,0.331348333333333,0.481,0.005,0,0,33.4726702631453,6.37959235971026
circularFollowing,training,101,lmi_e3_t6_y1,1,,0,1000,2,0.0984012656698399,0.139132400100698,2.52491001244411,0.245523194114896,3.1448106849988,2.87625660268217,14.6933591532397,1.95720316213637,5.91194129035488,2.50498808116249,6.2505979188816,7.74626354714256,21.4078908317312,0.0497019703005737,0.719249311057841,4.97783795647275,14.7589946425452,5.63105214655996,6,0.0961494029849488,2.98693154565293,2.04291613280025,2.44809036941335,6.77542958066892,4.35300494354119,1.11803398874989,42.68446452327,162.106801030493,Inf,0.337796666666667,0.503,0.005,0,0,33.4726702631453,6.44767169039964
circularFollowing,training,101,lmi_e3_t6_y3,1,,0,1000,2,0.0983876153204475,0.13917751378633,2.62132744269424,0.246100237560956,4.0696892103639,2.99979653057153,14.6907487065728,2.10355796133714,6.51658006791149,2.50521050099042,6.23321048294265,7.94532883321483,22.578240591858,0.0497019703005737,0.719249311057841,10.9468486926656,44.6046659336707,11.4146850858147,6,0.0961479415122836,3.76054408349159,2.1373861092258,2.44867178031181,7.06786052971851,9.3459383961356,1.11803398874989,42.1029923587549,162.355273072313,Inf,0.353643333333333,0.559,0.005,0,0,33.4726702631453,6.78005784252172
circularFollowing,training,101,lmi_e6_t1.5_y0.1,1,,0,1000,2,0.033820580369721,0.121623724270687,2.45676509317645,0.0772129356240881,2.67208669980458,2.64644193250582,0.3443772548582,1.74005767654596,4.45619539253892,0.165376911064874,0.492359580143631,7.37213788232047,25.0832307767288,0.0920876868293031,2.63185842198218,1.62508402355737,3.79272194117637,7.96663214873117,6,0.0331482881505566,2.63920102968181,1.82525712001868,0.162235344743065,6.98309458998866,1.20776400904033,1.11803398874989,39.8154019106748,8.01029560559211,Inf,0.34737,0.548,0.005,0,0,33.4726702631453,5.29274873325323
circularFollowing,training,101,lmi_e6_t1.5_y1,1,,0,1000,2,0.0338429170221845,0.121663414474937,2.79598451152575,0.077320941956577,4.72532159149245,2.96996449502469,0.349951690851544,2.1369439690123,6.48562972761317,0.164933510357088,0.492140658418369,7.82938823627053,24.1791336412455,0.0920876868293031,2.63185842198218,15.1221904067646,37.8727481565706,17.0331197114054,6,0.0331866853743351,5.36733442990199,2.34849394128624,0.161584829085069,7.74643007369272,17.9393936022253,1.11803398874989,39.374929883671,8.01291699692751,Inf,0.329181666666666,0.525,0.005,0,0,33.4726702631453,6.17819475550056
circularFollowing,training,101,lmi_e6_t1.5_y3,1,,0,1000,2,0.0338909916770375,0.121684385111738,3.50985446067183,0.0776147505953421,9.12498813310381,3.92117005212899,0.349765243234658,3.04447911546308,7.34041801189152,0.164766498040447,0.491067583837825,9.24779753523917,29.8927838469362,0.0920876868293031,2.63185842198218,34.5411733900455,84.5191481558926,35.4063954622453,6,0.0332648422415164,9.82656691635781,3.32620566348215,0.16115227671132,9.37210401634623,37.2085166323316,1.11803398874989,38.4456250397022,8.01616047773419,Inf,0.338523333333333,0.503,0.005,0,0,33.4726702631453,8.27742765474438
circularFollowing,training,101,lmi_e6_t3_y0.1,1,,0,1000,2,0.0544619526972986,0.109169512784169,2.78522414877428,0.150297994843683,2.76852068617565,2.74511732692601,2.06308815055172,1.8096501856267,5.10491668467741,0.581856691958025,1.80603160904176,7.60409657649303,26.1553842136005,0.0920876868293031,2.63185842198218,1.62508402355737,3.79272194117637,7.96663214873117,6,0.0565445758604975,2.71742408488861,1.87765569739993,0.617867726543196,7.18765117316202,1.20776400904033,1.11803398874989,48.5297964987325,33.93363289475,Inf,0.349828333333333,0.525,0.005,0,0,33.4726702631453,5.684739213525
circularFollowing,training,101,lmi_e6_t3_y1,1,,0,1000,2,0.0544516487051346,0.109124289057865,3.08771357252578,0.150300608665957,4.77771464343326,3.06522157944128,2.06184555815861,2.20031977097721,6.30193638552101,0.58162951860094,1.80867908013047,8.07023752760814,25.0928950596645,0.0920876868293031,2.63185842198218,15.1221904067646,37.8727481565706,17.0331197114054,6,0.0565309813150934,5.40873631512747,2.40110033321112,0.617627350871735,7.96936186213579,17.9393936022253,1.11803398874989,48.0419155218382,33.9808379188838,Inf,0.357283333333333,0.543,0.005,0,0,33.4726702631453,6.55920353452739
circularFollowing,training,101,lmi_e6_t3_y3,1,,0,1000,2,0.0544442755672932,0.109044395266518,3.74235602674075,0.150052807978692,9.17365472023894,4.00151138106277,2.0627857941865,3.10020916483956,7.47581953992234,0.581615885432765,1.80468681793124,9.46169406413943,34.5315150043599,0.0920876868293031,2.63185842198218,34.5411733900455,84.5191481558926,35.4063954622453,6,0.0565212026045091,9.87411953209144,3.36520429109184,0.617602312355206,9.57674916561635,37.2085166323316,1.11803398874989,46.975168962024,34.0740588189934,Inf,0.331758333333333,0.542,0.005,0,0,33.4726702631453,8.63719989817994
circularFollowing,training,101,lmi_e6_t6_y0.1,1,,0,1000,2,0.0984162536588073,0.139112399406638,4.97268857037759,0.245809614176845,3.85226177507926,3.83474892200681,14.7057537582016,2.64016299518125,8.63929962387893,2.50559076886802,6.26766844096797,10.3535077138979,37.6300862824178,0.0920876868293031,2.63185842198218,1.62508402355737,3.79272194117637,7.96663214873117,6,0.0961598147292132,3.79010465353043,2.65078760440901,2.44867215593684,10.0856263174824,1.20776400904033,1.11803398874989,67.3994566346654,154.370751466353,Inf,0.333621666666667,0.545,0.005,0,0,33.4726702631453,8.33519006973014
circularFollowing,training,101,lmi_e6_t6_y1,1,,0,1000,2,0.0984064711699779,0.139111369417716,5.12880737617819,0.246799076086245,5.4862492394133,4.08115903415826,14.7060233173618,2.90260205333862,9.38259163016495,2.50575366194601,6.22672282931714,11.0084913207873,41.761816068734,0.0920876868293031,2.63185842198218,15.1221904067646,37.8727481565706,17.0331197114054,6,0.096140026346973,6.03122660700494,2.98819737957159,2.44909136054615,11.231712459089,17.9393936022253,1.11803398874989,67.0194836051456,154.503002972026,Inf,0.359015,0.528,0.005,0,0,33.4726702631453,8.99096708253449
circularFollowing,training,101,lmi_e6_t6_y3,1,,0,1000,2,0.0985034289706739,0.139177610285502,5.51486859847797,0.24776764143001,9.59548020797805,4.88215613067811,14.7283357245747,3.69023329862722,11.3922571985664,2.50812300763491,6.1860690074382,12.1434619019748,44.9682126428719,0.0920876868293031,2.63185842198218,34.5411733900455,84.5191481558926,35.4063954622453,6,0.0963396725911468,10.2410286839192,3.87134603332438,2.45507798085984,12.5987806304189,37.2085166323316,1.11803398874989,66.1795500776005,154.788509399601,Inf,0.345918333333333,0.539,0.005,0,0,33.4726702631453,10.7941932673561
circularFollowing,training,101,repeated_e1.5_t1.5_y0.1,1,,0,1000,2,0.0446969719819413,0.123283068695131,0.644753494888698,0.112212507212516,1.26496130157175,0.486186527599344,0.200945517681167,0.307081942595541,0.750204715362807,0.122161702899409,0.387311713560347,1.41809674620211,4.51596239501798,0.0744871672223114,0.272760297061983,3.47635060841341,6.28522235541885,4.29132821106306,6,0.0214630878701146,0.667120701215902,0.208325573791775,0.0275024466559182,0.176863491294687,2.39070042551628,1.11803398874989,2.97909144812297,0.751816635391501,5.98,0.330576666666667,0.768,0.005,0,0,33.4726702631453,1.34475295425092
circularFollowing,training,101,repeated_e1.5_t1.5_y1,1,,0,1000,2,0.04597348453453,0.123621945310099,1.17106943904199,0.117735961850621,1.17951112699043,0.489804032297032,0.205906207583765,0.282989601738039,1.43831171593412,0.124634851732078,0.398404994871621,1.50741726560376,4.55832214708516,0.0744871672223114,0.272760297061983,3.18181350975742,15.6852697774892,4.04636485086532,6,0.0196792462000394,0.169108030809311,0.0605457339003171,0.0250127975593555,0.193276603352508,0.668147111069452,1.11803398874989,7.94916574958419,0.797652366551082,3.32,0.34209,0.562,0.005,0,0,33.4726702631453,1.32719750194213
circularFollowing,training,101,repeated_e1.5_t1.5_y3,1,,0,1000,2,0.0439001412181574,0.123030902723688,1.45253372867994,0.114042632215551,0.512486864654234,0.465335608322986,0.192570934827113,0.154419500281715,0.761618298016009,0.117626695576328,0.381509890574428,1.62518254602209,4.76065972789355,0.0744871672223114,0.272760297061983,1.99653247262668,6.03691745142216,1.85390092474485,6,0.0196292208108414,0.119870588482853,0.0477452972925991,0.0241940697353827,0.181624601903869,0.465106677133833,1.11803398874989,10.5917553383364,0.777973584973202,2.46,0.345118333333333,0.548,0.005,0,0,33.4726702631453,1.07287692194942
circularFollowing,training,101,repeated_e1.5_t3_y0.1,1,,0,1000,2,0.026378627131865,0.0924884476024787,0.670570058810253,0.0596083636163025,1.15595687476112,0.419744234454397,0.109762998606499,0.326063344444316,0.777413766964543,0.059366341204004,0.231924439168503,0.997620862897299,3.74830137396198,0.0744871672223114,0.272760297061983,3.47635060841341,6.28522235541885,4.29132821106306,6,0.0259688455816859,0.648235136277481,0.205669708171354,0.0526667798708116,0.260512604886506,2.39070042551628,1.11803398874989,3.21801699282373,2.20930388982573,5.98,0.327796666666667,0.535,0.005,0,0,33.4726702631453,1.11543713278674
circularFollowing,training,101,repeated_e1.5_t3_y1,1,,0,1000,2,0.0264118676236734,0.0924954748622339,1.1391392320659,0.060703612434572,1.09102945232573,0.422104022461374,0.11162143456722,0.320702338810347,1.45721468542667,0.0596194420204913,0.234556858281655,1.03882273208589,3.6686513756267,0.0744871672223114,0.272760297061983,3.18181350975742,15.6852697774892,4.04636485086532,6,0.0259078893506033,0.182429966162744,0.0828313557945828,0.0525078535001993,0.249685136477623,0.668147111069452,1.11803398874989,8.17903252501754,2.21074735693942,3.16,0.318716666666667,0.558,0.005,0,0,33.4726702631453,1.11328790027461
circularFollowing,training,101,repeated_e1.5_t3_y3,1,,0,1000,2,0.0263222775330747,0.0924657817467337,1.42123774862711,0.0606457371121672,0.512294162483905,0.362388854867918,0.105939996994469,0.177284759782041,0.731115073925135,0.0594278173085968,0.233038539052589,1.17216624977473,3.8103243999948,0.0744871672223114,0.272760297061983,1.99653247262668,6.03691745142216,1.85390092474485,6,0.0259087556684767,0.137291096357811,0.0718282852065503,0.0525165558906441,0.24293707622149,0.465106677133833,1.11803398874989,10.9194604272649,2.21858075244742,2.36,0.301911666666667,0.412,0.005,0,0,33.4726702631453,0.852225544849775
circularFollowing,training,101,repeated_e1.5_t6_y0.1,1,,0,1000,2,0.0367091223792816,0.078805719875905,0.712893411476846,0.0884948072837594,1.14796676904409,0.447726486942907,0.402673404286289,0.358628506562794,1.04327005004575,0.13775977704753,0.394266728103132,1.00905962387363,3.54113600571469,0.0744871672223114,0.272760297061983,3.47635060841341,6.28522235541885,4.29132821106306,6,0.0369344596381183,0.670175288630169,0.252466217676443,0.136485550394904,0.541245968811539,2.39070042551628,1.11803398874989,6.04326428930519,9.27701362643208,7.44,0.313528333333333,0.526,0.005,0,0,33.4726702631453,1.28616016169313
circularFollowing,training,101,repeated_e1.5_t6_y1,1,,0,1000,2,0.0367070604672344,0.0787739112788275,1.12922942608529,0.0885591763546757,1.08036138311563,0.457170868156725,0.402874620341059,0.362577920339243,1.51185952425096,0.13769063499775,0.394432109882936,1.04774265730394,3.54978573957509,0.0744871672223114,0.272760297061983,3.18181350975742,15.6852697774892,4.04636485086532,6,0.036931671105312,0.267545817887241,0.167439223660348,0.13654632262877,0.523934243131793,0.668147111069452,1.11803398874989,8.02960684520447,9.26615441004785,3.26,0.346421666666667,0.516,0.005,0,0,33.4726702631453,1.30177497681162
circularFollowing,training,101,repeated_e1.5_t6_y3,1,,0,1000,2,0.0367027415812101,0.0787215435631676,1.36264537822907,0.0885558886329966,0.533532633993317,0.393314468879388,0.402641096096473,0.231833900015481,0.755818765275778,0.137595199893841,0.394428635024952,1.17633729453243,3.67600599007602,0.0744871672223114,0.272760297061983,1.99653247262668,6.03691745142216,1.85390092474485,6,0.0369318203735488,0.239671003411048,0.162669224241542,0.136548757900685,0.520853182544907,0.465106677133833,1.11803398874989,11.0083534407789,9.25664895303593,4.22,0.310396666666666,0.554,0.005,0,0,33.4726702631453,1.06596267474955
circularFollowing,training,101,repeated_e3_t1.5_y0.1,1,,0,1000,2,0.0428123780634493,0.122839446445193,0.516092694574256,0.109651359936639,0.535917206680682,0.214341031476388,0.187597986949614,0.125407765073203,0.285007620875341,0.117363236668242,0.377598407830865,0.643935912419066,2.37800471893813,0.0248080729725409,0.075246167327391,1.47741826428857,2.63758739381729,1.54505808125336,6,0.0202881934772124,0.31952323017281,0.109343906817976,0.0252246701717046,0.238566870377707,1.10267682260265,1.11803398874989,3.74968726495851,0.734640222161248,2.56,0.342453333333333,0.553,0.005,0,0,33.4726702631453,0.807726493264711
circularFollowing,training,101,repeated_e3_t1.5_y1,1,,0,1000,2,0.0437989039656543,0.122990779154257,0.888061927001607,0.114909447765193,0.20809972991047,0.255743314039657,0.190055534889092,0.126576226062903,0.41645241615033,0.118952565360696,0.389273994986958,0.814415975241173,2.86921483351323,0.0248080729725409,0.075246167327391,1.289863316867,3.58022583486179,1.22363091332959,6,0.0197050949747238,0.0878194903569432,0.0488253217279229,0.0243890160013218,0.244695183049576,0.248435895764734,1.11803398874989,5.82901977634973,0.784217858872804,1.58,0.329988333333333,0.496,0.005,0,0,33.4726702631453,0.854024686830582
circularFollowing,training,101,repeated_e3_t1.5_y3,1,,0,1000,2,0.0441309202549365,0.123048060829039,1.2138844429186,0.115725435019251,0.413258492820927,0.304078546989308,0.192062049865787,0.181732261078686,0.795654467583429,0.116428424702884,0.383529051565567,0.888383547700612,3.31923209091121,0.0248080729725409,0.075246167327391,2.13509470808554,10.1488381091387,2.02269159663037,6,0.0197533361371311,0.132983766939796,0.0669361974028601,0.0246595933624143,0.258196577802734,0.501944787256681,1.11803398874989,9.50772842662391,0.803458411603046,2.6,0.328806666666666,0.569,0.005,0,0,33.4726702631453,0.98245043424686
circularFollowing,training,101,repeated_e3_t3_y0.1,1,,0,1000,2,0.0263088265673011,0.0924801302363781,0.60689239789604,0.0600444901640633,0.440403857027345,0.167037838066106,0.104945862601132,0.130340750381059,0.297390640614958,0.058989423378577,0.230132043965162,0.387427727875637,1.56811718076796,0.0248080729725409,0.075246167327391,1.47741826428857,2.63758739381729,1.54505808125336,6,0.0259360646677571,0.315762600167361,0.115701060620412,0.0525838475380531,0.290305296245396,1.10267682260265,1.11803398874989,5.1824456707646,2.21185966030651,2.34,0.330356666666667,0.508,0.005,0,0,33.4726702631453,0.601255312010258
circularFollowing,training,101,repeated_e3_t3_y1,1,,0,1000,2,0.0262630202460876,0.0924548716734,0.941614563119786,0.0604492615033256,0.316380772988616,0.179955753928183,0.102758720231324,0.129354868255202,0.371494760330846,0.0588246574830567,0.229672799491702,0.459399917300926,1.94230218832497,0.0248080729725409,0.075246167327391,1.289863316867,3.58022583486179,1.22363091332959,6,0.025916608182828,0.113399941809055,0.0700031063818181,0.0525539072875462,0.289004739865793,0.248435895764734,1.11803398874989,6.28990703140106,2.2100473532229,1.6,0.327331666666667,0.544,0.005,0,0,33.4726702631453,0.613219922431465
circularFollowing,training,101,repeated_e3_t3_y3,1,,0,1000,2,0.0262538540080672,0.0924437840361812,1.3015429302849,0.0604287014590865,0.50701815300216,0.239388646979022,0.102981580649546,0.187279940045544,0.869302764208378,0.0585732393936202,0.227664829757261,0.542913904949567,2.66146547230215,0.0248080729725409,0.075246167327391,2.13509470808554,10.1488381091387,2.02269159663037,6,0.0259250891084182,0.151076479651458,0.0803353888441561,0.0525866044916924,0.298740068743814,0.501944787256681,1.11803398874989,9.89729915250557,2.21336531625126,2.76,0.346256666666667,0.475,0.005,0,0,33.4726702631453,0.745681201161674
circularFollowing,training,101,repeated_e3_t6_y0.1,1,,0,1000,2,0.0367040189863942,0.0788200468574434,0.646022474490908,0.0885232134512495,0.461948040021622,0.249039095228949,0.402467847740674,0.190864386822473,0.485802388318659,0.137683726498914,0.394356211447654,0.593489301006934,1.75527596091866,0.0248080729725409,0.075246167327391,1.47741826428857,2.63758739381729,1.54505808125336,6,0.0369328574017562,0.368830768835455,0.1884004626358,0.136518111216397,0.560203752611478,1.10267682260265,1.11803398874989,7.81869866329643,9.29827932594011,2.34,0.348571666666667,0.459,0.005,0,0,33.4726702631453,0.867466823710273
circularFollowing,training,101,repeated_e3_t6_y1,1,,0,1000,2,0.0366999886873008,0.0787892448396442,0.894089502911651,0.0885439260691808,0.387372767997669,0.252618521236564,0.402515954110471,0.189809594993829,0.563410503462993,0.1375965095916,0.394422814445968,0.614465575400619,1.72562536212312,0.0248080729725409,0.075246167327391,1.289863316867,3.58022583486179,1.22363091332959,6,0.0369323252320351,0.22991407872611,0.165527886037218,0.136540678870383,0.554806226715647,0.248435895764734,1.11803398874989,7.24598828841997,9.2752962533209,3.06,0.370735,0.474,0.005,0,0,33.4726702631453,0.86951219194079
circularFollowing,training,101,repeated_e3_t6_y3,1,,0,1000,2,0.0366982547263908,0.0787357899821639,1.21535748944764,0.0885398883466931,0.572221134728453,0.294471316473107,0.402567765699384,0.233689098505735,0.898135904924981,0.137592042138132,0.394424579089494,0.658057856340975,2.35677265488248,0.0248080729725409,0.075246167327391,2.13509470808554,10.1488381091387,2.02269159663037,6,0.0369332677720924,0.254717690158788,0.171189896782257,0.136540685693354,0.5577974799393,0.501944787256681,1.11803398874989,10.2088081227544,9.24038058813091,3.06,0.349128333333333,0.534,0.005,0,0,33.4726702631453,0.965972315543572
circularFollowing,training,101,repeated_e6_t1.5_y0.1,1,,0,1000,2,0.0412216300749155,0.122589168039746,0.423637271851206,0.106757937989924,0.458346786515231,0.29871665587316,0.177968722209478,0.196119469977443,0.512712790073039,0.112455037400047,0.365621444001024,0.827810412387119,2.74909235516751,0.0337443567146448,0.185776240770776,1.85052078042331,2.76909317143025,1.94485870374711,6,0.0196443641106081,0.430755287206312,0.173429773271942,0.0246010571542937,0.529966885298722,1.45780664983853,1.11803398874989,7.06727569093895,0.715627341460484,0.54,0.359363333333333,0.524,0.005,0,0,33.4726702631453,0.970017323181464
circularFollowing,training,101,repeated_e6_t1.5_y1,1,,0,1000,2,0.0430920618535895,0.123055447872362,0.787958255874885,0.11136807328403,0.78746197370526,0.399020107230945,0.188916932472845,0.288239533031776,1.25019895397863,0.114957173812456,0.376135336417437,1.00445717420294,3.64846157400663,0.0337443567146448,0.185776240770776,3.41084046418147,14.2274790620194,3.4851216364386,6,0.0196892421747808,0.231158746290563,0.140963467443845,0.0244067142242297,0.537230228480888,0.603333950731594,1.11803398874989,8.3939306234964,0.750422464021129,3.26,0.352776666666667,0.519,0.005,0,0,33.4726702631453,1.20829111944004
circularFollowing,training,101,repeated_e6_t1.5_y3,1,,0,1000,2,0.0741782780166276,0.13450728277786,1.38827795784831,0.196877626056775,0.53035456804069,0.427779394627214,0.342414291666091,0.289005318900805,1.186309665421,0.258243094896067,0.797412430675426,1.15235914706423,3.81515987441599,0.0337443567146448,0.185776240770776,1.8731636895945,7.3525148817014,1.98662478207201,6,0.020173896746934,0.414932106105482,0.200240621986557,0.0274275361296162,0.569762627511893,1.48879387138435,1.11803398874989,31.3571815268355,1.30683818001861,8.94,0.359211666666667,0.53,0.005,0,0,33.4726702631453,1.55026524738073
circularFollowing,training,101,repeated_e6_t3_y0.1,1,,0,1000,2,0.0262539834755527,0.0925629331770769,0.559997470594,0.0608237828884123,0.518473708313158,0.263824539307466,0.103742436527418,0.201273451826222,0.532993137164059,0.0585776594729433,0.227603167908335,0.627361803766272,1.8739909143204,0.0337443567146448,0.185776240770776,1.85052078042331,2.76909317143025,1.94485870374711,6,0.0258959062589235,0.428750602775409,0.179968497838881,0.0524892633917495,0.560186553768217,1.45780664983853,1.11803398874989,8.57026362396711,2.2417033569826,3.74,0.350558333333333,0.577,0.005,0,0,33.4726702631453,0.790559099161225
circularFollowing,training,101,repeated_e6_t3_y1,1,,0,1000,2,0.0264554547138855,0.0926744771187397,0.919262337053069,0.0604776776176839,0.885740398818754,0.356652908910043,0.113141399705576,0.293288569812641,1.30452098965184,0.059904320448162,0.244071915274311,0.741088659104493,2.80808801972631,0.0337443567146448,0.185776240770776,3.41084046418147,14.2274790620194,3.4851216364386,6,0.0259234194293273,0.236461330800423,0.147092497752267,0.0525720538756516,0.56256219455012,0.603333950731594,1.11803398874989,7.70900678250827,2.23430199482859,3.74,0.350856666666666,0.521,0.005,0,0,33.4726702631453,0.999349418585035
circularFollowing,training,101,repeated_e6_t3_y3,1,,0,1000,2,0.0276545111905354,0.0932679919064839,1.39117473738235,0.0673842040429789,0.504620971354861,0.298358670642873,0.146466089341829,0.232083625788183,0.898672800232656,0.0726540946842222,0.358145967496382,0.69031318016199,2.33447655072703,0.0337443567146448,0.185776240770776,1.8731636895945,7.3525148817014,1.98662478207201,6,0.0259355844585131,0.412775655519269,0.20152671452125,0.0525865613903596,0.595451521900519,1.48879387138435,1.11803398874989,30.9235094737014,2.22287456282683,8.94,0.351981666666667,0.517,0.005,0,0,33.4726702631453,0.878774999514118
circularFollowing,training,101,repeated_e6_t6_y0.1,1,,0,1000,2,0.0366979165417968,0.078907513558702,0.627604782749572,0.0885628078584826,0.565750656726725,0.328430017333372,0.402518774370633,0.246896191338732,0.590085116436917,0.137584235905753,0.394465225468699,0.796535407337991,2.30008020333059,0.0337443567146448,0.185776240770776,1.85052078042331,2.76909317143025,1.94485870374711,6,0.0369302795377403,0.47425163470007,0.234663500429219,0.136542310096134,0.752904502551442,1.45780664983853,1.11803398874989,11.7629439999522,9.49944896170567,5.62,0.360383333333333,0.511,0.005,0,0,33.4726702631453,1.02007862956303
circularFollowing,training,101,repeated_e6_t6_y1,1,,0,1000,2,0.0366939652154953,0.0788947931869812,0.98963162559856,0.0885453022939217,0.943641399975978,0.403478326527437,0.402715731492464,0.331463564730546,1.36504065035758,0.137518922346757,0.394426160151943,0.844607866347969,2.52257902863185,0.0337443567146448,0.185776240770776,3.41084046418147,14.2274790620194,3.4851216364386,6,0.0369327323809888,0.313911094468768,0.212406443176614,0.136537788053383,0.755496930153739,0.603333950731594,1.11803398874989,11.019477871381,9.46703427637416,3.72,0.351271666666667,0.515,0.005,0,0,33.4726702631453,1.19878835488564
circularFollowing,training,101,repeated_e6_t6_y3,1,,0,1000,2,0.0367061840833572,0.0787799885902445,1.40168028828914,0.0885440772101597,0.565696768019887,0.347451991182387,0.402715346659237,0.268020275751268,0.875305218155983,0.137680027584759,0.394379779180113,0.816026434481679,2.14457186213288,0.0337443567146448,0.185776240770776,1.8731636895945,7.3525148817014,1.98662478207201,6,0.0369328034570911,0.457664641662128,0.252262161707866,0.136525772877165,0.782884020586444,1.48879387138435,1.11803398874989,30.0939187287606,9.39844698818073,8.94,0.350276666666667,0.501,0.005,0,0,33.4726702631453,1.06630767923244
circularFollowing,training,102,lmi_e1.5_t1.5_y0.1,1,,0,1000,2,0.0330269440313405,0.12479754493243,0.872841041485609,0.0780565588845904,0.445814200067649,0.374126717473549,0.33084898684453,0.250671912325776,0.690256508888815,0.146315012884692,0.436861285565078,1.02425019826408,3.94492931578632,0.0339208814484416,0.24821630872846,0.994551818025484,1.48859162339567,1.17606618618626,6,0.0305076614238598,0.371714772179615,0.237063136324178,0.143607074760331,0.769362650752883,0.795163149659084,1.11803398874989,14.3118068016617,8.03094177745791,3.32,0.35298,0.884,0.005,0,0,33.4726702631453,1.03646330461777
circularFollowing,training,102,lmi_e1.5_t1.5_y1,1,,0,1000,2,0.0330330740462987,0.124791475034682,1.10370310735884,0.0778815338318768,0.78947489638957,0.430840116318532,0.33092024153161,0.323484745524229,1.07823298396204,0.146194833986298,0.436774451020424,1.04670605062072,4.09357151294892,0.0339208814484416,0.24821630872846,2.70349488252343,10.8327452896507,2.77689196694183,6,0.0305173500479618,0.350240650201493,0.240056859105158,0.143577996280833,0.775856785485865,0.657471674555802,1.11803398874989,13.3741435122173,7.98745716475401,3.44,0.352483333333333,0.508,0.005,0,0,33.4726702631453,1.18664144163559
circularFollowing,training,102,lmi_e1.5_t1.5_y3,1,,0,1000,2,0.0330048110734751,0.124632401433964,1.35969374498398,0.0779049501761036,0.715739343827548,0.441514516074948,0.331204964736402,0.339280523303057,0.988126121266482,0.146450676162102,0.436649300791171,1.04290827604185,3.84965447034604,0.0339208814484416,0.24821630872846,2.30448504749351,8.79799406666371,2.44863972013555,6,0.0305261564135035,0.551906035213796,0.301161107933522,0.143557893232162,0.799960871636386,1.76472634018284,1.11803398874989,30.0101327515413,7.89346958350483,10.66,0.353825,0.511,0.005,0,0,33.4726702631453,1.21719081254924
circularFollowing,training,102,lmi_e1.5_t3_y0.1,1,,0,1000,2,0.0553100191885004,0.111775683975112,0.809789999910744,0.129144726175001,0.884433913319121,0.8500411517817,2.0972845696852,0.547727453363668,1.62925881926971,0.595506624430779,1.73208715734112,2.40059880444104,7.12090443603204,0.0339208814484416,0.24821630872846,0.994551818025484,1.48859162339567,1.17606618618626,6,0.0561020638357725,0.886656946312843,0.489504820672597,0.631906541927173,2.62992293931135,0.795163149659084,1.11803398874989,19.4946435303737,34.1504440138418,12,0.354653333333333,0.551,0.005,0,0,33.4726702631453,2.12867485950055
circularFollowing,training,102,lmi_e1.5_t3_y1,1,,0,1000,2,0.0553119701579399,0.111832502168779,0.981451653133408,0.129137676473231,1.09767357684347,0.876222950605657,2.09742773242782,0.583518222138275,1.64434830421421,0.595500859420846,1.73154690864556,2.41691042936533,7.4279153764347,0.0339208814484416,0.24821630872846,2.70349488252343,10.8327452896507,2.77689196694183,6,0.0561034879661703,0.867694106766887,0.493789681490501,0.631914180363542,2.65071275747496,0.657471674555802,1.11803398874989,18.904191610771,34.1453397419144,12,0.358215,0.518,0.005,0,0,33.4726702631453,2.20353823172901
circularFollowing,training,102,lmi_e1.5_t3_y3,1,,0,1000,2,0.0553103608883641,0.111840795528664,1.25067247993957,0.129137561396469,1.03512470827096,0.886688083920348,2.09725794174377,0.596929706719205,1.75598470561174,0.595498408289746,1.73072252169043,2.43074604964106,7.80062234728038,0.0339208814484416,0.24821630872846,2.30448504749351,8.79799406666371,2.44863972013555,6,0.0561044331388778,0.949013101651933,0.538508010195381,0.63191349522153,2.67681195980455,1.76472634018284,1.11803398874989,31.207592421605,34.1447881452343,12,0.346416666666667,0.573,0.005,0,0,33.4726702631453,2.23311223225026
circularFollowing,training,102,lmi_e1.5_t6_y0.1,1,,0,1000,2,0.0919735770528373,0.124754020681802,1.93977765793253,0.212035299788766,2.60929384955839,2.59572619161828,13.8531470611127,1.6985972836284,6.40295884014377,2.34489379118247,6.36235635031843,7.24565421267755,20.6084027955905,0.0339208814484416,0.24821630872846,0.994551818025484,1.48859162339567,1.17606618618626,6,0.0939632570705172,2.6705921760775,1.83037397444379,2.43550294905123,7.18215780947711,0.795163149659084,1.11803398874989,34.5998736022059,166.055140426909,Inf,0.359251666666667,0.597,0.005,0,0,33.4726702631453,5.76606118032067
circularFollowing,training,102,lmi_e1.5_t6_y1,1,,0,1000,2,0.0919766810934183,0.124906664708074,2.05616083346879,0.212036589183142,2.70523259213606,2.60410002565684,13.8600878287937,1.72564300232513,6.38745616720434,2.34506056694884,6.36264470625528,7.19984452128688,19.3138225301268,0.0339208814484416,0.24821630872846,2.70349488252343,10.8327452896507,2.77689196694183,6,0.0939684321542731,2.66854296043026,1.83055493791246,2.43561186554367,7.20808294690652,0.657471674555802,1.11803398874989,34.3846029172467,166.207877377873,Inf,0.354198333333333,0.664,0.005,0,0,33.4726702631453,5.81102171984182
circularFollowing,training,102,lmi_e1.5_t6_y3,1,,0,1000,2,0.0919789293652843,0.125220205219296,2.24352040537732,0.212048084559127,2.67619525075604,2.6076520742266,13.8574195751737,1.71362997765538,6.49097872638105,2.34501614038349,6.36292190066473,7.26984307054124,20.1591193422016,0.0339208814484416,0.24821630872846,2.30448504749351,8.79799406666371,2.44863972013555,6,0.0939746908705686,2.69821275989763,1.8374072148047,2.43572393787316,7.23203661716492,1.76472634018284,1.11803398874989,33.9717423005366,166.514288369812,12,0.36115,0.527,0.005,0,0,33.4726702631453,5.80101786307186
circularFollowing,training,102,lmi_e3_t1.5_y0.1,1,,0,1000,2,0.0330366680152243,0.125058771564153,0.800333844942735,0.0781102099752852,0.824218593473206,0.796609089729952,0.331279479225451,0.584787661795114,1.69481754914975,0.146293387315268,0.436749952467686,1.99318632851744,6.02370452459351,0.0543454770738167,0.770193785061703,0.844767983402866,2.07855321846673,2.12493054834963,6,0.0305133926736493,0.830580524796707,0.624556924010265,0.143553742933888,1.91633762922329,0.663578777918713,1.11803398874989,21.9361884799329,8.32690060413181,Inf,0.358678333333333,0.574,0.005,0,0,33.4726702631453,1.89857926944596
circularFollowing,training,102,lmi_e3_t1.5_y1,1,,0,1000,2,0.0330336346662928,0.125085152477035,0.991334772604133,0.0779096928924365,1.48360156257637,0.901654277592215,0.331610802780837,0.712174766888474,1.87473118754959,0.146281247892418,0.436448657468976,2.03847239770536,6.34604214557825,0.0543454770738167,0.770193785061703,4.75065012157878,13.5251297240908,5.16001111262357,6,0.0305177003803885,1.23294712804907,0.706655682966435,0.143555482848456,1.9436017737487,3.52334878433404,1.11803398874989,21.2095236142466,8.31911017439459,Inf,0.338393333333333,0.563,0.005,0,0,33.4726702631453,2.16238035998095
circularFollowing,training,102,lmi_e3_t1.5_y3,1,,0,1000,2,0.0330280067718939,0.12505103351387,1.37437923088893,0.0781351559270314,2.70004365709679,1.21846703064153,0.333048824531059,1.05953252321212,3.59045416415073,0.146237327918352,0.435969794754948,2.21238276499502,9.19967119608032,0.0543454770738167,0.770193785061703,9.88182168794684,37.03785292333,10.1061787066813,6,0.0305318790825475,2.505621294826,1.04433718786281,0.143387914000302,2.18191345701309,9.10415211442564,1.11803398874989,19.7676915984805,8.29542344954912,Inf,0.363486666666667,0.536,0.005,0,0,33.4726702631453,2.89182166714218
circularFollowing,training,102,lmi_e3_t3_y0.1,1,,0,1000,2,0.0553095965434104,0.111698248638008,1.59758384500544,0.129146267737279,1.17364078257016,1.15090610272209,2.09710672552407,0.802106092599176,2.20731313606859,0.595526897080185,1.7310771404973,3.05672938145437,9.79150015585863,0.0543454770738167,0.770193785061703,0.844767983402866,2.07855321846673,2.12493054834963,6,0.0561018928142867,1.14280936271259,0.763119152516818,0.631948559393832,3.08457023427782,0.663578777918713,1.11803398874989,30.1453108806439,34.5349438407322,11.8,0.344693333333333,0.51,0.005,0,0,33.4726702631453,2.76865402692333
circularFollowing,training,102,lmi_e3_t3_y1,1,,0,1000,2,0.0553117470173615,0.111716477298261,1.67409377499016,0.129112269149128,1.73163522500175,1.23306335827112,2.09709731424752,0.914053684582951,2.41098478582488,0.595512417028306,1.73094367627506,3.0660121384877,9.78660554008415,0.0543454770738167,0.770193785061703,4.75065012157878,13.5251297240908,5.16001111262357,6,0.0561048634281981,1.46033814706302,0.844793102597705,0.631956161852532,3.08963172252495,3.52334878433404,1.11803398874989,29.5570453442552,34.5665421004598,11.96,0.331848333333333,0.463,0.005,0,0,33.4726702631453,2.99442726703706
circularFollowing,training,102,lmi_e3_t3_y3,1,,0,1000,2,0.0553129046949129,0.111742320394481,1.86366889693956,0.129070595990379,2.8932311399366,1.48582704701882,2.09684248070639,1.21112081407254,3.57326379961648,0.595512753805213,1.73095908565161,3.19082358512131,10.8238644236499,0.0543454770738167,0.770193785061703,9.88182168794684,37.03785292333,10.1061787066813,6,0.0561057961392415,2.64646898781119,1.1502252703193,0.631919026533313,3.20497980342801,9.10415211442564,1.11803398874989,28.3649877507631,34.6272812773399,12,0.336891666666666,0.505,0.005,0,0,33.4726702631453,3.61353539211848
circularFollowing,training,102,lmi_e3_t6_y0.1,1,,0,1000,2,0.0919718580088312,0.12496932211608,2.29605077927474,0.212068218202869,2.71493078108444,2.70320140159932,13.8488508455707,1.76293436234713,6.54248560092618,2.34472702350067,6.36246922825858,7.55370208270154,20.6378082565195,0.0543454770738167,0.770193785061703,0.844767983402866,2.07855321846673,2.12493054834963,6,0.0939666515945057,2.75826757490811,1.86425714010385,2.435424673057,7.50454671428964,0.663578777918713,1.11803398874989,43.7069778963688,161.297631710666,Inf,0.343196666666667,0.475,0.005,0,0,33.4726702631453,5.95632772132288
circularFollowing,training,102,lmi_e3_t6_y1,1,,0,1000,2,0.0919733569901501,0.125020046947529,2.35534217281901,0.212177839279639,3.00179246803836,2.73169374334274,13.8563525973779,1.81642512786142,7.15306486224346,2.34486875663191,6.36419691829339,7.53162261508936,21.041353853798,0.0543454770738167,0.770193785061703,4.75065012157878,13.5251297240908,5.16001111262357,6,0.0939733021482373,2.89985359757828,1.89427846257616,2.43561829626377,7.52807165408502,3.52334878433404,1.11803398874989,43.2626259230123,161.41219087268,Inf,0.332691666666667,0.563,0.005,0,0,33.4726702631453,6.05890834864222
circularFollowing,training,102,lmi_e3_t6_y3,1,,0,1000,2,0.0919646170420995,0.125135181243407,2.47457739410743,0.212247133309483,3.760410856635,2.84157229934724,13.8526357727454,1.95097677518109,7.76155730476736,2.34462886769285,6.3642887644709,7.6704019924541,21.8673584488363,0.0543454770738167,0.770193785061703,9.88182168794684,37.03785292333,10.1061787066813,6,0.0939708888682285,3.6099262138184,2.04868924532644,2.43569353317739,7.59662760509059,9.10415211442564,1.11803398874989,42.3483668355727,161.654781854569,Inf,0.329095,0.516,0.005,0,0,33.4726702631453,6.35568011927398
circularFollowing,training,102,lmi_e6_t1.5_y0.1,1,,0,1000,2,0.0330114498933291,0.124693500759301,2.2256642512698,0.0779578451183091,2.71960842552943,2.64950098428281,0.330777051657388,1.73042052291837,5.74271002599555,0.146118908471815,0.43661883422747,7.40674423975532,25.5854477166399,0.0935092628899856,2.63979650127905,2.47281222955214,4.66302147237932,8.04129398924403,6,0.0305096342619176,2.8800095115589,1.9109165202447,0.14338510809188,7.73150881529027,2.11044382155388,1.11803398874989,39.8989561424545,7.93740302058813,Inf,0.337613333333333,0.523,0.005,0,0,33.4726702631453,5.27230439272109
circularFollowing,training,102,lmi_e6_t1.5_y1,1,,0,1000,2,0.0330160363033264,0.124729149736054,2.99510062787774,0.0777305165793587,7.71206493573544,3.53840529283354,0.332991619495373,2.74383472066356,7.8040875632549,0.145316849717049,0.43519564203084,7.79899192330667,26.1559992627963,0.0935092628899856,2.63979650127905,28.1019826974061,54.1900732145013,29.2413369215302,6,0.0304912983120586,7.76494422745438,2.9094029972581,0.142816175041545,8.07296102481001,28.0529917696832,1.11803398874989,39.5983340650292,7.94187287544647,Inf,0.338325,0.481,0.005,0,0,33.4726702631453,7.37762818902171
circularFollowing,training,102,lmi_e6_t1.5_y3,1,,0,1000,2,0.0330050283621567,0.124734404443891,3.23492281967592,0.0780183601903931,8.95320280461145,3.86327175681927,0.333848291073107,2.98357056929665,8.66919629927427,0.145272440889808,0.435342310805862,8.89390828519187,29.9286622594757,0.0935092628899856,2.63979650127905,33.6843181530379,83.8171973320529,34.6329029920199,6,0.0305720090490522,7.61378293266937,2.97020366333331,0.142205059389075,8.73954516699379,27.4287227691496,1.11803398874989,38.9434903091651,7.94409730210038,Inf,0.334365,0.538,0.005,0,0,33.4726702631453,8.07597307925324
circularFollowing,training,102,lmi_e6_t3_y0.1,1,,0,1000,2,0.0552994807482851,0.111527986663897,2.55546762566765,0.129124909965319,2.79104439530529,2.7218655177603,2.09585825141336,1.76288250200177,5.44925064802629,0.595320862935492,1.73179390693895,7.66376843270569,25.7330871409203,0.0935092628899856,2.63979650127905,2.47281222955214,4.66302147237932,8.04129398924403,6,0.0560888028264574,2.95640885882331,1.9348532165579,0.631642811405226,8.04140602562537,2.11044382155388,1.11803398874989,47.8172970003275,33.4394324600706,Inf,0.330991666666667,0.602,0.005,0,0,33.4726702631453,5.61151349802753
circularFollowing,training,102,lmi_e6_t3_y1,1,,0,1000,2,0.0553086410978536,0.111487883340277,3.24854090016366,0.129357150817516,7.74401453585381,3.60287539303615,2.09816184555581,2.77717612735646,7.50253339653126,0.595153445362248,1.73422261652955,8.02549307795612,25.1955836557855,0.0935092628899856,2.63979650127905,28.1019826974061,54.1900732145013,29.2413369215302,6,0.0560837577170514,7.80367904465905,2.9448803162965,0.631299211106201,8.3280765201171,28.0529917696832,1.11803398874989,47.3335822528701,33.4853496321816,Inf,0.350795,0.711,0.005,0,0,33.4726702631453,7.71253728128267
circularFollowing,training,102,lmi_e6_t3_y3,1,,0,1000,2,0.0553205442541073,0.111410311205546,3.45670032438948,0.129014007025445,8.99309163679951,3.91038737764504,2.0972787428126,3.00272647149293,8.32866291823553,0.595103590924999,1.73450133517572,9.08830242630775,31.8288624140207,0.0935092628899856,2.63979650127905,33.6843181530379,83.8171973320529,34.6329029920199,6,0.0561095478443813,7.65308141413815,2.97278792879078,0.63117547693317,8.98430418629774,27.4287227691496,1.11803398874989,46.2807751234426,33.5756604314884,Inf,0.35001,0.722,0.005,0,0,33.4726702631453,8.37631887078848
circularFollowing,training,102,lmi_e6_t6_y0.1,1,,0,1000,2,0.0920199223076792,0.124145849221895,4.41363066332092,0.21220113088126,3.9456369910045,3.89486105672598,13.8620219252702,2.41901545926426,7.17891739982868,2.34563900173791,6.37156231809053,11.2601435400359,37.693921647594,0.0935092628899856,2.63979650127905,2.47281222955214,4.66302147237932,8.04129398924403,6,0.0940232420790647,4.12684390490373,2.63118660446095,2.43643768869151,11.5950964200743,2.11044382155388,1.11803398874989,67.8159747712369,154.354339449897,Inf,0.354651666666667,0.534,0.005,0,0,33.4726702631453,8.01025884961248
circularFollowing,training,102,lmi_e6_t6_y1,1,,0,1000,2,0.0920745736091183,0.124165930695007,4.88719011035174,0.212445511831686,8.22420035670433,4.52062729808103,13.8737326921246,3.3217712097497,8.41346953984249,2.3468319483441,6.36708453692878,10.8995391436521,38.4927099435749,0.0935092628899856,2.63979650127905,28.1019826974061,54.1900732145013,29.2413369215302,6,0.0941057006636519,8.29886694267818,3.46675043000582,2.43796732739483,11.297387594524,28.0529917696832,1.11803398874989,67.4259746660099,154.478825463977,Inf,0.353428333333333,0.481,0.005,0,0,33.4726702631453,9.744195984321
circularFollowing,training,102,lmi_e6_t6_y3,1,,0,1000,2,0.0920097806037219,0.124125894787803,5.02940251455156,0.213135428238464,9.41968181247584,4.80176254694242,13.8604590546831,3.55832853274074,11.7249561610623,2.3454615699495,6.370317870867,11.9271316739935,37.6690481124294,0.0935092628899856,2.63979650127905,33.6843181530379,83.8171973320529,34.6329029920199,6,0.093980779396589,8.22823953584948,3.56134222072006,2.43510983997005,12.2574839737496,27.4287227691496,1.11803398874989,66.5668358870589,154.747141284819,Inf,0.345536666666667,0.488,0.005,0,0,33.4726702631453,10.4221812063174
circularFollowing,training,102,repeated_e1.5_t1.5_y0.1,1,,0,1000,2,0.0419659294196774,0.122535608927584,0.642202799590662,0.115502665655147,1.26389065478022,0.479680229293454,0.196196983662277,0.307046617567806,0.752412134216826,0.116507524028353,0.364182228017095,1.38660933273914,4.42808605734277,0.0749730355907861,0.271835495441473,3.50457755917873,6.29758054631832,4.31520051658949,6,0.0218712631345021,0.680571502446044,0.211962085095427,0.0187188205701769,0.198682626179584,2.43552756375142,1.11803398874989,2.90854368350518,0.726774398435502,6.36,0.35212,0.537,0.005,0,0,33.4726702631453,1.31107439588021
circularFollowing,training,102,repeated_e1.5_t1.5_y1,1,,0,1000,2,0.0434089000806509,0.122811079183894,1.17518399600844,0.124593568054039,1.17680474254429,0.488332492426288,0.203576828249181,0.287313815353026,1.43934591033768,0.119981267467489,0.380573320438253,1.48902688655672,4.50725050242221,0.0749730355907861,0.271835495441473,3.1851457736075,15.703768121108,4.04712536237717,6,0.0184001761232757,0.155420765978326,0.0581055543498011,0.0162936077488671,0.216117484729735,0.616662182926595,1.11803398874989,7.91991337643621,0.77918925877708,3.28,0.339873333333333,0.533,0.005,0,0,33.4726702631453,1.30652200882391
circularFollowing,training,102,repeated_e1.5_t1.5_y3,1,,0,1000,2,0.0413426301694405,0.122236640901059,1.45821898312849,0.121610295721209,0.515442441336605,0.463541154711834,0.189936557624469,0.162836479118083,0.769320007750967,0.112653846472048,0.363062407706899,1.60693160138993,4.6819840819193,0.0749730355907861,0.271835495441473,2.00210591205965,6.04356935422865,1.86202969761173,6,0.0178933353665331,0.112539947435993,0.0473169637013223,0.01620576871422,0.202005180042921,0.423296833264981,1.11803398874989,10.7528541908953,0.758062763972474,2.46,0.3292,0.576,0.005,0,0,33.4726702631453,1.06048558020856
circularFollowing,training,102,repeated_e1.5_t3_y0.1,1,,0,1000,2,0.0260782701356868,0.0931975163605988,0.674132636435213,0.0598150440377859,1.16275399741048,0.424883255144876,0.112113119217813,0.330750216834828,0.880738408478086,0.0477206505978246,0.22360538364511,1.00764010447462,4.01657411671226,0.0749730355907861,0.271835495441473,3.50457755917873,6.29758054631832,4.31520051658949,6,0.0243405009255049,0.658815952244506,0.201111504646949,0.0418610719793892,0.295107484252051,2.43552756375142,1.11803398874989,3.25810117573279,2.17851405251042,6.36,0.348696666666667,0.546,0.005,0,0,33.4726702631453,1.12381115592145
circularFollowing,training,102,repeated_e1.5_t3_y1,1,,0,1000,2,0.0259660105329255,0.0931774291909585,1.14606120312106,0.0603672715147344,1.09645500865767,0.431042445029062,0.113424168302582,0.329584188033264,1.52747326770342,0.04835433203224,0.226724924436264,1.05287145430894,3.95443799970576,0.0749730355907861,0.271835495441473,3.1851457736075,15.703768121108,4.04712536237717,6,0.0240612804672179,0.172151453041317,0.0815312066774215,0.0422605515048618,0.282928253611675,0.616662182926595,1.11803398874989,8.08861447384633,2.17998093685656,3.18,0.341388333333333,0.583,0.005,0,0,33.4726702631453,1.12940277225757
circularFollowing,training,102,repeated_e1.5_t3_y3,1,,0,1000,2,0.025900829744086,0.0931680134126229,1.42860026954639,0.0594940505312092,0.522384161470525,0.369615745845039,0.107971633495817,0.188976428628648,0.819229451277296,0.0479288334701349,0.224176202623868,1.17926571012362,4.02334453615002,0.0749730355907861,0.271835495441473,2.00210591205965,6.04356935422865,1.86202969761173,6,0.0240624459608311,0.131972085859133,0.0703703807460117,0.0422548804782878,0.276491379139702,0.423296833264981,1.11803398874989,11.1386157218928,2.18977713452123,2.4,0.360928333333333,0.512,0.005,0,0,33.4726702631453,0.87281429672288
circularFollowing,training,102,repeated_e1.5_t6_y0.1,1,,0,1000,2,0.035881022888448,0.0798325056704476,0.710971761418834,0.0918077000866492,1.15218446781768,0.450777733772906,0.395092568921182,0.356398102986614,1.13954230174144,0.123987915984892,0.351399581386999,1.03981459088842,3.96288687904259,0.0749730355907861,0.271835495441473,3.50457755917873,6.29758054631832,4.31520051658949,6,0.0344851971098781,0.673815966613598,0.228892780041915,0.120034798669232,0.597324043812696,2.43552756375142,1.11803398874989,5.78759302976036,8.65687776748809,7.72,0.362095,0.486,0.005,0,0,33.4726702631453,1.27956935303539
circularFollowing,training,102,repeated_e1.5_t6_y1,1,,0,1000,2,0.0358811793908932,0.0798212123854348,1.13121095666801,0.0916868425279184,1.08268324246658,0.463446201406351,0.395261161572873,0.364382624251359,1.74252682850591,0.123957897040449,0.35073063882888,1.07864823066578,4.06933675977787,0.0749730355907861,0.271835495441473,3.1851457736075,15.703768121108,4.04712536237717,6,0.034465470963467,0.252125754526609,0.146544824089059,0.120199377545537,0.575382131232126,0.616662182926595,1.11803398874989,8.09560941232077,8.64821395164089,3.18,0.361518333333333,0.532,0.005,0,0,33.4726702631453,1.30330668854481
circularFollowing,training,102,repeated_e1.5_t6_y3,1,,0,1000,2,0.0358770293502087,0.0797922040983296,1.36561955965984,0.0916885068389917,0.540991297497003,0.398875109791039,0.395249149026583,0.234103602753053,1.04016170316013,0.123887225766394,0.350776051883403,1.19704010746859,3.99166920160265,0.0749730355907861,0.271835495441473,2.00210591205965,6.04356935422865,1.86202969761173,6,0.0344666899066343,0.226186241834246,0.140282120247208,0.120190634290445,0.57304450126496,0.423296833264981,1.11803398874989,11.2197917687772,8.6419646251123,3.96,0.331546666666666,0.442,0.005,0,0,33.4726702631453,1.06638552050191
circularFollowing,training,102,repeated_e3_t1.5_y0.1,1,,0,1000,2,0.0395755917854291,0.12202358834718,0.518412847431077,0.112534392860826,0.533238042408112,0.211477030516919,0.181728785563185,0.124339672666191,0.299159335251632,0.111353543026519,0.35307738223816,0.633808517204553,2.39414513895661,0.0260051414353039,0.0812522523857036,1.48343589918061,2.62115247573901,1.56572304101502,6,0.0196888240814673,0.330758187556593,0.115376228680246,0.0160861310188361,0.256601680052361,1.12534898832714,1.11803398874989,3.69670838982906,0.707655694857808,3,0.344716666666667,0.554,0.005,0,0,33.4726702631453,0.771196966627584
circularFollowing,training,102,repeated_e3_t1.5_y1,1,,0,1000,2,0.0407431586031181,0.122109558373752,0.894096977424546,0.119728470596132,0.217689156891663,0.255757405382723,0.184888375554318,0.130554477471954,0.430483668370099,0.113300968933107,0.367082749562679,0.80614537953364,2.88156444513812,0.0260051414353039,0.0812522523857036,1.29099134543512,3.538803689247,1.22524626981392,6,0.0183280600904966,0.101690317014242,0.0571693616290452,0.0156645016701639,0.256459532644021,0.176145473605817,1.11803398874989,5.99726517099331,0.7545672962329,1.52,0.324548333333333,0.53,0.005,0,0,33.4726702631453,0.829769616881818
circularFollowing,training,102,repeated_e3_t1.5_y3,1,,0,1000,2,0.0413190969975032,0.1221619035217,1.22890119113492,0.121938372395399,0.400528212009399,0.298395045175519,0.18625044620917,0.176914529665772,0.716373289958891,0.110101265252126,0.360847559712197,0.876105704045945,3.46106477227743,0.0260051414353039,0.0812522523857036,2.08288984503731,9.86132582953069,1.96386979605034,6,0.0185834624876001,0.1408291289267,0.0706816439155669,0.0156726198018683,0.258726599200992,0.388425358317943,1.11803398874989,9.70068090169021,0.762223792479038,2.66,0.346078333333333,0.504,0.005,0,0,33.4726702631453,0.942241170115765
circularFollowing,training,102,repeated_e3_t3_y0.1,1,,0,1000,2,0.0260012964782638,0.0931921996271178,0.616380311303112,0.0596873240988276,0.446789098428271,0.176141428825178,0.107441601477477,0.131041293707007,0.317923150555686,0.0474268584691641,0.221828036476658,0.437029145113734,1.93902443528434,0.0260051414353039,0.0812522523857036,1.48343589918061,2.62115247573901,1.56572304101502,6,0.0242120023449939,0.324913045318727,0.112885613673029,0.0420589850711999,0.331041536780589,1.12534898832714,1.11803398874989,5.21559016279413,2.18302087939983,2.4,0.341743333333333,0.481,0.005,0,0,33.4726702631453,0.609501381219398
circularFollowing,training,102,repeated_e3_t3_y1,1,,0,1000,2,0.0259453176158072,0.0931652754818608,0.952061173751498,0.0594836222588256,0.320260626581366,0.185881391648402,0.105380221981946,0.127089698960746,0.439237198808438,0.0472896530865656,0.221459780839574,0.499056215833337,2.28832601208438,0.0260051414353039,0.0812522523857036,1.29099134543512,3.538803689247,1.22524626981392,6,0.024110984739624,0.124428134330961,0.0712698054262269,0.0422231203988908,0.325516414595808,0.176145473605817,1.11803398874989,6.51084245354221,2.18010834976957,2.64,0.356966666666667,0.456,0.005,0,0,33.4726702631453,0.61344381724623
circularFollowing,training,102,repeated_e3_t3_y3,1,,0,1000,2,0.0260036434090727,0.0931705805772564,1.31693068004155,0.0600586561242066,0.490073769853503,0.234201225041888,0.106234951773136,0.174038414783164,0.710102192487312,0.0471143160048553,0.220727152187286,0.572385411374252,2.91431792503717,0.0260051414353039,0.0812522523857036,2.08288984503731,9.86132582953069,1.96386979605034,6,0.0241257781417246,0.159997121468259,0.0823896854768424,0.0422134618646415,0.325033077043796,0.388425358317943,1.11803398874989,10.1662532844317,2.18378987785607,2.86,0.350871666666667,0.482,0.005,0,0,33.4726702631453,0.722590345931906
circularFollowing,training,102,repeated_e3_t6_y0.1,1,,0,1000,2,0.0358735755708252,0.0798415010961763,0.65029495353129,0.0917527674957432,0.466268072528994,0.255733845063935,0.395054572488514,0.180426714942227,0.488652126811727,0.123960415737137,0.351157565463222,0.672517816094268,2.00597020032912,0.0260051414353039,0.0812522523857036,1.48343589918061,2.62115247573901,1.56572304101502,6,0.0344766703112435,0.366838326348636,0.160481936652104,0.120121090458009,0.617299000247323,1.12534898832714,1.11803398874989,7.65550820962531,8.67566323435487,3,0.342681666666667,0.607,0.005,0,0,33.4726702631453,0.854092748811559
circularFollowing,training,102,repeated_e3_t6_y1,1,,0,1000,2,0.0358687852286754,0.0798302804586995,0.898224213101327,0.0917151950065024,0.390905561471692,0.258099412171468,0.395208997474053,0.179495197517387,0.661243287978589,0.12390661409205,0.350939196463516,0.684140154972512,2.17226327469548,0.0260051414353039,0.0812522523857036,1.29099134543512,3.538803689247,1.22524626981392,6,0.0344698497006899,0.22072831257577,0.13870716808805,0.120181801804539,0.609018924190545,0.176145473605817,1.11803398874989,7.03303443678413,8.6559345766847,3.32,0.35739,0.47,0.005,0,0,33.4726702631453,0.85450627831603
circularFollowing,training,102,repeated_e3_t6_y3,1,,0,1000,2,0.0358653008850433,0.0798060871300291,1.22087072576368,0.0917276834077819,0.557009845218127,0.291437254819938,0.395281680332364,0.215930104260119,0.814448477081431,0.123919625738981,0.350982280968582,0.720120599129727,2.74891876078601,0.0260051414353039,0.0812522523857036,2.08288984503731,9.86132582953069,1.96386979605034,6,0.0344708499947885,0.243592469492359,0.146019146113466,0.120180494427411,0.60879183073498,0.388425358317943,1.11803398874989,10.5010529728984,8.63060870957393,2.86,0.338375,0.459,0.005,0,0,33.4726702631453,0.934537337196616
circularFollowing,training,102,repeated_e6_t1.5_y0.1,1,,0,1000,2,0.0374150065686512,0.121681412127065,0.44104694335289,0.109519835265658,0.425037000251939,0.295602204539763,0.171015611685976,0.202479231699073,0.499415750527492,0.106112019214575,0.339911680624783,0.791276256659277,2.51058613900456,0.0360023601281354,0.199395292629152,1.67683105928416,2.52871583322897,1.76310626136171,6,0.0176536270599402,0.402165185991393,0.181825915397796,0.0161754405658463,0.526077891360996,1.31504622293585,1.11803398874989,6.89938242077275,0.686144359695305,0.54,0.30758,0.506,0.005,0,0,33.4726702631453,0.937363780416513
circularFollowing,training,102,repeated_e6_t1.5_y1,1,,0,1000,2,0.0393279301167599,0.122049724912086,0.799910548950496,0.115204754579135,0.758206355671347,0.391281223630488,0.179234157309298,0.28867605779321,1.04149048093165,0.107171601441365,0.348673557345237,0.961760293141611,3.29594931017638,0.0360023601281354,0.199395292629152,3.27255659314512,13.9562063401985,3.32492837694691,6,0.0182057260759272,0.259833193827553,0.164234669782289,0.0158187697916562,0.524519022288684,0.598329451092616,1.11803398874989,8.135441038772,0.716832914060526,3.28,0.314685,0.562,0.005,0,0,33.4726702631453,1.16298347538234
circularFollowing,training,102,repeated_e6_t1.5_y3,1,,0,1000,2,0.0702876314932654,0.133303121232161,1.41326518432289,0.192472722984023,0.571768563250229,0.440866860512636,0.341319492438178,0.310668097907996,1.02514399818111,0.255646835178044,0.774733548538742,1.14145127270008,3.71586763782492,0.0360023601281354,0.199395292629152,2.06944891389217,8.85853347750752,2.15338879796988,6,0.0202003693482315,0.467362391004195,0.230157569223027,0.0172748449349863,0.554031778207183,1.59402695165715,1.11803398874989,31.2139491704714,1.33080284101854,10.64,0.352203333333333,0.445,0.005,0,0,33.4726702631453,1.55250276528866
circularFollowing,training,102,repeated_e6_t3_y0.1,1,,0,1000,2,0.0259195523465211,0.0932697382419905,0.578922351092122,0.0597648425843211,0.479809309407881,0.263234242561221,0.10622127363416,0.201184417481455,0.504729889496428,0.0472305016422413,0.219431357672635,0.62453559643554,1.73987563077237,0.0360023601281354,0.199395292629152,1.67683105928416,2.52871583322897,1.76310626136171,6,0.0240350217431179,0.403285123729644,0.188714283246693,0.0423704857951162,0.560810875145501,1.31504622293585,1.11803398874989,8.40500526388115,2.21938471832879,2.62,0.350223333333333,0.638,0.005,0,0,33.4726702631453,0.786471477715228
circularFollowing,training,102,repeated_e6_t3_y1,1,,0,1000,2,0.0263104220602589,0.0933937788086398,0.936237707963607,0.0628606780780283,0.847764771569151,0.347263749576714,0.115499370346787,0.283698318572704,0.997263022508953,0.048528990972586,0.238092161561412,0.732004241269224,2.73087250083003,0.0360023601281354,0.199395292629152,3.27255659314512,13.9562063401985,3.32492837694691,6,0.0241062790371875,0.27022904841713,0.168651675329861,0.0422242554150699,0.553531409124695,0.598329451092616,1.11803398874989,7.56748676439149,2.20982086349801,3.32,0.303903333333333,0.47,0.005,0,0,33.4726702631453,0.976901706001841
circularFollowing,training,102,repeated_e6_t3_y3,1,,0,1000,2,0.027171739824373,0.0940818994335119,1.4186378508678,0.0754629319305218,0.557253651329858,0.31459926668116,0.148953245347444,0.251199864548044,0.703868533270931,0.0625982604908517,0.355320541534443,0.696874338651954,2.5403579846975,0.0360023601281354,0.199395292629152,2.06944891389217,8.85853347750752,2.15338879796988,6,0.0241326535856628,0.475282717124238,0.231971496317461,0.0421729583933081,0.575340772737721,1.59402695165715,1.11803398874989,30.8158418914099,2.19565245325443,10.66,0.307621666666667,0.54,0.005,0,0,33.4726702631453,0.913491995070209
circularFollowing,training,102,repeated_e6_t6_y0.1,1,,0,1000,2,0.0358638999431667,0.079920353403552,0.644720446112387,0.0916834381352633,0.532851119499927,0.330160160441314,0.395305347314336,0.238334889380407,0.659064347799703,0.123925360335985,0.350663064804884,0.840746813303926,2.5760475367924,0.0360023601281354,0.199395292629152,1.67683105928416,2.52871583322897,1.76310626136171,6,0.0344635942151549,0.444929099244235,0.223054574160641,0.120241374538477,0.765142371466591,1.31504622293585,1.11803398874989,11.334514110537,8.85966054656324,3.2,0.330863333333333,0.504,0.005,0,0,33.4726702631453,1.00345814085327
circularFollowing,training,102,repeated_e6_t6_y1,1,,0,1000,2,0.0358692459655527,0.0799081268592073,0.998870843049978,0.0917173479547291,0.909529218067604,0.397957342978639,0.395511701954636,0.317918424326846,1.13955114517977,0.123871063510463,0.350879534937754,0.879484469706192,2.79165886205537,0.0360023601281354,0.199395292629152,3.27255659314512,13.9562063401985,3.32492837694691,6,0.0344699913239781,0.32949833480537,0.205901461905893,0.120187538533464,0.762355343718817,0.598329451092616,1.11803398874989,10.5527346626077,8.82934696228312,3.42,0.310543333333333,0.496,0.005,0,0,33.4726702631453,1.17042620225046
circularFollowing,training,102,repeated_e6_t6_y3,1,,0,1000,2,0.0358720779095047,0.0798570585791527,1.42971132878736,0.0917366893833063,0.623059688018487,0.365106029354315,0.395211073803398,0.281461244501752,0.835569916637718,0.123908195574416,0.350840858692767,0.858359583265272,2.44931312752005,0.0360023601281354,0.199395292629152,2.06944891389217,8.85853347750752,2.15338879796988,6,0.0344723547767483,0.515753331326554,0.261493398607805,0.12017659290857,0.775720934062244,1.59402695165715,1.11803398874989,29.7959530649188,8.76617524417098,10.66,0.29888,0.41,0.005,0,0,33.4726702631453,1.09331518475161
avoidanceSwerve,training,101,lmi_e1.5_t1.5_y0.1,1,,0,1000,2,0.205641777470553,0.234170297016762,2.47404090736456,0.56241932075714,1.80147724711171,2.05997133935844,7.61026079798886,0.403681196002285,1.30664034118306,0.292720348170299,0.910572940639636,9.81452546814329,30.5638353795702,0.0421256612479387,0.327604358567745,2.55536696928843,4.35079406442193,2.91819667516839,3.25,0.158455176692084,1.36429064765545,0.362624173652311,0.297654067534364,6.59024386547153,1.93830511611234,1.11803398874989,14.2720226005134,7.68466298059694,5.18,0.363698461538462,1.002,0.005,13.8286654735318,0.82123185476894,95.0118413672738,4.82668526033876
avoidanceSwerve,training,101,lmi_e1.5_t1.5_y1,1,,0,1000,2,0.218032823019075,0.241836968665202,3.00620899707091,0.638901027406474,4.84095594997809,9.22373288547313,8.49319494526295,2.2113622665757,6.45951758900708,0.30758529405238,0.855556538222512,40.0854119934252,72.3271859715884,0.0421256612479387,0.327604358567745,22.0378277705908,40.835032875733,22.3349552373657,3.25,0.157109356644606,4.96503101679732,2.5602950381265,0.287917630192216,42.4237325266017,24.6421648387005,1.11803398874989,13.9369566332219,7.68504737179897,Inf,0.357695384615385,0.451,0.005,13.8286654735318,0.82123185476894,95.0118413672738,14.6201351620272
avoidanceSwerve,training,101,lmi_e1.5_t1.5_y3,1,,0,1000,2,0.224955581782693,0.246200346266709,4.26595764472883,0.672433170220023,6.50340363980029,12.6471565030167,8.96502139336681,4.28920665786028,13.0845829837288,0.322940850256656,0.948411004978549,49.8946434624071,103.529344598606,0.0421256612479387,0.327604358567745,31.2426119486111,76.8033592180916,31.8417363540445,3.25,0.158810243531379,6.81296204999198,4.95170823396902,0.286550737155205,52.4648360047846,34.8988486775093,1.11803398874989,13.3942264853195,7.68595643594857,5.58,0.358138461538462,0.459,0.005,13.8286654735318,0.82123185476894,95.0118413672738,20.8068978260289
avoidanceSwerve,training,101,lmi_e1.5_t3_y0.1,1,,0,1000,2,0.0600724497813301,0.139543614673914,2.6529814583096,0.16492975546487,1.10450823163382,1.46318737952818,7.51990646757272,0.552256902553442,1.46464393398102,0.509792580074079,1.3674640442583,6.51529095960428,20.349469629416,0.0421256612479387,0.327604358567745,2.55536696928843,4.35079406442193,2.91819667516839,3.25,0.0574424161689499,0.897485000239555,0.539980614438836,0.529724586935767,4.56205984361978,1.93830511611234,1.11803398874989,20.3517870372407,33.7547463114338,6.28,0.367378461538461,0.516,0.005,13.8286654735318,0.82123185476894,95.0118413672738,3.00829649484104
avoidanceSwerve,training,101,lmi_e1.5_t3_y1,1,,0,1000,2,0.0615677126663463,0.139996279150102,3.16862191581722,0.165072897257537,4.49557085284385,8.98821589654494,8.11677979090536,2.19927093091031,5.87014137843666,0.509114748156568,1.36571018556182,38.9129142885663,70.0019888819635,0.0421256612479387,0.327604358567745,22.0378277705908,40.835032875733,22.3349552373657,3.25,0.057570029298485,4.83105082982228,2.55006685213168,0.529095072788691,42.1497518623183,24.6421648387005,1.11803398874989,20.2106852661204,33.7564167516965,Inf,0.329809230769231,0.446,0.005,13.8286654735318,0.82123185476894,95.0118413672738,12.7968018461973
avoidanceSwerve,training,101,lmi_e1.5_t3_y3,1,,0,1000,2,0.0627289936204664,0.140340250627082,4.36471208105334,0.165129878950416,6.17866138862532,12.3982559016037,8.5287140567384,4.23782095068726,13.1977922806247,0.508975511892174,1.36303601938663,48.7344554212751,102.442162403774,0.0421256612479387,0.327604358567745,31.2426119486111,76.8033592180916,31.8417363540445,3.25,0.0578436129771599,6.62667900225419,4.90108713176997,0.528626876866496,51.8859629532327,34.8988486775093,1.11803398874989,19.9424467773789,33.7600883632636,6.28,0.356218461538462,0.481,0.005,13.8286654735318,0.82123185476894,95.0118413672738,18.8498229218342
avoidanceSwerve,training,101,lmi_e1.5_t6_y0.1,1,,0,1000,2,0.088915050146878,0.157506641116738,4.30362476067154,0.226602673799594,2.65003107128523,2.81115139143342,15.9010735551284,1.69310476546479,4.34822083933706,1.65444895365723,4.32064803045261,11.0557031328985,28.2004417121938,0.0421256612479387,0.327604358567745,2.55536696928843,4.35079406442193,2.91819667516839,3.25,0.0881164726212468,2.54443392683888,1.53709342717495,1.55115754763403,10.2877183286395,1.93830511611234,1.11803398874989,34.1363251071715,148.12036388512,Inf,0.344473846153846,0.488,0.005,13.8286654735318,0.82123185476894,95.0118413672738,6.48650065897808
avoidanceSwerve,training,101,lmi_e1.5_t6_y1,1,,0,1000,2,0.088783950260477,0.157443054008356,4.5888849332342,0.225974595214853,5.04002408495573,9.23700391575447,16.0723554175357,2.67757859157976,6.68855784300932,1.65173928748474,4.32675542220538,39.7612729257771,73.2184929330914,0.0421256612479387,0.327604358567745,22.0378277705908,40.835032875733,22.3349552373657,3.25,0.087927586797945,5.34589926160475,2.90694994803546,1.54857084415904,43.0048964684249,24.6421648387005,1.11803398874989,34.089557191768,146.77974984933,Inf,0.407221538461538,0.597,0.005,13.8286654735318,0.82123185476894,95.0118413672738,14.1952512709197
avoidanceSwerve,training,101,lmi_e1.5_t6_y3,1,,0,1000,2,0.0888392614813752,0.157447212085022,5.44314821918286,0.226581339306227,6.54561402719706,12.5336758116873,16.225772315524,4.49393823246471,13.8296188981655,1.652536855788,4.32801373774761,49.203207446055,103.176465815873,0.0421256612479387,0.327604358567745,31.2426119486111,76.8033592180916,31.8417363540445,3.25,0.0880429650196863,6.99797194481787,5.09735890046349,1.55073971141738,52.4712308970254,34.8988486775093,1.11803398874989,33.9920255130508,144.680430281075,Inf,0.357270769230769,0.487,0.005,13.8286654735318,0.82123185476894,95.0118413672738,19.7169105689542
avoidanceSwerve,training,101,lmi_e3_t1.5_y0.1,1,,0,1000,2,0.2035970375852,0.232975983504665,2.79449041066462,0.548080402161239,1.76079824416316,1.87643192856897,7.47792377077007,0.659237825971295,1.59009974824677,0.292470119230335,0.927841252046871,8.59727952009112,27.6466742422072,0.0496295153369272,0.746092759419417,1.58400366875228,3.24934298528566,2.94260603540902,3.25,0.1591149083744,1.39597990358652,0.663806179011725,0.301131367404482,5.66723621291712,0.585399188214427,1.11803398874989,22.1389514217852,7.68125531520517,6.28,0.354055384615385,0.619,0.005,13.8286654735318,0.82123185476894,95.0118413672738,5.07390193181282
avoidanceSwerve,training,101,lmi_e3_t1.5_y1,1,,0,1000,2,0.212057240861861,0.238129790059971,2.7278699731914,0.600895480719839,2.82742038011684,4.53242018263765,8.09465044535767,0.841338029813784,2.47013327427186,0.301330503632365,0.900380597922855,21.1004801661506,44.3911796431146,0.0496295153369272,0.746092759419417,9.37959160019112,17.2405046860131,9.77352180810859,3.25,0.158440486795613,2.41886126254642,0.90003456239095,0.297050247924804,18.8490887154521,9.25221065901461,1.11803398874989,21.6061698532312,7.68131659863565,6.38,0.336366153846154,0.515,0.005,13.8286654735318,0.82123185476894,95.0118413672738,8.02334450147628
avoidanceSwerve,training,101,lmi_e3_t1.5_y3,1,,0,1000,2,0.217179014434557,0.241306763555664,2.95497442052869,0.623978241496011,4.04877735109778,7.11810748394453,8.52136158816029,1.84250207053844,6.32712879778886,0.315567524202605,0.918998263563473,30.7882342472729,75.3516848665329,0.0496295153369272,0.746092759419417,15.6640974634188,42.5069113309388,15.8306920478814,3.25,0.160437769294811,3.54184890593778,1.79046925970625,0.304168577222833,27.5065552799823,14.7422230675595,1.11803398874989,20.477780355393,7.6815839428614,6.28,0.324424615384615,0.45,0.005,13.8286654735318,0.82123185476894,95.0118413672738,12.014441134877
avoidanceSwerve,training,101,lmi_e3_t3_y0.1,1,,0,1000,2,0.05981642275718,0.139953534667017,3.80454229110836,0.164949286213693,1.16717410398802,1.31319582788611,7.42139487901346,0.712331680910664,1.69484135363507,0.509604480680431,1.36711234866649,5.30737632215345,16.6028745391441,0.0496295153369272,0.746092759419417,1.58400366875228,3.24934298528566,2.94260603540902,3.25,0.0574485344373385,1.08739174442973,0.699643287394566,0.529783397573233,3.97828509339577,0.585399188214427,1.11803398874989,31.4024543106269,33.6872466311921,6.3,0.317547692307692,0.446,0.005,13.8286654735318,0.82123185476894,95.0118413672738,3.08430285382382
avoidanceSwerve,training,101,lmi_e3_t3_y1,1,,0,1000,2,0.0608181177764683,0.140178389664991,3.70557057082242,0.164872599146047,2.3289842713451,4.14961261747173,7.85117654533635,0.894734636292912,2.84356966438637,0.508964022335868,1.36690736265629,19.0722736840829,36.4218482047859,0.0496295153369272,0.746092759419417,9.37959160019112,17.2405046860131,9.77352180810859,3.25,0.0575956983417921,2.16556218400325,0.915705293073991,0.529313908497685,17.9671422806724,9.25221065901461,1.11803398874989,30.8541924389566,33.687388309971,6.44,0.307138461538462,0.446,0.005,13.8286654735318,0.82123185476894,95.0118413672738,6.21210518716709
avoidanceSwerve,training,101,lmi_e3_t3_y3,1,,0,1000,2,0.0616121500641126,0.140352083304375,3.7776330581421,0.164720835164452,3.54771982500177,6.69010607803191,8.19016767852829,1.76631980676083,6.5668161127743,0.50864922705439,1.36506580913894,28.8566645677385,73.9380459490856,0.0496295153369272,0.746092759419417,15.6640974634188,42.5069113309388,15.8306920478814,3.25,0.0578569666478724,3.07757434233551,1.63582612768764,0.529125746787003,25.8400075701035,14.7422230675595,1.11803398874989,29.6966105323303,33.6877585361048,6.28,0.318643076923077,0.439,0.005,13.8286654735318,0.82123185476894,95.0118413672738,9.92009402771048
avoidanceSwerve,training,101,lmi_e3_t6_y0.1,1,,0,1000,2,0.0889260300271632,0.15845757647532,4.76259217047616,0.226706104456724,2.63607898538624,2.69997673263609,15.8818213384695,1.74815244848412,4.75628015661962,1.65472381074715,4.31612804632896,10.0017932998329,24.6702612310801,0.0496295153369272,0.746092759419417,1.58400366875228,3.24934298528566,2.94260603540902,3.25,0.0881547627814733,2.54672004706404,1.57555724523641,1.55171877014181,9.53736532841016,0.585399188214427,1.11803398874989,44.9469006442516,160.093030598246,Inf,0.334166153846154,0.579,0.005,13.8286654735318,0.82123185476894,95.0118413672738,6.38592385720646
avoidanceSwerve,training,101,lmi_e3_t6_y1,1,,0,1000,2,0.0888800073181503,0.158372736635166,4.70151462800126,0.226586266434931,3.25570611070378,4.69236238484374,16.0281097133896,1.77778030841731,4.86389805727498,1.65389543269742,4.32446109021212,20.7453604332789,44.5114553171174,0.0496295153369272,0.746092759419417,9.37959160019112,17.2405046860131,9.77352180810859,3.25,0.088075707131064,3.12734856600481,1.674343357578,1.55131228033568,19.786311561963,9.25221065901461,1.11803398874989,44.6096013643202,155.742610778489,Inf,0.339270769230769,0.775,0.005,13.8286654735318,0.82123185476894,95.0118413672738,8.59343277667192
avoidanceSwerve,training,101,lmi_e3_t6_y3,1,,0,1000,2,0.0888740985571176,0.157838729326968,4.7888783151354,0.226694787167572,4.17392943082362,6.99132615983894,16.1337298634856,2.31070618593837,7.58883845149521,1.65394026520237,4.33165799094999,29.8481022838084,77.2887974621767,0.0496295153369272,0.746092759419417,15.6640974634188,42.5069113309388,15.8306920478814,3.25,0.0881012210635879,3.85754138229516,2.26903390968372,1.55154265923939,26.8735210666871,14.7422230675595,1.11803398874989,43.8937647031107,144.411678728868,Inf,0.301473846153846,0.49,0.005,13.8286654735318,0.82123185476894,95.0118413672738,11.4797738142096
avoidanceSwerve,training,101,lmi_e6_t1.5_y0.1,1,,0,1000,2,0.201646844880028,0.231755832514832,4.71266149018412,0.53435869409515,3.15833951184291,3.18531396511724,7.41449604455638,1.99185623029118,7.41394018267859,0.297058054617144,0.961801262386331,11.9648228290836,36.229092953586,0.0964592887440828,2.75260726157,0.565006899150903,1.51856825005673,9.84152189119237,3.25,0.159531717947359,3.06617617522202,2.15556722314015,0.310066307040337,10.6528205666493,0.474897962315251,1.11803398874989,40.1665475189083,7.67310026997086,6.5,0.298806153846154,0.371,0.005,13.8286654735318,0.82123185476894,95.0118413672738,8.39314547519935
avoidanceSwerve,training,101,lmi_e6_t1.5_y1,1,,0,1000,2,0.201645039885947,0.23182585687622,4.61304004100039,0.524954603253524,4.0673196920616,5.76099782733016,7.50330827367697,2.17341672515357,7.26802141993858,0.302663382240384,0.983752959135419,24.6868361839303,60.4190869498192,0.0964592887440828,2.75260726157,10.6829497529501,24.5501864959402,14.7238810112523,3.25,0.162264092109383,3.86787797284676,2.30880302096612,0.318960769136484,23.327444551914,10.6925874837111,1.11803398874989,39.6264526143343,7.68989730785071,6.5,0.305341538461538,0.516,0.005,13.8286654735318,0.82123185476894,95.0118413672738,11.3006510859527
avoidanceSwerve,training,101,lmi_e6_t1.5_y3,1,,0,1000,2,0.205382128285036,0.234131488385673,5.07889860747141,0.546857146360109,5.88411398636576,9.94989952274673,7.67316600043091,3.44351740648243,10.7718186282638,0.297062888814564,0.926108856113402,40.4533576050756,89.6343815676826,0.0964592887440828,2.75260726157,21.6995222789543,54.947153822753,24.3186871590264,3.25,0.163063644451893,5.13117122672814,3.21222227729901,0.308450675448302,36.139366123379,20.4254623266999,1.11803398874989,38.4006135903974,7.7077469554624,6.5,0.301569230769231,0.494,0.005,13.8286654735318,0.82123185476894,95.0118413672738,17.0315276168303
avoidanceSwerve,training,101,lmi_e6_t3_y0.1,1,,0,1000,2,0.0597806104808707,0.139545061268407,5.1530993613976,0.164924371773812,2.87377298601095,2.88806420235743,7.36311451147007,2.03761153356132,7.38549360875511,0.509484902187447,1.36496458810484,9.85126741482998,27.4000745534192,0.0964592887440828,2.75260726157,0.565006899150903,1.51856825005673,9.84152189119237,3.25,0.0574801212204193,2.9400234029162,2.22479367317715,0.52991979388014,9.36548580388354,0.474897962315251,1.11803398874989,48.6969249511883,33.6925349896989,6.5,0.302249230769231,0.388,0.005,13.8286654735318,0.82123185476894,95.0118413672738,6.64328265489734
avoidanceSwerve,training,101,lmi_e6_t3_y1,1,,0,1000,2,0.0599050320088313,0.13953655326061,5.05058474957488,0.16482479211369,3.68885639430266,5.36580761393419,7.27442617177707,2.13520228251446,7.56028536068063,0.509703397024622,1.36432143459352,23.0018419286908,60.4861016930104,0.0964592887440828,2.75260726157,10.6829497529501,24.5501864959402,14.7238810112523,3.25,0.0578978847743591,3.6529640036637,2.31065266249085,0.529783107313776,22.2500779174385,10.6925874837111,1.11803398874989,47.7155035527737,33.6995940989749,6.5,0.309756923076923,0.61,0.005,13.8286654735318,0.82123185476894,95.0118413672738,9.4698232708554
avoidanceSwerve,training,101,lmi_e6_t3_y3,1,,0,1000,2,0.0602249842629308,0.139608631990321,5.44500254810534,0.164757149581775,5.51641623562067,9.59648029600893,7.36241772827807,3.36715834257261,9.46417110540982,0.509244890949861,1.36406969790287,38.9353785596489,90.3428610836577,0.0964592887440828,2.75260726157,21.6995222789543,54.947153822753,24.3186871590264,3.25,0.0580864907683901,5.02156367717669,3.20901781836673,0.529447486299277,35.6860541571458,20.4254623266999,1.11803398874989,45.4048754450097,33.7213567227305,6.5,0.299701538461539,0.353,0.005,13.8286654735318,0.82123185476894,95.0118413672738,15.1236422397043
avoidanceSwerve,training,101,lmi_e6_t6_y0.1,1,,0,1000,2,0.0888749754859671,0.157233947228707,7.63808038519143,0.225895285555617,3.60410130260897,3.61569793940845,15.8917666899568,2.42525436162187,7.72061026834844,1.65247552366176,4.30312430508531,12.9360359334421,37.571863043416,0.0964592887440828,2.75260726157,0.565006899150903,1.51856825005673,9.84152189119237,3.25,0.0880971346540081,3.55476744186247,2.30985113299143,1.55142368602074,13.0045408054221,0.474897962315251,1.11803398874989,67.186559397218,144.373355731647,Inf,0.305353846153846,0.587,0.005,13.8286654735318,0.82123185476894,95.0118413672738,8.32646566479183
avoidanceSwerve,training,101,lmi_e6_t6_y1,1,,0,1000,2,0.0887987717008191,0.157195760993756,7.52418880345226,0.225874604386437,4.26800986490627,5.76413083045769,15.9201148536091,2.42498970322475,8.57521392297074,1.6544312667252,4.33842538461923,24.6778515468243,64.526066216763,0.0964592887440828,2.75260726157,10.6829497529501,24.5501864959402,14.7238810112523,3.25,0.0880932643969354,4.2124893347499,2.42447285405574,1.55174898881936,23.9891375325649,10.6925874837111,1.11803398874989,66.475803584323,144.70091905999,Inf,0.309784615384615,0.63,0.005,13.8286654735318,0.82123185476894,95.0118413672738,10.6735374328225
avoidanceSwerve,training,101,lmi_e6_t6_y3,1,,0,1000,2,0.0888189557162079,0.157158499693827,7.71346128389282,0.225895101943256,5.87884090564773,9.77793293867756,16.0118499628091,3.4632136913904,10.2690008059551,1.65414388900785,4.34498078039742,40.0501384150619,89.7087825616954,0.0964592887440828,2.75260726157,21.6995222789543,54.947153822753,24.3186871590264,3.25,0.0881003692524467,5.49246112310182,3.35760581725999,1.55161539933834,36.8138452513041,20.4254623266999,1.11803398874989,64.8331403587089,145.89464779018,Inf,0.355889230769231,0.483,0.005,13.8286654735318,0.82123185476894,95.0118413672738,15.8246446229553
avoidanceSwerve,training,101,repeated_e1.5_t1.5_y0.1,1,,0,1000,2,0.868413832224361,0.741376702862592,1.65642182350577,1.43678299442509,4.93196665812688,5.66585852278487,7.69840670228995,1.79159072789135,3.12949616739452,2.56388352615902,4.03509927323402,26.8038206975876,60.2500234540319,0.310931937316902,1.44107500241527,5.87278958191206,10.4320261554028,10.4026819993521,3.25,0.953491997921427,4.96580040068915,2.08877711275454,3.00526491442464,25.8954932727589,4.36927907379241,1.11803398874989,2.76163067780695,1.38979183443982,Inf,0.300769230769231,0.388,0.005,13.8286654735318,0.82123185476894,95.0118413672738,17.6280839175438
avoidanceSwerve,training,101,repeated_e1.5_t1.5_y1,1,,0,1000,2,0.978245606028925,0.830810394759881,4.09358627256376,1.80479896566472,9.19634273835743,16.2642809824335,8.38438383373426,4.81966954534104,9.11413955099715,2.6543851913875,4.3937071110457,67.5081805760324,105.30669292924,0.310931937316902,1.44107500241527,37.6446350478206,70.6082650213238,43.1406780597334,3.25,1.08619826646943,8.16949086273224,3.81472545782788,3.10005942447226,62.9159345591907,34.8259321577346,1.11803398874989,6.45163562409238,1.38437607349382,Inf,0.301523076923077,0.559,0.005,13.8286654735318,0.82123185476894,95.0118413672738,32.9234312661778
avoidanceSwerve,training,101,repeated_e1.5_t1.5_y3,1,,0,1000,2,0.829087219484328,0.709478498622377,7.82889335413535,1.61685061373825,11.3957225511747,22.7230180394551,7.57748338974224,9.24070146850447,17.4368965316091,1.94391252291319,3.27046457809242,82.9613807191242,154.732362480196,0.310931937316902,1.44107500241527,63.067395162004,144.753990634852,68.4480692367266,3.25,0.897260268577483,9.79998336242442,8.44374914115097,2.23927323556398,77.8672464951484,63.315864414539,1.11803398874989,12.3871378281387,1.38342059726213,5.92,0.305676923076923,0.548,0.005,13.8286654735318,0.82123185476894,95.0118413672738,43.3645512756771
avoidanceSwerve,training,101,repeated_e1.5_t3_y0.1,1,,0,1000,2,0.353314298834928,0.319536108882145,1.16448889056085,0.797645721979155,4.17959872431285,4.91547339737935,8.17476807367142,0.964612749848479,2.89053620695936,1.14451031121482,2.55804524466313,23.9828995409528,63.7020299486584,0.310931937316902,1.44107500241527,5.87278958191206,10.4320261554028,10.4026819993521,3.25,0.339480739137503,3.34041792727917,1.09696590528462,1.32270609233296,17.9829851312826,4.36927907379241,1.11803398874989,3.836078068949,1.98962217174397,5.12,0.309430769230769,0.479,0.005,13.8286654735318,0.82123185476894,95.0118413672738,10.2589483962368
avoidanceSwerve,training,101,repeated_e1.5_t3_y1,1,,0,1000,2,0.386119437922242,0.344847418160404,4.73918741424549,0.932898575650814,9.50437982069001,16.7848240300897,9.14375228729735,5.58842364655562,11.1227939107624,1.13876781790729,2.59383338465216,66.4836553003239,104.32060442641,0.310931937316902,1.44107500241527,37.6446350478206,70.6082650213238,43.1406780597334,3.25,0.373258142057302,8.1278868473535,5.01448840315578,1.32013870587783,59.1544925448058,34.8259321577346,1.11803398874989,6.21224321486119,1.98962991333697,Inf,0.308516923076923,0.445,0.005,13.8286654735318,0.82123185476894,95.0118413672738,28.3347727323984
avoidanceSwerve,training,101,repeated_e1.5_t3_y3,1,,0,1000,2,0.364060011997421,0.327791781768964,8.54477905227067,0.886147054850188,12.3360394719894,23.7911901901944,8.47505230588522,10.1110397520149,19.3933023502299,0.890249410303555,2.0473726664163,84.1677768397997,150.138402401419,0.310931937316902,1.44107500241527,63.067395162004,144.753990634852,68.4480692367266,3.25,0.347121014960996,10.8830213746367,9.71423867688972,1.00660105455184,77.9189744399088,63.315864414539,1.11803398874989,12.1219499657925,1.98964880841015,5.84,0.346756923076923,0.446,0.005,13.8286654735318,0.82123185476894,95.0118413672738,40.6962349919639
avoidanceSwerve,training,101,repeated_e1.5_t6_y0.1,1,,0,1000,2,0.118819090116252,0.139194245731048,1.2311778990054,0.348393771094438,3.13352130190432,3.99224211244913,8.58561366649397,0.869712069701615,1.80831106428592,0.449165962507817,1.20995000025498,19.687144281943,57.0000437984557,0.310931937316902,1.44107500241527,5.87278958191206,10.4320261554028,10.4026819993521,3.25,0.0903763558217587,1.73207992941815,0.884312858901642,0.41287101862793,9.64102342199806,4.36927907379241,1.11803398874989,6.04057492631174,9.06376606140065,5.64,0.360766153846154,0.47,0.005,13.8286654735318,0.82123185476894,95.0118413672738,6.86504389695435
avoidanceSwerve,training,101,repeated_e1.5_t6_y1,1,,0,1000,2,0.131646055068531,0.146975908198323,4.73061704490432,0.402315435170568,8.91990594260265,16.3204883565589,9.5798459697558,5.54164058654529,10.5202277827641,0.4075460336689,1.09427754274781,64.071573738823,104.66653303735,0.310931937316902,1.44107500241527,37.6446350478206,70.6082650213238,43.1406780597334,3.25,0.0935783721339174,7.16692427608476,5.05442509834747,0.399271132158586,54.3468787462642,34.8259321577346,1.11803398874989,6.16456763639264,9.06365552019345,Inf,0.356523076923077,0.479,0.005,13.8286654735318,0.82123185476894,95.0118413672738,25.2140564715405
avoidanceSwerve,training,101,repeated_e1.5_t6_y3,1,,0,1000,2,0.12922538299814,0.145477563379939,8.70017805719433,0.383453384517379,12.4205104318996,23.9532311778132,9.15645120072147,10.2819218917093,19.8433853378335,0.336502607755852,0.937366848389075,83.9360659321282,148.657793004978,0.310931937316902,1.44107500241527,63.067395162004,144.753990634852,68.4480692367266,3.25,0.094906738520992,10.9083828875852,9.91216796545231,0.334732309520644,76.8409577303671,63.315864414539,1.11803398874989,12.0915967453124,9.06344415992854,5.82,0.368772307692308,0.456,0.005,13.8286654735318,0.82123185476894,95.0118413672738,38.6433107998257
avoidanceSwerve,training,101,repeated_e3_t1.5_y0.1,1,,0,1000,2,0.803148902873287,0.688483842207473,1.81944175463061,1.31795886248737,4.1856010400584,4.77452829061325,7.32970636654472,1.88774490950237,3.56347569974518,2.29403552230184,3.69096694043498,21.6732798663143,47.6928911606638,0.0919500632936451,0.797383699714527,5.16109440026872,9.25359044529018,6.74526911409593,3.25,0.87093396013959,4.29331104034856,2.18140535771042,2.68397985425982,20.925112002465,3.10999221400814,1.11803398874989,4.37059618292421,1.38844369371074,Inf,0.347532307692308,0.557,0.005,13.8286654735318,0.82123185476894,95.0118413672738,16.1416348210005
avoidanceSwerve,training,101,repeated_e3_t1.5_y1,1,,0,1000,2,0.998233287887257,0.847132303804796,3.28554176008656,1.79428988366309,7.98691740644729,14.4073588815231,8.68098467943195,3.63049247648543,7.04707263379748,2.86156610566425,4.59470920651795,63.3388625518874,97.1082281228835,0.0919500632936451,0.797383699714527,34.5889412159894,56.6228704460266,36.4468753168236,3.25,1.11110031893926,7.2529614564631,2.71451208264258,3.34985208517936,60.6367821790762,32.692731752601,1.11803398874989,10.1662899568171,1.38319254866169,Inf,0.364430769230769,0.469,0.005,13.8286654735318,0.82123185476894,95.0118413672738,29.9110903422209
avoidanceSwerve,training,101,repeated_e3_t1.5_y3,1,,0,1000,2,0.931047179134204,0.792321147032769,6.29339057472048,1.70039518666872,9.0966225902771,18.1310431626095,8.30365860498084,6.66861835436844,15.8576278880391,2.58275645360979,4.30809142403048,69.9941518969526,127.116058183429,0.0919500632936451,0.797383699714527,49.0235652173488,97.7320394131388,51.6684768669737,3.25,1.02688650661055,7.92942144614065,5.84078193114901,3.01800629206839,66.7989526794879,48.6181752268751,1.11803398874989,18.6062592544867,1.3827920752364,6.48,0.357926153846154,0.594,0.005,13.8286654735318,0.82123185476894,95.0118413672738,36.6465388794694
avoidanceSwerve,training,101,repeated_e3_t3_y0.1,1,,0,1000,2,0.337258170345326,0.307272733065248,1.28560051152305,0.747794645974154,3.4705548609545,4.08312869513896,7.74604983571684,0.635879778548942,1.7350297366759,0.964852386008706,2.00818701700549,19.7116698409245,51.3752764310302,0.0919500632936451,0.797383699714527,5.16109440026872,9.25359044529018,6.74526911409593,3.25,0.321479491176502,2.90436104501338,0.736920218266597,1.11654253435234,14.8845881821011,3.10999221400814,1.11803398874989,5.7656253268906,1.98888510929722,5.4,0.365058461538461,0.603,0.005,13.8286654735318,0.82123185476894,95.0118413672738,8.58667522873604
avoidanceSwerve,training,101,repeated_e3_t3_y1,1,,0,1000,2,0.388032247863379,0.346332644784061,3.83818362044984,0.932724289644377,8.13907801726514,14.8721145611136,9.27284530323118,4.27327192528491,9.11831963678732,1.26693057958756,2.96527154874761,61.7587237362868,91.1279511723796,0.0919500632936451,0.797383699714527,34.5889412159894,56.6228704460266,36.4468753168236,3.25,0.374772539831812,7.0374354937098,3.86733883886442,1.47309733049677,56.0197597439983,32.692731752601,1.11803398874989,9.91009806837361,1.98893014929094,Inf,0.359310769230769,0.552,0.005,13.8286654735318,0.82123185476894,95.0118413672738,24.778611076461
avoidanceSwerve,training,101,repeated_e3_t3_y3,1,,0,1000,2,0.378389637277401,0.338854786124211,6.93120349474018,0.914472904371245,9.89552565326859,19.2005588410004,9.05729618227808,7.5111184882019,16.6519390014168,1.17588329262151,2.91689165523244,70.9529111715591,126.55415429809,0.0919500632936451,0.797383699714527,49.0235652173488,97.7320394131388,51.6684768669737,3.25,0.362200809554107,8.83059331876512,7.18785977255712,1.36372411733794,66.2594701812543,48.6181752268751,1.11803398874989,18.3261587423312,1.98903406191816,5.82,0.332975384615385,0.54,0.005,13.8286654735318,0.82123185476894,95.0118413672738,32.9967155834896
avoidanceSwerve,training,101,repeated_e3_t6_y0.1,1,,0,1000,2,0.115915646249745,0.137482722482025,1.3957070844384,0.328849958279688,2.43122229400285,3.14423596501752,8.21498307178531,0.428320811573463,0.993393187238444,0.372729252081717,1.02948432142676,15.4186042265159,45.5554134996188,0.0919500632936451,0.797383699714527,5.16109440026872,9.25359044529018,6.74526911409593,3.25,0.0906896132790832,1.33449759184241,0.384409909101678,0.361575057949138,6.2173134085141,3.10999221400814,1.11803398874989,7.91489597041711,9.05214203932954,4.96,0.343375384615385,0.619,0.005,13.8286654735318,0.82123185476894,95.0118413672738,5.09951893094755
avoidanceSwerve,training,101,repeated_e3_t6_y1,1,,0,1000,2,0.131625092093957,0.146957941461111,3.93463019419955,0.404258360284356,7.73227895763303,14.6102051067694,9.72816094974527,4.325431543968,8.6085046304983,0.461313568551802,1.29505726995621,60.0054345392118,89.3988853841278,0.0919500632936451,0.797383699714527,34.5889412159894,56.6228704460266,36.4468753168236,3.25,0.0938338032352836,6.36552995964833,4.00164014625918,0.431960340121246,52.4849662795371,32.692731752601,1.11803398874989,9.87213742262681,9.05242290144229,Inf,0.334784615384615,0.479,0.005,13.8286654735318,0.82123185476894,95.0118413672738,21.9682009167179
avoidanceSwerve,training,101,repeated_e3_t6_y3,1,,0,1000,2,0.132900345614401,0.147749513668138,7.11904277178794,0.402128852110055,10.0493897301142,19.4582357231074,9.80577913522146,7.72339024296447,16.6906045386922,0.456468504319416,1.27907128290022,71.1598549044385,121.566366591145,0.0919500632936451,0.797383699714527,49.0235652173488,97.7320394131388,51.6684768669737,3.25,0.0972024128543977,8.91907164320026,7.45821652454937,0.43281572009207,65.5717503833943,48.6181752268751,1.11803398874989,18.3170428899114,9.05302072120031,5.72,0.355015384615385,0.556,0.005,13.8286654735318,0.82123185476894,95.0118413672738,31.0077549229606
avoidanceSwerve,training,101,repeated_e6_t1.5_y0.1,1,,0,1000,2,0.760806120736247,0.654293848885792,2.01643732953283,1.15566706458842,3.64500057393545,3.75605458471906,7.05857310239047,2.02355462280393,3.72418549963789,2.18794553201562,3.56671974925692,15.7887425606822,32.6876692945952,0.0362729261918648,0.367461483956092,2.22867548450258,3.56114849676582,2.82790355748038,3.25,0.817201461466376,3.79312516446381,2.28223806994734,2.55776596859134,16.1999025408143,1.85314279391527,1.11803398874989,7.07850845310871,1.39034553993873,Inf,0.344141538461538,0.514,0.005,13.8286654735318,0.82123185476894,95.0118413672738,14.8129189651068
avoidanceSwerve,training,101,repeated_e6_t1.5_y1,1,,0,1000,2,0.850191487907757,0.726586659917984,1.93017989619921,1.32994589099582,4.75573413220751,7.39329869141723,7.85907582233582,1.92027877670842,3.48455183035175,2.56405587161708,4.21695873648868,35.206702219231,69.8227871886496,0.0362729261918648,0.367461483956092,16.9680255930342,32.5099559139902,17.4802455855617,3.25,0.930523824621317,5.18062294313258,2.16635119873884,3.00182918595517,39.4967981753538,19.1268951048258,1.11803398874989,6.8429892634434,1.38798673498757,Inf,0.358446153846154,0.49,0.005,13.8286654735318,0.82123185476894,95.0118413672738,19.3838128763406
avoidanceSwerve,training,101,repeated_e6_t1.5_y3,1,,0,1000,2,0.883228113463753,0.753410797813022,2.4209382746883,1.46022313190442,4.90246871141922,8.94366761265066,8.06948572876261,2.60338148493282,6.59877516149647,2.62728266570208,4.22610001257215,39.7173906764108,89.0423266986505,0.0362729261918648,0.367461483956092,24.314968802892,61.3298890996884,25.2370636534435,3.25,0.971304273068683,5.42246663402651,2.96923680163586,3.07596720664118,44.653234587007,27.2772592464711,1.11803398874989,7.0479697680611,1.38603519273404,Inf,0.3624,0.495,0.005,13.8286654735318,0.82123185476894,95.0118413672738,21.9825222397853
avoidanceSwerve,training,101,repeated_e6_t3_y0.1,1,,0,1000,2,0.321863394376954,0.295604938738017,1.53426264572124,0.671534694155488,2.82380631773621,3.00038506179573,7.32622554768686,0.688082465746452,1.47945318908062,0.865507502701115,1.57630042891676,14.2681195726596,34.612915274008,0.0362729261918648,0.367461483956092,2.22867548450258,3.56114849676582,2.82790355748038,3.25,0.307402162158602,2.57538988855113,0.728416573045423,1.00122145416763,12.7462450432936,1.85314279391527,1.11803398874989,8.55966007271047,1.98865793720969,5.32,0.356886153846154,0.498,0.005,13.8286654735318,0.82123185476894,95.0118413672738,7.44842278979436
avoidanceSwerve,training,101,repeated_e6_t3_y1,1,,0,1000,2,0.341463679977358,0.310475638051198,1.886263937682,0.754153011291022,4.57980132176483,7.69526785014897,8.15675952641004,1.52958021030246,5.00783363227829,1.02391961258545,1.94714691686222,34.7517504022209,69.0541925322129,0.0362729261918648,0.367461483956092,16.9680255930342,32.5099559139902,17.4802455855617,3.25,0.326666369099667,4.7379361253686,1.77126540940083,1.18826637806789,37.5245561260231,19.1268951048258,1.11803398874989,8.28986025161325,1.98865024582527,Inf,0.36392,0.497,0.005,13.8286654735318,0.82123185476894,95.0118413672738,13.4241473008227
avoidanceSwerve,training,101,repeated_e6_t3_y3,1,,0,1000,2,0.356411010075682,0.321908818393482,2.76631909748724,0.813686386821247,5.38216553596264,9.96188640398783,8.65687850315581,2.88495925354822,9.75832659578005,1.09448961680373,2.32729010197573,41.4865494261484,93.7146094200705,0.0362729261918648,0.367461483956092,24.314968802892,61.3298890996884,25.2370636534435,3.25,0.340499393244598,5.75972493805903,3.35417300220587,1.26912046473478,45.2687841848629,27.2772592464711,1.11803398874989,7.84871158467591,1.98872932507461,5.64,0.347332307692308,0.702,0.005,13.8286654735318,0.82123185476894,95.0118413672738,17.6313384930829
avoidanceSwerve,training,101,repeated_e6_t6_y0.1,1,,0,1000,2,0.111379667133686,0.134838398855968,1.8368022300149,0.29678447214223,1.75849837472848,1.9855270413548,7.69887077766535,0.355358278617811,1.24650240846688,0.331124106211298,0.962257343739868,9.56414331123992,27.3164205854256,0.0362729261918648,0.367461483956092,2.22867548450258,3.56114849676582,2.82790355748038,3.25,0.0915153526133766,1.39118152372453,0.218550897706382,0.341638674322818,7.08583788758014,1.85314279391527,1.11803398874989,11.6509767327423,9.03391088695378,5.46,0.362861538461539,0.559,0.005,13.8286654735318,0.82123185476894,95.0118413672738,3.73734189082047
avoidanceSwerve,training,101,repeated_e6_t6_y1,1,,0,1000,2,0.118213332085477,0.138810892032196,2.18607629193067,0.33254771081143,4.02712509263533,7.37441784100748,8.45865444297645,1.52530891786017,4.69240620538075,0.372043951216822,1.00762174842802,32.9700248515924,61.259017288964,0.0362729261918648,0.367461483956092,16.9680255930342,32.5099559139902,17.4802455855617,3.25,0.0935401045657666,4.12810750244436,1.77480065670968,0.37060801699377,35.1287223099662,19.1268951048258,1.11803398874989,11.4337762696332,9.0344755481221,Inf,0.361286153846154,0.472,0.005,13.8286654735318,0.82123185476894,95.0118413672738,10.8267561268936
avoidanceSwerve,training,101,repeated_e6_t6_y3,1,,0,1000,2,0.125096823975689,0.142931487109905,3.15602264762276,0.36251930785285,5.38621214802302,10.2104235332758,9.22676209908145,3.15045025728671,10.1178882220697,0.426952397759911,1.09765035415022,41.6763874162432,89.0763879943292,0.0362729261918648,0.367461483956092,24.314968802892,61.3298890996884,25.2370636534435,3.25,0.0968843033979766,5.68413545435285,3.66938721174544,0.40809383582704,44.3590204275659,27.2772592464711,1.11803398874989,11.0812762841675,9.03574003128828,5.66,0.351190769230769,0.579,0.005,13.8286654735318,0.82123185476894,95.0118413672738,15.8871462375789
avoidanceSwerve,training,102,lmi_e1.5_t1.5_y0.1,1,,0,1000,2,0.207679180561031,0.234620988930222,2.46790744908492,0.506180973775379,1.83412918809099,2.19949124178649,7.48010281983162,0.45830897478735,1.10748381017426,0.265141445780115,0.80462614537382,10.32066986735,25.6269648049605,0.0451673007849187,0.353953139315727,3.24634199571271,5.28053572968859,3.57587688037878,3.25,0.168737435035181,1.6322450359457,0.469260143362876,0.277166254681447,9.43732741522827,3.62611291181619,1.11803398874989,14.2796407114178,7.82085901378511,Inf,0.352593846153846,0.837,0.005,13.8286654735318,0.82123185476894,95.0118413672738,5.057543728655
avoidanceSwerve,training,102,lmi_e1.5_t1.5_y1,1,,0,1000,2,0.21394919786589,0.238499609300722,3.30550873110402,0.546227361213731,5.23162779546308,10.2169368781768,7.9876788059624,2.77419387776297,7.39818661832048,0.262581647947237,0.780901124206377,43.0736334090801,78.0205702849366,0.0451673007849187,0.353953139315727,24.9671472229409,49.1508417510735,25.1920523387563,3.25,0.168283259527052,5.7985657259577,3.25884440322165,0.272153993440593,48.78336861485,29.109606973051,1.11803398874989,13.9613313483468,7.82130132025663,Inf,0.355372307692308,0.563,0.005,13.8286654735318,0.82123185476894,95.0118413672738,16.3026064160009
avoidanceSwerve,training,102,lmi_e1.5_t1.5_y3,1,,0,1000,2,0.225665238015025,0.245871826565725,4.63146878068098,0.609591896627988,6.84982481472861,13.5122644727421,8.79401435934532,4.81269056926422,13.7940156073814,0.273129901900883,0.759053556306018,52.1682743453832,107.416667271694,0.0451673007849187,0.353953139315727,34.1164236658836,80.6086372923987,34.6242383122889,3.25,0.16987427554698,7.48342785543623,5.62752623262981,0.268837834221841,57.2818730605261,39.1615779985687,1.11803398874989,13.3884060154855,7.82233359400268,5.96,0.342304615384615,0.501,0.005,13.8286654735318,0.82123185476894,95.0118413672738,22.3156883877553
avoidanceSwerve,training,102,lmi_e1.5_t3_y0.1,1,,0,1000,2,0.0688713504984157,0.14166268621508,2.65048276009644,0.153159815696884,1.26418486946336,1.73728628392035,7.42293400015744,0.691164446345626,1.69984505242571,0.603082095732984,1.44816346043257,7.63237186652705,16.7693166081327,0.0451673007849187,0.353953139315727,3.24634199571271,5.28053572968859,3.57587688037878,3.25,0.063739682443489,1.17884944565944,0.608954542098673,0.501493123318074,7.79119555632776,3.62611291181619,1.11803398874989,20.1658934196295,33.3105255818941,Inf,0.376812307692308,0.478,0.005,13.8286654735318,0.82123185476894,95.0118413672738,3.59751677098082
avoidanceSwerve,training,102,lmi_e1.5_t3_y1,1,,0,1000,2,0.0694495437828869,0.141820746663266,3.46185444756437,0.153499907298261,4.9589357460735,10.0258220043813,7.6877732870778,2.79723122974014,7.00572447947173,0.602726738015958,1.44830893672225,42.0476896306971,76.3527530486291,0.0451673007849187,0.353953139315727,24.9671472229409,49.1508417510735,25.1920523387563,3.25,0.0639070893140051,5.65979863013486,3.25099068351688,0.501745367330701,48.4133022734687,29.109606973051,1.11803398874989,20.0312299253904,33.312400223642,Inf,0.354821538461538,0.484,0.005,13.8286654735318,0.82123185476894,95.0118413672738,14.6984958234486
avoidanceSwerve,training,102,lmi_e1.5_t3_y3,1,,0,1000,2,0.0706968528610693,0.142187643257457,4.76712716532702,0.155807780409222,6.59532875823937,13.3194231637272,8.31902120652755,4.8346919863306,13.1285564942971,0.602400857949558,1.44773073922087,51.0000840464302,105.133773717734,0.0451673007849187,0.353953139315727,34.1164236658836,80.6086372923987,34.6242383122889,3.25,0.0640231567967235,7.35962626423489,5.64829389714326,0.502287872314601,56.6679364161872,39.1615779985687,1.11803398874989,19.7663568548781,33.3165077941222,Inf,0.364686153846154,0.466,0.005,13.8286654735318,0.82123185476894,95.0118413672738,20.5763693105579
avoidanceSwerve,training,102,lmi_e1.5_t6_y0.1,1,,0,1000,2,0.0930276439946659,0.160128372381051,4.37589012936998,0.230437932526877,2.73298863707116,2.97079462547211,15.554649515233,1.85065112942602,5.27417750001224,1.82101496411838,4.35325737954927,11.4686854182717,29.8103637973054,0.0451673007849187,0.353953139315727,3.24634199571271,5.28053572968859,3.57587688037878,3.25,0.0914855388125676,2.69271074852126,1.73455284191467,1.78897184849155,11.7716318521898,3.62611291181619,1.11803398874989,33.6422491033576,152.446174059673,Inf,0.369396923076923,0.447,0.005,13.8286654735318,0.82123185476894,95.0118413672738,6.92531578245303
avoidanceSwerve,training,102,lmi_e1.5_t6_y1,1,,0,1000,2,0.0930368924389987,0.160279068673664,4.87058185156093,0.231620051556286,5.45684663858374,10.24002766417,15.6125879018004,3.26057261400737,8.61990478073199,1.81874768144922,4.34351125800143,42.6718767186478,82.8568222156348,0.0451673007849187,0.353953139315727,24.9671472229409,49.1508417510735,25.1920523387563,3.25,0.0915191049870634,6.10804503567098,3.62103743798579,1.7866276475875,49.0089746156599,29.109606973051,1.11803398874989,33.6237753014589,150.649665568771,Inf,0.368963076923077,0.482,0.005,13.8286654735318,0.82123185476894,95.0118413672738,15.9858894961343
avoidanceSwerve,training,102,lmi_e1.5_t6_y3,1,,0,1000,2,0.0929795955492935,0.160049647484113,5.80131155040378,0.235440098865092,6.9091154104078,13.4061500657372,15.8565535106933,5.06031722061201,15.3821885545209,1.81608035402819,4.34185254178652,51.3723628707912,111.482193337585,0.0451673007849187,0.353953139315727,34.1164236658836,80.6086372923987,34.6242383122889,3.25,0.0915023476682842,7.64539259053355,5.80567163309837,1.78602482282168,57.0904032443147,39.1615779985687,1.11803398874989,33.5842960381993,145.579307620422,Inf,0.374996923076923,0.532,0.005,13.8286654735318,0.82123185476894,95.0118413672738,21.3249029708752
avoidanceSwerve,training,102,lmi_e3_t1.5_y0.1,1,,0,1000,2,0.208235367608212,0.234966942839694,2.75191986220711,0.508742996671547,1.81383335124225,1.95154022653589,7.45411061513312,0.643868627669287,1.7457185441193,0.264738227002428,0.800776597897912,8.99976808924601,30.0061011129625,0.0501299412713643,0.733774091517757,1.78235417869236,3.61348937469441,2.88226064683022,3.25,0.169155641534022,1.48910597394613,0.654994346413208,0.276760681629072,6.18110613718643,0.721388438607804,1.11803398874989,21.3375008797165,7.8164398952767,6.44,0.368415384615385,0.51,0.005,13.8286654735318,0.82123185476894,95.0118413672738,5.1700445492699
avoidanceSwerve,training,102,lmi_e3_t1.5_y1,1,,0,1000,2,0.213877308483646,0.238435021142954,2.83358834240431,0.545171111036927,3.55873163742844,6.36964750100593,7.96021160977679,1.34622578012674,4.84124778643134,0.264795903418948,0.784313974272742,28.6232207943654,58.3189160924456,0.0501299412713643,0.733774091517757,14.6012046049056,30.5058784723999,14.8417372092596,3.25,0.168631158321836,3.66317326529175,1.54945421268138,0.274587051566785,30.7645257694647,16.5592004241169,1.11803398874989,20.6116342339293,7.81652848756968,Inf,0.353323076923077,0.527,0.005,13.8286654735318,0.82123185476894,95.0118413672738,10.555868803963
avoidanceSwerve,training,102,lmi_e3_t1.5_y3,1,,0,1000,2,0.218385373480713,0.241246103617167,3.49259083259783,0.568111881939539,4.85577156441464,9.10457387108862,8.34434950342311,2.82803442830899,10.2370170335961,0.269827382155592,0.796553144683557,37.1945153956939,88.9446895216643,0.0501299412713643,0.733774091517757,21.6239646080517,59.6438927066691,21.9081000652203,3.25,0.170110645898147,5.20308982960577,3.2897609837698,0.277032069174563,40.4711380999037,24.6435057897112,1.11803398874989,19.4015707912216,7.81690255476754,6.44,0.358353846153846,0.653,0.005,13.8286654735318,0.82123185476894,95.0118413672738,15.2788256705639
avoidanceSwerve,training,102,lmi_e3_t3_y0.1,1,,0,1000,2,0.0687573706352563,0.141861656391711,3.75851659463194,0.153214346255739,1.28162952882195,1.46021182347506,7.3867135282955,0.862066969061946,2.10157617584491,0.603419831815279,1.44890445179421,5.76993392417137,19.3233355519712,0.0501299412713643,0.733774091517757,1.78235417869236,3.61348937469441,2.88226064683022,3.25,0.0636762640739137,1.07104724207344,0.814115860887276,0.50139270597849,3.44593433192973,0.721388438607804,1.11803398874989,30.1518307479162,33.2363735727029,Inf,0.367704615384615,0.524,0.005,13.8286654735318,0.82123185476894,95.0118413672738,3.56569442931073
avoidanceSwerve,training,102,lmi_e3_t3_y1,1,,0,1000,2,0.0692688753739525,0.142026568473868,3.76059862391838,0.153236732907877,3.19778691871945,6.11161738886402,7.67645173574404,1.42702080217633,4.00360232509343,0.60303072247981,1.44850077288164,27.2774440955646,55.0574125219276,0.0501299412713643,0.733774091517757,14.6012046049056,30.5058784723999,14.8417372092596,3.25,0.0637911584027776,3.44060833815257,1.58039907501485,0.501237320519831,30.0878300921877,16.5592004241169,1.11803398874989,29.6074443116264,33.2365108830271,Inf,0.36144,0.571,0.005,13.8286654735318,0.82123185476894,95.0118413672738,9.00221917720511
avoidanceSwerve,training,102,lmi_e3_t3_y3,1,,0,1000,2,0.0697600751359711,0.142184786342706,4.20692295969216,0.153200102036333,4.43356006639929,8.75608054247316,7.89697552064267,2.82071295867166,9.31079116071686,0.603071683877407,1.44854013156738,35.4944449533089,85.5140564096389,0.0501299412713643,0.733774091517757,21.6239646080517,59.6438927066691,21.9081000652203,3.25,0.0640052084511972,4.8608417051983,3.25740316065183,0.501803420411266,39.125210986174,24.6435057897112,1.11803398874989,28.4671986796702,33.2369062601849,Inf,0.379172307692308,0.517,0.005,13.8286654735318,0.82123185476894,95.0118413672738,13.4379156593648
avoidanceSwerve,training,102,lmi_e3_t6_y0.1,1,,0,1000,2,0.0930327380949726,0.160971769718336,4.77614828970489,0.230344339337184,2.73729815667598,2.8182339121881,15.5687339153137,1.92636190817754,5.19675513237056,1.82111734728107,4.35585978889027,10.2114411252165,30.5186027489634,0.0501299412713643,0.733774091517757,1.78235417869236,3.61348937469441,2.88226064683022,3.25,0.0915041498689898,2.67843836848884,1.84367478878108,1.78907948279316,9.50507641659271,0.721388438607804,1.11803398874989,42.7396510061469,150.025454111866,Inf,0.365366153846154,0.51,0.005,13.8286654735318,0.82123185476894,95.0118413672738,6.82533942234809
avoidanceSwerve,training,102,lmi_e3_t6_y1,1,,0,1000,2,0.0929837814106691,0.161257414075757,4.80777560830228,0.230937457593167,3.94937238910979,6.49284946723408,15.6115031038023,2.21314109102875,6.43676845457216,1.81991075417508,4.3499449816049,28.3404236273314,66.4634116780219,0.0501299412713643,0.733774091517757,14.6012046049056,30.5058784723999,14.8417372092596,3.25,0.0914853593451365,4.18389885817086,2.28071575683366,1.78771081229818,31.1766086708788,16.5592004241169,1.11803398874989,42.4023545151449,152.866295487939,Inf,0.364212307692308,0.507,0.005,13.8286654735318,0.82123185476894,95.0118413672738,11.0242047216305
avoidanceSwerve,training,102,lmi_e3_t6_y3,1,,0,1000,2,0.0929816492844952,0.160968603462793,5.19241073048539,0.232058405613941,4.92625023276307,8.94375017337608,15.6564544864563,3.24859013662499,11.495301747258,1.81815814559942,4.35376236617969,36.0873980744756,93.5159554753802,0.0501299412713643,0.733774091517757,21.6239646080517,59.6438927066691,21.9081000652203,3.25,0.0914775406847666,5.34592524547676,3.59727382104623,1.7866229291212,39.8436349774021,24.6435057897112,1.11803398874989,41.6888747120352,145.278360853749,Inf,0.357449230769231,0.528,0.005,13.8286654735318,0.82123185476894,95.0118413672738,14.6444763809901
avoidanceSwerve,training,102,lmi_e6_t1.5_y0.1,1,,0,1000,2,0.206438736904695,0.233830234812477,4.2083468271829,0.49465782000172,3.03086382029155,3.07237669837975,7.39220251031504,1.66481637346906,5.32711873089882,0.271702725859566,0.84711327623123,12.5845766859759,31.4866598589473,0.0901421215613055,2.56754315346664,1.1281704901271,2.18857861072178,9.45579625691015,3.25,0.169890308415223,2.83603581407434,1.62374431472902,0.287622982497041,11.494589434007,0.993275147560801,1.11803398874989,39.7468772790549,7.83535509164999,Inf,0.368716923076923,0.511,0.005,13.8286654735318,0.82123185476894,95.0118413672738,7.91093545318026
avoidanceSwerve,training,102,lmi_e6_t1.5_y1,1,,0,1000,2,0.206058245659848,0.233625764614589,4.1615616053704,0.481941380985244,3.84609007889359,5.67661584906929,7.53978541109163,1.85468086311598,5.40667007870323,0.282045589509323,0.8986489432734,24.7490010490195,63.9079992694054,0.0901421215613055,2.56754315346664,11.5387387213583,26.3240419966284,14.6290704490171,3.25,0.172612372626096,3.93319682978282,1.911756846632,0.301545864507112,26.8511632492875,13.0217236984897,1.11803398874989,39.2017926020676,7.84596699223405,Inf,0.362153846153846,0.516,0.005,13.8286654735318,0.82123185476894,95.0118413672738,10.7197443926343
avoidanceSwerve,training,102,lmi_e6_t1.5_y3,1,,0,1000,2,0.206050172042753,0.233643528337414,4.48619460031788,0.482503487087372,5.06776030657591,8.94194731184609,7.51526056370669,2.92428941919221,9.86133290202605,0.274979052851555,0.858764390523199,36.8224155217012,96.4633267793626,0.0901421215613055,2.56754315346664,21.1295931204247,61.7942825385589,22.7364695765226,3.25,0.172327172069909,5.15194577619436,3.10274998654676,0.292712128360589,38.6846985393547,22.8841731236016,1.11803398874989,37.9677543731597,7.85720993447088,Inf,0.360095384615385,0.504,0.005,13.8286654735318,0.82123185476894,95.0118413672738,15.2735636631522
avoidanceSwerve,training,102,lmi_e6_t3_y0.1,1,,0,1000,2,0.068790992513376,0.141691409988759,4.67696013836759,0.153158573632164,2.71534027286138,2.76314891417524,7.36027487566371,1.72124287957465,4.75950709073555,0.601997631719991,1.44834726490318,10.4572248260752,26.3698762196144,0.0901421215613055,2.56754315346664,1.1281704901271,2.18857861072178,9.45579625691015,3.25,0.063811969390999,2.63430052999722,1.68919977169942,0.501301994553565,10.0597560672357,0.993275147560801,1.11803398874989,46.6642008049574,33.2415744912697,Inf,0.357981538461538,0.447,0.005,13.8286654735318,0.82123185476894,95.0118413672738,6.22184064949811
avoidanceSwerve,training,102,lmi_e6_t3_y1,1,,0,1000,2,0.0688540607953605,0.141693705239546,4.63753289146773,0.15297371877517,3.57801142941054,5.46779484075537,7.38716816940458,1.86671525162551,5.52315974493306,0.601953410021131,1.44821865197232,23.8028376851027,58.7297865969135,0.0901421215613055,2.56754315346664,11.5387387213583,26.3240419966284,14.6290704490171,3.25,0.0641020735467617,3.69205164804213,1.95423223556202,0.501445604493804,25.7237926790191,13.0217236984897,1.11803398874989,46.0571949469383,33.2474362686475,Inf,0.321889230769231,0.541,0.005,13.8286654735318,0.82123185476894,95.0118413672738,9.18253864822517
avoidanceSwerve,training,102,lmi_e6_t3_y3,1,,0,1000,2,0.0688791329762299,0.141680711330902,4.94095805019817,0.152721487359843,4.98405129873763,8.93187157201348,7.41657946623153,2.95364253047287,9.27112673257564,0.60150228919968,1.44786042880116,36.7653239259574,92.6697346048073,0.0901421215613055,2.56754315346664,21.1295931204247,61.7942825385589,22.7364695765226,3.25,0.0641544696215252,5.09848336389433,3.17489478923827,0.501352191377626,38.400658811935,22.8841731236016,1.11803398874989,44.670094197381,33.2655952982049,Inf,0.333138461538462,0.493,0.005,13.8286654735318,0.82123185476894,95.0118413672738,13.9491411758995
avoidanceSwerve,training,102,lmi_e6_t6_y0.1,1,,0,1000,2,0.0930432980718695,0.161554620094623,7.10912599989113,0.231017597537395,3.81548804686705,3.84803723840505,15.6711605026479,2.34926450082441,6.04368726283327,1.82100736523299,4.37362026963181,14.6412047097245,49.6567982598877,0.0901421215613055,2.56754315346664,1.1281704901271,2.18857861072178,9.45579625691015,3.25,0.0915871104860322,3.88313935923126,2.42799150730883,1.78865965966992,14.846902361453,0.993275147560801,1.11803398874989,66.9066191014074,145.219648764974,Inf,0.354886153846154,0.445,0.005,13.8286654735318,0.82123185476894,95.0118413672738,8.55720292431243
avoidanceSwerve,training,102,lmi_e6_t6_y1,1,,0,1000,2,0.0930514332153837,0.161536857820036,7.08441038759605,0.230544911232618,4.43638549890816,6.04370849516773,15.6228591338399,2.55918568226571,7.19896676735528,1.82063454732383,4.36449731651428,25.0852593756295,64.388665842705,0.0901421215613055,2.56754315346664,11.5387387213583,26.3240419966284,14.6290704490171,3.25,0.0915854392937437,4.57474761878396,2.6616212553035,1.7881151093452,27.0111599019542,13.0217236984897,1.11803398874989,66.1977346219529,145.236164334713,Inf,0.342273846153846,0.479,0.005,13.8286654735318,0.82123185476894,95.0118413672738,11.0659375718111
avoidanceSwerve,training,102,lmi_e6_t6_y3,1,,0,1000,2,0.093005756353695,0.161225247856167,7.2522110202023,0.230408719973023,5.65223572098014,9.29897847447446,15.6004097069856,3.58000793609037,10.481173779214,1.82029229977954,4.36391802702681,37.1826138607333,83.8215154436967,0.0901421215613055,2.56754315346664,21.1295931204247,61.7942825385589,22.7364695765226,3.25,0.0915104090717871,5.72681203919405,3.70697438443319,1.78752901214183,38.9165610642855,22.8841731236016,1.11803398874989,64.5621442969107,145.278184429509,Inf,0.360221538461538,0.445,0.005,13.8286654735318,0.82123185476894,95.0118413672738,15.5265962078643
avoidanceSwerve,training,102,repeated_e1.5_t1.5_y0.1,1,,0,1000,2,0.867942132565282,0.740658389827906,1.64691989127454,1.427441690028,4.90793183897082,5.63344666239644,7.67980902332327,1.77503190449143,3.09856921859027,2.55235659628327,4.01316920866484,26.6478752920986,59.7055137008819,0.315968665499018,1.44624740472811,5.82209218247698,10.2825457469492,10.4450854909324,3.25,0.94906266418913,4.94933570883621,2.06869465248011,2.99011201762407,25.8383601145133,4.38613870620011,1.11803398874989,2.6863587937162,1.38539920230911,Inf,0.361895384615385,0.511,0.005,13.8286654735318,0.82123185476894,95.0118413672738,17.5590601930554
avoidanceSwerve,training,102,repeated_e1.5_t1.5_y1,1,,0,1000,2,0.978476774269037,0.8307001281448,4.0936261842133,1.81605813218968,9.14772572028749,16.2486449538415,8.37145377007895,4.82168865175521,9.36546140389822,2.64444194609964,4.38487989502365,67.3955928673392,106.224622200089,0.315968665499018,1.44624740472811,37.8448845985384,71.9535325391604,43.3755549922677,3.25,1.0832458453232,8.17665408982255,3.90731892114386,3.08678494283786,63.1753034299759,35.4163530737948,1.11803398874989,6.22548457073827,1.38149624154665,Inf,0.343630769230769,0.474,0.005,13.8286654735318,0.82123185476894,95.0118413672738,32.9072636196686
avoidanceSwerve,training,102,repeated_e1.5_t1.5_y3,1,,0,1000,2,0.828655840829619,0.708778755476246,7.96535898253495,1.61680766461243,11.4883925256561,23.1031413388746,7.5422244366792,9.42373138955847,17.9842066349545,1.9315709838234,3.25350772946191,84.6023133127278,164.884355217935,0.315968665499018,1.44624740472811,65.511634220344,160.274936957501,70.8888082108323,3.25,0.892639129916332,10.0240268334725,8.77693393141843,2.22203783927475,80.5668489464944,66.8389403003536,1.11803398874989,12.122629074005,1.38152729828645,5.96,0.352627692307692,0.474,0.005,13.8286654735318,0.82123185476894,95.0118413672738,44.0544838499587
avoidanceSwerve,training,102,repeated_e1.5_t3_y0.1,1,,0,1000,2,0.355359057456464,0.31965700151847,1.16487080753077,0.820438536577669,4.17909267932032,4.91354815679471,8.15440991083755,0.972523683279588,2.85440629191349,1.13996508826107,2.49738932050192,23.9523098597098,63.6918914234149,0.315968665499018,1.44624740472811,5.82209218247698,10.2825457469492,10.4450854909324,3.25,0.340312299305305,3.3556850615588,1.10135055965128,1.31660347500623,18.116273184601,4.38613870620011,1.11803398874989,3.69691325949653,2.02086762149307,5.06,0.360430769230769,0.449,0.005,13.8286654735318,0.82123185476894,95.0118413672738,10.2890999130658
avoidanceSwerve,training,102,repeated_e1.5_t3_y1,1,,0,1000,2,0.38950488043414,0.346139816815505,4.77228658803885,0.954317972857571,9.52431320766111,16.8406268433548,9.17138774131525,5.63240664962012,11.430542531436,1.1470468602361,2.63113706212684,66.6022013640103,103.569911710316,0.315968665499018,1.44624740472811,37.8448845985384,71.9535325391604,43.3755549922677,3.25,0.375766437269841,8.22277262374596,5.14727489699318,1.32771891922443,59.7067755911729,35.4163530737948,1.11803398874989,6.00700688212864,2.02086983375672,Inf,0.351264615384615,0.558,0.005,13.8286654735318,0.82123185476894,95.0118413672738,28.4803023763837
avoidanceSwerve,training,102,repeated_e1.5_t3_y3,1,,0,1000,2,0.366686059376498,0.328405974559733,8.72522561929621,0.905769442019031,12.5178310425844,24.2576080016083,8.48079034451806,10.3457977845073,20.1296958430712,0.890188669866748,2.07976907331826,85.9874994470187,160.750295795433,0.315968665499018,1.44624740472811,65.511634220344,160.274936957501,70.8888082108323,3.25,0.34854084930478,11.2198713053927,10.1004279429136,1.00211444366352,80.8531056760947,66.8389403003536,1.11803398874989,11.8807135102306,2.0208782288882,5.86,0.332609230769231,0.477,0.005,13.8286654735318,0.82123185476894,95.0118413672738,41.5559560521833
avoidanceSwerve,training,102,repeated_e1.5_t6_y0.1,1,,0,1000,2,0.121614038999325,0.139792624358788,1.23028201956694,0.303891238705516,3.13790697396402,3.99384450935292,8.5033380957868,0.889923343853967,1.92918834309335,0.444995874332069,1.32746460611945,19.643495875491,55.5683736329746,0.315968665499018,1.44624740472811,5.82209218247698,10.2825457469492,10.4450854909324,3.25,0.0950692422314117,1.77138784061838,0.899716416897594,0.416238272732176,9.90471602098432,4.38613870620011,1.11803398874989,6.17424735615489,9.2991814819441,5.64,0.361707692307692,0.498,0.005,13.8286654735318,0.82123185476894,95.0118413672738,6.92468625279939
avoidanceSwerve,training,102,repeated_e1.5_t6_y1,1,,0,1000,2,0.134602171780086,0.14781343684826,4.76639626886357,0.375643436278069,8.95383951443921,16.389303702844,9.58750628010632,5.58956716597162,10.8574776205676,0.420585974591181,1.30215975929293,64.2450107030877,103.878871442802,0.315968665499018,1.44624740472811,37.8448845985384,71.9535325391604,43.3755549922677,3.25,0.0980009423007011,7.28766774140291,5.1887334477969,0.412278285787626,54.9953377545647,35.4163530737948,1.11803398874989,6.17211354795532,9.29907745887842,Inf,0.369012307692308,0.495,0.005,13.8286654735318,0.82123185476894,95.0118413672738,25.3741581903617
avoidanceSwerve,training,102,repeated_e1.5_t6_y3,1,,0,1000,2,0.131837257877269,0.146074999131512,8.90703969778254,0.363266256656927,12.648770682373,24.4677649113022,9.16445653749201,10.5470573493894,20.5661801748195,0.353654366850253,0.941530907905815,85.8417803395788,159.329179293979,0.315968665499018,1.44624740472811,65.511634220344,160.274936957501,70.8888082108323,3.25,0.0984500073401879,11.3126287831061,10.3390929544537,0.34383001358902,79.911174988292,66.8389403003536,1.11803398874989,11.7707624720551,9.29887889962203,5.84,0.351043076923077,0.533,0.005,13.8286654735318,0.82123185476894,95.0118413672738,39.5808433454673
avoidanceSwerve,training,102,repeated_e3_t1.5_y0.1,1,,0,1000,2,0.801943239441468,0.687146782494118,1.82126743503258,1.29334859179861,4.14348729257524,4.6852601106446,7.31783454439246,1.8908255774356,3.57954366387561,2.29560402233986,3.69174649725328,21.159550730006,46.0870940113863,0.0942845758456538,0.805333490339252,4.90694162877598,8.73932500041614,6.60035096209268,3.25,0.865174251417846,4.27123930880944,2.18660684396538,2.68416393586083,20.6173148856563,3.02305281367687,1.11803398874989,4.15147634647793,1.38413341697026,Inf,0.316412307692308,0.494,0.005,13.8286654735318,0.82123185476894,95.0118413672738,16.0329936952871
avoidanceSwerve,training,102,repeated_e3_t1.5_y1,1,,0,1000,2,0.997811499586155,0.846493924331513,3.22310746241158,1.79921616282895,7.98584779546607,14.7133388873642,8.67903624288219,3.59586826133845,7.39707920873795,2.86031874314998,4.58257227527791,64.8491687432374,102.143233517075,0.0942845758456538,0.805333490339252,36.2187731170743,64.6126742554131,37.9732532843942,3.25,1.10753238685529,7.50920206863481,3.00323507953586,3.347742782188,64.1114416044609,35.999968194371,1.11803398874989,9.58196554827718,1.38108474410362,Inf,0.367236923076923,0.605,0.005,13.8286654735318,0.82123185476894,95.0118413672738,30.1396852671859
avoidanceSwerve,training,102,repeated_e3_t1.5_y3,1,,0,1000,2,0.930694379822434,0.791719926283864,6.20369430085374,1.69992990119356,9.11861244518261,18.497968055273,8.27429663844637,6.74050564717629,15.1098186588511,2.57315764780471,4.31446713200498,71.6870843012441,128.159178856042,0.0942845758456538,0.805333490339252,50.9854714695307,99.1097162046562,53.5600217453077,3.25,1.02309144780387,8.24392436714177,6.22833274583846,3.00573422324302,70.356368655401,52.1530179335092,1.11803398874989,18.0223067732528,1.38121157836455,Inf,0.345335384615385,0.58,0.005,13.8286654735318,0.82123185476894,95.0118413672738,37.1253719528257
avoidanceSwerve,training,102,repeated_e3_t3_y0.1,1,,0,1000,2,0.337827280768933,0.30619294713276,1.27920448888743,0.762555539436503,3.43673007656593,4.0119069732975,7.70980589337044,0.641347797151824,1.60491078653467,0.958502801105974,1.95261511566981,19.3358584983914,50.4977939056503,0.0942845758456538,0.805333490339252,4.90694162877598,8.73932500041614,6.60035096209268,3.25,0.320579514097858,2.91056895203738,0.740084665134229,1.1073492221263,14.8760394710271,3.02305281367687,1.11803398874989,5.53945674106991,2.01965675923491,5.36,0.363633846153846,0.478,0.005,13.8286654735318,0.82123185476894,95.0118413672738,8.52814010167127
avoidanceSwerve,training,102,repeated_e3_t3_y1,1,,0,1000,2,0.391359102319427,0.34758471511506,3.9242949951124,0.958887842967582,8.25435896310868,15.2966810168637,9.3081047764298,4.42254995865742,9.64609568696947,1.28563894966643,3.03797471239513,63.3781946318949,93.4150432144019,0.0942845758456538,0.805333490339252,36.2187731170743,64.6126742554131,37.9732532843942,3.25,0.377118622203106,7.47265704210851,4.33157637881941,1.4933984727869,59.8132718585841,35.999968194371,1.11803398874989,9.35023043488175,2.01972541366063,Inf,0.403483076923077,0.584,0.005,13.8286654735318,0.82123185476894,95.0118413672738,25.4343298668881
avoidanceSwerve,training,102,repeated_e3_t3_y3,1,,0,1000,2,0.382140666602622,0.340399751179542,6.94466152572466,0.943068728952821,10.0363527876369,19.6778841265384,9.09664926929749,7.69454228027172,16.8809690792146,1.19052097249959,2.96147287034821,72.7721021222559,127.491588404599,0.0942845758456538,0.805333490339252,50.9854714695307,99.1097162046562,53.5600217453077,3.25,0.365144075210039,9.28812279027009,7.67305135439452,1.37928671050934,70.0087650645396,52.1530179335092,1.11803398874989,17.7664459750849,2.01986774672605,5.84,0.371975384615385,0.5,0.005,13.8286654735318,0.82123185476894,95.0118413672738,33.7649116510208
avoidanceSwerve,training,102,repeated_e3_t6_y0.1,1,,0,1000,2,0.118216148679093,0.13775254591558,1.38982621413703,0.285257356233801,2.39742706321454,3.06609819324025,8.11052308824688,0.469126754896851,1.15476083787861,0.370796186449891,1.0203094744862,14.9927750070266,43.6540270243534,0.0942845758456538,0.805333490339252,4.90694162877598,8.73932500041614,6.60035096209268,3.25,0.0947237765609845,1.37851971511595,0.414646025627875,0.362873186089853,6.48969341518459,3.02305281367687,1.11803398874989,8.01756410913094,9.28794693008237,4.98,0.364701538461538,0.578,0.005,13.8286654735318,0.82123185476894,95.0118413672738,5.11896999798994
avoidanceSwerve,training,102,repeated_e3_t6_y1,1,,0,1000,2,0.134591566151328,0.147801828262096,4.06089231593103,0.370452414928374,7.90812073889282,15.0979843405607,9.74295612818474,4.52588151160812,9.19642401331311,0.477978089909469,1.57482225962404,61.7747469707502,86.8228301407501,0.0942845758456538,0.805333490339252,36.2187731170743,64.6126742554131,37.9732532843942,3.25,0.0987527704101345,6.93135193885475,4.52496818421784,0.450022836277235,56.671175203432,35.999968194371,1.11803398874989,9.21789992780932,9.28822158478237,Inf,0.351769230769231,0.482,0.005,13.8286654735318,0.82123185476894,95.0118413672738,22.7526280788796
avoidanceSwerve,training,102,repeated_e3_t6_y3,1,,0,1000,2,0.135703758255184,0.14850421620784,7.17239532283047,0.370062705866738,10.2428438391907,19.9880288866043,9.81741525380638,7.94762269885062,16.9856331042994,0.470717849350018,1.53682041427659,73.0370573132908,122.672813806321,0.0942845758456538,0.805333490339252,50.9854714695307,99.1097162046562,53.5600217453077,3.25,0.10155009450548,9.4564866812676,7.99822285235987,0.448332235479785,69.4159539558781,52.1530179335092,1.11803398874989,17.7080241644454,9.28880536837111,5.84,0.363953846153846,0.484,0.005,13.8286654735318,0.82123185476894,95.0118413672738,31.8596944429113
avoidanceSwerve,training,102,repeated_e6_t1.5_y0.1,1,,0,1000,2,0.763510596572181,0.656095161954734,2.01036140900751,1.14559216344789,3.69456683153121,3.83178733126987,7.06983648930692,2.02026473731484,3.75494208643746,2.19281622705876,3.57769989980371,16.238647466011,34.2777771563996,0.0371730158022052,0.383871206646846,2.23673709121211,4.02674402378025,2.88739979964056,3.25,0.816033089062861,3.86206283950638,2.27913309020619,2.5616923423915,16.77731707688,1.49075325693006,1.11803398874989,6.95250971287131,1.38525861615294,Inf,0.366969230769231,0.489,0.005,13.8286654735318,0.82123185476894,95.0118413672738,14.9233649335537
avoidanceSwerve,training,102,repeated_e6_t1.5_y1,1,,0,1000,2,0.860990268289388,0.735011232197456,1.8619801962022,1.36594828214747,5.03168249207147,8.25666379828913,7.92140452115621,1.79506307856407,3.28711234250256,2.56599291191758,4.22050668537434,39.5814951824695,74.8028647514151,0.0371730158022052,0.383871206646846,19.7329949612441,37.5257149547124,20.1092970406798,3.25,0.939713221523446,5.46809897207454,1.99080037441212,3.00221596530531,44.1173368841055,22.004489040846,1.11803398874989,6.68849478643048,1.380995890706,Inf,0.364209230769231,0.505,0.005,13.8286654735318,0.82123185476894,95.0118413672738,20.1163278765159
avoidanceSwerve,training,102,repeated_e6_t1.5_y3,1,,0,1000,2,0.879781088295922,0.750279052195075,2.9726325054477,1.45286051477449,5.34745415342618,10.1842074626716,8.05754259063855,2.81439189422409,7.22867501615446,2.59265780403176,4.17125160701837,44.9108053429783,98.3062948421676,0.0371730158022052,0.383871206646846,27.8614488319106,63.021823982535,28.584821076762,3.25,0.96258602415033,5.87960941741678,3.1811497216314,3.03311677422769,50.0605162232274,31.1143315967121,1.11803398874989,13.6785100616531,1.38112549111078,Inf,0.336683076923077,0.546,0.005,13.8286654735318,0.82123185476894,95.0118413672738,23.4087557400031
avoidanceSwerve,training,102,repeated_e6_t3_y0.1,1,,0,1000,2,0.323939466694812,0.295603941711979,1.52171015435825,0.692779139732204,2.86415432735718,3.06468529317566,7.3294797587475,0.682361966915895,1.54571130179781,0.868528637287731,1.57604500960442,14.584389258293,35.2259162250215,0.0371730158022052,0.383871206646846,2.23673709121211,4.02674402378025,2.88739979964056,3.25,0.307581236102569,2.63384305777283,0.732998557104292,1.00236416843523,13.068382427103,1.49075325693006,1.11803398874989,8.50093918915843,2.01863065141737,5.32,0.349590769230769,0.479,0.005,13.8286654735318,0.82123185476894,95.0118413672738,7.52099645243852
avoidanceSwerve,training,102,repeated_e6_t3_y1,1,,0,1000,2,0.347678015389713,0.313742646943739,1.99867358946984,0.796326492452528,4.94363404683995,8.63092123422792,8.27327410262088,1.71325232849055,5.53567881894011,1.04669300515931,2.04976343277486,38.86655973157,71.9920759196408,0.0371730158022052,0.383871206646846,19.7329949612441,37.5257149547124,20.1092970406798,3.25,0.330819946259316,5.11753215687412,1.9820935188859,1.21275922572643,41.7278655776444,22.004489040846,1.11803398874989,8.24655088236568,2.01871187381807,Inf,0.348264615384615,0.509,0.005,13.8286654735318,0.82123185476894,95.0118413672738,14.6765967571922
avoidanceSwerve,training,102,repeated_e6_t3_y3,1,,0,1000,2,0.359133134231979,0.322563831384542,3.39474231012558,0.838824944319354,5.86558656431863,11.1718698012255,8.68518778100865,3.31499854020019,10.1611734680007,1.09176963579802,2.32018794591428,46.1253911486012,95.5916688936889,0.0371730158022052,0.383871206646846,27.8614488319106,63.021823982535,28.584821076762,3.25,0.341509369240571,6.28698266034193,3.84222490866299,1.26399575475954,50.0802719302176,31.1143315967121,1.11803398874989,13.4824172789535,2.01891700845438,5.62,0.303483076923077,0.357,0.005,13.8286654735318,0.82123185476894,95.0118413672738,19.4464066524404
avoidanceSwerve,training,102,repeated_e6_t6_y0.1,1,,0,1000,2,0.11413717071513,0.135336680891369,1.82474901399545,0.259934360687482,1.77343794092959,2.00777105051491,7.6507963829806,0.375680678708685,1.12957904496658,0.334394130150502,0.871565363785468,9.65192479025927,27.086145743841,0.0371730158022052,0.383871206646846,2.23673709121211,4.02674402378025,2.88739979964056,3.25,0.094890897000523,1.40224287884974,0.276262111393459,0.34081668201264,6.83803384040346,1.49075325693006,1.11803398874989,11.5487755123461,9.27077350357671,4.98,0.357326153846154,0.549,0.005,13.8286654735318,0.82123185476894,95.0118413672738,3.82311802262052
avoidanceSwerve,training,102,repeated_e6_t6_y1,1,,0,1000,2,0.122052098216536,0.140040826833378,2.32716303939844,0.300871785555503,4.46826544083418,8.38799217919538,8.57128041645868,1.79700633694257,5.22368137189756,0.385110578627355,1.08816394607306,37.2362968106712,64.2635626463038,0.0371730158022052,0.383871206646846,19.7329949612441,37.5257149547124,20.1092970406798,3.25,0.0969754172835239,4.57835297512729,2.09489193840441,0.379127379747289,39.3647937053913,22.004489040846,1.11803398874989,11.3418816616406,9.27130348303795,Inf,0.359233846153846,0.51,0.005,13.8286654735318,0.82123185476894,95.0118413672738,12.2617930181847
avoidanceSwerve,training,102,repeated_e6_t6_y3,1,,0,1000,2,0.127864124294799,0.143590564727019,3.75835253268818,0.321529595973476,5.91175066623935,11.4406234313387,9.24549616022813,3.60776284416905,10.1934166317061,0.432146986703218,1.31085498476954,46.3023083893206,91.3782100753109,0.0371730158022052,0.383871206646846,27.8614488319106,63.021823982535,28.584821076762,3.25,0.100497803736469,6.2548739449598,4.19593183302224,0.414809771529367,49.1407743366541,31.1143315967121,1.11803398874989,13.436403183719,9.27249721032654,5.64,0.358015384615385,0.497,0.005,13.8286654735318,0.82123185476894,95.0118413672738,17.7546286091502
lowRelativeVelocity,training,101,lmi_e1.5_t1.5_y0.1,1,,0,1000,2,0.0338646355702985,0.121705625190998,1.34825027171735,0.0776029205626342,0.456240680518341,0.325656729458819,0.33838169641043,0.231093413582116,0.574775881277574,0.16780481718035,0.474595286429919,0.859157079864675,2.5464406111049,0.0304023306499405,0.219017781912283,1.21249356852448,1.85115286051346,1.34300344204603,6,0.0331513625702431,0.381848196112809,0.223406468612296,0.168083683482087,0.699386326202654,0.929255389738462,1.11803398874989,14.4538532873056,7.60923727201475,5.38,0.32769,0.84,0.005,0,0,33.600000000071,0.972664598840152
lowRelativeVelocity,training,101,lmi_e1.5_t1.5_y1,1,,0,1000,2,0.0338654594948207,0.121676962412662,1.37735103899473,0.0776042281767916,0.331050623283083,0.325503576563917,0.338377405770931,0.23087985155493,0.575871085684971,0.167809854865436,0.474595845566492,0.859071628859693,2.56040458223576,0.0304023306499405,0.219017781912283,0.235732830881298,0.951397141137363,0.620409548925602,6,0.0331513414744824,0.290479133110042,0.223322197129422,0.168083045272781,0.699130787995693,0.0685709571311352,1.11803398874989,14.1446075840777,7.59561421965529,1.52,0.314238333333333,0.656,0.005,0,0,33.600000000071,0.972228623830006
lowRelativeVelocity,training,101,lmi_e1.5_t1.5_y3,1,,0,1000,2,0.0338676294404937,0.121638151469772,1.42160649413461,0.0776080417136816,0.327130006827694,0.325544669386958,0.338592914537944,0.230863461600359,0.576563922638273,0.167815787478394,0.474595483824519,0.859343108723616,2.56159684073105,0.0304023306499405,0.219017781912283,0.178394607610629,0.506336405599864,0.562451005961576,6,0.0331513304338875,0.289217482725789,0.223330796260605,0.168082942748465,0.699440671650153,0.176381865471447,1.11803398874989,13.6153441602975,7.56770803976268,1.5,0.3092,0.593,0.005,0,0,33.600000000071,0.972271839350379
lowRelativeVelocity,training,101,lmi_e1.5_t3_y0.1,1,,0,1000,2,0.0544516651470982,0.109562969923091,1.12823554916131,0.150399078386822,0.855094027982346,0.790855790071899,2.05449184937865,0.603022705089648,1.63751335320512,0.575987190966188,1.87360299816769,1.9218510884903,6.80908491094773,0.0304023306499405,0.219017781912283,1.21249356852448,1.85115286051346,1.34300344204603,6,0.0565296026537079,0.858735115073582,0.653149418668284,0.601594644926568,1.88125769495977,0.929255389738462,1.11803398874989,20.7549410300349,33.8549156581988,11.98,0.306028333333333,0.522,0.005,0,0,33.600000000071,2.13493227934834
lowRelativeVelocity,training,101,lmi_e1.5_t3_y1,1,,0,1000,2,0.0544518904331079,0.109573732705814,1.14169120916663,0.150395620071034,0.792954425528575,0.790727270214909,2.05453022922937,0.601574487363084,1.63093880146613,0.575989563039757,1.87365816895356,1.9274585220049,6.81549159917194,0.0304023306499405,0.219017781912283,0.235732830881298,0.951397141137363,0.620409548925602,6,0.0565300844242877,0.821166527686693,0.652073651731027,0.601595877453049,1.88498233033929,0.0685709571311352,1.11803398874989,20.61457693607,33.8513933290826,11.7,0.303476666666667,0.481,0.005,0,0,33.600000000071,2.13315958345823
lowRelativeVelocity,training,101,lmi_e1.5_t3_y3,1,,0,1000,2,0.0544518274981977,0.109587280997307,1.16614655386337,0.150395682103567,0.789592874199806,0.79064479373787,2.05453417434224,0.601621256950367,1.63129527477228,0.57598927274124,1.8736577875351,1.92681222775624,6.81579098855879,0.0304023306499405,0.219017781912283,0.178394607610629,0.506336405599864,0.562451005961576,6,0.0565301247861658,0.818500981995058,0.652169976853451,0.601596693732085,1.88475230874945,0.176381865471447,1.11803398874989,20.3366745637273,33.8582663405245,11.7,0.347365,0.554,0.005,0,0,33.600000000071,2.13312323443396
lowRelativeVelocity,training,101,lmi_e1.5_t6_y0.1,1,,0,1000,2,0.0983925314193608,0.139343295847659,2.30521241436526,0.244325017402967,2.78865595598553,2.76788139176512,14.717855851666,1.93809180716853,6.1605564667893,2.49981154495996,6.27979430358893,7.46533627494843,22.3344017033553,0.0304023306499405,0.219017781912283,1.21249356852448,1.85115286051346,1.34300344204603,6,0.09616133869816,2.69918851967036,2.01073209356196,2.42041674968863,6.76637141847055,0.929255389738462,1.11803398874989,34.7494516086744,169.809012893195,Inf,0.313778333333333,0.523,0.005,0,0,33.600000000071,6.35317618352035
lowRelativeVelocity,training,101,lmi_e1.5_t6_y1,1,,0,1000,2,0.0983908722728866,0.139362386006032,2.33196342797658,0.244337611411057,2.76859293831306,2.76774713848049,14.7166585687997,1.93274103940362,6.17972155892453,2.4997614725924,6.27775763076272,7.48175959753374,22.4014605524008,0.0304023306499405,0.219017781912283,0.235732830881298,0.951397141137363,0.620409548925602,6,0.0961574756512922,2.68822854587589,2.01150513571677,2.42032229541702,6.76285399822657,0.0685709571311352,1.11803398874989,34.7332387371875,170.014155091579,Inf,0.309535,0.491,0.005,0,0,33.600000000071,6.34574272104286
lowRelativeVelocity,training,101,lmi_e1.5_t6_y3,1,,0,1000,2,0.0983910171533127,0.13937405907606,2.37219003006664,0.244340352703497,2.76682287621313,2.76772059399556,14.7166163458899,1.93204872794506,6.17458450798397,2.49975442560464,6.27743621881597,7.48402743501808,22.3988657342024,0.0304023306499405,0.219017781912283,0.178394607610629,0.506336405599864,0.562451005961576,6,0.096158150240592,2.68760770456497,2.0115147244281,2.42033651500446,6.76319253923121,0.176381865471447,1.11803398874989,34.6985668859691,170.437225870576,Inf,0.342656666666667,0.515,0.005,0,0,33.600000000071,6.34481311442686
lowRelativeVelocity,training,101,lmi_e3_t1.5_y0.1,1,,0,1000,2,0.0338498900726942,0.121988275946001,1.00165053103796,0.0775830770108439,0.842819159244162,0.764712815665504,0.337528730653774,0.552620203982844,1.75051871794282,0.167740925371419,0.474589893078871,1.98390512645826,6.53540718570842,0.0496930611239656,0.719059176830186,1.37386396559768,2.09264105689303,2.2990552230071,6,0.0331512379373441,0.772426092677742,0.544514720902686,0.168083105259598,1.76775863853797,1.05626934480144,1.11803398874989,22.4344023724902,8.01123072071947,11.94,0.3483,0.507,0.005,0,0,33.600000000071,1.84052033398428
lowRelativeVelocity,training,101,lmi_e3_t1.5_y1,1,,0,1000,2,0.0338496895285282,0.121935096123199,1.03789419971828,0.0775813354213265,0.766370331668479,0.764679856241487,0.337291465083724,0.55253663803386,1.75189514615636,0.167749581356574,0.474591768296399,1.98386396155079,6.49167225859047,0.0496930611239656,0.719059176830186,0.347924299595433,1.42737645643623,1.88496608271876,6,0.0331512131828478,0.720422843333444,0.544591412632293,0.16808244597067,1.76648979212689,0.0937213657543338,1.11803398874989,21.671144062281,8.00183655698632,11.94,0.370326666666667,0.591,0.005,0,0,33.600000000071,1.84034296366316
lowRelativeVelocity,training,101,lmi_e3_t1.5_y3,1,,0,1000,2,0.0338517689894857,0.121849671766245,1.09831801182583,0.077581972533593,0.758215036571396,0.764950166216897,0.337109892283358,0.552507973798637,1.75230486585702,0.167774626242635,0.474593571827734,1.98541149216237,6.4972611607042,0.0496930611239656,0.719059176830186,0.328635413862874,0.908015191926382,1.84188388989274,6,0.0331512082947663,0.719542544769268,0.544616005534475,0.168082543209902,1.76680246976453,0.264971401407256,1.11803398874989,20.4768898655482,7.96449904009554,11.94,0.352303333333333,0.503,0.005,0,0,33.600000000071,1.84061593592461
lowRelativeVelocity,training,101,lmi_e3_t3_y0.1,1,,0,1000,2,0.0544521077114035,0.109485912266212,1.7744398872512,0.150398182950387,1.13764389890216,1.07886272653531,2.05443496768946,0.816491864622963,2.64032160518645,0.57598714759094,1.87360273616431,2.64991334509842,8.51885362851989,0.0496930611239656,0.719059176830186,1.37386396559768,2.09264105689303,2.2990552230071,6,0.0565291497442838,1.10766779173808,0.906074137908201,0.601594872953291,2.15277649993136,1.05626934480144,1.11803398874989,31.1711027651148,34.7679603337395,11.98,0.346108333333333,0.48,0.005,0,0,33.600000000071,2.70748747537965
lowRelativeVelocity,training,101,lmi_e3_t3_y1,1,,0,1000,2,0.0544523579617444,0.109479427868134,1.79028963574706,0.150394135736976,1.08182337339523,1.07823531837464,2.05446201341887,0.815030268718404,2.63234524074477,0.575989302275264,1.87366854083954,2.65237451614379,8.46436355602567,0.0496930611239656,0.719059176830186,0.347924299595433,1.42737645643623,1.88496608271876,6,0.0565297056224918,1.07104729311401,0.904552816944949,0.601596045027253,2.15172563112885,0.0937213657543338,1.11803398874989,30.6284815792594,34.8134233040752,11.9,0.33766,0.446,0.005,0,0,33.600000000071,2.70505902028301
lowRelativeVelocity,training,101,lmi_e3_t3_y3,1,,0,1000,2,0.0544523217723696,0.109484855799653,1.80708186863705,0.150394376710314,1.07825544510979,1.07830259796425,2.05445353068211,0.815071224335229,2.63327163849864,0.575988429767265,1.87366822692089,2.65256827124346,8.47130383420112,0.0496930611239656,0.719059176830186,0.328635413862874,0.908015191926382,1.84188388989274,6,0.0565297367603062,1.07217504380444,0.904721218426848,0.601595830253006,2.15106038365362,0.264971401407256,1.11803398874989,29.4813877021017,34.9085789384874,11.9,0.314951666666667,0.443,0.005,0,0,33.600000000071,2.70517932064285
lowRelativeVelocity,training,101,lmi_e3_t6_y0.1,1,,0,1000,2,0.0983948686542809,0.139327705312702,2.63665882152905,0.244309633992878,2.89904081737382,2.87469282499099,14.7155365490894,2.01737264002969,6.34979443578,2.49977207141374,6.27824977427914,7.74720452567584,23.4240293118255,0.0496930611239656,0.719059176830186,1.37386396559768,2.09264105689303,2.2990552230071,6,0.0961692080162796,2.80912848262357,2.11105209000035,2.42050255574451,6.95730945087327,1.05626934480144,1.11803398874989,43.2280812115442,160.971878075744,Inf,0.332466666666667,0.531,0.005,0,0,33.600000000071,6.56813487173736
lowRelativeVelocity,training,101,lmi_e3_t6_y1,1,,0,1000,2,0.0983928745017865,0.139523734755502,2.6816393941638,0.244318454011043,2.87543681907749,2.87414064337483,14.7138755515043,2.01176768327722,6.37911012012681,2.4997082935111,6.2758093150764,7.76076956949655,23.2553751199332,0.0496930611239656,0.719059176830186,0.347924299595433,1.42737645643623,1.88496608271876,6,0.0961646326679136,2.79588751412388,2.11285493407664,2.42038587065942,6.95077621768696,0.0937213657543338,1.11803398874989,42.948731877049,161.002923675786,Inf,0.310761666666667,0.479,0.005,0,0,33.600000000071,6.55961802547162
lowRelativeVelocity,training,101,lmi_e3_t6_y3,1,,0,1000,2,0.098392995261989,0.140008007531288,2.72755713806058,0.244321851714924,2.87214451714272,2.87386337350001,14.713726817919,2.01099994131741,6.37204441352536,2.49969773934878,6.27518356649635,7.76211127739576,23.2703232636333,0.0496930611239656,0.719059176830186,0.328635413862874,0.908015191926382,1.84188388989274,6,0.0961657193848883,2.79438729902012,2.11352670439875,2.42040550020182,6.9490064903018,0.264971401407256,1.11803398874989,42.6658865124946,161.068829733207,Inf,0.32886,0.483,0.005,0,0,33.600000000071,6.55835209073386
lowRelativeVelocity,training,101,lmi_e6_t1.5_y0.1,1,,0,1000,2,0.0338534386617573,0.121820338003198,2.65076795906677,0.0775906984452167,2.68316821533842,2.64518108297665,0.337102684259168,1.93543444167604,6.9097191240702,0.167782765705919,0.474598947793752,6.80120312790285,19.1559485576604,0.0921051338913892,2.63243006590436,1.70296640877435,2.53257379165893,7.06537992142579,6,0.0331511536085325,2.65002316367056,1.87466535774735,0.168081016407834,6.91782775737092,1.37461768741445,1.11803398874989,39.7048472661166,7.79674763527742,Inf,0.301943333333333,0.466,0.005,0,0,33.600000000071,5.56964389555022
lowRelativeVelocity,training,101,lmi_e6_t1.5_y1,1,,0,1000,2,0.0338530531427213,0.121791420119931,2.65665658922642,0.0775875035388685,2.64757303491035,2.64526886126227,0.336816564666811,1.93554722984246,6.90229118908589,0.167793504189405,0.474601055468705,6.80035932458206,19.1175842099051,0.0921051338913892,2.63243006590436,0.591628371975475,2.49246736981903,6.91105138886686,6,0.0331510772052662,2.6227149672629,1.87470646037533,0.168080630398595,6.91794099524038,0.326379982128461,1.11803398874989,38.8516749203366,7.79915303474458,Inf,0.300398333333333,0.518,0.005,0,0,33.600000000071,5.56969685602854
lowRelativeVelocity,training,101,lmi_e6_t1.5_y3,1,,0,1000,2,0.0338545123351163,0.121745861917079,2.66792220017673,0.0775864552754663,2.63869233385287,2.6453943871174,0.33664040871852,1.93542021228524,6.90142433050248,0.167814458384465,0.474603664627316,6.80168954311054,19.1200562963075,0.0921051338913892,2.63243006590436,0.67164392186725,1.9767648302921,6.85733366281683,6,0.0331510980199769,2.61583517862176,1.87460878996001,0.168080937535388,6.91910671083978,0.670142849589213,1.11803398874989,37.6737237033814,7.78423560807562,Inf,0.302215,0.538,0.005,0,0,33.600000000071,5.56972345654375
lowRelativeVelocity,training,101,lmi_e6_t3_y0.1,1,,0,1000,2,0.0544518717602648,0.109131193777299,2.97245977823368,0.150390441735548,2.78002719675934,2.74239856568406,2.05458915320631,2.01661898327755,7.72726217093231,0.57600634854099,1.87346750077596,7.01635244433083,21.3507855730711,0.0921051338913892,2.63243006590436,1.70296640877435,2.53257379165893,7.06537992142579,6,0.0565293358425207,2.71701552887162,1.94546519124937,0.60162407376631,7.01552771645218,1.37461768741445,1.11803398874989,48.4667236383179,33.5541450158477,Inf,0.29889,0.487,0.005,0,0,33.600000000071,5.98102717302392
lowRelativeVelocity,training,101,lmi_e6_t3_y1,1,,0,1000,2,0.0544523497155464,0.109211389698793,2.9752460363429,0.150386289710151,2.7455276054539,2.74283071391524,2.05461756254919,2.01622396116729,7.69574844725313,0.576007734788939,1.87353184370174,7.01875279222729,21.2961391886466,0.0921051338913892,2.63243006590436,0.591628371975475,2.49246736981903,6.91105138886686,6,0.0565300820716,2.69132509084116,1.9452470182743,0.601623074819593,7.01916226531795,0.326379982128461,1.11803398874989,47.4962399565863,33.6595452651783,Inf,0.338371666666667,0.473,0.005,0,0,33.600000000071,5.9807219779355
lowRelativeVelocity,training,101,lmi_e6_t3_y3,1,,0,1000,2,0.0544527035410343,0.109291675227076,2.98014130128443,0.150385123573017,2.73634492742333,2.74301460042098,2.05459723905237,2.01621348891195,7.6918793105844,0.576010699623864,1.87352388667356,7.02007606937387,21.29962502219,0.0921051338913892,2.63243006590436,0.67164392186725,1.9767648302921,6.85733366281683,6,0.0565301220802661,2.68577910369375,1.94515094339982,0.601623096361975,7.0199400939159,0.670142849589213,1.11803398874989,45.2059359161547,34.2257358719943,Inf,0.35627,0.556,0.005,0,0,33.600000000071,5.98096922710902
lowRelativeVelocity,training,101,lmi_e6_t6_y0.1,1,,0,1000,2,0.0983527962990515,0.13905742090628,5.10314747662592,0.244454217886157,3.85539199483274,3.82700600977889,14.6982572794678,2.71105294325544,8.2417674328245,2.49828039109681,6.27191411905448,10.2462806022962,28.5379939641969,0.0921051338913892,2.63243006590436,1.70296640877435,2.53257379165893,7.06537992142579,6,0.0961324373616894,3.8027563833672,2.80443354882762,2.4192009531281,9.69153496793194,1.37461768741445,1.11803398874989,67.4567649791264,153.191713795378,Inf,0.325678333333333,0.532,0.005,0,0,33.600000000071,8.45488996996064
lowRelativeVelocity,training,101,lmi_e6_t6_y1,1,,0,1000,2,0.0983516535666868,0.139047865826876,5.10911200211315,0.244474686489747,3.82518850689461,3.8261664772345,14.6971818627049,2.70881105483993,8.2258983141947,2.49824324627063,6.27024084434295,10.2468474692898,28.2630474035739,0.0921051338913892,2.63243006590436,0.591628371975475,2.49246736981903,6.91105138886686,6,0.0961279273877816,3.78014615999013,2.8042188368442,2.41907810510247,9.69086618424554,0.326379982128461,1.11803398874989,66.791483079528,153.394989271802,Inf,0.325271666666667,0.506,0.005,0,0,33.600000000071,8.4505081392047
lowRelativeVelocity,training,101,lmi_e6_t6_y3,1,,0,1000,2,0.0983511316811018,0.139065540546859,5.07695697757129,0.244473591907232,3.80900959307945,3.82447257595804,14.6974383977346,2.70725722738723,8.23528489733587,2.49821899202004,6.26995232921163,10.2434307411711,28.2825382191709,0.0921051338913892,2.63243006590436,0.67164392186725,1.9767648302921,6.85733366281683,6,0.0961274144347191,3.76626439896259,2.80316378134863,2.4190657841556,9.69351669250748,0.670142849589213,1.11803398874989,65.246099711861,153.851021566903,Inf,0.339398333333333,0.508,0.005,0,0,33.600000000071,8.44671191981969
lowRelativeVelocity,training,101,repeated_e1.5_t1.5_y0.1,1,,0,1000,2,0.0378016876208534,0.123802021021235,0.506457533709793,0.0952646588024099,0.439616287167222,0.183250824526781,0.162214291545172,0.0739418042197797,0.209348366694686,0.0921127040230096,0.270533060243461,0.625177676254603,1.9434876037417,0.022469863503389,0.0590462657204904,1.11285883201924,1.79191877520712,1.26571814205931,6,0.020114804700082,0.234923465387032,0.0257630512397112,0.0241542955694056,0.159755714309703,0.833950176921433,1.11803398874989,2.66233624932177,0.567797708358338,1.24,0.353376666666667,0.505,0.005,0,0,33.600000000071,0.650936019899014
lowRelativeVelocity,training,101,repeated_e1.5_t1.5_y1,1,,0,1000,2,0.0378066042238381,0.123803550445751,0.508488281539395,0.0952814824006832,0.236220649494284,0.186504324939987,0.162235962855684,0.0718891642556145,0.203235743996423,0.0921354753373018,0.270589214921774,0.64175978105997,1.97082467244336,0.022469863503389,0.0590462657204904,0.270440676086779,1.42107744007778,0.419599778691671,6,0.0201151886340427,0.0482454756327027,0.0257550002005641,0.0241548268786018,0.163700415124294,0.0447373341996195,1.11803398874989,2.59457131359796,0.567958304350961,1.26,0.353883333333333,0.511,0.005,0,0,33.600000000071,0.650196326961604
lowRelativeVelocity,training,101,repeated_e1.5_t1.5_y3,1,,0,1000,2,0.0377967440192698,0.123801337941234,0.511132356076705,0.0952551201127375,0.159212016708263,0.188129310318412,0.162163295456998,0.0707628308881696,0.201065641925604,0.0921312016855437,0.270553513144237,0.650113387060874,2.00051776259573,0.022469863503389,0.0590462657204904,0.179644882863267,0.430821169583652,0.123186622624363,6,0.0201155332356725,0.0482240855414134,0.0257567206167358,0.0241553970071631,0.163771243713234,0.0561190538523302,1.11803398874989,2.48557379762136,0.567832047554944,1.26,0.35131,0.543,0.005,0,0,33.600000000071,0.649515779381212
lowRelativeVelocity,training,101,repeated_e1.5_t3_y0.1,1,,0,1000,2,0.0263895160555259,0.0930027168328832,0.5742265426668,0.0603745171677522,0.360467250290269,0.110670648646883,0.103772040890687,0.0566911872269362,0.154101037034328,0.0605306098762539,0.222097655016306,0.355519036814356,1.25828706677324,0.022469863503389,0.0590462657204904,1.11285883201924,1.79191877520712,1.26571814205931,6,0.0259137843807886,0.242138712877564,0.0557332907264148,0.0558118409914254,0.22508407932283,0.833950176921433,1.11803398874989,3.74768909482735,2.08391285227677,0.88,0.356211666666667,0.538,0.005,0,0,33.600000000071,0.448381342372002
lowRelativeVelocity,training,101,repeated_e1.5_t3_y1,1,,0,1000,2,0.026388960234053,0.0930028142718144,0.575387973159062,0.0603745001111325,0.162108391740261,0.112756317242572,0.103762049949371,0.0565676167100598,0.15443264241822,0.0605219669306871,0.222008466635009,0.364847856501016,1.27624534541255,0.022469863503389,0.0590462657204904,0.270440676086779,1.42107744007778,0.419599778691671,6,0.0259138075865639,0.0803668023370869,0.0557080248186705,0.055811852877792,0.227435330520179,0.0447373341996195,1.11803398874989,3.71187993392559,2.08392134520952,0.9,0.356991666666667,0.542,0.005,0,0,33.600000000071,0.449994407060853
lowRelativeVelocity,training,101,repeated_e1.5_t3_y3,1,,0,1000,2,0.0263890961378585,0.0930031390296933,0.577510171171432,0.0603745017450079,0.101693296217093,0.11406867890539,0.10377338384448,0.0564200075721146,0.154432755103539,0.0605232005225044,0.222004321071828,0.370832093158897,1.29637991767817,0.022469863503389,0.0590462657204904,0.179644882863267,0.430821169583652,0.123186622624363,6,0.0259138079969858,0.0794390146942841,0.0557082251127021,0.055811853047992,0.227573583633007,0.0561190538523302,1.11803398874989,3.64709758004646,2.08394569251795,0.94,0.357546666666667,0.509,0.005,0,0,33.600000000071,0.450897395154593
lowRelativeVelocity,training,101,repeated_e1.5_t6_y0.1,1,,0,1000,2,0.0367067778373358,0.0788923043954563,0.669235243577575,0.0886007434641396,0.393002148151191,0.212155635889571,0.3989176003518,0.150820820621917,0.381749308282263,0.143045621785095,0.399583082189293,0.558235317834764,1.64675231475345,0.022469863503389,0.0590462657204904,1.11285883201924,1.79191877520712,1.26571814205931,6,0.0369343944796545,0.307453937717494,0.159088887081692,0.147505972098709,0.505508435182947,0.833950176921433,1.11803398874989,6.31639189708653,9.20312891163874,0.44,0.360845,0.569,0.005,0,0,33.600000000071,0.780356483184145
lowRelativeVelocity,training,101,repeated_e1.5_t6_y1,1,,0,1000,2,0.0367067755448599,0.0788921054421741,0.669268321018401,0.0886006016157216,0.234626720450009,0.212973645718608,0.39891558080859,0.150654459179881,0.382782697216308,0.143046005806915,0.399582104541256,0.563192411048142,1.60790740898309,0.022469863503389,0.0590462657204904,0.270440676086779,1.42107744007778,0.419599778691671,6,0.0369344268969925,0.208177823088577,0.159093480932917,0.14750627258103,0.506106144890951,0.0447373341996195,1.11803398874989,6.31656327446912,9.20295365349876,0.44,0.34951,0.465,0.005,0,0,33.600000000071,0.781015156017989
lowRelativeVelocity,training,101,repeated_e1.5_t6_y3,1,,0,1000,2,0.0367067679627196,0.0788916614260025,0.669739662712381,0.0886006007513432,0.208757708754317,0.213366993160364,0.398915155713763,0.150625639596748,0.382783114848333,0.143046099991669,0.399582155567095,0.565382877121417,1.60921502374411,0.022469863503389,0.0590462657204904,0.179644882863267,0.430821169583652,0.123186622624363,6,0.0369344284867126,0.207525654615505,0.159086116516929,0.147506273581576,0.506229247823986,0.0561190538523302,1.11803398874989,6.31519596554563,9.20262223837902,0.42,0.35109,0.484,0.005,0,0,33.600000000071,0.781395534244975
lowRelativeVelocity,training,101,repeated_e3_t1.5_y0.1,1,,0,1000,2,0.0378487571823857,0.123810368922763,0.601242862052389,0.0953920220486168,0.41002582087188,0.165677121781775,0.162452356780524,0.0896617151944044,0.309767301609801,0.0923039236053667,0.271106768226823,0.518916202618636,1.85914684153487,0.0242328243574848,0.0694949069356709,1.11232356593643,1.72223670275272,1.15675898608387,6,0.0201153488406984,0.241443083681833,0.0492866281196109,0.0241551739546706,0.199983926034482,0.850104813398068,1.11803398874989,4.26662237534326,0.568876756194996,2,0.347338333333333,0.503,0.005,0,0,33.600000000071,0.661594242736393
lowRelativeVelocity,training,101,repeated_e3_t1.5_y1,1,,0,1000,2,0.0378380439923526,0.123808812628388,0.607495069556574,0.0953653997143288,0.189242561105538,0.16826372487634,0.162378096636716,0.0874726942039112,0.301851929204837,0.0923008978590927,0.271061028255376,0.535488704018947,1.89914861227303,0.0242328243574848,0.0694949069356709,0.110581727677683,0.591652319581047,0.248557138220845,6,0.0201159167261754,0.072478953339549,0.0492424669331902,0.0241560188786032,0.201965024816109,0.0406857247414436,1.11803398874989,4.06283984814639,0.568741356697567,1.08,0.360808333333333,0.512,0.005,0,0,33.600000000071,0.660423569135138
lowRelativeVelocity,training,101,repeated_e3_t1.5_y3,1,,0,1000,2,0.0378031291673672,0.123801328837463,0.614922406252103,0.0952673839266581,0.145872483777129,0.168935771218232,0.1621664266456,0.0866136428363093,0.296798057079892,0.0922412046109377,0.270831553482037,0.54037281391414,1.92400054014006,0.0242328243574848,0.0694949069356709,0.154682628876411,0.668977813218022,0.167663381927033,6,0.0201163119212009,0.0719522276650974,0.0492466046711634,0.0241566814023872,0.202278545896565,0.0822990482638574,1.11803398874989,3.77066252799979,0.568052821777953,0.96,0.362233333333333,0.554,0.005,0,0,33.600000000071,0.659333140129118
lowRelativeVelocity,training,101,repeated_e3_t3_y0.1,1,,0,1000,2,0.0263946836353735,0.0929905823484321,0.752566125806498,0.0603745479562409,0.33688462708779,0.118903332736046,0.10388987738465,0.0803528450776618,0.312166923818165,0.0605622547436082,0.222609150452459,0.327325299705009,1.20251403092946,0.0242328243574848,0.0694949069356709,1.11232356593643,1.72223670275272,1.15675898608387,6,0.0259137860538192,0.246534252558267,0.0669610463884737,0.0558118398299202,0.240016058096059,0.850104813398068,1.11803398874989,5.63674943122379,2.07885756945158,1.84,0.344713333333333,0.576,0.005,0,0,33.600000000071,0.49011758645006
lowRelativeVelocity,training,101,repeated_e3_t3_y1,1,,0,1000,2,0.0263936119914854,0.0929915667195449,0.758865921010485,0.0603745315336639,0.132686056912838,0.11973139882239,0.103865440756743,0.079929371374084,0.309246874187812,0.0605528489707998,0.222473514055318,0.332909214698596,1.23497217298939,0.0242328243574848,0.0694949069356709,0.110581727677683,0.591652319581047,0.248557138220845,6,0.0259138098253651,0.0914439644084771,0.0668808128740131,0.0558118511759034,0.241420218456482,0.0406857247414436,1.11803398874989,5.48963922491708,2.07909626646858,1.48,0.340936666666666,0.555,0.005,0,0,33.600000000071,0.490376705602741
lowRelativeVelocity,training,101,repeated_e3_t3_y3,1,,0,1000,2,0.0263933486602411,0.0929933622601161,0.768014860670678,0.0603745302634396,0.106671786304833,0.120314470387386,0.103853117308403,0.079650688137207,0.306026412904632,0.0605607160589976,0.222485846470885,0.336731089110307,1.26369114957738,0.0242328243574848,0.0694949069356709,0.154682628876411,0.668977813218022,0.167663381927033,6,0.0259138107665082,0.0904682005482191,0.0668795007957689,0.0558118509183756,0.24174318827745,0.0822990482638574,1.11803398874989,5.26195104430487,2.07957061134442,1.08,0.347566666666667,0.607,0.005,0,0,33.600000000071,0.490581080698887
lowRelativeVelocity,training,101,repeated_e3_t6_y0.1,1,,0,1000,2,0.0367067294167251,0.0788816744664408,0.838245560116559,0.0886007530131253,0.370742151985785,0.214671652343749,0.398918706610647,0.15581029392861,0.409715968466179,0.143043977305237,0.399582964532987,0.552471487319287,1.68955387037791,0.0242328243574848,0.0694949069356709,1.11232356593643,1.72223670275272,1.15675898608387,6,0.0369343958184858,0.309768242993063,0.163248909234946,0.147505975915051,0.503284143976544,0.850104813398068,1.11803398874989,8.1014051137983,9.15366604832066,1.74,0.358568333333333,0.502,0.005,0,0,33.600000000071,0.789182179488329
lowRelativeVelocity,training,101,repeated_e3_t6_y1,1,,0,1000,2,0.0367067129836443,0.0788817791844834,0.842063347848291,0.0886006138815405,0.218775528290695,0.214795979045158,0.398916360140226,0.15561111272407,0.407258134495377,0.14304429715484,0.399581959419827,0.553913514134171,1.65729718273828,0.0242328243574848,0.0694949069356709,0.110581727677683,0.591652319581047,0.248557138220845,6,0.0369344301937248,0.210526556026256,0.16319165465198,0.147506292260061,0.503532074630086,0.0406857247414436,1.11803398874989,8.05623316225431,9.15400737345969,1.2,0.358876666666667,0.532,0.005,0,0,33.600000000071,0.789072058111417
lowRelativeVelocity,training,101,repeated_e3_t6_y3,1,,0,1000,2,0.0367067000761114,0.0788814333107533,0.849274976781023,0.0886006022804483,0.212232802502202,0.214962663379157,0.398915586786208,0.155584019026906,0.407346402637986,0.143044441555197,0.39958194388561,0.554918368017288,1.65796117286773,0.0242328243574848,0.0694949069356709,0.154682628876411,0.668977813218022,0.167663381927033,6,0.0369344304186992,0.209417143193559,0.163182813394105,0.147506301239961,0.503794633074039,0.0822990482638574,1.11803398874989,7.96752083980364,9.15476406003953,1.08,0.352745,0.504,0.005,0,0,33.600000000071,0.789218712418383
lowRelativeVelocity,training,101,repeated_e6_t1.5_y0.1,1,,0,1000,2,0.0378518050866372,0.123809120761055,0.643830274015529,0.0953992490461114,0.438877400076255,0.226954983893931,0.16247054042771,0.148508717682834,0.396197610594573,0.09233748105213,0.271209746736985,0.640834972425668,2.05140536868978,0.0337453689436191,0.185777477867822,1.14900749877585,1.75010943170083,1.23886692217642,6,0.0201154260615334,0.299193281015838,0.134387956988279,0.0241552994105361,0.467283946388617,0.880115446543712,1.11803398874989,7.28694746159247,0.568907091948613,2.3,0.354173333333333,0.505,0.005,0,0,33.600000000071,0.803702480717174
lowRelativeVelocity,training,101,repeated_e6_t1.5_y1,1,,0,1000,2,0.0378302992847034,0.123805875657309,0.653149313624255,0.0953424880915244,0.251098022757415,0.228533816374936,0.162340939676007,0.14745761941891,0.397271193230132,0.0923092498268494,0.271075327707432,0.651963698378109,2.08768393730653,0.0337453689436191,0.185777477867822,0.171095906027396,0.648543157496157,0.510865377284023,6,0.0201160068702574,0.183439860239191,0.134341134741968,0.024156166431163,0.46786722020475,0.0511341346182034,1.11803398874989,6.99455496294194,0.568523923384693,0.6,0.339211666666667,0.51,0.005,0,0,33.600000000071,0.803610971360477
lowRelativeVelocity,training,101,repeated_e6_t1.5_y3,1,,0,1000,2,0.0377852490156423,0.12379725579771,0.665805297906304,0.0952170181605438,0.22665661716556,0.228845307362356,0.162084396109061,0.1471264644034,0.397383246830731,0.0922168521946356,0.270735904576682,0.654532728795183,2.10564306316431,0.0337453689436191,0.185777477867822,0.132448381000843,0.34343342997839,0.48385740184738,6,0.0201163525560245,0.182144789459965,0.134343820124936,0.0241567492070423,0.468275356858729,0.121916566144419,1.11803398874989,6.54394929025172,0.56758135938724,0.6,0.335615,0.549,0.005,0,0,33.600000000071,0.80301196472226
lowRelativeVelocity,training,101,repeated_e6_t3_y0.1,1,,0,1000,2,0.0264039780579259,0.0929636638563115,0.813853405017631,0.0603746040443038,0.375068321402031,0.205228072014868,0.10418786639414,0.146399782111536,0.456718389700864,0.0606317639691454,0.223529060831548,0.538671115642686,1.43936333510076,0.0337453689436191,0.185777477867822,1.14900749877585,1.75010943170083,1.23886692217642,6,0.025913790154898,0.30141937262952,0.141784593729617,0.0558118337689975,0.469637211347326,0.880115446543712,1.11803398874989,8.81199796970936,2.06772948400854,1.74,0.330128333333333,0.516,0.005,0,0,33.600000000071,0.664573567930869
lowRelativeVelocity,training,101,repeated_e6_t3_y1,1,,0,1000,2,0.0264017851064049,0.0929654448253035,0.828405497953232,0.0603745804218702,0.213553497392293,0.205387919951606,0.104118513518447,0.146176037046746,0.457075868772835,0.0606190895269121,0.223319965588585,0.540335969484026,1.47470341119125,0.0337453689436191,0.185777477867822,0.171095906027396,0.648543157496157,0.510865377284023,6,0.0259138139287458,0.189140925217052,0.141698343783471,0.0558118439143157,0.470108007557784,0.0511341346182034,1.11803398874989,8.52730285591786,2.0680810706124,1.26,0.337633333333333,0.492,0.005,0,0,33.600000000071,0.664437119054346
lowRelativeVelocity,training,101,repeated_e6_t3_y3,1,,0,1000,2,0.0263992121884043,0.0929689362143353,0.849947957438155,0.0603745590396607,0.203129282017584,0.205530370989758,0.104006571468655,0.146086190915514,0.457101554587917,0.0606200071604839,0.223195026424211,0.541425707844304,1.47882982513113,0.0337453689436191,0.185777477867822,0.132448381000843,0.34343342997839,0.48385740184738,6,0.0259138134084257,0.188560655352685,0.141696593029937,0.0558118435642836,0.47042891877091,0.121916566144419,1.11803398874989,8.04008840277182,2.06910495230593,0.82,0.348481666666667,0.478,0.005,0,0,33.600000000071,0.664449645283932
lowRelativeVelocity,training,101,repeated_e6_t6_y0.1,1,,0,1000,2,0.0367068039988841,0.0788599135409907,0.961081266361239,0.0886007448028418,0.407138213696682,0.274696985419187,0.398917587763877,0.198577450310003,0.559925757466385,0.143045245583076,0.399582017363463,0.710954770102822,2.17954413095445,0.0337453689436191,0.185777477867822,1.14900749877585,1.75010943170083,1.23886692217642,6,0.0369343837683609,0.349324008805421,0.205084717683614,0.147505999432367,0.603465861781472,0.880115446543712,1.11803398874989,11.9931006344433,9.12540685688046,1.08,0.330178333333333,0.444,0.005,0,0,33.600000000071,0.90641389462941
lowRelativeVelocity,training,101,repeated_e6_t6_y1,1,,0,1000,2,0.0367067876040978,0.0788545561967663,0.978027537048782,0.0886006047111353,0.276670862174297,0.274531623448909,0.398915021193532,0.198308601587378,0.556706420133878,0.143045633760222,0.399580857959653,0.711065883084737,2.14662919717892,0.0337453689436191,0.185777477867822,0.171095906027396,0.648543157496157,0.510865377284023,6,0.0369344179007893,0.26023115953702,0.204923593392802,0.14750632176368,0.603441973481717,0.0511341346182034,1.11803398874989,11.7724895967187,9.1189302363693,1.08,0.359491666666666,0.599,0.005,0,0,33.600000000071,0.905898255832681
lowRelativeVelocity,training,101,repeated_e6_t6_y3,1,,0,1000,2,0.0367067903472611,0.0788467656639035,1.0063756632436,0.0886006031910512,0.273981497530757,0.274553828147324,0.398914602372704,0.198270162528107,0.55640068510043,0.143045849720724,0.399580704441525,0.71132984598723,2.1460276737023,0.0337453689436191,0.185777477867822,0.132448381000843,0.34343342997839,0.48385740184738,6,0.0369344132286153,0.259856324025771,0.204918786721947,0.147506297230968,0.603678294201722,0.121916566144419,1.11803398874989,11.3565160010851,9.10620308521233,0.96,0.332995,0.509,0.005,0,0,33.600000000071,0.90587419772627
lowRelativeVelocity,training,102,lmi_e1.5_t1.5_y0.1,1,,0,1000,2,0.0330309344460618,0.124904909380645,1.3397847163756,0.0782100971231929,0.495529402796658,0.376124357713497,0.324185690376685,0.21110613585113,0.619619530294413,0.146433330649862,0.444362983588039,1.1645238038979,3.68392422499946,0.0338539549955165,0.24793980252739,1.21927462878239,1.84924651616676,1.40551075517225,6,0.0305159541165672,0.42158066684131,0.202459107116956,0.141576226001908,1.03547688878051,0.94304131156309,1.11803398874989,14.5873076210911,7.56573109311236,9.38,0.336036666666667,0.862,0.005,0,0,33.600000000071,0.985426376942457
lowRelativeVelocity,training,102,lmi_e1.5_t1.5_y1,1,,0,1000,2,0.0330311025846323,0.124882857018898,1.36914783979574,0.0782095753786472,0.381256439490199,0.37583466397553,0.324207244374051,0.210661950000818,0.621958372477554,0.146437956685866,0.444412286369516,1.16433321197671,3.71430133544001,0.0338539549955165,0.24793980252739,0.231362502778464,1.00288080432424,0.736455835162329,6,0.0305160100746959,0.342824710427448,0.202844575583515,0.141575455092773,1.03499043267418,0.0769119307294359,1.11803398874989,14.2479006517039,7.54477748174256,3,0.339745,0.481,0.005,0,0,33.600000000071,0.984501568243303
lowRelativeVelocity,training,102,lmi_e1.5_t1.5_y3,1,,0,1000,2,0.0330338590882353,0.124849158981252,1.41232327020446,0.0782315253916939,0.366639472050238,0.376056583376002,0.324538196384818,0.210565972259778,0.621978259340498,0.146441035952375,0.444366776845107,1.16559574041481,3.72810602588016,0.0338539549955165,0.24793980252739,0.215644557877757,0.601722052962065,0.664580104862848,6,0.0305160468467522,0.338730020435548,0.20290416584139,0.14157541515045,1.03586240969058,0.210962898552107,1.11803398874989,13.6329216962038,7.50187156343499,1.46,0.3306,0.517,0.005,0,0,33.600000000071,0.984589683484872
lowRelativeVelocity,training,102,lmi_e1.5_t3_y0.1,1,,0,1000,2,0.0553078010349769,0.111933498459456,1.14113099368058,0.128996833562086,0.906871198248593,0.848787112424225,2.08539517448374,0.559712851157875,1.76019114521848,0.584754943515935,1.78912702631121,2.39039930938073,6.3554747529337,0.0338539549955165,0.24793980252739,1.21927462878239,1.84924651616676,1.40551075517225,6,0.0561047102401431,0.894724765365538,0.52439032354326,0.61012647327279,2.56308393802811,0.94304131156309,1.11803398874989,19.7290023717686,33.5361628668603,11.12,0.340921666666667,0.55,0.005,0,0,33.600000000071,2.15058357454166
lowRelativeVelocity,training,102,lmi_e1.5_t3_y1,1,,0,1000,2,0.0553075100709155,0.111947040990166,1.15775499687026,0.128999790004033,0.853001454650758,0.848690133579152,2.08539111431965,0.558420925211348,1.769948728072,0.584756727174629,1.78912350168307,2.39412602296746,6.38197375102227,0.0338539549955165,0.24793980252739,0.231362502778464,1.00288080432424,0.736455835162329,6,0.0561043506437007,0.863437256277822,0.521420832685094,0.610127088143322,2.57014565982557,0.0769119307294359,1.11803398874989,19.5849365679906,33.5326673487583,11.12,0.327055,0.534,0.005,0,0,33.600000000071,2.14874215572534
lowRelativeVelocity,training,102,lmi_e1.5_t3_y3,1,,0,1000,2,0.0553075044026681,0.111972299113554,1.18438489172336,0.128998941417461,0.851728607205478,0.848751992556407,2.08538951697854,0.558361527456875,1.76936742352046,0.58475567039254,1.78911932651353,2.39457908944144,6.39172951568608,0.0338539549955165,0.24793980252739,0.215644557877757,0.601722052962065,0.664580104862848,6,0.0561041929982267,0.865122445507354,0.521318878807128,0.610124920699738,2.57050237514912,0.210962898552107,1.11803398874989,19.2999878349958,33.5248389858946,11.12,0.334376666666666,0.47,0.005,0,0,33.600000000071,2.14871391682872
lowRelativeVelocity,training,102,lmi_e1.5_t6_y0.1,1,,0,1000,2,0.0920110217894999,0.125160345080671,2.0805913646978,0.212220538138034,2.61412102296999,2.59664793329591,13.8357863748214,1.77780760045154,5.5563839268378,2.34057215889349,6.39256854789407,7.11943907441799,23.5362370797304,0.0338539549955165,0.24793980252739,1.21927462878239,1.84924651616676,1.40551075517225,6,0.0939841154935363,2.67743444479563,1.97822767879092,2.40808766186776,6.77052561834801,0.94304131156309,1.11803398874989,34.7120182962846,166.503920569312,Inf,0.345538333333333,0.536,0.005,0,0,33.600000000071,5.89961323368169
lowRelativeVelocity,training,102,lmi_e1.5_t6_y1,1,,0,1000,2,0.0920081589045886,0.125243977304397,2.09688773939622,0.212185070107573,2.59633241210623,2.59659710848451,13.8354680305852,1.77386920887616,5.6118508604492,2.34055439977321,6.39349005585519,7.13196577232513,23.405923793122,0.0338539549955165,0.24793980252739,0.231362502778464,1.00288080432424,0.736455835162329,6,0.0939833061629729,2.66401132221906,1.97359561845079,2.40811987616223,6.78878071226855,0.0769119307294359,1.11803398874989,34.6946596153995,166.506794328667,Inf,0.342696666666666,0.543,0.005,0,0,33.600000000071,5.89421316126324
lowRelativeVelocity,training,102,lmi_e1.5_t6_y3,1,,0,1000,2,0.0920067814466793,0.125386542760223,2.12894947028618,0.212185231763961,2.5974079102552,2.59654263130084,13.835513544461,1.77362523417409,5.61059796465074,2.34054082612177,6.39457661428374,7.13159739746091,23.2480770382078,0.0338539549955165,0.24793980252739,0.215644557877757,0.601722052962065,0.664580104862848,6,0.0939827365606172,2.66431565958742,1.97374144899269,2.40810952913352,6.78823595401339,0.210962898552107,1.11803398874989,34.6575097563076,166.512932773995,Inf,0.346893333333333,0.513,0.005,0,0,33.600000000071,5.89363776230716
lowRelativeVelocity,training,102,lmi_e3_t1.5_y0.1,1,,0,1000,2,0.0330246927594281,0.125159088983588,1.0020249341821,0.0781368192629971,0.882037793524428,0.807588202731701,0.32301893542249,0.530821290494687,2.05515391794978,0.14637582258824,0.444402212343776,2.27671420293133,6.21690323121443,0.0543434236255646,0.770151649388384,1.36710237851072,2.06232955430875,2.56562413939989,6,0.0305160332692214,0.877838661929827,0.54520629851121,0.141576839900937,2.37048688620544,1.05677368044454,1.11803398874989,21.9814028690089,8.01733064999494,Inf,0.355065,0.507,0.005,0,0,33.600000000071,1.84723234916992
lowRelativeVelocity,training,102,lmi_e3_t1.5_y1,1,,0,1000,2,0.0330201756851997,0.12510233948063,1.04259307324434,0.0781079212117333,0.808799972450599,0.807817921587419,0.32274366400376,0.530912795771259,2.05762065411698,0.146383653144705,0.44452472942891,2.27755065394881,6.21516474775139,0.0543434236255646,0.770151649388384,0.346868529385649,1.32514232999219,2.19815238157835,6,0.0305160892537219,0.832577568691914,0.54577703491518,0.141576005665306,2.37004244433663,0.138649718959493,1.11803398874989,21.2043669991142,7.98531934901463,Inf,0.347266666666667,0.481,0.005,0,0,33.600000000071,1.84753747918428
lowRelativeVelocity,training,102,lmi_e3_t1.5_y3,1,,0,1000,2,0.0330135098003451,0.125000333779768,1.10860622178072,0.0780786715297623,0.793452205455403,0.808056993202187,0.322607137161145,0.530804586576739,2.05734635185808,0.146402052225635,0.444628770180654,2.27910985770094,6.21533155934965,0.0543434236255646,0.770151649388384,0.391973879259482,0.988880036377061,2.1467470816522,6,0.0305160756898704,0.821651610500417,0.545757373933486,0.141576114880843,2.37158692883532,0.400703262151549,1.11803398874989,19.7242753700933,7.88687419331882,Inf,0.361378333333333,0.564,0.005,0,0,33.600000000071,1.84756624269712
lowRelativeVelocity,training,102,lmi_e3_t3_y0.1,1,,0,1000,2,0.0553052370690902,0.111818125669691,1.79286385479963,0.128996277002501,1.2851854183329,1.23631406645676,2.08514743998149,0.77293434862274,2.38244393494138,0.584727686902523,1.78909281020923,3.61559110769856,11.0313449438348,0.0543434236255646,0.770151649388384,1.36710237851072,2.06232955430875,2.56562413939989,6,0.0561029285126653,1.31131483597085,0.709805561662843,0.610087852463138,4.00848584519129,1.05677368044454,1.11803398874989,30.2796470514913,34.2996432058489,Inf,0.357268333333333,0.533,0.005,0,0,33.600000000071,2.82203928947609
lowRelativeVelocity,training,102,lmi_e3_t3_y1,1,,0,1000,2,0.0553046184267404,0.111820053278813,1.8161438324836,0.129000039590917,1.23612883116004,1.23584595072158,2.08512396100628,0.770870073983747,2.37190357706137,0.584726699928978,1.78907591206982,3.61944790957547,11.0465024335506,0.0543434236255646,0.770151649388384,0.346868529385649,1.32514232999219,2.19815238157835,6,0.0561024685141605,1.28327778384084,0.706639422096509,0.610087028088858,4.01539505339052,0.138649718959493,1.11803398874989,29.7249607096202,34.3458538961886,Inf,0.360598333333333,0.449,0.005,0,0,33.600000000071,2.81867591414999
lowRelativeVelocity,training,102,lmi_e3_t3_y3,1,,0,1000,2,0.0553044388063849,0.111848634968066,1.84309034132137,0.128999488758346,1.22394888645681,1.23605077939074,2.08510484584338,0.770645769217649,2.36886210403933,0.584725175764218,1.78906412125809,3.62119780910645,11.0455169557266,0.0543434236255646,0.770151649388384,0.391973879259482,0.988880036377061,2.1467470816522,6,0.056102420888769,1.27466429635471,0.706629693493457,0.610086088081194,4.01685868096152,0.400703262151549,1.11803398874989,28.5588618504878,34.4423368948746,Inf,0.332706666666667,0.508,0.005,0,0,33.600000000071,2.81857548832044
lowRelativeVelocity,training,102,lmi_e3_t6_y0.1,1,,0,1000,2,0.0920096231377273,0.125360946676103,2.33999790984219,0.212229786284474,2.74093063072333,2.72037889406158,13.8376657544477,1.85903888960718,5.68482595378437,2.34066338232597,6.39226052337363,7.4842489044795,23.5409699762704,0.0543434236255646,0.770151649388384,1.36710237851072,2.06232955430875,2.56562413939989,6,0.0939785896943904,2.80846847975341,2.07051471252154,2.40814020413822,7.13254072883194,1.05677368044454,1.11803398874989,43.8793704838873,160.353562628397,Inf,0.33799,0.498,0.005,0,0,33.600000000071,6.13502379148752
lowRelativeVelocity,training,102,lmi_e3_t6_y1,1,,0,1000,2,0.0920063727183182,0.125374737953843,2.3465088603848,0.212185006908508,2.72074512197137,2.71993516639958,13.83719244893,1.85463122005722,5.66737739011075,2.3406345530268,6.39282245352487,7.49549352937392,23.4292946685091,0.0543434236255646,0.770151649388384,0.346868529385649,1.32514232999219,2.19815238157835,6,0.0939774532767478,2.79509077110432,2.06490988177968,2.40816836432805,7.15419019341634,0.138649718959493,1.11803398874989,43.5460796146557,160.386903836563,Inf,0.342928333333333,0.46,0.005,0,0,33.600000000071,6.12842487317241
lowRelativeVelocity,training,102,lmi_e3_t6_y3,1,,0,1000,2,0.0920045333624306,0.125377465952465,2.35286474662699,0.212168484536631,2.72321179714906,2.72003537301619,13.8374559040525,1.85487340956575,5.65891662434256,2.34060888746535,6.39369854655923,7.49403222629785,23.2280498754681,0.0543434236255646,0.770151649388384,0.391973879259482,0.988880036377061,2.1467470816522,6,0.0939770607866057,2.79826255117682,2.06478303855927,2.40815112522559,7.15462146695965,0.400703262151549,1.11803398874989,42.8397321622122,160.457977208268,Inf,0.348298333333333,0.481,0.005,0,0,33.600000000071,6.12859859801538
lowRelativeVelocity,training,102,lmi_e6_t1.5_y0.1,1,,0,1000,2,0.0330054168440926,0.124953908498105,2.39288121593317,0.0780436294188816,2.672048941924,2.64155866268624,0.322356063092593,1.93072718082907,6.70096390291269,0.146429446335821,0.444745674779856,6.8176188644197,21.3773473993286,0.0934987994678434,2.63950803855062,1.55362035696522,2.29330271570695,7.10796698776313,6,0.0305163899168164,2.83935356333638,2.11698158655133,0.141569647643905,7.06898274357596,1.22795544955535,1.11803398874989,39.8794221565892,7.76600901990281,Inf,0.353401666666667,0.478,0.005,0,0,33.600000000071,5.55503230298301
lowRelativeVelocity,training,102,lmi_e6_t1.5_y1,1,,0,1000,2,0.0329995796924131,0.124926490400631,2.40456352613118,0.0780029538247543,2.64287246794725,2.64176205015045,0.321983252067,1.93087446067588,6.70221922934888,0.146442705751325,0.444924974125625,6.81809398024684,21.4265567782031,0.0934987994678434,2.63950803855062,0.5597878626016,1.96480803558179,6.96333927659853,6,0.0305164296113297,2.82106492038429,2.1169199045402,0.141569271139473,7.07040065522956,0.339360197921414,1.11803398874989,39.3464946371292,7.76077194363055,Inf,0.345046666666666,0.478,0.005,0,0,33.600000000071,5.55536351432526
lowRelativeVelocity,training,102,lmi_e6_t1.5_y3,1,,0,1000,2,0.0329932557764813,0.124880796899525,2.4205787000588,0.0779685929043756,2.63455948788696,2.64198570837089,0.321794551613163,1.93084063152236,6.70250782210818,0.146460928858523,0.445061616435166,6.81956213208524,21.4481049717012,0.0934987994678434,2.63950803855062,0.732891573745128,2.15615495863664,6.9173940470327,6,0.0305164479750483,2.81544347194054,2.11671818761933,0.141569475781496,7.07233641533142,0.771666970693505,1.11803398874989,38.1372262956019,7.73527175766747,Inf,0.355813333333333,0.446,0.005,0,0,33.600000000071,5.55552624722659
lowRelativeVelocity,training,102,lmi_e6_t3_y0.1,1,,0,1000,2,0.0553099252344413,0.111631200745273,2.67794158318545,0.128994087719697,2.76647473198446,2.73778960175799,2.08578834822023,1.98913121134992,6.94982707936329,0.584808968922063,1.78908703520431,7.09383667316037,24.1744033064644,0.0934987994678434,2.63950803855062,1.55362035696522,2.29330271570695,7.10796698776313,6,0.0561093333962245,2.95137352759675,2.17119335781964,0.610194210994308,7.46138942917593,1.22795544955535,1.11803398874989,47.7620719391838,33.1185980898874,Inf,0.358666666666666,0.482,0.005,0,0,33.600000000071,5.95012900967633
lowRelativeVelocity,training,102,lmi_e6_t3_y1,1,,0,1000,2,0.0553094908934554,0.111653600177278,2.68315234229183,0.128998870429958,2.73743119292976,2.73870642447088,2.08578918202321,1.98907494624165,6.94304752635195,0.584812063347417,1.78912399442548,7.09870911904269,24.2342176929707,0.0934987994678434,2.63950803855062,0.5597878626016,1.96480803558179,6.96333927659853,6,0.0561090871253946,2.93272737478454,2.17077207027847,0.610200148422921,7.468508674422,0.339360197921414,1.11803398874989,46.7882800618661,33.2263326176582,Inf,0.348588333333333,0.606,0.005,0,0,33.600000000071,5.95098662522639
lowRelativeVelocity,training,102,lmi_e6_t3_y3,1,,0,1000,2,0.0553094265616515,0.111669624984745,2.69080311923976,0.128997836784995,2.7255934424103,2.73909325183383,2.085788848463,1.98910688616666,6.94123932462327,0.584815236179665,1.7891643690525,7.10101749311187,24.2601378006318,0.0934987994678434,2.63950803855062,0.732891573745128,2.15615495863664,6.9173940470327,6,0.0561092364475792,2.92222882318053,2.17071484265159,0.610202858505199,7.47072890831687,0.771666970693505,1.11803398874989,45.0963853882336,33.4498895316015,Inf,0.344075,0.574,0.005,0,0,33.600000000071,5.95151153657222
lowRelativeVelocity,training,102,lmi_e6_t6_y0.1,1,,0,1000,2,0.0919562343978971,0.12405561200754,4.60243719936696,0.211922805031121,3.90915704905651,3.89066401853628,13.8234616697891,2.72082795583761,8.96630001590199,2.33931896617469,6.40919020211478,10.6605340318089,38.2549256167961,0.0934987994678434,2.63950803855062,1.55362035696522,2.29330271570695,7.10796698776313,6,0.0938869025037979,4.08233209475551,2.99729508790512,2.40565693808446,10.6939728084909,1.22795544955535,1.11803398874989,67.8714322277099,153.229639721373,Inf,0.336805,0.5,0.005,0,0,33.600000000071,8.49332506201597
lowRelativeVelocity,training,102,lmi_e6_t6_y1,1,,0,1000,2,0.0919550458151846,0.124029531355058,4.58985644902452,0.211906813664959,3.88528948962253,3.88826362163965,13.8233794645347,2.71521612633482,8.99447421947409,2.3393362620424,6.41002094832621,10.6648471138211,38.1636259058285,0.0934987994678434,2.63950803855062,0.5597878626016,1.96480803558179,6.96333927659853,6,0.0938874982406276,4.06396124296374,2.99049937896293,2.40572101751604,10.6983271062234,0.339360197921414,1.11803398874989,67.1807002538404,153.425579658597,Inf,0.325753333333333,0.591,0.005,0,0,33.600000000071,8.48295213358571
lowRelativeVelocity,training,102,lmi_e6_t6_y3,1,,0,1000,2,0.0919525541586565,0.123993278215454,4.53897863734914,0.211906710507287,3.87653672518688,3.88818043082653,13.8234469882764,2.7155639071981,8.99442339811231,2.33929458921764,6.41191281159544,10.6622471151659,38.1392571887353,0.0934987994678434,2.63950803855062,0.732891573745128,2.15615495863664,6.9173940470327,6,0.0938852863314723,4.05878386302603,2.99193661208599,2.40563774587855,10.6949744837126,0.771666970693505,1.11803398874989,65.5825214768356,153.864539748943,Inf,0.365916666666667,0.588,0.005,0,0,33.600000000071,8.48310277901594
lowRelativeVelocity,training,102,repeated_e1.5_t1.5_y0.1,1,,0,1000,2,0.0340963786129479,0.12294399119344,0.506850668893595,0.0968335382501454,0.43226607843092,0.174890806147086,0.15493166232475,0.0750385287766727,0.218306498620585,0.0850728037310626,0.248685379334822,0.589232316336352,1.85880605345344,0.0232892556860909,0.0593525519800567,1.12417549725955,1.78735682529488,1.27080546093612,6,0.0180117689008471,0.238681096688763,0.026018427111827,0.0154620098729722,0.185512043359141,0.851974158989548,1.11803398874989,2.6770256014982,0.548045432711613,1.22,0.333773333333333,0.507,0.005,0,0,33.600000000071,0.608887306950095
lowRelativeVelocity,training,102,repeated_e1.5_t1.5_y1,1,,0,1000,2,0.0340984830711037,0.122944812019095,0.508874975923679,0.0968430533647981,0.230146124858302,0.177962497754057,0.154941882273239,0.0732421270796,0.213840847434396,0.0850877056043124,0.248713343864244,0.605031110160219,1.88432005963814,0.0232892556860909,0.0593525519800567,0.27471373355869,1.44536158805025,0.421129660209716,6,0.0180108031831439,0.0539499692207608,0.0259180295028425,0.0154634316415321,0.188054892865175,0.0416853235240895,1.11803398874989,2.58830904248835,0.548125419320108,1.22,0.30373,0.477,0.005,0,0,33.600000000071,0.608475306902281
lowRelativeVelocity,training,102,repeated_e1.5_t1.5_y3,1,,0,1000,2,0.0340898561880299,0.122943313604329,0.511402964567678,0.0968204577709205,0.155277021044519,0.179553552467497,0.154889797365661,0.072332332533817,0.211685471752761,0.0850880790986833,0.248678346445529,0.613104334375954,1.91260360543206,0.0232892556860909,0.0593525519800567,0.171042014445641,0.458626879010339,0.128618724742642,6,0.0180096261204295,0.0530669806738085,0.0259229326099204,0.0154645304885185,0.188130511543976,0.0448327545000375,1.11803398874989,2.46635052661346,0.548010636861212,1.22,0.308105,0.508,0.005,0,0,33.600000000071,0.608184093823124
lowRelativeVelocity,training,102,repeated_e1.5_t3_y0.1,1,,0,1000,2,0.0258194719059205,0.0936918227470004,0.577035170725232,0.0579856484982043,0.361822220095532,0.114371859433059,0.10286662322797,0.0513629340211235,0.144113884550773,0.0469067227707748,0.205901969397555,0.382532092973479,1.32938481746507,0.0232892556860909,0.0593525519800567,1.12417549725955,1.78735682529488,1.27080546093612,6,0.024134318003936,0.243705340990212,0.0463505197926947,0.0420211055636749,0.271482063634264,0.851974158989548,1.11803398874989,3.73179791804893,2.06523215012093,0.88,0.302166666666667,0.494,0.005,0,0,33.600000000071,0.437427005696148
lowRelativeVelocity,training,102,repeated_e1.5_t3_y1,1,,0,1000,2,0.0258191330602877,0.0936916806908146,0.578164060222515,0.0579841381205353,0.168098968038506,0.116147587145006,0.102842833837339,0.0513579393781435,0.14412682061506,0.0468977973297381,0.205804586676464,0.389968260932977,1.34020212628703,0.0232892556860909,0.0593525519800567,0.27471373355869,1.44536158805025,0.421129660209716,6,0.0241343103655325,0.0852064504201905,0.0463028907017578,0.0420211192106228,0.272114776826638,0.0416853235240895,1.11803398874989,3.70778158367684,2.06525236261037,0.88,0.308285,0.584,0.005,0,0,33.600000000071,0.43890086154576
lowRelativeVelocity,training,102,repeated_e1.5_t3_y3,1,,0,1000,2,0.0258190468786312,0.0936918540870035,0.580176052396332,0.0579835729254433,0.111681501873642,0.117362868152228,0.102844197909357,0.0513833982537379,0.144101478643327,0.0468990002775144,0.205797564843959,0.395003753507936,1.3691445363294,0.0232892556860909,0.0593525519800567,0.171042014445641,0.458626879010339,0.128618724742642,6,0.0241343098998358,0.084141666095684,0.046306493700862,0.0420211212512239,0.272213366094938,0.0448327545000375,1.11803398874989,3.66157453904406,2.0653011886248,0.9,0.319071666666667,0.535,0.005,0,0,33.600000000071,0.439958015995375
lowRelativeVelocity,training,102,repeated_e1.5_t6_y0.1,1,,0,1000,2,0.0358657192805665,0.0799416342025019,0.663824430731905,0.09179262065929,0.392492077352349,0.213531420273412,0.390332190202004,0.131968729420738,0.382034836583653,0.127110971820395,0.351906431598112,0.628452745579948,1.91063299973387,0.0232892556860909,0.0593525519800567,1.12417549725955,1.78735682529488,1.27080546093612,6,0.0344690070426311,0.299881082821686,0.126870398910952,0.123916177593266,0.580684626036587,0.851974158989548,1.11803398874989,6.10946623266491,8.62478292771935,0.48,0.325428333333333,0.546,0.005,0,0,33.600000000071,0.74828520076313
lowRelativeVelocity,training,102,repeated_e1.5_t6_y1,1,,0,1000,2,0.0358656767787348,0.0799414287132664,0.663924291914654,0.0917929390957167,0.237341620731848,0.214201098991664,0.390328771202638,0.131944468678464,0.38184743717604,0.12711110456723,0.351903021694704,0.631718094058769,1.93983465032291,0.0232892556860909,0.0593525519800567,0.27471373355869,1.44536158805025,0.421129660209716,6,0.0344689967591159,0.200544862348854,0.126783953774044,0.12391595698978,0.580625463840363,0.0416853235240895,1.11803398874989,6.10679589188519,8.62466390567712,0.48,0.32243,0.572,0.005,0,0,33.600000000071,0.74888932395603
lowRelativeVelocity,training,102,repeated_e1.5_t6_y3,1,,0,1000,2,0.0358656513090096,0.079941080675771,0.664444563736124,0.0917929353309915,0.213454948788513,0.214559767497092,0.390328365943918,0.132041394372763,0.381468546927847,0.1271112149458,0.351903130825649,0.633151070532261,1.95449282414791,0.0232892556860909,0.0593525519800567,0.171042014445641,0.458626879010339,0.128618724742642,6,0.0344689951096603,0.200291966998689,0.126794506307653,0.123915958576518,0.580619191500287,0.0448327545000375,1.11803398874989,6.09944798008774,8.62442882350244,0.48,0.304041666666667,0.562,0.005,0,0,33.600000000071,0.749369515942075
lowRelativeVelocity,training,102,repeated_e3_t1.5_y0.1,1,,0,1000,2,0.0341277978199077,0.122946683676832,0.605603004698335,0.096934520577873,0.407051081405257,0.165006913185959,0.15508527030325,0.0904140058275893,0.282603675158466,0.0852111711266288,0.249097564565216,0.514433298759154,1.86958864980484,0.0254862343407292,0.0754290373180442,1.12367473840411,1.72305282007771,1.17299300368155,6,0.018011968217134,0.250625796461615,0.0536741624837645,0.0154630277360413,0.259100969417154,0.867773236146648,1.11803398874989,4.14395686561849,0.548774423305606,0.92,0.305981666666667,0.548,0.005,0,0,33.600000000071,0.624992649606087
lowRelativeVelocity,training,102,repeated_e3_t1.5_y1,1,,0,1000,2,0.0341168665284407,0.122945608078977,0.611634654380833,0.0969040448966598,0.190044109881102,0.167313198476278,0.155025951106457,0.0884480402287801,0.274700022641531,0.0852092381572648,0.249040948824058,0.529382524876451,1.89940333713861,0.0254862343407292,0.0754290373180442,0.117150170024319,0.661989586791054,0.272455215729644,6,0.0180101717109476,0.0866028019578901,0.0536041464093926,0.0154650102870506,0.260560169572863,0.0346026506653939,1.11803398874989,3.99304427941084,0.548622521833194,0.96,0.306923333333333,0.451,0.005,0,0,33.600000000071,0.623941250717257
lowRelativeVelocity,training,102,repeated_e3_t1.5_y3,1,,0,1000,2,0.0340887118380399,0.122941041661644,0.61875611844146,0.0968166087240913,0.145668815765091,0.168037427763293,0.154876546162342,0.0876906814399274,0.270026354118665,0.0851716680076405,0.248858645542651,0.534329628511459,1.92801838530594,0.0254862343407292,0.0754290373180442,0.14088424805136,0.547472711324612,0.174731392310585,6,0.0180084276204007,0.0837254535111658,0.0536082870781411,0.0154662687413985,0.260972179426258,0.0736199828378928,1.11803398874989,3.74687357548673,0.548111714278913,0.94,0.309308333333333,0.511,0.005,0,0,33.600000000071,0.623134406962546
lowRelativeVelocity,training,102,repeated_e3_t3_y0.1,1,,0,1000,2,0.0258245286935975,0.0936782078800798,0.759846686746136,0.058011678500695,0.343637025542372,0.132085242402826,0.102936177993107,0.0721510714393378,0.234854362391497,0.0469355603533581,0.20637375502713,0.413615960017326,1.66621886158983,0.0254862343407292,0.0754290373180442,1.12367473840411,1.72305282007771,1.17299300368155,6,0.0241343196276852,0.257248631795741,0.0659220012572965,0.0420211039749694,0.346806434763704,0.867773236146648,1.11803398874989,5.64807619394877,2.05923345217358,1.56,0.32157,0.621,0.005,0,0,33.600000000071,0.485270621818116
lowRelativeVelocity,training,102,repeated_e3_t3_y1,1,,0,1000,2,0.0258232086735401,0.093678920967579,0.765892010152281,0.0580019127381668,0.147873787461356,0.132592442091584,0.102896982169765,0.0716822023698779,0.231978918861035,0.0469257111149937,0.206224474255833,0.416996716916602,1.69704128151525,0.0254862343407292,0.0754290373180442,0.117150170024319,0.661989586791054,0.272455215729644,6,0.0241343121983201,0.112516335568003,0.0657742175823844,0.0420211196925308,0.347101856150119,0.0346026506653939,1.11803398874989,5.51686233866861,2.0595394827096,1.44,0.314893333333333,0.552,0.005,0,0,33.600000000071,0.484995834858478
lowRelativeVelocity,training,102,repeated_e3_t3_y3,1,,0,1000,2,0.0258216440324155,0.0936808813121538,0.774702521982733,0.0579874682991257,0.118947825219973,0.133150472267085,0.102886937836918,0.0714234796270564,0.22902084782003,0.0469321380531271,0.206216375437084,0.420091486076284,1.72960962124444,0.0254862343407292,0.0754290373180442,0.14088424805136,0.547472711324612,0.174731392310585,6,0.0241343115731152,0.109275468789403,0.0657816929881172,0.0420211241353866,0.347506434121597,0.0736199828378928,1.11803398874989,5.297819132229,2.0601441575305,0.94,0.34427,0.637,0.005,0,0,33.600000000071,0.485081696793525
lowRelativeVelocity,training,102,repeated_e3_t6_y0.1,1,,0,1000,2,0.0358660029731146,0.0799373543516873,0.839578598674283,0.0917926775274672,0.378380683669647,0.22716010379337,0.39033806010654,0.13722258182517,0.394120335082505,0.127111241328313,0.351907510794516,0.677388790224448,1.99739860000591,0.0254862343407292,0.0754290373180442,1.12367473840411,1.72305282007771,1.17299300368155,6,0.0344690076696537,0.314885306081774,0.136024558726464,0.123916320128747,0.644366362809647,0.867773236146648,1.11803398874989,7.97935179907373,8.597983222206,1.38,0.33415,0.547,0.005,0,0,33.600000000071,0.768582951426375
lowRelativeVelocity,training,102,repeated_e3_t6_y1,1,,0,1000,2,0.0358659396120547,0.0799378646169328,0.843290152532739,0.0917929716690053,0.233150872348913,0.227064327574054,0.390334650486342,0.137035079863799,0.389300309177839,0.127111440578797,0.351904343257641,0.677460434993098,1.9566114076111,0.0254862343407292,0.0754290373180442,0.117150170024319,0.661989586791054,0.272455215729644,6,0.0344689950047066,0.219208610995538,0.13580402311299,0.123916124766515,0.644258491525461,0.0346026506653939,1.11803398874989,7.91837391092449,8.59815259545474,1.38,0.338906666666667,0.514,0.005,0,0,33.600000000071,0.768221642846766
lowRelativeVelocity,training,102,repeated_e3_t6_y3,1,,0,1000,2,0.0358658875394908,0.0799383089153753,0.850340689996557,0.0917929781210323,0.225283663602784,0.227194329485085,0.390333887776487,0.137054687627863,0.389936605020893,0.12711152054904,0.351904485910163,0.678018032621946,1.94129044733875,0.0254862343407292,0.0754290373180442,0.14088424805136,0.547472711324612,0.174731392310585,6,0.0344689938699774,0.217876932583188,0.135823544256607,0.123916092883137,0.644387716283173,0.0736199828378928,1.11803398874989,7.80226840698275,8.5985237734821,0.9,0.359496666666667,0.545,0.005,0,0,33.600000000071,0.768371857175023
lowRelativeVelocity,training,102,repeated_e6_t1.5_y0.1,1,,0,1000,2,0.0341237158135591,0.122945047889637,0.652629151722006,0.0969135115097956,0.441185610066504,0.237269904981987,0.155078586731914,0.151069369623258,0.405244958965184,0.08522219339596,0.249115496908654,0.684058284630854,1.88637063517347,0.0360023763174002,0.199333428448231,1.15905681937936,1.75079929317605,1.2729665734439,6,0.018011999015727,0.319774076053402,0.139040293380686,0.0154630883183434,0.5817586340866,0.89655359513913,1.11803398874989,7.10503842985165,0.548691289984677,1.98,0.34333,0.507,0.005,0,0,33.600000000071,0.780187554308279
lowRelativeVelocity,training,102,repeated_e6_t1.5_y1,1,,0,1000,2,0.0341042052236945,0.122943058360021,0.661661088499162,0.0968533507960205,0.260108666545709,0.238661650943258,0.15497967419995,0.150212036020066,0.400636746943791,0.0852027047663386,0.248992393690311,0.693401403078535,1.92404173438896,0.0360023763174002,0.199333428448231,0.172902951841093,0.705722241968495,0.571015498860342,6,0.0180099888842467,0.207620132504758,0.139102379204993,0.0154651300467619,0.582504828032244,0.0529772420653452,1.11803398874989,6.8230437166367,0.548364679851842,0.58,0.358631666666667,0.553,0.005,0,0,33.600000000071,0.780146404892784
lowRelativeVelocity,training,102,repeated_e6_t1.5_y3,1,,0,1000,2,0.034069518231605,0.122938222505411,0.673874146838765,0.0967426132060825,0.233980007892788,0.239075267924467,0.154802349734823,0.149935651030393,0.399369954050835,0.0851432392631391,0.248738985598449,0.696230694211355,1.93405110992953,0.0360023763174002,0.199333428448231,0.141458328559637,0.370118276209481,0.533195125149275,6,0.0180081920913933,0.203878918821323,0.139102111099921,0.0154662972728577,0.583147401328068,0.139137988424271,1.11803398874989,6.44666882373445,0.547704428072368,0.6,0.313621666666667,0.544,0.005,0,0,33.600000000071,0.779812623219107
lowRelativeVelocity,training,102,repeated_e6_t3_y0.1,1,,0,1000,2,0.0258323347113367,0.0936554966630309,0.825776322942903,0.0580724353079095,0.388316191539046,0.226673203850172,0.103184525519268,0.144014399806938,0.433456227369883,0.0469988947468152,0.207218804885648,0.655689939161797,1.92819898167976,0.0360023763174002,0.199333428448231,1.15905681937936,1.75079929317605,1.2729665734439,6,0.024134336471155,0.32732091743842,0.144032041008764,0.0420210872364203,0.644054378134982,0.89655359513913,1.11803398874989,8.62990201658034,2.04796914920965,1.4,0.313241666666667,0.495,0.005,0,0,33.600000000071,0.677490134559603
lowRelativeVelocity,training,102,repeated_e6_t3_y1,1,,0,1000,2,0.0258293437995582,0.0936570491526912,0.839975520429378,0.058047808397058,0.234957807990361,0.22679341186801,0.10311006392625,0.143852344749379,0.433842603464711,0.0469853105332535,0.20698882575765,0.656754332076548,1.94638036222377,0.0360023763174002,0.199333428448231,0.172902951841093,0.705722241968495,0.571015498860342,6,0.0241343289718598,0.222831258058138,0.144055206661507,0.0420211045259904,0.644399503054315,0.0529772420653452,1.11803398874989,8.35680733638337,2.04828469313648,1.38,0.312265,0.443,0.005,0,0,33.600000000071,0.677348993909649
lowRelativeVelocity,training,102,repeated_e6_t3_y3,1,,0,1000,2,0.0258243102679918,0.093660988358679,0.860886745978827,0.0580013737892437,0.219491647101169,0.227058210795558,0.103019806226353,0.143798570553108,0.433866501519507,0.0469832614776708,0.206821089692819,0.658201412643969,1.94813803514039,0.0360023763174002,0.199333428448231,0.141458328559637,0.370118276209481,0.533195125149275,6,0.024134327015663,0.218131925598879,0.144059552303476,0.0420211100346364,0.645111893495322,0.139137988424271,1.11803398874989,7.86261609531443,2.04938801056946,0.82,0.298443333333333,0.544,0.005,0,0,33.600000000071,0.677480526314927
lowRelativeVelocity,training,102,repeated_e6_t6_y0.1,1,,0,1000,2,0.0358657880195653,0.0799216729250941,0.971109415836951,0.0917927362979892,0.431070039463898,0.30947811836795,0.390335104998882,0.189126418238404,0.536845687394067,0.127110974575589,0.351913981039939,0.916739441589819,2.80220380778556,0.0360023763174002,0.199333428448231,1.15905681937936,1.75079929317605,1.2729665734439,6,0.034469008823347,0.383683826925968,0.185078375977797,0.123916699055453,0.9049685390005,0.89655359513913,1.11803398874989,11.5729971919324,8.56406857004437,3,0.299955,0.528,0.005,0,0,33.600000000071,0.920258604990424
lowRelativeVelocity,training,102,repeated_e6_t6_y1,1,,0,1000,2,0.0358657255406264,0.0799191569444607,0.987818286813823,0.0917930317496287,0.311326536513748,0.3091839810405,0.390331571543076,0.188735081470304,0.535325421584849,0.127111176359171,0.351910982840999,0.916446424899398,2.76596927311313,0.0360023763174002,0.199333428448231,0.172902951841093,0.705722241968495,0.571015498860342,6,0.034468997536445,0.303312710988414,0.184835747099355,0.123916495076182,0.90529787508465,0.0529772420653452,1.11803398874989,11.3119771140879,8.56188154619186,1.32,0.302238333333333,0.454,0.005,0,0,33.600000000071,0.919416703326753
lowRelativeVelocity,training,102,repeated_e6_t6_y3,1,,0,1000,2,0.0358657361972602,0.0799149344656406,1.01573028261734,0.0917930291774858,0.303983987295539,0.30929580297164,0.390331430547626,0.188723272552128,0.535285114136862,0.127111248164497,0.351911346233611,0.917008630421636,2.75716708158601,0.0360023763174002,0.199333428448231,0.141458328559637,0.370118276209481,0.533195125149275,6,0.0344689973173051,0.299146289727724,0.184842400766169,0.123916441783554,0.905902881965964,0.139137988424271,1.11803398874989,10.8876866137234,8.55757833890019,0.9,0.30049,0.462,0.005,0,0,33.600000000071,0.919505633161185
aggressiveEgo,training,101,lmi_e1.5_t1.5_y0.1,1,,0,1000,2,0.0581071278637735,0.135262362206848,1.04926251241295,0.137143469711863,1.28564476332447,0.518484691223297,2.52225150687979,0.275174212823811,0.913464380697715,0.271827256891956,0.752046136069051,1.91272859919911,4.88530551150816,0.0346031340678491,0.240031496259501,6.61577753518066,14.8950745995985,6.61982934935857,6,0.0632280997893203,1.55945845885187,0.29775234635699,0.280132978045212,2.13925837752504,8.39373048153659,1.11803398874989,14.8762241715439,8.31580901895089,Inf,0.344563333333333,0.867,0.005,2.81539219079187,0.234,43.1856010776553,1.51396542412518
aggressiveEgo,training,101,lmi_e1.5_t1.5_y1,1,,0,1000,2,0.0577455048233291,0.13491530201333,1.48862506414986,0.136870827960205,5.52951895786293,1.83387874866987,2.417443457414,0.950977037712434,3.27205984607288,0.274376069119283,0.769602853765898,7.08186909657826,13.3661781123372,0.0346031340678491,0.240031496259501,28.4151454780128,63.1299091484375,28.4914276244325,6,0.0624819454029444,5.19429644066021,1.19007541143179,0.283801777431047,8.37512414873411,31.1280344583516,1.11803398874989,13.0806792965803,8.43629838725033,Inf,0.33248,0.524,0.005,2.81539219079187,0.234,43.1856010776553,3.89578294297381
aggressiveEgo,training,101,lmi_e1.5_t1.5_y3,1,,0,1000,2,0.058918865318424,0.134605534071015,1.95199349123149,0.136901717318461,7.40938826632732,2.41907153640551,2.37247836240354,1.55674902131899,5.17052029056436,0.287848921437673,0.822701471157348,8.57867959644782,18.9771832442064,0.0346031340678491,0.240031496259501,37.9228409156341,121.613463551825,38.0920707076106,6,0.0637838237224155,5.94339356647283,1.94280924765486,0.30212724027188,9.82546661358247,36.6125109873608,1.11803398874989,25.7473180422475,8.96699129418493,Inf,0.33071,0.654,0.005,2.81539219079187,0.234,43.1856010776553,5.41842261511179
aggressiveEgo,training,101,lmi_e1.5_t3_y0.1,1,,0,1000,2,0.0549856086920051,0.110972604616313,0.909622312628941,0.158260888625221,1.40625672389837,0.907432752255232,3.78025245018805,0.619111585438819,1.56654641486423,0.529930791178953,1.7420228410601,2.90087089418139,8.22466975113398,0.0346031340678491,0.240031496259501,6.61577753518066,14.8950745995985,6.61982934935857,6,0.057371118217426,1.65751033911025,0.679860193060562,0.560401212692674,3.14602629010865,8.39373048153659,1.11803398874989,21.028845332627,35.8316693361477,Inf,0.340613333333333,0.549,0.005,2.81539219079187,0.234,43.1856010776553,2.36825343663397
aggressiveEgo,training,101,lmi_e1.5_t3_y1,1,,0,1000,2,0.0549885948097132,0.11117023830797,1.28015486241086,0.158255364402646,5.52660362703024,1.98569470150439,3.753744337222,1.09322878902026,3.72519944851073,0.529986234030662,1.72742713428465,7.46645844360074,19.6347113959515,0.0346031340678491,0.240031496259501,28.4151454780128,63.1299091484375,28.4914276244325,6,0.0573813677159409,5.19658134383343,1.33260745730295,0.560547687160459,8.83093706097809,31.1280344583516,1.11803398874989,19.8420734411687,36.245630246875,Inf,0.336423333333333,0.518,0.005,2.81539219079187,0.234,43.1856010776553,4.2296352148578
aggressiveEgo,training,101,lmi_e1.5_t3_y3,1,,0,1000,2,0.0549981875360925,0.111460148047363,1.82263834635863,0.158293418338083,7.42652230630118,2.49848590501606,3.7066914764838,1.61380299319189,6.01351085112982,0.53058936633536,1.77094350738315,8.81074409740769,26.4476569771214,0.0346031340678491,0.240031496259501,37.9228409156341,121.613463551825,38.0920707076106,6,0.0573696744203572,5.97430123773882,1.98677176625336,0.561312454632463,10.0462163272301,36.6125109873608,1.11803398874989,30.973840216036,37.4902367198219,Inf,0.334066666666667,0.483,0.005,2.81539219079187,0.234,43.1856010776553,5.53973668122624
aggressiveEgo,training,101,lmi_e1.5_t6_y0.1,1,,0,1000,2,0.0986173621314198,0.139346575912104,2.31603694066011,0.244439800085194,2.99461592602651,2.8096135188946,15.2762253261894,1.93632714945843,5.64199262589308,1.85852297153643,5.63314007010028,9.09245810035087,29.1136686486622,0.0346031340678491,0.240031496259501,6.61577753518066,14.8950745995985,6.61982934935857,6,0.0966295822215345,3.03923490448691,2.0099451077094,1.8083186018813,8.340887706549,8.39373048153659,1.11803398874989,34.8001009301294,170.698532774153,Inf,0.358076666666667,0.526,0.005,2.81539219079187,0.234,43.1856010776553,6.67731954030124
aggressiveEgo,training,101,lmi_e1.5_t6_y1,1,,0,1000,2,0.0986871418293615,0.139473966651225,2.55196244817405,0.249999223764694,6.11856504240002,3.33228232027226,15.2450796958563,2.10998345748382,5.63449952786114,1.86055333388303,5.63629023151893,11.63493543947,35.6518701700343,0.0346031340678491,0.240031496259501,28.4151454780128,63.1299091484375,28.4914276244325,6,0.0966778795606658,5.77662677354749,2.32031847610975,1.80988418039813,12.0215593580993,31.1280344583516,1.11803398874989,34.3724771751738,170.658917677958,Inf,0.365973333333333,0.508,0.005,2.81539219079187,0.234,43.1856010776553,7.53382542115526
aggressiveEgo,training,101,lmi_e1.5_t6_y3,1,,1,1000,2,3.43217392735149e+28,3.13365307855611e+28,4.46564019160961e+30,3.5407941928487e+29,4.89104998235399e+30,4.89104998235399e+30,8.75602157007549e+32,4.89104998235399e+30,5.04555421466144e+31,4.88915629565567e+30,5.04368407296825e+31,103.785504730073,178.310686654219,0.0346031340678491,0.240031496259501,37.9228409156341,121.613463551825,38.0920707076106,6,4.4279723773186e+28,6.31012142052502e+30,6.31012142052502e+30,6.30767830646118e+30,104.049675886562,36.6125109873608,3682.75133363213,519100.180886096,91198839.7607279,Inf,0.352655,0.521,0.005,2.81539219079187,0.234,43.1856010776553,Inf
aggressiveEgo,training,101,lmi_e3_t1.5_y0.1,1,,0,1000,2,0.058137619619209,0.135450892547792,0.869733750817077,0.137012427584214,0.897677937635866,0.790442430929249,2.51821071985836,0.526809725902225,1.89169760674701,0.272427373741425,0.75487442087322,2.58962558439257,8.53025942647418,0.0497729875389077,0.719991702582242,2.02397906420339,4.27659317320319,3.34627141533467,6,0.0632547710613236,0.880962298179507,0.523594890515677,0.280920422826146,2.36366429436671,2.16795109635278,1.11803398874989,22.7924296318044,8.35058221818185,Inf,0.354886666666667,0.488,0.005,2.81539219079187,0.234,43.1856010776553,2.15292076487505
aggressiveEgo,training,101,lmi_e3_t1.5_y1,1,,0,1000,2,0.0580777449028109,0.13538714465605,0.993323603742841,0.136882067956846,3.27596162256606,1.25759946550576,2.51011604365742,0.6652078948844,2.19585560988254,0.271492816104676,0.754536160341137,4.67571277331987,12.0060436153052,0.0497729875389077,0.719991702582242,17.0347981165815,36.7885878549321,17.2915965781186,6,0.0629990973371636,3.43896538582922,0.689496801547353,0.278610034872005,5.49566528312435,19.5195361557496,1.11803398874989,21.3085694662567,8.33915592622337,Inf,0.35502,0.548,0.005,2.81539219079187,0.234,43.1856010776553,2.84633579346088
aggressiveEgo,training,101,lmi_e3_t1.5_y3,1,,0,1000,2,0.0580091135555567,0.135318176327879,1.24757086399866,0.137286755528078,4.60716050027479,1.67135857139335,2.47826439471886,0.944884161121457,3.02669073769665,0.272222315026693,0.757852671274901,6.18597268553075,20.8857431261047,0.0497729875389077,0.719991702582242,24.206710495737,68.6487914336054,24.4792326078878,6,0.0628578108756853,4.42854127993085,1.08999695580597,0.279480912760906,7.53427887791447,26.4095480345993,1.11803398874989,18.6484990780268,8.2918194812419,12,0.357166666666667,0.512,0.005,2.81539219079187,0.234,43.1856010776553,3.70705399490463
aggressiveEgo,training,101,lmi_e3_t3_y0.1,1,,0,1000,2,0.0549900605605077,0.110596106533085,1.81074351715229,0.158235013113453,1.17501256930278,1.10894291837626,3.76882493039392,0.824778218204022,2.69338708192535,0.530053897185749,1.74592323965664,3.26691809537098,10.4528123531297,0.0497729875389077,0.719991702582242,2.02397906420339,4.27659317320319,3.34627141533467,6,0.0573724584138144,1.17413613239023,0.928510277000154,0.560474732347423,2.74352917499162,2.16795109635278,1.11803398874989,31.3940711181285,34.7450922339828,11.78,0.337331666666667,0.511,0.005,2.81539219079187,0.234,43.1856010776553,2.85284066108732
aggressiveEgo,training,101,lmi_e3_t3_y1,1,,0,1000,2,0.054999772942491,0.110580698783752,1.83142144173535,0.158256706333602,3.34659093884175,1.51580960817192,3.78888647184181,0.913800695305815,2.95410680964556,0.530104013639968,1.73593715622618,5.30791497101134,15.3879383900377,0.0497729875389077,0.719991702582242,17.0347981165815,36.7885878549321,17.2915965781186,6,0.0573748211373114,3.45506657577348,1.02505956300255,0.560401685781829,5.94929857348306,19.5195361557496,1.11803398874989,30.1587685686231,34.894340047924,Inf,0.338273333333333,0.472,0.005,2.81539219079187,0.234,43.1856010776553,3.43918211423881
aggressiveEgo,training,101,lmi_e3_t3_y3,1,,0,1000,2,0.055006099788807,0.110577648380703,1.90982540029701,0.158328159361231,4.672624397336,1.8831529027689,3.77818992256829,1.15581635245863,3.94919831376208,0.530066017194242,1.72980147282518,6.680428094098,22.5830929369577,0.0497729875389077,0.719991702582242,24.206710495737,68.6487914336054,24.4792326078878,6,0.0573776540356301,4.4453656492208,1.34876462008457,0.56023730303708,7.84296373977979,26.4095480345993,1.11803398874989,27.436610513066,35.1978430987646,12,0.348656666666667,0.536,0.005,2.81539219079187,0.234,43.1856010776553,4.19777932162493
aggressiveEgo,training,101,lmi_e3_t6_y0.1,1,,0,1000,2,0.0986005565001171,0.139199615908506,2.74399867485632,0.244360124315109,2.90259154423862,2.87612022493217,15.2821073878998,2.00757867611832,5.66420750603728,1.8583370330793,5.62621570540994,9.17520558430657,26.6436973843189,0.0497729875389077,0.719991702582242,2.02397906420339,4.27659317320319,3.34627141533467,6,0.0966100818113611,2.78955982221926,2.064484650717,1.8082061908164,8.18270076786669,2.16795109635278,1.11803398874989,43.2930790804991,161.738307003239,Inf,0.35801,0.491,0.005,2.81539219079187,0.234,43.1856010776553,6.83620403409912
aggressiveEgo,training,101,lmi_e3_t6_y1,1,,0,1000,2,0.0986174280237127,0.139186179722957,2.82755942711789,0.24441441650646,4.2838298710028,3.07853379077393,15.258455381739,2.07133964884116,5.77707037357776,1.85703381902787,5.63200287024409,10.1640784290786,30.4952805816503,0.0497729875389077,0.719991702582242,17.0347981165815,36.7885878549321,17.2915965781186,6,0.0966540895910888,4.2819978952857,2.13311965373714,1.80906966717228,9.96927787333504,19.5195361557496,1.11803398874989,42.5244859665627,161.228494365515,Inf,0.359243333333333,0.477,0.005,2.81539219079187,0.234,43.1856010776553,7.16166926373516
aggressiveEgo,training,101,lmi_e3_t6_y3,1,,0,1000,2,0.0985851226049714,0.140080519617915,2.95361432508399,0.24444705617351,5.39157364506939,3.29160298161326,15.2139365038122,2.2486970393544,7.05945697936155,1.85434527199238,5.65004599656881,10.9035892871394,34.9608735577703,0.0497729875389077,0.719991702582242,24.206710495737,68.6487914336054,24.4792326078878,6,0.0965934207438045,5.10410230889089,2.32104211343141,1.80651837823156,11.363662712763,26.4095480345993,1.11803398874989,41.253329535501,160.039335367344,Inf,0.369588333333333,0.529,0.005,2.81539219079187,0.234,43.1856010776553,7.66396316218638
aggressiveEgo,training,101,lmi_e6_t1.5_y0.1,1,,0,1000,2,0.0580700670826487,0.135200083569269,2.62983053737096,0.136887304850172,2.75053107416115,2.66160978616116,2.49893763324675,1.74642314211302,6.36373088172517,0.27255564312165,0.757176049307006,8.88213896359922,28.2652568904864,0.0920642805184133,2.6310749916003,3.86130956003616,6.29888684773058,11.1191753617537,6,0.0631709126635875,2.74969982969831,1.70638344118946,0.281272863752968,8.83607221551638,4.43495796987646,1.11803398874989,39.9686636546203,8.26775830694868,Inf,0.369188333333333,0.58,0.005,2.81539219079187,0.234,43.1856010776553,5.84997474777238
aggressiveEgo,training,101,lmi_e6_t1.5_y1,1,,0,1000,2,0.0579075643498355,0.135173758177356,2.68010954052305,0.135892757441204,4.1782272604763,2.85278438919324,2.52436989987214,1.85098429057471,6.23532396185583,0.270998490538632,0.754890349128811,9.4917306017295,29.2093964246553,0.0920642805184133,2.6310749916003,16.9882266853336,37.2582405712599,19.9918008259194,6,0.0629679018133936,4.64581215464068,1.86721394000896,0.279187779109705,9.7779747554051,20.9650417998297,1.11803398874989,39.0505893681073,8.27699269704671,Inf,0.34515,0.612,0.005,2.81539219079187,0.234,43.1856010776553,6.17939034499368
aggressiveEgo,training,101,lmi_e6_t1.5_y3,1,,0,1000,2,0.0586149060600534,0.135446853525173,3.12336040725706,0.139278286260874,8.6153105538179,3.82455964536714,2.45562635647111,2.5640169551942,8.05343158093061,0.279039067599008,0.769109079770343,13.4320972239657,38.3325611166777,0.0920642805184133,2.6310749916003,44.2017171306175,92.3705992394145,45.3699516266237,6,0.0642388848086574,8.84912940573052,2.87401595571094,0.293774222712755,15.2219370219878,49.4681016784262,1.11803398874989,37.4555707474714,8.2692410030154,Inf,0.354158333333333,0.595,0.005,2.81539219079187,0.234,43.1856010776553,8.40060241578209
aggressiveEgo,training,101,lmi_e6_t3_y0.1,1,,0,1000,2,0.0549877839917832,0.110008967143634,3.00621664917186,0.158208757807526,2.82851544192719,2.74410982004058,3.75291506115025,1.83747778792323,7.43376309191823,0.529958433791716,1.74671973170584,8.99663397036214,31.164123580812,0.0920642805184133,2.6310749916003,3.86130956003616,6.29888684773058,11.1191753617537,6,0.057381676503319,2.79550113690123,1.78326104519117,0.560465400225499,8.84408031188207,4.43495796987646,1.11803398874989,48.7026670931168,33.4871947488903,Inf,0.356463333333333,0.493,0.005,2.81539219079187,0.234,43.1856010776553,6.02416020983673
aggressiveEgo,training,101,lmi_e6_t3_y1,1,,0,1000,2,0.0549965248970491,0.110098541575058,3.04935107352298,0.158138583363162,4.1619244270881,2.96536087126761,3.78610335956599,1.93920322452216,7.26214898689903,0.530244324102146,1.7438399883844,9.77020027681443,31.874077549933,0.0920642805184133,2.6310749916003,16.9882266853336,37.2582405712599,19.9918008259194,6,0.0573927960688406,4.59939989010525,1.94636927903399,0.560803819897156,10.0891513527167,20.9650417998297,1.11803398874989,47.6449919202516,33.614694346811,Inf,0.35829,0.454,0.005,2.81539219079187,0.234,43.1856010776553,6.3824117533777
aggressiveEgo,training,101,lmi_e6_t3_y3,1,,0,1000,2,0.0550879647982309,0.110362025021261,3.39075341075105,0.157996998313311,8.60714810403521,3.85883367967779,3.72722776277812,2.56329499088473,7.63455622820821,0.531895399185252,1.74864890201402,13.5735307339869,38.963498809469,0.0920642805184133,2.6310749916003,44.2017171306175,92.3705992394145,45.3699516266237,6,0.0575342396267172,8.86466099646021,2.8447377509463,0.5634678493521,15.3465820232366,49.4681016784262,1.11803398874989,45.0410928652701,33.8805757063667,Inf,0.363786666666667,0.503,0.005,2.81539219079187,0.234,43.1856010776553,8.39217577654915
aggressiveEgo,training,101,lmi_e6_t6_y0.1,1,,0,1000,2,0.0985415051817661,0.139299489004298,5.28758510276699,0.244611735421323,3.91127839878331,3.84806612798964,15.2645322350407,2.65501368220505,9.14617516854275,1.85596364255671,5.64160923346074,12.3584142258782,37.8482298899525,0.0920642805184133,2.6310749916003,3.86130956003616,6.29888684773058,11.1191753617537,6,0.096545934262777,3.85009736775342,2.71073034746835,1.80543652986409,11.5708562950534,4.43495796987646,1.11803398874989,67.5519608805893,152.34928708978,Inf,0.36263,0.512,0.005,2.81539219079187,0.234,43.1856010776553,8.76712526140339
aggressiveEgo,training,101,lmi_e6_t6_y1,1,,0,1000,2,0.0986179643719768,0.139337320549317,5.30233506096948,0.244644027706806,4.94466870499828,4.01898488117664,15.3256016532691,2.73010885964243,8.83828562401669,1.85736091312954,5.63991563168264,12.9740384083188,40.034388330177,0.0920642805184133,2.6310749916003,16.9882266853336,37.2582405712599,19.9918008259194,6,0.0966430766118303,5.25807505945132,2.81136109668605,1.80820963313685,12.5406468521601,20.9650417998297,1.11803398874989,66.6930474891388,152.683114750843,Inf,0.361556666666667,0.511,0.005,2.81539219079187,0.234,43.1856010776553,9.04120504466838
aggressiveEgo,training,101,lmi_e6_t6_y3,1,,0,1000,2,0.0987113322055125,0.139395231952853,5.4565745425805,0.245417023236847,9.05320849222234,4.76269323089277,15.2670877983713,3.2140411731863,10.4575801282191,1.86182240350109,5.69410904366407,16.5151790276299,44.6671900739091,0.0920642805184133,2.6310749916003,44.2017171306175,92.3705992394145,45.3699516266237,6,0.0966505590908662,9.24918710282703,3.4249370231049,1.81393807969548,17.9721502197012,49.4681016784262,1.11803398874989,64.6079961024214,153.442682211597,Inf,0.345125,1.046,0.005,2.81539219079187,0.234,43.1856010776553,10.7182314739537
aggressiveEgo,training,101,repeated_e1.5_t1.5_y0.1,1,,0,1000,2,0.802168448341376,0.780047645060435,2.41566970566544,1.39027609169691,5.03499751889529,3.32550706775304,2.60219889301869,2.50895892188177,5.32097674214157,2.67471470924946,5.73100680356364,10.3459421910442,19.3950336714886,0.286675774563718,1.23621384705802,16.4811483019336,38.2263412595681,18.7331894119042,6,0.914903102888974,5.78420573976065,3.17734629905028,2.80388249762442,9.84607493998179,20.7244782181792,1.11803398874989,4.21400667803498,1.56609092106731,Inf,0.340608333333333,0.61,0.005,2.81539219079187,0.234,43.1856010776553,15.1087907653861
aggressiveEgo,training,101,repeated_e1.5_t1.5_y1,1,,0,1000,2,0.807458407866303,0.785149365670523,4.64017313974604,1.34937592097157,14.6924272051188,6.6617705272833,2.37482436605983,4.81901190257648,11.4423162027976,2.76869617844834,5.61582431031968,23.3261223905367,45.6022784268304,0.286675774563718,1.23621384705802,84.3582678326264,178.995482288853,85.3203883780576,6,0.916268243606184,11.6040670548752,5.81831078577726,2.89302976383679,29.2112924194777,79.2377504239724,1.11803398874989,9.86152921865247,1.34866396543467,Inf,0.330036666666667,0.599,0.005,2.81539219079187,0.234,43.1856010776553,22.3778323619233
aggressiveEgo,training,101,repeated_e1.5_t1.5_y3,1,,0,1000,2,0.778023425039817,0.761201226094176,4.91130912653179,1.25288866789893,15.0011106266405,7.30353972183838,2.32050564287411,5.06811801587983,11.1688378655559,2.62457633581242,5.33257793999195,31.2934387385722,78.9164378637831,0.286675774563718,1.23621384705802,86.5816433588629,179.119801166788,89.1343407990263,6,0.864784697105105,12.3709384009782,5.77660833944597,2.67759999732115,39.4039119189506,87.4464151289393,1.11803398874989,14.6317304963732,1.59816363356785,Inf,0.342955,0.538,0.005,2.81539219079187,0.234,43.1856010776553,24.1751580298723
aggressiveEgo,training,101,repeated_e1.5_t3_y0.1,1,,0,1000,2,0.178981330078509,0.19875727682939,1.19380628342829,0.344961829807562,3.87157880467842,1.74647575301837,2.79618058347719,1.03802132345284,2.33214439057921,1.05526253128612,2.18774346525082,6.25111817278017,14.7893586399698,0.286675774563718,1.23621384705802,16.4811483019336,38.2263412595681,18.7331894119042,6,0.197814563431708,4.58877428935493,1.21719616002799,1.03449791098646,5.47869696137622,20.7244782181792,1.11803398874989,5.02052721597394,3.38911060985025,Inf,0.344648333333333,0.498,0.005,2.81539219079187,0.234,43.1856010776553,5.11607958224682
aggressiveEgo,training,101,repeated_e1.5_t3_y1,1,,0,1000,2,0.178744667619958,0.198489760137453,3.64853275094567,0.303266575633704,14.0983159588833,4.95456667338131,2.69138611301858,3.79902244775634,7.80342268914701,1.13614606144194,2.16760280047078,16.9493780282983,36.2034293886269,0.286675774563718,1.23621384705802,84.3582678326264,178.995482288853,85.3203883780576,6,0.196422120133025,11.3688281265579,4.65689573414142,1.15555233200782,21.3696534333245,79.2377504239724,1.11803398874989,11.4096470994253,3.03456014200187,Inf,0.355916666666666,0.563,0.005,2.81539219079187,0.234,43.1856010776553,12.7753671773719
aggressiveEgo,training,101,repeated_e1.5_t3_y3,1,,0,1000,2,0.168149489488909,0.19119709942715,4.55224995334011,0.285782642964981,14.4153028278205,5.58478625578679,2.15137107979966,4.78397652569859,10.2690676599167,1.01599451529412,1.94250401058093,15.5498712508427,32.3465599000535,0.286675774563718,1.23621384705802,86.5816433588629,179.119801166788,89.1343407990263,6,0.178418168215411,12.3320951059488,5.77174144928533,0.930575517458838,19.3966830279315,87.4464151289393,1.11803398874989,15.2698807189558,3.01336795550026,Inf,0.338296666666667,0.53,0.005,2.81539219079187,0.234,43.1856010776553,14.3594221964548
aggressiveEgo,training,101,repeated_e1.5_t6_y0.1,1,,0,1000,2,0.046471399755684,0.0854143918320663,1.08721938381471,0.119143095937445,3.33487972674192,1.54254583377882,3.14879776778317,0.87500166369758,1.71585742538402,0.322807153554649,0.934273503889626,5.63243396796269,12.1215675126927,0.286675774563718,1.23621384705802,16.4811483019336,38.2263412595681,18.7331894119042,6,0.0496398881061945,4.05028459670245,0.955899028159758,0.337375346950298,6.1229264417458,20.7244782181792,1.11803398874989,6.62836033185048,9.22397887772043,Inf,0.332465,0.513,0.005,2.81539219079187,0.234,43.1856010776553,3.34120411854454
aggressiveEgo,training,101,repeated_e1.5_t6_y1,1,,0,1000,2,0.0481110673308386,0.0861250225888069,3.41333370670138,0.127571475444633,14.2104601277778,4.42359143889932,3.18427589322884,3.6057951866162,7.32042312378782,0.410026863412295,1.1964908928021,13.5041682824168,28.0413182009589,0.286675774563718,1.23621384705802,84.3582678326264,178.995482288853,85.3203883780576,6,0.0521697020238972,11.6370159440288,4.35533965164405,0.469795621830094,16.9640646937414,79.2377504239724,1.11803398874989,12.4439773129096,9.21481754746757,Inf,0.33124,0.497,0.005,2.81539219079187,0.234,43.1856010776553,10.3935347030241
aggressiveEgo,training,101,repeated_e1.5_t6_y3,1,,0,1000,2,0.0478792688233226,0.0860669650823139,4.28299613891964,0.119076288626666,14.320401369424,5.16127655191747,2.93833908994058,4.53269638821491,10.0262865402365,0.350130126727606,1.03982269746517,12.9077264671708,28.3968142173344,0.286675774563718,1.23621384705802,86.5816433588629,179.119801166788,89.1343407990263,6,0.0516441938148397,12.3278690191975,5.51892737622116,0.375802193974505,15.8240117709224,87.4464151289393,1.11803398874989,15.7346764948884,9.34937467900822,Inf,0.349353333333333,0.502,0.005,2.81539219079187,0.234,43.1856010776553,12.1257307580972
aggressiveEgo,training,101,repeated_e3_t1.5_y0.1,1,,0,1000,2,0.813261344522205,0.789680691814719,2.38572171505456,1.43663489627809,4.34164572269513,3.43297417252822,2.75721251228162,2.52228606095521,5.2402276191419,2.70164830859652,5.80197920213738,11.2025104061037,23.8737166777228,0.0640104742755875,0.47944981978716,10.6416137798758,22.1057384769986,10.8549553747224,6,0.932016492769282,5.06359232900359,3.1387259051466,2.83987649383777,12.2778320525019,13.0846128136208,1.11803398874989,5.27916292020356,1.60620668623665,Inf,0.321061666666667,0.509,0.005,2.81539219079187,0.234,43.1856010776553,15.4176876483532
aggressiveEgo,training,101,repeated_e3_t1.5_y1,1,,0,1000,2,0.79069413008691,0.770219205529402,3.55711378385617,1.35771372610604,8.2701358293317,4.85544967187832,2.44451739625708,3.66096164013491,9.40225958080248,2.68591825911129,5.75934604358041,15.4019124458004,26.859471489114,0.0640104742755875,0.47944981978716,39.7055876805228,77.6538856633023,40.4055209533606,6,0.896262940474582,7.99057178314518,4.60009172650928,2.80911445799097,17.1880602479542,42.9104793512519,1.11803398874989,7.79370795927385,1.66294452129149,Inf,0.306071666666667,0.459,0.005,2.81539219079187,0.234,43.1856010776553,18.309247070299
aggressiveEgo,training,101,repeated_e3_t1.5_y3,1,,0,1000,2,0.798777676226445,0.778021304543126,4.23351423402312,1.35877761596514,10.4568889614991,5.58053891064698,2.51961012732333,4.34399681922632,11.299016789241,2.73001647325503,5.79121337476753,17.3796092567495,46.0704379544211,0.0640104742755875,0.47944981978716,52.196949632777,128.574468366667,53.2628675260585,6,0.898331739086851,8.97323259242448,5.4732929064859,2.82513945236795,19.1901051014023,50.438168878541,1.11803398874989,14.3362796566241,1.91512934305633,Inf,0.362111666666667,0.481,0.005,2.81539219079187,0.234,43.1856010776553,20.151692252067
aggressiveEgo,training,101,repeated_e3_t3_y0.1,1,,0,1000,2,0.180740821053253,0.200055690877877,1.12844496323654,0.352960940700938,2.73268773756398,1.3185236869208,2.85610661578082,0.946591015577047,2.25012523853768,1.06003948267346,2.20272663439484,4.13995994530533,8.71036120186166,0.0640104742755875,0.47944981978716,10.6416137798758,22.1057384769986,10.8549553747224,6,0.200118556734302,3.10342747082176,1.16778464019149,1.04020659826715,3.92188665904007,13.0846128136208,1.11803398874989,6.35911424647741,3.36833566243032,Inf,0.328078333333333,0.445,0.005,2.81539219079187,0.234,43.1856010776553,4.52858223074769
aggressiveEgo,training,101,repeated_e3_t3_y1,1,,0,1000,2,0.179199654978468,0.198856175877042,2.10338548758852,0.331758655412086,7.85522667458053,3.00307005772508,2.47787335278471,1.92819602557072,5.35025648371765,1.15982617697987,2.52991152880777,10.5190915839075,20.2157480867673,0.0640104742755875,0.47944981978716,39.7055876805228,77.6538856633023,40.4055209533606,6,0.196593213208339,7.1943602663659,2.36308330572213,1.20090642849594,12.1893527819354,42.9104793512519,1.11803398874989,8.69555887755918,3.30904067643558,Inf,0.326408333333333,0.51,0.005,2.81539219079187,0.234,43.1856010776553,7.75220691770762
aggressiveEgo,training,101,repeated_e3_t3_y3,1,,0,1000,2,0.187338286826526,0.20548378931826,2.98868384276312,0.343688219758057,9.86483173218248,4.00440168843691,2.98739192326381,2.89852474598528,8.33391517519544,1.20212811189652,2.50793523912069,12.8350469674573,28.6577858702225,0.0640104742755875,0.47944981978716,52.196949632777,128.574468366667,53.2628675260585,6,0.207539616680666,7.83118581445402,3.57141515669474,1.25043843559676,15.1503999938005,50.438168878541,1.11803398874989,15.0063709937997,3.24666037119925,Inf,0.305931666666667,0.495,0.005,2.81539219079187,0.234,43.1856010776553,10.2374417537273
aggressiveEgo,training,101,repeated_e3_t6_y0.1,1,,0,1000,2,0.046564385690085,0.08544442956037,0.856692954879681,0.119148993912871,2.12792462545129,0.859440321542896,3.15396313452547,0.466520850198191,1.3864925188875,0.32626695507586,0.946967956446755,3.16382012096605,7.36621019589428,0.0640104742755875,0.47944981978716,10.6416137798758,22.1057384769986,10.8549553747224,6,0.0497276430999936,2.4342465193384,0.579697998300767,0.342377032290414,3.41672392384091,13.0846128136208,1.11803398874989,8.40308042684258,9.24017098851115,Inf,0.305345,0.45,0.005,2.81539219079187,0.234,43.1856010776553,2.03144958149044
aggressiveEgo,training,101,repeated_e3_t6_y1,1,,0,1000,2,0.0462535453173329,0.0852603753819533,1.71294788794327,0.119011709992162,7.73687072192323,2.54819524589073,3.03886332147434,1.52349109359641,4.38211321781609,0.340230047209048,1.02253201155074,9.35079313168501,17.2365267392747,0.0640104742755875,0.47944981978716,39.7055876805228,77.6538856633023,40.4055209533606,6,0.0491935262489545,7.06941742950961,1.9147842489491,0.364164623860835,10.8399832357952,42.9104793512519,1.11803398874989,10.0239563370328,9.1764887817075,Inf,0.31136,0.511,0.005,2.81539219079187,0.234,43.1856010776553,5.37967626670316
aggressiveEgo,training,101,repeated_e3_t6_y3,1,,0,1000,2,0.0492795447728123,0.0865794722358791,2.56347530314943,0.126074353271429,9.91668620565487,3.39745720323496,3.35483897494035,2.44211161567048,7.24229516650965,0.414083759160982,1.1785794418232,11.2459358678987,24.9088339274044,0.0640104742755875,0.47944981978716,52.196949632777,128.574468366667,53.2628675260585,6,0.0536152314800577,7.87954692548207,3.01479163782562,0.469396517418874,13.1305957590239,50.438168878541,1.11803398874989,15.298964122528,9.24492274270909,Inf,0.310685,0.486,0.005,2.81539219079187,0.234,43.1856010776553,7.62620585264882
aggressiveEgo,training,101,repeated_e6_t1.5_y0.1,1,,0,1000,2,0.821969191993857,0.79720969081294,2.07073808390884,1.4743074109524,3.75609110817543,3.48289686227015,2.86302797682789,2.20458618710703,5.17462780954061,2.72440934907102,5.89272929581489,12.2253714078128,23.75727326801,0.0351271928306993,0.233411150560596,3.90338032554468,8.83432227498455,3.93595091968505,6,0.942527041558782,4.48321034241836,2.71064914116636,2.87038613780954,13.2117079874141,4.81239926849378,1.11803398874989,7.79033552838287,1.65388584698555,Inf,0.302598333333333,0.472,0.005,2.81539219079187,0.234,43.1856010776553,15.0739385757152
aggressiveEgo,training,101,repeated_e6_t1.5_y1,1,,0,1000,2,0.808458001717267,0.785140811094863,2.8316816355867,1.41401502829303,4.80793616958529,3.93661372653952,2.72319961067004,2.98581801894905,6.69558636073672,2.7057511016864,5.76758092145967,13.1058435255802,30.0630344162101,0.0351271928306993,0.233411150560596,19.1553409289081,35.5091676944718,19.3583699844016,6,0.917875906442773,5.84428583320479,3.70241822075999,2.81009628843677,14.823024968037,22.1154275360374,1.11803398874989,7.39979803839159,1.82344327070445,Inf,0.300013333333333,0.51,0.005,2.81539219079187,0.234,43.1856010776553,16.6773847601868
aggressiveEgo,training,101,repeated_e6_t1.5_y3,1,,0,1000,2,0.824092232935446,0.798967674045338,3.50200283138767,1.41871847888323,5.63882028782892,4.32626278723086,2.82067889236706,3.4410690720718,9.17997819356371,2.77261872475694,5.76160671279267,13.7677434476632,29.7902957929282,0.0351271928306993,0.233411150560596,23.7699453554715,48.7386714496501,24.0510635272975,6,0.922110980156235,6.32200158250382,4.3271976932936,2.82201421297153,15.3022925265967,26.1911594903433,1.11803398874989,28.4498023633674,2.23353667976907,Inf,0.30081,0.447,0.005,2.81539219079187,0.234,43.1856010776553,17.8766091630307
aggressiveEgo,training,101,repeated_e6_t3_y0.1,1,,0,1000,2,0.18109543761707,0.200430622686597,0.933092971887641,0.358890776985545,1.66189791047823,1.23739588937137,2.8846003098423,0.757332562963851,1.63481249959083,1.06199105328039,2.23119851346428,4.28615771965765,8.6271869487982,0.0351271928306993,0.233411150560596,3.90338032554468,8.83432227498455,3.93595091968505,6,0.201103034356968,2.01936645920265,0.871921688817132,1.0458762129014,4.49543109674453,4.81239926849378,1.11803398874989,9.27031269343639,3.3275531428582,Inf,0.321136666666667,0.5,0.005,2.81539219079187,0.234,43.1856010776553,4.18285104602993
aggressiveEgo,training,101,repeated_e6_t3_y1,1,,0,1000,2,0.178884902175434,0.19863167411527,1.482513583866,0.346381393097445,3.82893619923575,1.70385244972866,2.72346249646507,1.2719019037667,3.42637524414544,1.06573224212598,2.23569439596659,5.31750612973321,13.3730025825573,0.0351271928306993,0.233411150560596,19.1553409289081,35.5091676944718,19.3583699844016,6,0.197684958408796,4.42813461848711,1.51897158385157,1.05121088272764,6.32481909098594,22.1154275360374,1.11803398874989,7.56214555809264,3.27400536502347,Inf,0.315665,0.494,0.005,2.81539219079187,0.234,43.1856010776553,5.39615405523438
aggressiveEgo,training,101,repeated_e6_t3_y3,1,,0,1000,2,0.181032288590187,0.200583513366341,2.03709631817772,0.348733919462254,4.67575083686172,2.1636063794478,2.69382089144308,1.73639498591432,5.4383574290587,1.09266489579253,2.31618292005188,6.36154913206137,16.7869855282913,0.0351271928306993,0.233411150560596,23.7699453554715,48.7386714496501,24.0510635272975,6,0.200046988081177,4.96621101886968,2.18128896387981,1.08807006721119,7.65486495250037,26.1911594903433,1.11803398874989,27.666480698109,3.43639288187641,Inf,0.305493333333333,0.549,0.005,2.81539219079187,0.234,43.1856010776553,6.55542268414278
aggressiveEgo,training,101,repeated_e6_t6_y0.1,1,,0,1000,2,0.046536423002172,0.0856249495530879,0.7243331629848,0.119075476899888,0.911764749589018,0.424913226785956,3.14346343991713,0.272309238052397,0.784484338102374,0.329421895782323,0.960403276635018,1.42897077991624,3.87879724213539,0.0351271928306993,0.233411150560596,3.90338032554468,8.83432227498455,3.93595091968505,6,0.049650502179304,1.07071526931218,0.295136875811599,0.346451636519043,1.45317114270584,4.81239926849378,1.11803398874989,12.3290696079454,9.59287574565951,Inf,0.37545,0.683,0.005,2.81539219079187,0.234,43.1856010776553,1.29577686210976
aggressiveEgo,training,101,repeated_e6_t6_y1,1,,0,1000,2,0.0465533272338193,0.0855030353818438,1.15128056352501,0.119013297051717,3.64259297258123,1.23249416988201,3.11979903913807,0.751540339198211,2.58514057064851,0.325662263786059,0.9469081549829,4.33662502834659,9.56934190198152,0.0351271928306993,0.233411150560596,19.1553409289081,35.5091676944718,19.3583699844016,6,0.0495863311792649,3.90341615467606,0.89878346621844,0.339264513359947,5.4281441134025,22.1154275360374,1.11803398874989,10.8651179560719,9.46073560640948,Inf,0.307208333333333,0.525,0.005,2.81539219079187,0.234,43.1856010776553,2.83593895640393
aggressiveEgo,training,101,repeated_e6_t6_y3,1,,0,1000,2,0.0465659108288204,0.0850186792548653,1.63687699778641,0.119117157642316,4.52682164751452,1.65552390085885,3.05460428117963,1.18041543133969,4.00648456367396,0.33274352102364,0.969291817015865,5.35644801862301,13.1183583520071,0.0351271928306993,0.233411150560596,23.7699453554715,48.7386714496501,24.0510635272975,6,0.049511701059137,4.46510402236899,1.4757712225206,0.347470034689431,6.75982019260632,26.1911594903433,1.11803398874989,25.7579290217547,9.19905780268356,11.8,0.308501666666667,0.508,0.005,2.81539219079187,0.234,43.1856010776553,3.89777957469219
aggressiveEgo,training,102,lmi_e1.5_t1.5_y0.1,1,,0,1000,2,0.0586476985851558,0.138442024363626,1.03887667662102,0.127189079873496,1.11750037499588,0.47701666801742,2.51638600245895,0.240244057996986,0.806291783026523,0.254461425972905,0.775645915590714,1.80450222313118,4.57002908319798,0.0361793181002188,0.266145815813662,5.43219330009536,12.2879657090607,5.47286739644088,6,0.0612771769251017,1.32397532421886,0.232400673083431,0.250661916465796,1.85436833430557,6.75126812117994,1.11803398874989,15.0294593960995,8.2110762146509,Inf,0.354311666666667,0.856,0.005,2.81539219079187,0.234,43.1856010776553,1.42786554647177
aggressiveEgo,training,102,lmi_e1.5_t1.5_y1,1,,0,1000,2,0.0581597617514279,0.138077320171204,1.47786384779605,0.126859254411637,4.36587660055018,1.72539612302572,2.40678304283337,0.933050524624733,2.83360144709843,0.256995862577236,0.774348059600006,6.55898960299461,15.2064089047945,0.0361793181002188,0.266145815813662,24.8315287580083,46.4243980097551,24.9274720968167,6,0.0602484849789356,5.14944642491721,1.161436396406,0.253714642268139,8.28163479682942,30.6558153483281,1.11803398874989,13.1649015894703,8.2222896294111,Inf,0.356523333333333,0.617,0.005,2.81539219079187,0.234,43.1856010776553,3.75949658736267
aggressiveEgo,training,102,lmi_e1.5_t1.5_y3,1,,0,1000,2,0.0593639476766022,0.137924756861075,1.96546722921305,0.127228690333042,7.89534393831427,2.44193288756334,2.35073709336345,1.580903331688,5.18019190343498,0.270571519547878,0.776731059100444,8.58493198905756,20.4417070225698,0.0361793181002188,0.266145815813662,40.3261148309624,142.717966017039,40.4422237917768,6,0.0616908595831905,5.8436021339791,1.91417042933114,0.272873090153768,9.81487484730377,35.9372510847769,1.11803398874989,25.9014527560299,8.69871584613501,Inf,0.363815,0.548,0.005,2.81539219079187,0.234,43.1856010776553,5.47243253795353
aggressiveEgo,training,102,lmi_e1.5_t3_y0.1,1,,0,1000,2,0.0562327007019889,0.113431778478236,0.921526298325706,0.131000733348165,1.31663022234692,0.91900975016565,3.76238925304888,0.591716363823901,1.70060196926095,0.554400644984208,1.65833966297948,3.07039577440762,10.0071232657859,0.0361793181002188,0.266145815813662,5.43219330009536,12.2879657090607,5.47286739644088,6,0.0570508139820899,1.4719358853853,0.576382766122465,0.587885056632626,3.37514265800148,6.75126812117994,1.11803398874989,19.9939239680023,35.2986012305901,Inf,0.351913333333333,0.52,0.005,2.81539219079187,0.234,43.1856010776553,2.35983888954921
aggressiveEgo,training,102,lmi_e1.5_t3_y1,1,,0,1000,2,0.0561385009881,0.113589116701335,1.28285390478069,0.131584120715159,4.43020573585629,1.91068374182187,3.73558679130541,1.05367402884797,3.62387622965388,0.553907341086645,1.63876156804714,7.18278121835307,20.0685587817485,0.0361793181002188,0.266145815813662,24.8315287580083,46.4243980097551,24.9274720968167,6,0.0568851458900299,5.16687930355225,1.24137533736165,0.587060181634981,8.95274068079207,30.6558153483281,1.11803398874989,18.7878323968315,35.4936335022373,Inf,0.322366666666667,0.517,0.005,2.81539219079187,0.234,43.1856010776553,4.10528931124755
aggressiveEgo,training,102,lmi_e1.5_t3_y3,1,,0,1000,2,0.0561265052914897,0.11440340380794,1.83944741533831,0.130325609565644,7.9354355280381,2.53300270853593,3.68000872433974,1.61203550190504,5.3018968821328,0.554018373153152,1.66576626296001,8.98439841372122,24.619958385741,0.0361793181002188,0.266145815813662,40.3261148309624,142.717966017039,40.4422237917768,6,0.0568620563651993,5.8946214416384,1.90687668392699,0.587408568601705,10.256652667948,35.9372510847769,1.11803398874989,30.8932736803885,36.1007316502731,Inf,0.308588333333333,0.51,0.005,2.81539219079187,0.234,43.1856010776553,5.58221573946922
aggressiveEgo,training,102,lmi_e1.5_t6_y0.1,1,,0,1000,2,0.0923341451734327,0.125309593975154,2.09556593887153,0.21282808381664,2.78390234494279,2.63660426210116,14.5134800404977,1.78514235256305,4.88890145571989,1.87184180977923,5.05602613978738,8.51631836954838,29.2837051402974,0.0361793181002188,0.266145815813662,5.43219330009536,12.2879657090607,5.47286739644088,6,0.0943871733425799,2.92012590344473,1.97050158286797,1.9614255394254,8.18607578113285,6.75126812117994,1.11803398874989,34.7721269701405,163.061039841281,Inf,0.331693333333333,0.519,0.005,2.81539219079187,0.234,43.1856010776553,6.19688983077011
aggressiveEgo,training,102,lmi_e1.5_t6_y1,1,,0,1000,2,0.0923024392141329,0.125911413663049,2.25914338807332,0.212915310485271,5.0465238724394,3.14597747970745,14.4863434158944,1.90513059254468,6.57958591822036,1.87300459961059,5.07245747480009,11.1012171412774,33.9301106878562,0.0361793181002188,0.266145815813662,24.8315287580083,46.4243980097551,24.9274720968167,6,0.0943623479926347,5.71999657540312,2.12035539085479,1.96410503490806,12.2774243466663,30.6558153483281,1.11803398874989,34.3241292038284,163.036018232172,Inf,0.321651666666667,0.508,0.005,2.81539219079187,0.234,43.1856010776553,6.95352900548618
aggressiveEgo,training,102,lmi_e1.5_t6_y3,1,,1,1000,2,1.36009035137369e+29,1.24179351248249e+29,1.76671404605721e+31,1.40605535997304e+30,1.9350163320431e+31,1.9350163320431e+31,3.45812278444703e+33,1.9350163320431e+31,2.00056857024717e+32,1.93575375113979e+31,2.00126419727957e+32,103.846950723494,179.323105000906,0.0361793181002188,0.266145815813662,40.3261148309624,142.717966017039,40.4422237917768,6,1.7547020151125e+29,2.49643492704901e+31,2.49643492704901e+31,2.49738629823816e+31,103.831711702548,35.9372510847769,11975.0366808268,1806751.31749263,347039034.674535,Inf,0.30282,0.484,0.005,2.81539219079187,0.234,43.1856010776553,Inf
aggressiveEgo,training,102,lmi_e3_t1.5_y0.1,1,,0,1000,2,0.0587066111073553,0.138598550091494,0.876833017648357,0.127540251344924,0.925130416063286,0.831209121936427,2.50866248903517,0.562248546087722,1.73931089435611,0.254908182070972,0.777739068902918,2.68721854279454,7.92695463043594,0.0542559019907182,0.770836911079726,1.98282827159527,4.42657409894514,3.45884953897736,6,0.0613818075475228,0.996246148291277,0.590265693401058,0.251532139092848,2.75213450453159,2.52377049104059,1.11803398874989,22.3397326490078,8.34557029206806,11.88,0.306648333333333,0.56,0.005,2.81539219079187,0.234,43.1856010776553,2.2490069118079
aggressiveEgo,training,102,lmi_e3_t1.5_y1,1,,0,1000,2,0.0587789012816165,0.138572482552734,1.00877353651915,0.12763837936086,2.07075149411636,1.04433091412713,2.49743403959547,0.687220398284458,2.21103663831001,0.255035384881162,0.778311727550844,3.48566190565942,10.2820255328936,0.0542559019907182,0.770836911079726,9.03614052673351,19.1751979004107,9.51442715859797,6,0.0612801084139305,1.84220706358393,0.750804696509378,0.251005961982329,3.75909225165588,9.37968898964711,1.11803398874989,20.8049696994266,8.36875935866342,11.88,0.306765,0.534,0.005,2.81539219079187,0.234,43.1856010776553,2.65936219051697
aggressiveEgo,training,102,lmi_e3_t1.5_y3,1,,0,1000,2,0.058886757069521,0.138490883899657,1.26928305653387,0.127665940197734,3.58711367843445,1.43649641210784,2.46499748569263,0.953487312804503,3.31247480802793,0.256395181922189,0.77880072240271,4.85762331040591,15.7047612876894,0.0542559019907182,0.770836911079726,16.4579811291261,48.5851622134697,16.706121740366,6,0.0612439579726796,2.80270398159199,1.12356933599773,0.252781911887861,5.34810645711674,15.8736653078276,1.11803398874989,17.8304480649277,8.36705738408508,11.98,0.310306666666667,0.55,0.005,2.81539219079187,0.234,43.1856010776553,3.4673668583854
aggressiveEgo,training,102,lmi_e3_t3_y0.1,1,,0,1000,2,0.0562496379003789,0.113053642782395,1.81442213798881,0.131165768055002,1.27192767183187,1.22017423011755,3.76190822848558,0.780835602186791,2.51170938255257,0.554513266425672,1.65904505526877,4.11408258503794,14.2101952076078,0.0542559019907182,0.770836911079726,1.98282827159527,4.42657409894514,3.45884953897736,6,0.0570749548696154,1.32659442851811,0.716039553297927,0.588028819329673,4.44843333323608,2.52377049104059,1.11803398874989,30.4979177749183,34.2518063060284,11.96,0.30562,0.55,0.005,2.81539219079187,0.234,43.1856010776553,2.94698410038496
aggressiveEgo,training,102,lmi_e3_t3_y1,1,,0,1000,2,0.0562353575339728,0.113028023261076,1.84041235818304,0.131648777694751,2.25538877449617,1.36741711218553,3.76818419636628,0.855390652653842,2.62612250880404,0.554250687232953,1.65178610287326,4.7054843514569,15.9367268109096,0.0542559019907182,0.770836911079726,9.03614052673351,19.1751979004107,9.51442715859797,6,0.0570365582661729,2.06194285335327,0.831707540873884,0.587590688734011,5.15312832062985,9.37968898964711,1.11803398874989,29.2211679674994,34.4018204004741,11.92,0.314576666666667,0.541,0.005,2.81539219079187,0.234,43.1856010776553,3.21423175093879
aggressiveEgo,training,102,lmi_e3_t3_y3,1,,0,1000,2,0.0562213031954039,0.113021776965226,1.89734381402174,0.131967342423176,3.70236704665107,1.6580263197262,3.74715368991256,1.04570535590526,3.78510488774062,0.55431602264744,1.64947742275739,5.75595376840772,17.474013519948,0.0542559019907182,0.770836911079726,16.4579811291261,48.5851622134697,16.706121740366,6,0.0570125045668092,2.95719314258778,1.12914523627071,0.587599184286779,6.36127392997633,15.8736653078276,1.11803398874989,26.4462374509613,34.7048516654784,11.98,0.318288333333333,0.554,0.005,2.81539219079187,0.234,43.1856010776553,3.8048144974461
aggressiveEgo,training,102,lmi_e3_t6_y0.1,1,,0,1000,2,0.0923278484504464,0.12601003915859,2.51351657560216,0.212730848958328,2.75280405313577,2.73416621574526,14.506886556244,1.85753156404809,4.96371993234027,1.87141081304778,5.046121516584,8.87204223184983,28.7385501534763,0.0542559019907182,0.770836911079726,1.98282827159527,4.42657409894514,3.45884953897736,6,0.0943758317802315,2.83348299550114,2.05211556562898,1.96091662381474,8.39769564963057,2.52377049104059,1.11803398874989,43.9515757901609,158.240658401335,Inf,0.34172,0.503,0.005,2.81539219079187,0.234,43.1856010776553,6.4127500589706
aggressiveEgo,training,102,lmi_e3_t6_y1,1,,0,1000,2,0.0923177600226776,0.126195494410691,2.49362485553515,0.212593728770193,3.32225636050456,2.79610516766216,14.5262406256311,1.83749392288393,5.09091504156993,1.87144709034759,5.06263528266833,9.30860261427517,28.8477267672826,0.0542559019907182,0.770836911079726,9.03614052673351,19.1751979004107,9.51442715859797,6,0.0943861777476983,3.24309064059389,2.03576551536393,1.962164301371,8.96732081727592,9.37968898964711,1.11803398874989,42.9652748647248,158.450542165595,Inf,0.334761666666667,0.598,0.005,2.81539219079187,0.234,43.1856010776553,6.45988596884966
aggressiveEgo,training,102,lmi_e3_t6_y3,1,,0,1000,2,0.0923025507567139,0.126978535291204,2.50287589304457,0.21254935222518,4.43874505222259,2.93116244813693,14.5201057204369,1.89922115966204,5.30579796735544,1.87168625092095,5.07198362014797,9.89685548831384,28.6918419350826,0.0542559019907182,0.770836911079726,16.4579811291261,48.5851622134697,16.706121740366,6,0.0943927242491675,3.92453299420616,2.11110264402057,1.96307932430732,9.84246813991363,15.8736653078276,1.11803398874989,41.2220137471868,158.854920337183,Inf,0.32716,0.545,0.005,2.81539219079187,0.234,43.1856010776553,6.70083892455399
aggressiveEgo,training,102,lmi_e6_t1.5_y0.1,1,,0,1000,2,0.0586708648027169,0.138338384595502,2.42331643335654,0.127372192562076,2.69047706691907,2.6602651967877,2.50550985981592,1.84496395357856,6.78578938644923,0.254669915212953,0.776710572064482,8.41606784288554,24.0423259332237,0.0935016506596473,2.63996916060891,2.79445614785289,5.46494815953974,10.3827193935057,6,0.0613188602763608,2.88543350029097,2.07973437541773,0.251218531741109,8.44633705132482,3.52534878390513,1.11803398874989,40.0149272036484,8.10334119042881,Inf,0.347693333333333,0.531,0.005,2.81539219079187,0.234,43.1856010776553,5.9598501237614
aggressiveEgo,training,102,lmi_e6_t1.5_y1,1,,0,1000,2,0.0585896921294988,0.138321283015498,2.47209438731626,0.126178383320876,3.75564873094704,2.83141768441521,2.49916695642723,1.92389779426199,7.682215046653,0.254472930003761,0.77079622903661,9.07463827966769,27.3042998472521,0.0935016506596473,2.63996916060891,13.4717623770769,27.6963317636117,16.6731546422273,6,0.0611074832352675,3.91420618040605,2.19075813446275,0.251188794254978,9.34248028146949,15.3195287764378,1.11803398874989,39.3773315210046,8.09528023152703,Inf,0.351126666666667,0.526,0.005,2.81539219079187,0.234,43.1856010776553,6.24862016575251
aggressiveEgo,training,102,lmi_e6_t1.5_y3,1,,0,1000,2,0.0582134262538604,0.138185478248606,2.57178176604469,0.122555377017453,6.37184803312051,3.33412485682307,2.5025491167814,2.07637020204686,8.86838692907244,0.251696232193104,0.754726269461773,11.2105331455036,35.4544937693582,0.0935016506596473,2.63996916060891,29.1828327753744,96.9292405692963,30.6914562051545,6,0.0603915630424699,6.49946422150899,2.38895643268762,0.246061661767521,12.4046234066227,32.5670422436977,1.11803398874989,37.8936692078578,8.10182381306639,Inf,0.3556,0.511,0.005,2.81539219079187,0.234,43.1856010776553,6.97698129573304
aggressiveEgo,training,102,lmi_e6_t3_y0.1,1,,0,1000,2,0.0562333829987035,0.112741352095967,2.79896239796957,0.130900758451794,2.75582100355678,2.72215597919302,3.75966185316704,1.89498063639746,7.30340720093619,0.554230365707226,1.65718697957094,8.5918003069624,25.111951933321,0.0935016506596473,2.63996916060891,2.79445614785289,5.46494815953974,10.3827193935057,6,0.0570471483216798,2.95750860162771,2.12413790998843,0.587578156224589,8.68226732531619,3.52534878390513,1.11803398874989,47.9996093899919,33.0286756480494,Inf,0.348355,0.532,0.005,2.81539219079187,0.234,43.1856010776553,6.07065516417443
aggressiveEgo,training,102,lmi_e6_t3_y1,1,,0,1000,2,0.0562543674418682,0.112814584625254,2.83692997536991,0.130480032209514,3.80062368619828,2.89279721927866,3.74991903284149,1.97559531955628,8.19578506881633,0.554513825792572,1.66259648855184,9.25433014507833,25.8369106337916,0.0935016506596473,2.63996916060891,13.4717623770769,27.6963317636117,16.6731546422273,6,0.0570772322199301,3.95439347658534,2.24421756440167,0.588035008289041,9.52375188945189,15.3195287764378,1.11803398874989,46.9299773249921,33.1598142198856,Inf,0.358661666666666,0.808,0.005,2.81539219079187,0.234,43.1856010776553,6.36460034254692
aggressiveEgo,training,102,lmi_e6_t3_y3,1,,0,1000,2,0.0562580669553842,0.112861999292319,2.89709947411707,0.130805968610443,6.37945621093392,3.41396494580979,3.74030220519106,2.11983972736568,9.14673729026968,0.554542866636989,1.65602309626087,11.5087084626046,38.3866541640095,0.0935016506596473,2.63996916060891,29.1828327753744,96.9292405692963,30.6914562051545,6,0.0570722060383915,6.47686886995165,2.42873602402194,0.58790496945764,12.7604889933678,32.5670422436977,1.11803398874989,44.6926039026761,33.4293976928774,Inf,0.351488333333333,0.511,0.005,2.81539219079187,0.234,43.1856010776553,7.10400181680613
aggressiveEgo,training,102,lmi_e6_t6_y0.1,1,,0,1000,2,0.0922232941302124,0.124449926808318,4.80455711502928,0.212067953223274,3.9584926797488,3.93377252641011,14.450153828917,2.69575322881521,8.26809317370715,1.86816166268117,5.03551319004073,12.7191184195306,39.7988264521983,0.0935016506596473,2.63996916060891,2.79445614785289,5.46494815953974,10.3827193935057,6,0.0941999229900555,4.17733218819845,3.03260496107876,1.95548715331776,12.4770165953277,3.52534878390513,1.11803398874989,67.9691006846025,152.474486440358,Inf,0.35516,0.463,0.005,2.81539219079187,0.234,43.1856010776553,8.85756308283867
aggressiveEgo,training,102,lmi_e6_t6_y1,1,,0,1000,2,0.0922152997329995,0.12440941613389,4.82546695608524,0.212633886616714,4.73725091362667,4.05483256150312,14.4313148881519,2.79994377412035,8.13385852433818,1.86769713774136,5.03708081407182,12.9748865313171,38.3053997359368,0.0935016506596473,2.63996916060891,13.4717623770769,27.6963317636117,16.6731546422273,6,0.0941623188199266,4.93980446721051,3.18865256994986,1.95454363903376,12.781920337116,15.3195287764378,1.11803398874989,67.0691012554393,152.798635470811,Inf,0.35946,0.509,0.005,2.81539219079187,0.234,43.1856010776553,9.11701785183412
aggressiveEgo,training,102,lmi_e6_t6_y3,1,,0,1000,2,0.0922523950916842,0.124370406863897,4.82778853083701,0.213250705344991,6.96521094145287,4.46777731890151,14.381016953279,2.95931067119688,9.82511741027045,1.86920954371865,5.04203552997772,14.7422894973293,45.6028349588164,0.0935016506596473,2.63996916060891,29.1828327753744,96.9292405692963,30.6914562051545,6,0.0941980881216498,7.12067883914053,3.39249818998398,1.95631198733242,15.5472282106103,32.5670422436977,1.11803398874989,64.8984891126468,153.535027817055,Inf,0.367071666666667,0.561,0.005,2.81539219079187,0.234,43.1856010776553,9.78960319277646
aggressiveEgo,training,102,repeated_e1.5_t1.5_y0.1,1,,0,1000,2,0.793338169130974,0.77321696722849,2.36412121871698,1.3709683629859,4.95412210922077,3.25286639719967,2.6065897580722,2.44948517193535,5.11049020149439,2.65992312286934,5.71918740217837,10.1013839331125,18.6468765435421,0.285013644757001,1.23637701299869,15.8668475713556,37.2242670095348,18.087870212013,6,0.903853651091425,5.70124622849917,3.10564514394359,2.78839291714798,9.46256929531875,19.8292022745063,1.11803398874989,4.18617805922579,1.59086578495069,Inf,0.365196666666666,0.51,0.005,2.81539219079187,0.234,43.1856010776553,14.8526288218029
aggressiveEgo,training,102,repeated_e1.5_t1.5_y1,1,,0,1000,2,0.796098527410018,0.776096079338246,4.63849489767173,1.33901593534082,14.674360788817,6.64394730923015,2.35879599243816,4.81498720911839,11.4306241370894,2.74976473729819,5.57185643993106,23.1687606276337,45.3482583028398,0.285013644757001,1.23637701299869,84.2782832003484,179.243532634156,85.2329267102686,6,0.902422465668859,11.6071525177868,5.81956583517867,2.87084769759106,29.004779195139,79.226424815851,1.11803398874989,9.92406482764407,1.38160655757923,Inf,0.3643,0.518,0.005,2.81539219079187,0.234,43.1856010776553,22.2247118178637
aggressiveEgo,training,102,repeated_e1.5_t1.5_y3,1,,0,1000,2,0.768526387284363,0.753866670481801,4.90379559461012,1.24440882293005,14.9861098753205,7.29580385980305,2.31483722459642,5.06181956416307,11.1386694840001,2.61588304191218,5.31828757252022,31.2975188837403,79.0088348952435,0.285013644757001,1.23637701299869,86.5574226624657,179.36824055264,89.1010967170738,6,0.853133881893552,12.3769352858223,5.77463207129027,2.66923430598788,39.4096181942014,87.4625811822541,1.11803398874989,14.8363166179182,1.64000961124739,Inf,0.36295,0.508,0.005,2.81539219079187,0.234,43.1856010776553,24.0684067779178
aggressiveEgo,training,102,repeated_e1.5_t3_y0.1,1,,0,1000,2,0.177819070693388,0.198001656403235,1.16635948909238,0.354794789934925,3.78097763116617,1.71340529572702,2.80046645528394,0.99625008556314,2.28411336299189,1.04247077806857,2.12406206700186,6.19324305324902,14.9920449223085,0.285013644757001,1.23637701299869,15.8668475713556,37.2242670095348,18.087870212013,6,0.194025020154487,4.48235401263139,1.16153053384693,1.01343213116627,5.37952282999689,19.8292022745063,1.11803398874989,5.07635858462411,3.39724990073942,Inf,0.34761,0.522,0.005,2.81539219079187,0.234,43.1856010776553,5.00933948870997
aggressiveEgo,training,102,repeated_e1.5_t3_y1,1,,0,1000,2,0.176074496962477,0.196669000904882,3.64567802207957,0.298408875144766,14.0875491532553,4.94557519348342,2.68465262223029,3.79412554205028,7.75779613413785,1.12102247801763,2.09980725395649,16.9067526427846,36.0717379456149,0.285013644757001,1.23637701299869,84.2782832003484,179.243532634156,85.2329267102686,6,0.191038109774309,11.3747637158933,4.65241068356189,1.13365940074288,21.2996764290254,79.226424815851,1.11803398874989,11.3280365530087,3.08241021990848,Inf,0.35264,0.485,0.005,2.81539219079187,0.234,43.1856010776553,12.7303465822822
aggressiveEgo,training,102,repeated_e1.5_t3_y3,1,,0,1000,2,0.165175033576969,0.189279624450852,4.54925188318763,0.279647753363907,14.4059677938698,5.57612358324441,2.13368169762167,4.78263134664392,10.2556146355939,1.0041537708318,1.93827262202088,15.4201042637614,31.8826651132794,0.285013644757001,1.23637701299869,86.5574226624657,179.36824055264,89.1010967170738,6,0.172103425164803,12.3488322290639,5.77470563299145,0.911505258719473,19.2176335882071,87.4625811822541,1.11803398874989,15.4920327160347,3.06233108778717,Inf,0.355235,0.561,0.005,2.81539219079187,0.234,43.1856010776553,14.3010338818098
aggressiveEgo,training,102,repeated_e1.5_t6_y0.1,1,,0,1000,2,0.0466901981728918,0.0862895198838773,1.07705823008635,0.0943606715952832,3.25158391749028,1.52006042421644,3.14125045632409,0.861430107772849,1.56880390668059,0.3097443650056,0.7875098284134,5.54977242341057,11.7045989142961,0.285013644757001,1.23637701299869,15.8668475713556,37.2242670095348,18.087870212013,6,0.0472704688983184,3.93599440130587,0.932666439665517,0.315217141875396,6.00554049677841,19.8292022745063,1.11803398874989,6.46066527481152,8.65302526178144,Inf,0.32816,0.448,0.005,2.81539219079187,0.234,43.1856010776553,3.29971668195673
aggressiveEgo,training,102,repeated_e1.5_t6_y1,1,,0,1000,2,0.0491159971577049,0.0873798317142003,3.40862769754598,0.113671416512742,14.2060817967373,4.41689331450224,3.17671588005353,3.60010417069015,7.41066433112138,0.396348268271388,1.02195012146918,13.4679126174693,27.5777435631576,0.285013644757001,1.23637701299869,84.2782832003484,179.243532634156,85.2329267102686,6,0.0512965468858647,11.6466872104783,4.34611223434553,0.449093885419944,16.8967575662076,79.226424815851,1.11803398874989,12.2706713042126,8.64938903861324,Inf,0.344361666666667,0.449,0.005,2.81539219079187,0.234,43.1856010776553,10.3849508364512
aggressiveEgo,training,102,repeated_e1.5_t6_y3,1,,0,1000,2,0.0476310424752774,0.0869465428244651,4.28585576943336,0.0942393736821527,14.3174671608998,5.1566375981022,2.92432759378286,4.53692629903323,10.090972751923,0.338500094563679,0.837254869462617,12.74610821827,28.0029526799422,0.285013644757001,1.23637701299869,86.5574226624657,179.36824055264,89.1010967170738,6,0.0485867920907674,12.3476007404448,5.52539340498243,0.356894272023908,15.5944807229336,87.4625811822541,1.11803398874989,15.9133304677139,8.75007286990048,Inf,0.33906,0.552,0.005,2.81539219079187,0.234,43.1856010776553,12.0993846664732
aggressiveEgo,training,102,repeated_e3_t1.5_y0.1,1,,0,1000,2,0.804300906845651,0.782732156186536,2.36931326894681,1.41519698643697,4.31354451629319,3.41200861468119,2.74897537506786,2.50247366349379,5.30480736280299,2.68704934968052,5.78747318052028,11.1391437304607,23.805199877674,0.0617776593448661,0.480999367263973,10.4540322486191,21.9266465350061,10.6719309451743,6,0.920882484200522,5.03145027774492,3.11795179078121,2.82470120562796,12.181567218557,12.8710105298785,1.11803398874989,5.2329112308982,1.6287302126777,Inf,0.329933333333333,0.523,0.005,2.81539219079187,0.234,43.1856010776553,15.2757851415362
aggressiveEgo,training,102,repeated_e3_t1.5_y1,1,,0,1000,2,0.781116558112296,0.76271851662258,3.55637965463872,1.32778783527608,8.25080294748481,4.83608896747763,2.43736051535298,3.65519988029079,9.3878969833747,2.66994255980805,5.73486087490236,15.3024666494567,26.0120909731301,0.0617776593448661,0.480999367263973,39.5471292283587,79.722114080535,40.2545915211249,6,0.884156337146664,7.9887918642232,4.59728249265428,2.79178305941549,17.0494152149662,42.7626755819269,1.11803398874989,7.94672121622503,1.68427934206049,Inf,0.32847,0.485,0.005,2.81539219079187,0.234,43.1856010776553,18.1820586715959
aggressiveEgo,training,102,repeated_e3_t1.5_y3,1,,0,1000,2,0.789830405799372,0.7710895995384,4.23635369095214,1.3285954655179,10.4492003087154,5.57313230033625,2.51540542214729,4.34492953287486,11.2748875236374,2.71787549895775,5.77155551295614,17.3896955452598,47.2094607736185,0.0617776593448661,0.480999367263973,52.2493181356155,132.056667380256,53.3153790124968,6,0.886850307879092,8.97073233237118,5.46520385024532,2.81137957631527,19.2687641199545,50.3515411266124,1.11803398874989,14.6445816591839,1.94361409377992,Inf,0.324795,0.441,0.005,2.81539219079187,0.234,43.1856010776553,20.0661022327954
aggressiveEgo,training,102,repeated_e3_t3_y0.1,1,,0,1000,2,0.179552660296845,0.19928759896065,1.12020843051564,0.361257635251638,2.70441588760888,1.31005905641255,2.84817362431995,0.92532493391504,2.19766070039245,1.04857490903566,2.14146836596965,4.17422407457856,9.26628511366684,0.0617776593448661,0.480999367263973,10.4540322486191,21.9266465350061,10.6719309451743,6,0.196332390359391,3.06909024777411,1.14650102922263,1.02162628024078,3.90263577108655,12.8710105298785,1.11803398874989,6.31849742880874,3.37963865928242,Inf,0.328061666666667,0.542,0.005,2.81539219079187,0.234,43.1856010776553,4.48102128571424
aggressiveEgo,training,102,repeated_e3_t3_y1,1,,0,1000,2,0.176604253034567,0.197044927064046,2.10610631940047,0.318807169451461,7.83577786287715,2.99080069930636,2.4691305556049,1.92550315300893,5.36137909399736,1.14574598411451,2.474421215944,10.4575714967493,20.7937986402559,0.0617776593448661,0.480999367263973,39.5471292283587,79.722114080535,40.2545915211249,6,0.190654457724998,7.18708124249487,2.36136729579569,1.17909992732926,12.1010542221612,42.7626755819269,1.11803398874989,8.9269523025079,3.30925171968171,Inf,0.361895,0.446,0.005,2.81539219079187,0.234,43.1856010776553,7.70856313571338
aggressiveEgo,training,102,repeated_e3_t3_y3,1,,0,1000,2,0.184779323469197,0.203710524746984,2.98776617756095,0.344121861577887,9.85586613977155,3.99947859617098,2.98911572405014,2.89982521195197,8.46839750104546,1.18836048352044,2.43239368777284,12.7977955086699,28.408295431733,0.0617776593448661,0.480999367263973,52.2493181356155,132.056667380256,53.3153790124968,6,0.2019545458221,7.82545922138277,3.56493432267784,1.22967087259519,15.146593058775,50.3515411266124,1.11803398874989,15.3278702042756,3.270522160397,Inf,0.353721666666667,0.492,0.005,2.81539219079187,0.234,43.1856010776553,10.2070027603299
aggressiveEgo,training,102,repeated_e3_t6_y0.1,1,,0,1000,2,0.046889083916974,0.0863730154737961,0.853957063861963,0.094570911101142,2.10158618349627,0.852541420611581,3.14453053604,0.44664831247982,1.34915568603826,0.313094041300791,0.793686086336976,3.18443066367249,7.24008239777801,0.0617776593448661,0.480999367263973,10.4540322486191,21.9266465350061,10.6719309451743,6,0.0474766716184878,2.40624384609947,0.557646467226256,0.320311676624627,3.3884765211217,12.8710105298785,1.11803398874989,8.34636970079798,8.65553284455001,Inf,0.35979,0.532,0.005,2.81539219079187,0.234,43.1856010776553,1.99907359686388
aggressiveEgo,training,102,repeated_e3_t6_y1,1,,0,1000,2,0.0465496044670675,0.0861857940588694,1.71101618927128,0.0942519608719889,7.71901055952074,2.54400731959585,3.02736751355382,1.51758864975835,4.28067978233498,0.326553528972738,0.797795468678179,9.34214456448005,18.1759676107325,0.0617776593448661,0.480999367263973,39.5471292283587,79.722114080535,40.2545915211249,6,0.0468167803033741,7.05856386568504,1.9102685160303,0.342245902164754,10.8077437200864,42.7626755819269,1.11803398874989,10.2235017954765,8.62927961372642,Inf,0.352673333333333,0.579,0.005,2.81539219079187,0.234,43.1856010776553,5.36910225708338
aggressiveEgo,training,102,repeated_e3_t6_y3,1,,0,1000,2,0.0506375320500688,0.0881199261630268,2.56599287832173,0.125860241250978,9.91133409300925,3.40143746749085,3.36085960595931,2.44762703279613,7.36696784948959,0.404259247190937,0.990729669934369,11.2657082327177,24.2407614728221,0.0617776593448661,0.480999367263973,52.2493181356155,132.056667380256,53.3153790124968,6,0.0532240663495825,7.86575920411732,3.01360622827571,0.454656813016619,13.2115931247141,50.3515411266124,1.11803398874989,15.62409119419,8.66660686967133,Inf,0.35356,0.506,0.005,2.81539219079187,0.234,43.1856010776553,7.65477103263649
aggressiveEgo,training,102,repeated_e6_t1.5_y0.1,1,,0,1000,2,0.813279513647832,0.790481073939305,2.04611517222604,1.4541193857506,3.72248860814133,3.46121079966395,2.85704566655783,2.1734723444651,5.37044379846275,2.71037213406901,5.8817430578598,12.1770386254729,24.9025772079202,0.036399622544044,0.243691274494477,3.81183221670562,8.0638150868396,3.88333830980288,6,0.931561956644974,4.44569234044516,2.67562704390639,2.85587686821896,13.1443679673608,4.57185466712877,1.11803398874989,7.61001754498992,1.67624697257698,Inf,0.341818333333333,0.609,0.005,2.81539219079187,0.234,43.1856010776553,14.9151475505031
aggressiveEgo,training,102,repeated_e6_t1.5_y1,1,,0,1000,2,0.801055412336655,0.77947456690124,2.84241274906682,1.3949204562752,4.81169156199891,3.93538120472547,2.73223918352078,2.99314238347645,6.92754862736995,2.69428546863614,5.75595842752694,13.1093893818094,32.2411737888155,0.036399622544044,0.243691274494477,19.0338899305216,35.5018951262823,19.2414694372177,6,0.907740554974748,5.81599808589961,3.72409240440335,2.79785839389393,14.7924128939214,21.8187613521023,1.11803398874989,7.53506017462473,1.84625583568339,Inf,0.363641666666667,0.569,0.005,2.81539219079187,0.234,43.1856010776553,16.6187167666813
aggressiveEgo,training,102,repeated_e6_t1.5_y3,1,,0,1000,2,0.805264299942551,0.783219164564953,3.41520499963475,1.39938120905077,5.74961270202643,4.32011586590877,2.7470174348878,3.49565287084112,9.72764819444107,2.71690757939972,5.74707310946906,13.4012586662141,32.5490466080903,0.036399622544044,0.243691274494477,24.1788314655255,66.0680912253876,24.4519938398592,6,0.911682105797379,6.32618349082285,4.36841239128523,2.80701585715607,15.0590063564703,26.1213690189697,1.11803398874989,13.8777129942031,1.92108650142289,Inf,0.338055,0.565,0.005,2.81539219079187,0.234,43.1856010776553,17.7242004743506
aggressiveEgo,training,102,repeated_e6_t3_y0.1,1,,0,1000,2,0.179849707582151,0.199631209972406,0.929366326959916,0.364582404198273,1.62781542691025,1.22872531958189,2.8755402976086,0.735380018901244,1.56360496788605,1.05046150524725,2.1674864142799,4.30309797204678,9.63698360179305,0.036399622544044,0.243691274494477,3.81183221670562,8.0638150868396,3.88333830980288,6,0.197279712209756,1.98275368567584,0.843657684389094,1.02725975335777,4.49994281372908,4.57185466712877,1.11803398874989,9.09299787975482,3.34139901968234,Inf,0.357646666666667,0.635,0.005,2.81539219079187,0.234,43.1856010776553,4.12987670803335
aggressiveEgo,training,102,repeated_e6_t3_y1,1,,0,1000,2,0.177463351898338,0.197706559519548,1.50910675999412,0.354112031026887,3.80795868825445,1.71669321509374,2.71689826210502,1.29453413250593,3.72095576194504,1.05454795744112,2.17658977624602,5.30998775696104,15.3609033565102,0.036399622544044,0.243691274494477,19.0338899305216,35.5018951262823,19.2414694372177,6,0.193648939031667,4.37723743512573,1.54994003399594,1.03328703266198,6.33975606048722,21.8187613521023,1.11803398874989,7.45832151942493,3.30883569137857,Inf,0.360276666666667,0.505,0.005,2.81539219079187,0.234,43.1856010776553,5.42569933538745
aggressiveEgo,training,102,repeated_e6_t3_y3,1,,0,1000,2,0.179523861289817,0.199436692288457,2.04602292378958,0.355853363999959,4.87484165089733,2.2253898091011,2.70340389560554,1.78222393223806,5.91703849478504,1.07562922841723,2.25538975886276,6.54754422131832,18.9806939708706,0.036399622544044,0.243691274494477,24.1788314655255,66.0680912253876,24.4519938398592,6,0.196239716730231,4.95508895020099,2.24243722664544,1.06828019044186,7.56554383579611,26.1213690189697,1.11803398874989,13.8044564046656,3.29584407122936,Inf,0.353513333333333,0.557,0.005,2.81539219079187,0.234,43.1856010776553,6.66919532163794
aggressiveEgo,training,102,repeated_e6_t6_y0.1,1,,0,1000,2,0.0469134836623309,0.0866002050896263,0.738759144706913,0.0944014615620154,0.911723490223073,0.436763795468853,3.13429528754495,0.25730334202782,0.860554166217364,0.316376141191923,0.799494918362099,1.54694797393965,3.67306392788042,0.036399622544044,0.243691274494477,3.81183221670562,8.0638150868396,3.88333830980288,6,0.0475237243576416,1.04858414806147,0.267305722525234,0.324745640392909,1.57962062063254,4.57185466712877,1.11803398874989,11.9642476813913,8.93367503318589,Inf,0.35454,0.454,0.005,2.81539219079187,0.234,43.1856010776553,1.29313111546688
aggressiveEgo,training,102,repeated_e6_t6_y1,1,,0,1000,2,0.0467260060387644,0.0864309525994591,1.17488030056968,0.0942996429732605,3.63961463793079,1.24397247922236,3.10660774119728,0.767950160930273,2.65061605566249,0.312641537697135,0.804952596414181,4.35712138092798,11.4641748884958,0.036399622544044,0.243691274494477,19.0338899305216,35.5018951262823,19.2414694372177,6,0.0471498058230904,3.85804018803757,0.923002178249277,0.317743451039606,5.44251028500136,21.8187613521023,1.11803398874989,10.4036269184502,8.82960550466282,Inf,0.341666666666667,0.541,0.005,2.81539219079187,0.234,43.1856010776553,2.87458465843378
aggressiveEgo,training,102,repeated_e6_t6_y3,1,,0,1000,2,0.0468325513577347,0.0861541849965616,1.65916862202096,0.094531854843026,4.70658475978857,1.72131303551407,3.04445771282364,1.21783860277389,4.54436953065339,0.31914244412338,0.810549313862817,5.62938034603236,16.3199309662203,0.036399622544044,0.243691274494477,24.1788314655255,66.0680912253876,24.4519938398592,6,0.0472618928262105,4.43717974052562,1.53299005241575,0.327304513239077,6.83478806295329,26.1213690189697,1.11803398874989,14.3483467948601,8.62516990527974,11.92,0.336418333333333,0.451,0.005,2.81539219079187,0.234,43.1856010776553,4.02987878833161
