speed,lateralError,headingError,V0,minV1,minRatio,onePercentFeasible,anyDecrease,argminSteering,argminBraking
8,-100,-3.14159265358979,869084.133005419,682176.011026774,0.784936676576651,1,1,-0.32,-0.94905
8,-100,-3.05432619099008,865642.295023189,865786.179113964,1.00016621656728,0,0,0.28,0.24975
8,-100,-2.96705972839036,862224.2835643,862926.513860054,1.00081444040621,0,0,0.27,0.1998
8,-100,-2.87979326579064,858830.098628753,860079.296880637,1.00145453478386,0,0,0.26,0.14985
8,-100,-2.79252680319093,855459.740216546,857240.544552335,1.0020816927461,0,0,0.25,0.0999
8,-100,-2.70526034059121,852113.208327681,854406.070292609,1.00269079500531,0,0,0.26,0.0999
8,-100,-2.61799387799149,848790.502962158,851572.282486065,1.00327734525092,0,0,0.25,0.04995
8,-100,-2.53072741539178,845491.624119975,848735.722494272,1.00383693732942,0,0,0.25,0
8,-100,-2.44346095279206,842216.571801134,845892.691173128,1.00436481481732,0,0,0.25,0
8,-100,-2.35619449019234,838965.346005634,843040.537866445,1.00485740189415,0,0,0.25,-0.04995
8,-100,-2.26892802759263,835737.946733475,840175.912664668,1.00531023623917,0,0,0.25,-0.04995
8,-100,-2.18166156499291,832534.373984658,837296.644342615,1.0057202086866,0,0,0.25,-0.04995
8,-100,-2.0943951023932,829354.627759182,834400.218612635,1.00608375559088,0,0,0.24,-0.0999
8,-100,-2.00712863979348,826198.708057047,831484.736705489,1.00639801127367,0,0,0.24,-0.0999
8,-100,-1.91986217719376,823066.614878253,828548.612589757,1.00666045446676,0,0,0.24,-0.0999
8,-100,-1.83259571459405,819958.348222801,825590.506364637,1.00686883444024,0,0,0.24,-0.0999
8,-100,-1.74532925199433,816873.90809069,822609.434513597,1.00702131181581,0,0,0.24,-0.0999
8,-100,-1.65806278939461,813813.29448192,819604.776642979,1.0071164752411,0,0,0.24,-0.0999
8,-100,-1.5707963267949,810776.507396491,816576.279320351,1.0071533546803,0,0,0.24,-0.0999
8,-100,-1.48352986419518,807763.546834404,813524.056983582,1.00713143118646,0,0,0.24,-0.0999
8,-100,-1.39626340159546,804774.412795658,810448.589917685,1.00705064305203,0,0,0.24,-0.0999
8,-100,-1.30899693899575,801809.105280253,807350.719322661,1.00691138826675,0,0,0.24,-0.0999
8,-100,-1.22173047639603,798867.624288189,804231.560834335,1.00671442474706,0,0,0.25,-0.04995
8,-100,-1.13446401379631,795949.969819467,801092.488736533,1.00646085697853,0,0,0.24,-0.04995
8,-100,-1.0471975511966,793056.141874086,797935.533145537,1.0061526429389,0,0,0.24,-0.04995
8,-100,-0.959931088596881,790186.140452047,794762.724994107,1.00579178032589,0,0,0.25,0
8,-100,-0.872664625997165,787339.965553348,791576.483361616,1.00538079863035,0,0,0.25,0
8,-100,-0.785398163397448,784517.617177991,788379.739698988,1.00492292644095,0,0,0.25,0.04995
8,-100,-0.698131700797732,781719.095325975,785175.016133496,1.00442092412503,0,0,0.25,0.04995
8,-100,-0.610865238198015,778944.3999973,781966.038013898,1.00387914466887,0,0,0.25,0.04995
8,-100,-0.523598775598299,776193.531191967,778755.757653864,1.00330101496461,0,0,0.25,0.0999
8,-100,-0.436332312998582,773466.488909974,775548.15460584,1.00269134568299,0,0,0.25,0.0999
8,-100,-0.349065850398866,770763.273151323,772346.581176229,1.00205420792617,0,0,0.26,0.14985
8,-100,-0.261799387799149,768083.883916014,769155.307126782,1.00139492994607,0,0,0.27,0.1998
8,-100,-0.174532925199433,765428.321204045,765977.857815026,1.00071794653498,0,0,0.26,0.1998
8,-100,-0.0872664625997165,762796.585015419,762818.611088571,1.00002887542182,0,0,0.28,0.24975
8,-100,0,760188.675350133,759681.414782776,0.999332717542624,0,1,0.31,0.2997
8,-100,0.0872664625997165,757604.592208188,756568.552811805,0.998632480046929,0,1,0.7,0.64935
8,-100,0.174532925199433,755044.335589585,753485.769598386,0.997935795399377,0,1,0.68,0.64935
8,-100,0.261799387799149,752507.905494323,750436.876901738,0.997247831448064,0,1,0.7,0.6993
8,-100,0.349065850398866,749995.301922402,747426.412873353,0.996574793145417,0,1,0.7,0.6993
8,-100,0.436332312998582,747506.524873823,744458.133002565,0.995921919381543,0,1,0.7,0.74925
8,-100,0.523598775598299,745041.574348585,741534.87843105,0.995293288269717,0,1,0.7,0.74925
8,-100,0.610865238198015,742600.450346687,738660.866568345,0.994694880973338,0,1,0.7,0.74925
8,-100,0.698131700797732,740183.152868132,735839.304822514,0.99413138757781,0,1,0.7,0.74925
8,-100,0.785398163397448,737789.681912917,733072.86316705,0.993606824734066,0,1,0.7,0.7992
8,-100,0.872664625997165,735420.037481044,730364.165342679,0.993125191209526,0,1,0.7,0.7992
8,-100,0.959931088596881,733074.219572512,727716.128769706,0.992690929977144,0,1,0.7,0.7992
8,-100,1.0471975511966,730752.228187322,725130.924557495,0.992307510790941,0,1,0.7,0.7992
8,-100,1.13446401379631,728454.063325472,722610.420727332,0.991978021824103,0,1,0.7,0.7992
8,-100,1.22173047639603,726179.724986964,720155.87484421,0.991704739287698,0,1,0.7,0.84915
8,-100,1.30899693899575,723929.213171797,717768.586706559,0.991490015386661,0,1,0.7,0.84915
8,-100,1.39626340159546,721702.527879972,715449.746534685,0.991336068388655,0,1,0.7,0.84915
8,-100,1.48352986419518,719499.669111487,713199.911519055,0.991244252272955,0,1,0.7,0.84915
8,-100,1.5707963267949,717320.636866344,711019.296898764,0.991215448651933,0,1,0.7,0.84915
8,-100,1.65806278939461,715165.431144542,708907.775707963,0.991250058847832,0,1,0.7,0.84915
8,-100,1.74532925199433,713034.051946082,706864.881004239,0.991347999545034,0,1,0.7,0.84915
8,-100,1.83259571459405,710926.499270963,704889.810551381,0.991508702058831,0,1,0.7,0.84915
8,-100,1.91986217719376,708842.773119185,702981.433914307,0.991731115238594,0,1,0.7,0.84915
8,-100,2.00712863979348,706782.873490748,701138.301909546,0.992013711999948,0,1,0.7,0.84915
8,-100,2.0943951023932,704746.800385653,699358.658340635,0.992354499457011,0,1,0.7,0.84915
8,-100,2.18166156499291,702734.553803898,697640.453933991,0.992751032602093,0,1,0.7,0.84915
8,-100,2.26892802759263,700746.133745485,695981.362377381,0.993200431456343,0,1,0.7,0.84915
8,-100,2.35619449019234,698781.540210414,694378.798349895,0.993699401590956,0,1,0.7,0.84915
8,-100,2.44346095279206,696840.773198684,692829.937419543,0.994244257894483,0,1,0.7,0.84915
8,-100,2.53072741539178,694923.832710294,691331.553002119,0.99483068569664,0,1,0.7,0.7992
8,-100,2.61799387799149,693030.718745247,689880.172049945,0.995453958085717,0,1,0.7,0.7992
8,-100,2.70526034059121,691161.43130354,688472.758395558,0.996109920510306,0,1,0.7,0.7992
8,-100,2.79252680319093,689315.970385175,687105.473058335,0.996793201634942,0,1,0.7,0.74925
8,-100,2.87979326579064,687494.335990151,685774.506619881,0.997498409397376,0,1,0.7,0.74925
8,-100,2.96705972839036,685696.528118468,684476.125042564,0.998220199423713,0,1,0.7,0.6993
8,-100,3.05432619099008,683922.546770126,683206.474493701,0.998952992148297,0,1,0.68,0.64935
8,-60,-3.14159265358979,345181.032569276,233037.436649324,0.675116575539401,1,1,-0.64,-0.7992
8,-60,-3.05432619099008,342777.593148492,342836.514116437,1.00017189270572,0,0,0.28,0.24975
8,-60,-2.96705972839036,340397.980251049,340805.049446304,1.00119586254582,0,0,0.26,0.1998
8,-60,-2.87979326579064,338042.193876947,338789.779920005,1.00221151695439,0,0,0.26,0.14985
8,-60,-2.79252680319093,335710.234026187,336788.10775108,1.00321072644097,0,0,0.26,0.14985
8,-60,-2.70526034059121,333402.100698768,334797.663366347,1.00418582445838,0,0,0.26,0.0999
8,-60,-2.61799387799149,331117.793894691,332816.175614133,1.00512923724052,0,0,0.25,0.04995
8,-60,-2.53072741539178,328857.313613954,330841.281255237,1.00603291323973,0,0,0.25,0.04995
8,-60,-2.44346095279206,326620.659856559,328871.176152904,1.00689030601228,0,0,0.25,0
8,-60,-2.35619449019234,324407.832622505,326903.742117331,1.00769373992807,0,0,0.25,0
8,-60,-2.26892802759263,322218.831911792,324937.497111505,1.00843732560131,0,0,0.25,0
8,-60,-2.18166156499291,320053.657724421,322970.690393657,1.00911419881896,0,0,0.25,-0.04995
8,-60,-2.0943951023932,317912.310060391,321002.077187765,1.00971892886685,0,0,0.25,-0.04995
8,-60,-2.00712863979348,315794.788919702,319030.545091552,1.01024638874796,0,0,0.25,-0.04995
8,-60,-1.91986217719376,313701.094302354,317055.069346376,1.01069162685416,0,0,0.24,-0.0999
8,-60,-1.83259571459405,311631.226208348,315074.936784594,1.01105059534035,0,0,0.24,-0.0999
8,-60,-1.74532925199433,309585.184637683,313089.680122059,1.01131997155638,0,0,0.24,-0.0999
8,-60,-1.65806278939461,307562.969590359,311099.003050294,1.0114969414707,0,0,0.24,-0.0999
8,-60,-1.5707963267949,305564.581066377,309102.837970784,1.01157940783601,0,0,0.24,-0.0999
8,-60,-1.48352986419518,303590.019065736,307101.345489742,1.01156601404359,0,0,0.24,-0.0999
8,-60,-1.39626340159546,301639.283588436,305094.912043588,1.01145616185678,0,0,0.24,-0.0999
8,-60,-1.30899693899575,299712.374634477,303084.058521919,1.01124973198572,0,0,0.25,-0.04995
8,-60,-1.22173047639603,297809.292203859,301069.629874825,1.01094773654253,0,0,0.24,-0.04995
8,-60,-1.13446401379631,295930.036296583,299052.677691416,1.01055195827335,0,0,0.24,-0.04995
8,-60,-1.0471975511966,294074.606912648,297034.435225107,1.01006488912298,0,0,0.25,0
8,-60,-0.959931088596881,292243.004052055,295016.126002966,1.00948909610311,0,0,0.25,0
8,-60,-0.872664625997165,290435.227714802,292999.5322516,1.00882917873625,0,0,0.25,0
8,-60,-0.785398163397448,288651.277900891,290986.297805486,1.00808941474839,0,0,0.25,0.04995
8,-60,-0.698131700797732,286891.154610321,288978.23634135,1.00727482077258,0,0,0.25,0.04995
8,-60,-0.610865238198015,285154.857843093,286977.572053307,1.00639201528602,0,0,0.25,0.04995
8,-60,-0.523598775598299,283442.387599205,284986.11067534,1.00544633810493,0,0,0.25,0.0999
8,-60,-0.436332312998582,281753.743878659,283006.423256969,1.00444600792545,0,0,0.25,0.0999
8,-60,-0.349065850398866,280088.926681454,281040.512877854,1.00339744311807,0,0,0.26,0.14985
8,-60,-0.261799387799149,278447.936007591,279091.034341337,1.00230958197416,0,0,0.27,0.1998
8,-60,-0.174532925199433,276830.771857069,277160.132746707,1.00118975534197,0,0,0.26,0.1998
8,-60,-0.0872664625997165,275237.434229888,275250.469903119,1.00004736155628,0,0,0.28,0.24975
8,-60,0,273667.923126048,273364.367025477,0.998890786698333,0,1,0.31,0.2997
8,-60,0.0872664625997165,272122.238545549,271503.29591511,0.997725497799269,0,1,0.7,0.64935
8,-60,0.174532925199433,270600.380488392,269670.501388554,0.996563644522008,0,1,0.68,0.64935
8,-60,0.261799387799149,269102.348954576,267868.378864476,0.995414495284438,0,1,0.7,0.6993
8,-60,0.349065850398866,267628.143944101,266099.541905532,0.994288335987234,0,1,0.7,0.6993
8,-60,0.436332312998582,266177.765456968,264366.251487463,0.993194345266235,0,1,0.7,0.6993
8,-60,0.523598775598299,264751.213493176,262670.135843235,0.992139497218981,0,1,0.7,0.74925
8,-60,0.610865238198015,263348.488052725,261013.646297868,0.991134022556495,0,1,0.7,0.74925
8,-60,0.698131700797732,261969.589135615,259398.640012837,0.990186077967059,0,1,0.7,0.74925
8,-60,0.785398163397448,260614.516741847,257826.584811803,0.989302468776879,1,1,0.7,0.7992
8,-60,0.872664625997165,259283.27087142,256299.04249357,0.988490470797362,1,1,0.7,0.7992
8,-60,0.959931088596881,257975.851524334,254817.622719325,0.987757657213465,1,1,0.7,0.7992
8,-60,1.0471975511966,256692.25870059,253383.520780225,0.987110098539342,1,1,0.7,0.7992
8,-60,1.13446401379631,255432.492400186,251997.721632692,0.986553117282696,1,1,0.7,0.84915
8,-60,1.22173047639603,254196.552623124,250660.727375741,0.98609019197587,1,1,0.7,0.84915
8,-60,1.30899693899575,252984.439369403,249373.547445482,0.98572682204122,1,1,0.7,0.84915
8,-60,1.39626340159546,251796.152639024,248136.608588,0.985466243178582,1,1,0.7,0.84915
8,-60,1.48352986419518,250631.692431986,246950.136911544,0.985310893906841,1,1,0.7,0.84915
8,-60,1.5707963267949,249491.058748289,245814.157658177,0.985262393335622,1,1,0.7,0.84915
8,-60,1.65806278939461,248374.251587933,244728.496396195,0.985321525204686,1,1,0.7,0.84915
8,-60,1.74532925199433,247281.270950919,243692.781609748,0.985488228334598,1,1,0.7,0.84915
8,-60,1.83259571459405,246212.116837245,242706.448655361,0.985761593592887,1,1,0.7,0.84915
8,-60,1.91986217719376,245166.789246914,241768.730402254,0.986139807699494,1,1,0.7,0.8991
8,-60,2.00712863979348,244145.288179923,240878.696387939,0.986620295577538,1,1,0.7,0.8991
8,-60,2.0943951023932,243147.613636274,240035.302617435,0.987199911311923,1,1,0.7,0.8991
8,-60,2.18166156499291,242173.765615965,239237.214526969,0.987874198175315,1,1,0.7,0.84915
8,-60,2.26892802759263,241223.744118999,238483.002362683,0.988638175871428,1,1,0.7,0.84915
8,-60,2.35619449019234,240297.549145373,237771.111766466,0.989486212456629,1,1,0.7,0.84915
8,-60,2.44346095279206,239395.180695089,237099.842583764,0.990411928491377,0,1,0.7,0.84915
8,-60,2.53072741539178,238516.638768146,236467.376737246,0.991408305762303,0,1,0.7,0.84915
8,-60,2.61799387799149,237661.923364544,235871.792124198,0.992467740667066,0,1,0.7,0.84915
8,-60,2.70526034059121,236831.034484283,235310.830945678,0.993581062794766,0,1,0.7,0.7992
8,-60,2.79252680319093,236023.972127364,234782.517554775,0.994740133549152,0,1,0.7,0.7992
8,-60,2.87979326579064,235240.736293786,234284.586915626,0.995935443013722,0,1,0.7,0.74925
8,-60,2.96705972839036,234481.326983549,233814.83158989,0.997157575819648,0,1,0.7,0.6993
8,-60,3.05432619099008,233745.744196654,233370.872665433,0.99839624232514,0,1,0.68,0.64935
8,-40,-3.14159265358979,174452.12339322,99689.0749673223,0.571440880330361,1,1,-0.01,0
8,-40,-3.05432619099008,172567.883253159,172584.32265969,1.00009526341878,0,0,0.28,0.24975
8,-40,-2.96705972839036,170707.469636439,170966.947997446,1.00152001761586,0,0,0.26,0.1998
8,-40,-2.87979326579064,168870.882543061,169367.6200796,1.00294152271285,0,0,0.27,0.1998
8,-40,-2.79252680319093,167058.121973024,167784.50159084,1.00434806526757,0,0,0.26,0.14985
8,-40,-2.70526034059121,165269.187926328,166216.081823188,1.00572940370036,0,0,0.25,0.0999
8,-40,-2.61799387799149,163504.080402973,164660.595845034,1.00707331241649,0,0,0.26,0.0999
8,-40,-2.53072741539178,161762.799402959,163116.683449269,1.00836956365312,0,0,0.25,0.04995
8,-40,-2.44346095279206,160045.344926287,161582.867346586,1.00960679250626,0,0,0.25,0.04995
8,-40,-2.35619449019234,158351.716972957,160057.9843096,1.01077517420879,0,0,0.25,0
8,-40,-2.26892802759263,156681.915542967,158540.717700129,1.01186353990325,0,0,0.25,0
8,-40,-2.18166156499291,155035.940636318,157030.215447285,1.01286330642289,0,0,0.25,0
8,-40,-2.0943951023932,153413.792253011,155525.550076861,1.0137651106386,0,0,0.24,-0.04995
8,-40,-2.00712863979348,151815.470393046,154025.894653644,1.01455994079441,0,0,0.24,-0.04995
8,-40,-1.91986217719376,150240.975056421,152530.746691037,1.01524066010458,0,0,0.25,-0.04995
8,-40,-1.83259571459405,148690.306243138,151039.665426768,1.01580035204036,0,0,0.25,-0.04995
8,-40,-1.74532925199433,147163.463953196,149552.357307889,1.01623292419546,0,0,0.25,-0.04995
8,-40,-1.65806278939461,145660.448186595,148068.688249922,1.0165332462814,0,0,0.25,-0.04995
8,-40,-1.5707963267949,144181.258943336,146588.683939731,1.016697211649,0,0,0.25,-0.04995
8,-40,-1.48352986419518,142725.896223417,145112.528619063,1.01672178951961,0,0,0.25,-0.04995
8,-40,-1.39626340159546,141294.36002684,143640.562528595,1.01660506832197,0,0,0.25,-0.04995
8,-40,-1.30899693899575,139886.650353605,142173.267416767,1.01634621357636,0,0,0.24,-0.04995
8,-40,-1.22173047639603,138502.76720371,140711.290914691,1.01594570098179,0,0,0.24,-0.04995
8,-40,-1.13446401379631,137142.710577157,139255.413210874,1.01540513983445,0,0,0.24,-0.04995
8,-40,-1.0471975511966,135806.480473945,137806.425632995,1.01472643390853,0,0,0.25,0
8,-40,-0.959931088596881,134494.076894075,136365.46754941,1.01391429792711,0,0,0.25,0
8,-40,-0.872664625997165,133205.499837545,134933.697738608,1.01297392302248,0,0,0.25,0
8,-40,-0.785398163397448,131940.749304357,133512.21790075,1.0119104113375,0,0,0.25,0.04995
8,-40,-0.698131700797732,130699.82529451,132102.487487293,1.01073193624874,0,0,0.25,0.04995
8,-40,-0.610865238198015,129482.727808005,130705.940294137,1.00944691625547,0,0,0.25,0.0999
8,-40,-0.523598775598299,128289.45684484,129323.928228093,1.00806357286635,0,0,0.25,0.0999
8,-40,-0.436332312998582,127120.012405017,127958.184491972,1.00659354944275,0,0,0.26,0.14985
8,-40,-0.349065850398866,125974.394488536,126610.119770683,1.00504646428132,0,0,0.26,0.14985
8,-40,-0.261799387799149,124852.603095395,125281.53899063,1.00343553826352,0,0,0.27,0.1998
8,-40,-0.174532925199433,123754.638225596,123973.911254564,1.00177183685486,0,0,0.26,0.1998
8,-40,-0.0872664625997165,122680.499879138,122689.040352408,1.0000696155728,0,0,0.28,0.24975
8,-40,0,121630.188056021,121428.484188843,0.998341662786173,0,1,0.31,0.2997
8,-40,0.0872664625997165,120603.702756246,120193.308508778,0.9965971671011,0,1,0.7,0.64935
8,-40,0.174532925199433,119601.043979812,118985.508325654,0.994853425742156,0,1,0.68,0.64935
8,-40,0.261799387799149,118622.211726719,117806.770887861,0.993125732297622,0,1,0.7,0.6993
8,-40,0.349065850398866,117667.205996967,116658.747463638,0.991429570161164,0,1,0.7,0.6993
8,-40,0.436332312998582,116736.026790557,115542.940138379,0.989779619154601,1,1,0.7,0.6993
8,-40,0.523598775598299,115828.674107488,114460.405591343,0.988187134777397,1,1,0.7,0.74925
8,-40,0.610865238198015,114945.14794776,113412.677204646,0.986667808337503,1,1,0.7,0.74925
8,-40,0.698131700797732,114085.448311373,112400.948650014,0.985234754420552,1,1,0.7,0.74925
8,-40,0.785398163397448,113249.575198328,111426.086676195,0.983898495699081,1,1,0.7,0.7992
8,-40,0.872664625997165,112437.528608624,110489.122111031,0.982671208432779,1,1,0.7,0.7992
8,-40,0.959931088596881,111649.308542261,109591.010736151,0.981564616628762,1,1,0.7,0.7992
8,-40,1.0471975511966,110884.914999239,108732.459933606,0.980588386926681,1,1,0.7,0.7992
8,-40,1.13446401379631,110144.347979559,107913.866214112,0.979749466891742,1,1,0.7,0.84915
8,-40,1.22173047639603,109427.60748322,107135.794683523,0.979056356504467,1,1,0.7,0.84915
8,-40,1.30899693899575,108734.693510222,106398.668856959,0.978516289715356,1,1,0.7,0.84915
8,-40,1.39626340159546,108065.606060566,105702.680656673,0.978134343663715,1,1,0.7,0.84915
8,-40,1.48352986419518,107420.345134251,105047.890649805,0.977914290989469,1,1,0.7,0.84915
8,-40,1.5707963267949,106798.910731277,104434.188515401,0.977858180390759,1,1,0.7,0.8991
8,-40,1.65806278939461,106201.302851644,103861.273140329,0.977966092237271,1,1,0.7,0.8991
8,-40,1.74532925199433,105627.521495353,103328.998753069,0.978239357416102,1,1,0.7,0.8991
8,-40,1.83259571459405,105077.566662403,102836.919518122,0.978676255879815,1,1,0.7,0.8991
8,-40,1.91986217719376,104551.438352794,102384.471689266,0.979273679084019,1,1,0.7,0.8991
8,-40,2.00712863979348,104049.136566526,101970.978749187,0.980027149807148,1,1,0.7,0.8991
8,-40,2.0943951023932,103570.6613036,101595.657265886,0.980930854231734,1,1,0.7,0.8991
8,-40,2.18166156499291,103116.012564015,101257.623426209,0.98197768618475,1,1,0.7,0.8991
8,-40,2.26892802759263,102685.190347771,100955.900204961,0.983159303333291,1,1,0.7,0.8991
8,-40,2.35619449019234,102278.194654868,100689.425126072,0.984466195026636,1,1,0.7,0.8991
8,-40,2.44346095279206,101895.025485307,100457.05857011,0.985887761366675,1,1,0.7,0.8991
8,-40,2.53072741539178,101535.682839087,100257.592580009,0.987412402976565,1,1,0.7,0.8991
8,-40,2.61799387799149,101200.166716208,100089.760114216,0.989027620822939,1,1,0.7,0.8991
8,-40,2.70526034059121,100888.477116671,99952.1532422546,0.990719218872404,0,1,0.7,0.84915
8,-40,2.79252680319093,100600.614040475,99843.4001042254,0.992473068445242,0,1,0.7,0.84915
8,-40,2.87979326579064,100336.57748762,99762.103834869,0.994274534101768,0,1,0.7,0.7992
8,-40,2.96705972839036,100096.367458106,99706.7287208164,0.996107363861603,0,1,0.7,0.74925
8,-40,3.05432619099008,99879.9839519337,99675.6940747552,0.997954646475747,0,1,0.53,0.54945
8,-30,-3.14159265358979,111893.329065696,55810.8419822197,0.498786142554142,1,1,-0.7,0.999
8,-30,-3.05432619099008,110268.688565996,110263.88719182,0.999956457501774,0,1,0.28,0.24975
8,-30,-2.96705972839036,108667.874589638,108853.55753352,1.0017087197535,0,0,0.26,0.1998
8,-30,-2.87979326579064,107090.887136621,107462.163162655,1.00346692455316,0,0,0.27,0.1998
8,-30,-2.79252680319093,105537.726206946,106088.358771224,1.0052174002991,0,0,0.26,0.14985
8,-30,-2.70526034059121,104008.391800611,104730.877550011,1.00694641785044,0,0,0.26,0.14985
8,-30,-2.61799387799149,102502.883917618,103388.453347183,1.00863945867393,0,0,0.25,0.0999
8,-30,-2.53072741539178,101021.202557966,102059.976224853,1.0102827291755,0,0,0.26,0.0999
8,-30,-2.44346095279206,99563.3477216556,100744.342165978,1.01186173899681,0,0,0.25,0.04995
8,-30,-2.35619449019234,98129.3194086862,99440.6248597821,1.01336303419811,0,0,0.25,0.04995
8,-30,-2.26892802759263,96719.1176190581,98147.9882549449,1.01477340438024,0,0,0.25,0
8,-30,-2.18166156499291,95332.7423527713,96865.5522799377,1.01607852548177,0,0,0.25,0
8,-30,-2.0943951023932,93970.1936098257,95592.7926841041,1.01726716751288,0,0,0.25,0
8,-30,-2.00712863979348,92631.4713902214,94329.1613484689,1.01832735605695,0,0,0.25,0
8,-30,-1.91986217719376,91316.5756939584,93074.2022311391,1.01924761768412,0,0,0.24,-0.04995
8,-30,-1.83259571459405,90025.5065210366,91827.6119655278,1.02001772068975,0,0,0.24,-0.04995
8,-30,-1.74532925199433,88758.2638714561,90589.2583002528,1.02062900229153,0,0,0.24,-0.04995
8,-30,-1.65806278939461,87514.8477452169,89359.0882272349,1.02107345815635,0,0,0.24,-0.04995
8,-30,-1.5707963267949,86295.2581423189,88137.1739241511,1.02134434523383,0,0,0.24,-0.04995
8,-30,-1.48352986419518,85099.4950627623,86923.711183982,1.02143627432659,0,0,0.24,-0.04995
8,-30,-1.39626340159546,83927.5585065468,85719.0167709462,1.02134529225296,0,0,0.24,-0.04995
8,-30,-1.30899693899575,82779.4484736726,84523.5247307814,1.02106895237003,0,0,0.24,-0.04995
8,-30,-1.22173047639603,81655.1649641397,83337.772522133,1.0206062599804,0,0,0.25,0
8,-30,-1.13446401379631,80554.7079779481,82162.3551276614,1.01995720908272,0,0,0.25,0
8,-30,-1.0471975511966,79478.0775150977,80998.0810974427,1.01912481567079,0,0,0.25,0
8,-30,-0.959931088596881,78425.2735755886,79845.7985831368,1.0181131023557,0,0,0.25,0
8,-30,-0.872664625997165,77396.2961594208,78706.4040565012,1.01692726864322,0,0,0.25,0.04995
8,-30,-0.785398163397448,76391.1452665942,77580.8382088866,1.01557370213708,0,0,0.25,0.04995
8,-30,-0.698131700797732,75409.8208971089,76470.2733207682,1.0140625240989,0,0,0.25,0.04995
8,-30,-0.610865238198015,74452.3230509648,75375.7795120264,1.01240332636,0,0,0.25,0.0999
8,-30,-0.523598775598299,73518.651728162,74298.4972649742,1.01060745155795,0,0,0.25,0.0999
8,-30,-0.436332312998582,72608.8069287005,73239.7221901381,1.00868923878693,0,0,0.26,0.14985
8,-30,-0.349065850398866,71722.7886525803,72200.5834776015,1.00666168778428,0,0,0.26,0.14985
8,-30,-0.261799387799149,70860.5968998013,71182.4515757802,1.00454208248392,0,0,0.27,0.1998
8,-30,-0.174532925199433,70022.2316703636,70186.4607689957,1.0023453850972,0,0,0.26,0.1998
8,-30,-0.0872664625997165,69207.6929642671,69213.9858375573,1.00009092736689,0,0,0.28,0.24975
8,-30,0,68416.9807815119,68266.2026370438,0.997796188274522,0,1,0.27,0.24975
8,-30,0.0872664625997165,67650.095122098,67343.9750661158,0.995474950102734,0,1,0.7,0.64935
8,-30,0.174532925199433,66907.0359860254,66448.6719379375,0.993149239966577,0,1,0.69,0.64935
8,-30,0.261799387799149,66187.803373294,65581.6271600577,0.990841572278543,0,1,0.7,0.6993
8,-30,0.349065850398866,65492.3972839038,64744.0105031951,0.988572921258867,1,1,0.7,0.6993
8,-30,0.436332312998582,64820.817717855,63936.9447243404,0.986364365266698,1,1,0.7,0.6993
8,-30,0.523598775598299,64173.0646751474,63161.2007259012,0.984232263888776,1,1,0.7,0.74925
8,-30,0.610865238198015,63549.138155781,62417.8529185388,0.982198259959576,1,1,0.7,0.74925
8,-30,0.698131700797732,62949.038159756,61707.7632291069,0.980281272487454,1,1,0.7,0.74925
8,-30,0.785398163397448,62372.7646870722,61031.4978688948,0.978495953724248,1,1,0.7,0.7992
8,-30,0.872664625997165,61820.3177377297,60389.8221802663,0.976860430198172,1,1,0.7,0.7992
8,-30,0.959931088596881,61291.6973117284,59783.3650050676,0.975390919605483,1,1,0.7,0.7992
8,-30,1.0471975511966,60786.9034090684,59212.5480861635,0.9741004190934,1,1,0.7,0.84915
8,-30,1.13446401379631,60305.9360297496,58677.5987653253,0.972998723316042,1,1,0.7,0.84915
8,-30,1.22173047639603,59848.7951737722,58178.9885979173,0.972099579097516,1,1,0.7,0.84915
8,-30,1.30899693899575,59415.480841136,57716.889823202,0.971411642321374,1,1,0.7,0.84915
8,-30,1.39626340159546,59005.993031841,57291.376951514,0.970941662156219,1,1,0.7,0.84915
8,-30,1.48352986419518,58620.3317458874,56902.2391911505,0.970691183356235,1,1,0.7,0.8991
8,-30,1.5707963267949,58258.4969832749,56549.5543365364,0.970666207759718,1,1,0.7,0.8991
8,-30,1.65806278939461,57920.4887440038,56233.1310875889,0.97086768960337,1,1,0.7,0.8991
8,-30,1.74532925199433,57606.3070280739,55952.6695545763,0.971294159288987,1,1,0.7,0.8991
8,-30,1.83259571459405,57315.9518354853,55707.783164143,0.971942040220178,1,1,0.7,0.8991
8,-30,1.91986217719376,57049.4231662379,55497.9887807448,0.972805432563755,1,1,0.7,0.94905
8,-30,2.00712863979348,56806.7210203318,55322.6101048627,0.973874378087445,1,1,0.7,0.94905
8,-30,2.0943951023932,56587.845397767,55181.1980011638,0.975142234401829,1,1,0.7,0.94905
8,-30,2.18166156499291,56392.7962985435,55073.0625233657,0.976597475886971,1,1,0.7,0.94905
8,-30,2.26892802759263,56221.5737226612,54997.442127628,0.978226657242435,1,1,0.67,0.94905
8,-30,2.35619449019234,56074.1776701202,54953.4764808464,0.980013952306769,1,1,0.62,0.94905
8,-30,2.44346095279206,55950.6081409204,54940.2887535047,0.981942655835463,1,1,0.55,0.94905
8,-30,2.53072741539178,55850.8651350619,54956.950893721,0.983994621405072,1,1,0.46,0.94905
8,-30,2.61799387799149,55774.9486525447,55002.4740546607,0.986150151339517,1,1,0.34,0.94905
8,-30,2.70526034059121,55722.8586933687,55075.7967840903,0.988387855101996,1,1,0.18,0.94905
8,-30,2.79252680319093,55694.595257534,55175.0973989182,0.990672382908724,0,1,-0.7,0.999
8,-30,2.87979326579064,55690.1583450406,55297.0940825511,0.992941943887927,0,1,-0.7,0.999
8,-30,2.96705972839036,55709.5479558884,55444.3938128498,0.995240418334599,0,1,-0.7,0.999
8,-30,3.05432619099008,55752.7640900775,55615.9799219673,0.997546593960987,0,1,-0.7,0.999
8,-20,-3.14159265358979,64538.3082451746,27116.3813102371,0.420159468810751,1,1,-0.7,0.64935
8,-20,-3.05432619099008,63173.2673858367,63147.2252309532,0.999587766218828,0,1,0.28,0.24975
8,-20,-2.96705972839036,61832.05304984,61943.9405765981,1.00180953924768,0,0,0.26,0.1998
8,-20,-2.87979326579064,60514.6652371846,60760.4775626578,1.00406202900586,0,0,0.26,0.1998
8,-20,-2.79252680319093,59221.1039478704,59595.9884502208,1.00633025184198,0,0,0.27,0.1998
8,-20,-2.70526034059121,57951.3691818975,58449.4144866798,1.00859419392179,0,0,0.26,0.14985
8,-20,-2.61799387799149,56705.4609392659,57320.0452330297,1.01083818531027,0,0,0.26,0.14985
8,-20,-2.53072741539178,55483.3792199755,56206.964433061,1.01304147698389,0,0,0.25,0.0999
8,-20,-2.44346095279206,54285.1240240264,55109.5140113138,1.01518629646904,0,0,0.26,0.0999
8,-20,-2.35619449019234,53110.6953514186,54027.0085507982,1.01725289404171,0,0,0.25,0.04995
8,-20,-2.26892802759263,51960.093202152,52958.8419897256,1.01922145873927,0,0,0.25,0.04995
8,-20,-2.18166156499291,50833.3175762267,51904.5802718058,1.02107402677334,0,0,0.25,0.04995
8,-20,-2.0943951023932,49730.3684736426,50863.7863691854,1.02279126277022,0,0,0.25,0
8,-20,-2.00712863979348,48651.2458943999,49836.0663843049,1.02435334323147,0,0,0.25,0
8,-20,-1.91986217719376,47595.9498384983,48821.2555685233,1.02574390750017,0,0,0.25,0
8,-20,-1.83259571459405,46564.4803059381,47819.1983038603,1.02694581770651,0,0,0.25,0
8,-20,-1.74532925199433,45556.8372967191,46829.8310210226,1.02794297848229,0,0,0.25,0
8,-20,-1.65806278939461,44573.0208108414,45853.181935213,1.02872053769486,0,0,0.25,0
8,-20,-1.5707963267949,43613.030848305,44889.3699461215,1.02926508598441,0,0,0.25,0
8,-20,-1.48352986419518,42676.8674091098,43938.6027106609,1.02956485276803,0,0,0.25,0
8,-20,-1.39626340159546,41764.5304932559,43001.1739070952,1.02960989622615,0,0,0.25,0
8,-20,-1.30899693899575,40876.0201007432,42077.4597192352,1.02939228465812,0,0,0.25,0
8,-20,-1.22173047639603,40011.3362315718,41167.9145791538,1.02890626648628,0,0,0.25,0
8,-20,-1.13446401379631,39170.4788857417,40273.0662162116,1.02814842610646,0,0,0.25,0
8,-20,-1.0471975511966,38353.4480632529,39393.5100688932,1.02711782272939,0,0,0.25,0
8,-20,-0.959931088596881,37560.2437641053,38529.8746051539,1.02581535005838,0,0,0.25,0.04995
8,-20,-0.872664625997165,36790.865988299,37682.8463991261,1.02424461579977,0,0,0.25,0.04995
8,-20,-0.785398163397448,36045.3147358339,36853.2320240255,1.02241393351987,0,0,0.25,0.04995
8,-20,-0.698131700797732,35323.5900067101,36041.8326612462,1.02033322927821,0,0,0.25,0.04995
8,-20,-0.610865238198015,34625.6918009276,35249.3922369186,1.01801264909238,0,0,0.25,0.0999
8,-20,-0.523598775598299,33951.6201184863,34476.8398088577,1.01546965030059,0,0,0.25,0.0999
8,-20,-0.436332312998582,33301.3749593863,33725.0333953064,1.01272195026292,0,0,0.26,0.14985
8,-20,-0.349065850398866,32674.9563236276,32994.8206915224,1.00978928218685,0,0,0.26,0.14985
8,-20,-0.261799387799149,32072.3642112101,32287.1376679334,1.00669652711939,0,0,0.27,0.1998
8,-20,-0.174532925199433,31493.5986221339,31602.7837904306,1.00346690035669,0,0,0.26,0.1998
8,-20,-0.0872664625997165,30938.659556399,30942.7048297087,1.00013075140836,0,0,0.28,0.24975
8,-20,0,30407.5470140053,30307.6867237039,0.996715937321236,0,1,0.27,0.24975
8,-20,0.0872664625997165,29900.2609949529,29698.4151304565,0.993249361116598,0,1,0.7,0.64935
8,-20,0.174532925199433,29416.8014992418,29115.6059079157,0.989761103315945,1,1,0.69,0.64935
8,-20,0.261799387799149,28957.1685268719,28560.2569392569,0.98629314923361,1,1,0.7,0.6993
8,-20,0.349065850398866,28521.3620778433,28033.0470497547,0.982878972373203,1,1,0.7,0.6993
8,-20,0.436332312998582,28109.3821521559,27534.7228173049,0.979556315690597,1,1,0.7,0.6993
8,-20,0.523598775598299,27721.2287498099,27065.769367462,0.976355327238069,1,1,0.7,0.74925
8,-20,0.610865238198015,27356.9018708051,26626.8021394342,0.973312046268296,1,1,0.7,0.74925
8,-20,0.698131700797732,27016.4015151415,26218.3513152022,0.97046052933837,1,1,0.7,0.74925
8,-20,0.785398163397448,26699.7276828192,25840.6825685975,0.967825697534191,1,1,0.7,0.7992
8,-20,0.872664625997165,26406.8803738382,25494.2957565037,0.965441407526556,1,1,0.7,0.7992
8,-20,0.959931088596881,26137.8595881985,25179.4838865818,0.963333810927299,1,1,0.7,0.84915
8,-20,1.0471975511966,25892.6653259,24896.3096295689,0.961519770800327,1,1,0.7,0.84915
8,-20,1.13446401379631,25671.2975869428,24645.1048235416,0.960025676149573,1,1,0.7,0.84915
8,-20,1.22173047639603,25473.7563713268,24425.9353868344,0.958866648121367,1,1,0.7,0.8991
8,-20,1.30899693899575,25300.0416790521,24238.6696100699,0.95804860393329,1,1,0.7,0.8991
8,-20,1.39626340159546,25150.1535101187,24083.4538952655,0.957586755308512,1,1,0.7,0.8991
8,-20,1.48352986419518,25024.0918645265,23960.1767690593,0.957484367415732,1,1,0.68,0.8991
8,-20,1.5707963267949,24921.8567422756,23868.4536873608,0.957731758680409,1,1,0.7,0.94905
8,-20,1.65806278939461,24843.448143366,23808.2449633514,0.958330938038848,1,1,0.63,0.94905
8,-20,1.74532925199433,24788.8660677976,23779.0972382631,0.959265227107492,1,1,0.51,0.94905
8,-20,1.83259571459405,24758.1105155705,23780.567959895,0.960516269807394,1,1,0.36,0.94905
8,-20,1.91986217719376,24751.1814866847,23812.1332794216,0.962060469405539,1,1,0.17,0.94905
8,-20,2.00712863979348,24768.0789811401,23873.172235883,0.963868544430168,1,1,0.06,0.999
8,-20,2.0943951023932,24808.8029989369,23961.493402838,0.965846413624424,1,1,-0.6,0.999
8,-20,2.18166156499291,24873.3535400748,24077.2041664839,0.96799187643483,1,1,-0.7,0.999
8,-20,2.26892802759263,24961.730604554,24221.6969758268,0.970353272357156,1,1,-0.7,0.999
8,-20,2.35619449019234,25073.9341923745,24394.4949125694,0.972902565884065,1,1,-0.7,0.999
8,-20,2.44346095279206,25209.9643035363,24595.024018978,0.975607252864218,1,1,-0.7,0.999
8,-20,2.53072741539178,25369.8209380393,24822.6905638832,0.978433810175785,1,1,-0.7,0.999
8,-20,2.61799387799149,25553.5040958836,25076.8856354392,0.981348215154522,1,1,-0.7,0.999
8,-20,2.70526034059121,25761.0137770692,25356.9897886431,0.984316456179776,1,1,-0.7,0.999
8,-20,2.79252680319093,25992.349981596,25661.0909083603,0.987255516585833,1,1,-0.7,0.7992
8,-20,2.87979326579064,26247.5127094641,25989.5742416217,0.99017284149178,0,1,-0.7,0.74925
8,-20,2.96705972839036,26526.5019606734,26342.0068271031,0.993044875127377,0,1,-0.7,0.6993
8,-20,3.05432619099008,26829.317735224,26717.8139812864,0.995843958648592,0,1,-0.7,0.64935
8,-15,-3.14159265358979,46562.21290004,18469.942928961,0.39667236109702,1,1,-0.7,0.64935
8,-15,-3.05432619099008,45326.9718608828,45290.3073224295,0.999191109907677,0,1,0.27,0.24975
8,-15,-2.96705972839036,44115.5573450668,44190.5265663133,1.00169938284266,0,0,0.28,0.24975
8,-15,-2.87979326579064,42927.9693525922,43111.0446968643,1.00426471009538,0,0,0.26,0.1998
8,-15,-2.79252680319093,41764.2078834588,42051.1605012761,1.00687077840954,0,0,0.27,0.1998
8,-15,-2.70526034059121,40624.2729376666,41010.0980201402,1.0094974027736,0,0,0.26,0.14985
8,-15,-2.61799387799149,39508.1645152158,39987.1924893114,1.01212478433189,0,0,0.26,0.14985
8,-15,-2.53072741539178,38415.8826161061,38981.8663849589,1.01473306690643,0,0,0.25,0.0999
8,-15,-2.44346095279206,37347.4272403378,37993.4533546229,1.01729774075541,0,0,0.25,0.0999
8,-15,-2.35619449019234,36302.7983879107,37021.5459660916,1.01979868247348,0,0,0.26,0.0999
8,-15,-2.26892802759263,35281.9960588249,36065.6739022272,1.02221183410643,0,0,0.25,0.04995
8,-15,-2.18166156499291,34285.0202530804,35125.4282607108,1.02451239641764,0,0,0.25,0.04995
8,-15,-2.0943951023932,33311.8709706771,34200.5731570008,1.02667824293346,0,0,0.25,0.04995
8,-15,-2.00712863979348,32362.5482116151,33290.8766745369,1.02868527091413,0,0,0.25,0.04995
8,-15,-1.91986217719376,31437.0519758943,32396.1817559738,1.03050953317171,0,0,0.25,0.04995
8,-15,-1.83259571459405,30535.3822635148,31516.3637962224,1.03212606032706,0,0,0.25,0
8,-15,-1.74532925199433,29657.5390744766,30651.4704239457,1.03351361510384,0,0,0.25,0
8,-15,-1.65806278939461,28803.5224087797,29801.5716024636,1.03465024796341,0,0,0.25,0
8,-15,-1.5707963267949,27973.332266424,28966.8094404275,1.03551515295144,0,0,0.25,0
8,-15,-1.48352986419518,27166.9686474096,28147.3973026508,1.03608899719236,0,0,0.25,0
8,-15,-1.39626340159546,26384.4315517364,27343.6170307965,1.0363542218895,0,0,0.25,0
8,-15,-1.30899693899575,25625.7209794045,26555.8155176566,1.0362953510264,0,0,0.25,0
8,-15,-1.22173047639603,24890.8369304139,25784.4006727902,1.03589930482749,0,0,0.25,0
8,-15,-1.13446401379631,24179.7794047645,25029.8368256127,1.03515571447607,0,0,0.25,0
8,-15,-1.0471975511966,23492.5484024564,24292.6017495579,1.03405562195278,0,0,0.25,0.04995
8,-15,-0.959931088596881,22829.1439234896,23573.2804614442,1.03259590199477,0,0,0.25,0.04995
8,-15,-0.872664625997165,22189.565967864,22872.4826355646,1.03077647704735,0,0,0.25,0.04995
8,-15,-0.785398163397448,21573.8145355797,22190.843996721,1.0286008512831,0,0,0.25,0.04995
8,-15,-0.698131700797732,20981.8896266367,21529.0012755741,1.02607542307547,0,0,0.25,0.0999
8,-15,-0.610865238198015,20413.7912410349,20887.6136644907,1.02321089786121,0,0,0.25,0.0999
8,-15,-0.523598775598299,19869.5193787744,20267.4261459254,1.02002598852874,0,0,0.25,0.0999
8,-15,-0.436332312998582,19349.0740398552,19669.1040630165,1.01653981076832,0,0,0.26,0.14985
8,-15,-0.349065850398866,18852.4552242772,19093.3543636089,1.01277813083048,0,0,0.26,0.14985
8,-15,-0.261799387799149,18379.6629320405,18540.895779136,1.00877235059705,0,0,0.27,0.1998
8,-15,-0.174532925199433,17930.6971631451,18012.360366274,1.00455437969789,0,0,0.26,0.1998
8,-15,-0.0872664625997165,17505.5579175909,17508.4793909104,1.0001668883296,0,0,0.28,0.24975
8,-15,0,17104.245195378,17029.8438321599,0.995650122974254,0,1,0.27,0.24975
8,-15,0.0872664625997165,16726.7589965063,16577.0383960191,0.991049037023939,0,1,0.58,0.54945
8,-15,0.174532925199433,16373.099320976,16150.4879580307,0.986403834815805,1,1,0.69,0.64935
8,-15,0.261799387799149,16043.2661687868,15750.9868939824,0.981781809780538,1,1,0.7,0.6993
8,-15,0.349065850398866,15737.259539939,15378.9803881604,0.977233701276304,1,1,0.7,0.6993
8,-15,0.436332312998582,15455.0794344324,15035.0269289132,0.972821071072375,1,1,0.7,0.6993
8,-15,0.523598775598299,15196.7258522671,14719.4687533684,0.968594741818841,1,1,0.7,0.74925
8,-15,0.610865238198015,14962.198793443,14432.691815008,0.964610350006369,1,1,0.7,0.74925
8,-15,0.698131700797732,14751.4982579603,14175.048226508,0.960922611291963,1,1,0.7,0.7992
8,-15,0.785398163397448,14564.6242458187,13946.6899835748,0.957572934816952,1,1,0.7,0.7992
8,-15,0.872664625997165,14401.5767570185,13747.9476097484,0.954614056620468,1,1,0.7,0.7992
8,-15,0.959931088596881,14262.3557915595,13578.857768727,0.952076779402955,1,1,0.7,0.84915
8,-15,1.0471975511966,14146.9613494418,13439.6054663976,0.949999447544116,1,1,0.7,0.84915
8,-15,1.13446401379631,14055.3934306653,13330.164240928,0.948402071182506,1,1,0.7,0.8991
8,-15,1.22173047639603,13987.6520352301,13250.5709688264,0.947304875432471,1,1,0.69,0.8991
8,-15,1.30899693899575,13943.7371631362,13200.7333325242,0.946714154037819,1,1,0.7,0.94905
8,-15,1.39626340159546,13923.6488143835,13180.352609053,0.946616277439955,1,1,0.54,0.94905
8,-15,1.48352986419518,13927.3869889721,13189.1028132187,0.946990474499058,1,1,0.33,0.94905
8,-15,1.5707963267949,13954.951686902,13226.544830307,0.947802982558613,1,1,0.09,0.94905
8,-15,1.65806278939461,14006.3429081731,13291.4096630119,0.948956465663565,1,1,-0.54,0.999
8,-15,1.74532925199433,14081.5606527855,13382.3509740624,0.950345725451616,1,1,-0.7,0.999
8,-15,1.83259571459405,14180.6049207392,13501.9010099148,0.952138578388027,1,1,-0.7,0.999
8,-15,1.91986217719376,14303.4757120341,13649.8843999016,0.954305420214573,1,1,-0.7,0.999
8,-15,2.00712863979348,14450.1730266703,13825.9518709102,0.956801821361724,1,1,-0.7,0.999
8,-15,2.0943951023932,14620.6968646477,14029.7298549965,0.959580106535128,1,1,-0.7,0.999
8,-15,2.18166156499291,14815.0472259665,14260.8239405457,0.962590515104849,1,1,-0.7,0.999
8,-15,2.26892802759263,15033.2241106265,14518.8223499116,0.96578233937514,1,1,-0.7,0.999
8,-15,2.35619449019234,15275.2275186277,14802.7473736995,0.969068863664909,1,1,-0.7,0.84915
8,-15,2.44346095279206,15541.0574499702,15112.0873095934,0.972397622120777,1,1,-0.7,0.7992
8,-15,2.53072741539178,15830.713904654,15446.9718298778,0.975759648169534,1,1,-0.7,0.7992
8,-15,2.61799387799149,16144.1968826791,15806.9154947582,0.979108196563021,1,1,-0.7,0.74925
8,-15,2.70526034059121,16481.5063840454,16191.5645013698,0.982408047182128,1,1,-0.7,0.74925
8,-15,2.79252680319093,16842.642408753,16600.4193326427,0.985618463526581,1,1,-0.7,0.6993
8,-15,2.87979326579064,17227.6049568018,17033.1040838821,0.988709929592222,1,1,-0.7,0.6993
8,-15,2.96705972839036,17636.3940281919,17489.2023690693,0.991654095565832,0,1,-0.7,0.64935
8,-15,3.05432619099008,18069.0096229233,17968.2580526647,0.994424067928394,0,1,-0.7,0.64935
8,-10,-3.14159265358979,32387.060931656,13624.4479244355,0.420675650476163,1,1,-0.7,0.64935
8,-10,-3.05432619099008,31281.6197126795,31234.3325560704,0.998488340532125,0,1,0.27,0.24975
8,-10,-2.96705972839036,30200.0050170444,30238.0493440458,1.00125974571792,0,0,0.28,0.24975
8,-10,-2.87979326579064,29142.2168447504,29262.5552078215,1.00412934828233,0,0,0.26,0.1998
8,-10,-2.79252680319093,28108.2551957978,28307.273068294,1.00708040648948,0,0,0.26,0.1998
8,-10,-2.70526034059121,27098.1200701864,27371.7024003004,1.01009598929392,0,0,0.27,0.1998
8,-10,-2.61799387799149,26111.8114679163,26455.2831223438,1.01315388075812,0,0,0.26,0.14985
8,-10,-2.53072741539178,25149.3293889875,25557.6146877206,1.01623444078441,0,0,0.26,0.14985
8,-10,-2.44346095279206,24210.6738333999,24678.3143744242,1.0193154698726,0,0,0.26,0.14985
8,-10,-2.35619449019234,23295.8448011536,23816.9703455219,1.02236989252017,0,0,0.25,0.0999
8,-10,-2.26892802759263,22404.8422922485,22973.3320109957,1.02537352021192,0,0,0.25,0.0999
8,-10,-2.18166156499291,21537.6663066847,22147.1713742515,1.02829949442469,0,0,0.26,0.0999
8,-10,-2.0943951023932,20694.3168444622,21338.2917974166,1.03111844463359,0,0,0.25,0.04995
8,-10,-2.00712863979348,19874.7939055809,20546.5393665166,1.03379886423612,0,0,0.25,0.04995
8,-10,-1.91986217719376,19079.097490041,19771.895505879,1.03631188614659,0,0,0.25,0.04995
8,-10,-1.83259571459405,18307.2275978422,19014.3529196377,1.03862547280938,0,0,0.25,0.04995
8,-10,-1.74532925199433,17559.1842289848,18273.9632848848,1.04070684871113,0,0,0.25,0.04995
8,-10,-1.65806278939461,16834.9673834686,17550.8361096931,1.04252272724493,0,0,0.25,0.04995
8,-10,-1.5707963267949,16134.5770612937,16845.1370134024,1.04403957720177,0,0,0.25,0.04995
8,-10,-1.48352986419518,15458.01326246,16157.085442445,1.0452239345455,0,0,0.25,0.04995
8,-10,-1.39626340159546,14805.2759869676,15486.9518430791,1.0460427658837,0,0,0.25,0.04995
8,-10,-1.30899693899575,14176.3652348165,14835.0543204162,1.04646389075685,0,0,0.25,0.04995
8,-10,-1.22173047639603,13571.2810060066,14201.7548208898,1.04645647043961,0,0,0.25,0.04995
8,-10,-1.13446401379631,12990.023300538,13587.4548826432,1.04599157124533,0,0,0.25,0.04995
8,-10,-1.0471975511966,12432.5921184107,12992.5910050419,1.04504281016362,0,0,0.25,0.04995
8,-10,-0.959931088596881,11898.9874596246,12417.6296944851,1.04358708979402,0,0,0.25,0.04995
8,-10,-0.872664625997165,11389.2093241798,11863.0622487538,1.04160542765405,0,0,0.25,0.04995
8,-10,-0.785398163397448,10903.2577120762,11329.3766151445,1.03908179686483,0,0,0.25,0.0999
8,-10,-0.698131700797732,10441.132623314,10817.0974485671,1.0360080499709,0,0,0.25,0.0999
8,-10,-0.610865238198015,10002.834057893,10326.7784688135,1.03238526292106,0,0,0.25,0.0999
8,-10,-0.523598775598299,9588.36201581321,9858.95585974385,1.02822107086532,0,0,0.25,0.0999
8,-10,-0.436332312998582,9197.71649707474,9414.11810747735,1.02352775392364,0,0,0.26,0.14985
8,-10,-0.349065850398866,8830.89750167753,8992.83098388945,1.0183371488777,0,0,0.25,0.14985
8,-10,-0.261799387799149,8487.90502962158,8595.59720611237,1.01268772165982,0,0,0.26,0.1998
8,-10,-0.174532925199433,8168.7390809069,8222.88031886809,1.00662785742389,0,0,0.26,0.1998
8,-10,-0.0872664625997165,7873.39965553348,7875.19732886284,1.00022832237763,0,0,0.28,0.24975
8,-10,0,7601.88675350133,7552.94431736658,0.993561804099199,0,1,0.27,0.24975
8,-10,0.0872664625997165,7354.20037481044,7256.55994751271,0.986723175556629,1,1,0.41,0.3996
8,-10,0.174532925199433,7130.34051946082,6986.31092618859,0.979800460738288,1,1,0.7,0.64935
8,-10,0.261799387799149,6930.30718745247,6742.62842565194,0.972919128009171,1,1,0.68,0.64935
8,-10,0.349065850398866,6754.10037878538,6525.85710331685,0.966206709603333,1,1,0.7,0.6993
8,-10,0.436332312998582,6601.72009345955,6336.2744172721,0.959791437317914,1,1,0.7,0.6993
8,-10,0.523598775598299,6473.16633147499,6174.11151602542,0.953800844882441,1,1,0.7,0.74925
8,-10,0.610865238198015,6368.4390928317,6039.52486733232,0.948352458003469,1,1,0.7,0.74925
8,-10,0.698131700797732,6287.53837752967,5932.67304986075,0.943560530948466,1,1,0.7,0.7992
8,-10,0.785398163397448,6230.46418556891,5853.64077530277,0.939519207711853,1,1,0.7,0.7992
8,-10,0.872664625997165,6197.21651694941,5802.43732978484,0.936297338315541,1,1,0.7,0.84915
8,-10,0.959931088596881,6187.79537167118,5779.06058241127,0.933945005497246,1,1,0.65,0.8991
8,-10,1.0471975511966,6202.20074973421,5783.18238116795,0.932440373107205,1,1,0.36,0.8991
8,-10,1.13446401379631,6240.43265113851,5814.13503524032,0.931687810809012,1,1,0.08,0.94905
8,-10,1.22173047639603,6302.49107588407,5869.26715859983,0.931261478664851,1,1,-0.7,0.999
8,-10,1.30899693899575,6388.3760239709,5950.86426846914,0.931514401491067,1,1,-0.7,0.999
8,-10,1.39626340159546,6498.087495399,6060.01718784972,0.932584732375572,1,1,-0.7,0.999
8,-10,1.48352986419518,6631.62549016836,6196.54402583543,0.934392938054485,1,1,-0.7,0.999
8,-10,1.5707963267949,6788.99000827898,6360.23741475535,0.936845894160872,1,1,-0.7,0.999
8,-10,1.65806278939461,6970.18104973088,6550.86751708476,0.93984180186219,1,1,-0.7,0.999
8,-10,1.74532925199433,7175.19861452403,6767.82986364765,0.943225439076796,1,1,-0.7,0.84915
8,-10,1.83259571459405,7404.04270265845,7010.64139182813,0.946866688020442,1,1,-0.7,0.7992
8,-10,1.91986217719376,7656.71331413414,7279.52766032004,0.950737916082372,1,1,-0.7,0.7992
8,-10,2.00712863979348,7933.21044895109,7574.2544219788,0.954752741115074,1,1,-0.7,0.74925
8,-10,2.0943951023932,8233.53410710931,7894.47017053918,0.958819149570612,1,1,-0.7,0.74925
8,-10,2.18166156499291,8557.68428860879,8239.94577335826,0.962870970167306,1,1,-0.7,0.74925
8,-10,2.26892802759263,8905.66099344954,8610.38164089229,0.966843634315921,1,1,-0.7,0.6993
8,-10,2.35619449019234,9277.46422163156,9005.41621163562,0.970676468968576,1,1,-0.7,0.6993
8,-10,2.44346095279206,9673.09397315484,9424.81655864329,0.974333195231993,1,1,-0.7,0.6993
8,-10,2.53072741539178,10092.5502480194,9868.29335655737,0.977779957894585,1,1,-0.7,0.6993
8,-10,2.61799387799149,10535.8330462252,10335.5652744859,0.980991747794345,1,1,-0.7,0.6993
8,-10,2.70526034059121,11002.9423677723,10826.3470126794,0.983950169946351,1,1,-0.69,0.64935
8,-10,2.79252680319093,11493.8782126606,11340.3641416171,0.986643840468533,1,1,-0.7,0.64935
8,-10,2.87979326579064,12008.6405808902,11877.4021673701,0.989071334708032,1,1,-0.7,0.64935
8,-10,2.96705972839036,12547.2294724611,12437.2329571577,0.991233402119184,0,1,-0.7,0.64935
8,-10,3.05432619099008,13109.6448873732,13019.6455007936,0.993134872275124,0,1,-0.7,0.64935
8,-7,-3.14159265358979,25706.4225714659,12541.6037425605,0.487878222171673,1,1,-0.7,0.64935
8,-7,-3.05432619099008,24678.8612445979,24625.2005170952,0.997825640049967,0,1,0.27,0.24975
8,-7,-2.96705972839036,23675.1264410712,23691.0158315256,1.00067114279174,0,0,0.28,0.24975
8,-7,-2.87979326579064,22695.2181608857,22777.9143352362,1.00364377084918,0,0,0.26,0.1998
8,-7,-2.79252680319093,21739.1364040416,21885.389322573,1.00672763240513,0,0,0.26,0.1998
8,-7,-2.70526034059121,20806.8811705386,21013.079504318,1.00991010291688,0,0,0.27,0.1998
8,-7,-2.61799387799149,19898.452460377,20160.5895828672,1.01317374419002,0,0,0.27,0.1998
8,-7,-2.53072741539178,19013.8502735566,19327.5130420561,1.01649654141517,0,0,0.26,0.14985
8,-7,-2.44346095279206,18153.0746100774,18513.617937742,1.01986128165112,0,0,0.26,0.14985
8,-7,-2.35619449019234,17316.1254699396,17718.6460840172,1.02324542027466,0,0,0.26,0.14985
8,-7,-2.26892802759263,16503.002853143,16942.3606905044,1.02662290258756,0,0,0.25,0.0999
8,-7,-2.18166156499291,15713.7067596877,16184.5996373356,1.02996701445747,0,0,0.25,0.0999
8,-7,-2.0943951023932,14948.2371895736,15445.2798573939,1.03325092193259,0,0,0.25,0.0999
8,-7,-2.00712863979348,14206.5941428008,14724.3383082825,1.03644393302698,0,0,0.25,0.0999
8,-7,-1.91986217719376,13488.7776193693,14021.7607449138,1.03951307824804,0,0,0.26,0.0999
8,-7,-1.83259571459405,12794.787619279,13337.5733453738,1.04242240998803,0,0,0.25,0.04995
8,-7,-1.74532925199433,12124.62414253,12671.8663420003,1.04513477638872,0,0,0.25,0.04995
8,-7,-1.65806278939461,11478.2871891223,12024.7894076994,1.04761182653585,0,0,0.25,0.04995
8,-7,-1.5707963267949,10855.7767590558,11396.5220865615,1.04981175824702,0,0,0.25,0.04995
8,-7,-1.48352986419518,10257.0928523306,10787.2872354594,1.05169051219112,0,0,0.25,0.04995
8,-7,-1.39626340159546,9682.23546894663,10197.3481708267,1.05320183582936,0,0,0.25,0.04995
8,-7,-1.30899693899575,9131.20460890395,9627.0053819467,1.0542974113798,0,0,0.25,0.04995
8,-7,-1.22173047639603,8604.00027220254,9076.59284748895,1.05492707581766,0,0,0.25,0.04995
8,-7,-1.13446401379631,8100.6224588424,8546.47399874808,1.05503917040585,0,0,0.25,0.04995
8,-7,-1.0471975511966,7621.07116882351,8037.03737917263,1.05458106887267,0,0,0.25,0.04995
8,-7,-0.959931088596881,7165.3464021459,7548.68052982922,1.05349833855465,0,0,0.25,0.0999
8,-7,-0.872664625997165,6733.44815880955,7081.82574884452,1.05173836373555,0,0,0.25,0.0999
8,-7,-0.785398163397448,6325.37643881447,6636.92084897944,1.04925310187916,0,0,0.25,0.0999
8,-7,-0.698131700797732,5941.13124216065,6214.4079732032,1.04599742370666,0,0,0.25,0.0999
8,-7,-0.610865238198015,5580.71256884809,5814.7301722475,1.04193328370031,0,0,0.25,0.0999
8,-7,-0.523598775598299,5244.1204188768,5438.31051856806,1.03703006113137,0,0,0.26,0.14985
8,-7,-0.436332312998582,4931.35479224678,5085.57935499415,1.03127427841733,0,0,0.26,0.14985
8,-7,-0.349065850398866,4642.41568895803,4756.96870657215,1.02467530382654,0,0,0.25,0.14985
8,-7,-0.261799387799149,4377.30310901053,4452.87068495413,1.01726350085011,0,0,0.26,0.1998
8,-7,-0.174532925199433,4136.01705240431,4173.64511126486,1.00909765563918,0,0,0.26,0.1998
8,-7,-0.0872664625997165,3918.55751913935,3919.67527206991,1.00028524601849,0,0,0.26,0.1998
8,-7,0,3724.92450921565,3691.25742933092,0.990961674578523,0,1,0.27,0.24975
8,-7,0.0872664625997165,3555.11802263322,3488.70099689177,0.981317912564755,1,1,0.31,0.2997
8,-7,0.174532925199433,3409.13805939205,3312.2300122243,0.971574032650049,1,1,0.52,0.4995
8,-7,0.261799387799149,3286.98461949216,3162.06040012799,0.96199427930896,1,1,0.7,0.64935
8,-7,0.349065850398866,3188.65770293352,3038.42304133805,0.952884669477927,1,1,0.67,0.64935
8,-7,0.436332312998582,3114.15730971615,2941.47573112777,0.944549500421955,1,1,0.7,0.6993
8,-7,0.523598775598299,3063.48343984005,2871.34623546017,0.937281461397449,1,1,0.68,0.6993
8,-7,0.610865238198015,3036.63609330521,2828.07669112468,0.931318934580163,1,1,0.69,0.74925
8,-7,0.698131700797732,3033.61527011164,2811.68074673046,0.926841572308867,1,1,0.53,0.74925
8,-7,0.785398163397448,3054.42097025933,2821.80306896332,0.923842226215379,1,1,0.13,0.74925
8,-7,0.872664625997165,3099.05319374829,2855.91060112406,0.921542943143177,1,1,-0.7,0.999
8,-7,0.959931088596881,3167.51194057851,2913.98134754663,0.919959072676588,1,1,-0.7,0.999
8,-7,1.0471975511966,3259.79721075,2998.87009581016,0.919956028528594,1,1,-0.7,0.999
8,-7,1.13446401379631,3375.90900426276,3110.45698885653,0.921368729112355,1,1,-0.7,0.999
8,-7,1.22173047639603,3515.84732111677,3248.51703967389,0.92396419496454,1,1,-0.7,0.84915
8,-7,1.30899693899575,3679.61216131206,3412.17785534363,0.927319974430928,1,1,-0.7,0.7992
8,-7,1.39626340159546,3867.20352484861,3602.0086906105,0.931424650258486,1,1,-0.7,0.74925
8,-7,1.48352986419518,4078.62141172642,3817.75679478772,0.936040982821132,1,1,-0.7,0.74925
8,-7,1.5707963267949,4313.86582194551,4059.25322194283,0.940978090067752,1,1,-0.7,0.74925
8,-7,1.65806278939461,4572.93675550585,4326.26481770925,0.946058309794115,1,1,-0.7,0.74925
8,-7,1.74532925199433,4855.83421240746,4618.51042043444,0.951126051345283,1,1,-0.7,0.6993
8,-7,1.83259571459405,5162.55819265034,4935.77663941716,0.956071864999791,1,1,-0.7,0.6993
8,-7,1.91986217719376,5493.10869623449,5277.81707819035,0.960806961968234,1,1,-0.7,0.6993
8,-7,2.00712863979348,5847.48572315989,5644.38156088732,0.965266411601802,1,1,-0.7,0.6993
8,-7,2.0943951023932,6225.68927342657,6035.22252177655,0.969406318997801,1,1,-0.7,0.6993
8,-7,2.18166156499291,6627.71934703451,6450.09179777433,0.973199295268944,1,1,-0.69,0.64935
8,-7,2.26892802759263,7053.57594398371,6888.73897150914,0.976630722659877,1,1,-0.7,0.64935
8,-7,2.35619449019234,7503.25906427418,7350.95883798321,0.979702123439116,1,1,-0.7,0.64935
8,-7,2.44346095279206,7976.76870790592,7836.53931951622,0.982420276489813,1,1,-0.7,0.64935
8,-7,2.53072741539178,8474.10487487891,8345.28017658763,0.984797839985061,1,1,-0.7,0.64935
8,-7,2.61799387799149,8995.26756519318,8876.9961217272,0.986851814844993,1,1,-0.7,0.64935
8,-7,2.70526034059121,9540.25677884871,9431.51825664257,0.988602138838944,1,1,-0.7,0.64935
8,-7,2.79252680319093,10109.0725158455,10008.6953396214,0.990070585005023,0,1,-0.7,0.64935
8,-7,2.87979326579064,10701.7147761836,10608.3948892861,0.991279912719675,0,1,-0.7,0.64935
8,-7,2.96705972839036,11318.1835598629,11230.504130851,0.992253224331615,0,1,-0.7,0.64935
8,-7,3.05432619099008,11958.4788668835,11874.9307905113,0.993013486305224,0,1,-0.7,0.64935
8,-5,-3.14159265358979,22012.8523400226,12579.8962966607,0.571479611199162,1,1,-0.7,0.64935
8,-5,-3.05432619099008,21037.210941227,20979.3011664619,0.997247269377732,0,1,0.27,0.24975
8,-5,-2.96705972839036,20085.3960657725,20086.5154985289,1.00005573366603,0,0,0.28,0.24975
8,-5,-2.87979326579064,19157.4077136594,19214.9955069367,1.00300603266048,0,0,0.28,0.24975
8,-5,-2.79252680319093,18253.2458848875,18364.3221674425,1.00608528933733,0,0,0.26,0.1998
8,-5,-2.70526034059121,17372.9105794569,17534.1815125604,1.00928289663185,0,0,0.26,0.1998
8,-5,-2.61799387799149,16516.4017973675,16724.2710892325,1.01258562817829,0,0,0.27,0.1998
8,-5,-2.53072741539178,15683.7195386194,15934.3006202966,1.01597714630513,0,0,0.26,0.14985
8,-5,-2.44346095279206,14874.8638032126,15164.0089886374,1.01943850977394,0,0,0.26,0.14985
8,-5,-2.35619449019234,14089.8345911471,14413.2466043523,1.02295357061242,0,0,0.26,0.14985
8,-5,-2.26892802759263,13328.6319024228,13681.8603516805,1.02650147830953,0,0,0.26,0.14985
8,-5,-2.18166156499291,12591.2557370397,12969.7399976395,1.03005929420418,0,0,0.25,0.0999
8,-5,-2.0943951023932,11877.706094998,12276.7849814159,1.03359898647315,0,0,0.25,0.0999
8,-5,-2.00712863979348,11187.9829762975,11603.0160059479,1.03709632295023,0,0,0.25,0.0999
8,-5,-1.91986217719376,10522.0863809383,10948.4565289452,1.0405214453266,0,0,0.25,0.0999
8,-5,-1.83259571459405,9880.0163089203,10313.1735644994,1.04384175511816,0,0,0.25,0.0999
8,-5,-1.74532925199433,9261.7727602436,9697.27655825407,1.04702164577821,0,0,0.25,0.0999
8,-5,-1.65806278939461,8667.35573490816,9100.91580513847,1.05002218479208,0,0,0.25,0.0999
8,-5,-1.5707963267949,8096.76523291399,8524.28041828072,1.05280073869857,0,0,0.25,0.0999
8,-5,-1.48352986419518,7550.00125426109,7967.59586473743,1.05531053524536,0,0,0.25,0.0999
8,-5,-1.39626340159546,7027.06379894945,7431.12109078418,1.05750015986693,0,0,0.25,0.0999
8,-5,-1.30899693899575,6527.95286697908,6915.14526652745,1.05931298945293,0,0,0.25,0.0999
8,-5,-1.22173047639603,6052.66845834997,6419.98418635743,1.06068657659594,0,0,0.25,0.0999
8,-5,-1.13446401379631,5601.21057306213,5945.97636809372,1.06155201461085,0,0,0.25,0.0999
8,-5,-1.0471975511966,5173.57921111555,5493.47889941742,1.06183334114505,0,0,0.25,0.0999
8,-5,-0.959931088596881,4769.77437251024,5062.86308518353,1.06144708109517,0,0,0.25,0.0999
8,-5,-0.872664625997165,4389.7960572462,4654.50995332915,1.06030209436404,0,0,0.25,0.0999
8,-5,-0.785398163397448,4033.64426532341,4268.80568021955,1.05829998865239,0,0,0.25,0.0999
8,-5,-0.698131700797732,3701.3189967419,3906.13699831075,1.05533648997807,0,0,0.25,0.0999
8,-5,-0.610865238198015,3392.82025150165,3566.87866269677,1.05130198427638,0,0,0.26,0.14985
8,-5,-0.523598775598299,3108.14802960266,3251.39957424082,1.0460890354236,0,0,0.26,0.14985
8,-5,-0.436332312998582,2847.30233104495,2960.07552868882,1.03960703309033,0,0,0.26,0.14985
8,-5,-0.349065850398866,2610.28315582849,2693.24919704408,1.03178430701295,0,0,0.25,0.14985
8,-5,-0.261799387799149,2397.0905039533,2451.24167953211,1.02259037591176,0,0,0.26,0.1998
8,-5,-0.174532925199433,2207.72437541938,2234.34364821284,1.01205733518633,0,0,0.26,0.1998
8,-5,-0.0872664625997165,2042.18477022672,2042.84801393325,1.00032477164466,0,0,0.26,0.1998
8,-5,0,1900.47168837533,1876.98801496882,0.987643239544079,1,1,0.28,0.24975
8,-5,0.0872664625997165,1782.58512986521,1736.97682320675,0.974414514126513,1,1,0.27,0.24975
8,-5,0.174532925199433,1688.52509469634,1622.99157402464,0.961188897412572,1,1,0.35,0.34965
8,-5,0.261799387799149,1618.29158286875,1535.16753475306,0.948634690437966,1,1,0.45,0.44955
8,-5,0.349065850398866,1571.88459438242,1473.6237012964,0.937488481382678,1,1,0.56,0.54945
8,-5,0.436332312998582,1549.30412923735,1438.44342905216,0.928444843014934,1,1,0.58,0.5994
8,-5,0.523598775598299,1550.55018743355,1429.61676959318,0.922006124780433,1,1,0.18,0.44955
8,-5,0.610865238198015,1575.62276897102,1446.02019598242,0.917745176357637,1,1,0.03,0.44955
8,-5,0.698131700797732,1624.52187384975,1484.68968582701,0.913924096515016,1,1,-0.7,0.999
8,-5,0.785398163397448,1697.24750206975,1548.8713486212,0.912578363928885,1,1,-0.7,0.999
8,-5,0.872664625997165,1793.79965363101,1638.92659941734,0.913662011306461,1,1,-0.7,0.74925
8,-5,0.959931088596881,1914.17832853354,1754.74550066619,0.916709522048823,1,1,-0.7,0.74925
8,-5,1.0471975511966,2058.38352677733,1896.59060046288,0.921398065904776,1,1,-0.7,0.6993
8,-5,1.13446401379631,2226.41524836239,2064.28430888784,0.927178481375475,1,1,-0.7,0.6993
8,-5,1.22173047639603,2418.27349328871,2257.66530393725,0.933585597411877,1,1,-0.7,0.6993
8,-5,1.30899693899575,2633.9582615563,2476.53431792247,0.940232939173147,1,1,-0.7,0.6993
8,-5,1.39626340159546,2873.46955316515,2720.67767817742,0.946826694293861,1,1,-0.7,0.6993
8,-5,1.48352986419518,3136.80736811527,2989.86379602584,0.95315505389873,1,1,-0.69,0.64935
8,-5,1.5707963267949,3423.97170640666,3283.85263321314,0.959077035323821,1,1,-0.7,0.64935
8,-5,1.65806278939461,3734.96256803931,3602.41904881774,0.964512758345755,1,1,-0.7,0.64935
8,-5,1.74532925199433,4069.77995301322,3945.32501068206,0.969419736750382,1,1,-0.7,0.64935
8,-5,1.83259571459405,4428.4238613284,4312.33297090983,0.973785054445139,1,1,-0.7,0.64935
8,-5,1.91986217719376,4810.89429298485,4703.20954097225,0.977616479295831,1,1,-0.7,0.64935
8,-5,2.00712863979348,5217.19124798256,5117.72816045857,0.980935510546513,1,1,-0.7,0.64935
8,-5,2.0943951023932,5647.31472632154,5555.67157371897,0.983772260438144,1,1,-0.7,0.64935
8,-5,2.18166156499291,6101.26472800178,6016.83409911666,0.986161782409207,1,1,-0.7,0.64935
8,-5,2.26892802759263,6579.04125302329,6501.02368054687,0.988141498209854,1,1,-0.7,0.64935
8,-5,2.35619449019234,7080.64430138606,7008.06371549383,0.989749437649618,1,1,-0.7,0.64935
8,-5,2.44346095279206,7606.0738730901,7537.79465806632,0.991023067069418,0,1,-0.7,0.64935
8,-5,2.53072741539178,8155.32996813541,8090.07539907925,0.991998537237473,0,1,-0.7,0.64935
8,-5,2.61799387799149,8728.41258652198,8664.78442825822,0.992710225641486,0,1,-0.7,0.64935
8,-5,2.70526034059121,9325.32172824981,9261.82078598416,0.993190482418072,0,1,-0.7,0.64935
8,-5,2.79252680319093,9946.05739331891,9881.10481364103,0.993469514893257,0,1,-0.7,0.64935
8,-5,2.87979326579064,10590.6195817293,10522.5787125802,0.993575364630562,0,1,-0.7,0.64935
8,-5,2.96705972839036,11259.0082934809,11186.2069219967,0.993533944590278,0,1,-0.7,0.64935
8,-5,3.05432619099008,11951.2235285738,11871.9763256733,0.99336911382244,0,1,-0.7,0.64935
8,-3,-3.14159265358979,18927.4330488595,13226.339791041,0.698792052620043,1,1,-0.7,0.64935
8,-3,-3.05432619099008,18003.7115781361,17941.5527561087,0.996547444022439,0,1,0.27,0.24975
8,-3,-2.96705972839036,17103.816630754,17090.1656790007,0.999201876864798,0,1,0.27,0.24975
8,-3,-2.87979326579064,16227.7482067132,16260.2196308232,1.00200098150997,0,0,0.28,0.24975
8,-3,-2.79252680319093,15375.5063060136,15451.405952592,1.00493639982111,0,0,0.26,0.1998
8,-3,-2.70526034059121,14547.0909286553,14663.4339767623,1.00799768480706,0,0,0.26,0.1998
8,-3,-2.61799387799149,13742.5020746382,13896.0996168015,1.01117682510281,0,0,0.26,0.1998
8,-3,-2.53072741539178,12961.7397439624,13149.1960529262,1.01446227996138,0,0,0.27,0.1998
8,-3,-2.44346095279206,12204.8039366279,12422.5500054383,1.01784101325519,0,0,0.25,0.14985
8,-3,-2.35619449019234,11471.6946526347,11715.9980649677,1.0212961920388,0,0,0.26,0.14985
8,-3,-2.26892802759263,10762.4118919827,11029.4859597666,1.02481544754692,0,0,0.26,0.14985
8,-3,-2.18166156499291,10076.9556546719,10362.9587602116,1.02838189581662,0,0,0.26,0.14985
8,-3,-2.0943951023932,9415.32594070249,9716.39934810967,1.03197695006029,0,0,0.26,0.14985
8,-3,-2.00712863979348,8777.52275007429,9089.82925892891,1.035580256269,0,0,0.26,0.14985
8,-3,-1.91986217719376,8163.54608278737,8483.30168069316,1.03916871353002,0,0,0.25,0.0999
8,-3,-1.83259571459405,7573.39593884171,7896.90887754843,1.0427170243467,0,0,0.25,0.0999
8,-3,-1.74532925199433,7007.07231823731,7330.79873845718,1.04619995420588,0,0,0.25,0.0999
8,-3,-1.65806278939461,6464.57522097418,6785.13779223035,1.04958756922127,0,0,0.25,0.0999
8,-3,-1.5707963267949,5945.90464705231,6260.12443785499,1.05284642278252,0,0,0.25,0.0999
8,-3,-1.48352986419518,5451.06059647171,5755.98640955299,1.05593880451057,0,0,0.25,0.0999
8,-3,-1.39626340159546,4980.04306923238,5272.97788481717,1.05882174340913,0,0,0.25,0.0999
8,-3,-1.30899693899575,4532.85206533431,4811.37626531636,1.06144568496116,0,0,0.25,0.0999
8,-3,-1.22173047639603,4109.48758477751,4371.47866691328,1.06375273722842,0,0,0.25,0.0999
8,-3,-1.13446401379631,3709.94962756197,3953.59816096501,1.06567435083024,0,0,0.25,0.0999
8,-3,-1.0471975511966,3334.2381936877,3558.05981441807,1.06712826370777,0,0,0.25,0.0999
8,-3,-0.959931088596881,2982.35328315469,3185.19658081794,1.06801451015511,0,0,0.25,0.0999
8,-3,-0.872664625997165,2654.29489596294,2835.34509809389,1.06821028153515,0,0,0.25,0.0999
8,-3,-0.785398163397448,2350.06303211247,2508.83251481103,1.06755966990206,0,0,0.26,0.14985
8,-3,-0.698131700797732,2069.65769160326,2205.99612633486,1.06587487161995,0,0,0.26,0.14985
8,-3,-0.610865238198015,1813.07887443531,1927.16182760039,1.06292222295106,0,0,0.26,0.14985
8,-3,-0.523598775598299,1580.32658060863,1672.63953491556,1.05841384650467,0,0,0.25,0.14985
8,-3,-0.436332312998582,1371.40081012321,1442.72076300431,1.05200518503025,0,0,0.25,0.14985
8,-3,-0.349065850398866,1186.30156297907,1237.68062779612,1.04331029008175,0,0,0.25,0.14985
8,-3,-0.261799387799149,1025.02883917618,1057.76361439019,1.03193546753311,0,0,0.26,0.1998
8,-3,-0.174532925199433,887.582638714561,903.19312544092,1.01758764316184,0,0,0.26,0.1998
8,-3,-0.0872664625997165,773.962961594208,774.171696076692,1.00026969569972,0,0,0.26,0.1998
8,-3,0,684.169807815119,670.863193008168,0.980550713207521,1,1,0.25,0.1998
8,-3,0.0872664625997165,618.203177377296,593.396893595713,0.959873574434179,1,1,0.28,0.24975
8,-3,0.174532925199433,576.063070280739,541.87064848925,0.940644655845018,1,1,0.26,0.24975
8,-3,0.261799387799149,557.749486525447,516.345613650217,0.925766183787709,1,1,0.21,0.24975
8,-3,0.349065850398866,563.26242611142,516.045894047484,0.916173119535234,1,1,0.05,0.1998
8,-3,0.436332312998582,592.601889038659,538.917463044197,0.909408952304302,1,1,-0.07,0.1998
8,-3,0.523598775598299,645.767875307163,585.06745630805,0.906002727419291,1,1,-0.7,0.5994
8,-3,0.610865238198015,722.760384916932,656.682910109625,0.90857623607179,1,1,-0.67,0.5994
8,-3,0.698131700797732,823.579417867967,754.179686288669,0.915734014141641,1,1,-0.66,0.5994
8,-3,0.785398163397448,948.224974160267,877.443135783445,0.925353328265262,1,1,-0.66,0.5994
8,-3,0.872664625997165,1096.69705379383,1026.33063008506,0.935837865648173,1,1,-0.66,0.5994
8,-3,0.959931088596881,1268.99565676866,1200.67554654018,0.946162061419145,1,1,-0.66,0.5994
8,-3,1.0471975511966,1465.12078308476,1400.29038177807,0.955750814502687,1,1,-0.66,0.5994
8,-3,1.13446401379631,1685.07243274212,1624.96028396522,0.964326667739097,1,1,-0.42,0.3996
8,-3,1.22173047639603,1928.85060574075,1874.46192380954,0.971802543043337,1,1,-0.31,0.2997
8,-3,1.30899693899575,2196.45530208064,2148.57060296067,0.978199101491112,1,1,-0.27,0.24975
8,-3,1.39626340159546,2487.8865217618,2447.04811500899,0.983585100688639,1,1,-0.27,0.24975
8,-3,1.48352986419518,2803.14426478422,2769.65725298174,0.988053767969356,1,1,-0.27,0.24975
8,-3,1.5707963267949,3142.22853114791,3116.15500119861,0.991702217171399,0,1,-0.27,0.24975
8,-3,1.65806278939461,3505.13932085287,3486.30005272937,0.994625244134685,0,1,-0.28,0.24975
8,-3,1.74532925199433,3891.87663389908,3879.85724627535,0.996911673016805,0,1,-0.28,0.24975
8,-3,1.83259571459405,4302.44047028657,4296.59992829666,0.998642504868981,0,1,-0.28,0.24975
8,-3,1.91986217719376,4736.83083001532,4736.31213934533,0.999890498375685,0,1,-0.28,0.24975
8,-3,2.00712863979348,5195.04771308533,5198.79153286039,1.00072065166324,0,0,-0.28,0.24975
8,-3,2.0943951023932,5677.09111949662,5683.851665869,1.00119084690206,0,0,-0.28,0.24975
8,-3,2.18166156499291,6182.96104924916,6191.32403331317,1.00135258559732,0,0,-0.28,0.24975
8,-3,2.26892802759263,6712.65750234298,6721.05983732741,1.00125171513391,0,0,-0.28,0.24975
8,-3,2.35619449019234,7266.18047877805,7272.93148773798,1.00092910009318,0,0,-0.28,0.24975
8,-3,2.44346095279206,7843.5299785544,7846.8338345452,1.00042122054736,0,0,-0.28,0.24975
8,-3,2.53072741539178,8444.706001672,8442.68513708768,0.999760694500919,0,1,-0.28,0.24975
8,-3,2.61799387799149,9069.70854813087,9060.42769836083,0.998976720175649,0,1,-0.27,0.24975
8,-3,2.70526034059121,9718.53761793101,9700.0271755886,0.998095346947234,0,1,-0.27,0.24975
8,-3,2.79252680319093,10391.1932110724,10361.4765085255,0.997140203060102,0,1,-0.27,0.24975
8,-3,2.87979326579064,11087.6753275551,11044.7923546372,0.99613237476288,0,1,-0.27,0.24975
8,-3,2.96705972839036,11807.983967379,11750.0160366479,0.995090785108509,0,1,-0.27,0.24975
8,-3,3.05432619099008,12552.1191305442,12477.1728011153,0.994029189123407,0,1,-0.7,0.64935
8,-2,-3.14159265358979,17612.780005883,13777.6181408361,0.782251191250568,1,1,-0.7,0.64935
8,-2,-3.05432619099008,16715.0184991957,16650.7351535372,0.996154156475409,0,1,0.27,0.24975
8,-2,-2.96705972839036,15841.0835158498,15820.0464009335,0.998671990151734,0,1,0.27,0.24975
8,-2,-2.87979326579064,14990.9750558451,15010.8882953714,1.00132834851984,0,0,0.28,0.24975
8,-2,-2.79252680319093,14164.6931191817,14223.0013315822,1.00411644727562,0,0,0.28,0.24975
8,-2,-2.70526034059121,13362.2377058595,13456.1168114683,1.00702570240669,0,0,0.26,0.1998
8,-2,-2.61799387799149,12583.6088158786,12710.0691947182,1.01004961141831,0,0,0.26,0.1998
8,-2,-2.53072741539178,11828.806449239,11984.691980125,1.01317846661496,0,0,0.26,0.1998
8,-2,-2.44346095279206,11097.8306059406,11279.8471372215,1.0164010911451,0,0,0.27,0.1998
8,-2,-2.35619449019234,10390.6812859835,10595.4290874519,1.01970494482827,0,0,0.25,0.14985
8,-2,-2.26892802759263,9707.35848936765,9931.3553664146,1.02307495672405,0,0,0.26,0.14985
8,-2,-2.18166156499291,9047.86221609308,9287.62439093279,1.02649931764138,0,0,0.26,0.14985
8,-2,-2.0943951023932,8412.19246615978,8664.2444312133,1.02996269594014,0,0,0.26,0.14985
8,-2,-2.00712863979348,7800.34923956773,8061.2581840968,1.03344836705587,0,0,0.26,0.14985
8,-2,-1.91986217719376,7212.33253631696,7478.74338986928,1.03693823769368,0,0,0.26,0.14985
8,-2,-1.83259571459405,6648.14235640745,6916.81175359125,1.04041270219264,0,0,0.26,0.14985
8,-2,-1.74532925199433,6107.77869983921,6375.60747990997,1.04385043945319,0,0,0.26,0.14985
8,-2,-1.65806278939461,5591.24156661223,5855.30538838133,1.04722811894695,0,0,0.25,0.0999
8,-2,-1.5707963267949,5098.53095672651,5356.10305024715,1.05051888391122,0,0,0.25,0.0999
8,-2,-1.48352986419518,4629.64687018206,4878.23828456581,1.05369554554686,0,0,0.25,0.0999
8,-2,-1.39626340159546,4184.58930697888,4421.9628844387,1.05672565693936,0,0,0.25,0.0999
8,-2,-1.30899693899575,3763.35826711697,3987.54836731586,1.05957181971161,0,0,0.25,0.0999
8,-2,-1.22173047639603,3365.95375059631,3575.28250979624,1.06219002835759,0,0,0.25,0.0999
8,-2,-1.13446401379631,2992.37575741693,3185.46342312641,1.0645265439111,0,0,0.26,0.14985
8,-2,-1.0471975511966,2642.62428757881,2818.39812501473,1.06651488002367,0,0,0.26,0.14985
8,-2,-0.959931088596881,2316.69934108195,2474.40394168181,1.06807296821097,0,0,0.26,0.14985
8,-2,-0.872664625997165,2014.60091792636,2153.79571444592,1.06909298773816,0,0,0.26,0.14985
8,-2,-0.785398163397448,1736.32901811204,1856.88487666176,1.06943145987436,0,0,0.26,0.14985
8,-2,-0.698131700797732,1481.88364163898,1583.97542749755,1.06889325382232,0,0,0.26,0.14985
8,-2,-0.610865238198015,1251.26478850718,1335.35945523894,1.06720773053327,0,0,0.25,0.14985
8,-2,-0.523598775598299,1044.47245871665,1111.3142794038,1.06399577138614,0,0,0.25,0.14985
8,-2,-0.436332312998582,861.506652267389,912.099762423609,1.0587263139792,0,0,0.25,0.14985
8,-2,-0.349065850398866,702.367369159391,737.952945777176,1.05066519058306,0,0,0.25,0.14985
8,-2,-0.261799387799149,567.054609392659,589.081184424275,1.03884383385087,0,0,0.26,0.1998
8,-2,-0.174532925199433,455.568372967191,465.674466660002,1.02218348395651,0,0,0.26,0.1998
8,-2,-0.0872664625997165,367.908659882989,367.890139753453,0.999949661066575,0,1,0.26,0.1998
8,-2,0,304.075470140053,295.852246469873,0.972956635843092,1,1,0.25,0.1998
8,-2,0.0872664625997165,264.068803738382,249.651702476478,0.945403996769769,1,1,0.25,0.1998
8,-2,0.174532925199433,247.888660677976,229.214193187635,0.924665906704782,1,1,0.13,0.0999
8,-2,0.261799387799149,255.535040958836,232.909850184383,0.911459537253455,1,1,0,0.0999
8,-2,0.349065850398866,287.007944580961,259.305637744853,0.903478954645126,1,1,-0.14,0.14985
8,-2,0.436332312998582,342.307371544352,309.940612184815,0.905445333492203,1,1,-0.25,0.24975
8,-2,0.523598775598299,421.433321849007,386.321007690357,0.916683583527288,1,1,-0.32,0.2997
8,-2,0.610865238198015,524.385795494929,488.438141675831,0.931448078632317,1,1,-0.32,0.2997
8,-2,0.698131700797732,651.164792482116,616.168801940527,0.946256322599705,1,1,-0.27,0.24975
8,-2,0.785398163397448,801.770312810568,769.365412139661,0.959583311887275,1,1,-0.27,0.24975
8,-2,0.872664625997165,976.202356480284,947.855739375628,0.970962355380025,1,1,-0.27,0.24975
8,-2,0.959931088596881,1174.46092349127,1151.44602946189,0.980403865663778,1,1,-0.28,0.24975
8,-2,1.0471975511966,1396.54601384352,1379.92396177536,0.988097741210541,1,1,-0.28,0.24975
8,-2,1.13446401379631,1642.45762753703,1633.0636176424,0.994280516138054,0,1,-0.28,0.24975
8,-2,1.22173047639603,1912.19576457181,1910.62700855297,0.999179604908713,0,1,-0.28,0.24975
8,-2,1.30899693899575,2205.76042494785,2212.36193794275,1.00299285131796,0,0,-0.26,0.1998
8,-2,1.39626340159546,2523.15160866516,2538.02421716437,1.00589445693557,0,0,-0.26,0.1998
8,-2,1.48352986419518,2864.36931572374,2887.36284203469,1.00802743074531,0,0,-0.26,0.1998
8,-2,1.5707963267949,3229.41354612358,3260.12919015903,1.00951121421792,0,0,-0.26,0.1998
8,-2,1.65806278939461,3618.28429986468,3656.08038761933,1.01044585903768,0,0,-0.26,0.1998
8,-2,1.74532925199433,4030.98157694705,4074.98244559241,1.01091567098619,0,0,-0.26,0.1998
8,-2,1.83259571459405,4467.50537737069,4516.61320285032,1.01099222526477,0,0,-0.26,0.1998
8,-2,1.91986217719376,4927.8557011356,4980.76504384488,1.01073678815252,0,0,-0.26,0.1998
8,-2,2.00712863979348,5412.03254824176,5467.2473676989,1.01020223344279,0,0,-0.26,0.1998
8,-2,2.0943951023932,5920.0359186892,5975.88878914901,1.00943454925391,0,0,-0.26,0.1998
8,-2,2.18166156499291,6451.86581247789,6506.53905815229,1.00847402089,0,0,-0.26,0.1998
8,-2,2.26892802759263,7007.52222960786,7059.07069033253,1.00735616085624,0,0,-0.26,0.1998
8,-2,2.35619449019234,7587.00517007909,7633.3803055648,1.00611244284749,0,0,-0.26,0.1998
8,-2,2.44346095279206,8190.31463389158,8229.38920020929,1.00477082603836,0,0,-0.28,0.24975
8,-2,2.53072741539178,8817.45062104534,8847.03263901474,1.00335494002074,0,0,-0.28,0.24975
8,-2,2.61799387799149,9468.41313154037,9486.29540816964,1.00188862445912,0,0,-0.28,0.24975
8,-2,2.70526034059121,10143.2021653767,10147.1782723871,1.00039199721603,0,0,-0.28,0.24975
8,-2,2.79252680319093,10841.8177225542,10829.7079615197,0.998883050670615,0,1,-0.27,0.24975
8,-2,2.87979326579064,11564.259803073,11533.9369248596,0.997377879887707,0,1,-0.27,0.24975
8,-2,2.96705972839036,12310.5284069331,12259.946639365,0.995891178193482,0,1,-0.27,0.24975
8,-2,3.05432619099008,13080.6235341345,13007.8276414413,0.994434830074945,0,1,-0.7,0.64935
8,-1,-3.14159265358979,16450.1646979765,14480.9342257013,0.880291139424436,1,1,-0.7,0.64935
8,-1,-3.05432619099008,15578.3631553254,15511.9552860357,0.99573717285779,0,1,0.27,0.24975
8,-1,-2.96705972839036,14730.3881360156,14701.9648579363,0.998070432508853,0,1,0.27,0.24975
8,-1,-2.87979326579064,13906.239640047,13913.5946949897,1.00052890322137,0,0,0.28,0.24975
8,-1,-2.79252680319093,13105.9176674198,13146.6215557649,1.00310576408139,0,0,0.28,0.24975
8,-1,-2.70526034059121,12329.4222181337,12400.8373812443,1.00579225545586,0,0,0.26,0.1998
8,-1,-2.61799387799149,11576.753292189,11676.076507705,1.00857953979057,0,0,0.26,0.1998
8,-1,-2.53072741539178,10847.9108895855,10972.2240060393,1.01145963658064,0,0,0.26,0.1998
8,-1,-2.44346095279206,10142.8950103233,10289.1778757457,1.0144222004934,0,0,0.26,0.1998
8,-1,-2.35619449019234,9461.70565440235,9626.86760017638,1.01745583215191,0,0,0.27,0.1998
8,-1,-2.26892802759263,8804.34282182266,8985.25702175656,1.02054829117802,0,0,0.27,0.1998
8,-1,-2.18166156499291,8170.80651258424,8364.32737018181,1.02368442543579,0,0,0.25,0.14985
8,-1,-2.0943951023932,7561.09672668709,7764.12724938695,1.02685199383619,0,0,0.26,0.14985
8,-1,-2.00712863979348,6975.2134641312,7184.72484433471,1.03003655462028,0,0,0.26,0.14985
8,-1,-1.91986217719376,6413.15672491658,6626.21636557625,1.03322227255602,0,0,0.26,0.14985
8,-1,-1.83259571459405,5874.92650904322,6088.72838661731,1.03639226418322,0,0,0.26,0.14985
8,-1,-1.74532925199433,5360.52281651113,5572.41665211486,1.03952857638271,0,0,0.26,0.14985
8,-1,-1.65806278939461,4869.9456473203,5077.46414273876,1.04261207628316,0,0,0.26,0.14985
8,-1,-1.5707963267949,4403.19500147074,4604.07879452463,1.04562227950086,0,0,0.26,0.14985
8,-1,-1.48352986419518,3960.27087896244,4152.49089024844,1.04853708677028,0,0,0.26,0.14985
8,-1,-1.39626340159546,3541.17327979541,3722.95014666698,1.05133238407415,0,0,0.26,0.14985
8,-1,-1.30899693899575,3145.90220396965,3315.72252768511,1.05398143766236,0,0,0.26,0.14985
8,-1,-1.22173047639603,2774.45765148515,2931.08681946725,1.05645397683337,0,0,0.26,0.14985
8,-1,-1.13446401379631,2426.83962234191,2569.33100904395,1.05871479326044,0,0,0.26,0.14985
8,-1,-1.0471975511966,2103.04811653994,2230.74851291634,1.06072157615989,0,0,0.26,0.14985
8,-1,-0.959931088596881,1803.08313407924,1915.63430638706,1.06242151023464,0,0,0.26,0.14985
8,-1,-0.872664625997165,1526.9446749598,1624.28084702151,1.06374570975486,0,0,0.25,0.14985
8,-1,-0.785398163397448,1274.63273918163,1356.97372286092,1.06459977148567,0,0,0.25,0.14985
8,-1,-0.698131700797732,1046.14732674472,1113.99022585786,1.06485023416754,0,0,0.25,0.14985
8,-1,-0.610865238198015,841.488437649078,895.59285041524,1.06429608577548,0,0,0.25,0.14985
8,-1,-0.523598775598299,660.656071894701,702.026758962076,1.06262061127922,0,0,0.25,0.14985
8,-1,-0.436332312998582,503.65022948159,533.515641750727,1.05929792248854,0,0,0.26,0.1998
8,-1,-0.349065850398866,370.470910409744,390.259291378229,1.05341412891662,0,0,0.26,0.1998
8,-1,-0.261799387799149,261.118114679163,272.436489528383,1.04334580487886,0,0,0.26,0.1998
8,-1,-0.174532925199433,175.591842289848,180.193542949111,1.0262068020886,0,0,0.26,0.1998
8,-1,-0.0872664625997165,113.892093241798,113.644570924244,0.99782669445693,0,1,0.24,0.14985
8,-1,0,76.0188675350133,72.8658244628669,0.958522888140972,1,1,0.22,0.14985
8,-1,0.0872664625997165,61.9721651694941,57.2364787761283,0.923583654364606,1,1,0.06,0.04995
8,-1,0.174532925199433,71.7519861452403,64.7030397824695,0.901759564557525,1,1,-0.06,0.04995
8,-1,0.261799387799149,105.358330462252,95.2546109558107,0.904101370417395,1,1,-0.21,0.14985
8,-1,0.349065850398866,162.791198120529,150.980341622745,0.927447818836992,1,1,-0.25,0.1998
8,-1,0.436332312998582,244.050589120071,232.438639404041,0.952419907045102,1,1,-0.25,0.1998
8,-1,0.523598775598299,349.136503460879,339.534416536022,0.972497613885474,1,1,-0.25,0.1998
8,-1,0.610865238198015,478.048941142952,472.13826990152,0.987635844925625,1,1,-0.26,0.1998
8,-1,0.698131700797732,630.787902166291,630.09417462526,0.998900220599272,0,1,-0.26,0.1998
8,-1,0.785398163397448,807.353386530895,813.221865865327,1.00726878642282,0,0,-0.26,0.1998
8,-1,0.872664625997165,1007.74539423676,1021.3189757489,1.01346925680808,0,0,-0.26,0.1998
8,-1,0.959931088596881,1231.9639252839,1254.16440150954,1.01802039472911,0,0,-0.26,0.1998
8,-1,1.0471975511966,1480.0089796723,1511.52159690489,1.02129217975392,0,0,-0.26,0.1998
8,-1,1.13446401379631,1751.88055740196,1793.14203159233,1.02355267544698,0,0,-0.26,0.1998
8,-1,1.22173047639603,2047.5786584729,2098.76876320119,1.02500031171768,0,0,-0.26,0.1998
8,-1,1.30899693899575,2367.10328288509,2428.14006673159,1.02578543331329,0,0,-0.26,0.1998
8,-1,1.39626340159546,2710.45443063855,2780.99306690433,1.0260246530871,0,0,-0.26,0.1998
8,-1,1.48352986419518,3077.63210173328,3157.06732112436,1.02581049870982,0,0,-0.26,0.1998
8,-1,1.5707963267949,3468.63629616927,3556.10830371558,1.02521798196107,0,0,-0.26,0.1998
8,-1,1.65806278939461,3883.46701394653,3977.87074592797,1.02430913707839,0,0,-0.26,0.1998
8,-1,1.74532925199433,4322.12425506505,4422.1217907819,1.02313620104736,0,0,-0.26,0.1998
8,-1,1.83259571459405,4784.60801952484,4888.64392695448,1.02174387264434,0,0,-0.26,0.1998
8,-1,1.91986217719376,5270.9183073259,5377.23767147554,1.02017093757683,0,0,-0.26,0.1998
8,-1,2.00712863979348,5781.05511846821,5887.723976825,1.01845145153798,0,0,-0.26,0.1998
8,-1,2.0943951023932,6315.0184529518,6419.94634394767,1.01661561114629,0,0,-0.26,0.1998
8,-1,2.18166156499291,6872.80831077665,6973.77262856688,1.01469040212164,0,0,-0.26,0.1998
8,-1,2.26892802759263,7454.42469194277,7549.09653383488,1.01270008696908,0,0,-0.26,0.1998
8,-1,2.35619449019234,8059.86759645015,8145.83878766757,1.01066657611786,0,0,-0.26,0.1998
8,-1,2.44346095279206,8689.13702429879,8763.9480079511,1.00860971388103,0,0,-0.26,0.1998
8,-1,2.53072741539178,9342.2329754887,9403.40126307797,1.0065475018392,0,0,-0.26,0.1998
8,-1,2.61799387799149,10019.1554500199,10064.2007735157,1.00449592021209,0,0,-0.28,0.24975
8,-1,2.70526034059121,10719.9044478923,10746.3655479986,1.00246840820596,0,0,-0.28,0.24975
8,-1,2.79252680319093,11444.479969106,11449.9752093405,1.00048016513195,0,0,-0.28,0.24975
8,-1,2.87979326579064,12192.882013661,12175.119230152,0.998543184171792,0,1,-0.27,0.24975
8,-1,2.96705972839036,12965.1105815572,12921.9149771521,0.996668319631101,0,1,-0.27,0.24975
8,-1,3.05432619099008,13761.1656727947,13690.5040737146,0.994865144366379,0,1,-0.31,0.2997
8,-0.5,-3.14159265358979,15925.8711946745,14889.6064187852,0.934931988132882,1,1,-0.7,0.64935
8,-0.5,-3.05432619099008,15067.0496340415,14999.5795029362,0.995522007775638,0,1,0.27,0.24975
8,-0.5,-2.96705972839036,14232.0545967497,14199.938237089,0.997743378551397,0,1,0.27,0.24975
8,-0.5,-2.87979326579064,13420.8860827993,13421.9620454501,1.00008017076102,0,0,0.28,0.24975
8,-0.5,-2.79252680319093,12633.5440921901,12665.4458185075,1.00252516048424,0,0,0.28,0.24975
8,-0.5,-2.70526034059121,11870.0286249221,11930.2118167836,1.00507018085324,0,0,0.26,0.1998
8,-0.5,-2.61799387799149,11130.3396809955,11216.0943148496,1.0077045837155,0,0,0.26,0.1998
8,-0.5,-2.53072741539178,10414.47726041,10523.0041696477,1.01042077355627,0,0,0.26,0.1998
8,-0.5,-2.44346095279206,9722.44136316591,9850.8562581458,1.01320809148476,0,0,0.26,0.1998
8,-0.5,-2.35619449019234,9054.23198926304,9199.59726407802,1.01605495363796,0,0,0.26,0.1998
8,-0.5,-2.26892802759263,8409.84913870143,8569.20434256344,1.01894864000933,0,0,0.27,0.1998
8,-0.5,-2.18166156499291,7789.29281148108,7959.68963210595,1.02187577547139,0,0,0.27,0.1998
8,-0.5,-2.0943951023932,7192.56300760201,7371.08162359747,1.02481988907247,0,0,0.25,0.14985
8,-0.5,-2.00712863979348,6619.6597270642,6803.47232510493,1.02776768075997,0,0,0.26,0.14985
8,-0.5,-1.91986217719376,6070.58296986765,6256.96700408099,1.0307028229642,0,0,0.26,0.14985
8,-0.5,-1.83259571459405,5545.33273601236,5731.70085378161,1.03360810372278,0,0,0.26,0.14985
8,-0.5,-1.74532925199433,5043.90902549835,5227.83538886856,1.03646504376673,0,0,0.26,0.14985
8,-0.5,-1.65806278939461,4566.3118383256,4745.55765188558,1.03925395809711,0,0,0.26,0.14985
8,-0.5,-1.5707963267949,4112.54117449411,4285.07790169782,1.04195379933793,0,0,0.26,0.14985
8,-0.5,-1.48352986419518,3682.59703400389,3846.62698718833,1.04454192290654,0,0,0.26,0.14985
8,-0.5,-1.39626340159546,3276.47941685494,3430.45343019014,1.04699373740702,0,0,0.26,0.14985
8,-0.5,-1.30899693899575,2894.18832304725,3036.82024774756,1.04928218511715,0,0,0.26,0.14985
8,-0.5,-1.22173047639603,2535.72375258083,2666.00154965509,1.05137696759817,0,0,0.26,0.14985
8,-0.5,-1.13446401379631,2201.08570545567,2318.27895265398,1.05324338207633,0,0,0.26,0.14985
8,-0.5,-1.0471975511966,1890.27418167177,1993.93736772009,1.05484029092364,0,0,0.25,0.14985
8,-0.5,-0.959931088596881,1603.28918122914,1693.26221349087,1.05611778169223,0,0,0.25,0.14985
8,-0.5,-0.872664625997165,1340.13070412778,1416.53548455568,1.05701293179282,0,0,0.25,0.14985
8,-0.5,-0.785398163397448,1100.79875036768,1164.03104129254,1.05744218995864,0,0,0.25,0.14985
8,-0.5,-0.698131700797732,885.293319948853,936.011313798108,1.0572894798892,0,0,0.25,0.14985
8,-0.5,-0.610865238198015,693.614412871287,732.722692190039,1.05638331411953,0,0,0.27,0.1998
8,-0.5,-0.523598775598299,525.762029134986,554.392518778172,1.05445522509545,0,0,0.26,0.1998
8,-0.5,-0.436332312998582,381.73616873995,401.232449153907,1.05107265700892,0,0,0.26,0.1998
8,-0.5,-0.349065850398866,261.53683168618,273.425676682654,1.04545763179826,0,0,0.26,0.1998
8,-0.5,-0.261799387799149,165.164017973675,171.128292731697,1.03611122344439,0,0,0.26,0.1998
8,-0.5,-0.174532925199433,92.617727602436,94.4667576347861,1.01996410493126,0,0,0.24,0.14985
8,-0.5,-0.0872664625997165,43.8979605724619,43.5291196996757,0.991597767459439,0,1,0.23,0.14985
8,-0.5,0,19.0047168837533,18.0710722719569,0.950873006027543,1,1,0.09,0.04995
8,-0.5,0.0872664625997165,17.9379965363101,16.1655182855909,0.901188616737028,1,1,-0.03,0
8,-0.5,0.174532925199433,40.6977995301322,37.0125172387779,0.909447627785729,1,1,-0.18,0.0999
8,-0.5,0.261799387799149,87.2841258652198,82.5400892100105,0.945648345467367,1,1,-0.25,0.1998
8,-0.5,0.349065850398866,157.696975541573,153.786748594026,0.975204172850382,1,1,-0.26,0.1998
8,-0.5,0.436332312998582,251.936348559191,250.694365262787,0.995070249674146,0,1,-0.26,0.1998
8,-0.5,0.523598775598299,370.002244918075,373.144549311552,1.00849266304904,0,0,-0.26,0.1998
8,-0.5,0.610865238198015,511.894664618224,520.990336772327,1.01776864027463,0,0,-0.26,0.1998
8,-0.5,0.698131700797732,677.613607659639,694.058547191482,1.02426890390918,0,0,-0.26,0.1998
8,-0.5,0.785398163397448,867.159074042318,892.152388762904,1.02882206445016,0,0,-0.26,0.1998
8,-0.5,0.872664625997165,1080.53106376626,1115.05437767363,1.03195032060164,0,0,-0.26,0.1998
8,-0.5,0.959931088596881,1317.72957683147,1362.52952258907,1.03399782971049,0,0,-0.26,0.1998
8,-0.5,1.0471975511966,1578.75461323795,1634.32872177113,1.03520123271038,0,0,-0.26,0.1998
8,-0.5,1.13446401379631,1863.60617298569,1930.19211029104,1.03572961834456,0,0,-0.27,0.1998
8,-0.5,1.22173047639603,2172.2842560747,2249.8528128942,1.03570829029515,0,0,-0.27,0.1998
8,-0.5,1.30899693899575,2504.78886250497,2593.03977024121,1.03523287294083,0,0,-0.25,0.14985
8,-0.5,1.39626340159546,2861.11999227651,2959.48451271412,1.03437972566797,0,0,-0.25,0.14985
8,-0.5,1.48352986419518,3241.27764538931,3348.92401766774,1.0332110926787,0,0,-0.25,0.14985
8,-0.5,1.5707963267949,3645.26182184338,3761.10112292946,1.03177804688594,0,0,-0.25,0.14985
8,-0.5,1.65806278939461,4073.07252163871,4195.76965959624,1.03012397577153,0,0,-0.25,0.14985
8,-0.5,1.74532925199433,4524.70974477531,4652.69761207563,1.02828642598525,0,0,-0.25,0.14985
8,-0.5,1.83259571459405,5000.17349125318,5131.67004420805,1.02629839808257,0,0,-0.25,0.14985
8,-0.5,1.91986217719376,5499.46376107231,5632.48598441136,1.02418821709139,0,0,-0.27,0.1998
8,-0.5,2.00712863979348,6022.5805542327,6154.97522669905,1.02198304717955,0,0,-0.27,0.1998
8,-0.5,2.0943951023932,6569.52387073437,6698.98927199826,1.01970696869535,0,0,-0.26,0.1998
8,-0.5,2.18166156499291,7140.29371057729,7264.40356442543,1.01738161746264,0,0,-0.26,0.1998
8,-0.5,2.26892802759263,7734.89007376148,7851.12360623731,1.01502717315533,0,0,-0.26,0.1998
8,-0.5,2.35619449019234,8353.31296028694,8459.08217937021,1.01266194856892,0,0,-0.26,0.1998
8,-0.5,2.44346095279206,8995.56237015366,9088.2413242485,1.01030274153869,0,0,-0.26,0.1998
8,-0.5,2.53072741539178,9661.63830336165,9738.59279816704,1.00796495298097,0,0,-0.26,0.1998
8,-0.5,2.61799387799149,10351.5407599109,10410.1582304414,1.00566268074387,0,0,-0.26,0.1998
8,-0.5,2.70526034059121,11065.2697398014,11102.9733364556,1.00340738161299,0,0,-0.28,0.24975
8,-0.5,2.79252680319093,11802.8252430332,11817.1226452953,1.00121135422814,0,0,-0.28,0.24975
8,-0.5,2.87979326579064,12564.2072696062,12552.7245334495,0.999086075554919,0,1,-0.27,0.24975
8,-0.5,2.96705972839036,13349.4158195206,13309.9132966969,0.997040880038666,0,1,-0.27,0.24975
8,-0.5,3.05432619099008,14158.4508927761,14088.853248375,0.995084374347997,0,1,-0.31,0.2997
8,-0.2,-3.14159265358979,15629.5396209017,15153.0542628439,0.969513794416532,1,1,-0.7,0.64935
8,-0.2,-3.05432619099008,14778.5060494795,14710.3979416289,0.995391407790304,0,1,0.31,0.2997
8,-0.2,-2.96705972839036,13951.2990013986,13916.966792789,0.997539138928485,0,1,0.27,0.24975
8,-0.2,-2.87979326579064,13147.918476659,13145.2269839348,0.999795291343722,0,1,0.28,0.24975
8,-0.2,-2.79252680319093,12368.3644752607,12394.9849043615,1.00215229985776,0,0,0.28,0.24975
8,-0.2,-2.70526034059121,11612.6369972036,11666.0800890248,1.00460214952332,0,0,0.28,0.24975
8,-0.2,-2.61799387799149,10880.7360424877,10958.3495273448,1.00713310979643,0,0,0.26,0.1998
8,-0.2,-2.53072741539178,10172.6616111132,10271.7167960212,1.0097373911268,0,0,0.26,0.1998
8,-0.2,-2.44346095279206,9488.41370307989,9606.10781579426,1.01240398199292,0,0,0.26,0.1998
8,-0.2,-2.35619449019234,8827.99231838785,8961.47877648332,1.01512081720069,0,0,0.26,0.1998
8,-0.2,-2.26892802759263,8191.39745703709,8337.81726325598,1.01787482624141,0,0,0.27,0.1998
8,-0.2,-2.18166156499291,7578.62911902759,7735.14035847435,1.02065165572673,0,0,0.27,0.1998
8,-0.2,-2.0943951023932,6989.68730435936,7153.49764873942,1.02343600468048,0,0,0.25,0.14985
8,-0.2,-2.00712863979348,6424.57201303239,6592.9639245659,1.02621060378682,0,0,0.25,0.14985
8,-0.2,-1.91986217719376,5883.2832450467,6053.66173406655,1.02895976309883,0,0,0.25,0.14985
8,-0.2,-1.83259571459405,5365.82100040226,5535.72886228858,1.03166483970926,0,0,0.26,0.14985
8,-0.2,-1.74532925199433,4872.18527909909,5039.33115912918,1.03430614199898,0,0,0.26,0.14985
8,-0.2,-1.65806278939461,4402.37608113718,4564.65828558207,1.03686241280935,0,0,0.26,0.14985
8,-0.2,-1.5707963267949,3956.39340651654,4111.92189421013,1.0393106730583,0,0,0.26,0.14985
8,-0.2,-1.48352986419518,3534.23725523716,3681.35317356067,1.0416259316223,0,0,0.26,0.14985
8,-0.2,-1.39626340159546,3135.90762729906,3273.19992851244,1.04378072237148,0,0,0.26,0.14985
8,-0.2,-1.30899693899575,2761.40452270221,2887.72340799343,1.04574443340435,0,0,0.26,0.14985
8,-0.2,-1.22173047639603,2410.72794144663,2525.19443201414,1.04748212712,0,0,0.25,0.14985
8,-0.2,-1.13446401379631,2083.87788353232,2185.89098040359,1.04895349083428,0,0,0.25,0.14985
8,-0.2,-1.0471975511966,1780.85434895927,1870.09391435309,1.05011053567967,0,0,0.25,0.14985
8,-0.2,-0.959931088596881,1501.65733772749,1578.08289195144,1.0508941369671,0,0,0.25,0.14985
8,-0.2,-0.872664625997165,1246.28684983697,1310.13279528458,1.05122893293463,0,0,0.25,0.14985
8,-0.2,-0.785398163397448,1014.74288528772,1066.50996055991,1.05101496745898,0,0,0.25,0.14985
8,-0.2,-0.698131700797732,807.025444079736,847.464517513604,1.05010879611111,0,0,0.26,0.1998
8,-0.2,-0.610865238198015,623.134526213015,653.239079120869,1.04831148274002,0,0,0.26,0.1998
8,-0.2,-0.523598775598299,463.07013168756,484.054165755833,1.04531502386432,0,0,0.26,0.1998
8,-0.2,-0.436332312998582,326.83226050337,340.107061804218,1.04061655749773,0,0,0.26,0.1998
8,-0.2,-0.349065850398866,214.420912660445,221.570036073713,1.03334153989256,0,0,0.26,0.1998
8,-0.2,-0.261799387799149,125.836088158786,128.587902862088,1.02186824736502,0,0,0.26,0.1998
8,-0.2,-0.174532925199433,61.0777869983921,61.2726750313163,1.00319081686652,0,0,0.24,0.14985
8,-0.2,-0.0872664625997165,20.1460091792636,19.6884512275193,0.977287911085873,1,1,0.18,0.0999
8,-0.2,0,3.04075470140053,2.87381233073871,0.945098376207416,1,1,0.04,0
8,-0.2,0.0872664625997165,9.76202356480284,8.86342852679735,0.907949921239138,1,1,-0.09,0.04995
8,-0.2,0.174532925199433,40.3098157694706,38.2983520222562,0.950099902249173,1,1,-0.23,0.14985
8,-0.2,0.261799387799149,94.6841313154036,93.1526659457471,0.983825532870391,1,1,-0.26,0.1998
8,-0.2,0.349065850398866,172.884970202602,173.714464838262,1.00479795689983,0,0,-0.26,0.1998
8,-0.2,0.436332312998582,274.912332431066,279.89182824777,1.0181130317897,0,0,-0.26,0.1998
8,-0.2,0.523598775598299,400.766218000795,411.554977969185,1.026920332812,0,0,-0.26,0.1998
8,-0.2,0.610865238198015,550.44662691179,568.546105103215,1.03288144082737,0,0,-0.26,0.1998
8,-0.2,0.698131700797732,723.95355916405,750.681698939618,1.03691968833806,0,0,-0.26,0.1998
8,-0.2,0.785398163397448,921.287014757576,957.755230709853,1.03958398997068,0,0,-0.26,0.1998
8,-0.2,0.872664625997165,1142.44699369237,1189.54014703687,1.04122130269895,0,0,-0.26,0.1998
8,-0.2,0.959931088596881,1387.43349596842,1445.79280695821,1.04206278078147,0,0,-0.27,0.1998
8,-0.2,1.0471975511966,1656.24652158574,1726.25459277357,1.04226911288592,0,0,-0.25,0.14985
8,-0.2,1.13446401379631,1948.88607054433,2030.65837427411,1.04195848334374,0,0,-0.25,0.14985
8,-0.2,1.22173047639603,2265.35214284418,2358.73511392918,1.04122227591855,0,0,-0.25,0.14985
8,-0.2,1.30899693899575,2605.6447384853,2710.2105909011,1.04013051006968,0,0,-0.25,0.14985
8,-0.2,1.39626340159546,2969.76385746769,3084.81206511958,1.0387398504304,0,0,-0.25,0.14985
8,-0.2,1.48352986419518,3357.70949979133,3482.27193293249,1.03709744191655,0,0,-0.25,0.14985
8,-0.2,1.5707963267949,3769.48166545625,3902.33126366342,1.03524346581245,0,0,-0.25,0.14985
8,-0.2,1.65806278939461,4205.08035446243,4344.74317121452,1.03321287703905,0,0,-0.25,0.14985
8,-0.2,1.74532925199433,4664.50556680987,4809.27597956575,1.03103660413356,0,0,-0.25,0.14985
8,-0.2,1.83259571459405,5147.75730249858,5295.7161463128,1.0287423891842,0,0,-0.25,0.14985
8,-0.2,1.91986217719376,5654.83556152856,5803.87091409937,1.02635538221213,0,0,-0.25,0.14985
8,-0.2,2.00712863979348,6185.7403438998,6333.56929126486,1.02389834347167,0,0,-0.27,0.1998
8,-0.2,2.0943951023932,6740.4716496123,6884.65778153562,1.02139110427556,0,0,-0.27,0.1998
8,-0.2,2.18166156499291,7319.02947866607,7457.02660987536,1.01885456693562,0,0,-0.27,0.1998
8,-0.2,2.26892802759263,7921.41383106111,8050.58437788717,1.01630650153885,0,0,-0.26,0.1998
8,-0.2,2.35619449019234,8547.62470679741,8665.2727426002,1.013763827945,0,0,-0.26,0.1998
8,-0.2,2.44346095279206,9197.66210587498,9301.06184223533,1.01124195857274,0,0,-0.26,0.1998
8,-0.2,2.53072741539178,9871.52602829381,9957.95224742889,1.00875510218859,0,0,-0.26,0.1998
8,-0.2,2.61799387799149,10569.2164740539,10635.9750935815,1.00631632625668,0,0,-0.26,0.1998
8,-0.2,2.70526034059121,11290.7334431553,11335.1825377382,1.00393677654394,0,0,-0.28,0.24975
8,-0.2,2.79252680319093,12036.0769355979,12055.6556350766,1.00162666785727,0,0,-0.28,0.24975
8,-0.2,2.87979326579064,12805.2469513818,12797.5321848241,0.999397530825687,0,1,-0.28,0.24975
8,-0.2,2.96705972839036,13598.243490507,13560.9568166322,0.997257978657256,0,1,-0.27,0.24975
8,-0.2,3.05432619099008,14415.0665529734,14346.1072813796,0.995216166963895,0,1,-0.31,0.2997
15,-100,-3.14159265358979,733372.978060085,457443.441300249,0.623752790169985,1,1,-0.32,-0.94905
15,-100,-3.05432619099008,728309.174420859,728558.779580781,1.00034271868142,0,0,0.24,0.1998
15,-100,-2.96705972839036,723280.058043467,724359.687159041,1.00149268475408,0,0,0.24,0.1998
15,-100,-2.87979326579064,718285.628927911,720177.574872818,1.0026339743811,0,0,0.24,0.1998
15,-100,-2.79252680319093,713325.88707419,716005.879022319,1.00375703727664,0,0,0.24,0.14985
15,-100,-2.70526034059121,708400.832482304,711839.171805265,1.00485366358325,0,0,0.24,0.14985
15,-100,-2.61799387799149,703510.465152254,707671.722009782,1.00591498927685,0,0,0.23,0.0999
15,-100,-2.53072741539178,698654.785084038,703498.167099191,1.00693243948021,0,0,0.23,0.0999
15,-100,-2.44346095279206,693833.792277658,699313.795706853,1.00789815009039,0,0,0.23,0.0999
15,-100,-2.35619449019234,689047.486733113,695113.807868309,1.0088039231722,0,0,0.23,0.04995
15,-100,-2.26892802759263,684295.868450403,690894.038960428,1.00964227728711,0,0,0.23,0.04995
15,-100,-2.18166156499291,679578.937429529,686650.946314626,1.01040645684495,0,0,0.23,0.04995
15,-100,-2.0943951023932,674896.693670489,682381.246521414,1.01108992371887,0,0,0.23,0.04995
15,-100,-2.00712863979348,670249.137173285,678082.148222839,1.01168671560338,0,0,0.23,0.04995
15,-100,-1.91986217719376,665636.267937917,673751.232006331,1.01219128893555,0,0,0.23,0
15,-100,-1.83259571459405,661058.085964383,669386.895133266,1.01259920927634,0,0,0.23,0
15,-100,-1.74532925199433,656514.591252685,664987.967195468,1.01290660718845,0,0,0.23,0
15,-100,-1.65806278939461,652005.783802821,660553.783907443,1.01311031330852,0,0,0.23,0
15,-100,-1.5707963267949,647531.663614793,656084.230096787,1.01320795099694,0,0,0.23,0
15,-100,-1.48352986419518,643092.2306886,651579.737757205,1.01319796238172,0,0,0.23,0
15,-100,-1.39626340159546,638687.485024243,647041.27958106,1.01307962775644,0,0,0.23,0
15,-100,-1.30899693899575,634317.426621721,642470.358041748,1.01285307809285,0,0,0.23,0
15,-100,-1.22173047639603,629982.055481034,637868.852374606,1.01251908181345,0,0,0.23,0.04995
15,-100,-1.13446401379631,625681.371602182,633239.314219616,1.01207953914,0,0,0.23,0.04995
15,-100,-1.0471975511966,621415.374985165,628584.787261722,1.01153723027327,0,0,0.23,0.04995
15,-100,-0.959931088596881,617184.065629984,623908.702593401,1.01089567494999,0,0,0.23,0.04995
15,-100,-0.872664625997165,612987.443536637,619214.905467404,1.01015919982771,0,0,0.23,0.04995
15,-100,-0.785398163397448,608825.508705126,614507.41837411,1.00933257491308,0,0,0.23,0.0999
15,-100,-0.698131700797732,604698.261135451,609790.814736709,1.00842164419606,0,0,0.23,0.0999
15,-100,-0.610865238198015,600605.70082761,605070.143944372,1.00743323466729,0,0,0.23,0.0999
15,-100,-0.523598775598299,596547.827781605,600350.479317979,1.00637442860284,0,0,0.24,0.14985
15,-100,-0.436332312998582,592524.641997435,595636.899245479,1.00525253639672,0,0,0.24,0.14985
15,-100,-0.349065850398866,588536.143475099,590935.237863114,1.00407637562215,0,0,0.23,0.14985
15,-100,-0.261799387799149,584582.3322146,586251.070651831,1.00285458240058,0,0,0.24,0.1998
15,-100,-0.174532925199433,580663.208215935,581589.965465142,1.0015960323232,0,0,0.24,0.1998
15,-100,-0.0872664625997165,576778.771479106,576958.044501846,1.00031081765073,0,0,0.24,0.1998
15,-100,0,572929.022004112,572360.758207754,0.999008142763706,0,1,0.26,0.24975
15,-100,0.0872664625997165,569113.959790953,567802.855263315,0.997696235516486,0,1,0.7,0.64935
15,-100,0.174532925199433,565333.58483963,563290.630903214,0.996386285918259,0,1,0.69,0.64935
15,-100,0.261799387799149,561587.897150141,558830.286122778,0.995089618132162,0,1,0.68,0.64935
15,-100,0.349065850398866,557876.896722488,554426.774060009,0.993815620107682,0,1,0.7,0.6993
15,-100,0.436332312998582,554200.58355667,550085.631520167,0.992574977077622,0,1,0.7,0.6993
15,-100,0.523598775598299,550558.957652687,545811.800446707,0.991377567942552,0,1,0.7,0.6993
15,-100,0.610865238198015,546952.01901054,541609.869160115,0.990232872967378,0,1,0.7,0.6993
15,-100,0.698131700797732,543379.767630227,537483.882642287,0.989149605231617,1,1,0.7,0.74925
15,-100,0.785398163397448,539842.20351175,533437.687097604,0.988136317663783,1,1,0.7,0.74925
15,-100,0.872664625997165,536339.326655108,529475.152733063,0.987201807548118,1,1,0.7,0.74925
15,-100,0.959931088596881,532871.137060302,525599.423029543,0.986353710071678,1,1,0.7,0.74925
15,-100,1.0471975511966,529437.63472733,521813.222544475,0.985599036255173,1,1,0.7,0.74925
15,-100,1.13446401379631,526038.819656194,518118.840736763,0.984944117005266,1,1,0.7,0.74925
15,-100,1.22173047639603,522674.691846893,514518.11914623,0.984394552045668,1,1,0.7,0.74925
15,-100,1.30899693899575,519345.251299427,511012.168232016,0.983954637023133,1,1,0.7,0.7992
15,-100,1.39626340159546,516050.498013797,507602.191799544,0.983628915684087,1,1,0.7,0.7992
15,-100,1.48352986419518,512790.431990001,504288.689824129,0.983420630270187,1,1,0.7,0.7992
15,-100,1.5707963267949,509565.053228041,501071.652046486,0.983332057157863,1,1,0.7,0.7992
15,-100,1.65806278939461,506374.361727916,497950.606157046,0.983364569363019,1,1,0.7,0.7992
15,-100,1.74532925199433,503218.357489627,494924.624877481,0.983518620716621,1,1,0.7,0.7992
15,-100,1.83259571459405,500097.040513172,491992.336159317,0.983793736620519,1,1,0.7,0.7992
15,-100,1.91986217719376,497010.410798553,489151.936402727,0.984188511497779,1,1,0.7,0.7992
15,-100,2.00712863979348,493958.468345769,486401.206586049,0.984700613019088,1,1,0.7,0.7992
15,-100,2.0943951023932,490941.21315482,483737.531184564,0.985326793153167,1,1,0.7,0.7992
15,-100,2.18166156499291,487958.645225707,481157.919745417,0.986062906053967,1,1,0.7,0.7992
15,-100,2.26892802759263,485010.764558428,478659.030973946,0.986903932760617,1,1,0.7,0.7992
15,-100,2.35619449019234,482097.571152985,476237.090572227,0.98784378737536,1,1,0.7,0.74925
15,-100,2.44346095279206,479219.065009377,473888.00641061,0.988875528984511,1,1,0.7,0.74925
15,-100,2.53072741539178,476375.246127604,471607.754034877,0.989992149819954,1,1,0.7,0.74925
15,-100,2.61799387799149,473566.114507667,469391.87776949,0.991185524871187,0,1,0.7,0.74925
15,-100,2.70526034059121,470791.670149564,467235.723549421,0.992446878682,0,1,0.7,0.74925
15,-100,2.79252680319093,468051.913053297,465134.118275489,0.993766087272725,0,1,0.7,0.6993
15,-100,2.87979326579064,465346.843218866,463082.323780597,0.99513369549774,0,1,0.7,0.6993
15,-100,2.96705972839036,462676.460646269,461075.430568487,0.996539633601534,0,1,0.68,0.64935
15,-100,3.05432619099008,460040.765335507,459107.920706621,0.997972256592944,0,1,0.7,0.64935
15,-60,-3.14159265358979,311511.759822753,145955.350805653,0.468538814999153,1,1,-0.64,-0.7992
15,-60,-3.05432619099008,307980.918521157,308103.131977613,1.00039682152077,0,0,0.24,0.1998
15,-60,-2.96705972839036,304484.764481396,305139.781470676,1.00215123075335,0,0,0.24,0.1998
15,-60,-2.87979326579064,301023.29770347,302198.166243,1.0039029156497,0,0,0.24,0.1998
15,-60,-2.79252680319093,297596.51818738,299274.223639989,1.00563751707456,0,0,0.23,0.14985
15,-60,-2.70526034059121,294204.425933124,296364.35304746,1.00734158606719,0,0,0.24,0.14985
15,-60,-2.61799387799149,290847.020940705,293465.164362113,1.00900178868238,0,0,0.24,0.14985
15,-60,-2.53072741539178,287524.30321012,290573.136483985,1.01060374110928,0,0,0.23,0.0999
15,-60,-2.44346095279206,284236.27274137,287685.419966424,1.0121347891027,0,0,0.23,0.0999
15,-60,-2.35619449019234,280982.929534456,284799.252334423,1.0135820450242,0,0,0.23,0.0999
15,-60,-2.26892802759263,277764.273589376,281911.981754645,1.01493247533842,0,0,0.23,0.04995
15,-60,-2.18166156499291,274580.304906133,279021.424220622,1.01617420927553,0,0,0.23,0.04995
15,-60,-2.0943951023932,271431.023484724,276125.78229059,1.01729632355798,0,0,0.23,0.04995
15,-60,-2.00712863979348,268316.42932515,273223.473965595,1.01828827497737,0,0,0.23,0.04995
15,-60,-1.91986217719376,265236.522427412,270313.256464631,1.01914040340582,0,0,0.23,0.04995
15,-60,-1.83259571459405,262191.302791509,267394.234293996,1.01984402780371,0,0,0.23,0.04995
15,-60,-1.74532925199433,259180.770417441,264465.864331864,1.0203915356294,0,0,0.23,0.04995
15,-60,-1.65806278939461,256204.925305209,261527.938832501,1.02077639030924,0,0,0.23,0
15,-60,-1.5707963267949,253263.767454811,258580.658124016,1.02099349118366,0,0,0.23,0
15,-60,-1.48352986419518,250357.296866249,255624.543521346,1.02103891806242,0,0,0.23,0.04995
15,-60,-1.39626340159546,247485.513539522,252660.405855351,1.02090987970091,0,0,0.23,0.04995
15,-60,-1.30899693899575,244648.41747463,249689.455012325,1.02060523256079,0,0,0.23,0.04995
15,-60,-1.22173047639603,241846.008671574,246713.198721747,1.02012516177921,0,0,0.23,0.04995
15,-60,-1.13446401379631,239078.287130352,243733.448473548,1.01947128448623,0,0,0.23,0.04995
15,-60,-1.0471975511966,236345.252850966,240752.301433882,1.01864665581286,0,0,0.23,0.04995
15,-60,-0.959931088596881,233646.905833416,237772.120032653,1.01765576216181,0,0,0.23,0.04995
15,-60,-0.872664625997165,230983.2460777,234795.509443751,1.01650450165017,0,0,0.23,0.04995
15,-60,-0.785398163397448,228354.27358382,231825.087029636,1.01519924891856,0,0,0.23,0.0999
15,-60,-0.698131700797732,225759.988351774,228864.044457309,1.01374936333137,0,0,0.23,0.0999
15,-60,-0.610865238198015,223200.390381564,225915.58006974,1.01216480707554,0,0,0.23,0.0999
15,-60,-0.523598775598299,220675.479673189,222982.942649505,1.0104563632522,0,0,0.24,0.14985
15,-60,-0.436332312998582,218185.25622665,220069.454556664,1.0086357729326,0,0,0.24,0.14985
15,-60,-0.349065850398866,215729.720041946,217178.765121906,1.00671694692636,0,0,0.23,0.14985
15,-60,-0.261799387799149,213308.871119076,214314.374968638,1.00471383981494,0,0,0.24,0.1998
15,-60,-0.174532925199433,210922.709458042,211479.749918548,1.0026409695852,0,0,0.24,0.1998
15,-60,-0.0872664625997165,208571.235058844,208678.646448928,1.00051498659464,0,0,0.24,0.1998
15,-60,0,206254.44792148,205914.395824585,0.998351298115886,0,1,0.26,0.24975
15,-60,0.0872664625997165,203972.348045952,203189.956765854,0.996164228692793,0,1,0.7,0.64935
15,-60,0.174532925199433,201724.935432259,200508.883764464,0.993971733513314,0,1,0.69,0.64935
15,-60,0.261799387799149,199512.210080401,197874.942028146,0.991793644852135,0,1,0.68,0.64935
15,-60,0.349065850398866,197334.171990379,195291.04259044,0.989646347719045,1,1,0.7,0.6993
15,-60,0.436332312998582,195190.821162191,192760.314077192,0.987548046211763,1,1,0.7,0.6993
15,-60,0.523598775598299,193082.157595839,190285.596203373,0.985516210160028,1,1,0.7,0.6993
15,-60,0.610865238198015,191008.181291322,187869.451720702,0.983567564753505,1,1,0.7,0.6993
15,-60,0.698131700797732,188968.89224864,185514.0739779,0.981717529114818,1,1,0.7,0.74925
15,-60,0.785398163397448,186964.290467794,183221.559822334,0.979981574898099,1,1,0.7,0.74925
15,-60,0.872664625997165,184994.375948783,180993.955286705,0.978375447136917,1,1,0.7,0.74925
15,-60,0.959931088596881,183059.148691606,178832.866757329,0.976913025300924,1,1,0.7,0.74925
15,-60,1.0471975511966,181158.608696266,176739.636105992,0.975607162021859,1,1,0.7,0.74925
15,-60,1.13446401379631,179292.75596276,174715.335037938,0.974469571287235,1,1,0.7,0.74925
15,-60,1.22173047639603,177461.59049109,172760.595397623,0.973509788340915,1,1,0.7,0.7992
15,-60,1.30899693899575,175665.112281254,170876.070260768,0.972737659981004,1,1,0.7,0.7992
15,-60,1.39626340159546,173903.321333254,169062.075148198,0.972161278186407,1,1,0.7,0.7992
15,-60,1.48352986419518,172176.21764709,167318.586119198,0.971786861192129,1,1,0.7,0.7992
15,-60,1.5707963267949,170483.80122276,165645.310936978,0.971619061452884,1,1,0.7,0.7992
15,-60,1.65806278939461,168826.072060266,164041.695095486,0.971660911692172,1,1,0.7,0.7992
15,-60,1.74532925199433,167203.030159607,162506.929526496,0.971913782730923,1,1,0.7,0.7992
15,-60,1.83259571459405,165614.675520783,161039.959898574,0.972377353590051,1,1,0.7,0.7992
15,-60,1.91986217719376,164061.008143794,159639.49741785,0.973049594318786,1,1,0.7,0.7992
15,-60,2.00712863979348,162542.028028641,158304.03103955,0.973926761955108,1,1,0.7,0.7992
15,-60,2.0943951023932,161057.735175322,157031.840998651,0.97500340997414,1,1,0.7,0.7992
15,-60,2.18166156499291,159608.129583839,155821.013567516,0.976272411523161,1,1,0.7,0.7992
15,-60,2.26892802759263,158193.211254191,154669.456947706,0.977724996676229,1,1,0.7,0.7992
15,-60,2.35619449019234,156812.980186379,153574.918202052,0.979350803865354,1,1,0.7,0.7992
15,-60,2.44346095279206,155467.436380402,152535.001131346,0.981137945557421,1,1,0.7,0.7992
15,-60,2.53072741539178,154156.579836259,151547.184997553,0.983073088145327,1,1,0.7,0.7992
15,-60,2.61799387799149,152880.410553952,150608.655398959,0.985140312308414,1,1,0.7,0.74925
15,-60,2.70526034059121,151638.928533481,149716.853895941,0.987324662234639,1,1,0.7,0.74925
15,-60,2.79252680319093,150432.133774844,148869.028895374,0.98960923547219,1,1,0.7,0.74925
15,-60,2.87979326579064,149260.026278043,148062.167301771,0.991974683335237,0,1,0.7,0.6993
15,-60,2.96705972839036,148122.606043077,147293.552861845,0.99440292603959,0,1,0.7,0.6993
15,-60,3.05432619099008,147019.873069946,146560.205298056,0.996873431038323,0,1,0.7,0.64935
15,-40,-3.14159265358979,169332.63334458,58960.2321153238,0.348191786490109,1,1,-0.01,0
15,-40,-3.05432619099008,166568.273211799,166626.790816522,1.00035131302975,0,0,0.24,0.1998
15,-40,-2.96705972839036,163838.600340854,164281.311266987,1.00270211613876,0,0,0.24,0.1998
15,-40,-2.87979326579064,161143.614731743,161959.944568584,1.00506585283072,0,0,0.24,0.1998
15,-40,-2.79252680319093,158483.316384468,159659.876670494,1.00742387471986,0,0,0.23,0.14985
15,-40,-2.70526034059121,155857.705299028,157378.426309051,1.00975711150826,0,0,0.24,0.14985
15,-40,-2.61799387799149,153266.781475423,155113.272990109,1.01204756501644,0,0,0.24,0.14985
15,-40,-2.53072741539178,150710.544913654,152862.103816876,1.01427610061695,0,0,0.23,0.0999
15,-40,-2.44346095279206,148188.99561372,150622.714736704,1.01642307590321,0,0,0.23,0.0999
15,-40,-2.35619449019234,145702.133575621,148393.358399612,1.01847073037262,0,0,0.23,0.0999
15,-40,-2.26892802759263,143249.958799357,146172.344995482,1.02040060758564,0,0,0.23,0.0999
15,-40,-2.18166156499291,140832.471284928,143958.145814114,1.02219427452112,0,0,0.23,0.04995
15,-40,-2.0943951023932,138449.671032335,141749.532815672,1.0238343779276,0,0,0.23,0.04995
15,-40,-2.00712863979348,136101.558041576,139545.619477467,1.02530508456662,0,0,0.23,0.04995
15,-40,-1.91986217719376,133788.132312653,137345.681195449,1.02659091521274,0,0,0.23,0.04995
15,-40,-1.83259571459405,131509.393845566,135149.250206692,1.02767753887909,0,0,0.23,0.04995
15,-40,-1.74532925199433,129265.342640313,132956.117418672,1.02855192817326,0,0,0.23,0.04995
15,-40,-1.65806278939461,127055.978696896,130766.331910649,1.02920250783794,0,0,0.23,0.04995
15,-40,-1.5707963267949,124881.302015314,128580.198102101,1.02961929469901,0,0,0.23,0.04995
15,-40,-1.48352986419518,122741.312595567,126398.270610445,1.02979402727204,0,0,0.23,0.04995
15,-40,-1.39626340159546,120636.010437655,124221.346847955,1.02972028333242,0,0,0.23,0.04995
15,-40,-1.30899693899575,118565.395541579,122050.457435273,1.02939358383427,0,0,0.23,0.04995
15,-40,-1.22173047639603,116529.467907337,119886.854535811,1.02881148166868,0,0,0.23,0.04995
15,-40,-1.13446401379631,114528.227534931,117731.998241007,1.02797363388077,0,0,0.23,0.04995
15,-40,-1.0471975511966,112561.674424361,115587.541160456,1.02688185611639,0,0,0.23,0.04995
15,-40,-0.959931088596881,110629.808575625,113455.311392773,1.02554015824059,0,0,0.23,0.04995
15,-40,-0.872664625997165,108732.629988725,111337.230636547,1.0239541768473,0,0,0.23,0.0999
15,-40,-0.785398163397448,106870.138663659,109235.403997893,1.02213214433713,0,0,0.23,0.0999
15,-40,-0.698131700797732,105042.33460043,107152.141958103,1.02008530527905,0,0,0.23,0.0999
15,-40,-0.610865238198015,103249.217799035,105089.780772918,1.01782641082536,0,0,0.23,0.0999
15,-40,-0.523598775598299,101490.788259475,103050.656955762,1.01536955937615,0,0,0.24,0.14985
15,-40,-0.436332312998582,99767.045981751,101037.21485275,1.01273134689416,0,0,0.24,0.14985
15,-40,-0.349065850398866,98077.990965862,99052.011391795,1.00993108052419,0,0,0.23,0.14985
15,-40,-0.261799387799149,96423.6232118081,97097.5097675352,1.00698881180027,0,0,0.24,0.1998
15,-40,-0.174532925199433,94803.9427195895,95176.1247857449,1.00392580788814,0,0,0.24,0.1998
15,-40,-0.0872664625997165,93218.9494892061,93290.430062962,1.00076680303895,0,0,0.24,0.1998
15,-40,0,91668.6435206579,91442.6972734942,0.997535185004534,0,1,0.26,0.24975
15,-40,0.0872664625997165,90153.0248139449,89634.9901576167,0.994253829448348,0,1,0.7,0.64935
15,-40,0.174532925199433,88672.0933690672,87869.4928355826,0.990948668256381,0,1,0.69,0.64935
15,-40,0.261799387799149,87225.8491860247,86148.7526213233,0.987651635670473,1,1,0.68,0.64935
15,-40,0.349065850398866,85814.2922648173,84474.6594961494,0.984389164866222,1,1,0.7,0.6993
15,-40,0.436332312998582,84437.4226054452,82849.1379961976,0.981189802338363,1,1,0.7,0.6993
15,-40,0.523598775598299,83095.2402079084,81273.9767221989,0.978082216488543,1,1,0.7,0.6993
15,-40,0.610865238198015,81787.7450722067,79750.7256414888,0.97509383063539,1,1,0.7,0.6993
15,-40,0.698131700797732,80514.9371983402,78280.652286199,0.972250057071556,1,1,0.7,0.74925
15,-40,0.785398163397448,79276.816586309,76864.9788251928,0.969577010468244,1,1,0.7,0.74925
15,-40,0.872664625997165,78073.383236113,75504.8392040194,0.967100900132307,1,1,0.7,0.74925
15,-40,0.959931088596881,76904.6371477522,74201.0712617155,0.964845216279448,1,1,0.7,0.74925
15,-40,1.0471975511966,75770.5783212266,72954.3255272443,0.962831842433049,1,1,0.7,0.74925
15,-40,1.13446401379631,74671.2067565363,71764.9579347864,0.961079391267564,1,1,0.7,0.7992
15,-40,1.22173047639603,73606.5224536812,70633.2940120505,0.9596064541223,1,1,0.7,0.7992
15,-40,1.30899693899575,72576.5254126612,69559.503915637,0.958429788697243,1,1,0.7,0.7992
15,-40,1.39626340159546,71581.2156334765,68543.4994630187,0.957562663003488,1,1,0.7,0.7992
15,-40,1.48352986419518,70620.5931161271,67585.0169072263,0.957015707813312,1,1,0.7,0.7992
15,-40,1.5707963267949,69694.6578606128,66683.6230227176,0.956796762760251,1,1,0.7,0.7992
15,-40,1.65806278939461,68803.4098669338,65838.7222051992,0.956910745158295,1,1,0.7,0.7992
15,-40,1.74532925199433,67946.84913509,65049.4736797475,0.957358207301387,1,1,0.7,0.84915
15,-40,1.83259571459405,67124.9756650813,64315.0867559162,0.958139442415815,1,1,0.7,0.84915
15,-40,1.91986217719376,66337.789456908,63634.5365645129,0.95925018131406,1,1,0.7,0.84915
15,-40,2.00712863979348,65585.2905105698,63006.66526878,0.960682872306952,1,1,0.7,0.84915
15,-40,2.0943951023932,64867.4788260668,62430.200077855,0.962426800111239,1,1,0.7,0.84915
15,-40,2.18166156499291,64184.3544033991,61903.7646037217,0.964468135250783,1,1,0.7,0.84915
15,-40,2.26892802759263,63535.9172425666,61425.8906640103,0.966790019407438,1,1,0.7,0.84915
15,-40,2.35619449019234,62922.1673435692,60995.0304679127,0.969372687607312,1,1,0.7,0.84915
15,-40,2.44346095279206,62343.1047064072,60609.5691257723,0.972193627686677,1,1,0.7,0.84915
15,-40,2.53072741539178,61798.7293310803,60267.8374251606,0.975227776970654,1,1,0.7,0.84915
15,-40,2.61799387799149,61289.0412175887,59968.1248173237,0.978447755520022,1,1,0.7,0.84915
15,-40,2.70526034059121,60814.0403659322,59708.6678290327,0.98182372803635,1,1,0.7,0.7992
15,-40,2.79252680319093,60373.726776111,59487.6744638658,0.985323875805595,1,1,0.7,0.7992
15,-40,2.87979326579064,59968.100448125,59303.432015242,0.988916300034249,1,1,0.68,0.74925
15,-40,2.96705972839036,59597.1613819742,59154.0777611814,0.992565356964688,0,1,0.66,0.6993
15,-40,3.05432619099008,59260.9095776587,59037.7334869022,0.996234008348048,0,1,0.36,0.3996
15,-30,-3.14159265358979,115430.940765617,32619.0767141369,0.282585210670422,1,1,-0.66,0.5994
15,-30,-3.05432619099008,113049.821217244,113076.478541249,1.00023580155827,0,0,0.26,0.24975
15,-30,-2.96705972839036,110703.388930706,111039.946825266,1.00304017697932,0,0,0.24,0.1998
15,-30,-2.87979326579064,108391.643906003,109028.7043915,1.00587739481144,0,0,0.24,0.1998
15,-30,-2.79252680319093,106114.586143136,107040.57384587,1.00872629990268,0,0,0.23,0.14985
15,-30,-2.70526034059121,103872.215642103,105073.327739853,1.01156336264058,0,0,0.23,0.14985
15,-30,-2.61799387799149,101664.532402906,103125.197964231,1.01436750385607,0,0,0.24,0.14985
15,-30,-2.53072741539178,99491.5364255444,101194.407598798,1.01711573903101,0,0,0.24,0.14985
15,-30,-2.44346095279206,97353.2277100177,99279.2327819665,1.01978367967096,0,0,0.23,0.0999
15,-30,-2.35619449019234,95249.6062563263,97378.2820923289,1.0223483951238,0,0,0.23,0.0999
15,-30,-2.26892802759263,93180.6720644701,95490.3335913947,1.02478691638247,0,0,0.23,0.0999
15,-30,-2.18166156499291,91146.425134449,93614.3067414097,1.02707601097158,0,0,0.23,0.0999
15,-30,-2.0943951023932,89146.8654662633,91749.2787383358,1.02919242598673,0,0,0.23,0.04995
15,-30,-2.00712863979348,87181.9930599127,89894.5628935258,1.03111387728598,0,0,0.23,0.04995
15,-30,-1.91986217719376,85251.8079153974,88049.7642209819,1.03281990580612,0,0,0.23,0.04995
15,-30,-1.83259571459405,83356.3100327173,86214.6288231635,1.03429037093082,0,0,0.23,0.04995
15,-30,-1.74532925199433,81495.4994118724,84389.1146221986,1.03550644184291,0,0,0.23,0.04995
15,-30,-1.65806278939461,79669.3760528627,82573.3895901807,1.03645081311282,0,0,0.23,0.04995
15,-30,-1.5707963267949,77877.9399556882,80767.8280127546,1.03710791603772,0,0,0.23,0.04995
15,-30,-1.48352986419518,76121.191120349,78973.0048151183,1.03746412336429,0,0,0.23,0.04995
15,-30,-1.39626340159546,74399.129546845,77189.6880043813,1.03750794497911,0,0,0.23,0.04995
15,-30,-1.30899693899575,72711.7552351761,75418.8293068712,1.03723021212924,0,0,0.23,0.04995
15,-30,-1.22173047639603,71059.0681853425,73661.5531029659,1.03662424774324,0,0,0.23,0.04995
15,-30,-1.13446401379631,69441.0683973441,71919.1437848603,1.03568602045891,0,0,0.23,0.04995
15,-30,-1.0471975511966,67857.755871181,70193.031683866,1.03441428002892,0,0,0.23,0.04995
15,-30,-0.959931088596881,66309.130606853,68484.7728125701,1.03281059766288,0,0,0.23,0.0999
15,-30,-0.872664625997165,64795.1926043603,66795.9543771344,1.03087824408503,0,0,0.23,0.0999
15,-30,-0.785398163397448,63315.9418637028,65128.4331421441,1.0286261441446,0,0,0.23,0.0999
15,-30,-0.698131700797732,61871.3783848805,63484.0613686233,1.02606508899334,0,0,0.23,0.0999
15,-30,-0.610865238198015,60461.5021678935,61864.75178463,1.02320897705849,0,0,0.23,0.0999
15,-30,-0.523598775598299,59086.3132127416,60272.3847690132,1.02007354143084,0,0,0.24,0.14985
15,-30,-0.436332312998582,57745.811519425,58708.9650035592,1.0166791921144,0,0,0.23,0.14985
15,-30,-0.349065850398866,56439.9970879435,57176.505186863,1.0130494000163,0,0,0.23,0.14985
15,-30,-0.261799387799149,55168.8699182974,55676.9478271072,1.00920950364875,0,0,0.24,0.1998
15,-30,-0.174532925199433,53932.4300104864,54212.1828794666,1.00518709928193,0,0,0.24,0.1998
15,-30,-0.0872664625997165,52730.6773645106,52784.1925301026,1.00101487726437,0,0,0.24,0.1998
15,-30,0,51563.6119803701,51394.7186580719,0.996724563780316,0,1,0.26,0.24975
15,-30,0.0872664625997165,50431.2338580647,50045.3775136214,0.992348861708812,0,1,0.7,0.64935
15,-30,0.174532925199433,49333.5429975946,48737.6680312653,0.987921504718232,1,1,0.69,0.64935
15,-30,0.261799387799149,48270.5393989598,47473.5285780353,0.983488669676195,1,1,0.68,0.64935
15,-30,0.349065850398866,47242.2230621601,46254.3386091274,0.979088950752108,1,1,0.7,0.6993
15,-30,0.436332312998582,46248.5939871956,45081.420615824,0.974763051787157,1,1,0.7,0.6993
15,-30,0.523598775598299,45289.6521740664,43956.0376417354,0.970553659206625,1,1,0.7,0.6993
15,-30,0.610865238198015,44365.3976227724,42879.2332620056,0.966501723406083,1,1,0.7,0.6993
15,-30,0.698131700797732,43475.8303333136,41851.8121004721,0.962645492440496,1,1,0.7,0.74925
15,-30,0.785398163397448,42620.95030569,40874.5589867454,0.959025049736833,1,1,0.7,0.74925
15,-30,0.872664625997165,41800.7575399016,39948.1518228,0.955680092272652,1,1,0.7,0.74925
15,-30,0.959931088596881,41015.2520359485,39073.0441740321,0.952646692010716,1,1,0.7,0.74925
15,-30,1.0471975511966,40264.4337938306,38249.4924938041,0.949957292077079,1,1,0.7,0.7992
15,-30,1.13446401379631,39548.3028135479,37477.6065909998,0.947641337927687,1,1,0.7,0.7992
15,-30,1.22173047639603,38866.8590951004,36757.5139793878,0.945728953539792,1,1,0.7,0.7992
15,-30,1.30899693899575,38220.1026384881,36089.0914031951,0.944243707154594,1,1,0.7,0.7992
15,-30,1.39626340159546,37608.033443711,35472.0822805525,0.94320492278982,1,1,0.7,0.7992
15,-30,1.48352986419518,37030.6515107692,34905.9844527761,0.942624097300171,1,1,0.7,0.84915
15,-30,1.5707963267949,36487.9568396626,34390.4073030843,0.942513921900439,1,1,0.7,0.84915
15,-30,1.65806278939461,35979.9494303912,33924.7558170519,0.942879474655311,1,1,0.7,0.84915
15,-30,1.74532925199433,35506.629282955,33508.3091364657,0.943719801433007,1,1,0.7,0.84915
15,-30,1.83259571459405,35067.9963973541,33140.1788177,0.945026298114953,1,1,0.7,0.8991
15,-30,1.91986217719376,34664.0507735883,32819.4700457092,0.946786925165581,1,1,0.7,0.8991
15,-30,2.00712863979348,34294.7924116578,32545.2810999374,0.948986094135807,1,1,0.7,0.8991
15,-30,2.0943951023932,33960.2213115625,32316.5511917195,0.951600135206323,1,1,0.67,0.8991
15,-30,2.18166156499291,33660.3374733024,32132.0454367555,0.954596651392486,1,1,0.69,0.94905
15,-30,2.26892802759263,33395.1408968775,31990.5243926218,0.957939494593148,1,1,0.54,0.94905
15,-30,2.35619449019234,33164.6315822878,31890.482639176,0.961581091592999,1,1,0.3,0.94905
15,-30,2.44346095279206,32968.8095295334,31830.2507611942,0.965465578387984,1,1,0.07,0.94905
15,-30,2.53072741539178,32807.6747386142,31804.4313423844,0.969420466271296,1,1,-0.7,0.999
15,-30,2.61799387799149,32681.2272095302,31816.2646385804,0.973533350953922,1,1,-0.7,0.999
15,-30,2.70526034059121,32589.4669422814,31865.3301454363,0.977780035551744,1,1,-0.7,0.999
15,-30,2.79252680319093,32532.3939368678,31950.378119376,0.982109652962481,1,1,-0.7,0.999
15,-30,2.87979326579064,32510.0081932895,32069.6629236222,0.986455085860046,1,1,-0.7,0.7992
15,-30,2.96705972839036,32522.3097115463,32220.9121660297,0.990732591006301,0,1,-0.7,0.6993
15,-30,3.05432619099008,32569.2984916384,32404.398636885,0.994936954052119,0,1,-0.7,0.64935
15,-20,-3.14159265358979,72987.8286267361,17726.2052138054,0.242865222151741,1,1,-0.31,0.2997
15,-20,-3.05432619099008,70989.9496627706,70984.7441844699,0.999926673024484,0,1,0.26,0.24975
15,-20,-2.96705972839036,69026.7579606403,69257.1628236274,1.0033379064843,0,0,0.24,0.1998
15,-20,-2.87979326579064,67098.2535203452,67556.0446544974,1.00682269820947,0,0,0.24,0.1998
15,-20,-2.79252680319093,65204.4363418853,65879.7927691479,1.01035752266489,0,0,0.24,0.1998
15,-20,-2.70526034059121,63345.3064252607,64226.805877578,1.01391578164291,0,0,0.23,0.14985
15,-20,-2.61799387799149,61520.8637704713,62595.7033784348,1.01747113974169,0,0,0.24,0.14985
15,-20,-2.53072741539178,59731.108377517,60985.2467847796,1.02099640273433,0,0,0.24,0.14985
15,-20,-2.44346095279206,57976.040246398,59394.3025671806,1.02446290424035,0,0,0.24,0.14985
15,-20,-2.35619449019234,56255.6593771143,57821.7862251285,1.02783945411635,0,0,0.23,0.0999
15,-20,-2.26892802759263,54569.9657696657,56266.9026273896,1.03109653513228,0,0,0.23,0.0999
15,-20,-2.18166156499291,52918.9594240524,54728.9818035716,1.03420366536339,0,0,0.23,0.0999
15,-20,-2.0943951023932,51302.6403402742,53207.4863479745,1.03712959011595,0,0,0.23,0.0999
15,-20,-2.00712863979348,49721.0085183313,51702.0434228302,1.03984301532759,0,0,0.23,0.0999
15,-20,-1.91986217719376,48174.0639582236,50212.4276865967,1.04231247191727,0,0,0.23,0.04995
15,-20,-1.83259571459405,46661.8066599511,48738.5878797172,1.04450708981117,0,0,0.23,0.04995
15,-20,-1.74532925199433,45184.2366235139,47280.6922658079,1.04639794315354,0,0,0.23,0.04995
15,-20,-1.65806278939461,43741.3538489118,45839.0277097948,1.04795630853422,0,0,0.23,0.04995
15,-20,-1.5707963267949,42333.158336145,44414.0383634908,1.04915484951117,0,0,0.23,0.04995
15,-20,-1.48352986419518,40959.6500852134,43006.3194598735,1.04996794089799,0,0,0.23,0.04995
15,-20,-1.39626340159546,39620.829096117,41616.6096008894,1.05037200256286,0,0,0.23,0.04995
15,-20,-1.30899693899575,38316.6953688558,40245.7816185511,1.05034584092195,0,0,0.23,0.04995
15,-20,-1.22173047639603,37047.2489034299,38894.8321102035,1.04987099613225,0,0,0.23,0.04995
15,-20,-1.13446401379631,35812.4896998392,37564.8697687956,1.04893209278785,0,0,0.23,0.04995
15,-20,-1.0471975511966,34612.4177580836,36257.0797670535,1.04751653064125,0,0,0.23,0.0999
15,-20,-0.959931088596881,33447.0330781633,34972.7450862887,1.04561576521779,0,0,0.23,0.0999
15,-20,-0.872664625997165,32316.3356600783,33713.2585578043,1.04322652519827,0,0,0.23,0.0999
15,-20,-0.785398163397448,31220.3255038284,32480.042726478,1.04034926613738,0,0,0.23,0.0999
15,-20,-0.698131700797732,30159.0026094138,31274.5612192258,1.03698924080015,0,0,0.23,0.0999
15,-20,-0.610865238198015,29132.3669768343,30098.3032364244,1.03315680666655,0,0,0.23,0.0999
15,-20,-0.523598775598299,28140.4186060901,28952.693022347,1.0288650438228,0,0,0.24,0.14985
15,-20,-0.436332312998582,27183.1574971812,27839.2945952378,1.02413763368456,0,0,0.23,0.14985
15,-20,-0.349065850398866,26260.5836501074,26759.5794220133,1.0190017015065,0,0,0.23,0.14985
15,-20,-0.261799387799149,25372.6970648688,25714.9663267614,1.01348966808761,0,0,0.24,0.1998
15,-20,-0.174532925199433,24519.4977414655,24706.8214132705,1.007639784215,0,0,0.24,0.1998
15,-20,-0.0872664625997165,23700.9856798974,23736.5354373254,1.00149992738311,0,0,0.24,0.1998
15,-20,0,22917.1608801645,22805.3204827319,0.995119796993292,0,1,0.26,0.24975
15,-20,0.0872664625997165,22168.0233422668,21914.3173015449,0.98855531515802,1,1,0.52,0.4995
15,-20,0.174532925199433,21453.5730662043,21064.4205568316,0.981860713449839,1,1,0.7,0.64935
15,-20,0.261799387799149,20773.8100519771,20256.8829295043,0.975116402760041,1,1,0.69,0.64935
15,-20,0.349065850398866,20128.7342995851,19492.5981621876,0.968396615111038,1,1,0.7,0.6993
15,-20,0.436332312998582,19518.3458090283,18772.2836755326,0.961776364616381,1,1,0.7,0.6993
15,-20,0.523598775598299,18942.6445803067,18096.6790013541,0.955340682481471,1,1,0.7,0.6993
15,-20,0.610865238198015,18401.6306134203,17466.3213226047,0.949172477675242,1,1,0.7,0.6993
15,-20,0.698131700797732,17895.3039083691,16881.5523548275,0.943350973041171,1,1,0.7,0.74925
15,-20,0.785398163397448,17423.6644651532,16342.7195883804,0.93796110577458,1,1,0.7,0.74925
15,-20,0.872664625997165,16986.7122837725,15850.0448816627,0.933084908773333,1,1,0.7,0.74925
15,-20,0.959931088596881,16584.447364227,15403.5393364059,0.928794249100614,1,1,0.7,0.7992
15,-20,1.0471975511966,16216.8697065167,15003.1621020098,0.925157713759078,1,1,0.7,0.7992
15,-20,1.13446401379631,15883.9793106416,14648.8356872955,0.922239660528979,1,1,0.7,0.7992
15,-20,1.22173047639603,15585.7761766018,14340.1886989989,0.920081780753861,1,1,0.7,0.84915
15,-20,1.30899693899575,15322.2603043972,14076.9964829629,0.918728451501575,1,1,0.7,0.84915
15,-20,1.39626340159546,15093.4316940278,13858.6919319863,0.918193570085849,1,1,0.7,0.8991
15,-20,1.48352986419518,14899.2903454936,13684.8519965424,0.918490188405621,1,1,0.61,0.8991
15,-20,1.5707963267949,14739.8362587946,13554.4978060771,0.919582658049523,1,1,0.49,0.94905
15,-20,1.65806278939461,14615.0694339308,13466.33853802,0.921400927918694,1,1,0.11,0.94905
15,-20,1.74532925199433,14524.9898709023,13417.5104704318,0.92375351650406,1,1,-0.68,0.999
15,-20,1.83259571459405,14469.597569709,13407.0558452029,0.926567292601806,1,1,-0.7,0.999
15,-20,1.91986217719376,14448.8925303509,13437.8878353121,0.93002891447112,1,1,-0.7,0.999
15,-20,2.00712863979348,14462.874752828,13509.2048942653,0.934060836807276,1,1,-0.7,0.999
15,-20,2.0943951023932,14511.5442371403,13620.1813066544,0.938575597750336,1,1,-0.7,0.999
15,-20,2.18166156499291,14594.9009832879,13768.6074207323,0.943384777772612,1,1,-0.7,0.84915
15,-20,2.26892802759263,14712.9449912706,13954.7309264068,0.948466193184728,1,1,-0.7,0.7992
15,-20,2.35619449019234,14865.6762610886,14177.9142197054,0.953734897134583,1,1,-0.7,0.74925
15,-20,2.44346095279206,15053.0947927418,14437.2950719603,0.959091487215073,1,1,-0.7,0.74925
15,-20,2.53072741539178,15275.2005862303,14732.1537885367,0.964449121657814,1,1,-0.7,0.6993
15,-20,2.61799387799149,15531.9936415539,15061.6157584048,0.969715550108737,1,1,-0.7,0.6993
15,-20,2.70526034059121,15823.4739587128,15425.0007152671,0.974817587813814,1,1,-0.7,0.6993
15,-20,2.79252680319093,16149.6415377068,15821.5679660838,0.979685396059282,1,1,-0.69,0.64935
15,-20,2.87979326579064,16510.4963785361,16250.5646189824,0.984256575114745,1,1,-0.7,0.64935
15,-20,2.96705972839036,16906.0384812007,16711.3966006875,0.988486842690583,1,1,-0.7,0.64935
15,-20,3.05432619099008,17336.2678457004,17203.4644291862,0.992339561334875,0,1,-0.7,0.64935
15,-15,-3.14159265358979,56063.2402223266,14576.7248093584,0.26000503630458,1,1,-0.26,0.24975
15,-15,-3.05432619099008,54256.9815505649,54235.8446711114,0.999610430236821,0,1,0.26,0.24975
15,-15,-2.96705972839036,52485.4101406384,52662.7384878388,1.00337862172983,0,0,0.24,0.1998
15,-15,-2.87979326579064,50748.5259925471,51116.6824510271,1.00725452515673,0,0,0.24,0.1998
15,-15,-2.79252680319093,49046.3291062911,49596.3653206349,1.01121462552583,0,0,0.24,0.1998
15,-15,-2.70526034059121,47378.8194818703,48100.5126114712,1.0152323999942,0,0,0.23,0.14985
15,-15,-2.61799387799149,45745.9971192846,46627.9169862269,1.01927862375898,0,0,0.23,0.14985
15,-15,-2.53072741539178,44147.8620185342,45177.6340428011,1.0233255242085,0,0,0.24,0.14985
15,-15,-2.44346095279206,42584.4141796191,43748.7541347926,1.02734192726621,0,0,0.24,0.14985
15,-15,-2.35619449019234,41055.6536025391,42340.5028874175,1.0312953070317,0,0,0.24,0.14985
15,-15,-2.26892802759263,39561.5802872944,40952.1548104179,1.03514962023825,0,0,0.23,0.0999
15,-15,-2.18166156499291,38102.1942338848,39583.2869996835,1.03887158720328,0,0,0.23,0.0999
15,-15,-2.0943951023932,36677.4954423105,38233.5368692763,1.04242496408767,0,0,0.23,0.0999
15,-15,-2.00712863979348,35287.4839125714,36902.6828419282,1.04577257288614,0,0,0.23,0.0999
15,-15,-1.91986217719376,33932.1596446676,35590.648032361,1.04887659391742,0,0,0.23,0.0999
15,-15,-1.83259571459405,32611.5226385989,34297.4994433812,1.0516988066907,0,0,0.23,0.0999
15,-15,-1.74532925199433,31325.5728943655,33023.445724776,1.05420085487777,0,0,0.23,0.0999
15,-15,-1.65806278939461,30074.3104119672,31768.8144346327,1.05634390280121,0,0,0.23,0.04995
15,-15,-1.5707963267949,28857.7351914042,30534.1112038897,1.05809104565436,0,0,0.23,0.04995
15,-15,-1.48352986419518,27675.8472326765,29319.9444472819,1.05940548814218,0,0,0.23,0.04995
15,-15,-1.39626340159546,26528.6465357839,28127.0380641743,1.06025152946398,0,0,0.23,0.04995
15,-15,-1.30899693899575,25416.1331007266,26956.225439422,1.06059506898992,0,0,0.23,0.04995
15,-15,-1.22173047639603,24338.3069275044,25808.4282913322,1.06040360030822,0,0,0.23,0.0999
15,-15,-1.13446401379631,23295.1680161175,24684.6599131045,1.05964721508021,0,0,0.23,0.0999
15,-15,-1.0471975511966,22286.7163665658,23586.0297552221,1.05829990238515,0,0,0.23,0.0999
15,-15,-0.959931088596881,21312.9519788493,22513.6988881788,1.05633883614626,0,0,0.23,0.0999
15,-15,-0.872664625997165,20373.8748529681,21468.87831317,1.05374546904328,0,0,0.23,0.0999
15,-15,-0.785398163397448,19469.4849889221,20452.8151836758,1.05050622527064,0,0,0.23,0.0999
15,-15,-0.698131700797732,18599.7823867112,19466.7788095578,1.04661325626401,0,0,0.23,0.0999
15,-15,-0.610865238198015,17764.7670463356,18512.027810587,1.04206420282925,0,0,0.24,0.14985
15,-15,-0.523598775598299,16964.4389677952,17589.8148140447,1.03686392738579,0,0,0.24,0.14985
15,-15,-0.436332312998582,16198.7981510901,16701.427056108,1.03102877758768,0,0,0.23,0.14985
15,-15,-0.349065850398866,15467.8445962201,15848.0842046193,1.02458258524863,0,0,0.23,0.14985
15,-15,-0.261799387799149,14771.5783031854,15030.9432416194,1.0175583768444,0,0,0.24,0.1998
15,-15,-0.174532925199433,14109.9992719859,14251.1083452033,1.01000064355053,0,0,0.24,0.1998
15,-15,-0.0872664625997165,13483.1075026216,13509.6745559676,1.0019703954256,0,0,0.24,0.1998
15,-15,0,12890.9029950925,12807.5890600927,0.993536997754811,0,1,0.26,0.24975
15,-15,0.0872664625997165,12333.3857493987,12145.7292921212,0.98478467623648,1,1,0.41,0.3996
15,-15,0.174532925199433,11810.55576554,11524.7642589724,0.975802027250786,1,1,0.7,0.64935
15,-15,0.261799387799149,11322.4130435166,10945.5270909989,0.966713283549256,1,1,0.69,0.64935
15,-15,0.349065850398866,10868.9575833284,10408.6829671007,0.957652367975591,1,1,0.68,0.64935
15,-15,0.436332312998582,10450.1893849754,9914.6828704177,0.948756286146582,1,1,0.7,0.6993
15,-15,0.523598775598299,10066.1084484576,9463.96734619429,0.940181341642945,1,1,0.7,0.6993
15,-15,0.610865238198015,9716.7147737751,9056.83301793509,0.932087977140073,1,1,0.7,0.6993
15,-15,0.698131700797732,9402.00836092776,8693.390147036,0.924631186583859,1,1,0.7,0.74925
15,-15,0.785398163397448,9121.98920991565,8373.76755422864,0.917976042454239,1,1,0.7,0.74925
15,-15,0.872664625997165,8876.65732073875,8097.91836827846,0.912271148437722,1,1,0.7,0.7992
15,-15,0.959931088596881,8666.01269339708,7865.69856680118,0.907649093659223,1,1,0.7,0.7992
15,-15,1.0471975511966,8490.05532789062,7676.86452237044,0.904218432729317,1,1,0.7,0.84915
15,-15,1.13446401379631,8348.78522421937,7531.07761657508,0.9020566961919,1,1,0.7,0.8991
15,-15,1.22173047639603,8242.20238238335,7427.60060398093,0.901166976906133,1,1,0.36,0.8991
15,-15,1.30899693899575,8170.30680238255,7364.55225849736,0.901380136220806,1,1,0.04,0.999
15,-15,1.39626340159546,8133.09848421696,7337.47980398852,0.902175206439168,1,1,-0.7,0.999
15,-15,1.48352986419518,8130.57742788658,7351.33797927185,0.904159396361928,1,1,-0.7,0.999
15,-15,1.5707963267949,8162.74363339143,7406.01515301962,0.907294836839386,1,1,-0.7,0.999
15,-15,1.65806278939461,8229.5971007315,7500.23224624212,0.911372957198044,1,1,-0.7,0.84915
15,-15,1.74532925199433,8331.13782990679,7633.09921824633,0.916213292120235,1,1,-0.7,0.7992
15,-15,1.83259571459405,8467.36582091728,7804.66804963653,0.92173507259558,1,1,-0.7,0.7992
15,-15,1.91986217719376,8638.28107376301,8014.24823342856,0.927759604601219,1,1,-0.7,0.74925
15,-15,2.00712863979348,8843.88358844395,8261.18548481919,0.934112870460421,1,1,-0.7,0.74925
15,-15,2.0943951023932,9084.1733649601,8544.76204111093,0.940620758523851,1,1,-0.7,0.6993
15,-15,2.18166156499291,9359.15040331148,8864.25375593494,0.947121626851788,1,1,-0.7,0.6993
15,-15,2.26892802759263,9668.81470349807,9219.01932000005,0.953479780377289,1,1,-0.7,0.6993
15,-15,2.35619449019234,10013.1662655199,9608.39075661607,0.959575672852088,1,1,-0.7,0.6993
15,-15,2.44346095279206,10392.2050893769,10031.7163738672,0.965311624202047,1,1,-0.69,0.64935
15,-15,2.53072741539178,10805.9311750692,10488.365436055,0.97061190434501,1,1,-0.69,0.64935
15,-15,2.61799387799149,11254.3445225966,10977.7988316885,0.975427650152977,1,1,-0.7,0.64935
15,-15,2.70526034059121,11737.4451319593,11499.4907525401,0.979726901660118,1,1,-0.7,0.64935
15,-15,2.79252680319093,12255.2330031572,12052.9594273563,0.983494922067264,1,1,-0.7,0.64935
15,-15,2.87979326579064,12807.7081361903,12637.7720707114,0.986731735008953,1,1,-0.7,0.64935
15,-15,2.96705972839036,13394.8705310587,13253.5487165278,0.989449557261252,1,1,-0.7,0.64935
15,-15,3.05432619099008,14016.7201877622,13899.9649903677,0.991670291207176,0,1,-0.7,0.64935
15,-10,-3.14159265358979,42003.2969279376,14291.8890410958,0.34025636286636,1,1,-0.26,0.24975
15,-10,-3.05432619099008,40388.6585483797,40351.5902677735,0.999082210651739,0,1,0.26,0.24975
15,-10,-2.96705972839036,38808.707430657,38932.9592620708,1.0032016482805,0,0,0.24,0.1998
15,-10,-2.87979326579064,37263.4435747696,37541.9653575773,1.0074743973205,0,0,0.24,0.1998
15,-10,-2.79252680319093,35752.8669807174,36177.5829821424,1.01187921521522,0,0,0.24,0.1998
15,-10,-2.70526034059121,34276.9776485004,34838.8331160948,1.01639162802964,0,0,0.24,0.1998
15,-10,-2.61799387799149,32835.7755781186,33524.7752565818,1.02098320098528,0,0,0.23,0.14985
15,-10,-2.53072741539178,31429.260769572,32234.6626797555,1.0256258623481,0,0,0.23,0.14985
15,-10,-2.44346095279206,30057.4332228606,30967.8508124251,1.03028926598004,0,0,0.24,0.14985
15,-10,-2.35619449019234,28720.2929379845,29723.7862372162,1.03494021810288,0,0,0.24,0.14985
15,-10,-2.26892802759263,27417.8399149436,28502.0345807837,1.03954340200408,0,0,0.24,0.14985
15,-10,-2.18166156499291,26150.0741537379,27302.2373058158,1.04405965142983,0,0,0.23,0.0999
15,-10,-2.0943951023932,24916.9956543674,26124.2325005986,1.04845033739128,0,0,0.23,0.0999
15,-10,-2.00712863979348,23718.6044168321,24967.9673710467,1.0526743872556,0,0,0.23,0.0999
15,-10,-1.91986217719376,22554.9004411321,23833.4946510773,1.05668808928163,0,0,0.23,0.0999
15,-10,-1.83259571459405,21425.8837272672,22720.9883349072,1.06044579650135,0,0,0.23,0.0999
15,-10,-1.74532925199433,20331.5542752376,21630.7406216801,1.0639000013897,0,0,0.23,0.0999
15,-10,-1.65806278939461,19271.9120850432,20563.1576007771,1.06700142207145,0,0,0.23,0.0999
15,-10,-1.5707963267949,18246.957156684,19518.7537017895,1.06969910293452,0,0,0.23,0.0999
15,-10,-1.48352986419518,17256.6894901601,18498.1449520712,1.07194053428492,0,0,0.23,0.0999
15,-10,-1.39626340159546,16301.1090854713,17502.0411039486,1.0736717981691,0,0,0.23,0.0999
15,-10,-1.30899693899575,15380.2159426178,16531.2367125964,1.074837750931,0,0,0.23,0.0999
15,-10,-1.22173047639603,14494.0100615995,15586.6012638361,1.075382257746,0,0,0.23,0.0999
15,-10,-1.13446401379631,13642.4914424164,14669.0684682328,1.07524850062391,0,0,0.23,0.0999
15,-10,-1.0471975511966,12825.6600850685,13779.6248534112,1.07437938959986,0,0,0.23,0.0999
15,-10,-0.959931088596881,12043.5159895559,12919.2978000895,1.07271811747442,0,0,0.23,0.0999
15,-10,-0.872664625997165,11296.0591558785,12089.1431785563,1.07020891195184,0,0,0.23,0.0999
15,-10,-0.785398163397448,10583.2895840362,11290.2327508942,1.06679805567489,0,0,0.23,0.0999
15,-10,-0.698131700797732,9905.20727402925,10523.6385708615,1.06243496776223,0,0,0.24,0.14985
15,-10,-0.610865238198015,9261.81222585747,9790.39548586905,1.05707125637204,0,0,0.24,0.14985
15,-10,-0.523598775598299,8653.10443952091,9091.58171576304,1.05067282838278,0,0,0.24,0.14985
15,-10,-0.436332312998582,8079.08391501957,8428.20462699868,1.0432129082519,0,0,0.23,0.14985
15,-10,-0.349065850398866,7539.75065235344,7801.2340972458,1.03468064886347,0,0,0.23,0.14985
15,-10,-0.261799387799149,7035.10465152254,7211.56526649788,1.02508286993814,0,0,0.24,0.1998
15,-10,-0.174532925199433,6565.14591252684,6660.04038715662,1.01445428264568,0,0,0.24,0.1998
15,-10,-0.0872664625997165,6129.87443536637,6147.45878463043,1.00286863123372,0,0,0.24,0.1998
15,-10,0,5729.29022004112,5674.50274747412,0.990437301923483,0,1,0.26,0.24975
15,-10,0.0872664625997165,5363.39326655108,5241.76537275896,0.977322585209134,1,1,0.25,0.24975
15,-10,0.174532925199433,5032.18357489626,4849.73173400297,0.963743007746481,1,1,0.52,0.4995
15,-10,0.261799387799149,4735.66114507666,4498.81472186177,0.949986619405587,1,1,0.7,0.64935
15,-10,0.349065850398866,4473.82597709228,4189.39951761197,0.936424335471097,1,1,0.69,0.64935
15,-10,0.436332312998582,4246.67807094312,3921.72717532339,0.923481156284691,1,1,0.7,0.6993
15,-10,0.523598775598299,4054.21742662918,3695.90080105505,0.911618793994468,1,1,0.7,0.6993
15,-10,0.610865238198015,3896.44404415045,3511.98848353164,0.901331686978548,1,1,0.69,0.6993
15,-10,0.698131700797732,3773.35792350694,3369.87304926507,0.893070076462061,1,1,0.7,0.74925
15,-10,0.785398163397448,3684.95906469865,3269.38020915211,0.887222938369188,1,1,0.62,0.7992
15,-10,0.872664625997165,3631.24746772557,3209.32456872291,0.883807726476176,1,1,0.05,0.7992
15,-10,0.959931088596881,3612.22313258772,3183.90686311102,0.88142585500529,1,1,-0.7,0.999
15,-10,1.0471975511966,3627.88605928508,3197.81613175057,0.881454400577493,1,1,-0.7,0.999
15,-10,1.13446401379631,3678.23624781766,3251.10449161497,0.88387593198884,1,1,-0.7,0.7992
15,-10,1.22173047639603,3763.27369818546,3343.83294784029,0.888543650028056,1,1,-0.7,0.74925
15,-10,1.30899693899575,3882.99841038848,3475.89404681248,0.895157216009453,1,1,-0.7,0.74925
15,-10,1.39626340159546,4037.41038442671,3646.70278638742,0.90322816834614,1,1,-0.7,0.6993
15,-10,1.48352986419518,4226.50962030016,3855.66860126529,0.912258328419814,1,1,-0.7,0.6993
15,-10,1.5707963267949,4450.29611800883,4102.16627661362,0.921773780403858,1,1,-0.7,0.6993
15,-10,1.65806278939461,4708.76987755272,4385.53664107642,0.93135505771535,1,1,-0.69,0.64935
15,-10,1.74532925199433,5001.93089893183,4705.09486535017,0.940655710848575,1,1,-0.69,0.64935
15,-10,1.83259571459405,5329.77918214616,5060.21079236139,0.949422221714593,1,1,-0.7,0.64935
15,-10,1.91986217719376,5692.3147271957,5450.23882011303,0.957473204015561,1,1,-0.7,0.64935
15,-10,2.00712863979348,6089.53753408046,5874.55078884169,0.9646957188398,1,1,-0.7,0.64935
15,-10,2.0943951023932,6521.44760280044,6332.54226669043,0.971033220288562,1,1,-0.7,0.64935
15,-10,2.18166156499291,6988.04493335563,6823.63975156292,0.976473365102739,1,1,-0.7,0.64935
15,-10,2.26892802759263,7489.32952574605,7347.30422510092,0.981036313042859,1,1,-0.65,0.5994
15,-10,2.35619449019234,8025.30137997168,7903.02527201567,0.98476367401464,1,1,-0.36,0.34965
15,-10,2.44346095279206,8595.96049603253,8490.35164534757,0.987714130290186,1,1,-0.26,0.24975
15,-10,2.53072741539178,9201.3068739286,9108.91078640679,0.989958373436755,1,1,-0.26,0.24975
15,-10,2.61799387799149,9841.34051365989,9758.36240848246,0.991568414377873,0,1,-0.26,0.24975
15,-10,2.70526034059121,10516.0614152264,10438.418937214,0.992616772102531,0,1,-0.26,0.24975
15,-10,2.79252680319093,11225.4695786281,11148.8513451064,0.993174607709281,0,1,-0.26,0.24975
15,-10,2.87979326579064,11969.5650038651,11889.4908422971,0.993310186164487,0,1,-0.26,0.24975
15,-10,2.96705972839036,12748.3476909372,12660.230060623,0.993087917552102,0,1,-0.26,0.24975
15,-10,3.05432619099008,13561.8176398446,13461.0237546274,0.992567818865145,0,1,-0.26,0.24975
15,-7,-3.14159265358979,34942.3606041141,15496.0172329481,0.443473679655279,1,1,-0.26,0.24975
15,-7,-3.05432619099008,33442.6943998785,33396.0672785806,0.998605760626212,0,1,0.26,0.24975
15,-7,-2.96705972839036,31977.7154574781,32070.1213794198,1.00288969742271,0,0,0.24,0.1998
15,-7,-2.87979326579064,30547.4237769129,30772.1647543174,1.00735711721701,0,0,0.24,0.1998
15,-7,-2.79252680319093,29151.819358183,29501.3432318568,1.01198977907277,0,0,0.24,0.1998
15,-7,-2.70526034059121,27790.9022012883,28256.8407454584,1.01676586606636,0,0,0.24,0.1998
15,-7,-2.61799387799149,26464.6723062288,27037.9198716046,1.02166086013621,0,0,0.23,0.14985
15,-7,-2.53072741539178,25173.1296730045,25843.9060597358,1.02664652331453,0,0,0.23,0.14985
15,-7,-2.44346095279206,23916.2743016154,24674.3371424595,1.03169652728029,0,0,0.23,0.14985
15,-7,-2.35619449019234,22694.1061920616,23528.7858999052,1.03677958060034,0,0,0.24,0.14985
15,-7,-2.26892802759263,21506.625344343,22406.9449361658,1.04186242971214,0,0,0.24,0.14985
15,-7,-2.18166156499291,20353.8317584596,21308.6132048828,1.04690917453547,0,0,0.24,0.14985
15,-7,-2.0943951023932,19235.7254344114,20233.6795322019,1.0518802423747,0,0,0.23,0.0999
15,-7,-2.00712863979348,18152.3063721984,19182.1677413277,1.05673446382035,0,0,0.23,0.0999
15,-7,-1.91986217719376,17103.5745718206,18154.232275117,1.06142912985145,0,0,0.23,0.0999
15,-7,-1.83259571459405,16089.5300332781,17150.1113226328,1.06591748094326,0,0,0.23,0.0999
15,-7,-1.74532925199433,15110.1727565708,16170.1472126324,1.0701497245027,0,0,0.23,0.0999
15,-7,-1.65806278939461,14165.5027416987,15214.7817173619,1.07407283700383,0,0,0.23,0.0999
15,-7,-1.5707963267949,13255.5199886618,14284.5502309598,1.07763031877876,0,0,0.23,0.0999
15,-7,-1.48352986419518,12380.2244974601,13380.0748674574,1.08076189330835,0,0,0.23,0.0999
15,-7,-1.39626340159546,11539.6162680937,12502.0565416651,1.0834031436758,0,0,0.23,0.0999
15,-7,-1.30899693899575,10733.6953005624,11651.2661143069,1.08548508114409,0,0,0.23,0.0999
15,-7,-1.22173047639603,9962.46159486643,10828.5347001483,1.0869336455689,0,0,0.23,0.0999
15,-7,-1.13446401379631,9225.91515100564,10034.7432541196,1.08766914608203,0,0,0.23,0.0999
15,-7,-1.0471975511966,8524.05596898006,9270.81156513455,1.0876056655273,0,0,0.23,0.0999
15,-7,-0.959931088596881,7856.8840487897,8537.68680004579,1.08665047708843,0,0,0.23,0.0999
15,-7,-0.872664625997165,7224.39939043456,7836.33175059799,1.08470356179002,0,0,0.23,0.0999
15,-7,-0.785398163397448,6626.60199391464,7167.71146565192,1.08165715584461,0,0,0.24,0.14985
15,-7,-0.698131700797732,6063.49185922993,6532.76176971836,1.07739268417984,0,0,0.24,0.14985
15,-7,-0.610865238198015,5535.06898638045,5932.44574384814,1.0717925573187,0,0,0.24,0.14985
15,-7,-0.523598775598299,5041.33337536618,5367.6704481795,1.06473229372371,0,0,0.23,0.14985
15,-7,-0.436332312998582,4582.28502618713,4839.30082234298,1.05608900247083,0,0,0.23,0.14985
15,-7,-0.349065850398866,4157.9239388433,4348.15368563158,1.04575113676591,0,0,0.23,0.14985
15,-7,-0.261799387799149,3768.25011333468,3894.96813423484,1.03362781585324,0,0,0.24,0.1998
15,-7,-0.174532925199433,3413.26354966129,3480.4292651385,1.01967785800891,0,0,0.24,0.1998
15,-7,-0.0872664625997165,3092.96424782311,3105.15897463798,1.00394273125642,0,0,0.24,0.1998
15,-7,0,2807.35220782015,2769.68061271284,0.986581094099139,1,1,0.26,0.24975
15,-7,0.0872664625997165,2556.42742965241,2474.40815247655,0.96791644612145,1,1,0.26,0.24975
15,-7,0.174532925199433,2340.18991331988,2219.69950369514,0.948512550652861,1,1,0.35,0.34965
15,-7,0.261799387799149,2158.63965882258,2005.78849521479,0.929190977760894,1,1,0.52,0.4995
15,-7,0.349065850398866,2011.77666616049,1832.84897161371,0.91105986188404,1,1,0.57,0.54945
15,-7,0.436332312998582,1899.60093533362,1700.9558145422,0.895427972740745,1,1,0.61,0.5994
15,-7,0.523598775598299,1822.11246634197,1610.0805494378,0.88363401226828,1,1,0.55,0.5994
15,-7,0.610865238198015,1779.31125918553,1559.23393374036,0.876313194608845,1,1,0.05,0.3996
15,-7,0.698131700797732,1771.19731386431,1543.17801978521,0.871262624274409,1,1,-0.7,0.999
15,-7,0.785398163397448,1797.77063037832,1564.14787682591,0.870048631563615,1,1,-0.7,0.74925
15,-7,0.872664625997165,1859.03120872754,1624.74076231761,0.873971751894206,1,1,-0.7,0.6993
15,-7,0.959931088596881,1954.97904891198,1725.05704816143,0.882391578120231,1,1,-0.7,0.6993
15,-7,1.0471975511966,2085.61415093163,1864.59938555884,0.894028928949265,1,1,-0.69,0.64935
15,-7,1.13446401379631,2250.93651478651,2042.84924801003,0.907555248489001,1,1,-0.7,0.64935
15,-7,1.22173047639603,2450.9461404766,2259.23575394916,0.921781069211845,1,1,-0.7,0.64935
15,-7,1.30899693899575,2685.64302800191,2513.14783993138,0.935771364149291,1,1,-0.7,0.64935
15,-7,1.39626340159546,2955.02717736244,2803.94417110174,0.948872549322695,1,1,-0.65,0.5994
15,-7,1.48352986419518,3259.09858855818,3130.95061730273,0.96067993410652,1,1,-0.36,0.34965
15,-7,1.5707963267949,3597.85726158914,3493.49028494518,0.970991907389382,1,1,-0.26,0.24975
15,-7,1.65806278939461,3971.30319645533,3890.92759026191,0.979760899075861,1,1,-0.26,0.24975
15,-7,1.74532925199433,4379.43639315673,4322.62051097189,0.987026668026594,1,1,-0.26,0.24975
15,-7,1.83259571459405,4822.25685169335,4787.9346560946,0.992882545112318,0,1,-0.26,0.24975
15,-7,1.91986217719376,5299.76457206518,5286.25544736672,0.997450995319741,0,1,-0.24,0.1998
15,-7,2.00712863979348,5811.95955427223,5817.00796745117,1.0008686249675,0,0,-0.24,0.1998
15,-7,2.0943951023932,6358.84179831451,6379.6580501855,1.00327359172177,0,0,-0.24,0.1998
15,-7,2.18166156499291,6940.411304192,6973.71166358152,1.00479803831934,0,0,-0.24,0.1998
15,-7,2.26892802759263,7556.66807190471,7598.72431771738,1.00556544834476,0,0,-0.24,0.1998
15,-7,2.35619449019234,8207.61210145263,8254.30551902833,1.00568903805376,0,0,-0.24,0.1998
15,-7,2.44346095279206,8893.24339283578,8940.12252780951,1.0052713203612,0,0,-0.24,0.1998
15,-7,2.53072741539178,9613.56194605414,9655.90342698284,1.00440434889444,0,0,-0.24,0.1998
15,-7,2.61799387799149,10368.5677611077,10401.4395187835,1.00317032770901,0,0,-0.24,0.1998
15,-7,2.70526034059121,11158.2608379965,11176.5870728535,1.00164239168837,0,0,-0.24,0.1998
15,-7,2.79252680319093,11982.6411767205,11981.2558197588,0.999884386343434,0,1,-0.26,0.24975
15,-7,2.87979326579064,12841.7087772798,12815.4443364062,0.997954754984007,0,1,-0.26,0.24975
15,-7,2.96705972839036,13735.4636396742,13679.2087080685,0.995904402422702,0,1,-0.26,0.24975
15,-7,3.05432619099008,14663.9057639039,14572.6707193783,0.993778257580588,0,1,-0.26,0.24975
15,-5,-3.14159265358979,30807.9987435692,16871.6983828538,0.547640193161704,1,1,-0.26,0.24975
15,-5,-3.05432619099008,29384.9806562151,29331.9809744561,0.998196368329146,0,1,0.26,0.24975
15,-5,-2.96705972839036,27996.6498306962,28067.8251463233,1.00254227973909,0,0,0.24,0.1998
15,-5,-2.87979326579064,26643.0062670126,26831.8933741482,1.00708955683313,0,0,0.24,0.1998
15,-5,-2.79252680319093,25324.0499651642,25623.4457536705,1.01182258718168,0,0,0.24,0.1998
15,-5,-2.70526034059121,24039.780925151,24441.774853705,1.0167220296144,0,0,0.24,0.1998
15,-5,-2.61799387799149,22790.1991469731,23286.2607615018,1.02176644492352,0,0,0.24,0.1998
15,-5,-2.53072741539178,21575.3046306303,22156.3306683934,1.026930142944,0,0,0.23,0.14985
15,-5,-2.44346095279206,20395.0973761228,21051.5866258498,1.03218858128599,0,0,0.23,0.14985
15,-5,-2.35619449019234,19249.5773834504,19971.7146970354,1.03751445027597,0,0,0.24,0.14985
15,-5,-2.26892802759263,18138.7446526133,18916.4808617581,1.04287706917097,0,0,0.24,0.14985
15,-5,-2.18166156499291,17062.5991836115,17885.7651365175,1.04824387797239,0,0,0.24,0.14985
15,-5,-2.0943951023932,16021.1409764448,16879.5453451507,1.05357947788912,0,0,0.24,0.14985
15,-5,-2.00712863979348,15014.3700311134,15897.8970101859,1.05884542456604,0,0,0.23,0.0999
15,-5,-1.91986217719376,14042.2863476171,14940.9863798142,1.0639995517788,0,0,0.23,0.0999
15,-5,-1.83259571459405,13104.8899259561,14009.1223364539,1.06899961889087,0,0,0.23,0.0999
15,-5,-1.74532925199433,12202.1807661303,13102.6806286048,1.07379827259845,0,0,0.23,0.0999
15,-5,-1.65806278939461,11334.1588681398,12222.1268170891,1.07834440643368,0,0,0.23,0.0999
15,-5,-1.5707963267949,10500.8242319844,11368.0102724107,1.08258266410983,0,0,0.23,0.0999
15,-5,-1.48352986419518,9702.17685766426,10540.9571663857,1.0864527951847,0,0,0.23,0.0999
15,-5,-1.39626340159546,8938.21674517934,9741.66252214693,1.08988882233147,0,0,0.23,0.0999
15,-5,-1.30899693899575,8208.94389452964,8970.88140411808,1.09281797017716,0,0,0.23,0.0999
15,-5,-1.22173047639603,7514.35830571516,8229.41934636058,1.09515929525234,0,0,0.23,0.0999
15,-5,-1.13446401379631,6854.45997873589,7518.12213338158,1.09682194610582,0,0,0.23,0.0999
15,-5,-1.0471975511966,6229.24891359184,6837.86506162089,1.09770297454338,0,0,0.23,0.0999
15,-5,-0.959931088596881,5638.72511028302,6189.54182202075,1.09768461859104,0,0,0.23,0.0999
15,-5,-0.872664625997165,5082.8885688094,5574.04701384405,1.09662978803993,0,0,0.24,0.14985
15,-5,-0.785398163397448,4561.73928917101,4992.27066364361,1.09437877686141,0,0,0.24,0.14985
15,-5,-0.698131700797732,4075.27727136783,4445.10625762705,1.09074940467427,0,0,0.24,0.14985
15,-5,-0.610865238198015,3623.50251539988,3933.40827117164,1.08552657393079,0,0,0.24,0.14985
15,-5,-0.523598775598299,3206.41502126714,3457.99129814742,1.07846029762575,0,0,0.23,0.14985
15,-5,-0.436332312998582,2824.01478896962,3019.62730790995,1.06926752639695,0,0,0.23,0.14985
15,-5,-0.349065850398866,2476.30181850731,2619.02909989288,1.05763727196695,0,0,0.23,0.14985
15,-5,-0.261799387799149,2163.27610988023,2256.83240139693,1.04324750367714,0,0,0.24,0.1998
15,-5,-0.174532925199433,1884.93766308836,1933.61753913053,1.02582572198298,0,0,0.24,0.1998
15,-5,-0.0872664625997165,1641.28647813171,1649.88812331379,1.00524079452106,0,0,0.24,0.1998
15,-5,0,1432.32255501028,1406.05461660214,0.981660598503977,1,1,0.24,0.1998
15,-5,0.0872664625997165,1258.04589372407,1202.43116700196,0.95579276797488,1,1,0.26,0.24975
15,-5,0.174532925199433,1118.45649427307,1039.25148127417,0.929183644241447,1,1,0.25,0.24975
15,-5,0.261799387799149,1013.55435665729,916.654584175227,0.904396077185596,1,1,0.35,0.34965
15,-5,0.349065850398866,943.339480876735,834.686311822249,0.884820712736942,1,1,0.32,0.34965
15,-5,0.436332312998582,907.811866931393,792.255699903222,0.872709124833566,1,1,0.04,0.24975
15,-5,0.523598775598299,906.97151482127,784.511284527523,0.864978967594281,1,1,-0.13,0.2997
15,-5,0.610865238198015,940.818424546365,813.146346814992,0.864296792664394,1,1,-0.66,0.5994
15,-5,0.698131700797732,1009.35259610668,881.756092641322,0.873585797512656,1,1,-0.66,0.5994
15,-5,0.785398163397448,1112.57402950221,990.012278431825,0.889839464322908,1,1,-0.59,0.54945
15,-5,0.872664625997165,1250.48272473296,1137.475038025,0.909628750183583,1,1,-0.47,0.44955
15,-5,0.959931088596881,1423.07868179892,1323.64318516577,0.930126494125079,1,1,-0.36,0.34965
15,-5,1.0471975511966,1630.36190070011,1547.96315963483,0.949459846289408,1,1,-0.26,0.24975
15,-5,1.13446401379631,1872.33238143651,1809.85236449583,0.966629847584678,1,1,-0.26,0.24975
15,-5,1.22173047639603,2148.99012400813,2108.6876253574,0.981245842779602,1,1,-0.27,0.24975
15,-5,1.30899693899575,2460.33512841497,2443.80304188562,0.993280555019347,0,1,-0.24,0.1998
15,-5,1.39626340159546,2806.36739465703,2814.53827270868,1.00291154966638,0,0,-0.24,0.1998
15,-5,1.48352986419518,3187.0869227343,3220.21540949513,1.01039459781423,0,0,-0.24,0.1998
15,-5,1.5707963267949,3602.4937126468,3660.15744334149,1.01600661522108,0,0,-0.24,0.1998
15,-5,1.65806278939461,4052.58776439451,4133.69791053896,1.02001440828921,0,0,-0.24,0.1998
15,-5,1.74532925199433,4537.36907797744,4640.18949035754,1.02266079981881,0,0,-0.24,0.1998
15,-5,1.83259571459405,5056.83765339558,5179.01212023552,1.02416025097383,0,0,-0.24,0.1998
15,-5,1.91986217719376,5610.99349064895,5749.58054549253,1.02469920078762,0,0,-0.24,0.1998
15,-5,2.00712863979348,6199.83658973753,6351.35123534346,1.02443849017839,0,0,-0.24,0.1998
15,-5,2.0943951023932,6823.36695066133,6983.82861192308,1.02351649301907,0,0,-0.24,0.1998
15,-5,2.18166156499291,7481.58457342035,7646.57055382504,1.02205227766733,0,0,-0.24,0.1998
15,-5,2.26892802759263,8174.48945801459,8339.19314992329,1.02014849890683,0,0,-0.24,0.1998
15,-5,2.35619449019234,8902.08160444405,9061.3746926216,1.01789391462083,0,0,-0.24,0.1998
15,-5,2.44346095279206,9664.36101270872,9812.85891185364,1.0153655165561,0,0,-0.24,0.1998
15,-5,2.53072741539178,10461.3276828086,10593.4574618697,1.01263030688526,0,0,-0.24,0.1998
15,-5,2.61799387799149,11292.9816147437,11403.051681895,1.00974676758595,0,0,-0.24,0.1998
15,-5,2.70526034059121,12159.322808514,12241.5936589872,1.00676607174337,0,0,-0.24,0.1998
15,-5,2.79252680319093,13060.3512641196,13109.1066267883,1.00373308203453,0,0,-0.24,0.1998
15,-5,2.87979326579064,13996.0669815604,14005.6756878164,1.00068652902767,0,0,-0.26,0.24975
15,-5,2.96705972839036,14966.4699608363,14931.4568283696,0.997660561738451,0,1,-0.26,0.24975
15,-5,3.05432619099008,15971.5602019475,15886.6977178831,0.994686650334004,0,1,-0.26,0.24975
15,-3,-3.14159265358979,27131.9801006275,18705.7227503627,0.689434485835041,1,1,-0.26,0.24975
15,-3,-3.05432619099008,25785.610130155,25726.2378879349,0.997697466070402,0,1,0.26,0.24975
15,-3,-2.96705972839036,24473.9274215177,24523.8721308301,1.00204073128322,0,0,0.24,0.1998
15,-3,-2.87979326579064,23196.9319747156,23349.9652115822,1.00659713263088,0,0,0.24,0.1998
15,-3,-2.79252680319093,21954.6237897487,22203.8914930875,1.01135376792269,0,0,0.24,0.1998
15,-3,-2.70526034059121,20747.0028666171,21085.0521795549,1.01629388664527,0,0,0.24,0.1998
15,-3,-2.61799387799149,19574.0692053206,19992.9325103738,1.0213988875108,0,0,0.24,0.1998
15,-3,-2.53072741539178,18435.8228058594,18927.0984946543,1.02664788515101,0,0,0.23,0.14985
15,-3,-2.44346095279206,17332.2636682334,17887.1793268434,1.03201634069456,0,0,0.23,0.14985
15,-3,-2.35619449019234,16263.3917924426,16872.9818111957,1.03748234233872,0,0,0.23,0.14985
15,-3,-2.26892802759263,15229.207178487,15884.3600049536,1.04301949660203,0,0,0.24,0.14985
15,-3,-2.18166156499291,14229.7098263667,14921.2602857554,1.04859905562567,0,0,0.24,0.14985
15,-3,-2.0943951023932,13264.8997360815,13983.7341178288,1.05419071354093,0,0,0.24,0.14985
15,-3,-2.00712863979348,12334.7769076316,13071.9230275443,1.05976160942616,0,0,0.24,0.14985
15,-3,-1.91986217719376,11439.3413410169,12186.0613550333,1.06527648679727,0,0,0.24,0.14985
15,-3,-1.83259571459405,10578.5930362374,11326.4730816564,1.07069749661954,0,0,0.24,0.14985
15,-3,-1.74532925199433,9752.53199329317,10493.5572621804,1.07598285956886,0,0,0.23,0.0999
15,-3,-1.65806278939461,8961.15821218413,9687.81513441972,1.08108962089829,0,0,0.23,0.0999
15,-3,-1.5707963267949,8204.4716929103,8909.813531465,1.08597041527539,0,0,0.23,0.0999
15,-3,-1.48352986419518,7482.47243547169,8160.18268291723,1.09057303629115,0,0,0.23,0.0999
15,-3,-1.39626340159546,6795.1604398683,7439.61172023201,1.09483974456035,0,0,0.23,0.0999
15,-3,-1.30899693899575,6142.53570610013,6748.83991153252,1.09870584957777,0,0,0.23,0.0999
15,-3,-1.22173047639603,5524.59823416717,6088.64721017613,1.10209773672238,0,0,0.23,0.0999
15,-3,-1.13446401379631,4941.34802406944,5459.84361777589,1.10492998897889,0,0,0.24,0.14985
15,-3,-1.0471975511966,4392.78507580692,4863.24992814233,1.1070994469833,0,0,0.24,0.14985
15,-3,-0.959931088596881,3878.90938937962,4299.71618866389,1.1084858544096,0,0,0.24,0.14985
15,-3,-0.872664625997165,3399.72096478753,3770.08164963145,1.10893855368717,0,0,0.24,0.14985
15,-3,-0.785398163397448,2955.21980203067,3275.17307923859,1.10826716746689,0,0,0.24,0.14985
15,-3,-0.698131700797732,2545.40590110902,2815.79361612767,1.10622577519006,0,0,0.23,0.14985
15,-3,-0.610865238198015,2170.2792620226,2392.71183097729,1.10249029829802,0,0,0.23,0.14985
15,-3,-0.523598775598299,1829.83988477138,2006.65536571863,1.09662893590788,0,0,0.23,0.14985
15,-3,-0.436332312998582,1524.08776935539,1658.29701108021,1.08805873547662,0,0,0.23,0.14985
15,-3,-0.349065850398866,1253.02291577462,1348.24773175747,1.07599606901362,0,0,0.23,0.14985
15,-3,-0.261799387799149,1016.64532402906,1077.03988616232,1.05940573443441,0,0,0.24,0.1998
15,-3,-0.174532925199433,814.954994118723,845.149030725855,1.03704994364724,0,0,0.24,0.1998
15,-3,-0.0872664625997165,647.951926043603,652.960489592893,1.00772983819937,0,0,0.24,0.1998
15,-3,0,515.636119803701,500.771382539488,0.971172040333652,1,1,0.24,0.1998
15,-3,0.0872664625997165,418.007575399016,388.789333108404,0.930101165600355,1,1,0.24,0.1998
15,-3,0.174532925199433,355.06629282955,317.129963204671,0.893157051539414,1,1,0.23,0.1998
15,-3,0.261799387799149,326.812272095302,284.418304676568,0.870280368766656,1,1,0.02,0.0999
15,-3,0.349065850398866,333.245513196271,285.92659810748,0.858005844895138,1,1,-0.16,0.1998
15,-3,0.436332312998582,374.366016132459,324.328560225794,0.866340816873291,1,1,-0.26,0.24975
15,-3,0.523598775598299,450.173780903865,402.662238750378,0.894459552801827,1,1,-0.26,0.24975
15,-3,0.610865238198015,560.668807510488,520.634783515434,0.928595949232819,1,1,-0.27,0.24975
15,-3,0.698131700797732,705.85109595233,677.858683299997,0.96034232600494,1,1,-0.24,0.1998
15,-3,0.785398163397448,885.72064622939,873.881480756361,0.986633296261717,1,1,-0.24,0.1998
15,-3,0.872664625997165,1100.27745834167,1108.18893822696,1.00719044076138,0,0,-0.24,0.1998
15,-3,0.959931088596881,1349.52153228916,1380.21045949029,1.02274059840236,0,0,-0.24,0.1998
15,-3,1.0471975511966,1633.45286807188,1689.32940865856,1.03420762342083,0,0,-0.24,0.1998
15,-3,1.13446401379631,1952.07146568981,2034.89231583527,1.04242716089095,0,0,-0.24,0.1998
15,-3,1.22173047639603,2305.37732514296,2416.21842073353,1.04807937268304,0,0,-0.24,0.1998
15,-3,1.30899693899575,2693.37044643133,2832.60940636472,1.05169692127493,0,0,-0.24,0.1998
15,-3,1.39626340159546,3116.05082955491,3283.35917734916,1.05369243216682,0,0,-0.24,0.1998
15,-3,1.48352986419518,3573.41847451371,3767.7598325679,1.05438527825394,0,0,-0.23,0.14985
15,-3,1.5707963267949,4065.47338130774,4285.1202192598,1.05402737082524,0,0,-0.23,0.14985
15,-3,1.65806278939461,4592.21554993698,4834.77163999675,1.05281896884459,0,0,-0.23,0.14985
15,-3,1.74532925199433,5153.64498040144,5416.07123468973,1.05092051456518,0,0,-0.23,0.14985
15,-3,1.83259571459405,5749.76167270111,6028.41330250985,1.04846316172229,0,0,-0.23,0.14985
15,-3,1.91986217719376,6380.56562683601,6671.23674076079,1.04555569692791,0,0,-0.23,0.14985
15,-3,2.00712863979348,7046.05684280612,7344.03177597113,1.04228960109359,0,0,-0.23,0.14985
15,-3,2.0943951023932,7746.23532061145,8046.34239126395,1.03874231265012,0,0,-0.24,0.1998
15,-3,2.18166156499291,8481.10106025199,8777.77266167186,1.03498031674334,0,0,-0.24,0.1998
15,-3,2.26892802759263,9250.65406172776,9538.00519973249,1.0310627914618,0,0,-0.24,0.1998
15,-3,2.35619449019234,10054.8943250387,10326.7870838182,1.02704083702823,0,0,-0.24,0.1998
15,-3,2.44346095279206,10893.8218501849,11143.938513501,1.02295949637839,0,0,-0.24,0.1998
15,-3,2.53072741539178,11767.4366371664,11989.3547143599,1.01885865919962,0,0,-0.24,0.1998
15,-3,2.61799387799149,12675.738685983,12863.0070626098,1.01477376437508,0,0,-0.24,0.1998
15,-3,2.70526034059121,13618.7279966349,13764.9434627242,1.01073635262599,0,0,-0.24,0.1998
15,-3,2.79252680319093,14596.4045691219,14695.2880169582,1.00677450719922,0,0,-0.24,0.1998
15,-3,2.87979326579064,15608.7684034442,15654.2400295042,1.00291321037539,0,0,-0.24,0.1998
15,-3,2.96705972839036,16655.8194996017,16642.048166274,0.999173181882283,0,1,-0.26,0.24975
15,-3,3.05432619099008,17737.5578575945,17659.0679339911,0.99557493065091,0,1,-0.26,0.24975
15,-2,-3.14159265358979,25465.849485758,19794.6136407184,0.777300346952445,1,1,-0.26,0.24975
15,-2,-3.05432619099008,24157.8035737262,24095.2450512756,0.997410421760418,0,1,0.26,0.24975
15,-2,-2.96705972839036,22884.4449235296,22923.7743296847,1.00171860870065,0,0,0.24,0.1998
15,-2,-2.87979326579064,21645.7735351683,21780.8798369005,1.00624169432027,0,0,0.24,0.1998
15,-2,-2.79252680319093,20441.7894086422,20665.9930693972,1.01096790776351,0,0,0.24,0.1998
15,-2,-2.70526034059121,19272.4925439513,19578.569549081,1.01588154746625,0,0,0.24,0.1998
15,-2,-2.61799387799149,18137.8829410956,18518.1470914111,1.02096518935261,0,0,0.24,0.1998
15,-2,-2.53072741539178,17037.9606000752,17484.3494225996,1.02619966280017,0,0,0.24,0.1998
15,-2,-2.44346095279206,15972.7255208899,16476.8543839415,1.03156185601463,0,0,0.23,0.14985
15,-2,-2.35619449019234,14942.1777035399,15495.4938123798,1.03703048644033,0,0,0.23,0.14985
15,-2,-2.26892802759263,13946.3171480251,14540.1753441154,1.04258172173966,0,0,0.23,0.14985
15,-2,-2.18166156499291,12985.1438543455,13610.8865669757,1.04818912440626,0,0,0.24,0.14985
15,-2,-2.0943951023932,12058.6578225011,12707.707210769,1.05382434743747,0,0,0.24,0.14985
15,-2,-2.00712863979348,11166.859052492,11830.8120101525,1.05945744945284,0,0,0.24,0.14985
15,-2,-1.91986217719376,10309.747544318,10980.4612434796,1.06505626799089,0,0,0.24,0.14985
15,-2,-1.83259571459405,9487.32329797932,10157.0003019009,1.07058650610802,0,0,0.24,0.14985
15,-2,-1.74532925199433,8699.58631347583,9360.85532918672,1.07601154720272,0,0,0.24,0.14985
15,-2,-1.65806278939461,7946.53659080754,8592.5278868772,1.0812921816552,0,0,0.24,0.14985
15,-2,-1.5707963267949,7228.17412997448,7852.58867647884,1.08638620698344,0,0,0.24,0.14985
15,-2,-1.48352986419518,6544.49893097664,7141.67036715428,1.09124784685212,0,0,0.24,0.14985
15,-2,-1.39626340159546,5895.51099381402,6460.45959425574,1.09582690983606,0,0,0.24,0.14985
15,-2,-1.30899693899575,5281.21031848661,5809.68821070422,1.10006757170183,0,0,0.24,0.14985
15,-2,-1.22173047639603,4701.59690499441,5190.1238891785,1.10390660749013,0,0,0.24,0.14985
15,-2,-1.13446401379631,4156.67075333744,4602.56018791721,1.1072708090295,0,0,0.24,0.14985
15,-2,-1.0471975511966,3646.43186351569,4047.80620623416,1.11007317776438,0,0,0.24,0.14985
15,-2,-0.959931088596881,3170.88023552915,3526.67596721258,1.11220724381098,0,0,0.24,0.14985
15,-2,-0.872664625997165,2730.01586937783,3039.97767412638,1.1135384626241,0,0,0.24,0.14985
15,-2,-0.785398163397448,2323.83876506173,2588.50255884313,1.11389077321566,0,0,0.23,0.14985
15,-2,-0.698131700797732,1952.34892258085,2173.01452388762,1.11302569881569,0,0,0.23,0.14985
15,-2,-0.610865238198015,1615.54634193519,1794.2422295037,1.11061018983489,0,0,0.23,0.14985
15,-2,-0.523598775598299,1313.43102312474,1452.86610610547,1.10616094832982,0,0,0.23,0.14985
15,-2,-0.436332312998582,1046.00296614952,1149.51056926658,1.09895536290694,0,0,0.23,0.14985
15,-2,-0.349065850398866,813.262171009505,884.734307877297,1.08788326743278,0,0,0.24,0.1998
15,-2,-0.261799387799149,615.208637704712,659.022335146239,1.07121762399987,0,0,0.24,0.1998
15,-2,-0.174532925199433,451.842366235139,472.793483124749,1.04636819929964,0,0,0.24,0.1998
15,-2,-0.0872664625997165,323.163356600783,326.375379333678,1.00993931603719,0,0,0.24,0.1998
15,-2,0,229.171608801645,220.008472109397,0.96001626580115,1,1,0.24,0.1998
15,-2,0.0872664625997165,169.867122837725,153.840448921451,0.905651702056644,1,1,0.22,0.14985
15,-2,0.174532925199433,145.249898709023,126.297833476235,0.869520974532627,1,1,0.02,0.04995
15,-2,0.261799387799149,155.319936415539,132.803857638571,0.8550342003957,1,1,-0.18,0.14985
15,-2,0.349065850398866,200.077235957273,176.531254637117,0.882315540758547,1,1,-0.24,0.1998
15,-2,0.436332312998582,279.521797334225,260.200133910718,0.930876004634429,1,1,-0.24,0.1998
15,-2,0.523598775598299,393.653620546395,383.539703137433,0.974307571730385,1,1,-0.24,0.1998
15,-2,0.610865238198015,542.472705593784,546.192896116691,1.00685783908489,0,0,-0.24,0.1998
15,-2,0.698131700797732,725.97905247639,747.728497101198,1.02995877711708,0,0,-0.24,0.1998
15,-2,0.785398163397448,944.172661194214,987.647939067481,1.04604589781098,0,0,-0.24,0.1998
15,-2,0.872664625997165,1197.05353174726,1265.39297500752,1.05708971357406,0,0,-0.24,0.1998
15,-2,0.959931088596881,1484.62166413552,1580.35409172475,1.06448270956963,0,0,-0.24,0.1998
15,-2,1.0471975511966,1806.87705835899,1931.8795263078,1.06918150151419,0,0,-0.24,0.1998
15,-2,1.13446401379631,2163.81971441769,2319.27704949327,1.07184394062026,0,0,-0.23,0.14985
15,-2,1.22173047639603,2555.44963231161,2741.84471966109,1.07294023133646,0,0,-0.23,0.14985
15,-2,1.30899693899575,2981.76681204074,3198.8642447762,1.07280832017407,0,0,-0.23,0.14985
15,-2,1.39626340159546,3442.77125360509,3689.61239999551,1.07169838720245,0,0,-0.23,0.14985
15,-2,1.48352986419518,3938.46295700466,4213.37265583912,1.06980126557888,0,0,-0.23,0.14985
15,-2,1.5707963267949,4468.84192223944,4769.44472354226,1.06726637606196,0,0,-0.23,0.14985
15,-2,1.65806278939461,5033.90814930944,5357.15371298711,1.06421363959968,0,0,-0.23,0.14985
15,-2,1.74532925199433,5633.66163821467,5975.85879223246,1.06074151697301,0,0,-0.23,0.14985
15,-2,1.83259571459405,6268.10238895511,6624.96125135134,1.05693251964503,0,0,-0.23,0.14985
15,-2,1.91986217719376,6937.23040153077,7303.91188809856,1.05285704313452,0,0,-0.23,0.14985
15,-2,2.00712863979348,7641.04567594164,8012.21764843337,1.04857607037482,0,0,-0.23,0.14985
15,-2,2.0943951023932,8379.54821218774,8749.44747069103,1.04414310284238,0,0,-0.23,0.14985
15,-2,2.18166156499291,9152.73801026905,9515.23729781152,1.03960555706235,0,0,-0.23,0.14985
15,-2,2.26892802759263,9960.61507018558,10309.2899312383,1.03500535444808,0,0,-0.24,0.1998
15,-2,2.35619449019234,10803.1793919373,11131.3719860177,1.03037925986171,0,0,-0.24,0.1998
15,-2,2.44346095279206,11680.4309755243,11981.357020926,1.02576326558774,0,0,-0.24,0.1998
15,-2,2.53072741539178,12592.3698209465,12859.1820472062,1.02118840456988,0,0,-0.24,0.1998
15,-2,2.61799387799149,13538.9959282039,13764.8634595684,1.01668273870251,0,0,-0.24,0.1998
15,-2,2.70526034059121,14520.3092972965,14698.4970711939,1.01227162385106,0,0,-0.24,0.1998
15,-2,2.79252680319093,15536.3099282243,15660.2574186444,1.00797792339318,0,0,-0.24,0.1998
15,-2,2.87979326579064,16586.9978209874,16650.3963821819,1.00382218421192,0,0,-0.24,0.1998
15,-2,2.96705972839036,17672.3729755857,17669.2225418275,0.999821731141452,0,1,-0.26,0.24975
15,-2,3.05432619099008,18792.4353920192,18717.1317486464,0.99599287469655,0,1,-0.26,0.24975
15,-1,-3.14159265358979,23914.3046752892,20998.0903354749,0.878055649979753,1,1,-0.26,0.24975
15,-1,-3.05432619099008,22644.5828216982,22578.838019017,0.997096665317315,0,1,0.26,0.24975
15,-1,-2.96705972839036,21409.5482299424,21438.2604948927,1.0013410962549,0,0,0.26,0.24975
15,-1,-2.87979326579064,20209.2009000218,20326.3802666196,1.00579831766617,0,0,0.24,0.1998
15,-1,-2.79252680319093,19043.5408319365,19242.6804501078,1.01045706887856,0,0,0.24,0.1998
15,-1,-2.70526034059121,17912.5680256864,18186.672723008,1.01530236741759,0,0,0.24,0.1998
15,-1,-2.61799387799149,16816.2824812715,17157.9474768492,1.02031751048178,0,0,0.24,0.1998
15,-1,-2.53072741539178,15754.6841986918,16156.17887215,1.02548414607331,0,0,0.24,0.1998
15,-1,-2.44346095279206,14727.7731779473,15181.1152454403,1.0307814400735,0,0,0.23,0.14985
15,-1,-2.35619449019234,13735.549419038,14232.5916179648,1.03618655386568,0,0,0.23,0.14985
15,-1,-2.26892802759263,12778.012921964,13310.5763607597,1.04167811083368,0,0,0.23,0.14985
15,-1,-2.18166156499291,11855.1636867252,12415.0963523351,1.04723112058225,0,0,0.23,0.14985
15,-1,-2.0943951023932,10967.0017133215,11546.2661081102,1.05281884784289,0,0,0.24,0.14985
15,-1,-2.00712863979348,10113.5270017532,10704.2867971616,1.05841283612591,0,0,0.24,0.14985
15,-1,-1.91986217719376,9294.73955201999,9889.44693632674,1.06398322201266,0,0,0.24,0.14985
15,-1,-1.83259571459405,8510.63936412203,9102.11332654624,1.06949818187781,0,0,0.24,0.14985
15,-1,-1.74532925199433,7761.2264380593,8342.72883000653,1.07492403379647,0,0,0.24,0.14985
15,-1,-1.65806278939461,7046.50077383179,7611.80690805288,1.08022508651676,0,0,0.24,0.14985
15,-1,-1.5707963267949,6366.46237143949,6909.92525282128,1.08536340115977,0,0,0.24,0.14985
15,-1,-1.48352986419518,5721.11123088241,6237.71856172519,1.09029842455328,0,0,0.24,0.14985
15,-1,-1.39626340159546,5110.44735216055,5595.87052055283,1.09498643366066,0,0,0.24,0.14985
15,-1,-1.30899693899575,4534.4707352739,4985.10507729434,1.0993797001522,0,0,0.24,0.14985
15,-1,-1.22173047639603,3993.18138022248,4406.17710449205,1.1034252354063,0,0,0.24,0.14985
15,-1,-1.13446401379631,3486.57928700627,3859.86256245934,1.10706289595771,0,0,0.24,0.14985
15,-1,-1.0471975511966,3014.66445562528,3346.94828872681,1.11022249341266,0,0,0.24,0.14985
15,-1,-0.959931088596881,2577.43688607951,2868.2215501621,1.11281931505407,0,0,0.24,0.14985
15,-1,-0.872664625997165,2174.89657836896,2424.45826681686,1.11474646239734,0,0,0.23,0.14985
15,-1,-0.785398163397448,1807.04353249362,2016.41618408548,1.11586475246833,0,0,0.23,0.14985
15,-1,-0.698131700797732,1473.8777484535,1644.82123604839,1.11598213472878,0,0,0.23,0.14985
15,-1,-0.610865238198015,1175.3992262486,1310.35843243094,1.11481988686778,0,0,0.23,0.14985
15,-1,-0.523598775598299,911.607965878922,1013.66265089313,1.11195019003132,0,0,0.23,0.14985
15,-1,-0.436332312998582,682.503967344459,755.309931853763,1.10667478577829,0,0,0.23,0.14985
15,-1,-0.349065850398866,488.087230645213,535.804837966018,1.09776450667993,0,0,0.24,0.1998
15,-1,-0.261799387799149,328.357755781186,355.590588530986,1.08293646874584,0,0,0.24,0.1998
15,-1,-0.174532925199433,203.315542752376,215.023739924466,1.05758633606458,0,0,0.24,0.1998
15,-1,-0.0872664625997165,112.960591558785,114.37596709962,1.01252981700347,0,0,0.25,0.1998
15,-1,0,57.2929022004112,53.8220119304232,0.93941849449611,1,1,0.22,0.14985
15,-1,0.0872664625997165,36.3124746772557,31.5593434498589,0.86910472861895,1,1,0.01,0.04995
15,-1,0.174532925199433,50.0193089893183,43.2333940699311,0.864334093043222,1,1,-0.21,0.14985
15,-1,0.261799387799149,98.4134051365989,92.4845085029461,0.939755192644504,1,1,-0.24,0.1998
15,-1,0.349065850398866,181.494763119098,181.703311345928,1.00114905919734,0,0,-0.24,0.1998
15,-1,0.436332312998582,299.263382936814,310.651037875483,1.03805228299873,0,0,-0.24,0.1998
15,-1,0.523598775598299,451.719264589748,478.997648175781,1.06038791285735,0,0,-0.24,0.1998
15,-1,0.610865238198015,638.862408077901,686.335214513119,1.07430834219538,0,0,-0.24,0.1998
15,-1,0.698131700797732,860.692813401272,932.184115303221,1.08306250591245,0,0,-0.24,0.1998
15,-1,0.785398163397448,1117.21048055986,1216.00020177942,1.08842534413932,0,0,-0.24,0.1998
15,-1,0.872664625997165,1408.41540955367,1537.1743317021,1.09142112566721,0,0,-0.23,0.14985
15,-1,0.959931088596881,1734.30760038269,1895.0645423895,1.09269228940203,0,0,-0.23,0.14985
15,-1,1.0471975511966,2094.88705304693,2288.98506162447,1.09265320929605,0,0,-0.23,0.14985
15,-1,1.13446401379631,2490.1537675464,2718.22076872854,1.0915875172668,0,0,-0.23,0.14985
15,-1,1.22173047639603,2920.10774388107,3182.03784941985,1.08969878117944,0,0,-0.23,0.14985
15,-1,1.30899693899575,3384.74898205097,3679.69392942106,1.08713938579616,0,0,-0.23,0.14985
15,-1,1.39626340159546,3884.07748205609,4210.44818439482,1.08402785573834,0,0,-0.23,0.14985
15,-1,1.48352986419518,4418.09324389642,4773.57128351117,1.08045960553364,0,0,-0.23,0.14985
15,-1,1.5707963267949,4986.79626757197,5368.35503222553,1.07651380649632,0,0,-0.23,0.14985
15,-1,1.65806278939461,5590.18655308274,5994.1215903783,1.07225788146065,0,0,-0.23,0.14985
15,-1,1.74532925199433,6228.26410042873,6650.23215417601,1.06775050751593,0,0,-0.23,0.14985
15,-1,1.83259571459405,6901.02890960993,7336.09500459365,1.06304365634201,0,0,-0.23,0.14985
15,-1,1.91986217719376,7608.48098062635,8051.17283983715,1.05818400024105,0,0,-0.23,0.14985
15,-1,2.00712863979348,8350.62031347799,8794.98932529644,1.05321389251781,0,0,-0.23,0.14985
15,-1,2.0943951023932,9127.44690816485,9567.13481047203,1.04817205804986,0,0,-0.23,0.14985
15,-1,2.18166156499291,9938.96076468693,10367.2711782519,1.04309408435203,0,0,-0.23,0.14985
15,-1,2.26892802759263,10785.1618830442,11195.1358072508,1.03801277427751,0,0,-0.23,0.14985
15,-1,2.35619449019234,11666.0502632367,12050.542692618,1.03295823528148,0,0,-0.24,0.1998
15,-1,2.44346095279206,12581.6259052645,12933.3613327518,1.0279562776811,0,0,-0.24,0.1998
15,-1,2.53072741539178,13531.8888091274,13843.5951844533,1.02303494949764,0,0,-0.24,0.1998
15,-1,2.61799387799149,14516.8389748256,14781.3056609278,1.01821792516683,0,0,-0.24,0.1998
15,-1,2.70526034059121,15536.476402359,15746.6364840645,1.01352688191729,0,0,-0.24,0.1998
15,-1,2.79252680319093,16590.8010917276,16739.8126247313,1.00898157552368,0,0,-0.24,0.1998
15,-1,2.87979326579064,17679.8130429314,17761.1385392603,1.00459990703134,0,0,-0.24,0.1998
15,-1,2.96705972839036,18803.5122559704,18810.9827217817,1.00039729097998,0,0,-0.26,0.24975
15,-1,3.05432619099008,19961.8987308447,19889.7813677024,0.996387249323591,0,1,-0.26,0.24975
15,-0.5,-3.14159265358979,23181.5019467051,21642.7983595035,0.933623645666309,1,1,-0.26,0.24975
15,-0.5,-3.05432619099008,21930.9421223345,21863.6041795381,0.996929546281195,0,1,0.26,0.24975
15,-0.5,-2.96705972839036,20715.0695597991,20738.4713749647,1.00112970005232,0,0,0.26,0.24975
15,-0.5,-2.87979326579064,19533.8842590989,19642.1001581295,1.0055399068406,0,0,0.24,0.1998
15,-0.5,-2.79252680319093,18387.386220234,18573.9938171134,1.01014867445782,0,0,0.24,0.1998
15,-0.5,-2.70526034059121,17275.5754432042,17533.6939866218,1.01494124142297,0,0,0.24,0.1998
15,-0.5,-2.61799387799149,16198.4519280097,16520.8173462186,1.01990100162914,0,0,0.24,0.1998
15,-0.5,-2.53072741539178,15156.0156746504,15535.0632735756,1.02500971278086,0,0,0.24,0.1998
15,-0.5,-2.44346095279206,14148.2666831263,14576.21535284,1.03024742742686,0,0,0.23,0.14985
15,-0.5,-2.35619449019234,13175.2049534374,13644.1101974076,1.03558997720547,0,0,0.23,0.14985
15,-0.5,-2.26892802759263,12236.8304855837,12738.7465457322,1.04101683526137,0,0,0.23,0.14985
15,-0.5,-2.18166156499291,11333.1432795653,11860.170382164,1.04650317123838,0,0,0.23,0.14985
15,-0.5,-2.0943951023932,10464.1433353821,11008.5142033951,1.0520224972619,0,0,0.23,0.14985
15,-0.5,-2.00712863979348,9629.83065303406,10183.9938673164,1.0575465170935,0,0,0.24,0.14985
15,-0.5,-1.91986217719376,8830.20523252127,9386.90945940062,1.06304544596869,0,0,0.24,0.14985
15,-0.5,-1.83259571459405,8065.2670738437,8617.63951551922,1.06848780537807,0,0,0.24,0.14985
15,-0.5,-1.74532925199433,7335.01617700135,7876.63525706673,1.07384020252929,0,0,0.24,0.14985
15,-0.5,-1.65806278939461,6639.45254199421,7164.41609529103,1.07906729507839,0,0,0.24,0.14985
15,-0.5,-1.5707963267949,5978.5761688223,6481.56321764281,1.0841315782583,0,0,0.24,0.14985
15,-0.5,-1.48352986419518,5352.3870574856,5828.71233566095,1.08899305544601,0,0,0.24,0.14985
15,-0.5,-1.39626340159546,4760.88520798412,5206.54566035169,1.09360873721975,0,0,0.24,0.14985
15,-0.5,-1.30899693899575,4204.07062031786,4615.78318723971,1.09793188652257,0,0,0.24,0.14985
15,-0.5,-1.22173047639603,3681.94329448682,4057.17338879914,1.10191088354733,0,0,0.24,0.14985
15,-0.5,-1.13446401379631,3194.50323049099,3531.48342638072,1.10548751138309,0,0,0.24,0.14985
15,-0.5,-1.0471975511966,2741.75042833039,3039.48900662344,1.10859434003056,0,0,0.24,0.14985
15,-0.5,-0.959931088596881,2323.684888005,2581.96274687152,1.11115012203237,0,0,0.23,0.14985
15,-0.5,-0.872664625997165,1940.30660951483,2159.66760638786,1.11305481092387,0,0,0.23,0.14985
15,-0.5,-0.785398163397448,1591.61559285987,1773.34267335697,1.11417774575239,0,0,0.23,0.14985
15,-0.5,-0.698131700797732,1277.61183804014,1423.69426877908,1.11434022947301,0,0,0.23,0.14985
15,-0.5,-0.610865238198015,998.29534505562,1111.38621054487,1.11328397557834,0,0,0.23,0.14985
15,-0.5,-0.523598775598299,753.66611390632,837.030599937272,1.11061195998168,0,0,0.23,0.14985
15,-0.5,-0.436332312998582,543.724144592239,601.175777074173,1.10566319898304,0,0,0.24,0.1998
15,-0.5,-0.349065850398866,368.469437113376,404.309779660687,1.09726815561173,0,0,0.24,0.1998
15,-0.5,-0.261799387799149,227.901991469731,246.844391873668,1.08311643211969,0,0,0.24,0.1998
15,-0.5,-0.174532925199433,122.021807661303,129.108544974633,1.05807762931197,0,0,0.24,0.1998
15,-0.5,-0.0872664625997165,50.828885688094,51.340776616285,1.01007086661967,0,0,0.23,0.14985
15,-0.5,0,14.3232255501028,13.3668275272382,0.933227468944123,1,1,0.08,0.04995
15,-0.5,0.0872664625997165,12.5048272473296,10.7625283298474,0.860669893072353,1,1,-0.07,0.04995
15,-0.5,0.174532925199433,45.3736907797744,43.2138552733717,0.952398945968808,1,1,-0.23,0.14985
15,-0.5,0.261799387799149,112.929816147437,115.291351859648,1.02091153419684,0,0,-0.24,0.1998
15,-0.5,0.349065850398866,215.173203350318,227.259016350642,1.05616783508422,0,0,-0.24,0.1998
15,-0.5,0.436332312998582,352.103852388417,378.846166508174,1.07595007534952,0,0,-0.24,0.1998
15,-0.5,0.523598775598299,523.721763261733,569.696297345263,1.08778427269702,0,0,-0.24,0.1998
15,-0.5,0.610865238198015,730.026935970269,799.376050361642,1.0949952816456,0,0,-0.24,0.1998
15,-0.5,0.698131700797732,971.019370514021,1067.37968754108,1.0992362459011,0,0,-0.23,0.14985
15,-0.5,0.785398163397448,1246.69906689299,1373.13500520056,1.10141656608653,0,0,-0.23,0.14985
15,-0.5,0.872664625997165,1557.06602510718,1716.02563883048,1.10208919285382,0,0,-0.23,0.14985
15,-0.5,0.959931088596881,1902.12024515659,2095.38415944997,1.10160446732297,0,0,-0.23,0.14985
15,-0.5,1.0471975511966,2281.86172704121,2510.50659665984,1.10020101871602,0,0,-0.23,0.14985
15,-0.5,1.13446401379631,2696.29047076106,2960.66230499649,1.09805020531071,0,0,-0.23,0.14985
15,-0.5,1.22173047639603,3145.40647631612,3445.10409094954,1.09528104456135,0,0,-0.23,0.14985
15,-0.5,1.30899693899575,3629.2097437064,3963.0784483938,1.09199487719507,0,0,-0.23,0.14985
15,-0.5,1.39626340159546,4147.70027293189,4513.83529325002,1.08827422335879,0,0,-0.24,0.14985
15,-0.5,1.48352986419518,4700.87806399261,5096.63923683309,1.08418877653345,0,0,-0.24,0.14985
15,-0.5,1.5707963267949,5288.74311688854,5710.77850058648,1.07979880557069,0,0,-0.24,0.14985
15,-0.5,1.65806278939461,5911.29543161969,6355.57382306794,1.0751575346872,0,0,-0.24,0.14985
15,-0.5,1.74532925199433,6568.53500818606,7030.38746448777,1.07031285602134,0,0,-0.24,0.14985
15,-0.5,1.83259571459405,7260.46184658765,7734.6312467658,1.06530843494495,0,0,-0.24,0.14985
15,-0.5,1.91986217719376,7987.07594682446,8467.77299235676,1.06018435892342,0,0,-0.23,0.14985
15,-0.5,2.00712863979348,8748.37730889647,9229.34484037827,1.05497791356035,0,0,-0.23,0.14985
15,-0.5,2.0943951023932,9544.36593280372,10018.9481570128,1.04972380853274,0,0,-0.23,0.14985
15,-0.5,2.18166156499291,10375.0418185462,10836.2577951224,1.04445437277677,0,0,-0.23,0.14985
15,-0.5,2.26892802759263,11240.4049661239,11681.0262689778,1.0391997711988,0,0,-0.23,0.14985
15,-0.5,2.35619449019234,12140.4553755367,12553.0867095938,1.03398812658119,0,0,-0.23,0.14985
15,-0.5,2.44346095279206,13075.1930467849,13452.3331653149,1.02884394266154,0,0,-0.24,0.1998
15,-0.5,2.53072741539178,14044.6179798682,14378.7714297272,1.02379227760684,0,0,-0.24,0.1998
15,-0.5,2.61799387799149,15048.7301747867,15332.4964382579,1.01885649222062,0,0,-0.24,0.1998
15,-0.5,2.70526034059121,16087.5296315405,16313.6758671501,1.01405723817075,0,0,-0.24,0.1998
15,-0.5,2.79252680319093,17161.0163501295,17322.5599044251,1.00941340250482,0,0,-0.24,0.1998
15,-0.5,2.87979326579064,18269.1903305537,18359.4792944498,1.00494214369999,0,0,-0.24,0.1998
15,-0.5,2.96705972839036,19412.0515728131,19424.8324884092,1.00065840107359,0,0,-0.26,0.24975
15,-0.5,3.05432619099008,20589.6000769078,20519.0758538808,0.996574764795646,0,1,-0.26,0.24975
15,-0.2,-3.14159265358979,22755.5706060828,22043.3734704487,0.968702295013262,1,1,-0.26,0.24975
15,-0.2,-3.05432619099008,21516.5079992444,21448.2141723788,0.996825979993222,0,1,0.26,0.24975
15,-0.2,-2.96705972839036,20312.1326542412,20332.3481995359,1.000995244844,0,0,0.26,0.24975
15,-0.2,-2.87979326579064,19142.4445710733,19245.2823895635,1.00537224063042,0,0,0.24,0.1998
15,-0.2,-2.79252680319093,18007.4437497405,18186.5321338448,1.00994524190069,0,0,0.24,0.1998
15,-0.2,-2.70526034059121,16907.130190243,17155.6570413182,1.01469952903176,0,0,0.24,0.1998
15,-0.2,-2.61799387799149,15841.5038925807,16152.2895643683,1.01961844493395,0,0,0.24,0.1998
15,-0.2,-2.53072741539178,14810.5648567536,15176.144210959,1.02468368747183,0,0,0.24,0.1998
15,-0.2,-2.44346095279206,13814.3130827618,14227.0197687518,1.02987529553713,0,0,0.24,0.1998
15,-0.2,-2.35619449019234,12852.7485706051,13304.7716416014,1.03516937007778,0,0,0.23,0.14985
15,-0.2,-2.26892802759263,11925.8713202837,12409.3989532438,1.04054442815744,0,0,0.23,0.14985
15,-0.2,-2.18166156499291,11033.6813317975,11540.9650965894,1.04597593038418,0,0,0.23,0.14985
15,-0.2,-2.0943951023932,10176.1786051465,10699.6128800183,1.05143721382869,0,0,0.23,0.14985
15,-0.2,-2.00712863979348,9353.3631403307,9885.56840593741,1.05689988270763,0,0,0.24,0.14985
15,-0.2,-1.91986217719376,8565.23493735014,9099.13726977305,1.06233364715949,0,0,0.24,0.14985
15,-0.2,-1.83259571459405,7811.7939962048,8340.70552543111,1.06770679430145,0,0,0.24,0.14985
15,-0.2,-1.74532925199433,7093.04031689468,7610.72940983096,1.07298549984316,0,0,0.24,0.14985
15,-0.2,-1.65806278939461,6408.97389941977,6909.73190416202,1.07813388111747,0,0,0.24,0.14985
15,-0.2,-1.5707963267949,5759.59474378009,6238.29629306382,1.08311375549481,0,0,0.24,0.14985
15,-0.2,-1.48352986419518,5144.90284997562,5597.0588965505,1.08788427299012,0,0,0.24,0.14985
15,-0.2,-1.39626340159546,4564.89821800637,4986.7010407591,1.09240136419448,0,0,0.24,0.14985
15,-0.2,-1.30899693899575,4019.58084787234,4407.94034973503,1.09661691518613,0,0,0.24,0.14985
15,-0.2,-1.22173047639603,3508.95073957352,3861.52145591149,1.10047753374298,0,0,0.24,0.14985
15,-0.2,-1.13446401379631,3033.00789310993,3348.20624126164,1.10392269300312,0,0,0.24,0.14985
15,-0.2,-1.0471975511966,2591.75230848155,2868.7627835577,1.10688153886065,0,0,0.23,0.14985
15,-0.2,-0.959931088596881,2185.18398568839,2423.95766118297,1.10926936910503,0,0,0.23,0.14985
15,-0.2,-0.872664625997165,1813.30292473045,2014.54350665856,1.11098012316835,0,0,0.23,0.14985
15,-0.2,-0.785398163397448,1476.10912560772,1641.24886344796,1.11187501992595,0,0,0.23,0.14985
15,-0.2,-0.698131700797732,1173.60258832022,1304.76838494559,1.11176338390078,0,0,0.23,0.14985
15,-0.2,-0.610865238198015,905.783312867928,1005.75317394132,1.11036840671845,0,0,0.23,0.14985
15,-0.2,-0.523598775598299,672.651299250858,744.800444030883,1.10726084207431,0,0,0.24,0.1998
15,-0.2,-0.436332312998582,474.206547469006,522.445384442287,1.10172537100288,0,0,0.24,0.1998
15,-0.2,-0.349065850398866,310.449057522372,339.163041205588,1.09249177276419,0,0,0.24,0.1998
15,-0.2,-0.261799387799149,181.378829410956,195.346970407375,1.07701086748537,0,0,0.24,0.1998
15,-0.2,-0.174532925199433,86.9958631347583,91.3096934214,1.04958661402048,0,0,0.25,0.1998
15,-0.2,-0.0872664625997165,27.3001586937783,27.2699459032802,0.998893310810497,0,1,0.23,0.14985
15,-0.2,0,2.29171608801645,2.13533874181524,0.931764084120666,1,1,0.03,0
15,-0.2,0.0872664625997165,11.9705353174726,11.1857821804931,0.93444293708118,1,1,-0.14,0.0999
15,-0.2,0.174532925199433,56.3366163821467,56.9514008376315,1.01091269754851,0,0,-0.23,0.14985
15,-0.2,0.261799387799149,135.389959282039,142.725754401767,1.05418271161783,0,0,-0.24,0.1998
15,-0.2,0.349065850398866,249.130564017149,268.34273588157,1.07711688021988,0,0,-0.24,0.1998
15,-0.2,0.436332312998582,397.558430587477,433.513540215888,1.09043981176623,0,0,-0.24,0.1998
15,-0.2,0.523598775598299,580.673558993023,637.865783375051,1.09849290276142,0,0,-0.24,0.1998
15,-0.2,0.610865238198015,798.475949233788,880.950848398854,1.10329039872047,0,0,-0.24,0.1998
15,-0.2,0.698131700797732,1050.96560130977,1162.24255245039,1.10588067868439,0,0,-0.23,0.14985
15,-0.2,0.785398163397448,1338.14251522097,1481.1657961854,1.10688194967097,0,0,-0.23,0.14985
15,-0.2,0.872664625997165,1660.00669096739,1837.08671963561,1.1066742860928,0,0,-0.23,0.14985
15,-0.2,0.959931088596881,2016.55812854902,2229.32622621435,1.1055105204522,0,0,-0.23,0.14985
15,-0.2,1.0471975511966,2407.79682796588,2657.16981420916,1.10356894873641,0,0,-0.23,0.14985
15,-0.2,1.13446401379631,2833.72278921795,3119.87752328535,1.10098190802438,0,0,-0.23,0.14985
15,-0.2,1.22173047639603,3294.33601230524,3616.69413239545,1.097852228457,0,0,-0.23,0.14985
15,-0.2,1.30899693899575,3789.63649722775,4146.85857901158,1.09426288828629,0,0,-0.24,0.14985
15,-0.2,1.39626340159546,4319.62424398548,4709.61689391843,1.09028392932,0,0,-0.24,0.14985
15,-0.2,1.48352986419518,4884.29925257842,5304.22965701936,1.0859755683928,0,0,-0.24,0.14985
15,-0.2,1.5707963267949,5483.66152300658,5929.98240624129,1.08139103432299,0,0,-0.24,0.14985
15,-0.2,1.65806278939461,6117.71105526996,6586.19499527278,1.07657830449499,0,0,-0.24,0.14985
15,-0.2,1.74532925199433,6786.44784936856,7272.23029279937,1.07158125343526,0,0,-0.24,0.14985
15,-0.2,1.83259571459405,7489.87190530238,7987.50221792974,1.06644043034636,0,0,-0.24,0.14985
15,-0.2,1.91986217719376,8227.98322307141,8731.48302955241,1.06119358691315,0,0,-0.24,0.14985
15,-0.2,2.00712863979348,9000.78180267566,9503.70844595548,1.05587588437377,0,0,-0.23,0.14985
15,-0.2,2.0943951023932,9808.26764411514,10303.7864614654,1.05052052363677,0,0,-0.23,0.14985
15,-0.2,2.18166156499291,10650.4407473898,11131.4000617728,1.04515863012532,0,0,-0.23,0.14985
15,-0.2,2.26892802759263,11527.3011124997,11986.310842542,1.03981935802341,0,0,-0.23,0.14985
15,-0.2,2.35619449019234,12438.8487394449,12868.3622464759,1.03453000482826,0,0,-0.23,0.14985
15,-0.2,2.44346095279206,13385.0836282252,13777.466561381,1.02931494072464,0,0,-0.24,0.1998
15,-0.2,2.53072741539178,14366.0057788408,14713.6274734196,1.02419751877664,0,0,-0.24,0.1998
15,-0.2,2.61799387799149,15381.6151912915,15676.961201184,1.01920123512514,0,0,-0.24,0.1998
15,-0.2,2.70526034059121,16431.9118655775,16667.6497935295,1.01434634812312,0,0,-0.24,0.1998
15,-0.2,2.79252680319093,17516.8958016987,17685.9585687695,1.00965141135648,0,0,-0.24,0.1998
15,-0.2,2.87979326579064,18636.5669996552,18732.2340440916,1.00513329758846,0,0,-0.24,0.1998
15,-0.2,2.96705972839036,19790.9254594468,19806.8926449137,1.00080679326996,0,0,-0.26,0.24975
15,-0.2,3.05432619099008,20979.9711810737,20910.4028421159,0.996684059365126,0,1,-0.26,0.24975
