speed,scenario,budget,evaluation,safety,hard,clfSlack,clfInitialValue,clfNextValue,minimumCollisionMargin,terminalPhaseMeters,terminalSeparationMargin,cost,terminalResidual,terminalError,terminalRadius,completionSafety,worstCompletionOffset,stateViolation,endpointSafety,inputViolation,slewViolation
15,brakingLead,30,1,0,1.906,0,0,0,-1.906,0,0.1660531786907881,0,-0.0009765625,"[0, 0, 0, 0, 0, 0, 0, 0]",0.0009765625,1.906,59,0,0,0,0
15,brakingLead,30,2,0,12.433830899132255,0.058302889315460654,0,0.058302889315460654,-1.372380720022235,1.8230270639070956,1.989080242597879,131.59767846229147,12.433830899132255,"[-1.1101398137338805, -0.4866712207599986, -0.014245653021694452, -0.5601745826834197, -0.04005392685784781, -0.01284487415680482, 7.824040795531562e-05, -1.4380393044272077e-06]",0.0009765625,1.372380720022235,105,0,0,0,0
15,brakingLead,30,3,0,2.0404713450939287,0.058302889315460654,0,0.058302889315460654,-1.319928176536141,1.1949797996254303,1.3610329783162172,129.2590979001368,2.0404713450939287,"[-0.05408426815374412, -0.18496387325775215, -0.015037236005834445, -0.03947415895067152, 0.0003562091066117368, -0.0004573580954729346, 1.6425662913155392e-17, -2.949029909160572e-16]",0.0009765625,1.319928176536141,105,0,0,0,0
15,brakingLead,30,4,0,1.3198708481198353,0.058302889315460654,0,0.058302889315460654,-1.3198708481198353,1.1637903247905526,1.3298435034813423,128.9539102397718,0.16283390286688348,"[-0.004178698732630437, -0.01565790205126471, -0.0010302610807601403, -0.003461382235780519, -0.0006877516945064706, -0.0009091133859803925, 1.6714400831470627e-17, 3.122502256758253e-17]",0.0009765625,1.3198708481198353,105,0,0,0,0
15,brakingLead,30,5,0,1.3198848408681128,0.058302889315460654,0,0.058302889315460654,-1.3198848408681128,1.1609591269925261,1.3270123056833114,128.94792449256693,0.0011399806656387157,"[-3.976301842101293e-05, -0.00021353218653293206, -1.214176958337463e-05, -3.944113146481243e-05, -1.8627245835820437e-05, 9.430768368351683e-07, 1.7265920611953322e-18, 3.469446951953614e-18]",0.0009765625,1.3198848408681128,105,0,0,0,0
15,brakingLead,30,6,0,1.319885147925168,0.058302889315460654,0,0.058302889315460654,-1.319885147925168,1.1609335861857184,1.3269867648765086,128.94789574257658,-0.0009762682034857524,"[-6.5511187585798325e-09, -2.94035256987383e-08, -1.6595790034299564e-09, -6.2399863054452e-09, -2.1618594232854987e-09, -6.617850435320858e-10, -2.0403466335518535e-20, 0]",0.0009765625,1.319885147925168,105,0,0,0,0
15,brakingLead,30,7,0,60.98369364295275,1.3037940472705294,0,1.3037940472705294,-1.4453926271088744,4.245810719719815,4.411863898410601,550.9167094525881,60.98369364295275,"[-6.22969337821246, 0.8109014938244454, 0.06285091257682597, -1.6268004213732468, -0.16380850577692108, -0.06693227162360384, 0.0001222640785778911, -1.0420193605198413e-07]",0.0009765625,1.4453926271088744,115,0,1.24396566048385,0,0
15,brakingLead,30,8,0,47.575852087076655,1.3037940472705294,0,1.3037940472705294,-2.0069791071428873,3.0412747905058604,3.2073279691966547,547.887456520743,47.575852087076655,"[-4.8303527944505475, -0.4546545537579887, -0.0702540152369497, -1.368997197493984, -0.15071414221302523, 0.09031440585991271, 9.169805893325384e-05, -7.815145240674948e-08]",0.0009765625,2.0069791071428873,116,0,1.6174729594444448,0,0
15,brakingLead,30,9,0,28.56108021997287,1.3037940472705294,0,1.3037940472705294,-2.011995916113571,1.4938619749741688,1.6599151536649543,552.4781039803853,28.56108021997287,"[-2.660386322702635, -0.9394265382463387, -0.10377114943964434, -0.8708167049577931, -0.09904619256124003, 0.01809827055155154, 4.584902946656755e-05, -3.9075726026432944e-08]",0.0009765625,2.011995916113571,112,0,1.0086828993796926,0,0
15,brakingLead,30,10,0,23.366051228111537,1.3037940472705294,0,1.3037940472705294,-1.974485590596929,1.073783780726993,1.2398369594177865,553.879051544656,23.366051228111537,"[-2.065574819925075, -0.9634959579235273, -0.10660594278072094, -0.6735991093814704, -0.07212189568936901, 0.013557161765446494, 3.4386772099880225e-05, -2.9306794598754626e-08]",0.0009765625,1.974485590596929,112,0,0.832828751908053,0,0
15,brakingLead,30,11,0,19.982713490941613,1.3037940472705294,0,1.3037940472705294,-1.972524615435478,0.6405060666551441,0.8065592453459373,554.5527851756119,19.982713490941613,"[-1.5771011118998643, -1.0277378953752467, -0.13038941583842473, -0.4366880842407337, -0.03716333539586103, -0.02917496838709916, 2.579007907485225e-05, -2.1980096055751464e-08]",0.0009765625,1.972524615435478,112,0,0.7738741896179133,0,0
15,brakingLead,30,12,0,13.365554637237128,1.3037940472705294,0,1.3037940472705294,-1.8417776264053372,0.264300537376678,0.4303537160674721,554.0175645999615,13.365554637237128,"[-0.8531239103361941, -0.84617713180553, -0.10585735726651313, -0.21579667931228919, -0.06261002917150317, -0.08506626665217305, 1.2895039537410846e-05, -1.0990048000120156e-08]",0.0009765625,1.8417776264053372,111,0,0.44439722005881754,0,0
15,brakingLead,30,13,0,3.363290728451977,0.15799094047832976,0,0.15799094047832976,-0.8584378357161169,1.9260368425188408,2.0920900212096285,200.1507137763462,3.363290728451977,"[-0.31623319162675045, 0.12692212449208973, 0.0057838179075981044, -0.11253325400019598, -0.008430806552420754, -0.004538821333361062, 0.0001260642647968532, -5.230770537545393e-08]",0.0009765625,0.8584378357161169,105,0,0,0,0
15,brakingLead,30,14,0,1.3131059450219251,0.15799094047832976,0,0.15799094047832976,-0.8543078277215128,1.7464533039370351,1.912506482627819,200.83281602327972,1.3131059450219251,"[-0.0063251378936968194, -0.11239041003348978, -0.012092407269987521, 0.0026030083694887907, -0.0005885070058395665, -0.016398862495392408, 4.049495114233359e-17, 2.3245294578089215e-16]",0.0009765625,0.8543078277215128,105,0,0,0,0
15,brakingLead,30,15,0,0.8513770923451174,0.15799094047832976,0,0.15799094047832976,-0.8513770923451174,1.738609153545159,1.9046623322359437,200.68987342459323,0.06235090342396277,"[-0.0018766477448792784, -0.0013862806008218688, 0.0011531331996754697, -0.0033241166512247844, -0.0032706502188642192, 0.0023114889569673426, 2.4749414521150487e-18, 6.938893903907228e-18]",0.0009765625,0.8513770923451174,105,0,0,0,0
15,brakingLead,30,16,0,0.8510739165397607,0.15799094047832976,0,0.15799094047832976,-0.8510739165397607,1.738503206157918,1.9045563848487035,200.68721376462614,-0.0005967282092041884,"[-6.898409125710714e-06, -5.119805761023923e-06, 6.124978892181869e-06, -2.4733279481381487e-05, -5.979903774931003e-06, 2.1750967404238856e-05, 1.3219957366883556e-18, -3.469446951953614e-18]",0.0009765625,0.8510739165397607,105,0,0,0,0
15,brakingLead,30,17,0,3.7234912386358414,0.274417646320421,0,0.274417646320421,-0.33504110742969906,2.687452337399808,2.8535055160905927,345.444494571561,3.7234912386358414,"[-0.3773431965695835, -0.00545475667897514, -0.00241862988497053, -0.11892622290000254, -0.010493876973670904, 0.00017087370820019065, 0.00012558769720870174, -2.3733450544780044e-07]",0.0009765625,0.33504110742969906,104,0,0,0,0
15,brakingLead,30,18,0,0.9421329808733316,0.274417646320421,0,0.274417646320421,-0.3312332252773158,2.443526619097343,2.609579797788129,346.3740117121911,0.9421329808733316,"[-0.0039640126719007185, -0.07731140709043594, -0.009462862705385187, 0.0001139258634843543, 0.005729020766901669, -0.004279670046182857, 1.5341460740669888e-17, -1.1102230246251565e-16]",0.0009765625,0.3312332252773158,104,0,0,0,0
15,brakingLead,30,19,0,0.33406619303165264,0.274417646320421,0,0.274417646320421,-0.33406619303165264,2.4404516713673186,2.6065048500581014,346.55271895111696,0.06668195350563394,"[-0.0008708294037376163, -0.0057019904656658875, -0.0005626135810840964, -0.0012728433437612097, -0.0005017653291048338, -0.002165941824863117, 1.0741245532519267e-18, 3.469446951953614e-18]",0.0009765625,0.33406619303165264,104,0,0,0,0
15,brakingLead,30,20,0,0.3344490236068791,0.274417646320421,0,0.274417646320421,-0.3344490236068791,2.439741695241785,2.6057948739325667,346.5874676906142,0.0062163662957134685,"[-9.154353605822507e-06, -0.00042523926768335264, -9.65004009138529e-05, -7.872906358841192e-06, 0.00015255050780784533, -0.00012672533050570373, -1.8524533051174415e-19, 0]",0.0009765625,0.3344490236068791,104,0,0,0,0
15,brakingLead,30,21,0,0.33446489579793925,0.274417646320421,0,0.274417646320421,-0.33446489579793925,2.4397246918906466,2.6057778705814343,346.5885148857186,-0.0009671647683120435,"[-2.7550129289011238e-08, -4.33816391974998e-07, -1.3673769763667192e-07, -9.63826565225645e-08, 2.8438201935683706e-07, -3.3606886988598835e-07, 8.658267074464518e-20, 0]",0.0009765625,0.33446489579793925,104,0,0,0,0
15,brakingLead,30,22,0,1.511041843179023,0.23346847680958735,0,0.23346847680958735,0.5993649174699984,3.6188625010026927,3.7849156796934835,466.8304463065266,1.511041843179023,"[-0.09888947440769869, -0.09377492732024896, -0.012115807647433037, -0.026149222354236556, 0.006972039925004598, -0.0018123989954464419, 0.00010832170202450261, -2.502756706247722e-06]",0.0009765625,0,1,0,0,0,0
15,brakingLead,30,23,0,1.3303580669501263,0.23346847680958735,0,0.23346847680958735,0.5999163473437081,3.5581574543930015,3.7242106330837856,466.99440448132685,1.3303580669501263,"[0.007192890035042865, -0.07352453893287605, -0.01853258451249077, 0.02755123652551461, 0.03425758242440555, -0.007962034096183705, -3.4979072589813587e-17, 4.85722573273506e-17]",0.0009765625,0,1,0,0,0,0
15,brakingLead,30,24,0,4.960976186801272,0.23346847680958735,0,0.23346847680958735,0.6032939687592462,3.433417039323532,3.599470218014318,466.33283393867583,4.960976186801272,"[0.032101886796340295, -0.2800844377321394, -0.06773637692702358, 0.10468953914024048, 0.09249830007123289, -0.03254671760290416, -7.339172782333913e-18, 8.673617379884035e-17]",0.0009765625,0,1,0,0,0,0
15,brakingLead,30,25,0,2.23046884577652,0.23346847680958735,0,0.23346847680958735,0.6015514330871812,3.4957872468582667,3.661840425549059,466.51326924587784,2.23046884577652,"[0.016093324454658386, -0.1271506149170776, -0.030722123231051363, 0.052679522625105335, 0.059867215778469506, 0.01755367183149076, -2.115912268607375e-17, 6.938893903907228e-17]",0.0009765625,0,1,0,0,0,0
15,brakingLead,30,26,0,1.4505004113986033,0.23346847680958735,0,0.23346847680958735,0.6007141741191051,3.526972350625634,3.6930255293164294,466.8130914398222,1.4505004113986033,"[0.008986271665222034, -0.0807980648389233, -0.02023348612498664, 0.03176117443480564, 0.03958530033431562, 0.0012230107125741473, -2.806909763794367e-17, 5.898059818321144e-17]",0.0009765625,0,1,0,0,0,0
15,brakingLead,30,27,0,1.2841834422471978,0.23346847680958735,0,0.23346847680958735,0.6003096232682597,3.5425649025093175,3.7086180812001004,466.93250823298615,1.2841834422471978,"[0.007227190350519663, -0.07110116421777389, -0.017909800724372694, 0.027019058072781377, 0.03376677389292122, -0.005055228214958667, -3.1524085113878626e-17, 5.204170427930421e-17]",0.0009765625,0,1,0,0,0,0
15,brakingLead,30,28,0,4.618740776767236,0.23346847680958735,0,0.23346847680958735,0.603989730266463,3.412108232856253,3.5781614115470433,466.2260132643508,4.618740776767236,"[0.030642538721366464, -0.24201293583051053, -0.06507392040344254, 0.08983582778584065, 0.0922825831521008, -0.06821259807112673, 1.5949873920747264e-17, 5.898059818321144e-17]",0.0009765625,0,1,0,0,0,0
15,brakingLead,30,29,0,2.0682890066086883,0.23346847680958735,0,0.23346847680958735,0.6021162746654485,3.477336567682785,3.643389746373572,466.46494713664293,2.0682890066086883,"[0.015594851830584844, -0.11508615092860176, -0.028759758611148187, 0.050305935092474385, 0.05531553712324816, 0.01101549788946373, -7.787105596565681e-18, 5.551115123125783e-17]",0.0009765625,0,1,0,0,0,0
15,brakingLead,30,30,0,1.3806928829326301,0.23346847680958735,0,0.23346847680958735,0.6011995727571959,3.5099507350960515,3.676003913786843,466.74791133724125,1.3806928829326301,"[0.008989298845349936, -0.07670708230421101, -0.019287479034727745, 0.030927763410486975, 0.038146987982378734, 0.0028211395895356836, -1.9655595355222155e-17, 5.204170427930421e-17]",0.0009765625,0,1,0,0,0,0
15,brakingLead,30,31,0,1.2360768805976112,0.23346847680958735,0,0.23346847680958735,0.6007506556609885,3.5262578188026845,3.692310997493479,466.86626041910523,1.2360768805976112,"[0.007269128406974801, -0.06848569331728437, -0.017257841865253438, 0.02648736809556773, 0.03309571327760969, -0.002594267235305264, -2.558984023455039e-17, 5.204170427930421e-17]",0.0009765625,0,1,0,0,0,0
15,brakingLead,30,32,0,4.033251676607214,0.23346847680958735,0,0.23346847680958735,0.604885926179094,3.3980880092712806,3.564141187962065,466.17437651993333,4.033251676607214,"[0.026821078597691894, -0.2010777388942408, -0.05782571829904173, 0.07387256234493123, 0.08357852676928816, -0.0795744035798179, 4.9494205759756275e-18, 2.0122792321330962e-16]",0.0009765625,0,1,0,0,0,0
15,brakingLead,30,33,0,1.8358183199300244,0.23346847680958735,0,0.23346847680958735,0.6027868739705868,3.4621729140369824,3.628226092727772,466.4512213611662,1.8358183199300244,"[0.013847098868566832, -0.09974785146565439, -0.025766934773359874, 0.04474903340845593, 0.04836302170147335, 0.0033035255471675785, -1.0320209829287381e-17, 1.2836953722228372e-16]",0.0009765625,0,1,0,0,0,0
15,brakingLead,30,34,0,1.284449637824151,0.23346847680958735,0,0.23346847680958735,0.6017581623057284,3.4942153664198337,3.6602685451106254,466.69747816769984,1.284449637824151,"[0.008588322469890386, -0.07110979260312912, -0.01796656182621536, 0.02921859025915019, 0.03552883206898217, 0.0029996269844734663, -1.7955025031918886e-17, 9.020562075079397e-17]",0.0009765625,0,1,0,0,0,0
15,brakingLead,30,35,0,1.1784964101067452,0.23346847680958735,0,0.23346847680958735,0.6012514198968832,3.510236592611259,3.676289771302052,466.8031985516999,1.1784964101067452,"[0.007208383017868414, -0.06531436747003631, -0.016467459995765075, 0.025680475928265167, 0.03198843805307303, -0.0006798666488169367, -2.1772432633234638e-17, 6.938893903907228e-17]",0.0009765625,0,1,0,0,0,0
15,brakingLead,30,36,0,3.0400592157816457,0.23346847680958735,0,0.23346847680958735,0.6066279203694906,3.3903052348273763,3.5563584135181685,466.07959871620136,3.0400592157816457,"[0.026419882073327017, -0.18196789683327325, -0.040409935166384914, 0.07513682920174425, 0.06954688163920637, 0.034827242370260074, -4.7045609314598816e-17, -6.938893903907228e-18]",0.0009765625,0,1,0,0,0,0
15,brakingLead,30,37,0,1.623656679218814,0.23346847680958735,0,0.23346847680958735,0.6038778499055868,3.4502709137193177,3.6163240924101103,466.4044861478522,1.623656679218814,"[0.012782330254154317, -0.09241458799746974, -0.022382619230872293, 0.03911926346594541, 0.044585181956150646, 0.016039834065797398, -3.4409020973916727e-17, 3.122502256758253e-17]",0.0009765625,0,1,0,0,0,0
15,brakingLead,30,38,0,1.210023535518197,0.23346847680958735,0,0.23346847680958735,0.6025488002052131,3.480253753165288,3.646306931856074,466.6380902147907,1.210023535518197,"[0.008298778763219161, -0.06752366439264257, -0.01687965880621992, 0.027615645762642416, 0.033724111323155656, 0.005181238254597649, -2.8090726803575686e-17, 5.204170427930421e-17]",0.0009765625,0,1,0,0,0,0
15,brakingLead,30,39,0,1.1243979439256575,0.23346847680958735,0,0.23346847680958735,0.6018960734452892,3.4952451728882736,3.661298351579063,466.7392115668056,1.1243979439256575,"[0.007130908286328008, -0.06242168185802837, -0.01571171551573681, 0.02486437765480254, 0.030848052857158983, 0.001088543381706169, -2.4931579718405162e-17, 5.898059818321144e-17]",0.0009765625,0,1,0,0,0,0
15,brakingLead,30,40,0,4.3745860128870975,0.25233074108432213,0,0.25233074108432213,0.05167897376183462,3.6192933978090105,3.785346576499805,277.2633493440332,4.3745860128870975,"[-0.46030556310063275, 0.08092817397875147, -0.0077770256774316905, -0.0744054842187758, 0.0394552629531432, 0.012064671328269595, 0.0001151858554065758, -5.279223448534376e-07]",0.0009765625,0,1,0,0,0,0
15,brakingLead,30,41,0,0.7161680126375123,0.25233074108432213,0,0.25233074108432213,0.05167897376183462,3.2917322610020365,3.4577854396928274,277.46480886932335,0.7161680126375123,"[-0.0005423785567160166, -0.05567359172252412, -0.007791659874074453, 0.008610245510775272, 0.008665335892908087, 0.004023636546204483, -4.892462303340839e-18, 4.5102810375396984e-17]",0.0009765625,0,1,0,0,0,0
15,brakingLead,30,42,0,0.015422925352631494,0.25233074108432213,0,0.25233074108432213,0.05167897376183462,3.290261021803025,3.456314200493807,277.630586843127,0.015422925352631494,"[-0.0003474187556804509, -0.0017449331824067112, -2.387347855768303e-05, -0.00023914638401834054, -0.000999699500248931, -0.0009975488885316471, -2.8074424890576667e-18, 1.0408340855860843e-17]",0.0009765625,0,1,0,0,0,0
15,brakingLead,30,43,0,0.006346239922327294,0.25233074108432213,0,0.25233074108432213,0.05167897376183462,3.289971093882966,3.4560242725737567,277.664362681738,0.006346239922327294,"[1.1278999053843108e-05, -0.0004267115552552596, -9.906882368789695e-05, 8.891341392747165e-05, 0.00015466861014822034, -0.00010065894868534343, 2.860969912864873e-19, 0]",0.0009765625,0,1,0,0,0,0
15,brakingLead,30,44,0,0,0.25233074108432213,0,0.25233074108432213,0.05167897376183462,3.289929898760376,3.4559830774511653,277.666370899304,-0.0009440843321819272,"[3.2830016039042675e-08, -1.8114965923869366e-06, -4.4965209837083674e-07, 2.9164602821651897e-07, 7.695910125073829e-07, -5.742419889685381e-07, 1.8109202593832754e-19, 0]",0.0009765625,0,1,0,0,0,0
15,brakingLead,5,1,0,1.906,0,0,0,-1.906,0,0.1660531786907881,0,-0.0009765625,"[0, 0, 0, 0, 0, 0, 0, 0]",0.0009765625,1.906,59,0,0,0,0
15,brakingLead,5,2,0,12.433830899132255,0.058302889315460654,0,0.058302889315460654,-1.372380720022235,1.8230270639070956,1.989080242597879,131.59767846229147,12.433830899132255,"[-1.1101398137338805, -0.4866712207599986, -0.014245653021694452, -0.5601745826834197, -0.04005392685784781, -0.01284487415680482, 7.824040795531562e-05, -1.4380393044272077e-06]",0.0009765625,1.372380720022235,105,0,0,0,0
15,brakingLead,5,3,0,2.0404713450939287,0.058302889315460654,0,0.058302889315460654,-1.319928176536141,1.1949797996254303,1.3610329783162172,129.2590979001368,2.0404713450939287,"[-0.05408426815374412, -0.18496387325775215, -0.015037236005834445, -0.03947415895067152, 0.0003562091066117368, -0.0004573580954729346, 1.6425662913155392e-17, -2.949029909160572e-16]",0.0009765625,1.319928176536141,105,0,0,0,0
15,brakingLead,5,4,0,1.3198708481198353,0.058302889315460654,0,0.058302889315460654,-1.3198708481198353,1.1637903247905526,1.3298435034813423,128.9539102397718,0.16283390286688348,"[-0.004178698732630437, -0.01565790205126471, -0.0010302610807601403, -0.003461382235780519, -0.0006877516945064706, -0.0009091133859803925, 1.6714400831470627e-17, 3.122502256758253e-17]",0.0009765625,1.3198708481198353,105,0,0,0,0
15,brakingLead,5,5,0,1.3198848408681128,0.058302889315460654,0,0.058302889315460654,-1.3198848408681128,1.1609591269925261,1.3270123056833114,128.94792449256693,0.0011399806656387157,"[-3.976301842101293e-05, -0.00021353218653293206, -1.214176958337463e-05, -3.944113146481243e-05, -1.8627245835820437e-05, 9.430768368351683e-07, 1.7265920611953322e-18, 3.469446951953614e-18]",0.0009765625,1.3198848408681128,105,0,0,0,0
15,brakingLead,5,6,0,1.319885147925168,0.058302889315460654,0,0.058302889315460654,-1.319885147925168,1.1609335861857184,1.3269867648765086,128.94789574257658,-0.0009762682034857524,"[-6.5511187585798325e-09, -2.94035256987383e-08, -1.6595790034299564e-09, -6.2399863054452e-09, -2.1618594232854987e-09, -6.617850435320858e-10, -2.0403466335518535e-20, 0]",0.0009765625,1.319885147925168,105,0,0,0,0
15,brakingLead,5,7,0,60.98369364295275,1.3037940472705294,0,1.3037940472705294,-1.4453926271088744,4.245810719719815,4.411863898410601,550.9167094525881,60.98369364295275,"[-6.22969337821246, 0.8109014938244454, 0.06285091257682597, -1.6268004213732468, -0.16380850577692108, -0.06693227162360384, 0.0001222640785778911, -1.0420193605198413e-07]",0.0009765625,1.4453926271088744,115,0,1.24396566048385,0,0
15,brakingLead,5,8,0,47.575852087076655,1.3037940472705294,0,1.3037940472705294,-2.0069791071428873,3.0412747905058604,3.2073279691966547,547.887456520743,47.575852087076655,"[-4.8303527944505475, -0.4546545537579887, -0.0702540152369497, -1.368997197493984, -0.15071414221302523, 0.09031440585991271, 9.169805893325384e-05, -7.815145240674948e-08]",0.0009765625,2.0069791071428873,116,0,1.6174729594444448,0,0
15,brakingLead,5,9,0,28.56108021997287,1.3037940472705294,0,1.3037940472705294,-2.011995916113571,1.4938619749741688,1.6599151536649543,552.4781039803853,28.56108021997287,"[-2.660386322702635, -0.9394265382463387, -0.10377114943964434, -0.8708167049577931, -0.09904619256124003, 0.01809827055155154, 4.584902946656755e-05, -3.9075726026432944e-08]",0.0009765625,2.011995916113571,112,0,1.0086828993796926,0,0
15,brakingLead,5,10,0,23.366051228111537,1.3037940472705294,0,1.3037940472705294,-1.974485590596929,1.073783780726993,1.2398369594177865,553.879051544656,23.366051228111537,"[-2.065574819925075, -0.9634959579235273, -0.10660594278072094, -0.6735991093814704, -0.07212189568936901, 0.013557161765446494, 3.4386772099880225e-05, -2.9306794598754626e-08]",0.0009765625,1.974485590596929,112,0,0.832828751908053,0,0
15,brakingLead,5,11,0,19.982713490941613,1.3037940472705294,0,1.3037940472705294,-1.972524615435478,0.6405060666551441,0.8065592453459373,554.5527851756119,19.982713490941613,"[-1.5771011118998643, -1.0277378953752467, -0.13038941583842473, -0.4366880842407337, -0.03716333539586103, -0.02917496838709916, 2.579007907485225e-05, -2.1980096055751464e-08]",0.0009765625,1.972524615435478,112,0,0.7738741896179133,0,0
15,brakingLead,5,12,0,13.365554637237128,1.3037940472705294,0,1.3037940472705294,-1.8417776264053372,0.264300537376678,0.4303537160674721,554.0175645999615,13.365554637237128,"[-0.8531239103361941, -0.84617713180553, -0.10585735726651313, -0.21579667931228919, -0.06261002917150317, -0.08506626665217305, 1.2895039537410846e-05, -1.0990048000120156e-08]",0.0009765625,1.8417776264053372,111,0,0.44439722005881754,0,0
15,brakingLead,5,13,0,3.363290728451977,0.15799094047832976,0,0.15799094047832976,-0.8584378357161169,1.9260368425188408,2.0920900212096285,200.1507137763462,3.363290728451977,"[-0.31623319162675045, 0.12692212449208973, 0.0057838179075981044, -0.11253325400019598, -0.008430806552420754, -0.004538821333361062, 0.0001260642647968532, -5.230770537545393e-08]",0.0009765625,0.8584378357161169,105,0,0,0,0
15,brakingLead,5,14,0,1.3131059450219251,0.15799094047832976,0,0.15799094047832976,-0.8543078277215128,1.7464533039370351,1.912506482627819,200.83281602327972,1.3131059450219251,"[-0.0063251378936968194, -0.11239041003348978, -0.012092407269987521, 0.0026030083694887907, -0.0005885070058395665, -0.016398862495392408, 4.049495114233359e-17, 2.3245294578089215e-16]",0.0009765625,0.8543078277215128,105,0,0,0,0
15,brakingLead,5,15,0,0.8513770923451174,0.15799094047832976,0,0.15799094047832976,-0.8513770923451174,1.738609153545159,1.9046623322359437,200.68987342459323,0.06235090342396277,"[-0.0018766477448792784, -0.0013862806008218688, 0.0011531331996754697, -0.0033241166512247844, -0.0032706502188642192, 0.0023114889569673426, 2.4749414521150487e-18, 6.938893903907228e-18]",0.0009765625,0.8513770923451174,105,0,0,0,0
15,brakingLead,5,16,0,0.8510739165397607,0.15799094047832976,0,0.15799094047832976,-0.8510739165397607,1.738503206157918,1.9045563848487035,200.68721376462614,-0.0005967282092041884,"[-6.898409125710714e-06, -5.119805761023923e-06, 6.124978892181869e-06, -2.4733279481381487e-05, -5.979903774931003e-06, 2.1750967404238856e-05, 1.3219957366883556e-18, -3.469446951953614e-18]",0.0009765625,0.8510739165397607,105,0,0,0,0
15,brakingLead,5,17,0,3.7234912386358414,0.274417646320421,0,0.274417646320421,-0.33504110742969906,2.687452337399808,2.8535055160905927,345.444494571561,3.7234912386358414,"[-0.3773431965695835, -0.00545475667897514, -0.00241862988497053, -0.11892622290000254, -0.010493876973670904, 0.00017087370820019065, 0.00012558769720870174, -2.3733450544780044e-07]",0.0009765625,0.33504110742969906,104,0,0,0,0
15,brakingLead,5,18,0,0.9421329808733316,0.274417646320421,0,0.274417646320421,-0.3312332252773158,2.443526619097343,2.609579797788129,346.3740117121911,0.9421329808733316,"[-0.0039640126719007185, -0.07731140709043594, -0.009462862705385187, 0.0001139258634843543, 0.005729020766901669, -0.004279670046182857, 1.5341460740669888e-17, -1.1102230246251565e-16]",0.0009765625,0.3312332252773158,104,0,0,0,0
15,brakingLead,5,19,0,0.33406619303165264,0.274417646320421,0,0.274417646320421,-0.33406619303165264,2.4404516713673186,2.6065048500581014,346.55271895111696,0.06668195350563394,"[-0.0008708294037376163, -0.0057019904656658875, -0.0005626135810840964, -0.0012728433437612097, -0.0005017653291048338, -0.002165941824863117, 1.0741245532519267e-18, 3.469446951953614e-18]",0.0009765625,0.33406619303165264,104,0,0,0,0
15,brakingLead,5,20,0,0.3344490236068791,0.274417646320421,0,0.274417646320421,-0.3344490236068791,2.439741695241785,2.6057948739325667,346.5874676906142,0.0062163662957134685,"[-9.154353605822507e-06, -0.00042523926768335264, -9.65004009138529e-05, -7.872906358841192e-06, 0.00015255050780784533, -0.00012672533050570373, -1.8524533051174415e-19, 0]",0.0009765625,0.3344490236068791,104,0,0,0,0
15,brakingLead,5,21,0,0.33446489579793925,0.274417646320421,0,0.274417646320421,-0.33446489579793925,2.4397246918906466,2.6057778705814343,346.5885148857186,-0.0009671647683120435,"[-2.7550129289011238e-08, -4.33816391974998e-07, -1.3673769763667192e-07, -9.63826565225645e-08, 2.8438201935683706e-07, -3.3606886988598835e-07, 8.658267074464518e-20, 0]",0.0009765625,0.33446489579793925,104,0,0,0,0
15,brakingLead,5,22,0,1.511041843179023,0.23346847680958735,0,0.23346847680958735,0.5993649174699984,3.6188625010026927,3.7849156796934835,466.8304463065266,1.511041843179023,"[-0.09888947440769869, -0.09377492732024896, -0.012115807647433037, -0.026149222354236556, 0.006972039925004598, -0.0018123989954464419, 0.00010832170202450261, -2.502756706247722e-06]",0.0009765625,0,1,0,0,0,0
15,brakingLead,5,23,0,1.3303580669501263,0.23346847680958735,0,0.23346847680958735,0.5999163473437081,3.5581574543930015,3.7242106330837856,466.99440448132685,1.3303580669501263,"[0.007192890035042865, -0.07352453893287605, -0.01853258451249077, 0.02755123652551461, 0.03425758242440555, -0.007962034096183705, -3.4979072589813587e-17, 4.85722573273506e-17]",0.0009765625,0,1,0,0,0,0
15,brakingLead,5,24,0,4.960976186801272,0.23346847680958735,0,0.23346847680958735,0.6032939687592462,3.433417039323532,3.599470218014318,466.33283393867583,4.960976186801272,"[0.032101886796340295, -0.2800844377321394, -0.06773637692702358, 0.10468953914024048, 0.09249830007123289, -0.03254671760290416, -7.339172782333913e-18, 8.673617379884035e-17]",0.0009765625,0,1,0,0,0,0
15,brakingLead,5,25,0,2.23046884577652,0.23346847680958735,0,0.23346847680958735,0.6015514330871812,3.4957872468582667,3.661840425549059,466.51326924587784,2.23046884577652,"[0.016093324454658386, -0.1271506149170776, -0.030722123231051363, 0.052679522625105335, 0.059867215778469506, 0.01755367183149076, -2.115912268607375e-17, 6.938893903907228e-17]",0.0009765625,0,1,0,0,0,0
15,brakingLead,5,26,0,1.4505004113986033,0.23346847680958735,0,0.23346847680958735,0.6007141741191051,3.526972350625634,3.6930255293164294,466.8130914398222,1.4505004113986033,"[0.008986271665222034, -0.0807980648389233, -0.02023348612498664, 0.03176117443480564, 0.03958530033431562, 0.0012230107125741473, -2.806909763794367e-17, 5.898059818321144e-17]",0.0009765625,0,1,0,0,0,0
15,brakingLead,5,27,0,1.2841834422471978,0.23346847680958735,0,0.23346847680958735,0.6003096232682597,3.5425649025093175,3.7086180812001004,466.93250823298615,1.2841834422471978,"[0.007227190350519663, -0.07110116421777389, -0.017909800724372694, 0.027019058072781377, 0.03376677389292122, -0.005055228214958667, -3.1524085113878626e-17, 5.204170427930421e-17]",0.0009765625,0,1,0,0,0,0
15,brakingLead,5,28,0,4.618740776767236,0.23346847680958735,0,0.23346847680958735,0.603989730266463,3.412108232856253,3.5781614115470433,466.2260132643508,4.618740776767236,"[0.030642538721366464, -0.24201293583051053, -0.06507392040344254, 0.08983582778584065, 0.0922825831521008, -0.06821259807112673, 1.5949873920747264e-17, 5.898059818321144e-17]",0.0009765625,0,1,0,0,0,0
15,brakingLead,5,29,0,2.0682890066086883,0.23346847680958735,0,0.23346847680958735,0.6021162746654485,3.477336567682785,3.643389746373572,466.46494713664293,2.0682890066086883,"[0.015594851830584844, -0.11508615092860176, -0.028759758611148187, 0.050305935092474385, 0.05531553712324816, 0.01101549788946373, -7.787105596565681e-18, 5.551115123125783e-17]",0.0009765625,0,1,0,0,0,0
15,brakingLead,5,30,0,1.3806928829326301,0.23346847680958735,0,0.23346847680958735,0.6011995727571959,3.5099507350960515,3.676003913786843,466.74791133724125,1.3806928829326301,"[0.008989298845349936, -0.07670708230421101, -0.019287479034727745, 0.030927763410486975, 0.038146987982378734, 0.0028211395895356836, -1.9655595355222155e-17, 5.204170427930421e-17]",0.0009765625,0,1,0,0,0,0
15,brakingLead,5,31,0,1.2360768805976112,0.23346847680958735,0,0.23346847680958735,0.6007506556609885,3.5262578188026845,3.692310997493479,466.86626041910523,1.2360768805976112,"[0.007269128406974801, -0.06848569331728437, -0.017257841865253438, 0.02648736809556773, 0.03309571327760969, -0.002594267235305264, -2.558984023455039e-17, 5.204170427930421e-17]",0.0009765625,0,1,0,0,0,0
15,brakingLead,5,32,0,4.033251676607214,0.23346847680958735,0,0.23346847680958735,0.604885926179094,3.3980880092712806,3.564141187962065,466.17437651993333,4.033251676607214,"[0.026821078597691894, -0.2010777388942408, -0.05782571829904173, 0.07387256234493123, 0.08357852676928816, -0.0795744035798179, 4.9494205759756275e-18, 2.0122792321330962e-16]",0.0009765625,0,1,0,0,0,0
15,brakingLead,5,33,0,1.8358183199300244,0.23346847680958735,0,0.23346847680958735,0.6027868739705868,3.4621729140369824,3.628226092727772,466.4512213611662,1.8358183199300244,"[0.013847098868566832, -0.09974785146565439, -0.025766934773359874, 0.04474903340845593, 0.04836302170147335, 0.0033035255471675785, -1.0320209829287381e-17, 1.2836953722228372e-16]",0.0009765625,0,1,0,0,0,0
15,brakingLead,5,34,0,1.284449637824151,0.23346847680958735,0,0.23346847680958735,0.6017581623057284,3.4942153664198337,3.6602685451106254,466.69747816769984,1.284449637824151,"[0.008588322469890386, -0.07110979260312912, -0.01796656182621536, 0.02921859025915019, 0.03552883206898217, 0.0029996269844734663, -1.7955025031918886e-17, 9.020562075079397e-17]",0.0009765625,0,1,0,0,0,0
15,brakingLead,5,35,0,1.1784964101067452,0.23346847680958735,0,0.23346847680958735,0.6012514198968832,3.510236592611259,3.676289771302052,466.8031985516999,1.1784964101067452,"[0.007208383017868414, -0.06531436747003631, -0.016467459995765075, 0.025680475928265167, 0.03198843805307303, -0.0006798666488169367, -2.1772432633234638e-17, 6.938893903907228e-17]",0.0009765625,0,1,0,0,0,0
15,crossing,30,1,0,3.3559999999999994,0,0,0,-3.3559999999999994,0,29.643553178690805,0,-0.0009765625,"[0, 0, 0, 0, 0, 0, 0, 0]",0.0009765625,3.3559999999999994,18,0,0,0,0
15,crossing,30,2,0,2.93185281551813,0.28440682255549654,0,0.28440682255549654,-2.93185281551813,1.1208829454112508,30.76443612410206,23.284885374852966,1.750431610016825,"[-0.10107803222661005, -0.17362899994942965, -0.0038230381697435187, -0.030260528892922522, -0.0006440446221933158, -0.00019751696606339238, 3.921085783745171e-06, 2.244003762807978e-06]",0.0009765625,2.93185281551813,17,0,0,0,0
15,crossing,30,3,0,2.93185281551813,0.28440682255549654,0,0.28440682255549654,-2.93185281551813,1.0538024207844134,30.69735559947522,22.838764802604576,0.14781153767592392,"[-0.006279356877001874, -0.01237370037348244, -0.0007645692132331723, -0.007159391813264193, -0.0006836924833262228, -0.0003199139282506536, -1.20939364208969e-17, 8.326672684688674e-17]",0.0009765625,2.93185281551813,17,0,0,0,0
15,crossing,30,4,0,2.93185281551813,0.28440682255549654,0,0.28440682255549654,-2.93185281551813,1.0516677664661775,30.69522094515698,22.842589102890045,-0.0008058702746445492,"[-1.2575613695275933e-05, -8.988599588689802e-06, -6.241229420396765e-07, -9.269067291484134e-06, 1.6739448407232014e-06, 5.990151796315432e-07, 3.0876339706149844e-19, 0]",0.0009765625,2.93185281551813,17,0,0,0,0
15,crossing,30,5,0,18.146464979831862,1.847409758041404,0,1.847409758041404,-1.2971540594920474,1.6861707785429836,31.329723957233792,582.2341261215424,18.146464979831862,"[-1.773255616491916, -0.49205714476171936, -0.008671524530542617, -0.6229421221346385, -0.010796702061052273, -0.003894919570913213, 6.851441088723574e-06, 3.079451845799941e-06]",0.0009765625,1.2971540594920474,16,0,0,0,0
15,crossing,30,6,0,4.913543756270771,1.847409758041404,0,1.847409758041404,-1.2971540594920474,0.5239531975276712,30.16750637621848,579.2883486879564,4.913543756270771,"[-0.07315818269132279, -0.45534457152179053, -0.03808423673953993, -0.06050261662874057, -0.008441246970511894, -0.004866790316770116, -3.967332918349692e-17, 2.7755575615628914e-17]",0.0009765625,1.2971540594920474,16,0,0,0,0
15,crossing,30,7,0,1.2971540594920474,1.847409758041404,0,1.847409758041404,-1.2971540594920474,0.49057590344412694,30.13412908213493,577.6737670968059,0.822085041785964,"[-0.02132221328137973, -0.08052780732044976, -0.004701083495207424, -0.02098094428035857, -0.003003608266351702, 0.000822764636413601, 8.589932843971228e-17, -6.245004513516506e-17]",0.0009765625,1.2971540594920474,16,0,0,0,0
15,crossing,30,8,0,1.2971540594920474,1.847409758041404,0,1.847409758041404,-1.2971540594920474,0.47667548672065735,30.120228665411464,578.0764485250459,0.11849579893468415,"[-0.001218979939743292, -0.010294926340843015, -0.0010568317036591286, -0.0030736268326787552, 0.0012600226644009318, 0.00042636737411801015, 9.988671889273448e-18, -3.469446951953614e-18]",0.0009765625,1.2971540594920474,16,0,0,0,0
15,crossing,30,9,0,1.2971540594920474,1.847409758041404,0,1.847409758041404,-1.2971540594920474,0.4760942329960723,30.11964741168688,578.1545670626882,0.00234527472266655,"[-2.240936179731534e-05, -0.00027428837868548474, -3.14793020467565e-05, -9.655467661140449e-05, 3.593778129622741e-05, 4.360556395404878e-05, 5.499418183729548e-19, 0]",0.0009765625,1.2971540594920474,16,0,0,0,0
15,crossing,30,10,0,1.2971540594920474,1.847409758041404,0,1.847409758041404,-1.2971540594920474,0.476099956397361,30.119653135088168,578.1562723253966,-0.0009753324648821803,"[-1.0690506258015375e-08, -1.1332460441533118e-07, -8.75287063822719e-09, -4.5402190451682145e-08, 9.228813750790089e-09, 4.289318586419458e-08, 9.115697924879158e-21, 0]",0.0009765625,1.2971540594920474,16,0,0,0,0
15,crossing,30,11,0,22.006701433044004,2.376304224666365,0,2.376304224666365,-0.4132054126608613,-1.960320089796359,27.683233088894443,981.1197976129396,22.006701433044004,"[-0.665103188655948, -2.485605742494194, -0.06527673968504631, -0.2034993159992755, 0.0011357948563923022, 0.000980634211761249, -7.275178457147312e-05, -1.2132955709620585e-05]",0.0009765625,0.4132054126608613,16,0,0,0,0
15,crossing,30,12,0,27.32811177406619,2.376304224666365,0,2.376304224666365,-0.4132054126608613,-2.239771571536798,27.403781607154006,995.7706397359259,27.32811177406619,"[-0.5685285818260724, -2.7496808272613587, -0.16879929035167315, -0.3394476701255069, 0.2152384770176765, 0.021445139395658622, -5.456383842854332e-05, -9.099716782066253e-06]",0.0009765625,0.4132054126608613,16,0,0,0,0
15,crossing,30,13,0,25.064626997136763,2.376304224666365,0,2.376304224666365,-0.4132054126608613,-2.100045830666579,27.543507348024225,987.9988676676642,25.064626997136763,"[-0.6181492720182291, -2.6285542980573324, -0.12834145285613385, -0.259992726505752, 0.11200561636587607, 0.020065916885456458, -6.365781150000823e-05, -1.0616336245841684e-05]",0.0009765625,0.4132054126608613,16,0,0,0,0
15,crossing,30,14,0,22.710205793378318,2.376304224666365,0,2.376304224666365,-0.4132054126608613,-2.030182960231469,27.613370218459334,980.9079598959418,22.710205793378318,"[-0.6342470942217062, -2.4981123151953986, -0.0864493988557987, -0.21270344626493198, 0.03115584140088133, 0.007306244257003916, -6.820479803574067e-05, -1.1374645977731135e-05]",0.0009765625,0.4132054126608613,16,0,0,0,0
15,crossing,30,15,0,21.902485519548637,2.376304224666365,0,2.376304224666365,-0.4132054126608613,-1.995251525013914,27.648301653676892,979.0906065566817,21.902485519548637,"[-0.6473351281352322, -2.456371501832098, -0.07011640975143943, -0.20295706772503586, 0.008148084581300032, 0.0026473319951735874, -7.04782913036069e-05, -1.175380084367586e-05]",0.0009765625,0.4132054126608613,16,0,0,0,0
15,crossing,30,16,0,24.25287001673326,2.376304224666365,0,2.376304224666365,-0.4132054126608613,-2.249771522831942,27.393781655858863,985.4420975363089,24.25287001673326,"[-0.6030423479023597, -2.5590049593643904, -0.1199625212275354, -0.280895311290692, 0.10726142935490204, 0.024072208376503285, -6.166850489079566e-05, -1.0284575738192525e-05]",0.0009765625,0.4132054126608613,16,0,0,0,0
15,crossing,30,17,0,23.410521852863496,2.376304224666365,0,2.376304224666365,-0.4132054126608613,-2.122511523922928,27.521041654767874,982.4817343351133,23.410521852863496,"[-0.6292633105291188, -2.516496044300261, -0.10332090861013994, -0.24359028470067656, 0.07025492694800878, 0.018422281786828695, -6.607339809720127e-05, -1.1019188290932458e-05]",0.0009765625,0.4132054126608613,16,0,0,0,0
15,crossing,30,18,0,22.19512646470763,2.376304224666365,0,2.376304224666365,-0.4132054126608613,-2.058881524468421,27.584671654222387,978.9610401411321,22.19512646470763,"[-0.634503995260971, -2.4532198114966746, -0.08066657296251747, -0.2136945750829078, 0.02626739354983855, 0.007989749156234464, -6.827584470040408e-05, -1.1386494567305894e-05]",0.0009765625,0.4132054126608613,16,0,0,0,0
15,crossing,30,19,0,16.775769879475096,0.0539187475669597,0,0.0539187475669597,-0.7112105375275883,-2.227477073089385,27.416076105601423,218.47778794634337,16.775769879475096,"[-1.4249424776702142, -0.8269590354526409, -0.011388923381359425, -0.8107114982127754, 0.0031822927704863047, 0.005360284834077018, 4.0462975596344826e-05, 5.839977790245143e-08]",0.0009765625,0.7112105375275883,17,0,0,0,0
15,crossing,30,20,0,9.218121121292286,0.0539187475669597,0,0.0539187475669597,-0.7112105375275883,-3.0797049712043627,26.56384820748644,216.1275590053384,9.218121121292286,"[-0.19652316402197556, -0.7693388386840404, -0.07184401869400613, -0.38677751291992735, 0.048064951648670806, 0.008143345574351465, 6.920597992246535e-17, -1.3877787807814457e-16]",0.0009765625,0.7112105375275883,17,0,0,0,0
15,crossing,30,21,0,7.1041140434391234,0.0539187475669597,0,0.0539187475669597,-0.7112105375275883,-3.2298493179699608,26.413703860720847,215.75247563584657,7.1041140434391234,"[-0.1390738197891821, -0.6492870111104778, -0.047189688401259915, -0.2802733830752828, 0.01539282161031989, 0.05190706856824006, 2.9943024975748096e-18, -1.734723475976807e-17]",0.0009765625,0.7112105375275883,17,0,0,0,0
15,crossing,30,22,0,8.153597919035212,0.0539187475669597,0,0.0539187475669597,-0.7112105375275883,-3.381264545126189,26.26228863356462,217.17275258757078,8.153597919035212,"[-0.08337964948286469, -0.7337612973377252, -0.0665600587902299, -0.18293567828728463, 0.027873826887167854, -0.0019440609598409264, 2.0468921763910618e-16, 1.1102230246251565e-16]",0.0009765625,0.7112105375275883,17,0,0,0,0
15,crossing,30,23,0,7.148088676039448,0.0539187475669597,0,0.0539187475669597,-0.7112105375275883,-3.305556931548075,26.33799624714273,216.02884682307368,7.148088676039448,"[-0.11369749525229622, -0.6560332599787281, -0.05136970944999778, -0.2334284178547108, 0.01634262544259793, 0.03536872893777089, 1.0384176006834049e-16, 4.85722573273506e-17]",0.0009765625,0.7112105375275883,17,0,0,0,0
15,crossing,30,24,0,7.003089000316087,0.0539187475669597,0,0.0539187475669597,-0.7112105375275883,-3.267703124759018,26.37585005393179,215.78857683146933,7.003089000316087,"[-0.12737737861124288, -0.642314216687666, -0.04784746294683564, -0.2582684379039719, 0.014705065635699371, 0.04627085341106647, 5.341803128295765e-17, 1.3877787807814457e-17]",0.0009765625,0.7112105375275883,17,0,0,0,0
15,crossing,30,25,0,15.451704896258821,0.0539187475669597,0,0.0539187475669597,-0.7112105375275883,-3.685774798643849,25.957778380046957,235.8487353001278,15.451704896258821,"[-0.2839854309930274, -1.3175667697375821, -0.12804258891862258, -0.4748501946052368, 0.10114753671007734, -0.0765107909246453, -3.4586159303530206e-17, -1.8041124150158794e-16]",0.0009765625,0.7112105375275883,17,0,0,0,0
15,crossing,30,26,0,5.628973683627919,0.0539187475669597,0,0.0539187475669597,-0.7112105375275883,-3.4767389617014333,26.16681421698937,215.16411294759334,5.628973683627919,"[-0.12970686091252048, -0.4821586933847564, -0.036853156556993234, -0.2821368766194041, 0.039761596062939115, -0.02993491488941013, 9.415935989713722e-18, -8.326672684688674e-17]",0.0009765625,0.7112105375275883,17,0,0,0,0
15,crossing,30,27,0,7.375428843523521,0.0539187475669597,0,0.0539187475669597,-0.7112105375275883,-3.510642355464956,26.132910823225853,217.33039505989848,7.375428843523521,"[-0.039583619123497726, -0.6896138113061434, -0.058663928243835296, -0.06789491104974665, 0.014082249283593865, -0.005606878568538479, -1.5877436765999247e-16, -1.8388068845354155e-16]",0.0009765625,0.7112105375275883,17,0,0,0,0
15,crossing,30,28,0,6.862916175224309,0.0539187475669597,0,0.0539187475669597,-0.7112105375275883,-3.4936906585831946,26.149862520107607,216.3584132339151,6.862916175224309,"[-0.07358552792506146, -0.6228878796350102, -0.05491685849099964, -0.15344474905663574, 0.02749378882203072, -0.013806141957355507, -7.467921583513937e-17, -1.3183898417423734e-16]",0.0009765625,0.7112105375275883,17,0,0,0,0
15,crossing,30,29,0,5.8636074122265285,0.0539187475669597,0,0.0539187475669597,-0.7112105375275883,-3.4852148101423137,26.15833836854849,215.27022293695717,5.8636074122265285,"[-0.09736287231249463, -0.5236642223158314, -0.04318578510982869, -0.21073721727645456, 0.0322620194318487, -0.02169361822445451, -3.2631639922712826e-17, -1.0755285551056204e-16]",0.0009765625,0.7112105375275883,17,0,0,0,0
15,crossing,30,30,0,5.422659583237414,0.0539187475669597,0,0.0539187475669597,-0.7112105375275883,-3.4809768859218737,26.16257629276893,214.91128460470082,5.422659583237414,"[-0.11355285706464713, -0.4728149200272013, -0.036992092175175226, -0.24635823986883487, 0.035354350978669936, -0.025994806646585503, -1.1607851966499552e-17, -9.71445146547012e-17]",0.0009765625,0.7112105375275883,17,0,0,0,0
15,crossing,30,31,0,16.356558329492564,2.345463162749057,0,2.345463162749057,-0.4163966111609232,-1.3241480702218902,28.319405108468917,922.8580864276372,16.356558329492564,"[-0.45124266393841594, -1.8833653033495596, -0.043810303935809446, -0.15167441193436737, -0.003041210426883455, 0.004504353605023997, 2.774148695571661e-05, 1.005918876167966e-06]",0.0009765625,0.4163966111609232,16,0,0,0,0
15,crossing,30,32,0,23.927373592642624,2.345463162749057,0,2.345463162749057,-0.4163966111609232,-1.5788679857437788,28.064685192947028,940.1460518394504,23.927373592642624,"[-0.39811499743679235, -2.2783361438768392, -0.17812007771014665, -0.2615391201345574, 0.24908769794168759, -0.0008510717837102292, 2.0806115216842686e-05, 7.54439157323733e-07]",0.0009765625,0.4163966111609232,16,0,0,0,0
15,crossing,30,33,0,19.756728320907982,2.345463162749057,0,2.345463162749057,-0.4163966111609232,-1.4515080279828345,28.192045150707973,928.9857327877182,19.756728320907982,"[-0.41250390413834026, -2.0598684762124346, -0.10846402273644837, -0.16736562406137168, 0.08379670315110185, 0.006423259777097766, 2.4273801086279647e-05, 8.801790167475843e-07]",0.0009765625,0.4163966111609232,16,0,0,0,0
15,crossing,30,34,0,17.266764937177207,2.345463162749057,0,2.345463162749057,-0.4163966111609232,-1.3878280491023625,28.255725129588445,923.3869659360978,17.266764937177207,"[-0.4259957609972389, -1.918372184083658, -0.065817750046249, -0.14496184621910047, 0.01952357570927937, 0.004415781633887015, 2.6007644020998128e-05, 9.430489464577752e-07]",0.0009765625,0.4163966111609232,16,0,0,0,0
15,crossing,30,35,0,16.4226328003769,2.345463162749057,0,2.345463162749057,-0.4163966111609232,-1.3559880596621263,28.28756511902868,921.9268571649536,16.4226328003769,"[-0.4377495687470301, -1.8712178039993985, -0.049760929955336396, -0.14665924454927293, 0.0025576373401670614, 0.004054498409476285, 2.6874565488357367e-05, 9.744839113111359e-07]",0.0009765625,0.4163966111609232,16,0,0,0,0
15,crossing,30,36,0,10.491765276005449,1.0623616006581809,0,1.0623616006581809,-0.409137876798894,-1.4639324452743407,28.179620733416467,446.6907345075757,10.491765276005449,"[-0.41713015320311086, -1.067695978876263, -0.04173765843283244, -0.22792473625082899, 0.015510095706402638, 0.009507354581225196, 6.233974717128472e-05, 2.697683548630314e-07]",0.0009765625,0.409137876798894,16,0,0,0,0
15,crossing,30,37,0,21.5820376201081,1.0623616006581809,0,1.0623616006581809,-0.409137876798894,-1.8082419006810597,27.835311278009744,471.3713431084089,21.5820376201081,"[-0.17399240982521746, -1.765403792986869, -0.21687449863559796, -0.25000475424143787, 0.2311890240066275, 0.05209847065150727, -1.2686520670796009e-16, -1.5612511283791264e-16]",0.0009765625,0.409137876798894,16,0,0,0,0
15,crossing,30,38,0,13.960635323356335,1.0623616006581809,0,1.0623616006581809,-0.409137876798894,-1.6360871729777002,28.007466005713102,451.37023728931206,13.960635323356335,"[-0.25909941975274364, -1.2705497819880374, -0.11177764625355484, -0.17139804803151648, 0.05848067112888019, -0.0003704096293771505, 3.116987358557893e-05, 1.3488417735518787e-07]",0.0009765625,0.409137876798894,16,0,0,0,0
15,crossing,30,39,0,10.31412548886048,1.0623616006581809,0,1.0623616006581809,-0.409137876798894,-1.5500098091260206,28.09354336956478,444.9765482486494,10.31412548886048,"[-0.327933033280857, -1.0197254080864155, -0.056693965511842956, -0.18611164340645736, 0.018316986956904306, -0.002781818927149332, 4.6754810378431826e-05, 2.0232626610910964e-07]",0.0009765625,0.409137876798894,16,0,0,0,0
15,crossing,30,40,0,14.293671675579915,1.0623616006581809,0,1.0623616006581809,-0.409137876798894,-1.770654544819261,27.872898633871547,452.54970730405057,14.293671675579915,"[-0.20976890996868036, -1.2420634373053008, -0.1268408236050541, -0.23302506937179324, 0.12922139950155678, 0.035362730881525174, 2.337740518908783e-05, 1.0116313321414938e-07]",0.0009765625,0.409137876798894,16,0,0,0,0
15,crossing,30,41,0,12.44214277764635,1.0623616006581809,0,1.0623616006581809,-0.409137876798894,-1.660332176972641,27.983221001718167,448.7694390081171,12.44214277764635,"[-0.2663674526666071, -1.1317743732078582, -0.09760805274149251, -0.1884881506820033, 0.07317083030381895, 0.017303125449642447, 3.506610778375983e-05, 1.517446996598948e-07]",0.0009765625,0.409137876798894,16,0,0,0,0
15,crossing,30,42,0,10.64190384268146,1.0623616006581809,0,1.0623616006581809,-0.409137876798894,-1.6051709930493308,28.038382185641478,445.5759977404837,10.64190384268146,"[-0.292955125794073, -1.0224091428828397, -0.06855961695328985, -0.17444283096537383, 0.03132050093488759, 0.0028602229379245054, 4.0910459081095824e-05, 1.7703548288450222e-07]",0.0009765625,0.409137876798894,16,0,0,0,0
15,crossing,30,43,0,10.095487045300013,1.0623616006581809,0,1.0623616006581809,-0.409137876798894,-1.5775904010876756,28.06596277760313,444.6373590589809,10.095487045300013,"[-0.30932800299309804, -0.9910963161758624, -0.05803002846154675, -0.17777467477138487, 0.02056853452810859, -0.0013558974797225037, 4.383263472976383e-05, 1.8968087449680593e-07]",0.0009765625,0.409137876798894,16,0,0,0,0
15,crossing,30,44,0,11.507357659809617,1.0623616006581809,0,1.0623616006581809,-0.409137876798894,-1.9315734262978335,27.711979752392974,448.1363178961911,11.507357659809617,"[-0.18945840988103413, -1.0536751881403332, -0.08907258265567318, -0.25484268204066574, 0.07651231553760932, 0.01989781473740301, 2.1916317365088644e-05, 9.484043735075165e-08]",0.0009765625,0.409137876798894,16,0,0,0,0
15,crossing,30,45,0,11.49428825830099,1.0623616006581809,0,1.0623616006581809,-0.409137876798894,-1.7545819136927545,27.88897126499805,447.4912542923243,11.49428825830099,"[-0.2599614619773192, -1.0401857005814223, -0.08878278451762989, -0.22963137310487625, 0.08225312671368097, 0.020245293768041205, 3.2874476047426235e-05, 1.4226065592204407e-07]",0.0009765625,0.409137876798894,16,0,0,0,0
15,crossing,30,46,0,10.501767856002289,1.0623616006581809,0,1.0623616006581809,-0.409137876798894,-1.666086157390215,27.977467021300587,445.6984604291967,10.501767856002289,"[-0.2817932580372684, -0.9918494101856217, -0.07100969798111066, -0.1894055478405896, 0.04421585549383295, 0.008591593174747078, 3.8353555388595035e-05, 1.6597076521115972e-07]",0.0009765625,0.409137876798894,16,0,0,0,0
15,crossing,30,47,0,9.945946275819244,1.0623616006581809,0,1.0623616006581809,-0.409137876798894,-1.6218382792389452,28.02171489945186,444.6598560643599,9.945946275819244,"[-0.29323028313969957, -0.9662664998516276, -0.06009413811725091, -0.17594591949725036, 0.025371656945811616, 0.0015781927084593784, 4.109309505917943e-05, 1.7782581985398282e-07]",0.0009765625,0.409137876798894,16,0,0,0,0
15,crossing,30,48,0,10.885183993457684,1.0623616006581809,0,1.0623616006581809,-0.409137876798894,-1.9738607477577563,27.66969243093305,447.80456454746695,10.885183993457684,"[-0.22940773709148488, -1.0132870425751104, -0.08091903425479129, -0.18252593240359438, 0.0689410826740718, 0.016288062987653007, 3.0819821294496934e-05, 1.333693649269163e-07]",0.0009765625,0.409137876798894,16,0,0,0,0
15,crossing,30,49,0,10.235462322299563,1.0623616006581809,0,1.0623616006581809,-0.409137876798894,-1.7978495134983508,27.845703665192456,445.82618864669166,10.235462322299563,"[-0.26957938256768443, -0.9566948087957483, -0.07123372094779266, -0.19529912465252686, 0.055440919389374184, 0.012579646619358542, 3.5956458176838184e-05, 1.5559759239044957e-07]",0.0009765625,0.409137876798894,16,0,0,0,0
15,crossing,30,50,0,9.818695499507843,1.0623616006581809,0,1.0623616006581809,-0.409137876798894,-1.709843896368648,27.93370928232216,444.8755017388509,9.818695499507843,"[-0.28015561186550997, -0.9404089621865396, -0.06251495652051192, -0.18050270086474107, 0.034630416976764694, 0.005456627476923948, 3.8524776618008806e-05, 1.6671170612048147e-07]",0.0009765625,0.409137876798894,16,0,0,0,0
15,crossing,30,51,0,13.49611120139635,1.0623616006581809,0,1.0623616006581809,-0.409137876798894,-2.59003254934284,27.053520629347968,459.03743810576503,13.49611120139635,"[-0.14412410529251218, -1.278104438364332, -0.10478707716284384, 0.029872997225481868, 0.03572237300495665, 0.019974433782426197, 2.8893582463625308e-05, 1.2503377917749692e-07]",0.0009765625,0.409137876798894,16,0,0,0,0
15,crossing,30,52,0,10.222719772903757,1.0623616006581809,0,1.0623616006581809,-0.409137876798894,-2.1499382228557438,27.49361495583506,447.7235008613443,10.222719772903757,"[-0.2308273829097871, -0.9822960952891318, -0.0703556043833115, -0.12367158950959833, 0.02980935955587178, 0.013174050247578648, 3.3709179540817054e-05, 1.458727426489892e-07]",0.0009765625,0.409137876798894,16,0,0,0,0
15,crossing,30,53,0,9.67612156482566,1.0623616006581809,0,1.0623616006581809,-0.409137876798894,-1.9298910596121959,27.71366211907861,445.4505936750431,9.67612156482566,"[-0.2604925327827772, -0.9262197183936627, -0.06331901638444808, -0.16378285606795728, 0.032973469085172076, 0.007702733569741896, 3.611697807941293e-05, 1.5629222438473533e-07]",0.0009765625,0.409137876798894,16,0,0,0,0
15,crossing,30,54,0,2.0451596883609917,2.1719009463935377,0,2.1719009463935377,-0.516816822932922,-0.4380900383713704,29.205463140319434,846.3055416876116,2.0451596883609917,"[-0.158512491831587, -0.16642725891135654, 0.003795160380389739, -0.08200943938046734, -0.0080090326704036, 0.004103583660701748, 8.056185599361611e-05, -1.569245012406073e-08]",0.0009765625,0.516816822932922,16,0,0,0,0
15,crossing,30,55,0,5.313474366255758,2.1719009463935377,0,2.1719009463935377,-0.516816822932922,-0.6079009057590158,29.035652272931788,848.6824356583562,5.313474366255758,"[0.005477059024563857, -0.38506964489800394, -0.0623620179155758, -0.006172469503631817, 0.07198260106013396, 0.0026487180407463204, -3.266159044612582e-18, -7.28583859910259e-17]",0.0009765625,0.516816822932922,16,0,0,0,0
15,crossing,30,56,0,2.800130532588721,2.1719009463935377,0,2.1719009463935377,-0.516816822932922,-0.522995472065193,29.120557706625615,847.0516312140485,2.800130532588721,"[-0.07231114708463338, -0.24514277453458896, -0.02330950810696109, -0.03101828127043227, 0.01649363698102374, 0.0023930470329453137, 4.028092799680642e-05, -7.846225096724835e-09]",0.0009765625,0.516816822932922,16,0,0,0,0
15,crossing,30,57,0,1.9825785008143981,2.1719009463935377,0,2.1719009463935377,-0.516816822932922,-0.4805427552182817,29.163010423472524,846.5619891302948,1.9825785008143981,"[-0.1156770899872015, -0.18191323189417563, -0.005790772297949235, -0.05573649770743749, -0.00028238480750577947, 0.0028351171363879017, 6.0421391995211264e-05, -1.1769337612127506e-08]",0.0009765625,0.516816822932922,16,0,0,0,0
15,crossing,30,58,0,4.686952883890607,2.1719009463935377,0,2.1719009463935377,-0.516816822932922,-0.6669361813055255,28.976616997385282,849.689936862051,4.686952883890607,"[-0.018171974063236007, -0.29627223280092296, -0.06042553209651352, -0.08732566520771456, 0.10299289327050169, -0.01441870526383177, 6.094571462084142e-17, -1.249000902703301e-16]",0.0009765625,0.516816822932922,16,0,0,0,0
15,crossing,30,59,0,2.5818450404700766,2.1719009463935377,0,2.1719009463935377,-0.516816822932922,-0.5737394682619036,29.0698137104289,848.1399852368945,2.5818450404700766,"[-0.06345204333712218, -0.2013402078821599, -0.025161502657579556, -0.056294913503325716, 0.03213857873201388, -0.0019038423357269868, 3.0210695997636105e-05, -5.884668870248522e-09]",0.0009765625,0.516816822932922,16,0,0,0,0
15,crossing,30,60,0,1.8914407193466343,2.1719009463935377,0,2.1719009463935377,-0.516816822932922,-0.5271411117400927,29.116412066950712,847.3040937319506,1.8914407193466343,"[-0.08839880445334103, -0.16794361267903316, -0.010452145691245855, -0.0500102329432881, 0.007812737450115867, 0.0013686588136835205, 4.531604399642368e-05, -8.82700323945329e-09]",0.0009765625,0.516816822932922,16,0,0,0,0
15,crossing,30,61,0,2.9731437282735986,2.1719009463935377,0,2.1719009463935377,-0.516816822932922,-0.8197362359453948,28.823816942745413,849.162365340201,2.9731437282735986,"[-0.008133158921864947, -0.1974761831442853, -0.03685055268224077, -0.051776674071506434, 0.05306789136957818, -0.014884876123271901, -2.9070170749767588e-18, 9.020562075079397e-17]",0.0009765625,0.516816822932922,16,0,0,0,0
15,crossing,30,62,0,2.150677184423529,2.1719009463935377,0,2.1719009463935377,-0.516816822932922,-0.6734386738427437,28.97011450484806,848.5442234472134,2.150677184423529,"[-0.04936857803711803, -0.16272429231885055, -0.021894010183181434, -0.04861790225793605, 0.028761703374694764, -0.003847054270393435, 2.2658021998210388e-05, -4.413501574623835e-09]",0.0009765625,0.516816822932922,16,0,0,0,0
15,crossing,30,63,0,1.76061123209481,2.1719009463935377,0,2.1719009463935377,-0.516816822932922,-0.6002898927914182,29.04326328589939,847.9569120411738,1.76061123209481,"[-0.06798933854994971, -0.14937800778285226, -0.012799599350350722, -0.04481052890188231, 0.012934715786999621, -0.00014810932292543084, 3.3987032997317035e-05, -6.620252408773286e-09]",0.0009765625,0.516816822932922,16,0,0,0,0
15,crossing,30,64,0,2.068424481778356,2.1719009463935377,0,2.1719009463935377,-0.516816822932922,-1.0179885692133093,28.625564609477497,848.7192049996752,2.068424481778356,"[0.008666313856615204, -0.15384232480979323, -0.023518748708322698, 0.0048276171955183855, 0.023128477174446854, -0.002993283944325205, 1.5598958756635195e-17, -1.0408340855860843e-16]",0.0009765625,0.516816822932922,16,0,0,0,0
15,crossing,30,65,0,1.5330871469117617,2.1719009463935377,0,2.1719009463935377,-0.516816822932922,-0.8091392310023637,28.834413947688443,848.3065561578264,1.5330871469117617,"[-0.03318342634790383, -0.122738163069325, -0.014925663163830481, -0.025091536780420753, 0.016381260706428497, -0.0007688402277050686, 1.6993516498666317e-05, -3.3101262564283473e-09]",0.0009765625,0.516816822932922,16,0,0,0,0
15,crossing,30,66,0,9.509172395868509,2.1719009463935377,0,2.1719009463935377,-0.516816822932922,-1.1259166289617815,28.517636549729023,857.3132407340734,9.509172395868509,"[-0.032734359098753885, -0.8521153803553414, -0.08295751983754983, 0.07316776268935676, 0.012002304163658752, 0.01793921850295212, 4.869423007175522e-17, -9.367506770274758e-17]",0.0009765625,0.516816822932922,16,0,0,0,0
15,crossing,30,67,0,2.1202836578188604,2.1719009463935377,0,2.1719009463935377,-0.516816822932922,-0.9675279299820727,28.67602524870873,848.3311848098554,2.1202836578188604,"[-0.007822991874263607, -0.17554054602512373, -0.02120464202040367, 0.00861643715828464, 0.013943163772967934, 0.004335439746381436, 8.496758249357506e-06, -1.655063176786431e-09]",0.0009765625,0.516816822932922,16,0,0,0,0
15,crossing,30,68,0,1.2816502168552273,2.1719009463935377,0,2.1719009463935377,-0.516816822932922,-0.8883335804922182,28.75521959819859,848.2944730800034,1.2816502168552273,"[-0.024025186985504376, -0.10255701128667481, -0.012772822580548064, -0.01693830584909861, 0.01334687976713256, -1.8550192229366475e-05, 1.2745137374011911e-05, -2.482594716607389e-09]",0.0009765625,0.516816822932922,16,0,0,0,0
15,crossing,30,69,0,3.508820673332863,2.2718560089247135,0,2.2718560089247135,-0.05639218055265815,-1.2512633971491953,28.39228978154161,968.0192065159222,3.508820673332863,"[-0.1769360524382506, -0.35213662642964705, -0.01071271632261914, -0.06518934658811659, -0.00022425166819904562, 0.0011721795416861996, 0.00011189442042911186, -2.0505891766171847e-06]",0.0009765625,0.05639218055265815,16,0,0,0,0
15,crossing,30,70,0,3.944389476271249,2.2718560089247135,0,2.2718560089247135,-0.05639218055265815,-1.4356840574219885,28.207869121268818,968.4469054216594,3.944389476271249,"[-0.142510936846179, -0.4016301378038165, -0.019183968108121608, -0.0327955138646967, 0.0018952475667274263, 0.00399906540717239, 9.790761787537643e-05, -1.7942655295595522e-06]",0.0009765625,0.05639218055265815,16,0,0,0,0
15,crossing,30,71,0,3.589136700701178,2.2718560089247135,0,2.2718560089247135,-0.05639218055265815,-1.343473727285592,28.300079451405214,968.0899456222289,3.589136700701178,"[-0.1620164941435931, -0.3630869772408899, -0.013645638156326063, -0.052991261170918236, 0.0008172714330668114, 0.0023370206540554205, 0.00010490101915224414, -1.9224273530883684e-06]",0.0009765625,0.05639218055265815,16,0,0,0,0
15,crossing,30,72,0,3.5119663308963722,2.2718560089247135,0,2.2718560089247135,-0.05639218055265815,-1.2973685622173936,28.346184616473412,968.0213566648117,3.5119663308963722,"[-0.16999560209955433, -0.3536411565090927, -0.011779851311302311, -0.06010676804389803, 0.00024191645807963014, 0.0016499302074066003, 0.000108397719790678, -1.9865082648527765e-06]",0.0009765625,0.05639218055265815,16,0,0,0,0
15,crossing,30,73,0,3.6152073074328532,1.7436120591338142,0,1.7436120591338142,-0.17441384102266277,-1.7893888409373342,27.85416433775347,708.9060023669293,3.6152073074328532,"[-0.2840546961930457, -0.2329483179760378, -0.00616628810238686, -0.15197144262015883, -0.0029168581600936246, -0.0010507008340903065, -0.00015299210182253173, 2.8676756382364776e-07]",0.0009765625,0.17441384102266277,16,0,0,0,0
15,crossing,30,74,0,3.7686137010349734,1.7436120591338142,0,1.7436120591338142,-0.17441384102266277,-1.9205225450627412,27.723030633628067,709.8557084958952,3.7686137010349734,"[-0.11890777804914165, -0.3548158245957596, -0.025383603681414978, -0.03462258073917823, 0.0029422872613439266, 0.011694766271784455, -7.649605091119358e-05, 1.4338378287112596e-07]",0.0009765625,0.17441384102266277,16,0,0,0,0
15,crossing,30,75,0,3.388435595441568,1.7436120591338142,0,1.7436120591338142,-0.17441384102266277,-1.8549556930000377,27.78859748569077,709.2802026287216,3.388435595441568,"[-0.20318738010782056, -0.2801418443700137, -0.01518038229114917, -0.0957989620280788, 0.0001452397676199649, 0.004074509875332422, -0.00011474407636686266, 2.1507567334738686e-07]",0.0009765625,0.17441384102266277,16,0,0,0,0
15,crossing,30,76,0,17.39266147939212,1.7436120591338142,0,1.7436120591338142,-0.17441384102266277,-2.0103626031602713,27.63319057553053,745.2383554961752,17.39266147939212,"[-0.3222979200137104, -1.7088303129942155, -0.11588343864764655, -0.09385210993776738, -0.10514498546730809, 0.04206594784133335, -5.737203818344083e-05, 1.0753783661818228e-07]",0.0009765625,0.17441384102266277,16,0,0,0,0
15,crossing,30,77,0,7.144870424222364,1.7436120591338142,0,1.7436120591338142,-0.17441384102266277,-1.9326591480801545,27.71089403061065,714.1607208533733,7.144870424222364,"[-0.1345442764501712, -0.7180722819614417, -0.04488734913549557, -0.009657625272367909, -0.040434943222105175, 0.025051684752174758, -8.605805727515174e-05, 1.613067549845193e-07]",0.0009765625,0.17441384102266277,16,0,0,0,0
15,crossing,30,78,0,3.168937725110533,1.7436120591338142,0,1.7436120591338142,-0.17441384102266277,-1.893807420540096,27.749745758150706,709.7134684504924,3.168937725110533,"[-0.1746912556113429, -0.28222787547260814, -0.013242926500284519, -0.08174017224570562, -0.011172837571886854, 0.009664025257887617, -0.0001004010668210072, 1.8819121416421836e-07]",0.0009765625,0.17441384102266277,16,0,0,0,0
15,crossing,30,79,0,4.165272765808802,1.7436120591338142,0,1.7436120591338142,-0.17441384102266277,-2.0057690275780935,27.637784151112708,710.3842059649403,4.165272765808802,"[-0.11139849494979615, -0.383342709264342, -0.03121006173247519, -0.02604146262164697, -0.0017383817477855145, 0.01302053292093857, -7.530080011580814e-05, 1.411434106222964e-07]",0.0009765625,0.17441384102266277,16,0,0,0,0
15,crossing,30,80,0,3.445527333158856,1.7436120591338142,0,1.7436120591338142,-0.17441384102266277,-1.949788224059095,27.693764954631707,709.9580842292567,3.445527333158856,"[-0.14470745537369822, -0.31733203223818607, -0.020293489033239926, -0.056903571950917, -0.007358495641038846, 0.011641623223772015, -8.785093346840767e-05, 1.6466731239325738e-07]",0.0009765625,0.17441384102266277,16,0,0,0,0
15,crossing,30,81,0,3.2168713398471285,1.7436120591338142,0,1.7436120591338142,-0.17441384102266277,-1.9217978222995955,27.72175535639121,709.8187322564934,3.2168713398471285,"[-0.16065258961548778, -0.2916697163186115, -0.015755558984443713, -0.07100706991539774, -0.009607853649595429, 0.01043520819978318, -9.412600014470743e-05, 1.7642926327873787e-07]",0.0009765625,0.17441384102266277,16,0,0,0,0
15,crossing,30,82,0,3.144456864532236,1.7436120591338142,0,1.7436120591338142,-0.17441384102266277,-1.9078026214198458,27.735750557270958,709.7616659230916,3.144456864532236,"[-0.16829930484128397, -0.281803697954481, -0.013861314409064494, -0.07747805748941161, -0.010565216895673331, 0.0098043976535125, -9.726353348285732e-05, 1.823102387214781e-07]",0.0009765625,0.17441384102266277,16,0,0,0,0
15,crossing,30,83,0,9.570178043380716,1.7436120591338142,0,1.7436120591338142,-0.17441384102266277,-2.2200278231249393,27.423525355565868,718.6264707255019,9.570178043380716,"[-0.09236192221712969, -0.8845848799247248, -0.07798378356193623, 0.04840619578782501, -0.0062458233064549605, 0.025188034372430793, -7.294765011210512e-05, 1.3673267929351085e-07]",0.0009765625,0.17441384102266277,16,0,0,0,0
15,crossing,30,84,0,4.229423856790794,1.7436120591338142,0,1.7436120591338142,-0.17441384102266277,-2.0639152222723927,27.579637956418413,710.8345825789232,4.229423856790794,"[-0.130452009730611, -0.39726358748088697, -0.028796402214712635, -0.035875477677619116, -0.006761407258552811, 0.014787722687775682, -8.510559179748121e-05, 1.5952145900749448e-07]",0.0009765625,0.17441384102266277,16,0,0,0,0
15,crossing,30,85,0,3.276055503355113,1.7436120591338142,0,1.7436120591338142,-0.17441384102266277,-1.9858589218461191,27.65769425684469,710.0671866054136,3.276055503355113,"[-0.15315270119562996, -0.3004801325136616, -0.017205555500764465, -0.0643857424062464, -0.00902471248674769, 0.010933167746623843, -9.118456264016926e-05, 1.7091584886275157e-07]",0.0009765625,0.17441384102266277,16,0,0,0,0
15,crossing,30,86,0,3.133707814888248,1.7436120591338142,0,1.7436120591338142,-0.17441384102266277,-1.9468307716329825,27.696722407057823,709.8890712497457,3.133707814888248,"[-0.16175164236033623, -0.28290492433407916, -0.014608182553822072, -0.07278338080041635, -0.009960313772340208, 0.010009522294542017, -9.422404806151329e-05, 1.7661304379384957e-07]",0.0009765625,0.17441384102266277,16,0,0,0,0
15,crossing,30,87,0,4.253544753143583,1.7436120591338142,0,1.7436120591338142,-0.17441384102266277,-2.054477945902486,27.58907523278832,710.7111740753472,4.253544753143583,"[-0.12217266412765326, -0.3986949723382261, -0.02989998253077491, -0.02936406825650728, -0.006182682217932057, 0.015387664142167641, -8.244604205379589e-05, 1.5453641347834557e-07]",0.0009765625,0.17441384102266277,16,0,0,0,0
15,crossing,30,88,0,3.3071219544056127,1.7436120591338142,0,1.7436120591338142,-0.17441384102266277,-2.000654358767734,27.642898819923072,710.1370674571735,3.3071219544056127,"[-0.14614080460236778, -0.3053746394307743, -0.01830866542450543, -0.05878899555154149, -0.008478191504136617, 0.011271655442388725, -8.833504505765459e-05, 1.6557472863609757e-07]",0.0009765625,0.17441384102266277,16,0,0,0,0
15,crossing,30,89,0,3.156274609002799,1.7436120591338142,0,1.7436120591338142,-0.17441384102266277,-1.9737425652003584,27.669810613490444,709.9998730475052,3.156274609002799,"[-0.1548840535034941, -0.2875852058807255, -0.01569164951320982, -0.06738056571645501, -0.009357134742460093, 0.010321998986608107, -9.127954655958393e-05, 1.7109388621497357e-07]",0.0009765625,0.17441384102266277,16,0,0,0,0
15,crossing,30,90,0,4.90908983301088,2.2358302983434157,0,2.2358302983434157,0.003242895019529129,-1.229122329808778,28.41443084888203,1004.3542657768303,4.90908983301088,"[0.06849595667599573, 0.552113182043984, 0.020114657969942013, 0.01830581751803173, -0.0007981552401204185, 0.005257840494071046, 0.0022471969996554616, 0.0018210333632227606]",0.0009765625,0,1,0,0,0,0
15,crossing,30,91,0,6.199001995612667,2.2358302983434157,0,2.2358302983434157,0.003242895019529129,-0.43102030613511155,29.212532872555695,1006.5127154016461,6.199001995612667,"[0.06817699669409905, -0.48869920903601544, -0.061584404311039474, 0.15295475805500303, -0.013522808036923647, 0.02800964580354319, 0.0016853977497414214, 0.0013657750224173176]",0.0009765625,0,1,0,0,0,0
15,crossing,30,92,0,2.058342552254698,2.2358302983434157,0,2.2358302983434157,0.003242895019529129,-0.8300713179719448,28.813481860718863,1002.571671061959,2.058342552254698,"[0.08357756406474692, 0.25373481753498384, -0.0043673662543698335, 0.06402902753795736, -0.0019264060265806542, 0.013864255535907114, 0.0019662973746984416, 0.0015934041928200408]",0.0009765625,0,1,0,0,0,0
15,crossing,30,93,0,8.779181208399018,2.2358302983434157,0,2.2358302983434157,0.003242895019529129,-0.6973877729718512,28.946165405718954,1006.9450691858001,8.779181208399018,"[-0.13082970354051326, -0.6877598298174156, -0.09205885591403792, -0.06157020464906715, 0.05102516587885216, 0.04873783463632672, 6.852157730108388e-17, -2.42861286636753e-17]",0.0009765625,0,1,0,0,0,0
15,crossing,30,94,0,3.504241435754457,2.2358302983434157,0,2.2358302983434157,0.003242895019529129,-0.763729545471898,28.87982363321891,1001.4708361642355,3.504241435754457,"[0.012035622371158183, -0.2083584876224234, -0.047686738925322464, 0.03291972183304992, 0.02413416497816458, 0.029879014845469266, 0.000983148687349255, 0.0007967020964100083]",0.0009765625,0,1,0,0,0,0
15,crossing,30,95,0,0.9892399404288377,2.2358302983434157,0,2.2358302983434157,0.003242895019529129,-0.7969004317219214,28.846652746968882,1001.3340183781606,0.9892399404288377,"[0.05714774884103235, 0.08579891288778223, -0.01805638024844847, 0.05028781936273674, 0.006910450258722051, 0.018233958940920954, 0.0014747230310238483, 0.0011950531446150263]",0.0009765625,0,1,0,0,0,0
15,crossing,30,96,0,4.972301761963507,2.2358302983434157,0,2.2358302983434157,0.003242895019529129,-0.6809871856991263,28.96256599299168,1003.1968333025288,4.972301761963507,"[-0.1334303728378856, -0.3742614531608474, -0.046773102710440835, -0.16986627416209465, 0.03811464529516296, 0.010853909837518366, 6.808789643208968e-17, 5.551115123125783e-17]",0.0009765625,0,1,0,0,0,0
15,crossing,30,97,0,3.1776889695041093,2.2358302983434157,0,2.2358302983434157,0.003242895019529129,-0.7389438087105238,28.90460936998028,1001.9417629904551,3.1776889695041093,"[-0.002600335375049667, -0.22015436582393505, -0.03877169167391607, 0.01098550168439516, 0.025209665597450696, 0.013706313976129881, 0.0007373615155119582, 0.0005975265723075426]",0.0009765625,0,1,0,0,0,0
15,crossing,30,98,0,1.2663434022029185,2.2358302983434157,0,2.2358302983434157,0.003242895019529129,-0.7679221202162226,28.875631058474585,1001.306303620825,1.2663434022029185,"[0.03969451895900278, -0.011594615674386117, -0.02285351104186759, 0.041650878775712386, 0.011965023935825216, 0.016152452150440543, 0.0011060422732679033, 0.0008962898584612827]",0.0009765625,0,1,0,0,0,0
15,crossing,30,99,0,0.9399998049616893,2.2358302983434157,0,2.2358302983434157,0.003242895019529129,-0.782411275969072,28.86114190272173,1001.3339306040789,0.9399998049616893,"[0.04971167577179614, 0.05543394632242199, -0.018326735697529656, 0.04570282639541645, 0.007897023423698902, 0.01677733794831255, 0.0012903826521458758, 0.0010456715015381562]",0.0009765625,0,1,0,0,0,0
15,crossing,30,100,0,3.4140331894069376,2.2358302983434157,0,2.2358302983434157,0.003242895019529129,-0.7119389227258222,28.931614255964984,1001.9546644984457,3.4140331894069376,"[-0.15445058599632944, -0.19433304711365576, -0.023544793718099626, -0.2339095007467975, 0.01708245349921965, 0.0007888918748094539, 1.3877787807814457e-17, 1.0408340855860843e-16]",0.0009765625,0,1,0,0,0,0
15,crossing,30,101,0,2.4147669019375644,2.2358302983434157,0,2.2358302983434157,0.003242895019529129,-0.7471750993474471,28.89637807934336,1001.706907012923,2.4147669019375644,"[-0.026089189146851766, -0.1705283490274762, -0.02829042193345537, -0.03090944363394854, 0.016074579302700245, 0.007406430164185926, 0.0006451913260729448, 0.0005228357507691302]",0.0009765625,0,1,0,0,0,0
15,crossing,30,102,0,1.105993367896103,2.2358302983434157,0,2.2358302983434157,0.003242895019529129,-0.7647931876582595,28.87875999103255,1001.345098366736,1.105993367896103,"[0.026522265173404946, -0.025150961609116285, -0.0192450129741222, 0.025955529974766023, 0.007970906400484866, 0.012464968949642935, 0.0009677869891094103, 0.0007842536261536449]",0.0009765625,0,1,0,0,0,0
15,crossing,30,103,0,0.8772194889377364,2.2358302983434157,0,2.2358302983434157,0.003242895019529129,-0.7736022318136657,28.869950946877136,1001.347687059947,0.8772194889377364,"[0.041287491862888714, 0.03249752270498569, -0.017319339196052337, 0.03846577069320567, 0.0073293202986653835, 0.014662236148171342, 0.0011290848206276431, 0.0009149625638458989]",0.0009765625,0,1,0,0,0,0
15,crossing,30,104,0,2.5104916268184176,2.2358302983434157,0,2.2358302983434157,0.003242895019529129,-0.7406920405638112,28.90286113812699,1001.8335862874696,2.5104916268184176,"[-0.08198691206108322, -0.16757435244132005, -0.023189894587468247, -0.12251785481960198, 0.018735647497859935, 0.00385698313564836, -6.938893903907228e-18, 3.122502256758253e-17]",0.0009765625,0,1,0,0,0,0
15,crossing,30,105,0,1.4988506461630495,2.2358302983434157,0,2.2358302983434157,0.003242895019529129,-0.7571471361887385,28.886406042502063,1001.515221895663,1.4988506461630495,"[-0.005035841001230779, -0.08827544679682056, -0.020552129360903275, -0.01050032306275206, 0.01297460256647039, 0.007563689495508765, 0.0005645424103138181, 0.0004574812819229633]",0.0009765625,0,1,0,0,0,0
15,crossing,30,106,0,0.8714632335986737,2.2358302983434157,0,2.2358302983434157,0.003242895019529129,-0.7653746840012021,28.878178494689603,1001.3936063215033,0.8714632335986737,"[0.02464670679447778, -0.009150219178372528, -0.01605445935631331, 0.022704245629451947, 0.007036454514157496, 0.011027879828476098, 0.0008468136154707307, 0.0006862219228844328]",0.0009765625,0,1,0,0,0,0
15,crossing,30,107,0,0.9802006319629595,2.2256266502189646,0,2.2256266502189646,-0.03640558233803603,-1.1970220688200954,28.44653110987071,958.437453670901,0.9802006319629595,"[-0.08846037962324971, -0.043825727541703725, -0.0011057134290299595, -0.0385485021108245, -0.00022828027868563973, 0.0003542737577475923, 0.00016315746301402942, -3.9400748323356605e-07]",0.0009765625,0.03640558233803603,16,0,0,0,0
15,crossing,30,108,0,0.6603860649964886,2.2256266502189646,0,2.2256266502189646,-0.03640558233803603,-1.5171136980685915,28.126439480622214,958.0343762072266,0.6603860649964886,"[0.00663107323062917, -0.055115146808716334, -0.006210135295370715, 0.01258260151596069, 0.0015035956307364964, -0.0015284660446280903, -3.9736009621593738e-16, 3.122502256758253e-17]",0.0009765625,0.03640558233803603,16,0,0,0,0
15,crossing,30,109,0,1.5058197590488593,2.2256266502189646,0,2.2256266502189646,-0.03640558233803603,-1.5116503405031976,28.13190283818761,958.244502370736,1.5058197590488593,"[0.010906532246977463, -0.11751903346021192, -0.01586677591205909, 0.024042537946971976, 0.007796982026363313, 0.00510248532387155, 6.4879702025753425e-18, -6.938893903907228e-18]",0.0009765625,0.03640558233803603,16,0,0,0,0
15,crossing,30,110,0,0.6745682973584921,2.2256266502189646,0,2.2256266502189646,-0.03640558233803603,-1.5143820192858946,28.12917115940491,958.2001149510188,0.6745682973584921,"[0.006039330121325293, -0.053307758150020805, -0.006932363479773741, 0.011839648370726152, 0.002934641670099534, 0.00043075850892088525, -1.9543606300668102e-16, 1.0408340855860843e-17]",0.0009765625,0.03640558233803603,16,0,0,0,0
15,crossing,30,111,0,0.577872951581849,2.2256266502189646,0,2.2256266502189646,-0.03640558233803603,-1.515747858677243,28.12780532001356,958.142054085828,0.577872951581849,"[0.00561328907419778, -0.047392063337955856, -0.005602551843865705, 0.010735577223336179, 0.0016966994093657016, -0.0008598191679680088, -2.963980796113092e-16, 2.0816681711721685e-17]",0.0009765625,0.03640558233803603,16,0,0,0,0
15,crossing,30,112,0,2.2084928939055275,2.2256266502189646,0,2.2256266502189646,-0.03640558233803603,-1.5188651370962531,28.12468804159455,958.3091001115648,2.2084928939055275,"[0.01561448025839951, -0.1710628823171957, -0.023484638554861628, 0.03511278637262194, 0.010845656442368477, 0.008655719806370912, -2.8673942022765984e-18, -3.122502256758253e-17]",0.0009765625,0.03640558233803603,16,0,0,0,0
15,crossing,30,113,0,0.6174757224291204,2.2256266502189646,0,2.2256266502189646,-0.03640558233803603,-1.517306497886748,28.126246680804055,958.3715048231759,0.6174757224291204,"[0.004868051632058723, -0.04672228533663377, -0.006745960317263983, 0.009534526196848248, 0.00363565007145761, 0.000694654689848099, -1.496327369067929e-16, -6.938893903907228e-18]",0.0009765625,0.03640558233803603,16,0,0,0,0
15,crossing,30,114,0,0.5146683916787138,2.2256266502189646,0,2.2256266502189646,-0.03640558233803603,-1.5165271782819956,28.127026000408808,958.2896647633049,0.5146683916787138,"[0.004667041897207014, -0.041166045829166394, -0.005201200468948728, 0.008992929578781172, 0.002014745108579808, -0.00039032840194346376, -2.2301540825905105e-16, 6.938893903907228e-18]",0.0009765625,0.03640558233803603,16,0,0,0,0
15,crossing,30,115,0,3.692264503167391,2.2256266502189646,0,2.2256266502189646,-0.03640558233803603,-1.5611446132788669,28.082408565411935,958.9784242224051,3.692264503167391,"[0.019978703149938326, -0.3080628374258575, -0.03554300095643607, 0.05943264701436668, 0.008380038021901402, 0.013550926146831618, 9.365207515133771e-19, -2.0816681711721685e-17]",0.0009765625,0.03640558233803603,16,0,0,0,0
15,crossing,30,116,0,0.8709518152207947,2.2256266502189646,0,2.2256266502189646,-0.03640558233803603,-1.5388358957804313,28.104717282910375,958.4030724005682,0.8709518152207947,"[0.007996631931206366, -0.06861130021474912, -0.00896819714093032, 0.016200581296581973, 0.0036761302870394977, 0.002401499889659028, -1.1103944375376883e-16, -6.938893903907228e-18]",0.0009765625,0.03640558233803603,16,0,0,0,0
15,crossing,30,117,0,0.48353134553753,2.2256266502189646,0,2.2256266502189646,-0.03640558233803603,-1.5276815370312133,28.11587164165959,958.4135535119248,0.48353134553753,"[0.004370237592851822, -0.0382474238040978, -0.004965849710026975, 0.008484014107031257, 0.0020708330152955086, 9.854238915587051e-05, -1.6702742600640995e-16, 0]",0.0009765625,0.03640558233803603,16,0,0,0,0
15,crossing,30,118,0,1.7601772486806353,2.2256266502189646,0,2.2256266502189646,-0.03640558233803603,-1.5528034533740176,28.090749725316787,958.4871630815662,1.7601772486806353,"[0.014344944626856204, -0.14931652056974268, -0.016293552922868913, 0.03377116425541615, 0.003873017409039649, 0.006145436767699884, 2.893474554028508e-17, -3.469446951953614e-17]",0.0009765625,0.03640558233803603,16,0,0,0,0
15,crossing,30,119,0,0.6354474490360345,2.2256266502189646,0,2.2256266502189646,-0.03640558233803603,-1.5402424952026155,28.103310683488193,958.4506662622645,0.6354474490360345,"[0.006332871106820903, -0.05159702375749572, -0.006249397934757548, 0.01264944134497803, 0.0021750653720758327, 0.0015834943130661394, -6.904634023306244e-17, -1.734723475976807e-17]",0.0009765625,0.03640558233803603,16,0,0,0,0
15,crossing,30,120,0,0.46179265001461856,2.2256266502189646,0,2.2256266502189646,-0.03640558233803603,-1.5339620161169145,28.10959116257389,958.4556066407685,0.46179265001461856,"[0.00438815338436882, -0.03676803691082058, -0.004689920210187736, 0.008544086243688298, 0.0018682357843862849, 0.0004786099018895188, -1.180368831197362e-16, -6.938893903907228e-18]",0.0009765625,0.03640558233803603,16,0,0,0,0
15,crossing,30,121,0,0.14430592928668584,2.229914154528152,0,2.229914154528152,0.017310809342085294,-1.4904538690375404,28.153099309653268,969.0665779857508,0.14430592928668584,"[-0.00788118602040555, -0.01374867407119082, -0.000512567812019291, -0.003010818359566514, -0.00012588160034839884, -3.602309958771195e-05, 4.463650090796501e-05, -1.5174042462262616e-06]",0.0009765625,0,1,0,0,0,0
15,crossing,30,122,0,0.4576740910131576,2.229914154528152,0,2.229914154528152,0.017310809342085294,-1.51878652258274,28.12476665610806,969.0666183236299,0.4576740910131576,"[0.005244239746737378, -0.03868481401311578, -0.0041934535095932675, 0.010156183587621825, 0.0010357052041876176, 0.0016211831047150676, 2.822991406609132e-17, -6.938893903907228e-18]",0.0009765625,0,1,0,0,0,0
15,crossing,30,123,0,0.2142175953448184,2.229914154528152,0,2.229914154528152,0.017310809342085294,-1.5046201958101402,28.138932982880664,969.0870036343731,0.2142175953448184,"[-0.002193378908998511, -0.02025497435092811, -0.0016852536089625042, 0.001930124367762076, 0.0002884541922097073, 0.0005167456967720217, 2.231825045399662e-05, -7.587021231166002e-07]",0.0009765625,0,1,0,0,0,0
15,crossing,30,124,0,0.1501709381967649,2.229914154528152,0,2.229914154528152,0.017310809342085294,-1.4975370324238402,28.146016146266962,969.084270446112,0.1501709381967649,"[-0.005349561941692116, -0.014812276245497292, -0.0008612361976248206, -0.001130467287554282, 2.1280550815591122e-05, 0.00014880661656341987, 3.3477375680980816e-05, -1.1380531846696962e-06]",0.0009765625,0,1,0,0,0,0
15,crossing,30,125,0,0.13731201029159826,2.229914154528152,0,2.229914154528152,0.017310809342085294,-1.4939954507306903,28.14955772796011,969.0785294616796,0.13731201029159826,"[-0.006741824230950044, -0.013316243364058114, -0.0005843657215779149, -0.0023185762884398997, -7.731675602233992e-05, 1.8251144327124798e-05, 3.9056938294472914e-05, -1.3277287154479789e-06]",0.0009765625,0,1,0,0,0,0
15,crossing,30,126,0,4.051653327284285,2.229914154528152,0,2.229914154528152,0.017310809342085294,-1.5486461990064015,28.094906979684406,969.8657485836252,4.051653327284285,"[0.017691680086315387, -0.34987520986906273, -0.03699028969501889, 0.06387266341617703, 0.00360710102420682, 0.01420122861783949, -7.148958074826295e-18, -1.734723475976807e-17]",0.0009765625,0,1,0,0,0,0
15,crossing,30,127,0,0.8199939444263163,2.229914154528152,0,2.229914154528152,0.017310809342085294,-1.521320824868546,28.12223235382226,968.9790547764999,0.8199939444263163,"[0.004150105985708308, -0.06924019409944406, -0.007741655884769784, 0.014745357576046558, 0.0019364523900549239, 0.0034244168469818024, 1.9528469147232883e-05, -6.638643577326631e-07]",0.0009765625,0,1,0,0,0,0
15,crossing,30,128,0,0.21816478455484395,2.229914154528152,0,2.229914154528152,0.017310809342085294,-1.507658137799618,28.13589504089119,969.1060331916926,0.21816478455484395,"[-0.003575447811208221, -0.02037959216046708, -0.0017339120976606942, 0.001132175853012285, 0.0003828289302336701, 0.0006002172195410283, 2.92927037208529e-05, -9.95796536590321e-07]",0.0009765625,0,1,0,0,0,0
15,crossing,30,129,0,0.1381695336714371,2.229914154528152,0,2.229914154528152,0.017310809342085294,-1.5008267942651543,28.142726384425654,969.1095831925618,0.1381695336714371,"[-0.005626825118909551, -0.013474178543639422, -0.0007451987566708893, -0.001515183255186514, 2.274428337434446e-05, 0.0001179385433705368, 3.4174821007662905e-05, -1.1617626260174152e-06]",0.0009765625,0,1,0,0,0,0
15,crossing,30,130,0,0.13208039971560628,2.229914154528152,0,2.229914154528152,0.017310809342085294,-1.4974111224979223,28.146142056192883,969.0970283323618,0.13208039971560628,"[-0.00626733042047789, -0.012836732697392762, -0.0005941656452475171, -0.0020743694817255687, -5.298294123015065e-05, 3.664299249576937e-05, 3.661587965106791e-05, -1.2447456707344318e-06]",0.0009765625,0,1,0,0,0,0
15,crossing,30,131,0,0.996917227257575,2.229914154528152,0,2.229914154528152,0.017310809342085294,-1.6179401447226964,28.02561303396811,969.3643089696943,0.996917227257575,"[0.00859318624675609, -0.07805388782877096, -0.010301346046042523, 0.02037828358034055, 0.0030942598402786867, 0.004615323865182788, 4.4181238528784306e-18, 2.0816681711721685e-17]",0.0009765625,0,1,0,0,0,0
15,crossing,30,132,0,0.28658619970322285,2.229914154528152,0,2.229914154528152,0.017310809342085294,-1.5576756336103095,28.085877545080496,969.299973864624,0.28658619970322285,"[-0.001172097710025355, -0.023909318161843652, -0.002827305118495633, 0.00338004757261956, 0.0010920410256104204, 0.001117246325976939, 1.8307939825536164e-05, -6.223728353550728e-07]",0.0009765625,0,1,0,0,0,0
15,crossing,30,133,0,0.14570629322375458,2.229914154528152,0,2.229914154528152,0.017310809342085294,-1.5275433780541159,28.116009800636686,969.2221439976937,0.14570629322375458,"[-0.0042692621459536895, -0.013656705034437201, -0.0010570232948593674, -0.0005873609197202256, 0.000271736977042487, 0.0002816935646650084, 2.746190973830204e-05, -9.335592530447523e-07]",0.0009765625,0,1,0,0,0,0
15,crossing,30,134,0,0.12607238361950973,2.229914154528152,0,2.229914154528152,0.017310809342085294,-1.512477250276019,28.131075928414784,969.1651506863757,0.12607238361950973,"[-0.005385623077302171, -0.01219110961409777, -0.0006691756446555151, -0.0015929367552232065, 3.4765408424049616e-05, 9.238163123575243e-05, 3.203889469468497e-05, -1.089152461889592e-06]",0.0009765625,0,1,0,0,0,0
15,crossing,30,135,0,0.48011426632248766,2.229914154528152,0,2.229914154528152,0.017310809342085294,-1.5972005625044463,28.046352616186358,969.3403593211804,0.48011426632248766,"[0.006866795869797215, -0.03928792526938128, -0.004490233617566491, 0.012681220639395363, 0.0007756049468313126, 0.0020631111235700013, 4.609892112136804e-17, -6.938893903907228e-18]",0.0009765625,0,1,0,0,0,0
15,crossing,30,136,0,0.24275969651849896,2.229914154528152,0,2.229914154528152,0.017310809342085294,-1.5548389063902326,28.088714272300574,969.2591362369202,0.24275969651849896,"[-0.00015721042488792136, -0.02157839582800957, -0.0021430350210540445, 0.003956836113284012, 0.0004154688240878979, 0.0008997430179301609, 1.6019447347365535e-05, -5.445762309465307e-07]",0.0009765625,0,1,0,0,0,0
15,crossing,30,137,0,0.16074124537405146,2.229914154528152,0,2.229914154528152,0.017310809342085294,-1.533658078333126,28.10989510035768,969.2175949380835,0.16074124537405146,"[-0.003068278881698916, -0.015257806393583706, -0.0012230474658193739, 0.000637347945930955, 0.0002014382073307334, 0.00041361463383484293, 2.4029171021025253e-05, -8.168643464180614e-07]",0.0009765625,0,1,0,0,0,0
15,crossing,30,138,0,0.1321630415323271,2.229914154528152,0,2.229914154528152,0.017310809342085294,-1.5230676643045724,28.120485514386235,969.1955639575633,0.1321630415323271,"[-0.0043801222008070795, -0.012807884175038895, -0.000839119144793777, -0.0007625891064950707, 9.48744481289096e-05, 0.00020244544225773753, 2.803403285785511e-05, -9.530084041538267e-07]",0.0009765625,0,1,0,0,0,0
15,crossing,30,139,0,0.12430924761825654,2.229914154528152,0,2.229914154528152,0.017310809342085294,-1.5177724572902958,28.125780721400506,969.1826013861881,0.12430924761825654,"[-0.004954809467157872, -0.012048381848680852, -0.00070088825432457, -0.0013130139807238095, 5.166572505291483e-05, 0.00012192650428874203, 3.003646377627004e-05, -1.0210804330217094e-06]",0.0009765625,0,1,0,0,0,0
15,crossing,30,140,0,1.8171506219677345,2.229914154528152,0,2.229914154528152,0.017310809342085294,-1.6257354157895865,28.01781776290122,969.3128853028479,1.8171506219677345,"[0.014948751460508447, -0.15338216889320017, -0.016827617898641963, 0.037681452453243836, 0.0011215300522966585, 0.007568072559887723, -4.048478674696654e-17, -3.469446951953614e-18]",0.0009765625,0,1,0,0,0,0
15,crossing,30,141,0,0.4287648514856319,2.229914154528152,0,2.229914154528152,0.017310809342085294,-1.571753936539941,28.071799242150863,969.2706254366443,0.4287648514856319,"[0.0014975357592490468, -0.03648102606588471, -0.004015891037135418, 0.007827626283461342, 0.0008098658308845907, 0.001826569310841117, 1.5018231888114778e-05, -5.105402165125894e-07]",0.0009765625,0,1,0,0,0,0
15,crossing,30,142,0,0.16371261000555343,2.229914154528152,0,2.229914154528152,0.017310809342085294,-1.5447631969151185,28.098789981775685,969.2657612430738,0.16371261000555343,"[-0.002850531696076075, -0.015256050371200784, -0.0013080754919999544, 0.000797824370101452, 0.00025780459455680894, 0.0004643254882562861, 2.252734783219241e-05, -7.658103247688841e-07]",0.0009765625,0,1,0,0,0,0
15,crossing,30,143,0,0.12326151096437223,2.229914154528152,0,2.229914154528152,0.017310809342085294,-1.5312678271027071,28.112285351588095,969.2329781278045,0.12326151096437223,"[-0.00414441799787113, -0.011898165420468752, -0.0007879826712254419, -0.0007584738813566361, 9.971233920445104e-05, 0.0001887844943421107, 2.6281905804231224e-05, -8.934453788952967e-07]",0.0009765625,0,1,0,0,0,0
15,crossing,30,144,0,0.9304546567888841,2.052511306585563,0,2.052511306585563,-0.05211839828058084,-1.945510717888029,27.698042460802778,854.4766548130436,0.9304546567888841,"[-0.06337592713498452, -0.06693161701682453, -0.002767026804111255, -0.04181095357665754, -0.0012073931987960193, 0.00021568146584588832, -0.00016147708894522988, 2.0560078924092284e-07]",0.0009765625,0.05211839828058084,16,0,0,0,0
15,crossing,30,145,0,1.6890799142621389,2.052511306585563,0,2.052511306585563,-0.05211839828058084,-1.9842569167092814,27.65929626198152,854.5562193528312,1.6890799142621389,"[0.016315476153046404, -0.1453231170563689, -0.015259631481916064, 0.030454560131337516, 0.003770179874108988, 0.0033805140344225363, 5.2231439659489176e-17, -2.42861286636753e-17]",0.0009765625,0.05211839828058084,16,0,0,0,0
15,crossing,30,146,0,0.9197057520360395,2.052511306585563,0,2.052511306585563,-0.05211839828058084,-1.9648838172986554,27.67866936139215,854.5270149469682,0.9197057520360395,"[-0.02625831328588646, -0.0849597680111032, -0.006640061123605061, -0.010471880106759812, 0.0005800434561278526, 0.0011253593979281091, -8.073854447258883e-05, 1.0280039461005308e-07]",0.0009765625,0.05211839828058084,16,0,0,0,0
15,crossing,30,147,0,10.778039865732323,2.052511306585563,0,2.052511306585563,-0.05211839828058084,-1.9291841469699225,27.71436903172088,867.2239045653562,10.778039865732323,"[-0.0788596886436892, -1.0089427439266208, -0.0858193984660827, 0.04315976279943534, -0.008832131156792229, 0.013931303617288875, -2.8731357570865868e-18, 3.469446951953614e-17]",0.0009765625,0.05211839828058084,16,0,0,0,0
15,crossing,30,148,0,2.924571665248742,2.052511306585563,0,2.052511306585563,-0.05211839828058084,-1.947033982134289,27.69651919655652,854.972568893746,2.924571665248742,"[0.003195618734672223, -0.2638762345888871, -0.025024408720463003, 0.03368950243872426, 0.0016754839121353332, 0.005718235323531028, -4.036927223629585e-05, 5.14001973241085e-08]",0.0009765625,0.05211839828058084,16,0,0,0,0
15,crossing,30,149,0,0.9855697776036199,2.052511306585563,0,2.052511306585563,-0.05211839828058084,-1.955958899716472,27.687594278974334,854.5550869716703,0.9855697776036199,"[-0.016299327856543755, -0.0900794201444917, -0.008057297043709943, -0.0019221381011398364, 0.0011368841938155317, 0.0013974905865220698, -6.055390835444234e-05, 7.710029596708079e-08]",0.0009765625,0.05211839828058084,16,0,0,0,0
15,crossing,30,150,0,0.8759147324694119,2.052511306585563,0,2.052511306585563,-0.05211839828058084,-1.9604213585075638,27.683131820183238,854.5591216896339,0.8759147324694119,"[-0.022138978110902485, -0.08073915853913967, -0.006593095049308491, -0.007721915157986814, 0.0007284347198604234, 0.0011051955841721518, -7.064622641351558e-05, 8.995034528683221e-08]",0.0009765625,0.05211839828058084,16,0,0,0,0
15,crossing,30,151,0,13.665715360996009,2.052511306585563,0,2.052511306585563,-0.05211839828058084,-1.992419307141119,27.651133871549685,875.1762553744602,13.665715360996009,"[-0.07890397811453909, -1.2799074528858059, -0.10870263423828459, 0.08304152330262404, -0.018611215403136178, 0.02089732623321827, -2.4082840756334267e-17, -1.734723475976807e-17]",0.0009765625,0.05211839828058084,16,0,0,0,0
15,crossing,30,152,0,3.820850960846026,2.052511306585563,0,2.052511306585563,-0.05211839828058084,-1.9764203328243413,27.667132845866465,855.4729036745923,3.820850960846026,"[0.011578761772952362, -0.34484243280566884, -0.032448268889065296, 0.05107066902212587, -0.0013845680617593017, 0.010307297932491842, -3.532311320676983e-05, 4.497517263474249e-08]",0.0009765625,0.05211839828058084,16,0,0,0,0
15,crossing,30,153,0,1.2644546886190713,2.052511306585563,0,2.052511306585563,-0.05211839828058084,-1.9684208456659527,27.67513233302485,854.5999759099827,1.2644546886190713,"[-0.00957297377095756, -0.11542373581165821, -0.010643023104511578, 0.006961745026030641, 0.0005592978375776193, 0.003081734766383702, -5.298466981014271e-05, 6.746275895905263e-08]",0.0009765625,0.05211839828058084,16,0,0,0,0
15,crossing,30,154,0,0.9026954257721698,2.052511306585563,0,2.052511306585563,-0.05211839828058084,-1.9644211020867581,27.679132076604045,854.6042979027743,0.9026954257721698,"[-0.017612942300054613, -0.08326768136440987, -0.007117773953614654, -0.0036711505495237162, 0.0006696360255985757, 0.0015043783301104936, -6.181544811182914e-05, 7.870655212294242e-08]",0.0009765625,0.05211839828058084,16,0,0,0,0
15,crossing,30,155,0,0.8597860198870607,2.052511306585563,0,2.052511306585563,-0.05211839828058084,-1.962421230297161,27.681131948393645,854.5898731724951,0.8597860198870607,"[-0.02026411260949601, -0.07930399057465423, -0.006569111753097216, -0.006368750325780326, 0.0007001565540365696, 0.0011875782292187784, -6.623083726267237e-05, 8.432844870662204e-08]",0.0009765625,0.05211839828058084,16,0,0,0,0
15,crossing,30,156,0,16.141990979612423,2.052511306585563,0,2.052511306585563,-0.05211839828058084,-1.9645338740249705,27.679019304665832,886.1102198310055,16.141990979612423,"[-0.3308141145642196, -1.52346204169191, -0.11795743910652792, -0.1253367306895452, -0.04292482289717697, 0.0175505011934736, -3.97089045672816e-18, -2.42861286636753e-17]",0.0009765625,0.05211839828058084,16,0,0,0,0
15,crossing,30,157,0,10.871264319820185,2.052511306585563,0,2.052511306585563,-0.05211839828058084,-1.9634775521610657,27.68007562652974,867.7131264775916,10.871264319820185,"[-0.056960265431158064, -1.0266612675089801, -0.08498416377645406, 0.06962140353111401, -0.013526027429012743, 0.015830556978062564, -3.311541863133817e-05, 4.2164224341167955e-08]",0.0009765625,0.05211839828058084,16,0,0,0,0
15,crossing,30,158,0,2.8984605785301456,2.052511306585563,0,2.052511306585563,-0.05211839828058084,-1.9629493912291134,27.68060378746169,855.034818049251,2.8984605785301456,"[-0.0005079906105578402, -0.26573837497692515, -0.024073000911012117, 0.0314847474148241, -0.0009955311407251581, 0.007058222673389284, -4.967312794700527e-05, 6.324633652562972e-08]",0.0009765625,0.05211839828058084,16,0,0,0,0
15,crossing,30,159,0,1.1215986882142712,2.052511306585563,0,2.052511306585563,-0.05211839828058084,-1.9626853107631372,27.68086786792767,854.6224608932314,1.1215986882142712,"[-0.013800580926698558, -0.10382743995764716, -0.009085357387718694, 0.0018697668473759421, 0.00041798259794438233, 0.0022323577482055348, -5.795198260483882e-05, 7.378739261612588e-08]",0.0009765625,0.05211839828058084,16,0,0,0,0
15,crossing,30,160,0,0.8646075411748527,2.052511306585563,0,2.052511306585563,-0.05211839828058084,-1.9625532705301492,27.680999908160654,854.6212722647372,0.8646075411748527,"[-0.018262252358745457, -0.07996154980389086, -0.006701207894553298, -0.004666788649785758, 0.0005963429327489193, 0.001303933705825026, -6.20914099337556e-05, 7.905792066137396e-08]",0.0009765625,0.05211839828058084,16,0,0,0,0
15,crossing,30,161,0,0.8431549334327713,2.052511306585563,0,2.052511306585563,-0.05211839828058084,-1.9624872504136552,27.681065928277146,854.609347960464,0.8431549334327713,"[-0.019492806132376472, -0.07782154816044279, -0.006458587646756863, -0.005931579788123642, 0.000660205151073763, 0.0011825569274832443, -6.416112359821398e-05, 8.169318468226328e-08]",0.0009765625,0.05211839828058084,16,0,0,0,0
15,crossing,30,162,0,9.768838639297034,2.052511306585563,0,2.052511306585563,-0.05211839828058084,-2.2702335160796334,27.37331966261117,866.6880133019249,9.768838639297034,"[0.028769815986009917, -0.9623403133154165, -0.06467209971123752, 0.19109813259273345, -0.1150011836416569, 0.032534587826578865, 1.534010548795428e-16, 1.3183898417423734e-16]",0.0009765625,0.05211839828058084,16,0,0,0,0
15,crossing,30,163,0,1.8186469814723065,2.052511306585563,0,2.052511306585563,-0.05211839828058084,-2.1163603832466444,27.52719279544416,855.1435330230843,1.8186469814723065,"[0.01898994408780652, -0.20271053091452104, -0.005505524369069414, 0.056775982524742474, -0.04199310284298741, 0.008717245604354723, -3.208056179903029e-05, 4.084659240705113e-08]",0.0009765625,0.05211839828058084,16,0,0,0,0
15,crossing,30,164,0,0.7564113414456963,2.052511306585563,0,2.052511306585563,-0.05211839828058084,-2.03942381683015,27.604129361860654,855.0349335698746,0.7564113414456963,"[-0.007172309727913273, -0.08603064607450743, -0.002713836859352834, 0.009106477580886008, -0.013386343472961724, 0.0016362007424556618, -4.812084269862213e-05, 6.12698885446572e-08]",0.0009765625,0.05211839828058084,16,0,0,0,0
15,crossing,30,165,0,0.07210605299046749,2.223322084598948,0,2.223322084598948,0.000423882302023287,-1.484943387778991,28.158609790911814,968.8032505708825,0.07210605299046749,"[-0.005421776849047433, -0.0051528056886126225, -0.0002438661661543586, -0.0023190647261053243, -7.541171972299676e-05, -2.293730747890204e-05, 4.7505067302272825e-05, -4.2094347208650185e-06]",0.0009765625,0,1,0,0,0,0
15,crossing,30,166,0,0.08892194858395044,2.223322084598948,0,2.223322084598948,0.000423882302023287,-1.4964548732710743,28.14709830541973,968.820558070174,0.08892194858395044,"[0.0009785170975646906, -0.007627502257389963, -0.0008168515588730772, 0.0019570789891183438, 0.00020752119277338496, 0.0003066585621773702, -2.913793338554793e-19, 0]",0.0009765625,0,1,0,0,0,0
15,crossing,30,167,0,0.05443985480574373,2.223322084598948,0,2.223322084598948,0.000423882302023287,-1.4906991305250328,28.152854048165775,968.8173313699015,0.05443985480574373,"[-0.0024263065491538782, -0.004894765424411801, -0.0003691368836887106, -0.0005781390538306397, 2.4748125873342793e-05, 8.049179638217223e-05, 2.3752533651136267e-05, -2.104717360434244e-06]",0.0009765625,0,1,0,0,0,0
15,crossing,30,168,0,0.1785172865755777,2.223322084598948,0,2.223322084598948,0.000423882302023287,-1.5052121758162444,28.138341002874558,968.8267311358527,0.1785172865755777,"[0.0020020383830186006, -0.014570464429381544, -0.001742406128806909, 0.003967131540978386, 0.0005443056352078608, 0.0007663135225079657, -4.1301326508119685e-18, -6.938893903907228e-18]",0.0009765625,0,1,0,0,0,0
15,crossing,30,169,0,0.05919588253564388,2.223322084598948,0,2.223322084598948,0.000423882302023287,-1.4979556531706386,28.14559752552017,968.8432486663028,0.05919588253564388,"[-0.000803883847552811, -0.0053056640972884645, -0.0005323091066423571, 0.0005031516808795544, 0.0001314471327772078, 0.00018974601007200854, 1.1876266825566068e-05, -1.0523586802188567e-06]",0.0009765625,0,1,0,0,0,0
15,crossing,30,170,0,0.04694353196335306,2.223322084598948,0,2.223322084598948,0.000423882302023287,-1.4943273918478357,28.149225786842972,968.8343851672894,0.04694353196335306,"[-0.0017316281163743952, -0.004280304249887639, -0.0003516912263589684, -0.0002643439155942673, 4.545126513422529e-05, 9.195708542951081e-05, 1.7814400238351168e-05, -1.578538020328285e-06]",0.0009765625,0,1,0,0,0,0
15,crossing,30,171,0,0.051039013658564614,2.223322084598948,0,2.223322084598948,0.000423882302023287,-1.5276862398910633,28.115866938799744,968.9651155220554,0.051039013658564614,"[0.0005223440153017123, -0.004183000379942363, -0.0005142676397948812, 0.0011144095959849665, 0.0001584210695392342, 0.00021443437387647728, 1.849919956803392e-18, 3.469446951953614e-18]",0.0009765625,0,1,0,0,0,0
15,crossing,30,172,0,0.03774354522248642,2.223322084598948,0,2.223322084598948,0.000423882302023287,-1.5110068158694494,28.132546362821355,968.9025562967176,0.03774354522248642,"[-0.0007056093671380381, -0.003441635183963777, -0.00033226202905002736, 0.00020680690634300447, 7.063959695476223e-05, 0.00010973499750371204, 8.907200119176509e-06, -7.892690101624078e-07]",0.0009765625,0,1,0,0,0,0
15,crossing,30,173,0,0.0459367691059682,2.223322084598948,0,2.223322084598948,0.000423882302023287,-1.5169634963953091,28.1265896822955,968.9166307107023,0.0459367691059682,"[0.0005327625609297115, -0.003974644146619904, -0.00042551209627362006, 0.0010496159254635984, 0.00010002628755693286, 0.0001648432920491653, -3.300040362502754e-18, 0]",0.0009765625,0,1,0,0,0,0
15,crossing,30,174,0,0.027097957179364925,2.223322084598948,0,2.223322084598948,0.000423882302023287,-1.5139851561323792,28.129568022558427,968.9140002292106,0.027097957179364925,"[-0.0002449324613991166, -0.002482179588392184, -0.00024883348388010895, 0.0003105515826042904, 5.5994958813990836e-05, 8.717320938587634e-05, 4.4536000595866045e-06, -3.946345050812039e-07]",0.0009765625,0,1,0,0,0,0
15,crossing,30,175,0,0.016023563590212894,2.223322084598948,0,2.223322084598948,0.000423882302023287,-1.5315829066304134,28.111970272060393,968.985791859247,0.016023563590212894,"[0.00018784693708084887, -0.0014143448314872457, -0.0001582325246654255, 0.00039489877542031593, 3.0834608310572273e-05, 6.664334774227914e-05, 2.284447858744848e-18, 6.938893903907228e-18]",0.0009765625,0,1,0,0,0,0
15,crossing,30,176,0,0.28304678366715585,2.1498791737804988,0,2.1498791737804988,-0.009947190177789661,-1.794005142749069,27.849548035941734,915.8080639242321,0.28304678366715585,"[-0.023183708128989622, -0.013223671292247687, -0.0008025233044071915, -0.013823921518765658, -0.0001247626641682994, 0.00014820303945948805, -0.0001375372757297968, 5.362814673656735e-07]",0.0009765625,0.009947190177789661,16,0,0,0,0
15,crossing,30,177,0,0.20047682990213414,2.1498791737804988,0,2.1498791737804988,-0.009947190177789661,-1.8109259050917184,27.832627273599083,915.830418076579,0.20047682990213414,"[0.0020236402878595072, -0.017268340048159952, -0.0018182238404462565, 0.003917647056747242, 0.00042335936035122493, 0.0005130673802358215, 1.1709383462843448e-17, -1.3877787807814457e-17]",0.0009765625,0.009947190177789661,16,0,0,0,0
15,crossing,30,178,0,0.4253946919602367,2.1498791737804988,0,2.1498791737804988,-0.009947190177789661,-1.8069143657204578,27.836638812970346,915.8645474924272,0.4253946919602367,"[0.004084683944356016, -0.035322745617498964, -0.004080425987338858, 0.007882564375888634, 0.0012569573640430515, 0.0011520417381519965, -2.545769186326125e-18, 3.469446951953614e-18]",0.0009765625,0.009947190177789661,16,0,0,0,0
15,crossing,30,179,0,0.16310220880372733,2.1498791737804988,0,2.1498791737804988,-0.009947190177789661,-1.8089201354060882,27.834633043284715,915.886709917846,0.16310220880372733,"[0.0016431851842853007, -0.01363710959609186, -0.0015587337629311426, 0.003103063462884137, 0.0005008848672934103, 0.0004000842117522643, 4.581807138258661e-18, -6.938893903907228e-18]",0.0009765625,0.009947190177789661,16,0,0,0,0
15,crossing,30,180,0,0.2447791310847141,2.1498791737804988,0,2.1498791737804988,-0.009947190177789661,-1.8271509595480353,27.81640221914277,915.9975737255138,0.2447791310847141,"[0.0028969913364136346, -0.020135097329640556, -0.0023517337479933517, 0.005263768337698593, 0.0005237886139063577, 0.0009733547330349963, 1.8521274351330005e-17, 1.3877787807814457e-17]",0.0009765625,0.009947190177789661,16,0,0,0,0
15,crossing,30,181,0,0.16809300090938287,2.1498791737804988,0,2.1498791737804988,-0.009947190177789661,-1.8180355474770618,27.825517631213746,915.9562107283086,0.16809300090938287,"[0.0018332920380643714, -0.013971085547079137, -0.0016096457369041493, 0.00340451652771101, 0.0004327423712052052, 0.0005451443976390079, 1.1551540744794333e-17, 3.469446951953614e-18]",0.0009765625,0.009947190177789661,16,0,0,0,0
15,crossing,30,182,0,0.14864224229848197,2.1498791737804988,0,2.1498791737804988,-0.009947190177789661,-1.813477841441575,27.83007533724923,915.9279132696643,0.14864224229848197,"[0.0015343002741659006, -0.012414121654886489, -0.0014223067361846774, 0.002886267974457013, 0.00043093618392959165, 0.0004054518067641399, 8.066673941526497e-18, 0]",0.0009765625,0.009947190177789661,16,0,0,0,0
15,crossing,30,183,0,0.7056195979091716,2.1498791737804988,0,2.1498791737804988,-0.009947190177789661,-1.8347150354825021,27.808838143208302,915.9874144454145,0.7056195979091716,"[0.00632261233096898, -0.05816938733070128, -0.0068398819079564886, 0.012896566165704115, 0.0017103595580232026, 0.0024455580371384525, 1.3440096956295049e-17, 1.734723475976807e-17]",0.0009765625,0.009947190177789661,16,0,0,0,0
15,crossing,30,184,0,0.21751136532747714,2.1498791737804988,0,2.1498791737804988,-0.009947190177789661,-1.8240964384620386,27.81945674022877,916.0221071023527,0.21751136532747714,"[0.002159837785917773, -0.017736862330386325, -0.0021501078409834023, 0.004100994128725333, 0.0007116796000608121, 0.0006646046421212179, 1.0753385448910773e-17, 6.938893903907228e-18]",0.0009765625,0.009947190177789661,16,0,0,0,0
15,crossing,30,185,0,0.1419319535864983,2.1498791737804988,0,2.1498791737804988,-0.009947190177789661,-1.8187871399518067,27.824766038738996,915.9909643537758,0.1419319535864983,"[0.0014479421866013809, -0.011738516496750282, -0.001380682558406241, 0.0027210975207303534, 0.0004492160437570216, 0.0003939478945163083, 9.410029695218635e-18, 3.469446951953614e-18]",0.0009765625,0.009947190177789661,16,0,0,0,0
15,crossing,30,186,0,0.16666927304001028,2.1498791737804988,0,2.1498791737804988,-0.009947190177789661,-1.8344070007000612,27.809146177990744,916.0715550866498,0.16666927304001028,"[0.0020042914980464843, -0.013997186774390161, -0.001555495059099037, 0.0036566790705396812, 0.0002605590026394798, 0.0006765293261619049, 8.107048890220173e-18, -3.469446951953614e-18]",0.0009765625,0.009947190177789661,16,0,0,0,0
15,crossing,30,187,0,0.1305494275343226,2.1498791737804988,0,2.1498791737804988,-0.009947190177789661,-1.826597070325934,27.816956108364874,916.0395160445744,0.1305494275343226,"[0.0014256627208837358, -0.01088394658241647, -0.0012493919970461274, 0.002654018378134282, 0.0003194966671722647, 0.0004418890211475518, 8.758539292719405e-18, 0]",0.0009765625,0.009947190177789661,16,0,0,0,0
15,crossing,30,188,0,0.08028885348051762,2.161119145505968,0,2.161119145505968,0.007406745853714597,-1.7745025350428825,27.86905064364792,929.91474431076,0.08028885348051762,"[-0.003685910054279873, -0.008090045420953786, -0.0003162265261732336, -0.0014461305624173804, -0.00023897466030941807, -2.3634764561799096e-05, 8.686794167369312e-05, 1.308268327233908e-06]",0.0009765625,0,1,0,0,0,0
15,crossing,30,189,0,1.181159934506562,2.161119145505968,0,2.161119145505968,0.007406745853714597,-1.7846751955312647,27.85887798315954,929.732996520799,1.181159934506562,"[0.010948859898824992, -0.10120241021516287, -0.010713087311374887, 0.022854589361493538, 0.001146108505263223, 0.004415581419615137, -2.1074179727686992e-17, -1.734723475976807e-17]",0.0009765625,0,1,0,0,0,0
15,crossing,30,190,0,0.23211771150073912,2.161119145505968,0,2.161119145505968,0.007406745853714597,-1.7795888652870737,27.86396431340373,929.8924398426382,0.23211771150073912,"[0.0004618033187782089, -0.020881563261493336, -0.0020037494889292265, 0.0035621502077081146, 0.00019433818761594335, 0.0007583692215316218, 4.343397083683602e-05, 6.541341636100151e-07]",0.0009765625,0,1,0,0,0,0
15,crossing,30,191,0,0.08939481412455444,2.161119145505968,0,2.161119145505968,0.007406745853714597,-1.777045700164978,27.86650747852583,929.9265650579883,0.08939481412455444,"[-0.0023374103395141788, -0.00897323226075402, -0.0005593674792284371, -0.0003175542707296586, -0.00011366600824422745, 0.00011045643757288972, 6.515095625526457e-05, 9.812012454202268e-07]",0.0009765625,0,1,0,0,0,0
15,crossing,30,192,0,0.07530071383429114,2.161119145505968,0,2.161119145505968,0.007406745853714597,-1.7757741176039303,27.867779061086875,929.9246055376275,0.07530071383429114,"[-0.0031423933645768898, -0.007630184725391997, -0.0003382531572842951, -0.0011185319417386097, -0.00019507374591850332, 2.552971315810476e-06, 7.600944896447885e-05, 1.1447347863270674e-06]",0.0009765625,0,1,0,0,0,0
15,crossing,30,193,0,0.8238074144979405,2.161119145505968,0,2.161119145505968,0.007406745853714597,-1.8439734773533258,27.799579701337482,930.1104193662543,0.8238074144979405,"[0.007830874540225352, -0.06879545318539, -0.007772797515542831, 0.016389010024838058, 0.0013794076921515223, 0.002907140554094678, -6.776263578034403e-20, -2.7755575615628914e-17]",0.0009765625,0,1,0,0,0,0
15,crossing,30,194,0,0.21575989889011096,2.161119145505968,0,2.161119145505968,0.007406745853714597,-1.809873797478628,27.833679381212175,930.0753108799181,0.21575989889011096,"[0.0003692634994791888, -0.018895176197144058, -0.0019594651818204923, 0.0032094768097596926, 0.0003930824846896417, 0.0006423232544701537, 3.800472448223939e-05, 5.723673931513906e-07]",0.0009765625,0,1,0,0,0,0
15,crossing,30,195,0,0.09469037599223297,2.161119145505968,0,2.161119145505968,0.007406745853714597,-1.7928239575412792,27.850729221149525,930.0177005726059,0.09469037599223297,"[-0.001896561473635927, -0.009232497818720957, -0.0006779634212452358, 3.837928637118182e-05, -1.1061353574320563e-05, 0.0001452671932119086, 5.700708672335912e-05, 8.58551089739229e-07]",0.0009765625,0,1,0,0,0,0
15,crossing,30,196,0,0.0744429136456323,2.161119145505968,0,2.161119145505968,0.007406745853714597,-1.7842990375726049,27.859254141118203,929.9752268571227,0.0744429136456323,"[-0.0026396608484944295, -0.007518599255511448, -0.00039859168560214944, -0.0007699453156355673, -0.0001357001495186917, 3.5572114083682e-05, 6.650826784391898e-05, 1.0016429380331482e-06]",0.0009765625,0,1,0,0,0,0
15,crossing,30,197,0,0.5105499607176098,2.161119145505968,0,2.161119145505968,0.007406745853714597,-1.8120141387306277,27.83153903996018,929.9933772712646,0.5105499607176098,"[0.005459218120584808, -0.044470273984258964, -0.004470278708779732, 0.010660958067999715, 0.00040408658411369926, 0.0016834819347445614, -1.2752928053860746e-17, 1.3877787807814457e-17]",0.0009765625,0,1,0,0,0,0
15,crossing,30,198,0,0.16887984929096067,2.161119145505968,0,2.161119145505968,0.007406745853714597,-1.7981565881516164,27.845396590539192,930.0033906840068,0.16887984929096067,"[0.0003171181151202518, -0.015427475905025722, -0.001420896449680295, 0.0026311039943909265, 8.104959838456364e-05, 0.0005180506984998884, 3.3254133921953114e-05, 5.008214690217783e-07]",0.0009765625,0,1,0,0,0,0
15,crossing,30,199,0,0.09147342759044949,2.161119145505968,0,2.161119145505968,0.007406745853714597,-1.7912278128621106,27.852325365828694,929.9974967519261,0.09147342759044949,"[-0.0014941799579446524, -0.008983912147661062, -0.000657036993831121, 0.00030626535254008047, -5.325973020791204e-05, 0.0001800442710151727, 4.988120088293605e-05, 7.512322035274632e-07]",0.0009765625,0,1,0,0,0,0
15,crossing,30,200,0,0.07425443920535114,2.161119145505968,0,2.161119145505968,0.007406745853714597,-1.7877634252173578,27.85578975347345,929.9894995214108,0.07425443920535114,"[-0.0021793530474312206, -0.007477988670438948, -0.00044596669738989876, -0.00043607053524574724, -0.00010499176265608166, 7.348814112446609e-05, 5.8194734363427516e-05, 8.764375707820404e-07]",0.0009765625,0,1,0,0,0,0
15,crossing,30,201,0,1.0299332172026143,2.161119145505968,0,2.161119145505968,0.007406745853714597,-1.8439824138073646,27.799570764883438,930.0487402658763,1.0299332172026143,"[0.009649534720288955, -0.0879758067021854, -0.00936842729177724, 0.020447520898860816, 0.0007734684918264755, 0.0038355639282092583, -2.5864998077357315e-17, 1.3877787807814457e-17]",0.0009765625,0,1,0,0,0,0
15,crossing,30,202,0,0.2530042963969712,2.161119145505968,0,2.161119145505968,0.007406745853714597,-1.815872919512361,27.827680259178447,930.07512142256,0.2530042963969712,"[0.0013762897479452363, -0.02215864177251049, -0.002261901783059739, 0.004499577351337436, 0.0002734305340350427, 0.0008787874348641824, 2.9097367181700825e-05, 4.382187853979591e-07]",0.0009765625,0,1,0,0,0,0
15,crossing,30,203,0,0.10238946838828826,2.161119145505968,0,2.161119145505968,0.007406745853714597,-1.8018181723648594,27.841735006325944,930.0532611395829,0.10238946838828826,"[-0.0010495402136072585, -0.00977849871095825, -0.0007999571908804428, 0.0007639802764103365, 1.0554248792873706e-05, 0.00024090654021142078, 4.364605077256417e-05, 6.573281780899998e-07]",0.0009765625,0,1,0,0,0,0
15,crossing,30,204,0,0.07552868687811835,2.161119145505968,0,2.161119145505968,0.007406745853714597,-1.7947907987911087,27.848762379899693,930.026118412668,0.07552868687811835,"[-0.0017677718534585551, -0.007529344575573568, -0.0005004740678012147, -0.00012337568968945334, -6.910193254277987e-05, 0.00010713761712360474, 5.0920392567995845e-05, 7.668828744360201e-07]",0.0009765625,0,1,0,0,0,0
15,crossing,30,205,0,0.0721047603142284,2.161119145505968,0,2.161119145505968,0.007406745853714597,-1.7912771120042332,27.852276066686574,930.0088724637426,0.0721047603142284,"[-0.0020094952283855605, -0.007249557841308007, -0.0004448211433168571, -0.00034641640131916063, -9.271745170030643e-05, 7.911421972581372e-05, 5.455756346571168e-05, 8.216602226072955e-07]",0.0009765625,0,1,0,0,0,0
15,crossing,30,206,0,0.6995208951078622,2.161119145505968,0,2.161119145505968,0.007406745853714597,-1.8568939115296164,27.786659267161188,930.2374556695671,0.6995208951078622,"[0.006088852626056962, -0.06086644787885223, -0.006194792991496445, 0.01362532793679705, 0.0007343129142533794, 0.0019452494868809395, -2.303929616531697e-17, 6.938893903907228e-18]",0.0009765625,0,1,0,0,0,0
15,crossing,30,207,0,0.1913561707390248,2.161119145505968,0,2.161119145505968,0.007406745853714597,-1.8240855117669248,27.81946766692388,930.1424586346375,0.1913561707390248,"[0.0006266981688156648, -0.01708986350927327, -0.001671399939608886, 0.0031111092618392178, 0.00022648152247659975, 0.0005239684133261897, 2.727878173284432e-05, 4.108301113053825e-07]",0.0009765625,0,1,0,0,0,0
15,crossing,30,208,0,0.08988932149391309,2.161119145505968,0,2.161119145505968,0.007406745853714597,-1.807681311885579,27.835871866805224,930.0851644050344,0.08988932149391309,"[-0.0010925450716996465, -0.008651224564166242, -0.0006900289190318224, 0.0005479476698599939, 9.278658141293674e-06, 0.00018227167638259782, 4.0918172599278e-05, 6.162451669580737e-07]",0.0009765625,0,1,0,0,0,0
15,crossing,30,209,0,0.07153048901149206,2.161119145505968,0,2.161119145505968,0.007406745853714597,-1.7994792119449061,27.8440739667459,930.0497035528294,0.07153048901149206,"[-0.0016555399562747652, -0.007126089316840412, -0.00047739335836776385, -0.00010475681935773196, -6.01670675735159e-05, 0.00010004750063982326, 4.7737868032494835e-05, 7.189526947809499e-07]",0.0009765625,0,1,0,0,0,0
15,crossing,30,210,0,0.368315880353941,2.0246820815390185,0,2.0246820815390185,-0.016139884824347243,-2.0610612296969446,27.58249194899386,848.2577854707116,0.368315880353941,"[-0.025384965299238615, -0.025023337856128307, -0.0015218368817206914, -0.015299581423008135, -3.716538142003655e-05, 9.749858727397173e-05, -0.00016927227469066926, 2.094052236820132e-08]",0.0009765625,0.016139884824347243,16,0,0,0,0
15,crossing,30,211,0,1.9878743605045759,2.0246820815390185,0,2.0246820815390185,-0.016139884824347243,-2.038204306788715,27.60534887190209,848.0236866692242,1.9878743605045759,"[0.018052639804977844, -0.16898949738913388, -0.018321232053272376, 0.03585929409311639, 0.0025732829412944704, 0.005558367904247166, -1.0110185258427329e-17, 1.3877787807814457e-17]",0.0009765625,0.016139884824347243,16,0,0,0,0
15,crossing,30,212,0,0.4287425162383101,2.0246820815390185,0,2.0246820815390185,-0.016139884824347243,-2.0496327682428297,27.593920410447975,848.194750895374,0.4287425162383101,"[-0.009220247336628518, -0.03752070710691993, -0.0037257492718663424, -0.0014927927738135338, 0.0008159527391824431, 0.0006660402242030302, -8.463613734533969e-05, 1.047026118930483e-08]",0.0009765625,0.016139884824347243,16,0,0,0,0
15,crossing,30,213,0,0.30207602426512603,2.0246820815390185,0,2.0246820815390185,-0.016139884824347243,-2.055346998969887,27.588206179720917,848.2610340285098,0.30207602426512603,"[-0.018487989640263436, -0.022481566859522153, -0.001618434602892016, -0.010513470937153713, 0.00017507365884626371, 9.454788582888414e-05, -0.00012695420601800447, 1.5705391778753075e-08]",0.0009765625,0.016139884824347243,16,0,0,0,0
15,crossing,30,214,0,2.9343785560809934,2.0246820815390185,0,2.0246820815390185,-0.016139884824347243,-2.088824099816312,27.55472907887449,848.3985435665561,2.9343785560809934,"[0.026893319655613368, -0.259629789589405, -0.024913058504930103, 0.05866781948605926, -0.0076981990137826774, 0.008964491057383806, 1.0299920638612292e-18, 1.734723475976807e-17]",0.0009765625,0.016139884824347243,16,0,0,0,0
15,crossing,30,215,0,0.7940275994479044,2.0246820815390185,0,2.0246820815390185,-0.016139884824347243,-2.0720855493930994,27.571467629297704,848.2901019673337,0.7940275994479044,"[-0.0009476088394961835, -0.06999601330909781, -0.007075580749016475, 0.01017561846050441, -0.0005515108964887595, 0.0018389052714295777, -6.347710300900172e-05, 7.852695896315431e-09]",0.0009765625,0.016139884824347243,16,0,0,0,0
15,crossing,30,216,0,0.3599740260378195,2.0246820815390185,0,2.0246820815390185,-0.016139884824347243,-2.063716274181493,27.57983690450931,848.3546701149421,0.3599740260378195,"[-0.011677973810115816, -0.0314093412852612, -0.0028525199593370416, -0.003942784866731941, 0.00015445341035334493, 0.000407893507450416, -9.52156545135031e-05, 1.1779043837534253e-08]",0.0009765625,0.016139884824347243,16,0,0,0,0
15,crossing,30,217,0,0.2940223475335741,2.0246820815390185,0,2.0246820815390185,-0.016139884824347243,-2.05953163657569,27.584021542115114,848.330151027894,0.2940223475335741,"[-0.015607222333130721, -0.023440838956118704, -0.0018519702513395497, -0.008180054230271239, 0.00018359307995402248, 0.00015821138265926496, -0.00011108493026575379, 1.3742217808143664e-08]",0.0009765625,0.016139884824347243,16,0,0,0,0
15,crossing,30,218,0,1.1235388921263654,2.0246820815390185,0,2.0246820815390185,-0.016139884824347243,-2.0834040381179686,27.560149140572836,848.2100558665302,1.1235388921263654,"[0.012761096922609738, -0.09636779449300727, -0.010060082116626618, 0.0228257683498736, 7.728097097051199e-05, 0.004260325781274157, 6.545870616381233e-18, -6.938893903907228e-18]",0.0009765625,0.016139884824347243,16,0,0,0,0
15,crossing,30,219,0,0.43184496462202815,2.0246820815390185,0,2.0246820815390185,-0.016139884824347243,-2.0714678373468294,27.572085341343975,848.3194373627734,0.43184496462202815,"[-0.003937538893460157, -0.0386720431097582, -0.003773547260513151, 0.0025930868728512024, 0.00019645405559511308, 0.001289240308143783, -5.554246513287362e-05, 6.871108900602385e-09]",0.0009765625,0.016139884824347243,16,0,0,0,0
15,crossing,30,220,0,0.3000019870280785,2.0246820815390185,0,2.0246820815390185,-0.016139884824347243,-2.0654997369612595,27.578053441729548,848.3443741851677,0.3000019870280785,"[-0.010478349771020135, -0.02619322937656756, -0.002301525611015696, -0.004011393765651405, 0.0001863280722101105, 0.0004999658628238777, -8.331369769931371e-05, 1.0306663352638301e-08]",0.0009765625,0.016139884824347243,16,0,0,0,0
15,crossing,30,221,0,0.2790122247512084,2.0246820815390185,0,2.0246820815390185,-0.016139884824347243,-2.062515686768475,27.581037491922327,848.3445457369456,0.2790122247512084,"[-0.013303647405315644, -0.023057674565003804, -0.0018905433728172549, -0.006540804947945844, 0.00017701565512283113, 0.0002500383177217946, -9.719931398253374e-05, 1.2024440582125706e-08]",0.0009765625,0.016139884824347243,16,0,0,0,0
15,crossing,30,222,0,7.152277286115625,2.0246820815390185,0,2.0246820815390185,-0.016139884824347243,-2.0929787254960166,27.550574453194788,853.29918923367,7.152277286115625,"[-0.008407300816188013, -0.6673134829406726, -0.0571984961987257, 0.06823798781778834, -0.01595862127354664, 0.014570342978057326, -5.46979996018937e-17, -3.469446951953614e-18]",0.0009765625,0.016139884824347243,16,0,0,0,0
15,crossing,30,223,0,1.9228190654372204,2.0246820815390185,0,2.0246820815390185,-0.016139884824347243,-2.077747206132246,27.56580597255856,848.2993557504998,1.9228190654372204,"[0.008272974383451981, -0.17289247496460197, -0.016328452131973176, 0.029203337481279235, -0.0025379085853347947, 0.006099038019487555, -4.859965699129422e-05, 6.012220287593406e-09]",0.0009765625,0.016139884824347243,16,0,0,0,0
15,crossing,30,224,0,0.5362769980955147,2.0246820815390185,0,2.0246820815390185,-0.016139884824347243,-2.07013144645036,27.573421732240444,848.3366130789537,0.5362769980955147,"[-0.005829809929672081, -0.04866463326060735, -0.004543489564875999, 0.002651374515391325, -0.0002694510377881386, 0.0015030892375446886, -7.289948548691398e-05, 9.01833043659428e-09]",0.0009765625,0.016139884824347243,16,0,0,0,0
15,crossing,30,225,0,0.3012777189029005,2.0246820815390185,0,2.0246820815390185,-0.016139884824347243,-2.0663235666094177,27.577229612081386,848.3787179286356,0.3012777189029005,"[-0.010723605690998284, -0.02638260914480813, -0.002275264059710959, -0.004124808078618258, 6.462481725319461e-05, 0.0004761747990936079, -8.504939973472386e-05, 1.0521385509359993e-08]",0.0009765625,0.016139884824347243,16,0,0,0,0
15,crossing,30,226,0,0.2729704019075744,2.0246820815390185,0,2.0246820815390185,-0.016139884824347243,-2.064419626688946,27.57913355200186,848.3702179660547,0.2729704019075744,"[-0.012268469846887342, -0.022933694266273865, -0.0019035556066076783, -0.0057824355324491705, 0.00014323107078151342, 0.0002875154396393159, -9.11243568586288e-05, 1.1272913044008126e-08]",0.0009765625,0.016139884824347243,16,0,0,0,0
15,crossing,30,227,0,0.8336402627140429,2.0246820815390185,0,2.0246820815390185,-0.016139884824347243,-2.12098382295107,27.522569355739737,848.5173584426684,0.8336402627140429,"[0.012050338223879464, -0.07306806598742006, -0.006963887923668986, 0.020292642831064356, -0.0011053754131133701, 0.002818199208015823, 1.1844908734404136e-17, 1.3877787807814457e-17]",0.0009765625,0.016139884824347243,16,0,0,0,0
15,crossing,30,228,0,0.4428672834840041,2.0246820815390185,0,2.0246820815390185,-0.016139884824347243,-2.092701724820008,27.550851453870795,848.463325265039,0.4428672834840041,"[-0.0017032889697503606, -0.03992811771809829, -0.0038233155060192594, 0.004629334663931672, -7.630448431067435e-05, 0.0013481984283923755, -4.556217842930848e-05, 5.6364565272082334e-09]",0.0009765625,0.016139884824347243,16,0,0,0,0
15,crossing,30,229,0,0.3178334294088802,2.0246820815390185,0,2.0246820815390185,-0.016139884824347243,-2.0785606757544772,27.56499250293633,848.4285870641868,0.3178334294088802,"[-0.007511278458629533, -0.028515189678347038, -0.002602486847606183, -0.0014450661249707508, 0.00011706324934943784, 0.0007120828157237987, -6.834326764396864e-05, 8.45468478560818e-09]",0.0009765625,0.016139884824347243,16,0,0,0,0
15,crossing,30,230,0,0.2779736721220148,2.0246820815390185,0,2.0246820815390185,-0.016139884824347243,-2.0714901512217114,27.572063027469095,848.4060868688325,0.2779736721220148,"[-0.010136940960855156, -0.02420078920019665, -0.0020997718565045776, -0.004028005795825962, 0.00014135661388631947, 0.00043437430889054635, -7.973381225129872e-05, 9.863798916542876e-09]",0.0009765625,0.016139884824347243,16,0,0,0,0
15,crossing,30,231,0,0.26736503004405304,2.0246820815390185,0,2.0246820815390185,-0.016139884824347243,-2.0679548889553288,27.575598289735478,848.3916335083409,0.26736503004405304,"[-0.011326824134606284, -0.022745158193158487, -0.001915844905452644, -0.005116361655614909, 0.00014052119058715262, 0.000324625896786661, -8.542908455496376e-05, 1.0568355978540778e-08]",0.0009765625,0.016139884824347243,16,0,0,0,0
15,crossing,30,232,0,0.029503266111021244,2.153781401353879,0,2.153781401353879,0.00023841433858984816,-1.7958011008768564,27.847752077813947,924.8581916433778,0.029503266111021244,"[-0.00166592404631416, -0.0027659574570663365, -0.0001241349338813655, -0.0006958292659113852, -0.0001104602999936473, -2.6815672144285867e-05, 6.003111613304109e-05, -3.651332999600465e-06]",0.0009765625,0,1,0,0,0,0
15,crossing,30,233,0,0.06549766283208963,2.153781401353879,0,2.153781401353879,0.00023841433858984816,-1.7997617652797704,27.843791413411036,924.8676796428214,0.06549766283208963,"[0.0008015486225474433, -0.005543396600602753, -0.0006177318393194116, 0.0014531622747711026, 0.00012306005240503016, 0.0002516562462760299, 2.425902360936316e-18, -3.469446951953614e-18]",0.0009765625,0,1,0,0,0,0
15,crossing,30,234,0,0.024411157188531922,2.153781401353879,0,2.153781401353879,0.00023841433858984816,-1.7977814330783135,27.845771745612492,924.8709407735626,0.024411157188531922,"[-0.000679718994760492, -0.0024080804125470186, -0.00017738233925664385, -7.494153296683237e-05, -2.9086262634984113e-05, 3.131170515110625e-05, 3.001555806652176e-05, -1.8256664998002325e-06]",0.0009765625,0,1,0,0,0,0
15,crossing,30,235,0,0.036061993878479595,2.153781401353879,0,2.153781401353879,0.00023841433858984816,-1.8156820386872687,27.827871140003534,924.9712443039289,0.036061993878479595,"[0.0004113168891848318, -0.003123986312509816, -0.0003402032431055909, 0.0007775216105034843, 7.592559976271726e-05, 0.00011193170226300793, 3.835365185167472e-18, -6.938893903907228e-18]",0.0009765625,0,1,0,0,0,0
15,crossing,30,236,0,0.02246092116991749,2.153781401353879,0,2.153781401353879,0.00023841433858984816,-1.806731735882791,27.836821442808013,924.9231845611105,0.02246092116991749,"[-0.00021670290960429384, -0.0021622198070770805, -0.00019152423358760338, 0.00019665142782088196, 7.207680670968878e-06, 4.976539317081377e-05, 1.5007779033262797e-05, -9.128332499053204e-07]",0.0009765625,0,1,0,0,0,0
15,crossing,30,237,0,0.024992064339542933,2.153781401353879,0,2.153781401353879,0.00023841433858984816,-1.8098704393050826,27.833682739385726,924.9374773691358,0.024992064339542933,"[0.0002956874979531676, -0.002235404551356494, -0.00023015661129670615, 0.0005503594703846204, 3.61916418299675e-05, 8.280025420295924e-05, 5.89534931288993e-19, 3.469446951953614e-18]",0.0009765625,0,1,0,0,0,0
15,crossing,30,238,0,0.016014312598992986,2.153781401353879,0,2.153781401353879,0.00023841433858984816,-1.8083010875939367,27.835252091096866,924.9325192968456,0.016014312598992986,"[-4.51950312267968e-05, -0.0015407165912878333, -0.00014382730366875696, 0.0002139343984115527, 1.2026394914101395e-05, 4.2228086926342876e-05, 7.503889516631693e-06, -4.564166249526602e-07]",0.0009765625,0,1,0,0,0,0
15,crossing,30,239,0,0.005400716281095583,2.153781401353879,0,2.153781401353879,0.00023841433858984816,-1.8213209644382713,27.822232214252534,925.0083809349692,0.005400716281095583,"[5.2446381502591066e-05, -0.000487966822952524, -6.804476919194226e-05, 0.00011882796996687262, 3.3818430406252556e-05, 1.5969639572431205e-05, 8.868434957752525e-19, 3.469446951953614e-18]",0.0009765625,0,1,0,0,0,0
15,crossing,30,240,0,0,2.153781401353879,0,2.153781401353879,0.00023841433858984816,-1.8221011285633353,27.821452050127473,925.0134576678815,-0.00035826177437528115,"[7.170499635833494e-06, -5.276841807068551e-05, -5.5505780645322026e-06, 1.3288606920625057e-05, 9.705797889396903e-07, 2.047807274345405e-06, -3.722597310111777e-19, 0]",0.0009765625,0,1,0,0,0,0
15,crossing,5,1,0,3.3559999999999994,0,0,0,-3.3559999999999994,0,29.643553178690805,0,-0.0009765625,"[0, 0, 0, 0, 0, 0, 0, 0]",0.0009765625,3.3559999999999994,18,0,0,0,0
15,crossing,5,2,0,2.93185281551813,0.28440682255549654,0,0.28440682255549654,-2.93185281551813,1.1208829454112508,30.76443612410206,23.284885374852966,1.750431610016825,"[-0.10107803222661005, -0.17362899994942965, -0.0038230381697435187, -0.030260528892922522, -0.0006440446221933158, -0.00019751696606339238, 3.921085783745171e-06, 2.244003762807978e-06]",0.0009765625,2.93185281551813,17,0,0,0,0
15,crossing,5,3,0,2.93185281551813,0.28440682255549654,0,0.28440682255549654,-2.93185281551813,1.0538024207844134,30.69735559947522,22.838764802604576,0.14781153767592392,"[-0.006279356877001874, -0.01237370037348244, -0.0007645692132331723, -0.007159391813264193, -0.0006836924833262228, -0.0003199139282506536, -1.20939364208969e-17, 8.326672684688674e-17]",0.0009765625,2.93185281551813,17,0,0,0,0
15,crossing,5,4,0,2.93185281551813,0.28440682255549654,0,0.28440682255549654,-2.93185281551813,1.0516677664661775,30.69522094515698,22.842589102890045,-0.0008058702746445492,"[-1.2575613695275933e-05, -8.988599588689802e-06, -6.241229420396765e-07, -9.269067291484134e-06, 1.6739448407232014e-06, 5.990151796315432e-07, 3.0876339706149844e-19, 0]",0.0009765625,2.93185281551813,17,0,0,0,0
15,crossing,5,5,0,18.146464979831862,1.847409758041404,0,1.847409758041404,-1.2971540594920474,1.6861707785429836,31.329723957233792,582.2341261215424,18.146464979831862,"[-1.773255616491916, -0.49205714476171936, -0.008671524530542617, -0.6229421221346385, -0.010796702061052273, -0.003894919570913213, 6.851441088723574e-06, 3.079451845799941e-06]",0.0009765625,1.2971540594920474,16,0,0,0,0
15,crossing,5,6,0,4.913543756270771,1.847409758041404,0,1.847409758041404,-1.2971540594920474,0.5239531975276712,30.16750637621848,579.2883486879564,4.913543756270771,"[-0.07315818269132279, -0.45534457152179053, -0.03808423673953993, -0.06050261662874057, -0.008441246970511894, -0.004866790316770116, -3.967332918349692e-17, 2.7755575615628914e-17]",0.0009765625,1.2971540594920474,16,0,0,0,0
15,crossing,5,7,0,1.2971540594920474,1.847409758041404,0,1.847409758041404,-1.2971540594920474,0.49057590344412694,30.13412908213493,577.6737670968059,0.822085041785964,"[-0.02132221328137973, -0.08052780732044976, -0.004701083495207424, -0.02098094428035857, -0.003003608266351702, 0.000822764636413601, 8.589932843971228e-17, -6.245004513516506e-17]",0.0009765625,1.2971540594920474,16,0,0,0,0
15,crossing,5,8,0,1.2971540594920474,1.847409758041404,0,1.847409758041404,-1.2971540594920474,0.47667548672065735,30.120228665411464,578.0764485250459,0.11849579893468415,"[-0.001218979939743292, -0.010294926340843015, -0.0010568317036591286, -0.0030736268326787552, 0.0012600226644009318, 0.00042636737411801015, 9.988671889273448e-18, -3.469446951953614e-18]",0.0009765625,1.2971540594920474,16,0,0,0,0
15,crossing,5,9,0,1.2971540594920474,1.847409758041404,0,1.847409758041404,-1.2971540594920474,0.4760942329960723,30.11964741168688,578.1545670626882,0.00234527472266655,"[-2.240936179731534e-05, -0.00027428837868548474, -3.14793020467565e-05, -9.655467661140449e-05, 3.593778129622741e-05, 4.360556395404878e-05, 5.499418183729548e-19, 0]",0.0009765625,1.2971540594920474,16,0,0,0,0
15,crossing,5,10,0,1.2971540594920474,1.847409758041404,0,1.847409758041404,-1.2971540594920474,0.476099956397361,30.119653135088168,578.1562723253966,-0.0009753324648821803,"[-1.0690506258015375e-08, -1.1332460441533118e-07, -8.75287063822719e-09, -4.5402190451682145e-08, 9.228813750790089e-09, 4.289318586419458e-08, 9.115697924879158e-21, 0]",0.0009765625,1.2971540594920474,16,0,0,0,0
15,crossing,5,11,0,22.006701433044004,2.376304224666365,0,2.376304224666365,-0.4132054126608613,-1.960320089796359,27.683233088894443,981.1197976129396,22.006701433044004,"[-0.665103188655948, -2.485605742494194, -0.06527673968504631, -0.2034993159992755, 0.0011357948563923022, 0.000980634211761249, -7.275178457147312e-05, -1.2132955709620585e-05]",0.0009765625,0.4132054126608613,16,0,0,0,0
15,crossing,5,12,0,27.32811177406619,2.376304224666365,0,2.376304224666365,-0.4132054126608613,-2.239771571536798,27.403781607154006,995.7706397359259,27.32811177406619,"[-0.5685285818260724, -2.7496808272613587, -0.16879929035167315, -0.3394476701255069, 0.2152384770176765, 0.021445139395658622, -5.456383842854332e-05, -9.099716782066253e-06]",0.0009765625,0.4132054126608613,16,0,0,0,0
15,crossing,5,13,0,25.064626997136763,2.376304224666365,0,2.376304224666365,-0.4132054126608613,-2.100045830666579,27.543507348024225,987.9988676676642,25.064626997136763,"[-0.6181492720182291, -2.6285542980573324, -0.12834145285613385, -0.259992726505752, 0.11200561636587607, 0.020065916885456458, -6.365781150000823e-05, -1.0616336245841684e-05]",0.0009765625,0.4132054126608613,16,0,0,0,0
15,crossing,5,14,0,22.710205793378318,2.376304224666365,0,2.376304224666365,-0.4132054126608613,-2.030182960231469,27.613370218459334,980.9079598959418,22.710205793378318,"[-0.6342470942217062, -2.4981123151953986, -0.0864493988557987, -0.21270344626493198, 0.03115584140088133, 0.007306244257003916, -6.820479803574067e-05, -1.1374645977731135e-05]",0.0009765625,0.4132054126608613,16,0,0,0,0
15,crossing,5,15,0,21.902485519548637,2.376304224666365,0,2.376304224666365,-0.4132054126608613,-1.995251525013914,27.648301653676892,979.0906065566817,21.902485519548637,"[-0.6473351281352322, -2.456371501832098, -0.07011640975143943, -0.20295706772503586, 0.008148084581300032, 0.0026473319951735874, -7.04782913036069e-05, -1.175380084367586e-05]",0.0009765625,0.4132054126608613,16,0,0,0,0
15,crossing,5,16,0,24.25287001673326,2.376304224666365,0,2.376304224666365,-0.4132054126608613,-2.249771522831942,27.393781655858863,985.4420975363089,24.25287001673326,"[-0.6030423479023597, -2.5590049593643904, -0.1199625212275354, -0.280895311290692, 0.10726142935490204, 0.024072208376503285, -6.166850489079566e-05, -1.0284575738192525e-05]",0.0009765625,0.4132054126608613,16,0,0,0,0
15,crossing,5,17,0,23.410521852863496,2.376304224666365,0,2.376304224666365,-0.4132054126608613,-2.122511523922928,27.521041654767874,982.4817343351133,23.410521852863496,"[-0.6292633105291188, -2.516496044300261, -0.10332090861013994, -0.24359028470067656, 0.07025492694800878, 0.018422281786828695, -6.607339809720127e-05, -1.1019188290932458e-05]",0.0009765625,0.4132054126608613,16,0,0,0,0
15,crossing,5,18,0,22.19512646470763,2.376304224666365,0,2.376304224666365,-0.4132054126608613,-2.058881524468421,27.584671654222387,978.9610401411321,22.19512646470763,"[-0.634503995260971, -2.4532198114966746, -0.08066657296251747, -0.2136945750829078, 0.02626739354983855, 0.007989749156234464, -6.827584470040408e-05, -1.1386494567305894e-05]",0.0009765625,0.4132054126608613,16,0,0,0,0
15,crossing,5,19,0,16.775769879475096,0.0539187475669597,0,0.0539187475669597,-0.7112105375275883,-2.227477073089385,27.416076105601423,218.47778794634337,16.775769879475096,"[-1.4249424776702142, -0.8269590354526409, -0.011388923381359425, -0.8107114982127754, 0.0031822927704863047, 0.005360284834077018, 4.0462975596344826e-05, 5.839977790245143e-08]",0.0009765625,0.7112105375275883,17,0,0,0,0
15,crossing,5,20,0,9.218121121292286,0.0539187475669597,0,0.0539187475669597,-0.7112105375275883,-3.0797049712043627,26.56384820748644,216.1275590053384,9.218121121292286,"[-0.19652316402197556, -0.7693388386840404, -0.07184401869400613, -0.38677751291992735, 0.048064951648670806, 0.008143345574351465, 6.920597992246535e-17, -1.3877787807814457e-16]",0.0009765625,0.7112105375275883,17,0,0,0,0
15,crossing,5,21,0,7.1041140434391234,0.0539187475669597,0,0.0539187475669597,-0.7112105375275883,-3.2298493179699608,26.413703860720847,215.75247563584657,7.1041140434391234,"[-0.1390738197891821, -0.6492870111104778, -0.047189688401259915, -0.2802733830752828, 0.01539282161031989, 0.05190706856824006, 2.9943024975748096e-18, -1.734723475976807e-17]",0.0009765625,0.7112105375275883,17,0,0,0,0
15,crossing,5,22,0,8.153597919035212,0.0539187475669597,0,0.0539187475669597,-0.7112105375275883,-3.381264545126189,26.26228863356462,217.17275258757078,8.153597919035212,"[-0.08337964948286469, -0.7337612973377252, -0.0665600587902299, -0.18293567828728463, 0.027873826887167854, -0.0019440609598409264, 2.0468921763910618e-16, 1.1102230246251565e-16]",0.0009765625,0.7112105375275883,17,0,0,0,0
15,crossing,5,23,0,7.148088676039448,0.0539187475669597,0,0.0539187475669597,-0.7112105375275883,-3.305556931548075,26.33799624714273,216.02884682307368,7.148088676039448,"[-0.11369749525229622, -0.6560332599787281, -0.05136970944999778, -0.2334284178547108, 0.01634262544259793, 0.03536872893777089, 1.0384176006834049e-16, 4.85722573273506e-17]",0.0009765625,0.7112105375275883,17,0,0,0,0
15,crossing,5,24,0,7.003089000316087,0.0539187475669597,0,0.0539187475669597,-0.7112105375275883,-3.267703124759018,26.37585005393179,215.78857683146933,7.003089000316087,"[-0.12737737861124288, -0.642314216687666, -0.04784746294683564, -0.2582684379039719, 0.014705065635699371, 0.04627085341106647, 5.341803128295765e-17, 1.3877787807814457e-17]",0.0009765625,0.7112105375275883,17,0,0,0,0
15,crossing,5,25,0,15.451704896258821,0.0539187475669597,0,0.0539187475669597,-0.7112105375275883,-3.685774798643849,25.957778380046957,235.8487353001278,15.451704896258821,"[-0.2839854309930274, -1.3175667697375821, -0.12804258891862258, -0.4748501946052368, 0.10114753671007734, -0.0765107909246453, -3.4586159303530206e-17, -1.8041124150158794e-16]",0.0009765625,0.7112105375275883,17,0,0,0,0
15,crossing,5,26,0,5.628973683627919,0.0539187475669597,0,0.0539187475669597,-0.7112105375275883,-3.4767389617014333,26.16681421698937,215.16411294759334,5.628973683627919,"[-0.12970686091252048, -0.4821586933847564, -0.036853156556993234, -0.2821368766194041, 0.039761596062939115, -0.02993491488941013, 9.415935989713722e-18, -8.326672684688674e-17]",0.0009765625,0.7112105375275883,17,0,0,0,0
15,crossing,5,27,0,7.375428843523521,0.0539187475669597,0,0.0539187475669597,-0.7112105375275883,-3.510642355464956,26.132910823225853,217.33039505989848,7.375428843523521,"[-0.039583619123497726, -0.6896138113061434, -0.058663928243835296, -0.06789491104974665, 0.014082249283593865, -0.005606878568538479, -1.5877436765999247e-16, -1.8388068845354155e-16]",0.0009765625,0.7112105375275883,17,0,0,0,0
15,crossing,5,28,0,6.862916175224309,0.0539187475669597,0,0.0539187475669597,-0.7112105375275883,-3.4936906585831946,26.149862520107607,216.3584132339151,6.862916175224309,"[-0.07358552792506146, -0.6228878796350102, -0.05491685849099964, -0.15344474905663574, 0.02749378882203072, -0.013806141957355507, -7.467921583513937e-17, -1.3183898417423734e-16]",0.0009765625,0.7112105375275883,17,0,0,0,0
15,crossing,5,29,0,5.8636074122265285,0.0539187475669597,0,0.0539187475669597,-0.7112105375275883,-3.4852148101423137,26.15833836854849,215.27022293695717,5.8636074122265285,"[-0.09736287231249463, -0.5236642223158314, -0.04318578510982869, -0.21073721727645456, 0.0322620194318487, -0.02169361822445451, -3.2631639922712826e-17, -1.0755285551056204e-16]",0.0009765625,0.7112105375275883,17,0,0,0,0
15,crossing,5,30,0,5.422659583237414,0.0539187475669597,0,0.0539187475669597,-0.7112105375275883,-3.4809768859218737,26.16257629276893,214.91128460470082,5.422659583237414,"[-0.11355285706464713, -0.4728149200272013, -0.036992092175175226, -0.24635823986883487, 0.035354350978669936, -0.025994806646585503, -1.1607851966499552e-17, -9.71445146547012e-17]",0.0009765625,0.7112105375275883,17,0,0,0,0
15,crossing,5,31,0,16.356558329492564,2.345463162749057,0,2.345463162749057,-0.4163966111609232,-1.3241480702218902,28.319405108468917,922.8580864276372,16.356558329492564,"[-0.45124266393841594, -1.8833653033495596, -0.043810303935809446, -0.15167441193436737, -0.003041210426883455, 0.004504353605023997, 2.774148695571661e-05, 1.005918876167966e-06]",0.0009765625,0.4163966111609232,16,0,0,0,0
15,crossing,5,32,0,23.927373592642624,2.345463162749057,0,2.345463162749057,-0.4163966111609232,-1.5788679857437788,28.064685192947028,940.1460518394504,23.927373592642624,"[-0.39811499743679235, -2.2783361438768392, -0.17812007771014665, -0.2615391201345574, 0.24908769794168759, -0.0008510717837102292, 2.0806115216842686e-05, 7.54439157323733e-07]",0.0009765625,0.4163966111609232,16,0,0,0,0
15,crossing,5,33,0,19.756728320907982,2.345463162749057,0,2.345463162749057,-0.4163966111609232,-1.4515080279828345,28.192045150707973,928.9857327877182,19.756728320907982,"[-0.41250390413834026, -2.0598684762124346, -0.10846402273644837, -0.16736562406137168, 0.08379670315110185, 0.006423259777097766, 2.4273801086279647e-05, 8.801790167475843e-07]",0.0009765625,0.4163966111609232,16,0,0,0,0
15,crossing,5,34,0,17.266764937177207,2.345463162749057,0,2.345463162749057,-0.4163966111609232,-1.3878280491023625,28.255725129588445,923.3869659360978,17.266764937177207,"[-0.4259957609972389, -1.918372184083658, -0.065817750046249, -0.14496184621910047, 0.01952357570927937, 0.004415781633887015, 2.6007644020998128e-05, 9.430489464577752e-07]",0.0009765625,0.4163966111609232,16,0,0,0,0
15,crossing,5,35,0,16.4226328003769,2.345463162749057,0,2.345463162749057,-0.4163966111609232,-1.3559880596621263,28.28756511902868,921.9268571649536,16.4226328003769,"[-0.4377495687470301, -1.8712178039993985, -0.049760929955336396, -0.14665924454927293, 0.0025576373401670614, 0.004054498409476285, 2.6874565488357367e-05, 9.744839113111359e-07]",0.0009765625,0.4163966111609232,16,0,0,0,0
15,crossing,5,36,0,10.491765276005449,1.0623616006581809,0,1.0623616006581809,-0.409137876798894,-1.4639324452743407,28.179620733416467,446.6907345075757,10.491765276005449,"[-0.41713015320311086, -1.067695978876263, -0.04173765843283244, -0.22792473625082899, 0.015510095706402638, 0.009507354581225196, 6.233974717128472e-05, 2.697683548630314e-07]",0.0009765625,0.409137876798894,16,0,0,0,0
15,crossing,5,37,0,21.5820376201081,1.0623616006581809,0,1.0623616006581809,-0.409137876798894,-1.8082419006810597,27.835311278009744,471.3713431084089,21.5820376201081,"[-0.17399240982521746, -1.765403792986869, -0.21687449863559796, -0.25000475424143787, 0.2311890240066275, 0.05209847065150727, -1.2686520670796009e-16, -1.5612511283791264e-16]",0.0009765625,0.409137876798894,16,0,0,0,0
15,crossing,5,38,0,13.960635323356335,1.0623616006581809,0,1.0623616006581809,-0.409137876798894,-1.6360871729777002,28.007466005713102,451.37023728931206,13.960635323356335,"[-0.25909941975274364, -1.2705497819880374, -0.11177764625355484, -0.17139804803151648, 0.05848067112888019, -0.0003704096293771505, 3.116987358557893e-05, 1.3488417735518787e-07]",0.0009765625,0.409137876798894,16,0,0,0,0
15,crossing,5,39,0,10.31412548886048,1.0623616006581809,0,1.0623616006581809,-0.409137876798894,-1.5500098091260206,28.09354336956478,444.9765482486494,10.31412548886048,"[-0.327933033280857, -1.0197254080864155, -0.056693965511842956, -0.18611164340645736, 0.018316986956904306, -0.002781818927149332, 4.6754810378431826e-05, 2.0232626610910964e-07]",0.0009765625,0.409137876798894,16,0,0,0,0
15,crossing,5,40,0,14.293671675579915,1.0623616006581809,0,1.0623616006581809,-0.409137876798894,-1.770654544819261,27.872898633871547,452.54970730405057,14.293671675579915,"[-0.20976890996868036, -1.2420634373053008, -0.1268408236050541, -0.23302506937179324, 0.12922139950155678, 0.035362730881525174, 2.337740518908783e-05, 1.0116313321414938e-07]",0.0009765625,0.409137876798894,16,0,0,0,0
15,crossing,5,41,0,12.44214277764635,1.0623616006581809,0,1.0623616006581809,-0.409137876798894,-1.660332176972641,27.983221001718167,448.7694390081171,12.44214277764635,"[-0.2663674526666071, -1.1317743732078582, -0.09760805274149251, -0.1884881506820033, 0.07317083030381895, 0.017303125449642447, 3.506610778375983e-05, 1.517446996598948e-07]",0.0009765625,0.409137876798894,16,0,0,0,0
15,crossing,5,42,0,10.64190384268146,1.0623616006581809,0,1.0623616006581809,-0.409137876798894,-1.6051709930493308,28.038382185641478,445.5759977404837,10.64190384268146,"[-0.292955125794073, -1.0224091428828397, -0.06855961695328985, -0.17444283096537383, 0.03132050093488759, 0.0028602229379245054, 4.0910459081095824e-05, 1.7703548288450222e-07]",0.0009765625,0.409137876798894,16,0,0,0,0
15,crossing,5,43,0,10.095487045300013,1.0623616006581809,0,1.0623616006581809,-0.409137876798894,-1.5775904010876756,28.06596277760313,444.6373590589809,10.095487045300013,"[-0.30932800299309804, -0.9910963161758624, -0.05803002846154675, -0.17777467477138487, 0.02056853452810859, -0.0013558974797225037, 4.383263472976383e-05, 1.8968087449680593e-07]",0.0009765625,0.409137876798894,16,0,0,0,0
15,crossing,5,44,0,11.507357659809617,1.0623616006581809,0,1.0623616006581809,-0.409137876798894,-1.9315734262978335,27.711979752392974,448.1363178961911,11.507357659809617,"[-0.18945840988103413, -1.0536751881403332, -0.08907258265567318, -0.25484268204066574, 0.07651231553760932, 0.01989781473740301, 2.1916317365088644e-05, 9.484043735075165e-08]",0.0009765625,0.409137876798894,16,0,0,0,0
15,crossing,5,45,0,11.49428825830099,1.0623616006581809,0,1.0623616006581809,-0.409137876798894,-1.7545819136927545,27.88897126499805,447.4912542923243,11.49428825830099,"[-0.2599614619773192, -1.0401857005814223, -0.08878278451762989, -0.22963137310487625, 0.08225312671368097, 0.020245293768041205, 3.2874476047426235e-05, 1.4226065592204407e-07]",0.0009765625,0.409137876798894,16,0,0,0,0
15,crossing,5,46,0,10.501767856002289,1.0623616006581809,0,1.0623616006581809,-0.409137876798894,-1.666086157390215,27.977467021300587,445.6984604291967,10.501767856002289,"[-0.2817932580372684, -0.9918494101856217, -0.07100969798111066, -0.1894055478405896, 0.04421585549383295, 0.008591593174747078, 3.8353555388595035e-05, 1.6597076521115972e-07]",0.0009765625,0.409137876798894,16,0,0,0,0
15,crossing,5,47,0,9.945946275819244,1.0623616006581809,0,1.0623616006581809,-0.409137876798894,-1.6218382792389452,28.02171489945186,444.6598560643599,9.945946275819244,"[-0.29323028313969957, -0.9662664998516276, -0.06009413811725091, -0.17594591949725036, 0.025371656945811616, 0.0015781927084593784, 4.109309505917943e-05, 1.7782581985398282e-07]",0.0009765625,0.409137876798894,16,0,0,0,0
15,crossing,5,48,0,10.885183993457684,1.0623616006581809,0,1.0623616006581809,-0.409137876798894,-1.9738607477577563,27.66969243093305,447.80456454746695,10.885183993457684,"[-0.22940773709148488, -1.0132870425751104, -0.08091903425479129, -0.18252593240359438, 0.0689410826740718, 0.016288062987653007, 3.0819821294496934e-05, 1.333693649269163e-07]",0.0009765625,0.409137876798894,16,0,0,0,0
15,crossing,5,49,0,10.235462322299563,1.0623616006581809,0,1.0623616006581809,-0.409137876798894,-1.7978495134983508,27.845703665192456,445.82618864669166,10.235462322299563,"[-0.26957938256768443, -0.9566948087957483, -0.07123372094779266, -0.19529912465252686, 0.055440919389374184, 0.012579646619358542, 3.5956458176838184e-05, 1.5559759239044957e-07]",0.0009765625,0.409137876798894,16,0,0,0,0
15,crossing,5,50,0,9.818695499507843,1.0623616006581809,0,1.0623616006581809,-0.409137876798894,-1.709843896368648,27.93370928232216,444.8755017388509,9.818695499507843,"[-0.28015561186550997, -0.9404089621865396, -0.06251495652051192, -0.18050270086474107, 0.034630416976764694, 0.005456627476923948, 3.8524776618008806e-05, 1.6671170612048147e-07]",0.0009765625,0.409137876798894,16,0,0,0,0
15,crossing,5,51,0,13.49611120139635,1.0623616006581809,0,1.0623616006581809,-0.409137876798894,-2.59003254934284,27.053520629347968,459.03743810576503,13.49611120139635,"[-0.14412410529251218, -1.278104438364332, -0.10478707716284384, 0.029872997225481868, 0.03572237300495665, 0.019974433782426197, 2.8893582463625308e-05, 1.2503377917749692e-07]",0.0009765625,0.409137876798894,16,0,0,0,0
15,crossing,5,52,0,10.222719772903757,1.0623616006581809,0,1.0623616006581809,-0.409137876798894,-2.1499382228557438,27.49361495583506,447.7235008613443,10.222719772903757,"[-0.2308273829097871, -0.9822960952891318, -0.0703556043833115, -0.12367158950959833, 0.02980935955587178, 0.013174050247578648, 3.3709179540817054e-05, 1.458727426489892e-07]",0.0009765625,0.409137876798894,16,0,0,0,0
15,crossing,5,53,0,9.67612156482566,1.0623616006581809,0,1.0623616006581809,-0.409137876798894,-1.9298910596121959,27.71366211907861,445.4505936750431,9.67612156482566,"[-0.2604925327827772, -0.9262197183936627, -0.06331901638444808, -0.16378285606795728, 0.032973469085172076, 0.007702733569741896, 3.611697807941293e-05, 1.5629222438473533e-07]",0.0009765625,0.409137876798894,16,0,0,0,0
15,crossing,5,54,0,2.0451596883609917,2.1719009463935377,0,2.1719009463935377,-0.516816822932922,-0.4380900383713704,29.205463140319434,846.3055416876116,2.0451596883609917,"[-0.158512491831587, -0.16642725891135654, 0.003795160380389739, -0.08200943938046734, -0.0080090326704036, 0.004103583660701748, 8.056185599361611e-05, -1.569245012406073e-08]",0.0009765625,0.516816822932922,16,0,0,0,0
15,crossing,5,55,0,5.313474366255758,2.1719009463935377,0,2.1719009463935377,-0.516816822932922,-0.6079009057590158,29.035652272931788,848.6824356583562,5.313474366255758,"[0.005477059024563857, -0.38506964489800394, -0.0623620179155758, -0.006172469503631817, 0.07198260106013396, 0.0026487180407463204, -3.266159044612582e-18, -7.28583859910259e-17]",0.0009765625,0.516816822932922,16,0,0,0,0
15,crossing,5,56,0,2.800130532588721,2.1719009463935377,0,2.1719009463935377,-0.516816822932922,-0.522995472065193,29.120557706625615,847.0516312140485,2.800130532588721,"[-0.07231114708463338, -0.24514277453458896, -0.02330950810696109, -0.03101828127043227, 0.01649363698102374, 0.0023930470329453137, 4.028092799680642e-05, -7.846225096724835e-09]",0.0009765625,0.516816822932922,16,0,0,0,0
15,crossing,5,57,0,1.9825785008143981,2.1719009463935377,0,2.1719009463935377,-0.516816822932922,-0.4805427552182817,29.163010423472524,846.5619891302948,1.9825785008143981,"[-0.1156770899872015, -0.18191323189417563, -0.005790772297949235, -0.05573649770743749, -0.00028238480750577947, 0.0028351171363879017, 6.0421391995211264e-05, -1.1769337612127506e-08]",0.0009765625,0.516816822932922,16,0,0,0,0
15,crossing,5,58,0,4.686952883890607,2.1719009463935377,0,2.1719009463935377,-0.516816822932922,-0.6669361813055255,28.976616997385282,849.689936862051,4.686952883890607,"[-0.018171974063236007, -0.29627223280092296, -0.06042553209651352, -0.08732566520771456, 0.10299289327050169, -0.01441870526383177, 6.094571462084142e-17, -1.249000902703301e-16]",0.0009765625,0.516816822932922,16,0,0,0,0
15,crossing,5,59,0,2.5818450404700766,2.1719009463935377,0,2.1719009463935377,-0.516816822932922,-0.5737394682619036,29.0698137104289,848.1399852368945,2.5818450404700766,"[-0.06345204333712218, -0.2013402078821599, -0.025161502657579556, -0.056294913503325716, 0.03213857873201388, -0.0019038423357269868, 3.0210695997636105e-05, -5.884668870248522e-09]",0.0009765625,0.516816822932922,16,0,0,0,0
15,crossing,5,60,0,1.8914407193466343,2.1719009463935377,0,2.1719009463935377,-0.516816822932922,-0.5271411117400927,29.116412066950712,847.3040937319506,1.8914407193466343,"[-0.08839880445334103, -0.16794361267903316, -0.010452145691245855, -0.0500102329432881, 0.007812737450115867, 0.0013686588136835205, 4.531604399642368e-05, -8.82700323945329e-09]",0.0009765625,0.516816822932922,16,0,0,0,0
15,crossing,5,61,0,2.9731437282735986,2.1719009463935377,0,2.1719009463935377,-0.516816822932922,-0.8197362359453948,28.823816942745413,849.162365340201,2.9731437282735986,"[-0.008133158921864947, -0.1974761831442853, -0.03685055268224077, -0.051776674071506434, 0.05306789136957818, -0.014884876123271901, -2.9070170749767588e-18, 9.020562075079397e-17]",0.0009765625,0.516816822932922,16,0,0,0,0
15,crossing,5,62,0,2.150677184423529,2.1719009463935377,0,2.1719009463935377,-0.516816822932922,-0.6734386738427437,28.97011450484806,848.5442234472134,2.150677184423529,"[-0.04936857803711803, -0.16272429231885055, -0.021894010183181434, -0.04861790225793605, 0.028761703374694764, -0.003847054270393435, 2.2658021998210388e-05, -4.413501574623835e-09]",0.0009765625,0.516816822932922,16,0,0,0,0
15,crossing,5,63,0,1.76061123209481,2.1719009463935377,0,2.1719009463935377,-0.516816822932922,-0.6002898927914182,29.04326328589939,847.9569120411738,1.76061123209481,"[-0.06798933854994971, -0.14937800778285226, -0.012799599350350722, -0.04481052890188231, 0.012934715786999621, -0.00014810932292543084, 3.3987032997317035e-05, -6.620252408773286e-09]",0.0009765625,0.516816822932922,16,0,0,0,0
15,crossing,5,64,0,2.068424481778356,2.1719009463935377,0,2.1719009463935377,-0.516816822932922,-1.0179885692133093,28.625564609477497,848.7192049996752,2.068424481778356,"[0.008666313856615204, -0.15384232480979323, -0.023518748708322698, 0.0048276171955183855, 0.023128477174446854, -0.002993283944325205, 1.5598958756635195e-17, -1.0408340855860843e-16]",0.0009765625,0.516816822932922,16,0,0,0,0
15,crossing,5,65,0,1.5330871469117617,2.1719009463935377,0,2.1719009463935377,-0.516816822932922,-0.8091392310023637,28.834413947688443,848.3065561578264,1.5330871469117617,"[-0.03318342634790383, -0.122738163069325, -0.014925663163830481, -0.025091536780420753, 0.016381260706428497, -0.0007688402277050686, 1.6993516498666317e-05, -3.3101262564283473e-09]",0.0009765625,0.516816822932922,16,0,0,0,0
15,crossing,5,66,0,9.509172395868509,2.1719009463935377,0,2.1719009463935377,-0.516816822932922,-1.1259166289617815,28.517636549729023,857.3132407340734,9.509172395868509,"[-0.032734359098753885, -0.8521153803553414, -0.08295751983754983, 0.07316776268935676, 0.012002304163658752, 0.01793921850295212, 4.869423007175522e-17, -9.367506770274758e-17]",0.0009765625,0.516816822932922,16,0,0,0,0
15,crossing,5,67,0,2.1202836578188604,2.1719009463935377,0,2.1719009463935377,-0.516816822932922,-0.9675279299820727,28.67602524870873,848.3311848098554,2.1202836578188604,"[-0.007822991874263607, -0.17554054602512373, -0.02120464202040367, 0.00861643715828464, 0.013943163772967934, 0.004335439746381436, 8.496758249357506e-06, -1.655063176786431e-09]",0.0009765625,0.516816822932922,16,0,0,0,0
15,crossing,5,68,0,1.2816502168552273,2.1719009463935377,0,2.1719009463935377,-0.516816822932922,-0.8883335804922182,28.75521959819859,848.2944730800034,1.2816502168552273,"[-0.024025186985504376, -0.10255701128667481, -0.012772822580548064, -0.01693830584909861, 0.01334687976713256, -1.8550192229366475e-05, 1.2745137374011911e-05, -2.482594716607389e-09]",0.0009765625,0.516816822932922,16,0,0,0,0
15,crossing,5,69,0,3.508820673332863,2.2718560089247135,0,2.2718560089247135,-0.05639218055265815,-1.2512633971491953,28.39228978154161,968.0192065159222,3.508820673332863,"[-0.1769360524382506, -0.35213662642964705, -0.01071271632261914, -0.06518934658811659, -0.00022425166819904562, 0.0011721795416861996, 0.00011189442042911186, -2.0505891766171847e-06]",0.0009765625,0.05639218055265815,16,0,0,0,0
15,crossing,5,70,0,3.944389476271249,2.2718560089247135,0,2.2718560089247135,-0.05639218055265815,-1.4356840574219885,28.207869121268818,968.4469054216594,3.944389476271249,"[-0.142510936846179, -0.4016301378038165, -0.019183968108121608, -0.0327955138646967, 0.0018952475667274263, 0.00399906540717239, 9.790761787537643e-05, -1.7942655295595522e-06]",0.0009765625,0.05639218055265815,16,0,0,0,0
15,crossing,5,71,0,3.589136700701178,2.2718560089247135,0,2.2718560089247135,-0.05639218055265815,-1.343473727285592,28.300079451405214,968.0899456222289,3.589136700701178,"[-0.1620164941435931, -0.3630869772408899, -0.013645638156326063, -0.052991261170918236, 0.0008172714330668114, 0.0023370206540554205, 0.00010490101915224414, -1.9224273530883684e-06]",0.0009765625,0.05639218055265815,16,0,0,0,0
15,crossing,5,72,0,3.5119663308963722,2.2718560089247135,0,2.2718560089247135,-0.05639218055265815,-1.2973685622173936,28.346184616473412,968.0213566648117,3.5119663308963722,"[-0.16999560209955433, -0.3536411565090927, -0.011779851311302311, -0.06010676804389803, 0.00024191645807963014, 0.0016499302074066003, 0.000108397719790678, -1.9865082648527765e-06]",0.0009765625,0.05639218055265815,16,0,0,0,0
15,crossing,5,73,0,3.6152073074328532,1.7436120591338142,0,1.7436120591338142,-0.17441384102266277,-1.7893888409373342,27.85416433775347,708.9060023669293,3.6152073074328532,"[-0.2840546961930457, -0.2329483179760378, -0.00616628810238686, -0.15197144262015883, -0.0029168581600936246, -0.0010507008340903065, -0.00015299210182253173, 2.8676756382364776e-07]",0.0009765625,0.17441384102266277,16,0,0,0,0
15,crossing,5,74,0,3.7686137010349734,1.7436120591338142,0,1.7436120591338142,-0.17441384102266277,-1.9205225450627412,27.723030633628067,709.8557084958952,3.7686137010349734,"[-0.11890777804914165, -0.3548158245957596, -0.025383603681414978, -0.03462258073917823, 0.0029422872613439266, 0.011694766271784455, -7.649605091119358e-05, 1.4338378287112596e-07]",0.0009765625,0.17441384102266277,16,0,0,0,0
15,crossing,5,75,0,3.388435595441568,1.7436120591338142,0,1.7436120591338142,-0.17441384102266277,-1.8549556930000377,27.78859748569077,709.2802026287216,3.388435595441568,"[-0.20318738010782056, -0.2801418443700137, -0.01518038229114917, -0.0957989620280788, 0.0001452397676199649, 0.004074509875332422, -0.00011474407636686266, 2.1507567334738686e-07]",0.0009765625,0.17441384102266277,16,0,0,0,0
15,crossing,5,76,0,17.39266147939212,1.7436120591338142,0,1.7436120591338142,-0.17441384102266277,-2.0103626031602713,27.63319057553053,745.2383554961752,17.39266147939212,"[-0.3222979200137104, -1.7088303129942155, -0.11588343864764655, -0.09385210993776738, -0.10514498546730809, 0.04206594784133335, -5.737203818344083e-05, 1.0753783661818228e-07]",0.0009765625,0.17441384102266277,16,0,0,0,0
15,crossing,5,77,0,7.144870424222364,1.7436120591338142,0,1.7436120591338142,-0.17441384102266277,-1.9326591480801545,27.71089403061065,714.1607208533733,7.144870424222364,"[-0.1345442764501712, -0.7180722819614417, -0.04488734913549557, -0.009657625272367909, -0.040434943222105175, 0.025051684752174758, -8.605805727515174e-05, 1.613067549845193e-07]",0.0009765625,0.17441384102266277,16,0,0,0,0
15,crossing,5,78,0,3.168937725110533,1.7436120591338142,0,1.7436120591338142,-0.17441384102266277,-1.893807420540096,27.749745758150706,709.7134684504924,3.168937725110533,"[-0.1746912556113429, -0.28222787547260814, -0.013242926500284519, -0.08174017224570562, -0.011172837571886854, 0.009664025257887617, -0.0001004010668210072, 1.8819121416421836e-07]",0.0009765625,0.17441384102266277,16,0,0,0,0
15,crossing,5,79,0,4.165272765808802,1.7436120591338142,0,1.7436120591338142,-0.17441384102266277,-2.0057690275780935,27.637784151112708,710.3842059649403,4.165272765808802,"[-0.11139849494979615, -0.383342709264342, -0.03121006173247519, -0.02604146262164697, -0.0017383817477855145, 0.01302053292093857, -7.530080011580814e-05, 1.411434106222964e-07]",0.0009765625,0.17441384102266277,16,0,0,0,0
15,crossing,5,80,0,3.445527333158856,1.7436120591338142,0,1.7436120591338142,-0.17441384102266277,-1.949788224059095,27.693764954631707,709.9580842292567,3.445527333158856,"[-0.14470745537369822, -0.31733203223818607, -0.020293489033239926, -0.056903571950917, -0.007358495641038846, 0.011641623223772015, -8.785093346840767e-05, 1.6466731239325738e-07]",0.0009765625,0.17441384102266277,16,0,0,0,0
15,crossing,5,81,0,3.2168713398471285,1.7436120591338142,0,1.7436120591338142,-0.17441384102266277,-1.9217978222995955,27.72175535639121,709.8187322564934,3.2168713398471285,"[-0.16065258961548778, -0.2916697163186115, -0.015755558984443713, -0.07100706991539774, -0.009607853649595429, 0.01043520819978318, -9.412600014470743e-05, 1.7642926327873787e-07]",0.0009765625,0.17441384102266277,16,0,0,0,0
15,crossing,5,82,0,3.144456864532236,1.7436120591338142,0,1.7436120591338142,-0.17441384102266277,-1.9078026214198458,27.735750557270958,709.7616659230916,3.144456864532236,"[-0.16829930484128397, -0.281803697954481, -0.013861314409064494, -0.07747805748941161, -0.010565216895673331, 0.0098043976535125, -9.726353348285732e-05, 1.823102387214781e-07]",0.0009765625,0.17441384102266277,16,0,0,0,0
15,crossing,5,83,0,9.570178043380716,1.7436120591338142,0,1.7436120591338142,-0.17441384102266277,-2.2200278231249393,27.423525355565868,718.6264707255019,9.570178043380716,"[-0.09236192221712969, -0.8845848799247248, -0.07798378356193623, 0.04840619578782501, -0.0062458233064549605, 0.025188034372430793, -7.294765011210512e-05, 1.3673267929351085e-07]",0.0009765625,0.17441384102266277,16,0,0,0,0
15,crossing,5,84,0,4.229423856790794,1.7436120591338142,0,1.7436120591338142,-0.17441384102266277,-2.0639152222723927,27.579637956418413,710.8345825789232,4.229423856790794,"[-0.130452009730611, -0.39726358748088697, -0.028796402214712635, -0.035875477677619116, -0.006761407258552811, 0.014787722687775682, -8.510559179748121e-05, 1.5952145900749448e-07]",0.0009765625,0.17441384102266277,16,0,0,0,0
15,crossing,5,85,0,3.276055503355113,1.7436120591338142,0,1.7436120591338142,-0.17441384102266277,-1.9858589218461191,27.65769425684469,710.0671866054136,3.276055503355113,"[-0.15315270119562996, -0.3004801325136616, -0.017205555500764465, -0.0643857424062464, -0.00902471248674769, 0.010933167746623843, -9.118456264016926e-05, 1.7091584886275157e-07]",0.0009765625,0.17441384102266277,16,0,0,0,0
15,crossing,5,86,0,3.133707814888248,1.7436120591338142,0,1.7436120591338142,-0.17441384102266277,-1.9468307716329825,27.696722407057823,709.8890712497457,3.133707814888248,"[-0.16175164236033623, -0.28290492433407916, -0.014608182553822072, -0.07278338080041635, -0.009960313772340208, 0.010009522294542017, -9.422404806151329e-05, 1.7661304379384957e-07]",0.0009765625,0.17441384102266277,16,0,0,0,0
15,crossing,5,87,0,4.253544753143583,1.7436120591338142,0,1.7436120591338142,-0.17441384102266277,-2.054477945902486,27.58907523278832,710.7111740753472,4.253544753143583,"[-0.12217266412765326, -0.3986949723382261, -0.02989998253077491, -0.02936406825650728, -0.006182682217932057, 0.015387664142167641, -8.244604205379589e-05, 1.5453641347834557e-07]",0.0009765625,0.17441384102266277,16,0,0,0,0
15,crossing,5,88,0,3.3071219544056127,1.7436120591338142,0,1.7436120591338142,-0.17441384102266277,-2.000654358767734,27.642898819923072,710.1370674571735,3.3071219544056127,"[-0.14614080460236778, -0.3053746394307743, -0.01830866542450543, -0.05878899555154149, -0.008478191504136617, 0.011271655442388725, -8.833504505765459e-05, 1.6557472863609757e-07]",0.0009765625,0.17441384102266277,16,0,0,0,0
15,crossing,5,89,0,3.156274609002799,1.7436120591338142,0,1.7436120591338142,-0.17441384102266277,-1.9737425652003584,27.669810613490444,709.9998730475052,3.156274609002799,"[-0.1548840535034941, -0.2875852058807255, -0.01569164951320982, -0.06738056571645501, -0.009357134742460093, 0.010321998986608107, -9.127954655958393e-05, 1.7109388621497357e-07]",0.0009765625,0.17441384102266277,16,0,0,0,0
15,crossing,5,90,0,4.90908983301088,2.2358302983434157,0,2.2358302983434157,0.003242895019529129,-1.229122329808778,28.41443084888203,1004.3542657768303,4.90908983301088,"[0.06849595667599573, 0.552113182043984, 0.020114657969942013, 0.01830581751803173, -0.0007981552401204185, 0.005257840494071046, 0.0022471969996554616, 0.0018210333632227606]",0.0009765625,0,1,0,0,0,0
15,crossing,5,91,0,6.199001995612667,2.2358302983434157,0,2.2358302983434157,0.003242895019529129,-0.43102030613511155,29.212532872555695,1006.5127154016461,6.199001995612667,"[0.06817699669409905, -0.48869920903601544, -0.061584404311039474, 0.15295475805500303, -0.013522808036923647, 0.02800964580354319, 0.0016853977497414214, 0.0013657750224173176]",0.0009765625,0,1,0,0,0,0
15,crossing,5,92,0,2.058342552254698,2.2358302983434157,0,2.2358302983434157,0.003242895019529129,-0.8300713179719448,28.813481860718863,1002.571671061959,2.058342552254698,"[0.08357756406474692, 0.25373481753498384, -0.0043673662543698335, 0.06402902753795736, -0.0019264060265806542, 0.013864255535907114, 0.0019662973746984416, 0.0015934041928200408]",0.0009765625,0,1,0,0,0,0
15,crossing,5,93,0,8.779181208399018,2.2358302983434157,0,2.2358302983434157,0.003242895019529129,-0.6973877729718512,28.946165405718954,1006.9450691858001,8.779181208399018,"[-0.13082970354051326, -0.6877598298174156, -0.09205885591403792, -0.06157020464906715, 0.05102516587885216, 0.04873783463632672, 6.852157730108388e-17, -2.42861286636753e-17]",0.0009765625,0,1,0,0,0,0
15,crossing,5,94,0,3.504241435754457,2.2358302983434157,0,2.2358302983434157,0.003242895019529129,-0.763729545471898,28.87982363321891,1001.4708361642355,3.504241435754457,"[0.012035622371158183, -0.2083584876224234, -0.047686738925322464, 0.03291972183304992, 0.02413416497816458, 0.029879014845469266, 0.000983148687349255, 0.0007967020964100083]",0.0009765625,0,1,0,0,0,0
15,crossing,5,95,0,0.9892399404288377,2.2358302983434157,0,2.2358302983434157,0.003242895019529129,-0.7969004317219214,28.846652746968882,1001.3340183781606,0.9892399404288377,"[0.05714774884103235, 0.08579891288778223, -0.01805638024844847, 0.05028781936273674, 0.006910450258722051, 0.018233958940920954, 0.0014747230310238483, 0.0011950531446150263]",0.0009765625,0,1,0,0,0,0
15,crossing,5,96,0,4.972301761963507,2.2358302983434157,0,2.2358302983434157,0.003242895019529129,-0.6809871856991263,28.96256599299168,1003.1968333025288,4.972301761963507,"[-0.1334303728378856, -0.3742614531608474, -0.046773102710440835, -0.16986627416209465, 0.03811464529516296, 0.010853909837518366, 6.808789643208968e-17, 5.551115123125783e-17]",0.0009765625,0,1,0,0,0,0
15,crossing,5,97,0,3.1776889695041093,2.2358302983434157,0,2.2358302983434157,0.003242895019529129,-0.7389438087105238,28.90460936998028,1001.9417629904551,3.1776889695041093,"[-0.002600335375049667, -0.22015436582393505, -0.03877169167391607, 0.01098550168439516, 0.025209665597450696, 0.013706313976129881, 0.0007373615155119582, 0.0005975265723075426]",0.0009765625,0,1,0,0,0,0
15,crossing,5,98,0,1.2663434022029185,2.2358302983434157,0,2.2358302983434157,0.003242895019529129,-0.7679221202162226,28.875631058474585,1001.306303620825,1.2663434022029185,"[0.03969451895900278, -0.011594615674386117, -0.02285351104186759, 0.041650878775712386, 0.011965023935825216, 0.016152452150440543, 0.0011060422732679033, 0.0008962898584612827]",0.0009765625,0,1,0,0,0,0
15,crossing,5,99,0,0.9399998049616893,2.2358302983434157,0,2.2358302983434157,0.003242895019529129,-0.782411275969072,28.86114190272173,1001.3339306040789,0.9399998049616893,"[0.04971167577179614, 0.05543394632242199, -0.018326735697529656, 0.04570282639541645, 0.007897023423698902, 0.01677733794831255, 0.0012903826521458758, 0.0010456715015381562]",0.0009765625,0,1,0,0,0,0
15,crossing,5,100,0,3.4140331894069376,2.2358302983434157,0,2.2358302983434157,0.003242895019529129,-0.7119389227258222,28.931614255964984,1001.9546644984457,3.4140331894069376,"[-0.15445058599632944, -0.19433304711365576, -0.023544793718099626, -0.2339095007467975, 0.01708245349921965, 0.0007888918748094539, 1.3877787807814457e-17, 1.0408340855860843e-16]",0.0009765625,0,1,0,0,0,0
15,crossing,5,101,0,2.4147669019375644,2.2358302983434157,0,2.2358302983434157,0.003242895019529129,-0.7471750993474471,28.89637807934336,1001.706907012923,2.4147669019375644,"[-0.026089189146851766, -0.1705283490274762, -0.02829042193345537, -0.03090944363394854, 0.016074579302700245, 0.007406430164185926, 0.0006451913260729448, 0.0005228357507691302]",0.0009765625,0,1,0,0,0,0
15,crossing,5,102,0,1.105993367896103,2.2358302983434157,0,2.2358302983434157,0.003242895019529129,-0.7647931876582595,28.87875999103255,1001.345098366736,1.105993367896103,"[0.026522265173404946, -0.025150961609116285, -0.0192450129741222, 0.025955529974766023, 0.007970906400484866, 0.012464968949642935, 0.0009677869891094103, 0.0007842536261536449]",0.0009765625,0,1,0,0,0,0
15,crossing,5,103,0,0.8772194889377364,2.2358302983434157,0,2.2358302983434157,0.003242895019529129,-0.7736022318136657,28.869950946877136,1001.347687059947,0.8772194889377364,"[0.041287491862888714, 0.03249752270498569, -0.017319339196052337, 0.03846577069320567, 0.0073293202986653835, 0.014662236148171342, 0.0011290848206276431, 0.0009149625638458989]",0.0009765625,0,1,0,0,0,0
15,crossing,5,104,0,2.5104916268184176,2.2358302983434157,0,2.2358302983434157,0.003242895019529129,-0.7406920405638112,28.90286113812699,1001.8335862874696,2.5104916268184176,"[-0.08198691206108322, -0.16757435244132005, -0.023189894587468247, -0.12251785481960198, 0.018735647497859935, 0.00385698313564836, -6.938893903907228e-18, 3.122502256758253e-17]",0.0009765625,0,1,0,0,0,0
15,crossing,5,105,0,1.4988506461630495,2.2358302983434157,0,2.2358302983434157,0.003242895019529129,-0.7571471361887385,28.886406042502063,1001.515221895663,1.4988506461630495,"[-0.005035841001230779, -0.08827544679682056, -0.020552129360903275, -0.01050032306275206, 0.01297460256647039, 0.007563689495508765, 0.0005645424103138181, 0.0004574812819229633]",0.0009765625,0,1,0,0,0,0
15,crossing,5,106,0,0.8714632335986737,2.2358302983434157,0,2.2358302983434157,0.003242895019529129,-0.7653746840012021,28.878178494689603,1001.3936063215033,0.8714632335986737,"[0.02464670679447778, -0.009150219178372528, -0.01605445935631331, 0.022704245629451947, 0.007036454514157496, 0.011027879828476098, 0.0008468136154707307, 0.0006862219228844328]",0.0009765625,0,1,0,0,0,0
15,crossing,5,107,0,0.9802006319629595,2.2256266502189646,0,2.2256266502189646,-0.03640558233803603,-1.1970220688200954,28.44653110987071,958.437453670901,0.9802006319629595,"[-0.08846037962324971, -0.043825727541703725, -0.0011057134290299595, -0.0385485021108245, -0.00022828027868563973, 0.0003542737577475923, 0.00016315746301402942, -3.9400748323356605e-07]",0.0009765625,0.03640558233803603,16,0,0,0,0
15,crossing,5,108,0,0.6603860649964886,2.2256266502189646,0,2.2256266502189646,-0.03640558233803603,-1.5171136980685915,28.126439480622214,958.0343762072266,0.6603860649964886,"[0.00663107323062917, -0.055115146808716334, -0.006210135295370715, 0.01258260151596069, 0.0015035956307364964, -0.0015284660446280903, -3.9736009621593738e-16, 3.122502256758253e-17]",0.0009765625,0.03640558233803603,16,0,0,0,0
15,crossing,5,109,0,1.5058197590488593,2.2256266502189646,0,2.2256266502189646,-0.03640558233803603,-1.5116503405031976,28.13190283818761,958.244502370736,1.5058197590488593,"[0.010906532246977463, -0.11751903346021192, -0.01586677591205909, 0.024042537946971976, 0.007796982026363313, 0.00510248532387155, 6.4879702025753425e-18, -6.938893903907228e-18]",0.0009765625,0.03640558233803603,16,0,0,0,0
15,crossing,5,110,0,0.6745682973584921,2.2256266502189646,0,2.2256266502189646,-0.03640558233803603,-1.5143820192858946,28.12917115940491,958.2001149510188,0.6745682973584921,"[0.006039330121325293, -0.053307758150020805, -0.006932363479773741, 0.011839648370726152, 0.002934641670099534, 0.00043075850892088525, -1.9543606300668102e-16, 1.0408340855860843e-17]",0.0009765625,0.03640558233803603,16,0,0,0,0
15,crossing,5,111,0,0.577872951581849,2.2256266502189646,0,2.2256266502189646,-0.03640558233803603,-1.515747858677243,28.12780532001356,958.142054085828,0.577872951581849,"[0.00561328907419778, -0.047392063337955856, -0.005602551843865705, 0.010735577223336179, 0.0016966994093657016, -0.0008598191679680088, -2.963980796113092e-16, 2.0816681711721685e-17]",0.0009765625,0.03640558233803603,16,0,0,0,0
15,crossing,5,112,0,2.2084928939055275,2.2256266502189646,0,2.2256266502189646,-0.03640558233803603,-1.5188651370962531,28.12468804159455,958.3091001115648,2.2084928939055275,"[0.01561448025839951, -0.1710628823171957, -0.023484638554861628, 0.03511278637262194, 0.010845656442368477, 0.008655719806370912, -2.8673942022765984e-18, -3.122502256758253e-17]",0.0009765625,0.03640558233803603,16,0,0,0,0
15,crossing,5,113,0,0.6174757224291204,2.2256266502189646,0,2.2256266502189646,-0.03640558233803603,-1.517306497886748,28.126246680804055,958.3715048231759,0.6174757224291204,"[0.004868051632058723, -0.04672228533663377, -0.006745960317263983, 0.009534526196848248, 0.00363565007145761, 0.000694654689848099, -1.496327369067929e-16, -6.938893903907228e-18]",0.0009765625,0.03640558233803603,16,0,0,0,0
15,crossing,5,114,0,0.5146683916787138,2.2256266502189646,0,2.2256266502189646,-0.03640558233803603,-1.5165271782819956,28.127026000408808,958.2896647633049,0.5146683916787138,"[0.004667041897207014, -0.041166045829166394, -0.005201200468948728, 0.008992929578781172, 0.002014745108579808, -0.00039032840194346376, -2.2301540825905105e-16, 6.938893903907228e-18]",0.0009765625,0.03640558233803603,16,0,0,0,0
15,crossing,5,115,0,3.692264503167391,2.2256266502189646,0,2.2256266502189646,-0.03640558233803603,-1.5611446132788669,28.082408565411935,958.9784242224051,3.692264503167391,"[0.019978703149938326, -0.3080628374258575, -0.03554300095643607, 0.05943264701436668, 0.008380038021901402, 0.013550926146831618, 9.365207515133771e-19, -2.0816681711721685e-17]",0.0009765625,0.03640558233803603,16,0,0,0,0
15,crossing,5,116,0,0.8709518152207947,2.2256266502189646,0,2.2256266502189646,-0.03640558233803603,-1.5388358957804313,28.104717282910375,958.4030724005682,0.8709518152207947,"[0.007996631931206366, -0.06861130021474912, -0.00896819714093032, 0.016200581296581973, 0.0036761302870394977, 0.002401499889659028, -1.1103944375376883e-16, -6.938893903907228e-18]",0.0009765625,0.03640558233803603,16,0,0,0,0
15,crossing,5,117,0,0.48353134553753,2.2256266502189646,0,2.2256266502189646,-0.03640558233803603,-1.5276815370312133,28.11587164165959,958.4135535119248,0.48353134553753,"[0.004370237592851822, -0.0382474238040978, -0.004965849710026975, 0.008484014107031257, 0.0020708330152955086, 9.854238915587051e-05, -1.6702742600640995e-16, 0]",0.0009765625,0.03640558233803603,16,0,0,0,0
15,crossing,5,118,0,1.7601772486806353,2.2256266502189646,0,2.2256266502189646,-0.03640558233803603,-1.5528034533740176,28.090749725316787,958.4871630815662,1.7601772486806353,"[0.014344944626856204, -0.14931652056974268, -0.016293552922868913, 0.03377116425541615, 0.003873017409039649, 0.006145436767699884, 2.893474554028508e-17, -3.469446951953614e-17]",0.0009765625,0.03640558233803603,16,0,0,0,0
15,crossing,5,119,0,0.6354474490360345,2.2256266502189646,0,2.2256266502189646,-0.03640558233803603,-1.5402424952026155,28.103310683488193,958.4506662622645,0.6354474490360345,"[0.006332871106820903, -0.05159702375749572, -0.006249397934757548, 0.01264944134497803, 0.0021750653720758327, 0.0015834943130661394, -6.904634023306244e-17, -1.734723475976807e-17]",0.0009765625,0.03640558233803603,16,0,0,0,0
15,crossing,5,120,0,0.46179265001461856,2.2256266502189646,0,2.2256266502189646,-0.03640558233803603,-1.5339620161169145,28.10959116257389,958.4556066407685,0.46179265001461856,"[0.00438815338436882, -0.03676803691082058, -0.004689920210187736, 0.008544086243688298, 0.0018682357843862849, 0.0004786099018895188, -1.180368831197362e-16, -6.938893903907228e-18]",0.0009765625,0.03640558233803603,16,0,0,0,0
15,crossing,5,121,0,0.14430592928668584,2.229914154528152,0,2.229914154528152,0.017310809342085294,-1.4904538690375404,28.153099309653268,969.0665779857508,0.14430592928668584,"[-0.00788118602040555, -0.01374867407119082, -0.000512567812019291, -0.003010818359566514, -0.00012588160034839884, -3.602309958771195e-05, 4.463650090796501e-05, -1.5174042462262616e-06]",0.0009765625,0,1,0,0,0,0
15,crossing,5,122,0,0.4576740910131576,2.229914154528152,0,2.229914154528152,0.017310809342085294,-1.51878652258274,28.12476665610806,969.0666183236299,0.4576740910131576,"[0.005244239746737378, -0.03868481401311578, -0.0041934535095932675, 0.010156183587621825, 0.0010357052041876176, 0.0016211831047150676, 2.822991406609132e-17, -6.938893903907228e-18]",0.0009765625,0,1,0,0,0,0
15,crossing,5,123,0,0.2142175953448184,2.229914154528152,0,2.229914154528152,0.017310809342085294,-1.5046201958101402,28.138932982880664,969.0870036343731,0.2142175953448184,"[-0.002193378908998511, -0.02025497435092811, -0.0016852536089625042, 0.001930124367762076, 0.0002884541922097073, 0.0005167456967720217, 2.231825045399662e-05, -7.587021231166002e-07]",0.0009765625,0,1,0,0,0,0
15,crossing,5,124,0,0.1501709381967649,2.229914154528152,0,2.229914154528152,0.017310809342085294,-1.4975370324238402,28.146016146266962,969.084270446112,0.1501709381967649,"[-0.005349561941692116, -0.014812276245497292, -0.0008612361976248206, -0.001130467287554282, 2.1280550815591122e-05, 0.00014880661656341987, 3.3477375680980816e-05, -1.1380531846696962e-06]",0.0009765625,0,1,0,0,0,0
15,crossing,5,125,0,0.13731201029159826,2.229914154528152,0,2.229914154528152,0.017310809342085294,-1.4939954507306903,28.14955772796011,969.0785294616796,0.13731201029159826,"[-0.006741824230950044, -0.013316243364058114, -0.0005843657215779149, -0.0023185762884398997, -7.731675602233992e-05, 1.8251144327124798e-05, 3.9056938294472914e-05, -1.3277287154479789e-06]",0.0009765625,0,1,0,0,0,0
15,crossing,5,126,0,4.051653327284285,2.229914154528152,0,2.229914154528152,0.017310809342085294,-1.5486461990064015,28.094906979684406,969.8657485836252,4.051653327284285,"[0.017691680086315387, -0.34987520986906273, -0.03699028969501889, 0.06387266341617703, 0.00360710102420682, 0.01420122861783949, -7.148958074826295e-18, -1.734723475976807e-17]",0.0009765625,0,1,0,0,0,0
15,crossing,5,127,0,0.8199939444263163,2.229914154528152,0,2.229914154528152,0.017310809342085294,-1.521320824868546,28.12223235382226,968.9790547764999,0.8199939444263163,"[0.004150105985708308, -0.06924019409944406, -0.007741655884769784, 0.014745357576046558, 0.0019364523900549239, 0.0034244168469818024, 1.9528469147232883e-05, -6.638643577326631e-07]",0.0009765625,0,1,0,0,0,0
15,crossing,5,128,0,0.21816478455484395,2.229914154528152,0,2.229914154528152,0.017310809342085294,-1.507658137799618,28.13589504089119,969.1060331916926,0.21816478455484395,"[-0.003575447811208221, -0.02037959216046708, -0.0017339120976606942, 0.001132175853012285, 0.0003828289302336701, 0.0006002172195410283, 2.92927037208529e-05, -9.95796536590321e-07]",0.0009765625,0,1,0,0,0,0
15,crossing,5,129,0,0.1381695336714371,2.229914154528152,0,2.229914154528152,0.017310809342085294,-1.5008267942651543,28.142726384425654,969.1095831925618,0.1381695336714371,"[-0.005626825118909551, -0.013474178543639422, -0.0007451987566708893, -0.001515183255186514, 2.274428337434446e-05, 0.0001179385433705368, 3.4174821007662905e-05, -1.1617626260174152e-06]",0.0009765625,0,1,0,0,0,0
15,crossing,5,130,0,0.13208039971560628,2.229914154528152,0,2.229914154528152,0.017310809342085294,-1.4974111224979223,28.146142056192883,969.0970283323618,0.13208039971560628,"[-0.00626733042047789, -0.012836732697392762, -0.0005941656452475171, -0.0020743694817255687, -5.298294123015065e-05, 3.664299249576937e-05, 3.661587965106791e-05, -1.2447456707344318e-06]",0.0009765625,0,1,0,0,0,0
15,crossing,5,131,0,0.996917227257575,2.229914154528152,0,2.229914154528152,0.017310809342085294,-1.6179401447226964,28.02561303396811,969.3643089696943,0.996917227257575,"[0.00859318624675609, -0.07805388782877096, -0.010301346046042523, 0.02037828358034055, 0.0030942598402786867, 0.004615323865182788, 4.4181238528784306e-18, 2.0816681711721685e-17]",0.0009765625,0,1,0,0,0,0
15,crossing,5,132,0,0.28658619970322285,2.229914154528152,0,2.229914154528152,0.017310809342085294,-1.5576756336103095,28.085877545080496,969.299973864624,0.28658619970322285,"[-0.001172097710025355, -0.023909318161843652, -0.002827305118495633, 0.00338004757261956, 0.0010920410256104204, 0.001117246325976939, 1.8307939825536164e-05, -6.223728353550728e-07]",0.0009765625,0,1,0,0,0,0
15,crossing,5,133,0,0.14570629322375458,2.229914154528152,0,2.229914154528152,0.017310809342085294,-1.5275433780541159,28.116009800636686,969.2221439976937,0.14570629322375458,"[-0.0042692621459536895, -0.013656705034437201, -0.0010570232948593674, -0.0005873609197202256, 0.000271736977042487, 0.0002816935646650084, 2.746190973830204e-05, -9.335592530447523e-07]",0.0009765625,0,1,0,0,0,0
15,crossing,5,134,0,0.12607238361950973,2.229914154528152,0,2.229914154528152,0.017310809342085294,-1.512477250276019,28.131075928414784,969.1651506863757,0.12607238361950973,"[-0.005385623077302171, -0.01219110961409777, -0.0006691756446555151, -0.0015929367552232065, 3.4765408424049616e-05, 9.238163123575243e-05, 3.203889469468497e-05, -1.089152461889592e-06]",0.0009765625,0,1,0,0,0,0
15,crossing,5,135,0,0.48011426632248766,2.229914154528152,0,2.229914154528152,0.017310809342085294,-1.5972005625044463,28.046352616186358,969.3403593211804,0.48011426632248766,"[0.006866795869797215, -0.03928792526938128, -0.004490233617566491, 0.012681220639395363, 0.0007756049468313126, 0.0020631111235700013, 4.609892112136804e-17, -6.938893903907228e-18]",0.0009765625,0,1,0,0,0,0
15,crossing,5,136,0,0.24275969651849896,2.229914154528152,0,2.229914154528152,0.017310809342085294,-1.5548389063902326,28.088714272300574,969.2591362369202,0.24275969651849896,"[-0.00015721042488792136, -0.02157839582800957, -0.0021430350210540445, 0.003956836113284012, 0.0004154688240878979, 0.0008997430179301609, 1.6019447347365535e-05, -5.445762309465307e-07]",0.0009765625,0,1,0,0,0,0
15,crossing,5,137,0,0.16074124537405146,2.229914154528152,0,2.229914154528152,0.017310809342085294,-1.533658078333126,28.10989510035768,969.2175949380835,0.16074124537405146,"[-0.003068278881698916, -0.015257806393583706, -0.0012230474658193739, 0.000637347945930955, 0.0002014382073307334, 0.00041361463383484293, 2.4029171021025253e-05, -8.168643464180614e-07]",0.0009765625,0,1,0,0,0,0
15,crossing,5,138,0,0.1321630415323271,2.229914154528152,0,2.229914154528152,0.017310809342085294,-1.5230676643045724,28.120485514386235,969.1955639575633,0.1321630415323271,"[-0.0043801222008070795, -0.012807884175038895, -0.000839119144793777, -0.0007625891064950707, 9.48744481289096e-05, 0.00020244544225773753, 2.803403285785511e-05, -9.530084041538267e-07]",0.0009765625,0,1,0,0,0,0
15,crossing,5,139,0,0.12430924761825654,2.229914154528152,0,2.229914154528152,0.017310809342085294,-1.5177724572902958,28.125780721400506,969.1826013861881,0.12430924761825654,"[-0.004954809467157872, -0.012048381848680852, -0.00070088825432457, -0.0013130139807238095, 5.166572505291483e-05, 0.00012192650428874203, 3.003646377627004e-05, -1.0210804330217094e-06]",0.0009765625,0,1,0,0,0,0
15,crossing,5,140,0,1.8171506219677345,2.229914154528152,0,2.229914154528152,0.017310809342085294,-1.6257354157895865,28.01781776290122,969.3128853028479,1.8171506219677345,"[0.014948751460508447, -0.15338216889320017, -0.016827617898641963, 0.037681452453243836, 0.0011215300522966585, 0.007568072559887723, -4.048478674696654e-17, -3.469446951953614e-18]",0.0009765625,0,1,0,0,0,0
15,crossing,5,141,0,0.4287648514856319,2.229914154528152,0,2.229914154528152,0.017310809342085294,-1.571753936539941,28.071799242150863,969.2706254366443,0.4287648514856319,"[0.0014975357592490468, -0.03648102606588471, -0.004015891037135418, 0.007827626283461342, 0.0008098658308845907, 0.001826569310841117, 1.5018231888114778e-05, -5.105402165125894e-07]",0.0009765625,0,1,0,0,0,0
15,crossing,5,142,0,0.16371261000555343,2.229914154528152,0,2.229914154528152,0.017310809342085294,-1.5447631969151185,28.098789981775685,969.2657612430738,0.16371261000555343,"[-0.002850531696076075, -0.015256050371200784, -0.0013080754919999544, 0.000797824370101452, 0.00025780459455680894, 0.0004643254882562861, 2.252734783219241e-05, -7.658103247688841e-07]",0.0009765625,0,1,0,0,0,0
15,crossing,5,143,0,0.12326151096437223,2.229914154528152,0,2.229914154528152,0.017310809342085294,-1.5312678271027071,28.112285351588095,969.2329781278045,0.12326151096437223,"[-0.00414441799787113, -0.011898165420468752, -0.0007879826712254419, -0.0007584738813566361, 9.971233920445104e-05, 0.0001887844943421107, 2.6281905804231224e-05, -8.934453788952967e-07]",0.0009765625,0,1,0,0,0,0
15,crossing,5,144,0,0.9304546567888841,2.052511306585563,0,2.052511306585563,-0.05211839828058084,-1.945510717888029,27.698042460802778,854.4766548130436,0.9304546567888841,"[-0.06337592713498452, -0.06693161701682453, -0.002767026804111255, -0.04181095357665754, -0.0012073931987960193, 0.00021568146584588832, -0.00016147708894522988, 2.0560078924092284e-07]",0.0009765625,0.05211839828058084,16,0,0,0,0
15,crossing,5,145,0,1.6890799142621389,2.052511306585563,0,2.052511306585563,-0.05211839828058084,-1.9842569167092814,27.65929626198152,854.5562193528312,1.6890799142621389,"[0.016315476153046404, -0.1453231170563689, -0.015259631481916064, 0.030454560131337516, 0.003770179874108988, 0.0033805140344225363, 5.2231439659489176e-17, -2.42861286636753e-17]",0.0009765625,0.05211839828058084,16,0,0,0,0
15,crossing,5,146,0,0.9197057520360395,2.052511306585563,0,2.052511306585563,-0.05211839828058084,-1.9648838172986554,27.67866936139215,854.5270149469682,0.9197057520360395,"[-0.02625831328588646, -0.0849597680111032, -0.006640061123605061, -0.010471880106759812, 0.0005800434561278526, 0.0011253593979281091, -8.073854447258883e-05, 1.0280039461005308e-07]",0.0009765625,0.05211839828058084,16,0,0,0,0
15,crossing,5,147,0,10.778039865732323,2.052511306585563,0,2.052511306585563,-0.05211839828058084,-1.9291841469699225,27.71436903172088,867.2239045653562,10.778039865732323,"[-0.0788596886436892, -1.0089427439266208, -0.0858193984660827, 0.04315976279943534, -0.008832131156792229, 0.013931303617288875, -2.8731357570865868e-18, 3.469446951953614e-17]",0.0009765625,0.05211839828058084,16,0,0,0,0
15,crossing,5,148,0,2.924571665248742,2.052511306585563,0,2.052511306585563,-0.05211839828058084,-1.947033982134289,27.69651919655652,854.972568893746,2.924571665248742,"[0.003195618734672223, -0.2638762345888871, -0.025024408720463003, 0.03368950243872426, 0.0016754839121353332, 0.005718235323531028, -4.036927223629585e-05, 5.14001973241085e-08]",0.0009765625,0.05211839828058084,16,0,0,0,0
15,crossing,5,149,0,0.9855697776036199,2.052511306585563,0,2.052511306585563,-0.05211839828058084,-1.955958899716472,27.687594278974334,854.5550869716703,0.9855697776036199,"[-0.016299327856543755, -0.0900794201444917, -0.008057297043709943, -0.0019221381011398364, 0.0011368841938155317, 0.0013974905865220698, -6.055390835444234e-05, 7.710029596708079e-08]",0.0009765625,0.05211839828058084,16,0,0,0,0
15,crossing,5,150,0,0.8759147324694119,2.052511306585563,0,2.052511306585563,-0.05211839828058084,-1.9604213585075638,27.683131820183238,854.5591216896339,0.8759147324694119,"[-0.022138978110902485, -0.08073915853913967, -0.006593095049308491, -0.007721915157986814, 0.0007284347198604234, 0.0011051955841721518, -7.064622641351558e-05, 8.995034528683221e-08]",0.0009765625,0.05211839828058084,16,0,0,0,0
15,crossing,5,151,0,13.665715360996009,2.052511306585563,0,2.052511306585563,-0.05211839828058084,-1.992419307141119,27.651133871549685,875.1762553744602,13.665715360996009,"[-0.07890397811453909, -1.2799074528858059, -0.10870263423828459, 0.08304152330262404, -0.018611215403136178, 0.02089732623321827, -2.4082840756334267e-17, -1.734723475976807e-17]",0.0009765625,0.05211839828058084,16,0,0,0,0
15,crossing,5,152,0,3.820850960846026,2.052511306585563,0,2.052511306585563,-0.05211839828058084,-1.9764203328243413,27.667132845866465,855.4729036745923,3.820850960846026,"[0.011578761772952362, -0.34484243280566884, -0.032448268889065296, 0.05107066902212587, -0.0013845680617593017, 0.010307297932491842, -3.532311320676983e-05, 4.497517263474249e-08]",0.0009765625,0.05211839828058084,16,0,0,0,0
15,turningCrossing,30,1,0,3.4004808357550593,0,0,0,-3.4004808357550593,0,0.6647883981773293,0,-0.0009765625,"[0, 0, 0, 0, 0, 0, 0, 0]",0.0009765625,3.4004808357550593,18,0,0,0,0
15,turningCrossing,30,2,0,20.52193121787183,0.8809253055529672,0,0.8809253055529672,-2.0244548930097355,0.29661538418935385,0.9614037823666808,165.49819889251415,20.52193121787183,"[-2.0500342859199066, -0.824146444055425, -0.012154737451182647, -0.35845960138266797, 3.471332335117047e-05, 0.00010880199244493452, -4.300261853842913e-06, 6.133675163333407e-07]",0.0009765625,2.0244548930097355,17,0,0,0,0
15,turningCrossing,30,3,0,2.4226079723395366,0.8809253055529672,0,0.8809253055529672,-2.0244548930097355,-1.1935706198263754,-0.5287822216490452,161.32729318221837,2.4226079723395366,"[-0.12456307703257607, -0.13628017297048953, -0.01318600028910589, -0.1764000507121466, 0.06334854458901662, 0.025581984889188177, 3.276298028991216e-16, -6.245004513516506e-17]",0.0009765625,2.0244548930097355,17,0,0,0,0
15,turningCrossing,30,4,0,2.0244548930097355,0.8809253055529672,0,0.8809253055529672,-2.0244548930097355,-1.2465349848606206,-0.5817465866832874,162.0569171142729,0.6925044630472287,"[-0.015349286031423048, -0.05898424365569611, -0.004332130703253595, -0.04024805474766957, 0.015722445869372246, 0.016935946590587368, 2.6700152380719096e-18, -3.469446951953614e-18]",0.0009765625,2.0244548930097355,17,0,0,0,0
15,turningCrossing,30,5,0,2.0244548930097355,0.8809253055529672,0,0.8809253055529672,-2.0244548930097355,-1.2663961030583577,-0.6016077048810258,162.57218865765952,0.2564732954827385,"[-0.004192958180382789, -0.017166288933016114, -0.002323319831784777, -0.01548943517757273, 0.005538124371926267, -0.005445308565947376, -4.050515497564201e-18, 3.469446951953614e-18]",0.0009765625,2.0244548930097355,17,0,0,0,0
15,turningCrossing,30,6,0,2.0244548930097355,0.8809253055529672,0,0.8809253055529672,-2.0244548930097355,-1.2692625584521982,-0.6044741602748684,162.8239595220116,0.020550387734000457,"[-0.00034458359169775576, 0.0006194318417585998, 0.0003365469926862783, -0.0010842292529531505, -0.000333323705184753, -0.00019418201618282707, -2.0473301591544025e-17, 0]",0.0009765625,2.0244548930097355,17,0,0,0,0
15,turningCrossing,30,7,0,2.0244548930097355,0.8809253055529672,0,0.8809253055529672,-2.0244548930097355,-1.2698921838761763,-0.6051037856988513,162.8562598645981,0.0002170241552998239,"[-5.4856414521964325e-06, 6.968824602606164e-05, 1.6258922919011193e-05, -1.7157830461300705e-05, -1.5411763838035227e-05, 5.304770104251415e-07, -1.5633546675950527e-18, 0]",0.0009765625,2.0244548930097355,17,0,0,0,0
15,turningCrossing,30,8,0,37.57750687438016,2.158913120841634,0,2.158913120841634,-0.6801033906513705,-0.6210500704486869,0.04373832772864029,1092.847939029647,37.57750687438016,"[-1.6214080031150218, -4.326509245115458, -0.04492341097503707, -0.26196323625108775, -0.008039154603728362, 0.0022774290277442436, 6.0696694754945424e-05, 1.4606110574633124e-06]",0.0009765625,0.6801033906513705,17,0,0,0,0
15,turningCrossing,30,9,0,33.27816840893929,2.158913120841634,0,2.158913120841634,-0.6801033906513705,-0.9141583101910442,-0.24936991201371206,1078.1828726799874,33.27816840893929,"[-1.528871659970207, -4.027148497656438, 0.022870350307579484, -0.2165434469878651, -0.06582668730593949, 0.17583182755542104, 5.879992304386123e-05, 1.4149669619149818e-06]",0.0009765625,0.6801033906513705,17,0,0,0,0
15,turningCrossing,30,10,0,29.31556535737305,0.3191542707592397,0,0.3191542707592397,-0.4438454880810594,-0.6647883465320482,5.164528027977455e-08,201.5380557816876,29.31556535737305,"[-3.001237883038442, -0.6938045040195426, 0.011338942340794946, -0.7069751179612993, -0.007808647906095434, 0.004616484929947604, 0.0001221477540641459, -3.4747978866489504e-07]",0.0009765625,0.4438454880810594,17,0,0,0,0
15,turningCrossing,30,11,0,16.13499867026133,0.3191542707592397,0,0.3191542707592397,-0.4438454880810594,-1.6293283181337992,-0.9645399199564719,202.80755921937475,16.13499867026133,"[-1.577687592517151, -0.5427581762844333, 0.007696266905051142, -0.5286884174259452, 0.09740633651514322, 0.1253587740172017, 6.107387703224719e-05, -1.7373989442959203e-07]",0.0009765625,0.4438454880810594,17,0,0,0,0
15,turningCrossing,30,12,0,14.347463634720498,0.3191542707592397,0,0.3191542707592397,-0.4438454880810594,-2.132281877623474,-1.4674934794461405,204.3793634057301,14.347463634720498,"[-1.2011096555425809, -0.8329985332216382, -0.0401963661078873, -0.47300265203666036, 0.09933897495825887, 0.0721626274542113, 4.580540777421313e-05, -1.3030492096444135e-07]",0.0009765625,0.4438454880810594,17,0,0,0,0
15,turningCrossing,30,13,0,12.82309272850005,0.3191542707592397,0,0.3191542707592397,-0.4438454880810594,-2.428865120402829,-1.7640767222255034,203.1844834459672,12.82309272850005,"[-1.101942516671528, -0.7680519660502789, -0.021754969410220776, -0.4033130021535474, 0.0472528849724766, 0.05469521268447775, 4.294256978834714e-05, -1.2216086344232768e-07]",0.0009765625,0.4438454880810594,17,0,0,0,0
15,turningCrossing,30,14,0,11.534663511523382,0.3191542707592397,0,0.3191542707592397,-0.4438454880810594,-2.481669983946572,-1.8168815857692449,202.38817490756023,11.534663511523382,"[-1.0594990966816482, -0.5831711883492833, 0.0300378692443816, -0.45935509930292895, -0.045123732240128805, 0.12428747764819911, 4.0258659176526493e-05, -1.1452580950602198e-07]",0.0009765625,0.4438454880810594,17,0,0,0,0
15,turningCrossing,30,15,0,11.95038385654986,0.3191542707592397,0,0.3191542707592397,-0.4438454880810594,-2.671637935928243,-2.006849537750916,203.0054072141469,11.95038385654986,"[-1.0102700813275192, -0.7079702234058928, -0.021305623012388017, -0.4250172290879721, 0.08140020469145616, 0.07372544946475885, 3.900057607732849e-05, -1.1094687782375878e-07]",0.0009765625,0.4438454880810594,17,0,0,0,0
15,turningCrossing,30,16,0,10.942616233840686,1.666893916275894,0,1.666893916275894,-0.749360444159971,-0.6647883982646449,-8.731836954878336e-11,500.0962639305193,10.942616233840686,"[-1.0829943079033484, -0.35213011679744893, -0.007059242823888088, -0.29840012024127205, -0.012452123083991117, -0.0002485675321852105, -7.400266828765257e-05, -8.092126556377699e-05]",0.0009765625,0.749360444159971,17,0,0,0,0
15,turningCrossing,30,17,0,7.873379764506851,1.666893916275894,0,1.666893916275894,-0.749360444159971,-0.9249749590670904,-0.26018656088975667,500.3116160536931,7.873379764506851,"[-0.7833312425176189, -0.3062750242483542, -0.004530787560909484, -0.16118362878184023, 0.012724607348005988, 0.044640466440091855, -5.55020012157403e-05, -6.069094917296458e-05]",0.0009765625,0.749360444159971,17,0,0,0,0
15,turningCrossing,30,18,0,7.360567844071727,1.666893916275894,0,1.666893916275894,-0.749360444159971,-1.104534162933557,-0.4397457647562317,501.46951143542697,7.360567844071727,"[-0.5917349453209084, -0.4058787075453296, -0.04152049272583864, -0.17402892158279748, 0.09856577362212252, 0.04973039143109407, -4.162650091266694e-05, -4.551821187970262e-05]",0.0009765625,0.749360444159971,17,0,0,0,0
15,turningCrossing,30,19,0,9.084680680461993,1.666893916275894,0,1.666893916275894,-0.749360444159971,-1.3599260211967292,-0.6951376230193984,501.9648367324779,9.084680680461993,"[-0.49910607536915563, -0.5794347506440684, -0.08738653965955069, -0.13595162263457716, 0.1912579971909689, -0.0005913284123707505, -3.642318829865529e-05, -3.982843539474326e-05]",0.0009765625,0.749360444159971,17,0,0,0,0
15,turningCrossing,30,20,0,7.193994332347741,1.666893916275894,0,1.666893916275894,-0.749360444159971,-1.2322300920651432,-0.567441693887808,501.3328149794414,7.193994332347741,"[-0.5485853249417829, -0.4219111641753855, -0.04532704575563553, -0.15356856737207103, 0.09987962592422453, 0.04146583182896307, -3.902484460566111e-05, -4.2673323637221205e-05]",0.0009765625,0.749360444159971,17,0,0,0,0
15,turningCrossing,30,21,0,14.235781006984187,1.666893916275894,0,1.666893916275894,-0.749360444159971,-1.498252724147614,-0.8334643259702899,509.28066446835487,14.235781006984187,"[-0.4610354063548243, -1.3173272619092549, -0.09602385373927563, -0.2548077252866463, 0.05357093278338901, 0.0639477074284259, -2.9268633454315354e-05, -3.200499272773896e-05]",0.0009765625,0.749360444159971,17,0,0,0,0
15,turningCrossing,30,22,0,7.7627982825232,1.666893916275894,0,1.666893916275894,-0.749360444159971,-1.3652414081063786,-0.700453009929056,501.28578284103787,7.7627982825232,"[-0.45828218732356163, -0.5643988852212735, -0.05811532962453963, -0.12524761065974666, 0.09814819992684581, 0.03897773551337965, -3.414673902998823e-05, -3.733915818248182e-05]",0.0009765625,0.749360444159971,17,0,0,0,0
15,turningCrossing,30,23,0,6.950957513362915,1.666893916275894,0,1.666893916275894,-0.749360444159971,-1.2987357500857608,-0.6339473519084249,501.08684872671574,6.950957513362915,"[-0.508733733115406, -0.4276638061645473, -0.04598440723242081, -0.1385977420999911, 0.09662537155889263, 0.03928130986679494, -3.658579181782467e-05, -4.000624090984978e-05]",0.0009765625,0.749360444159971,17,0,0,0,0
15,turningCrossing,30,24,0,7.563324771996556,1.666893916275894,0,1.666893916275894,-0.749360444159971,-1.4846113147818265,-0.8198229166045008,501.0242825305354,7.563324771996556,"[-0.4659853289502536, -0.5183205744782389, -0.0582282105981281, -0.13448498957536614, 0.10260959677485586, 0.019071404455235447, -3.429917982924449e-05, -3.7505850852943834e-05]",0.0009765625,0.749360444159971,17,0,0,0,0
15,turningCrossing,30,25,0,7.125055812075536,1.666893916275894,0,1.666893916275894,-0.749360444159971,-1.3916735324337937,-0.72688513425647,501.0034273813078,7.125055812075536,"[-0.490034665706375, -0.4540484578016656, -0.0513983378618067, -0.1344202448504781, 0.10221233751308004, 0.031246402732719315, -3.544248582353458e-05, -3.8756045881396806e-05]",0.0009765625,0.749360444159971,17,0,0,0,0
15,turningCrossing,30,26,0,3.1491918659731497,1.2935206111453297,0,1.2935206111453297,-1.3863919867145638,-0.6647883983084135,-1.3108780207160553e-10,306.83318985181916,3.1491918659731497,"[-0.2893644180451673, -0.17192916308649667, -0.0034063478643897704, -0.07767741715587384, -0.0038163737966191093, 0.00011547850938116958, -8.084863878256802e-05, -8.048728815011896e-05]",0.0009765625,1.3863919867145638,16,0,0,0,0
15,turningCrossing,30,27,0,1.3863919867145638,1.2935206111453297,0,1.2935206111453297,-1.3863919867145638,-0.8276856399698087,-0.16289724179248544,307.2878004037701,1.3469747295599697,"[-0.12613368129279934, -0.032009354609191285, 0.01664104252368178, -0.007877402449384618, -0.026201499412704755, -0.01011574200409366, -4.042431939132397e-05, -4.02436440750803e-05]",0.0009765625,1.3863919867145638,16,0,0,0,0
15,turningCrossing,30,28,0,1.6813763485050575,1.2935206111453297,0,1.2935206111453297,-1.3863919867145638,-0.929274339703614,-0.26448594152628124,308.2360315376876,1.6813763485050575,"[-0.0065727248349958245, -0.029235118960823363, 0.02131635288941535, -0.09301988561835373, 0.003040698197443563, 0.19877381544966566, -5.4704775865471733e-17, 2.1510571102112408e-16]",0.0009765625,1.3863919867145638,16,0,0,0,0
15,turningCrossing,30,29,0,1.3863919867145638,1.2935206111453297,0,1.2935206111453297,-1.3863919867145638,-0.8784799898367113,-0.21369159165937623,308.0269488980034,1.1166871818493762,"[-0.06426080809502821, -0.09397978211369687, -0.0030569687324653793, -0.031214991263050607, 0.04337407785228154, 0.08956082070863768, -2.0212159695689336e-05, -2.0121822037432596e-05]",0.0009765625,1.3863919867145638,16,0,0,0,0
15,turningCrossing,30,30,0,4.322126570354555,1.2935206111453297,0,1.2935206111453297,-1.3863919867145638,-1.3367728520060425,-0.6719844538287203,307.90777355905675,4.322126570354555,"[-0.055859216822312874, 0.1894781949398677, 0.05202416129401486, -0.1804946905571061, 0.03561596558754971, 0.26141277188355116, -1.0106079847761757e-05, -1.00609110188013e-05]",0.0009765625,1.3863919867145638,16,0,0,0,0
15,turningCrossing,30,31,0,1.981596159305027,1.2935206111453297,0,1.2935206111453297,-1.3863919867145638,-1.1076264209213769,-0.44283802274404827,307.6332803067411,1.981596159305027,"[-0.04459575167281571, 0.05501570285726454, 0.027125889875047174, 0.004116742600199785, 0.016241765374459562, 0.16463774828114064, -1.5159119771725546e-05, -1.5091366528115213e-05]",0.0009765625,1.3863919867145638,16,0,0,0,0
15,turningCrossing,30,32,0,1.3863919867145638,1.2935206111453297,0,1.2935206111453297,-1.3863919867145638,-0.9930532053790441,-0.32826480720171225,307.74468770450096,0.7440796000882318,"[-0.05386484111531331, -0.05286783607659637, 0.003179284786907009, -0.01485337811295473, 0.028974681780759327, 0.0789762750512974, -1.7685639733707442e-05, -1.760659428277564e-05]",0.0009765625,1.3863919867145638,16,0,0,0,0
15,turningCrossing,30,33,0,1.6721238534570262,1.2935206111453297,0,1.2935206111453297,-1.3863919867145638,-1.0105385537997837,-0.34575015562246114,307.66089570906877,1.6721238534570262,"[-0.049511653716692194, -0.08727392718655844, -0.02192157622768449, -0.06025031403252079, 0.10511846726820497, 0.0675897394733532, -1.3264229800302492e-05, -1.320494571209821e-05]",0.0009765625,1.3863919867145638,16,0,0,0,0
15,turningCrossing,30,34,0,1.3863919867145638,1.2935206111453297,0,1.2935206111453297,-1.3863919867145638,-1.001795879589414,-0.3370074814120796,307.6821644435083,0.8586348104490272,"[-0.047950167334860794, -0.06252547993993737, -0.005001318481203842, -0.017125342363495832, 0.05389630936718103, 0.07690253394096289, -1.547493476700497e-05, -1.5405769997436924e-05]",0.0009765625,1.3863919867145638,16,0,0,0,0
15,turningCrossing,30,35,0,1.3863919867145638,1.2935206111453297,0,1.2935206111453297,-1.3863919867145638,-0.997424542484229,-0.3326361443068959,307.7155797349162,0.7254782835352935,"[-0.05044466941258463, -0.05263883424563734, 0.0017565327583788444, -0.013065214924926849, 0.03370306956663832, 0.080096661619547, -1.6580287250356206e-05, -1.6506182140108017e-05]",0.0009765625,1.3863919867145638,16,0,0,0,0
15,turningCrossing,30,36,0,2.7301788818414896,1.2935206111453297,0,1.2935206111453297,-1.3863919867145638,-1.1508476673361856,-0.48605926915885056,307.11470378632606,2.7301788818414896,"[-0.06744790776595266, 0.08637247881000643, 0.03611217179710376, -0.1731388296421592, -0.0225319690925877, 0.030436539939819197, -1.2435215437766212e-05, -1.2379636605278771e-05]",0.0009765625,1.3863919867145638,16,0,0,0,0
15,turningCrossing,30,37,0,1.3863919867145638,1.2935206111453297,0,1.2935206111453297,-1.3863919867145638,-1.0741361049102072,-0.40934770673288035,307.2750420011281,0.8520207166981226,"[-0.053042944485241605, -0.03329613228901814, -0.001125465825385641, -0.07075114658285386, 0.0396259978219755, 0.034842963388022806, -1.4507751344061208e-05, -1.4442909372691659e-05]",0.0009765625,1.3863919867145638,16,0,0,0,0
15,turningCrossing,30,38,0,1.3863919867145638,1.2935206111453297,0,1.2935206111453297,-1.3863919867145638,-1.035780323697218,-0.37099192551989524,307.5053392389485,0.8239667791311774,"[-0.049209854513634355, -0.05745813183492072, -0.004726895982254039, -0.02711932475098955, 0.048295502740881444, 0.05907656540915113, -1.5544019297208707e-05, -1.5474545756399838e-05]",0.0009765625,1.3863919867145638,16,0,0,0,0
15,turningCrossing,30,39,0,1.3863919867145638,1.2935206111453297,0,1.2935206111453297,-1.3863919867145638,-1.0166024330907235,-0.3518140349133956,307.6168297099679,0.721991326441303,"[-0.04917785106759709, -0.05347422167161519, -8.192294310491036e-05, -0.015565210126968765, 0.03739281952082473, 0.07346766947462992, -1.6062153273782456e-05, -1.5990363948253927e-05]",0.0009765625,1.3863919867145638,16,0,0,0,0
15,turningCrossing,5,1,0,3.4004808357550593,0,0,0,-3.4004808357550593,0,0.6647883981773293,0,-0.0009765625,"[0, 0, 0, 0, 0, 0, 0, 0]",0.0009765625,3.4004808357550593,18,0,0,0,0
15,turningCrossing,5,2,0,20.52193121787183,0.8809253055529672,0,0.8809253055529672,-2.0244548930097355,0.29661538418935385,0.9614037823666808,165.49819889251415,20.52193121787183,"[-2.0500342859199066, -0.824146444055425, -0.012154737451182647, -0.35845960138266797, 3.471332335117047e-05, 0.00010880199244493452, -4.300261853842913e-06, 6.133675163333407e-07]",0.0009765625,2.0244548930097355,17,0,0,0,0
15,turningCrossing,5,3,0,2.4226079723395366,0.8809253055529672,0,0.8809253055529672,-2.0244548930097355,-1.1935706198263754,-0.5287822216490452,161.32729318221837,2.4226079723395366,"[-0.12456307703257607, -0.13628017297048953, -0.01318600028910589, -0.1764000507121466, 0.06334854458901662, 0.025581984889188177, 3.276298028991216e-16, -6.245004513516506e-17]",0.0009765625,2.0244548930097355,17,0,0,0,0
15,turningCrossing,5,4,0,2.0244548930097355,0.8809253055529672,0,0.8809253055529672,-2.0244548930097355,-1.2465349848606206,-0.5817465866832874,162.0569171142729,0.6925044630472287,"[-0.015349286031423048, -0.05898424365569611, -0.004332130703253595, -0.04024805474766957, 0.015722445869372246, 0.016935946590587368, 2.6700152380719096e-18, -3.469446951953614e-18]",0.0009765625,2.0244548930097355,17,0,0,0,0
15,turningCrossing,5,5,0,2.0244548930097355,0.8809253055529672,0,0.8809253055529672,-2.0244548930097355,-1.2663961030583577,-0.6016077048810258,162.57218865765952,0.2564732954827385,"[-0.004192958180382789, -0.017166288933016114, -0.002323319831784777, -0.01548943517757273, 0.005538124371926267, -0.005445308565947376, -4.050515497564201e-18, 3.469446951953614e-18]",0.0009765625,2.0244548930097355,17,0,0,0,0
15,turningCrossing,5,6,0,2.0244548930097355,0.8809253055529672,0,0.8809253055529672,-2.0244548930097355,-1.2692625584521982,-0.6044741602748684,162.8239595220116,0.020550387734000457,"[-0.00034458359169775576, 0.0006194318417585998, 0.0003365469926862783, -0.0010842292529531505, -0.000333323705184753, -0.00019418201618282707, -2.0473301591544025e-17, 0]",0.0009765625,2.0244548930097355,17,0,0,0,0
15,turningCrossing,5,7,0,2.0244548930097355,0.8809253055529672,0,0.8809253055529672,-2.0244548930097355,-1.2698921838761763,-0.6051037856988513,162.8562598645981,0.0002170241552998239,"[-5.4856414521964325e-06, 6.968824602606164e-05, 1.6258922919011193e-05, -1.7157830461300705e-05, -1.5411763838035227e-05, 5.304770104251415e-07, -1.5633546675950527e-18, 0]",0.0009765625,2.0244548930097355,17,0,0,0,0
15,turningCrossing,5,8,0,37.57750687438016,2.158913120841634,0,2.158913120841634,-0.6801033906513705,-0.6210500704486869,0.04373832772864029,1092.847939029647,37.57750687438016,"[-1.6214080031150218, -4.326509245115458, -0.04492341097503707, -0.26196323625108775, -0.008039154603728362, 0.0022774290277442436, 6.0696694754945424e-05, 1.4606110574633124e-06]",0.0009765625,0.6801033906513705,17,0,0,0,0
15,turningCrossing,5,9,0,33.27816840893929,2.158913120841634,0,2.158913120841634,-0.6801033906513705,-0.9141583101910442,-0.24936991201371206,1078.1828726799874,33.27816840893929,"[-1.528871659970207, -4.027148497656438, 0.022870350307579484, -0.2165434469878651, -0.06582668730593949, 0.17583182755542104, 5.879992304386123e-05, 1.4149669619149818e-06]",0.0009765625,0.6801033906513705,17,0,0,0,0
15,turningCrossing,5,10,0,29.31556535737305,0.3191542707592397,0,0.3191542707592397,-0.4438454880810594,-0.6647883465320482,5.164528027977455e-08,201.5380557816876,29.31556535737305,"[-3.001237883038442, -0.6938045040195426, 0.011338942340794946, -0.7069751179612993, -0.007808647906095434, 0.004616484929947604, 0.0001221477540641459, -3.4747978866489504e-07]",0.0009765625,0.4438454880810594,17,0,0,0,0
15,turningCrossing,5,11,0,16.13499867026133,0.3191542707592397,0,0.3191542707592397,-0.4438454880810594,-1.6293283181337992,-0.9645399199564719,202.80755921937475,16.13499867026133,"[-1.577687592517151, -0.5427581762844333, 0.007696266905051142, -0.5286884174259452, 0.09740633651514322, 0.1253587740172017, 6.107387703224719e-05, -1.7373989442959203e-07]",0.0009765625,0.4438454880810594,17,0,0,0,0
15,turningCrossing,5,12,0,14.347463634720498,0.3191542707592397,0,0.3191542707592397,-0.4438454880810594,-2.132281877623474,-1.4674934794461405,204.3793634057301,14.347463634720498,"[-1.2011096555425809, -0.8329985332216382, -0.0401963661078873, -0.47300265203666036, 0.09933897495825887, 0.0721626274542113, 4.580540777421313e-05, -1.3030492096444135e-07]",0.0009765625,0.4438454880810594,17,0,0,0,0
15,turningCrossing,5,13,0,12.82309272850005,0.3191542707592397,0,0.3191542707592397,-0.4438454880810594,-2.428865120402829,-1.7640767222255034,203.1844834459672,12.82309272850005,"[-1.101942516671528, -0.7680519660502789, -0.021754969410220776, -0.4033130021535474, 0.0472528849724766, 0.05469521268447775, 4.294256978834714e-05, -1.2216086344232768e-07]",0.0009765625,0.4438454880810594,17,0,0,0,0
15,turningCrossing,5,14,0,11.534663511523382,0.3191542707592397,0,0.3191542707592397,-0.4438454880810594,-2.481669983946572,-1.8168815857692449,202.38817490756023,11.534663511523382,"[-1.0594990966816482, -0.5831711883492833, 0.0300378692443816, -0.45935509930292895, -0.045123732240128805, 0.12428747764819911, 4.0258659176526493e-05, -1.1452580950602198e-07]",0.0009765625,0.4438454880810594,17,0,0,0,0
15,turningCrossing,5,15,0,11.95038385654986,0.3191542707592397,0,0.3191542707592397,-0.4438454880810594,-2.671637935928243,-2.006849537750916,203.0054072141469,11.95038385654986,"[-1.0102700813275192, -0.7079702234058928, -0.021305623012388017, -0.4250172290879721, 0.08140020469145616, 0.07372544946475885, 3.900057607732849e-05, -1.1094687782375878e-07]",0.0009765625,0.4438454880810594,17,0,0,0,0
15,turningCrossing,5,16,0,10.942616233840686,1.666893916275894,0,1.666893916275894,-0.749360444159971,-0.6647883982646449,-8.731836954878336e-11,500.0962639305193,10.942616233840686,"[-1.0829943079033484, -0.35213011679744893, -0.007059242823888088, -0.29840012024127205, -0.012452123083991117, -0.0002485675321852105, -7.400266828765257e-05, -8.092126556377699e-05]",0.0009765625,0.749360444159971,17,0,0,0,0
15,turningCrossing,5,17,0,7.873379764506851,1.666893916275894,0,1.666893916275894,-0.749360444159971,-0.9249749590670904,-0.26018656088975667,500.3116160536931,7.873379764506851,"[-0.7833312425176189, -0.3062750242483542, -0.004530787560909484, -0.16118362878184023, 0.012724607348005988, 0.044640466440091855, -5.55020012157403e-05, -6.069094917296458e-05]",0.0009765625,0.749360444159971,17,0,0,0,0
15,turningCrossing,5,18,0,7.360567844071727,1.666893916275894,0,1.666893916275894,-0.749360444159971,-1.104534162933557,-0.4397457647562317,501.46951143542697,7.360567844071727,"[-0.5917349453209084, -0.4058787075453296, -0.04152049272583864, -0.17402892158279748, 0.09856577362212252, 0.04973039143109407, -4.162650091266694e-05, -4.551821187970262e-05]",0.0009765625,0.749360444159971,17,0,0,0,0
15,turningCrossing,5,19,0,9.084680680461993,1.666893916275894,0,1.666893916275894,-0.749360444159971,-1.3599260211967292,-0.6951376230193984,501.9648367324779,9.084680680461993,"[-0.49910607536915563, -0.5794347506440684, -0.08738653965955069, -0.13595162263457716, 0.1912579971909689, -0.0005913284123707505, -3.642318829865529e-05, -3.982843539474326e-05]",0.0009765625,0.749360444159971,17,0,0,0,0
15,turningCrossing,5,20,0,7.193994332347741,1.666893916275894,0,1.666893916275894,-0.749360444159971,-1.2322300920651432,-0.567441693887808,501.3328149794414,7.193994332347741,"[-0.5485853249417829, -0.4219111641753855, -0.04532704575563553, -0.15356856737207103, 0.09987962592422453, 0.04146583182896307, -3.902484460566111e-05, -4.2673323637221205e-05]",0.0009765625,0.749360444159971,17,0,0,0,0
15,turningCrossing,5,21,0,14.235781006984187,1.666893916275894,0,1.666893916275894,-0.749360444159971,-1.498252724147614,-0.8334643259702899,509.28066446835487,14.235781006984187,"[-0.4610354063548243, -1.3173272619092549, -0.09602385373927563, -0.2548077252866463, 0.05357093278338901, 0.0639477074284259, -2.9268633454315354e-05, -3.200499272773896e-05]",0.0009765625,0.749360444159971,17,0,0,0,0
15,turningCrossing,5,22,0,7.7627982825232,1.666893916275894,0,1.666893916275894,-0.749360444159971,-1.3652414081063786,-0.700453009929056,501.28578284103787,7.7627982825232,"[-0.45828218732356163, -0.5643988852212735, -0.05811532962453963, -0.12524761065974666, 0.09814819992684581, 0.03897773551337965, -3.414673902998823e-05, -3.733915818248182e-05]",0.0009765625,0.749360444159971,17,0,0,0,0
15,turningCrossing,5,23,0,6.950957513362915,1.666893916275894,0,1.666893916275894,-0.749360444159971,-1.2987357500857608,-0.6339473519084249,501.08684872671574,6.950957513362915,"[-0.508733733115406, -0.4276638061645473, -0.04598440723242081, -0.1385977420999911, 0.09662537155889263, 0.03928130986679494, -3.658579181782467e-05, -4.000624090984978e-05]",0.0009765625,0.749360444159971,17,0,0,0,0
15,turningCrossing,5,24,0,7.563324771996556,1.666893916275894,0,1.666893916275894,-0.749360444159971,-1.4846113147818265,-0.8198229166045008,501.0242825305354,7.563324771996556,"[-0.4659853289502536, -0.5183205744782389, -0.0582282105981281, -0.13448498957536614, 0.10260959677485586, 0.019071404455235447, -3.429917982924449e-05, -3.7505850852943834e-05]",0.0009765625,0.749360444159971,17,0,0,0,0
15,turningCrossing,5,25,0,7.125055812075536,1.666893916275894,0,1.666893916275894,-0.749360444159971,-1.3916735324337937,-0.72688513425647,501.0034273813078,7.125055812075536,"[-0.490034665706375, -0.4540484578016656, -0.0513983378618067, -0.1344202448504781, 0.10221233751308004, 0.031246402732719315, -3.544248582353458e-05, -3.8756045881396806e-05]",0.0009765625,0.749360444159971,17,0,0,0,0
15,turningCrossing,5,26,0,3.1491918659731497,1.2935206111453297,0,1.2935206111453297,-1.3863919867145638,-0.6647883983084135,-1.3108780207160553e-10,306.83318985181916,3.1491918659731497,"[-0.2893644180451673, -0.17192916308649667, -0.0034063478643897704, -0.07767741715587384, -0.0038163737966191093, 0.00011547850938116958, -8.084863878256802e-05, -8.048728815011896e-05]",0.0009765625,1.3863919867145638,16,0,0,0,0
15,turningCrossing,5,27,0,1.3863919867145638,1.2935206111453297,0,1.2935206111453297,-1.3863919867145638,-0.8276856399698087,-0.16289724179248544,307.2878004037701,1.3469747295599697,"[-0.12613368129279934, -0.032009354609191285, 0.01664104252368178, -0.007877402449384618, -0.026201499412704755, -0.01011574200409366, -4.042431939132397e-05, -4.02436440750803e-05]",0.0009765625,1.3863919867145638,16,0,0,0,0
15,turningCrossing,5,28,0,1.6813763485050575,1.2935206111453297,0,1.2935206111453297,-1.3863919867145638,-0.929274339703614,-0.26448594152628124,308.2360315376876,1.6813763485050575,"[-0.0065727248349958245, -0.029235118960823363, 0.02131635288941535, -0.09301988561835373, 0.003040698197443563, 0.19877381544966566, -5.4704775865471733e-17, 2.1510571102112408e-16]",0.0009765625,1.3863919867145638,16,0,0,0,0
15,turningCrossing,5,29,0,1.3863919867145638,1.2935206111453297,0,1.2935206111453297,-1.3863919867145638,-0.8784799898367113,-0.21369159165937623,308.0269488980034,1.1166871818493762,"[-0.06426080809502821, -0.09397978211369687, -0.0030569687324653793, -0.031214991263050607, 0.04337407785228154, 0.08956082070863768, -2.0212159695689336e-05, -2.0121822037432596e-05]",0.0009765625,1.3863919867145638,16,0,0,0,0
15,turningCrossing,5,30,0,4.322126570354555,1.2935206111453297,0,1.2935206111453297,-1.3863919867145638,-1.3367728520060425,-0.6719844538287203,307.90777355905675,4.322126570354555,"[-0.055859216822312874, 0.1894781949398677, 0.05202416129401486, -0.1804946905571061, 0.03561596558754971, 0.26141277188355116, -1.0106079847761757e-05, -1.00609110188013e-05]",0.0009765625,1.3863919867145638,16,0,0,0,0
15,turningCrossing,5,31,0,1.981596159305027,1.2935206111453297,0,1.2935206111453297,-1.3863919867145638,-1.1076264209213769,-0.44283802274404827,307.6332803067411,1.981596159305027,"[-0.04459575167281571, 0.05501570285726454, 0.027125889875047174, 0.004116742600199785, 0.016241765374459562, 0.16463774828114064, -1.5159119771725546e-05, -1.5091366528115213e-05]",0.0009765625,1.3863919867145638,16,0,0,0,0
15,turningCrossing,5,32,0,1.3863919867145638,1.2935206111453297,0,1.2935206111453297,-1.3863919867145638,-0.9930532053790441,-0.32826480720171225,307.74468770450096,0.7440796000882318,"[-0.05386484111531331, -0.05286783607659637, 0.003179284786907009, -0.01485337811295473, 0.028974681780759327, 0.0789762750512974, -1.7685639733707442e-05, -1.760659428277564e-05]",0.0009765625,1.3863919867145638,16,0,0,0,0
15,turningCrossing,5,33,0,1.6721238534570262,1.2935206111453297,0,1.2935206111453297,-1.3863919867145638,-1.0105385537997837,-0.34575015562246114,307.66089570906877,1.6721238534570262,"[-0.049511653716692194, -0.08727392718655844, -0.02192157622768449, -0.06025031403252079, 0.10511846726820497, 0.0675897394733532, -1.3264229800302492e-05, -1.320494571209821e-05]",0.0009765625,1.3863919867145638,16,0,0,0,0
15,turningCrossing,5,34,0,1.3863919867145638,1.2935206111453297,0,1.2935206111453297,-1.3863919867145638,-1.001795879589414,-0.3370074814120796,307.6821644435083,0.8586348104490272,"[-0.047950167334860794, -0.06252547993993737, -0.005001318481203842, -0.017125342363495832, 0.05389630936718103, 0.07690253394096289, -1.547493476700497e-05, -1.5405769997436924e-05]",0.0009765625,1.3863919867145638,16,0,0,0,0
15,turningCrossing,5,35,0,1.3863919867145638,1.2935206111453297,0,1.2935206111453297,-1.3863919867145638,-0.997424542484229,-0.3326361443068959,307.7155797349162,0.7254782835352935,"[-0.05044466941258463, -0.05263883424563734, 0.0017565327583788444, -0.013065214924926849, 0.03370306956663832, 0.080096661619547, -1.6580287250356206e-05, -1.6506182140108017e-05]",0.0009765625,1.3863919867145638,16,0,0,0,0
15,turningCrossing,5,36,0,2.7301788818414896,1.2935206111453297,0,1.2935206111453297,-1.3863919867145638,-1.1508476673361856,-0.48605926915885056,307.11470378632606,2.7301788818414896,"[-0.06744790776595266, 0.08637247881000643, 0.03611217179710376, -0.1731388296421592, -0.0225319690925877, 0.030436539939819197, -1.2435215437766212e-05, -1.2379636605278771e-05]",0.0009765625,1.3863919867145638,16,0,0,0,0
15,turningCrossing,5,37,0,1.3863919867145638,1.2935206111453297,0,1.2935206111453297,-1.3863919867145638,-1.0741361049102072,-0.40934770673288035,307.2750420011281,0.8520207166981226,"[-0.053042944485241605, -0.03329613228901814, -0.001125465825385641, -0.07075114658285386, 0.0396259978219755, 0.034842963388022806, -1.4507751344061208e-05, -1.4442909372691659e-05]",0.0009765625,1.3863919867145638,16,0,0,0,0
15,turningCrossing,5,38,0,1.3863919867145638,1.2935206111453297,0,1.2935206111453297,-1.3863919867145638,-1.035780323697218,-0.37099192551989524,307.5053392389485,0.8239667791311774,"[-0.049209854513634355, -0.05745813183492072, -0.004726895982254039, -0.02711932475098955, 0.048295502740881444, 0.05907656540915113, -1.5544019297208707e-05, -1.5474545756399838e-05]",0.0009765625,1.3863919867145638,16,0,0,0,0
15,turningCrossing,5,39,0,1.3863919867145638,1.2935206111453297,0,1.2935206111453297,-1.3863919867145638,-1.0166024330907235,-0.3518140349133956,307.6168297099679,0.721991326441303,"[-0.04917785106759709, -0.05347422167161519, -8.192294310491036e-05, -0.015565210126968765, 0.03739281952082473, 0.07346766947462992, -1.6062153273782456e-05, -1.5990363948253927e-05]",0.0009765625,1.3863919867145638,16,0,0,0,0
8,brakingLead,30,1,0,1.906,0,0,0,-1.906,0,0.16643012590608494,0,-0.00012207031243505552,"[-7.105427357601002e-15, 0, 0, 0, 0, 0, 0, 0]",0.0001220703125,1.906,67,0,0,0,0
8,brakingLead,30,2,0,18.60783498734105,0.26578271874337983,0,0.26578271874337983,-2.3406411980117983,1.8453031784900518,2.011733304396134,176.1469639385754,18.60783498734105,"[-0.8146805163538318, -1.8037243210206608, -0.047589497724861186, -0.19338471602577112, 0.005581270755362744, 0.001686703226791102, 8.561072981361217e-06, -2.2271322147604522e-08]",0.0001220703125,2.3406411980117983,100,0,0,0,0
8,brakingLead,30,3,0,19.547186008365202,0.26578271874337983,0,0.26578271874337983,-2.3406411980117983,1.57254578909184,1.7389759149979256,166.89253806203433,19.547186008365202,"[-0.7580056767857215, -1.6841245004192134, -0.1189033651257221, -0.5037651790935902, 0.002054224199744892, 0.001013511587473908, 4.2805364908665214e-06, -1.1135661025230004e-08]",0.0001220703125,2.3406411980117983,100,0,0,0,0
8,brakingLead,30,4,0,16.733483700223196,0.26578271874337983,0,0.26578271874337983,-2.3406411980117983,1.7089244837909459,1.8753546096970297,165.12700608592428,16.733483700223196,"[-0.725151949938386, -1.5624719297562346, -0.0608675449764775, -0.2684075609098313, 0.004663959631496581, 0.0014226273869363338, 6.42080473611387e-06, -1.6703491586417263e-08]",0.0001220703125,2.3406411980117983,100,0,0,0,0
8,brakingLead,30,5,0,16.349760839489317,0.26578271874337983,0,0.26578271874337983,-2.3406411980117983,1.4362851971159258,1.6027153230220137,159.8493442446369,16.349760839489317,"[-0.5796660394535209, -1.3867075467682035, -0.10198401243968916, -0.544395939194982, -0.04287002720354059, -0.016850528540654202, 3.2104023682594508e-06, -8.351745701268287e-09]",0.0001220703125,2.3406411980117983,100,0,0,0,0
8,brakingLead,30,6,0,15.686059137336597,0.26578271874337983,0,0.26578271874337983,-2.3406411980117983,1.4191890122472868,1.585619138153372,159.1492906061292,15.686059137336597,"[-0.5154462103767656, -1.3491466668557413, -0.09978459259291235, -0.4972315559318998, -0.04123188743665136, -0.016025792327526968, 2.8091020722122557e-06, -7.307777527207349e-09]",0.0001220703125,2.3406411980117983,100,0,0,0,0
8,brakingLead,30,7,0,17.99302602728175,0.26578271874337983,0,0.26578271874337983,-2.3406411980117983,1.7374059899704533,1.9038361158765398,166.55577869356244,17.99302602728175,"[-0.45176054019211165, -1.6006888947239237, -0.1243438964006119, -0.4330728946024198, -0.03068187739975515, -0.012367123624147538, 2.457964313101137e-06, -6.39430519644435e-09]",0.0001220703125,2.3406411980117983,100,0,0,0,0
8,brakingLead,30,8,0,14.313001461105133,0.26578271874337983,0,0.26578271874337983,-2.3406411980117983,1.57829750110887,1.7447276270149559,157.78279757057695,14.313001461105133,"[-0.47380054416397854, -1.2525950234117535, -0.08292288435251745, -0.46293007223215277, -0.036441904540602955, -0.014333451727178152, 2.6335331926566966e-06, -6.8510413609584875e-09]",0.0001220703125,2.3406411980117983,100,0,0,0,0
8,brakingLead,30,9,0,15.146714427368968,0.26578271874337983,0,0.26578271874337983,-2.3406411980117983,1.5725160638816766,1.7389461897877638,159.0453414026901,15.146714427368968,"[-0.43853986591933847, -1.3276231341703575, -0.1003780722669674, -0.4255966217641074, -0.03361201294762031, -0.013319153195938621, 2.468937368066326e-06, -6.4228512421798944e-09]",0.0001220703125,2.3406411980117983,100,0,0,0,0
8,brakingLead,30,10,0,14.55402096731794,0.26578271874337983,0,0.26578271874337983,-2.3406411980117983,1.5754067824952733,1.7418369084013563,158.12628883454798,14.55402096731794,"[-0.45686634661915804, -1.2752794671249614, -0.08934105497736682, -0.44561522546896004, -0.03513232057940683, -0.013848287378152167, 2.551235280361511e-06, -6.636946301569191e-09]",0.0001220703125,2.3406411980117983,100,0,0,0,0
8,brakingLead,30,11,0,4.319441120637048,0.17558948458750548,0,0.17558948458750548,-2.0233397709382897,0.9023340984827097,1.0687642243887965,64.99289412433994,4.319441120637048,"[-0.2823279388611297, -0.3688029988521682, -0.006676561688928211, -0.05380317639745957, 0.001322015241091997, 0.00032377354703269103, 8.578090091845847e-06, -8.300677063755035e-08]",0.0001220703125,2.0233397709382897,107,0,0,0,0
8,brakingLead,30,12,0,2.0233397709382897,0.17558948458750548,0,0.17558948458750548,-2.0233397709382897,0.696696063434159,0.8631261893402453,63.46676315168003,1.6140067935646305,"[-0.07613439146103929, -0.10413537013601763, -0.011044633298291293, -0.09378101009751738, 0.001911202289072143, 0.0005728550158011714, 8.277544773747925e-17, 5.204170427930421e-18]",0.0001220703125,2.0233397709382897,107,0,0,0,0
8,brakingLead,30,13,0,2.0233397709382897,0.17558948458750548,0,0.17558948458750548,-2.0233397709382897,0.6722941730505878,0.838724298956673,63.583900944464496,0.03336220719096646,"[-0.0022036118794446224, -0.0013395674324683028, -0.00024253745080972736, -0.0020745286335337454, -6.45534411949639e-05, -3.494716616341829e-05, 2.1775988550023096e-17, -1.3877787807814457e-17]",0.0001220703125,2.0233397709382897,107,0,0,0,0
8,brakingLead,30,14,0,2.0233397709382897,0.17558948458750548,0,0.17558948458750548,-2.0233397709382897,0.6713907268034487,0.8378208527095368,63.58693717477546,-0.0001189060095490297,"[-2.233392137895862e-07, 1.853677235898314e-07, 1.9780799170261883e-08, -1.0813158812794654e-07, -5.876729689284926e-09, 1.4330884252269888e-08, 1.6636611439879095e-19, 5.204170427930421e-18]",0.0001220703125,2.0233397709382897,107,0,0,0,0
8,brakingLead,30,15,0,1.9363845833215567,0.046661290959749975,0,0.046661290959749975,-1.9363845833215567,0.46132638981517504,0.6277565157212621,16.760033108372753,1.129474696441768,"[-0.07689486163965142, -0.09385985085709854, -0.0016658697306445897, -0.014888724824081656, 0.00035666035425167933, 6.265425334955431e-05, 8.59933608802696e-06, -1.0943438166766128e-07]",0.0001220703125,1.9363845833215567,112,0,0,0,0
8,brakingLead,30,16,0,1.9171704317356826,0.046661290959749975,0,0.046661290959749975,-1.9171704317356826,0.4055434204972222,0.5719735464033093,16.614062321353558,0.09104594935490255,"[-0.00527507639473157, -0.004766181342008893, -0.00045315276093339546, -0.006300227869475705, 0.0002516262924218609, 5.3509402030258916e-05, -2.4255635477574145e-17, 4.85722573273506e-17]",0.0001220703125,1.9171704317356826,112,0,0,0,0
8,brakingLead,30,17,0,1.916697760880896,0.046661290959749975,0,0.046661290959749975,-1.916697760880896,0.4038955601200442,0.5703256860261263,16.61595373172512,-7.855466901774617e-05,"[-3.536724882735598e-06, 9.211395757704064e-07, -1.6635152959173716e-07, -2.969130167507217e-06, 2.2435050326425442e-07, 7.613388567865186e-08, -4.357186001579337e-19, -3.469446951953614e-18]",0.0001220703125,1.916697760880896,112,0,0,0,0
8,brakingLead,30,18,0,1.9071243897524084,0.011999523004889026,0,0.011999523004889026,-1.9071243897524084,0.16643728507285205,0.3328674109789375,4.319752951723384,0.24156733102808944,"[-0.016469156994048717, -0.020249095508380166, -0.00029722411248586737, -0.0030199945256663696, 0.00012419266086092408, 7.319198640875897e-06, 8.574702265654391e-06, -1.3533525100584143e-07]",0.0001220703125,1.9071243897524084,114,0,0,0,0
8,brakingLead,30,19,0,1.89911582610273,0.011999523004889026,0,0.011999523004889026,-1.89911582610273,0.15445654044618418,0.3208866663522684,4.306843684483668,0.004077966942602357,"[-0.0002471456464405719, -0.00021301241620687495, -2.1027841013362993e-05, -0.0002914713221828791, 1.3629598941989878e-05, 3.36718990759845e-06, 9.046311876675928e-18, 1.214306433183765e-17]",0.0001220703125,1.89911582610273,114,0,0,0,0
8,brakingLead,30,20,0,1.8990779885058686,0.011999523004889026,0,0.011999523004889026,-1.8990779885058686,0.1543808159346106,0.3208109418406934,4.306850622933828,-0.00012198053462840514,"[-6.8257577368058264e-09, 2.6630505350121544e-09, -5.974542721116757e-10, -6.372389727005157e-09, -7.993295094818567e-10, -8.527384615767327e-10, 8.687865966759308e-21, 0]",0.0001220703125,1.8990779885058686,114,0,0,0,0
8,brakingLead,30,21,0,1.8934464842544723,0.05862791905706894,0,0.05862791905706894,-1.8934464842544723,0.5450056320775966,0.7114357579836821,21.98522615670224,0.5933602637637995,"[-0.04766996372678989, -0.040966819772111064, -0.0008199251169471397, -0.010859784527620597, 0.00016198858805970386, 1.865587570373529e-05, 8.543096818280577e-06, -1.4594493690997523e-07]",0.0001220703125,1.8934464842544723,112,0,0,0,0
8,brakingLead,30,22,0,1.885752692195255,0.05862791905706894,0,0.05862791905706894,-1.885752692195255,0.5109027475299983,0.6773328734360817,21.941191783019413,0.016903012048251467,"[-0.0009754208523204966, -0.0008875541198717211, -9.477387043380194e-05, -0.0011535718111481685, 4.458458852031179e-05, 1.1014866097602352e-05, 1.5619287547369298e-18, -1.5439038936193583e-16]",0.0001220703125,1.885752692195255,112,0,0,0,0
8,brakingLead,30,23,0,1.8856868766639618,0.05862791905706894,0,0.05862791905706894,-1.8856868766639618,0.5106002489294041,0.677030374835492,21.941340522599745,-0.00012071034884918306,"[-1.1109777631190809e-07, 4.141663832735983e-08, -7.663784952378396e-09, -8.659600059246486e-08, -1.0019866770824589e-08, -9.965189661753696e-09, -1.7782546753626852e-19, 0]",0.0001220703125,1.8856868766639618,112,0,0,0,0
8,brakingLead,30,24,0,1.8556278474675916,0.16047721604429654,0,0.16047721604429654,-1.8556278474675916,0.9988814128517478,1.1653115387578297,64.2149620325378,0.9577354681659714,"[-0.08029329320563505, -0.061160746598719055, -0.0012151402664011181, -0.01950018679398635, 0.0002199431832993036, 3.649847351156739e-05, 8.559149419771514e-06, -6.67075612352519e-08]",0.0001220703125,1.8556278474675916,110,0,0,0,0
8,brakingLead,30,25,0,1.8523836056033398,0.16047721604429654,0,0.16047721604429654,-1.8523836056033398,0.9410543107330965,1.1074844366391787,64.12886534152446,0.03900702749460135,"[-0.002173565825493995, -0.0021345475424027842, -0.00021943352635688532, -0.0026229794002015083, 8.328625947904445e-05, 2.129208361244434e-05, -5.1990882302468955e-18, -1.734723475976807e-17]",0.0001220703125,1.8523836056033398,110,0,0,0,0
8,brakingLead,30,26,0,1.8523416288421881,0.16047721604429654,0,0.16047721604429654,-1.8523416288421881,0.9403765124726658,1.1068066383787525,64.12958644022474,-0.0001136620818132241,"[-7.04616333280228e-07, 1.490627191142602e-08, -5.7161862830551415e-08, -5.024333420422522e-07, -3.1990431577543683e-08, -3.0080262682358194e-08, -8.76436899667245e-20, 0]",0.0001220703125,1.8523416288421881,110,0,0,0,0
8,brakingLead,30,27,0,1.7549945457820264,0.34373901814918156,0,0.34373901814918156,-1.7549945457820264,1.550727374995942,1.7171575009020288,150.29190351425498,1.5952611707819668,"[-0.13528334867884695, -0.09806905647953196, -0.002114257020674718, -0.035452688772453556, 0.0003224635536699631, 6.778464129812147e-05, 8.554895714666439e-06, -3.059447523448555e-08]",0.0001220703125,1.7549945457820264,108,0,0,0,0
8,brakingLead,30,28,0,1.7549713063642283,0.34373901814918156,0,0.34373901814918156,-1.7549713063642283,1.4521957426588306,1.618625868564915,150.12316556074006,0.106221753738674,"[-0.005535116265328099, -0.00626941406193582, -0.0005988933190934156, -0.007008277301633115, 0.0002362240001701272, 5.659904795286431e-05, -2.094373665380983e-17, 2.949029909160572e-17]",0.0001220703125,1.7549713063642283,108,0,0,0,0
8,brakingLead,30,29,0,1.7549708912625472,0.34373901814918156,0,0.34373901814918156,-1.7549708912625472,1.450472115984893,1.616902241890979,150.12725910440236,-2.1500766658867678e-05,"[-7.120819510930687e-06, -3.2766030920498846e-06, -8.012946236484836e-07, -5.8690618116585824e-06, -1.7534489498750936e-07, -1.7212708627198872e-07, 3.9494743475999954e-18, 0]",0.0001220703125,1.7549708912625472,108,0,0,0,0
8,brakingLead,30,30,0,1.8304225956337457,0.6343035720154372,0,0.6343035720154372,-1.477817315916649,2.199592007829476,2.3660221337355583,292.22279781411544,1.8304225956337457,"[-0.17630966701830175, -0.06851759069899838, -0.002497266851927733, -0.04561870947490654, 0.0005056665930358807, 0.00011496503433659179, 8.617089979655109e-06, 9.82413210504074e-09]",0.0001220703125,1.477817315916649,107,0,0,0,0
8,brakingLead,30,31,0,1.477817315916649,0.6343035720154372,0,0.6343035720154372,-1.477817315916649,2.0719209264894234,2.2383510523955112,292.16814525627154,0.04829543907103131,"[-0.0025826518439302504, -0.0024715295378369756, -0.00028163166855975087, -0.0035058215039445173, 0.0001268407516351609, 3.4284527462176935e-05, -2.795716945707544e-17, -2.7755575615628914e-17]",0.0001220703125,1.477817315916649,107,0,0,0,0
8,brakingLead,30,32,0,1.477817315916649,0.6343035720154372,0,0.6343035720154372,-1.477817315916649,2.071224469117175,2.2376545950232614,292.1702535526071,-0.00010843993462795429,"[-1.0080992396410693e-06, -1.4242124249336816e-07, -1.2090015093770475e-07, -8.801556630189111e-07, -7.848204701174254e-08, -6.562077891131026e-08, -6.411285346600594e-19, -1.734723475976807e-18]",0.0001220703125,1.477817315916649,107,0,0,0,0
8,brakingLead,30,33,0,1.1516519359302677,0.5117253823227585,0,0.5117253823227585,-0.8225735148335358,3.0097211344684744,3.176151260374563,342.58342958092,1.1516519359302677,"[-0.062486239592075776, 0.10325244850578667, 0.0016790739313072554, -0.03180238913593669, 0.0007260453240635256, 0.00018199048962875045, 8.531802314029666e-06, 5.429883416160908e-09]",0.0001220703125,0.8225735148335358,105,0,0,0,0
8,brakingLead,30,34,0,0.8225735148335358,0.5117253823227585,0,0.5117253823227585,-0.8225735148335358,2.9893589808997927,3.1557891068058797,342.96481061170243,0.28259751495196656,"[-0.009891009003965223, -0.0220348558710198, -0.0019242683362797846, -0.01352880676165924, 0.0010530066486099004, 0.0003186089929398836, 3.2209274852292025e-17, 7.806255641895632e-17]",0.0001220703125,0.8225735148335358,105,0,0,0,0
8,brakingLead,30,35,0,0.8225735148335358,0.5117253823227585,0,0.5117253823227585,-0.8225735148335358,2.9862660474163767,3.152696173322464,342.90855871468807,0.0021388788205354598,"[-0.0001089391321542621, -0.00014814477651733333, -2.020831287123822e-05, -9.200063324588115e-05, 2.042618491356298e-06, 2.5505199750496403e-07, -4.388417482791157e-19, -1.734723475976807e-18]",0.0001220703125,0.8225735148335358,105,0,0,0,0
8,brakingLead,30,36,0,0.8225735148335358,0.5117253823227585,0,0.5117253823227585,-0.8225735148335358,2.986214029848831,3.1526441557549165,342.9083581605638,-0.00012202814357444804,"[-3.216122479443584e-09, -1.6577381523302978e-09, -2.859117132394005e-10, -2.030083656734405e-09, -2.038082601443108e-11, -2.6296455495475214e-11, -9.498922370322844e-21, 0]",0.0001220703125,0.8225735148335358,105,0,0,0,0
8,brakingLead,30,37,0,1.4250494731972365,0.5332963891910681,0,0.5332963891910681,0.013921646665478576,4.1767968156915725,4.343226941597659,467.051412616234,1.4250494731972365,"[-0.08367364881357275, 0.12138458783384469, 0.0019188601403771844, -0.045391382297057525, 0.0014040555909826194, 0.0005340068871978361, 8.004336971359483e-06, 6.56534917403695e-09]",0.0001220703125,0,1,0,0,0,0
8,brakingLead,30,38,0,0.3846689973817435,0.5332963891910681,0,0.5332963891910681,0.013921646665478576,4.141016056135061,4.307446182041143,468.0497392992897,0.3846689973817435,"[-0.015340547608857946, -0.029138324108432312, -0.002721199353822959, -0.017356169840036628, 0.0013292584333610578, 0.00047136361143273943, 3.3212161861841116e-17, 2.2551405187698492e-17]",0.0001220703125,0,1,0,0,0,0
8,brakingLead,30,39,0,0.00445078200807788,0.5332963891910681,0,0.5332963891910681,0.013921646665478576,4.136751035125384,4.30318116103147,467.90629319634496,0.00445078200807788,"[-0.00023212770224745327, -0.000276342770806574, -4.480965294997485e-05, -0.00018235654428178094, -2.5903008136213612e-06, -2.331152158319847e-06, 2.9246103155064247e-19, -3.469446951953614e-18]",0.0001220703125,0,1,0,0,0,0
8,brakingLead,30,40,0,0,0.5332963891910681,0,0.5332963891910681,0.013921646665478576,4.136649646314318,4.303079772220403,467.90556784962064,-0.00012188946062436815,"[-1.311495623212977e-08, -7.772361161714878e-09, -1.362629296444108e-09, -8.466319201261285e-09, -3.4626187118010266e-10, -1.0537538109807884e-10, -5.3310530190661444e-21, 0]",0.0001220703125,0,1,0,0,0,0
8,brakingLead,5,1,0,1.906,0,0,0,-1.906,0,0.16643012590608494,0,-0.00012207031243505552,"[-7.105427357601002e-15, 0, 0, 0, 0, 0, 0, 0]",0.0001220703125,1.906,67,0,0,0,0
8,brakingLead,5,2,0,18.60783498734105,0.26578271874337983,0,0.26578271874337983,-2.3406411980117983,1.8453031784900518,2.011733304396134,176.1469639385754,18.60783498734105,"[-0.8146805163538318, -1.8037243210206608, -0.047589497724861186, -0.19338471602577112, 0.005581270755362744, 0.001686703226791102, 8.561072981361217e-06, -2.2271322147604522e-08]",0.0001220703125,2.3406411980117983,100,0,0,0,0
8,brakingLead,5,3,0,19.547186008365202,0.26578271874337983,0,0.26578271874337983,-2.3406411980117983,1.57254578909184,1.7389759149979256,166.89253806203433,19.547186008365202,"[-0.7580056767857215, -1.6841245004192134, -0.1189033651257221, -0.5037651790935902, 0.002054224199744892, 0.001013511587473908, 4.2805364908665214e-06, -1.1135661025230004e-08]",0.0001220703125,2.3406411980117983,100,0,0,0,0
8,brakingLead,5,4,0,16.733483700223196,0.26578271874337983,0,0.26578271874337983,-2.3406411980117983,1.7089244837909459,1.8753546096970297,165.12700608592428,16.733483700223196,"[-0.725151949938386, -1.5624719297562346, -0.0608675449764775, -0.2684075609098313, 0.004663959631496581, 0.0014226273869363338, 6.42080473611387e-06, -1.6703491586417263e-08]",0.0001220703125,2.3406411980117983,100,0,0,0,0
8,brakingLead,5,5,0,16.349760839489317,0.26578271874337983,0,0.26578271874337983,-2.3406411980117983,1.4362851971159258,1.6027153230220137,159.8493442446369,16.349760839489317,"[-0.5796660394535209, -1.3867075467682035, -0.10198401243968916, -0.544395939194982, -0.04287002720354059, -0.016850528540654202, 3.2104023682594508e-06, -8.351745701268287e-09]",0.0001220703125,2.3406411980117983,100,0,0,0,0
8,brakingLead,5,6,0,15.686059137336597,0.26578271874337983,0,0.26578271874337983,-2.3406411980117983,1.4191890122472868,1.585619138153372,159.1492906061292,15.686059137336597,"[-0.5154462103767656, -1.3491466668557413, -0.09978459259291235, -0.4972315559318998, -0.04123188743665136, -0.016025792327526968, 2.8091020722122557e-06, -7.307777527207349e-09]",0.0001220703125,2.3406411980117983,100,0,0,0,0
8,brakingLead,5,7,0,17.99302602728175,0.26578271874337983,0,0.26578271874337983,-2.3406411980117983,1.7374059899704533,1.9038361158765398,166.55577869356244,17.99302602728175,"[-0.45176054019211165, -1.6006888947239237, -0.1243438964006119, -0.4330728946024198, -0.03068187739975515, -0.012367123624147538, 2.457964313101137e-06, -6.39430519644435e-09]",0.0001220703125,2.3406411980117983,100,0,0,0,0
8,brakingLead,5,8,0,14.313001461105133,0.26578271874337983,0,0.26578271874337983,-2.3406411980117983,1.57829750110887,1.7447276270149559,157.78279757057695,14.313001461105133,"[-0.47380054416397854, -1.2525950234117535, -0.08292288435251745, -0.46293007223215277, -0.036441904540602955, -0.014333451727178152, 2.6335331926566966e-06, -6.8510413609584875e-09]",0.0001220703125,2.3406411980117983,100,0,0,0,0
8,brakingLead,5,9,0,15.146714427368968,0.26578271874337983,0,0.26578271874337983,-2.3406411980117983,1.5725160638816766,1.7389461897877638,159.0453414026901,15.146714427368968,"[-0.43853986591933847, -1.3276231341703575, -0.1003780722669674, -0.4255966217641074, -0.03361201294762031, -0.013319153195938621, 2.468937368066326e-06, -6.4228512421798944e-09]",0.0001220703125,2.3406411980117983,100,0,0,0,0
8,brakingLead,5,10,0,14.55402096731794,0.26578271874337983,0,0.26578271874337983,-2.3406411980117983,1.5754067824952733,1.7418369084013563,158.12628883454798,14.55402096731794,"[-0.45686634661915804, -1.2752794671249614, -0.08934105497736682, -0.44561522546896004, -0.03513232057940683, -0.013848287378152167, 2.551235280361511e-06, -6.636946301569191e-09]",0.0001220703125,2.3406411980117983,100,0,0,0,0
8,brakingLead,5,11,0,4.319441120637048,0.17558948458750548,0,0.17558948458750548,-2.0233397709382897,0.9023340984827097,1.0687642243887965,64.99289412433994,4.319441120637048,"[-0.2823279388611297, -0.3688029988521682, -0.006676561688928211, -0.05380317639745957, 0.001322015241091997, 0.00032377354703269103, 8.578090091845847e-06, -8.300677063755035e-08]",0.0001220703125,2.0233397709382897,107,0,0,0,0
8,brakingLead,5,12,0,2.0233397709382897,0.17558948458750548,0,0.17558948458750548,-2.0233397709382897,0.696696063434159,0.8631261893402453,63.46676315168003,1.6140067935646305,"[-0.07613439146103929, -0.10413537013601763, -0.011044633298291293, -0.09378101009751738, 0.001911202289072143, 0.0005728550158011714, 8.277544773747925e-17, 5.204170427930421e-18]",0.0001220703125,2.0233397709382897,107,0,0,0,0
8,brakingLead,5,13,0,2.0233397709382897,0.17558948458750548,0,0.17558948458750548,-2.0233397709382897,0.6722941730505878,0.838724298956673,63.583900944464496,0.03336220719096646,"[-0.0022036118794446224, -0.0013395674324683028, -0.00024253745080972736, -0.0020745286335337454, -6.45534411949639e-05, -3.494716616341829e-05, 2.1775988550023096e-17, -1.3877787807814457e-17]",0.0001220703125,2.0233397709382897,107,0,0,0,0
8,brakingLead,5,14,0,2.0233397709382897,0.17558948458750548,0,0.17558948458750548,-2.0233397709382897,0.6713907268034487,0.8378208527095368,63.58693717477546,-0.0001189060095490297,"[-2.233392137895862e-07, 1.853677235898314e-07, 1.9780799170261883e-08, -1.0813158812794654e-07, -5.876729689284926e-09, 1.4330884252269888e-08, 1.6636611439879095e-19, 5.204170427930421e-18]",0.0001220703125,2.0233397709382897,107,0,0,0,0
8,brakingLead,5,15,0,1.9363845833215567,0.046661290959749975,0,0.046661290959749975,-1.9363845833215567,0.46132638981517504,0.6277565157212621,16.760033108372753,1.129474696441768,"[-0.07689486163965142, -0.09385985085709854, -0.0016658697306445897, -0.014888724824081656, 0.00035666035425167933, 6.265425334955431e-05, 8.59933608802696e-06, -1.0943438166766128e-07]",0.0001220703125,1.9363845833215567,112,0,0,0,0
8,brakingLead,5,16,0,1.9171704317356826,0.046661290959749975,0,0.046661290959749975,-1.9171704317356826,0.4055434204972222,0.5719735464033093,16.614062321353558,0.09104594935490255,"[-0.00527507639473157, -0.004766181342008893, -0.00045315276093339546, -0.006300227869475705, 0.0002516262924218609, 5.3509402030258916e-05, -2.4255635477574145e-17, 4.85722573273506e-17]",0.0001220703125,1.9171704317356826,112,0,0,0,0
8,brakingLead,5,17,0,1.916697760880896,0.046661290959749975,0,0.046661290959749975,-1.916697760880896,0.4038955601200442,0.5703256860261263,16.61595373172512,-7.855466901774617e-05,"[-3.536724882735598e-06, 9.211395757704064e-07, -1.6635152959173716e-07, -2.969130167507217e-06, 2.2435050326425442e-07, 7.613388567865186e-08, -4.357186001579337e-19, -3.469446951953614e-18]",0.0001220703125,1.916697760880896,112,0,0,0,0
8,brakingLead,5,18,0,1.9071243897524084,0.011999523004889026,0,0.011999523004889026,-1.9071243897524084,0.16643728507285205,0.3328674109789375,4.319752951723384,0.24156733102808944,"[-0.016469156994048717, -0.020249095508380166, -0.00029722411248586737, -0.0030199945256663696, 0.00012419266086092408, 7.319198640875897e-06, 8.574702265654391e-06, -1.3533525100584143e-07]",0.0001220703125,1.9071243897524084,114,0,0,0,0
8,brakingLead,5,19,0,1.89911582610273,0.011999523004889026,0,0.011999523004889026,-1.89911582610273,0.15445654044618418,0.3208866663522684,4.306843684483668,0.004077966942602357,"[-0.0002471456464405719, -0.00021301241620687495, -2.1027841013362993e-05, -0.0002914713221828791, 1.3629598941989878e-05, 3.36718990759845e-06, 9.046311876675928e-18, 1.214306433183765e-17]",0.0001220703125,1.89911582610273,114,0,0,0,0
8,brakingLead,5,20,0,1.8990779885058686,0.011999523004889026,0,0.011999523004889026,-1.8990779885058686,0.1543808159346106,0.3208109418406934,4.306850622933828,-0.00012198053462840514,"[-6.8257577368058264e-09, 2.6630505350121544e-09, -5.974542721116757e-10, -6.372389727005157e-09, -7.993295094818567e-10, -8.527384615767327e-10, 8.687865966759308e-21, 0]",0.0001220703125,1.8990779885058686,114,0,0,0,0
8,turningCrossing,30,1,0,3.4004808357550593,0,0,0,-3.4004808357550593,0,0.015165345392162749,0,-0.00012207031237011103,"[1.4210854715202004e-14, 0, 0, 0, 0, 0, 0, 0]",0.0001220703125,3.4004808357550593,26,0,0,0,0
8,turningCrossing,30,2,0,10.938290980637072,0.6085639111358231,0,0.6085639111358231,-2.4457493731350435,0.03759645201051139,0.05276179740266707,63.307748081159794,10.938290980637072,"[-1.0810800843049577, 0.46364454797578597, 0.008618077940401538, -0.11498688040368243, -0.00023182796418670852, -6.239484531708984e-05, -9.03709399022179e-07, -7.168143979774388e-08]",0.0001220703125,2.4457493731350435,27,0,0,0,0
8,turningCrossing,30,3,0,2.4457493731350435,0.6085639111358231,0,0.6085639111358231,-2.4457493731350435,-0.7792989339701598,-0.7641335885779907,62.1964822226293,2.4117351201987405,"[-0.11976569401711856, 0.1342773111795742, 0.018207038150955673, -0.1534565480877612, 0.0031013013615097855, 0.0008664164753918414, -9.741778865930912e-17, -1.115427195053087e-15]",0.0001220703125,2.4457493731350435,27,0,0,0,0
8,turningCrossing,30,4,0,2.4457493731350435,0.6085639111358231,0,0.6085639111358231,-2.4457493731350435,-0.8111068915932126,-0.7959415462010495,62.385615590432636,0.04551668260336854,"[-0.003255701850250148, 0.0009873961575870647, 0.00026293192073014934, -0.0033123925096854023, 0.0001339130398364507, -4.118036824816842e-05, -1.5043764213400408e-17, -1.734723475976807e-18]",0.0001220703125,2.4457493731350435,27,0,0,0,0
8,turningCrossing,30,5,0,2.4457493731350435,0.6085639111358231,0,0.6085639111358231,-2.4457493731350435,-0.8121518014421427,-0.7969864560499784,62.3892195508987,-7.7068947734442e-05,"[-1.2217641938150337e-06, 7.252782376294778e-07, 1.6045323347121236e-07, -5.2059303925489075e-06, -9.890465316671758e-07, -9.831292918604718e-07, -4.467244613537448e-19, 0]",0.0001220703125,2.4457493731350435,27,0,0,0,0
8,turningCrossing,30,6,0,33.92311475791591,1.8314767324448726,0,1.8314767324448726,-0.6928682561064858,0.01940217848560233,0.034567523877768964,659.215320360453,33.92311475791591,"[-2.920408091744804, -2.256838740661795, -0.022016986105075086, -0.28171513338433307, -4.262320237964866e-05, 0.00020047320885975464, -4.916811022358551e-07, -6.202229885232668e-08]",0.0001220703125,0.6928682561064858,28,0,0,0,0
8,turningCrossing,30,7,0,30.103791211887614,1.8314767324448726,0,1.8314767324448726,-0.6928682561064858,-1.0009059369505788,-0.9857405915584108,636.1708949702318,30.103791211887614,"[-2.5455618616555142, -1.0250966700553346, 0.044683354159855276, -1.7574660758701457, -0.02269225442354578, -0.007196639746571129, -2.4584055114593623e-07, -3.101114947126615e-08]",0.0001220703125,0.6928682561064858,28,0,0,0,0
8,turningCrossing,30,8,0,21.579397789411335,1.8314767324448726,0,1.8314767324448726,-0.6928682561064858,-1.6387515504670653,-1.6235862050748968,635.2655622438295,21.579397789411335,"[-1.5799855717127684, -1.0787705669619128, 0.004150278198219824, -1.3836297515095062, -0.007123694431732288, -0.0016612261665480382, -1.2292027529155261e-07, -1.5505574648896903e-08]",0.0001220703125,0.6928682561064858,28,0,0,0,0
8,turningCrossing,30,9,0,16.7745780691315,1.8314767324448726,0,1.8314767324448726,-0.6928682561064858,-1.803019999910687,-1.787854654518522,634.7190689658956,16.7745780691315,"[-1.144388404882605, -1.0115220831343474, 0.009326352187284651, -1.0499454267436894, -0.00036348999237885876, 7.784752729630501e-05, -9.219020651563583e-08, -1.1629181012259848e-08]",0.0001220703125,0.6928682561064858,28,0,0,0,0
8,turningCrossing,30,10,0,14.150971893267911,1.8314767324448726,0,1.8314767324448726,-0.6928682561064858,-1.7881289063314443,-1.7729635609392849,634.3006981393593,14.150971893267911,"[-0.972192696995478, -0.8870222932358027, 0.026840566813662196, -0.8752188308076869, 0.00514563184280708, 0.0017667606706226143, -8.066643062953831e-08, -1.0175533349948696e-08]",0.0001220703125,0.6928682561064858,28,0,0,0,0
8,turningCrossing,30,11,0,13.398578940528205,1.8314767324448726,0,1.8314767324448726,-0.6928682561064858,-1.7610324750497313,-1.745867129657565,634.5376929364788,13.398578940528205,"[-0.8922473006553275, -0.8881319232446132, 0.013769817897312124, -0.7967622661529115, 0.007025819584700125, 0.002099382378557569, -7.562477880605391e-08, -9.53956254962085e-09]",0.0001220703125,0.6928682561064858,28,0,0,0,0
8,turningCrossing,30,12,0,7.080706212752527,1.2793654476141993,0,1.2793654476141993,-1.421444609249656,0.0012661278079716398,0.01643147320012895,244.5851971641904,7.080706212752527,"[-0.6628456311391346, -0.3944585795648897, -0.00017848876217783674, -0.06443622882823252, 5.486695548485226e-05, 7.886374845033816e-05, -3.0713461769738255e-07, -3.4090050879398426e-08]",0.0001220703125,1.421444609249656,27,0,0,0,0
8,turningCrossing,30,13,0,3.1543779034364428,1.2793654476141993,0,1.2793654476141993,-1.421444609249656,-0.47369867094468787,-0.4585333255525226,243.359564113327,3.1543779034364428,"[-0.17509173918013232, 0.13194795670706597, 0.01300227939412899, -0.26105745878588316, 0.006006644636657777, 0.001625669886584367, 8.77445665225466e-17, 9.8879238130678e-17]",0.0001220703125,1.421444609249656,27,0,0,0,0
8,turningCrossing,30,14,0,1.421444609249656,1.2793654476141993,0,1.2793654476141993,-1.421444609249656,-0.5000613085258406,-0.4848959631336809,243.28080961195184,0.1028591035286161,"[-0.006441188144833632, -0.003916493153355563, -4.512671438291579e-05, -0.008706404733636042, 0.0003569547814838255, -1.859968683915783e-05, -8.3602612963142e-18, -1.5612511283791264e-17]",0.0001220703125,1.421444609249656,27,0,0,0,0
8,turningCrossing,30,15,0,1.421444609249656,1.2793654476141993,0,1.2793654476141993,-1.421444609249656,-0.5014945400311491,-0.4863291946389834,243.2913315863559,1.5686264163393795e-05,"[-5.643766243679238e-06, 7.3241734807269834e-06, -1.5684262729704534e-06, -1.2703004472314205e-05, -4.938711419386146e-06, -2.811787326362449e-06, 5.221341865670709e-19, -3.469446951953614e-18]",0.0001220703125,1.421444609249656,27,0,0,0,0
8,turningCrossing,30,16,0,1.421444609249656,1.2793654476141993,0,1.2793654476141993,-1.421444609249656,-0.5014937288523021,-0.4863283834601331,243.2913301912838,-0.00012206889757962702,"[-7.177902716648532e-11, 5.587194712886896e-11, 3.831391702929927e-12, -1.2873169197291645e-10, -5.543620496648604e-11, -4.489376151822628e-11, -2.6798095473539398e-21, 0]",0.0001220703125,1.421444609249656,27,0,0,0,0
8,turningCrossing,30,17,0,13.16574483010298,1.9280834529827904,0,1.9280834529827904,-0.23937411517987917,0.022802188320443673,0.037967533712603314,653.1144451151403,13.16574483010298,"[-1.104227221470012, -0.915816603398761, -0.00708254875851638, -0.11756688330079257, -3.4557597719304466e-05, -2.9598865561644427e-06, -2.0356904405910693e-07, -3.2939059632641765e-08]",0.0001220703125,0.23937411517987917,27,0,0,0,0
8,turningCrossing,30,18,0,6.617141089612738,1.9280834529827904,0,1.9280834529827904,-0.23937411517987917,-0.7815909201671019,-0.766425574774942,651.124743805953,6.617141089612738,"[-0.424124139169507, 0.03340239825681754, 0.03964421692323038, -0.5736601582863248, -0.00819797190318343, -0.0038346107224317407, -3.3524743489157555e-17, -4.85722573273506e-17]",0.0001220703125,0.23937411517987917,27,0,0,0,0
8,turningCrossing,30,19,0,0.8568096778869287,1.9280834529827904,0,1.9280834529827904,-0.23937411517987917,-0.8719750232790927,-0.8568096778869287,651.7394141513184,0.6101384488209591,"[-0.010675013302801517, -0.006660487980671091, 0.013871335337617032, -0.02986361388230474, 0.0027406699584740816, 0.0012300997390935352, -8.682141520532868e-17, 1.3010426069826053e-16]",0.0001220703125,0.23937411517987917,27,0,0,0,0
8,turningCrossing,30,20,0,0.826862995710101,1.9280834529827904,0,1.9280834529827904,-0.23937411517987917,-0.8420283411022687,-0.826862995710101,652.1554707376183,0.5505663130867995,"[0.0025114926306031293, 0.02572439375441802, 0.009943003817339905, 0.0024160509559330023, -0.0007087375775314432, -8.721486404405258e-05, -7.938756161692201e-17, -2.949029909160572e-17]",0.0001220703125,0.23937411517987917,27,0,0,0,0
8,turningCrossing,30,21,0,0.7945272278820992,1.9280834529827904,0,1.9280834529827904,-0.23937411517987917,-0.8096925732742557,-0.7945272278820992,652.264644706697,0.09469129326039626,"[-0.0012478742224431016, 0.005751094415464032, 0.0014221276762126094, -0.0015130416542765701, 0.0001821082154116611, 3.283654910610498e-05, -1.838979791854099e-17, -1.734723475976807e-18]",0.0001220703125,0.23937411517987917,27,0,0,0,0
8,turningCrossing,30,22,0,0.7949406328824293,1.9280834529827904,0,1.9280834529827904,-0.23937411517987917,-0.8101059782745882,-0.7949406328824293,652.2520886678974,5.4778451781464245e-06,"[-5.953584576445792e-06, -7.415915112901638e-07, 1.0163697702143846e-06, -1.2766652449869298e-05, 3.282522783236437e-06, 1.2767110310241801e-06, 4.1958578668634857e-19, -1.734723475976807e-18]",0.0001220703125,0.23937411517987917,27,0,0,0,0
8,turningCrossing,30,23,0,1.986909216893562,2.074766522973742,0,2.074766522973742,0.1412222851960918,0.12534312523186064,0.1405084706240276,837.0438899669956,1.986909216893562,"[-0.1644934092193182, -0.14670129919313116, 0.0012218869553028363, -0.014162049893304385, 0.000441056841430798, 0.0001739202465117921, -8.806377364514308e-06, 1.2178555445895717e-06]",0.0001220703125,0,1,0,0,0,0
8,turningCrossing,30,24,0,0.5987317841415377,2.074766522973742,0,2.074766522973742,0.1412222851960918,0.06504843186845573,0.08021377726062462,837.9873533579215,0.5987317841415377,"[0.022599123607065508, -0.027403961234739864, 0.013291595056672066, 0.02978434473618563, 0.01694266717305418, 0.00656807803658063, -1.9981507225728945e-17, 3.122502256758253e-17]",0.0001220703125,0,1,0,0,0,0
8,turningCrossing,30,25,0,2.05043486498585,2.074766522973742,0,2.074766522973742,0.1412222851960918,0.06033981114258663,0.07550515653474599,838.3865805793849,2.05043486498585,"[0.005166900742779035, 0.09073023818676802, 0.03679302291928404, 0.05061408353833485, 0.006787919333152743, 0.004506212364951861, 1.887395031016182e-17, 8.153200337090993e-17]",0.0001220703125,0,1,0,0,0,0
8,turningCrossing,30,26,0,0.6670056761374734,2.074766522973742,0,2.074766522973742,0.1412222851960918,0.06269412150552117,0.0778594668976782,838.1437340743225,0.6670056761374734,"[0.01322793915862519, 0.006209033685068376, 0.013997876946473527, 0.029167595458847728, 0.009553797410948722, 0.003916663668651676, -5.53778457783563e-19, 5.551115123125783e-17]",0.0001220703125,0,1,0,0,0,0
8,turningCrossing,30,27,0,0.5058689606197475,2.074766522973742,0,2.074766522973742,0.1412222851960918,0.06387127668698846,0.0790366220791443,838.059207776285,0.5058689606197475,"[0.01732103188119538, -0.016439635477853005, 0.011286737038598163, 0.025357520470130623, 0.012886783918100818, 0.005005333598094686, -1.0267642841756254e-17, 4.336808689942018e-17]",0.0001220703125,0,1,0,0,0,0
8,turningCrossing,30,28,0,0.6906209880364205,2.074766522973742,0,2.074766522973742,0.1412222851960918,0.06908590716300175,0.08425125255516286,838.2939861671632,0.6906209880364205,"[0.005813576799184261, 0.027913193668161456, 0.011339470795702303, 0.03798586064817755, 0.0034898600232064177, 0.00016415103846174263, -6.666024196072605e-17, -2.6020852139652106e-17]",0.0001220703125,0,1,0,0,0,0
8,turningCrossing,30,29,0,0.40899573144806334,2.074766522973742,0,2.074766522973742,0.1412222851960918,0.06647859192499511,0.08164393731715358,838.1701086657276,0.40899573144806334,"[0.010345957457332133, -0.0011495860238213938, 0.008459463815564556, 0.02307848583059524, 0.007399637544708044, 0.0025178956714149467, -3.8463942401241147e-17, 8.673617379884035e-18]",0.0001220703125,0,1,0,0,0,0
8,turningCrossing,30,30,0,0.48056933418715103,2.074766522973742,0,2.074766522973742,0.1412222851960918,0.03877959598493601,0.05394494137709694,838.1682225195061,0.48056933418715103,"[0.0008705444155907571, 0.01854201808138034, 0.009219653420584494, 0.0071580252872056604, 0.0009525476014042931, 0.0012926724501590675, -3.367118941732223e-17, -1.214306433183765e-17]",0.0001220703125,0,1,0,0,0,0
8,turningCrossing,30,31,0,0.33875664189819554,2.074766522973742,0,2.074766522973742,0.1412222851960918,0.05262909395496556,0.06779443934712526,838.1671412135886,0.33875664189819554,"[0.005360534535554962, 0.0050706575353379486, 0.007084651232516688, 0.013215889014638549, 0.003976929282714958, 0.001658357688193031, -3.606756590928169e-17, -1.734723475976807e-18]",0.0001220703125,0,1,0,0,0,0
8,turningCrossing,30,32,0,0.06988775650915563,2.074766522973742,0,2.074766522973742,0.1412222851960918,0.04042556428915369,0.05559090968131409,838.1658367530099,0.06988775650915563,"[0.0010825353621868317, -0.00031597678839735054, -0.0008599508406650953, 0.007197909941723424, -0.0007181778671536954, -0.001687334826653813, -1.429241075867559e-18, 8.673617379884035e-18]",0.0001220703125,0,1,0,0,0,0
8,turningCrossing,30,33,0,31.98982236578356,1.0704102569872758,0,1.0704102569872758,0.04428420767590003,-0.015165345369741345,2.2424955989364115e-11,459.6235897150579,31.98982236578356,"[-1.944364949593563, -2.9114559595738085, -0.03557107803852027, -0.20517630844886092, 0.0012602965180582865, 0.00015379062168208716, 9.459624745398052e-06, 6.980179953312848e-08]",0.0001220703125,0,1,0,0,0,0
8,turningCrossing,30,34,0,27.861361958650235,1.0704102569872758,0,1.0704102569872758,0.04428420767590003,-0.026912183402923985,-0.011746838010765032,451.89389680690266,27.861361958650235,"[-1.8722242532134317, -2.5287317407610614, 0.03770282829113559, -0.24003894750313748, 0.005354707080585385, 0.0023687638215800612, 8.868398199185379e-06, 6.543918690087025e-08]",0.0001220703125,0,1,0,0,0,0
8,turningCrossing,30,35,0,26.381513297434626,1.0704102569872758,0,1.0704102569872758,0.04428420767590003,-0.04265452115861425,-0.027489175766447486,449.64880970501827,26.381513297434626,"[-1.8169554058164294, -2.38872375830422, 0.054019232048018784, -0.226756284191846, 0.00618377094918583, 0.0024009406805256196, 8.591260755549065e-06, 6.3394212365675e-08]",0.0001220703125,0,1,0,0,0,0
8,turningCrossing,30,36,0,25.00269381397905,1.0704102569872758,0,1.0704102569872758,0.04428420767590003,-0.03383673348998151,-0.018671388097814427,447.77762636265624,25.00269381397905,"[-1.7697953055841822, -2.2493464846892537, 0.07064633759483728, -0.22731141185013382, 0.009562207135560264, 0.0029939893243390004, 8.322783856509492e-06, 6.141314326524316e-08]",0.0001220703125,0,1,0,0,0,0
8,turningCrossing,30,37,0,24.19765666906461,1.0704102569872758,0,1.0704102569872758,0.04428420767590003,-0.0678357116422202,-0.05267036625005494,447.1127861748225,24.19765666906461,"[-1.7102449001819764, -2.1895852312200925, 0.07440619770267791, -0.2162614020163094, 0.021210232288377994, 0.007426998241702013, 8.062696860933492e-06, 5.949398258417449e-08]",0.0001220703125,0,1,0,0,0,0
8,turningCrossing,30,38,0,23.473857248376994,1.0704102569872758,0,1.0704102569872758,0.04428420767590003,-0.058632624146678775,-0.04346727875451938,447.0968364345422,23.473857248376994,"[-1.6353062930164555, -2.1572553981050198, 0.07448825964775543, -0.17061143705428972, 0.025754103066520807, 0.009222582800154134, 7.810737584038542e-06, 5.7634795559355356e-08]",0.0001220703125,0,1,0,0,0,0
8,turningCrossing,30,39,0,1.3069264010630273,2.013594602956363,0,2.013594602956363,0.06839284707535875,0.05584201040225523,0.07100735579442152,744.0245580805238,1.3069264010630273,"[-0.046692558704648945, -0.1373173148649701, -0.0011690921098693578, -0.003642187773722938, 3.441663297198707e-05, 2.102070672828345e-05, -2.79153383272265e-06, 9.352574509343542e-07]",0.0001220703125,0,1,0,0,0,0
8,turningCrossing,30,40,0,1.352471851293516,2.013594602956363,0,2.013594602956363,0.06839284707535875,0.09928747616571969,0.11445282155787617,745.1574869384419,1.352471851293516,"[-0.004189576805913475, 0.0628649330881146, 0.024334591790084233, 0.001204122949886255, 0.012589073580694918, 0.004551670289970473, -1.6794969278158267e-17, -5.204170427930421e-18]",0.0001220703125,0,1,0,0,0,0
8,turningCrossing,30,41,0,0.5331225306161427,2.013594602956363,0,2.013594602956363,0.06839284707535875,0.07756474328398746,0.09273008867614885,744.5131048537518,0.5331225306161427,"[-0.023045098634057126, -0.06080367941482509, 0.0035316022913866453, -0.002822002692366432, 0.003324654411789068, 0.001073047399562435, -1.3957669163697226e-06, 4.67628725464575e-07]",0.0001220703125,0,1,0,0,0,0
8,turningCrossing,30,42,0,1.2796552875171836,2.013594602956363,0,2.013594602956363,0.06839284707535875,0.07563307037908237,0.09079841577124648,745.0845915736202,1.2796552875171836,"[-0.004707501331978392, 0.05934263228328612, 0.023045962993173897, 0.009647497867032229, 0.006813289208853907, 0.0037323959164698916, -3.609207388250574e-17, 1.9081958235744878e-17]",0.0001220703125,0,1,0,0,0,0
8,turningCrossing,30,43,0,0.37815956699591163,2.013594602956363,0,2.013594602956363,0.06839284707535875,0.07659890683153492,0.09176425222369766,744.7622725966478,0.37815956699591163,"[-0.01245335528136593, -0.011344929541040605, 0.009525843783002995, 0.0016591608511031808, 0.004175404828952998, 0.0018692191385728373, -6.978834582029073e-07, 2.3381436274269585e-07]",0.0001220703125,0,1,0,0,0,0
8,turningCrossing,30,44,0,0.5690660932351165,2.013594602956363,0,2.013594602956363,0.06839284707535875,0.09412602702034209,0.10929137241249998,745.0704962931406,0.5690660932351165,"[0.004740787497766519, 0.02205299596905917, 0.01006824591828544, 0.02459195844874884, 0.0019725830281921396, 0.0007973733148433919, 7.855902360516575e-17, -7.806255641895632e-17]",0.0001220703125,0,1,0,0,0,0
8,turningCrossing,30,45,0,0.2916396401166026,2.013594602956363,0,2.013594602956363,0.06839284707535875,0.0853624669259385,0.10052781231810592,744.9142094199699,0.2916396401166026,"[-0.004970200002262004, -0.0007278849850542138, 0.006933510384660347, 0.007247013910866684, 0.0026258420170469574, 0.0010973877785343449, -3.4894172906217415e-07, 1.1690718133318401e-07]",0.0001220703125,0,1,0,0,0,0
8,turningCrossing,30,46,0,0.264898717654437,2.013594602956363,0,2.013594602956363,0.06839284707535875,0.0852333756538115,0.10039872104597714,745.0361417389026,0.264898717654437,"[0.0012493025675723857, 0.010015342392778969, 0.0050192395680858665, 0.006573718640575876, 0.0011497365351137243, 0.0006892185203813632, 3.981510132304361e-17, -8.673617379884035e-18]",0.0001220703125,0,1,0,0,0,0
8,turningCrossing,30,47,0,0.011389381943571981,2.013594602956363,0,2.013594602956363,0.06839284707535875,0.08522527461341177,0.10039062000556975,745.0327350900701,0.011389381943571981,"[0.0002337643846459514, 0.00010309973218630197, -7.039937337937926e-05, 0.0013710349935038835, 6.198811554472719e-05, -0.00016221237036278283, -1.9128561707599145e-17, -5.204170427930421e-18]",0.0001220703125,0,1,0,0,0,0
8,turningCrossing,30,48,0,10.21215549451473,1.5670512863922497,0,1.5670512863922497,0.1870088679609625,-0.015165345411119246,-1.895705294130412e-11,472.484594362734,10.21215549451473,"[-0.5267525910360433, -0.9725669965862797, -0.01838865806246882, -0.06754223564014517, 2.8637498592058625e-05, 1.679680446676962e-07, 9.37664011702075e-06, 6.377751628726391e-08]",0.0001220703125,0,1,0,0,0,0
8,turningCrossing,30,49,0,7.159182895282758,1.5670512863922497,0,1.5670512863922497,0.1870088679609625,0.029293796356054905,0.044459141748220306,471.6798050460372,7.159182895282758,"[-0.4893741473623834, -0.6699777332959507, 0.030348609975616156, -0.07984732786458082, -0.0010156592494045733, 0.00027322102970660646, 8.204560102482636e-06, 5.580532659067716e-08]",0.0001220703125,0,1,0,0,0,0
8,turningCrossing,30,50,0,6.289720554368314,1.5670512863922497,0,1.5670512863922497,0.1870088679609625,0.045258625463203014,0.060423970855368,472.05316577751597,6.289720554368314,"[-0.4189881477734758, -0.6034465522059214, 0.028854467803812085, -0.05954298574625838, 0.00791269659121671, 0.002559078025678565, 7.178990089716259e-06, 4.882966075404893e-08]",0.0001220703125,0,1,0,0,0,0
8,turningCrossing,30,51,0,5.3530335007011125,1.5670512863922497,0,1.5670512863922497,0.1870088679609625,0.012611341858649809,0.02777668725080696,472.2207524604592,5.3530335007011125,"[-0.3438733384974313, -0.5427493593242168, 0.03567822216320637, -0.002616207625267819, 0.014330749414256123, 0.006312666374700471, 6.28161632844539e-06, 4.272595309669225e-08]",0.0001220703125,0,1,0,0,0,0
8,turningCrossing,30,52,0,4.258426551797587,1.5670512863922497,0,1.5670512863922497,0.1870088679609625,0.023950478701314837,0.0391158240934717,472.719413204092,4.258426551797587,"[-0.3369732814146005, -0.320075458224892, 0.06651467761974027, -0.007387801563370822, 0.008519095292690201, 0.002105291601582992, 5.4964142873693126e-06, 3.738520889563779e-08]",0.0001220703125,0,1,0,0,0,0
8,turningCrossing,30,53,0,3.677758936827969,1.5670512863922497,0,1.5670512863922497,0.1870088679609625,-0.036648353205520276,-0.02148300781335854,472.91053684365477,3.677758936827969,"[-0.28611503194247234, -0.27426204029749524, 0.062201836576142394, 0.039375000210940314, -0.009187730503999314, -0.016414580236562646, 4.8093625014974475e-06, 3.271205772578667e-08]",0.0001220703125,0,1,0,0,0,0
8,turningCrossing,5,1,0,3.4004808357550593,0,0,0,-3.4004808357550593,0,0.015165345392162749,0,-0.00012207031237011103,"[1.4210854715202004e-14, 0, 0, 0, 0, 0, 0, 0]",0.0001220703125,3.4004808357550593,26,0,0,0,0
8,turningCrossing,5,2,0,10.938290980637072,0.6085639111358231,0,0.6085639111358231,-2.4457493731350435,0.03759645201051139,0.05276179740266707,63.307748081159794,10.938290980637072,"[-1.0810800843049577, 0.46364454797578597, 0.008618077940401538, -0.11498688040368243, -0.00023182796418670852, -6.239484531708984e-05, -9.03709399022179e-07, -7.168143979774388e-08]",0.0001220703125,2.4457493731350435,27,0,0,0,0
8,turningCrossing,5,3,0,2.4457493731350435,0.6085639111358231,0,0.6085639111358231,-2.4457493731350435,-0.7792989339701598,-0.7641335885779907,62.1964822226293,2.4117351201987405,"[-0.11976569401711856, 0.1342773111795742, 0.018207038150955673, -0.1534565480877612, 0.0031013013615097855, 0.0008664164753918414, -9.741778865930912e-17, -1.115427195053087e-15]",0.0001220703125,2.4457493731350435,27,0,0,0,0
8,turningCrossing,5,4,0,2.4457493731350435,0.6085639111358231,0,0.6085639111358231,-2.4457493731350435,-0.8111068915932126,-0.7959415462010495,62.385615590432636,0.04551668260336854,"[-0.003255701850250148, 0.0009873961575870647, 0.00026293192073014934, -0.0033123925096854023, 0.0001339130398364507, -4.118036824816842e-05, -1.5043764213400408e-17, -1.734723475976807e-18]",0.0001220703125,2.4457493731350435,27,0,0,0,0
8,turningCrossing,5,5,0,2.4457493731350435,0.6085639111358231,0,0.6085639111358231,-2.4457493731350435,-0.8121518014421427,-0.7969864560499784,62.3892195508987,-7.7068947734442e-05,"[-1.2217641938150337e-06, 7.252782376294778e-07, 1.6045323347121236e-07, -5.2059303925489075e-06, -9.890465316671758e-07, -9.831292918604718e-07, -4.467244613537448e-19, 0]",0.0001220703125,2.4457493731350435,27,0,0,0,0
8,turningCrossing,5,6,0,33.92311475791591,1.8314767324448726,0,1.8314767324448726,-0.6928682561064858,0.01940217848560233,0.034567523877768964,659.215320360453,33.92311475791591,"[-2.920408091744804, -2.256838740661795, -0.022016986105075086, -0.28171513338433307, -4.262320237964866e-05, 0.00020047320885975464, -4.916811022358551e-07, -6.202229885232668e-08]",0.0001220703125,0.6928682561064858,28,0,0,0,0
8,turningCrossing,5,7,0,30.103791211887614,1.8314767324448726,0,1.8314767324448726,-0.6928682561064858,-1.0009059369505788,-0.9857405915584108,636.1708949702318,30.103791211887614,"[-2.5455618616555142, -1.0250966700553346, 0.044683354159855276, -1.7574660758701457, -0.02269225442354578, -0.007196639746571129, -2.4584055114593623e-07, -3.101114947126615e-08]",0.0001220703125,0.6928682561064858,28,0,0,0,0
8,turningCrossing,5,8,0,21.579397789411335,1.8314767324448726,0,1.8314767324448726,-0.6928682561064858,-1.6387515504670653,-1.6235862050748968,635.2655622438295,21.579397789411335,"[-1.5799855717127684, -1.0787705669619128, 0.004150278198219824, -1.3836297515095062, -0.007123694431732288, -0.0016612261665480382, -1.2292027529155261e-07, -1.5505574648896903e-08]",0.0001220703125,0.6928682561064858,28,0,0,0,0
8,turningCrossing,5,9,0,16.7745780691315,1.8314767324448726,0,1.8314767324448726,-0.6928682561064858,-1.803019999910687,-1.787854654518522,634.7190689658956,16.7745780691315,"[-1.144388404882605, -1.0115220831343474, 0.009326352187284651, -1.0499454267436894, -0.00036348999237885876, 7.784752729630501e-05, -9.219020651563583e-08, -1.1629181012259848e-08]",0.0001220703125,0.6928682561064858,28,0,0,0,0
8,turningCrossing,5,10,0,14.150971893267911,1.8314767324448726,0,1.8314767324448726,-0.6928682561064858,-1.7881289063314443,-1.7729635609392849,634.3006981393593,14.150971893267911,"[-0.972192696995478, -0.8870222932358027, 0.026840566813662196, -0.8752188308076869, 0.00514563184280708, 0.0017667606706226143, -8.066643062953831e-08, -1.0175533349948696e-08]",0.0001220703125,0.6928682561064858,28,0,0,0,0
8,turningCrossing,5,11,0,13.398578940528205,1.8314767324448726,0,1.8314767324448726,-0.6928682561064858,-1.7610324750497313,-1.745867129657565,634.5376929364788,13.398578940528205,"[-0.8922473006553275, -0.8881319232446132, 0.013769817897312124, -0.7967622661529115, 0.007025819584700125, 0.002099382378557569, -7.562477880605391e-08, -9.53956254962085e-09]",0.0001220703125,0.6928682561064858,28,0,0,0,0
8,turningCrossing,5,12,0,7.080706212752527,1.2793654476141993,0,1.2793654476141993,-1.421444609249656,0.0012661278079716398,0.01643147320012895,244.5851971641904,7.080706212752527,"[-0.6628456311391346, -0.3944585795648897, -0.00017848876217783674, -0.06443622882823252, 5.486695548485226e-05, 7.886374845033816e-05, -3.0713461769738255e-07, -3.4090050879398426e-08]",0.0001220703125,1.421444609249656,27,0,0,0,0
8,turningCrossing,5,13,0,3.1543779034364428,1.2793654476141993,0,1.2793654476141993,-1.421444609249656,-0.47369867094468787,-0.4585333255525226,243.359564113327,3.1543779034364428,"[-0.17509173918013232, 0.13194795670706597, 0.01300227939412899, -0.26105745878588316, 0.006006644636657777, 0.001625669886584367, 8.77445665225466e-17, 9.8879238130678e-17]",0.0001220703125,1.421444609249656,27,0,0,0,0
8,turningCrossing,5,14,0,1.421444609249656,1.2793654476141993,0,1.2793654476141993,-1.421444609249656,-0.5000613085258406,-0.4848959631336809,243.28080961195184,0.1028591035286161,"[-0.006441188144833632, -0.003916493153355563, -4.512671438291579e-05, -0.008706404733636042, 0.0003569547814838255, -1.859968683915783e-05, -8.3602612963142e-18, -1.5612511283791264e-17]",0.0001220703125,1.421444609249656,27,0,0,0,0
8,turningCrossing,5,15,0,1.421444609249656,1.2793654476141993,0,1.2793654476141993,-1.421444609249656,-0.5014945400311491,-0.4863291946389834,243.2913315863559,1.5686264163393795e-05,"[-5.643766243679238e-06, 7.3241734807269834e-06, -1.5684262729704534e-06, -1.2703004472314205e-05, -4.938711419386146e-06, -2.811787326362449e-06, 5.221341865670709e-19, -3.469446951953614e-18]",0.0001220703125,1.421444609249656,27,0,0,0,0
8,turningCrossing,5,16,0,1.421444609249656,1.2793654476141993,0,1.2793654476141993,-1.421444609249656,-0.5014937288523021,-0.4863283834601331,243.2913301912838,-0.00012206889757962702,"[-7.177902716648532e-11, 5.587194712886896e-11, 3.831391702929927e-12, -1.2873169197291645e-10, -5.543620496648604e-11, -4.489376151822628e-11, -2.6798095473539398e-21, 0]",0.0001220703125,1.421444609249656,27,0,0,0,0
8,turningCrossing,5,17,0,13.16574483010298,1.9280834529827904,0,1.9280834529827904,-0.23937411517987917,0.022802188320443673,0.037967533712603314,653.1144451151403,13.16574483010298,"[-1.104227221470012, -0.915816603398761, -0.00708254875851638, -0.11756688330079257, -3.4557597719304466e-05, -2.9598865561644427e-06, -2.0356904405910693e-07, -3.2939059632641765e-08]",0.0001220703125,0.23937411517987917,27,0,0,0,0
8,turningCrossing,5,18,0,6.617141089612738,1.9280834529827904,0,1.9280834529827904,-0.23937411517987917,-0.7815909201671019,-0.766425574774942,651.124743805953,6.617141089612738,"[-0.424124139169507, 0.03340239825681754, 0.03964421692323038, -0.5736601582863248, -0.00819797190318343, -0.0038346107224317407, -3.3524743489157555e-17, -4.85722573273506e-17]",0.0001220703125,0.23937411517987917,27,0,0,0,0
8,turningCrossing,5,19,0,0.8568096778869287,1.9280834529827904,0,1.9280834529827904,-0.23937411517987917,-0.8719750232790927,-0.8568096778869287,651.7394141513184,0.6101384488209591,"[-0.010675013302801517, -0.006660487980671091, 0.013871335337617032, -0.02986361388230474, 0.0027406699584740816, 0.0012300997390935352, -8.682141520532868e-17, 1.3010426069826053e-16]",0.0001220703125,0.23937411517987917,27,0,0,0,0
8,turningCrossing,5,20,0,0.826862995710101,1.9280834529827904,0,1.9280834529827904,-0.23937411517987917,-0.8420283411022687,-0.826862995710101,652.1554707376183,0.5505663130867995,"[0.0025114926306031293, 0.02572439375441802, 0.009943003817339905, 0.0024160509559330023, -0.0007087375775314432, -8.721486404405258e-05, -7.938756161692201e-17, -2.949029909160572e-17]",0.0001220703125,0.23937411517987917,27,0,0,0,0
8,turningCrossing,5,21,0,0.7945272278820992,1.9280834529827904,0,1.9280834529827904,-0.23937411517987917,-0.8096925732742557,-0.7945272278820992,652.264644706697,0.09469129326039626,"[-0.0012478742224431016, 0.005751094415464032, 0.0014221276762126094, -0.0015130416542765701, 0.0001821082154116611, 3.283654910610498e-05, -1.838979791854099e-17, -1.734723475976807e-18]",0.0001220703125,0.23937411517987917,27,0,0,0,0
8,turningCrossing,5,22,0,0.7949406328824293,1.9280834529827904,0,1.9280834529827904,-0.23937411517987917,-0.8101059782745882,-0.7949406328824293,652.2520886678974,5.4778451781464245e-06,"[-5.953584576445792e-06, -7.415915112901638e-07, 1.0163697702143846e-06, -1.2766652449869298e-05, 3.282522783236437e-06, 1.2767110310241801e-06, 4.1958578668634857e-19, -1.734723475976807e-18]",0.0001220703125,0.23937411517987917,27,0,0,0,0
8,turningCrossing,5,23,0,1.986909216893562,2.074766522973742,0,2.074766522973742,0.1412222851960918,0.12534312523186064,0.1405084706240276,837.0438899669956,1.986909216893562,"[-0.1644934092193182, -0.14670129919313116, 0.0012218869553028363, -0.014162049893304385, 0.000441056841430798, 0.0001739202465117921, -8.806377364514308e-06, 1.2178555445895717e-06]",0.0001220703125,0,1,0,0,0,0
