MATLAB 26.1.0.3276743 (R2026a) Update 3, partition 1 of 4
CASE-START speed=8 scenario=acceleratingHeadOn
acceleratingHeadOn: 4/1600 holds, last 0.118 s, source twoStageRealTimeIteration
acceleratingHeadOn: 8/1600 holds, last 0.107 s, source twoStageRealTimeIteration
acceleratingHeadOn: 12/1600 holds, last 0.092 s, source twoStageRealTimeIteration
acceleratingHeadOn: 16/1600 holds, last 0.175 s, source twoStageRealTimeIteration
acceleratingHeadOn: 20/1600 holds, last 0.151 s, source twoStageRealTimeIteration
acceleratingHeadOn: 24/1600 holds, last 0.207 s, source twoStageRealTimeIteration
acceleratingHeadOn: 28/1600 holds, last 0.103 s, source twoStageRealTimeIteration
acceleratingHeadOn: 32/1600 holds, last 0.121 s, source twoStageRealTimeIteration
acceleratingHeadOn: 36/1600 holds, last 0.114 s, source twoStageRealTimeIteration
acceleratingHeadOn: 40/1600 holds, last 0.104 s, source twoStageRealTimeIteration
acceleratingHeadOn: 44/1600 holds, last 0.237 s, source twoStageRealTimeIteration
acceleratingHeadOn: 48/1600 holds, last 0.153 s, source twoStageRealTimeIteration
acceleratingHeadOn: 52/1600 holds, last 0.101 s, source twoStageRealTimeIteration
acceleratingHeadOn: 56/1600 holds, last 0.080 s, source twoStageRealTimeIteration
acceleratingHeadOn: 60/1600 holds, last 0.098 s, source twoStageRealTimeIteration
acceleratingHeadOn: 64/1600 holds, last 0.084 s, source twoStageRealTimeIteration
acceleratingHeadOn: 68/1600 holds, last 0.097 s, source twoStageRealTimeIteration
acceleratingHeadOn: 72/1600 holds, last 0.084 s, source twoStageRealTimeIteration
acceleratingHeadOn: 76/1600 holds, last 0.094 s, source twoStageRealTimeIteration
acceleratingHeadOn: 80/1600 holds, last 0.241 s, source twoStageRealTimeIteration
acceleratingHeadOn: 84/1600 holds, last 0.076 s, source twoStageRealTimeIteration
acceleratingHeadOn: 88/1600 holds, last 0.067 s, source twoStageRealTimeIteration
acceleratingHeadOn: 92/1600 holds, last 0.066 s, source twoStageRealTimeIteration
acceleratingHeadOn: 96/1600 holds, last 0.081 s, source twoStageRealTimeIteration
acceleratingHeadOn: 100/1600 holds, last 0.073 s, source twoStageRealTimeIteration
Recovery at 5.00 s: e = [9.85382    0.379268   -0.152176 -0.00464783 -0.00737494], W = 8725.05
acceleratingHeadOn: 104/1600 holds, last 0.066 s, source twoStageRealTimeIteration
acceleratingHeadOn: 108/1600 holds, last 0.062 s, source twoStageRealTimeIteration
acceleratingHeadOn: 112/1600 holds, last 0.074 s, source twoStageRealTimeIteration
acceleratingHeadOn: 116/1600 holds, last 0.070 s, source twoStageRealTimeIteration
acceleratingHeadOn: 120/1600 holds, last 0.089 s, source twoStageRealTimeIteration
acceleratingHeadOn: 124/1600 holds, last 0.078 s, source twoStageRealTimeIteration
acceleratingHeadOn: 128/1600 holds, last 0.076 s, source twoStageRealTimeIteration
acceleratingHeadOn: 132/1600 holds, last 0.069 s, source twoStageRealTimeIteration
acceleratingHeadOn: 136/1600 holds, last 0.073 s, source twoStageRealTimeIteration
acceleratingHeadOn: 140/1600 holds, last 0.077 s, source twoStageRealTimeIteration
acceleratingHeadOn: 144/1600 holds, last 0.109 s, source twoStageRealTimeIteration
acceleratingHeadOn: 148/1600 holds, last 0.065 s, source twoStageRealTimeIteration
acceleratingHeadOn: 152/1600 holds, last 0.066 s, source twoStageRealTimeIteration
acceleratingHeadOn: 156/1600 holds, last 0.068 s, source twoStageRealTimeIteration
acceleratingHeadOn: 160/1600 holds, last 0.078 s, source twoStageRealTimeIteration
acceleratingHeadOn: 164/1600 holds, last 0.059 s, source twoStageRealTimeIteration
acceleratingHeadOn: 168/1600 holds, last 0.076 s, source twoStageRealTimeIteration
acceleratingHeadOn: 172/1600 holds, last 0.078 s, source twoStageRealTimeIteration
acceleratingHeadOn: 176/1600 holds, last 0.141 s, source twoStageRealTimeIteration
acceleratingHeadOn: 180/1600 holds, last 0.106 s, source twoStageRealTimeIteration
acceleratingHeadOn: 184/1600 holds, last 0.075 s, source twoStageRealTimeIteration
acceleratingHeadOn: 188/1600 holds, last 0.124 s, source twoStageRealTimeIteration
acceleratingHeadOn: 192/1600 holds, last 0.113 s, source twoStageRealTimeIteration
acceleratingHeadOn: 196/1600 holds, last 0.128 s, source twoStageRealTimeIteration
acceleratingHeadOn: 200/1600 holds, last 0.064 s, source twoStageRealTimeIteration
Recovery at 10.00 s: e = [20.691     0.2295  -0.681883 -0.0339092 -0.0276202], W = 34055
acceleratingHeadOn: 204/1600 holds, last 0.062 s, source twoStageRealTimeIteration
acceleratingHeadOn: 208/1600 holds, last 0.117 s, source twoStageRealTimeIteration
acceleratingHeadOn: 212/1600 holds, last 0.082 s, source twoStageRealTimeIteration
acceleratingHeadOn: 216/1600 holds, last 0.069 s, source twoStageRealTimeIteration
acceleratingHeadOn: 220/1600 holds, last 0.242 s, source twoStageRealTimeIteration
acceleratingHeadOn: 224/1600 holds, last 0.072 s, source twoStageRealTimeIteration
acceleratingHeadOn: 228/1600 holds, last 0.061 s, source twoStageRealTimeIteration
acceleratingHeadOn: 232/1600 holds, last 0.086 s, source twoStageRealTimeIteration
acceleratingHeadOn: 236/1600 holds, last 0.198 s, source twoStageRealTimeIteration
acceleratingHeadOn: 240/1600 holds, last 0.072 s, source twoStageRealTimeIteration
acceleratingHeadOn: 244/1600 holds, last 0.071 s, source twoStageRealTimeIteration
acceleratingHeadOn: 248/1600 holds, last 0.086 s, source twoStageRealTimeIteration
acceleratingHeadOn: 252/1600 holds, last 0.106 s, source twoStageRealTimeIteration
acceleratingHeadOn: 256/1600 holds, last 0.052 s, source twoStageRealTimeIteration
acceleratingHeadOn: 260/1600 holds, last 0.064 s, source twoStageRealTimeIteration
acceleratingHeadOn: 264/1600 holds, last 0.072 s, source twoStageRealTimeIteration
acceleratingHeadOn: 268/1600 holds, last 0.201 s, source twoStageRealTimeIteration
acceleratingHeadOn: 272/1600 holds, last 0.063 s, source twoStageRealTimeIteration
acceleratingHeadOn: 276/1600 holds, last 0.073 s, source twoStageRealTimeIteration
acceleratingHeadOn: 280/1600 holds, last 0.067 s, source twoStageRealTimeIteration
acceleratingHeadOn: 284/1600 holds, last 0.062 s, source twoStageRealTimeIteration
acceleratingHeadOn: 288/1600 holds, last 0.057 s, source twoStageRealTimeIteration
acceleratingHeadOn: 292/1600 holds, last 0.087 s, source twoStageRealTimeIteration
acceleratingHeadOn: 296/1600 holds, last 0.119 s, source twoStageRealTimeIteration
acceleratingHeadOn: 300/1600 holds, last 0.122 s, source twoStageRealTimeIteration
Recovery at 15.00 s: e = [26.2224  0.0778601  -0.537281 -0.0414087 -0.0344696], W = 52899.2
acceleratingHeadOn: 304/1600 holds, last 0.055 s, source twoStageRealTimeIteration
acceleratingHeadOn: 308/1600 holds, last 0.067 s, source twoStageRealTimeIteration
acceleratingHeadOn: 312/1600 holds, last 0.068 s, source twoStageRealTimeIteration
acceleratingHeadOn: 316/1600 holds, last 0.070 s, source twoStageRealTimeIteration
acceleratingHeadOn: 320/1600 holds, last 0.060 s, source twoStageRealTimeIteration
acceleratingHeadOn: 324/1600 holds, last 0.064 s, source twoStageRealTimeIteration
acceleratingHeadOn: 328/1600 holds, last 0.060 s, source twoStageRealTimeIteration
acceleratingHeadOn: 332/1600 holds, last 0.055 s, source twoStageRealTimeIteration
acceleratingHeadOn: 336/1600 holds, last 0.060 s, source twoStageRealTimeIteration
acceleratingHeadOn: 340/1600 holds, last 0.061 s, source twoStageRealTimeIteration
acceleratingHeadOn: 344/1600 holds, last 0.062 s, source twoStageRealTimeIteration
acceleratingHeadOn: 348/1600 holds, last 0.063 s, source twoStageRealTimeIteration
acceleratingHeadOn: 352/1600 holds, last 0.059 s, source twoStageRealTimeIteration
acceleratingHeadOn: 356/1600 holds, last 0.067 s, source twoStageRealTimeIteration
acceleratingHeadOn: 360/1600 holds, last 0.060 s, source twoStageRealTimeIteration
acceleratingHeadOn: 364/1600 holds, last 0.065 s, source twoStageRealTimeIteration
acceleratingHeadOn: 368/1600 holds, last 0.060 s, source twoStageRealTimeIteration
acceleratingHeadOn: 372/1600 holds, last 0.140 s, source twoStageRealTimeIteration
acceleratingHeadOn: 376/1600 holds, last 0.130 s, source twoStageRealTimeIteration
acceleratingHeadOn: 380/1600 holds, last 0.063 s, source twoStageRealTimeIteration
acceleratingHeadOn: 384/1600 holds, last 0.068 s, source twoStageRealTimeIteration
acceleratingHeadOn: 388/1600 holds, last 0.048 s, source twoStageRealTimeIteration
acceleratingHeadOn: 392/1600 holds, last 0.052 s, source twoStageRealTimeIteration
acceleratingHeadOn: 396/1600 holds, last 0.066 s, source twoStageRealTimeIteration
acceleratingHeadOn: 400/1600 holds, last 0.170 s, source twoStageRealTimeIteration
Recovery at 20.00 s: e = [25.4659  -0.103427  -0.136893  -0.037995 -0.0327507], W = 48539.4
acceleratingHeadOn: 404/1600 holds, last 0.070 s, source twoStageRealTimeIteration
acceleratingHeadOn: 408/1600 holds, last 0.066 s, source twoStageRealTimeIteration
acceleratingHeadOn: 412/1600 holds, last 0.071 s, source twoStageRealTimeIteration
acceleratingHeadOn: 416/1600 holds, last 0.071 s, source twoStageRealTimeIteration
acceleratingHeadOn: 420/1600 holds, last 0.065 s, source twoStageRealTimeIteration
acceleratingHeadOn: 424/1600 holds, last 0.058 s, source twoStageRealTimeIteration
acceleratingHeadOn: 428/1600 holds, last 0.060 s, source twoStageRealTimeIteration
acceleratingHeadOn: 432/1600 holds, last 0.081 s, source twoStageRealTimeIteration
acceleratingHeadOn: 436/1600 holds, last 0.217 s, source twoStageRealTimeIteration
acceleratingHeadOn: 440/1600 holds, last 0.061 s, source twoStageRealTimeIteration
acceleratingHeadOn: 444/1600 holds, last 0.059 s, source twoStageRealTimeIteration
acceleratingHeadOn: 448/1600 holds, last 0.077 s, source twoStageRealTimeIteration
acceleratingHeadOn: 452/1600 holds, last 0.068 s, source twoStageRealTimeIteration
acceleratingHeadOn: 456/1600 holds, last 0.057 s, source twoStageRealTimeIteration
acceleratingHeadOn: 460/1600 holds, last 0.064 s, source twoStageRealTimeIteration
acceleratingHeadOn: 464/1600 holds, last 0.062 s, source twoStageRealTimeIteration
acceleratingHeadOn: 468/1600 holds, last 0.054 s, source twoStageRealTimeIteration
acceleratingHeadOn: 472/1600 holds, last 0.060 s, source twoStageRealTimeIteration
acceleratingHeadOn: 476/1600 holds, last 0.071 s, source twoStageRealTimeIteration
acceleratingHeadOn: 480/1600 holds, last 0.127 s, source twoStageRealTimeIteration
acceleratingHeadOn: 484/1600 holds, last 0.083 s, source twoStageRealTimeIteration
acceleratingHeadOn: 488/1600 holds, last 0.064 s, source twoStageRealTimeIteration
acceleratingHeadOn: 492/1600 holds, last 0.055 s, source twoStageRealTimeIteration
acceleratingHeadOn: 496/1600 holds, last 0.064 s, source twoStageRealTimeIteration
acceleratingHeadOn: 500/1600 holds, last 0.057 s, source twoStageRealTimeIteration
Recovery at 25.00 s: e = [18.3112  -0.238463 -0.0962332  0.0106991 0.00988161], W = 24284.9
acceleratingHeadOn: 504/1600 holds, last 0.069 s, source twoStageRealTimeIteration
acceleratingHeadOn: 508/1600 holds, last 0.057 s, source twoStageRealTimeIteration
acceleratingHeadOn: 512/1600 holds, last 0.060 s, source twoStageRealTimeIteration
acceleratingHeadOn: 516/1600 holds, last 0.058 s, source twoStageRealTimeIteration
acceleratingHeadOn: 520/1600 holds, last 0.055 s, source twoStageRealTimeIteration
acceleratingHeadOn: 524/1600 holds, last 0.050 s, source twoStageRealTimeIteration
acceleratingHeadOn: 528/1600 holds, last 0.053 s, source twoStageRealTimeIteration
acceleratingHeadOn: 532/1600 holds, last 0.057 s, source twoStageRealTimeIteration
acceleratingHeadOn: 536/1600 holds, last 0.064 s, source twoStageRealTimeIteration
acceleratingHeadOn: 540/1600 holds, last 0.059 s, source twoStageRealTimeIteration
acceleratingHeadOn: 544/1600 holds, last 0.041 s, source twoStageRealTimeIteration
acceleratingHeadOn: 548/1600 holds, last 0.042 s, source twoStageRealTimeIteration
acceleratingHeadOn: 552/1600 holds, last 0.047 s, source twoStageRealTimeIteration
acceleratingHeadOn: 556/1600 holds, last 0.053 s, source twoStageRealTimeIteration
acceleratingHeadOn: 560/1600 holds, last 0.053 s, source twoStageRealTimeIteration
acceleratingHeadOn: 564/1600 holds, last 0.055 s, source twoStageRealTimeIteration
acceleratingHeadOn: 568/1600 holds, last 0.052 s, source twoStageRealTimeIteration
acceleratingHeadOn: 572/1600 holds, last 0.053 s, source twoStageRealTimeIteration
acceleratingHeadOn: 576/1600 holds, last 0.054 s, source twoStageRealTimeIteration
acceleratingHeadOn: 580/1600 holds, last 0.064 s, source twoStageRealTimeIteration
acceleratingHeadOn: 584/1600 holds, last 0.062 s, source twoStageRealTimeIteration
acceleratingHeadOn: 588/1600 holds, last 0.060 s, source twoStageRealTimeIteration
acceleratingHeadOn: 592/1600 holds, last 0.056 s, source twoStageRealTimeIteration
acceleratingHeadOn: 596/1600 holds, last 0.052 s, source twoStageRealTimeIteration
acceleratingHeadOn: 600/1600 holds, last 0.053 s, source twoStageRealTimeIteration
Recovery at 30.00 s: e = [10.7134  -0.185606  -0.404664 0.00369766 0.00322369], W = 8191.28
acceleratingHeadOn: 604/1600 holds, last 0.055 s, source twoStageRealTimeIteration
acceleratingHeadOn: 608/1600 holds, last 0.051 s, source twoStageRealTimeIteration
acceleratingHeadOn: 612/1600 holds, last 0.052 s, source twoStageRealTimeIteration
acceleratingHeadOn: 616/1600 holds, last 0.050 s, source twoStageRealTimeIteration
acceleratingHeadOn: 620/1600 holds, last 0.048 s, source twoStageRealTimeIteration
acceleratingHeadOn: 624/1600 holds, last 0.057 s, source twoStageRealTimeIteration
acceleratingHeadOn: 628/1600 holds, last 0.051 s, source twoStageRealTimeIteration
acceleratingHeadOn: 632/1600 holds, last 0.052 s, source twoStageRealTimeIteration
acceleratingHeadOn: 636/1600 holds, last 0.054 s, source twoStageRealTimeIteration
acceleratingHeadOn: 640/1600 holds, last 0.060 s, source twoStageRealTimeIteration
acceleratingHeadOn: 644/1600 holds, last 0.052 s, source twoStageRealTimeIteration
acceleratingHeadOn: 648/1600 holds, last 0.050 s, source twoStageRealTimeIteration
acceleratingHeadOn: 652/1600 holds, last 0.056 s, source twoStageRealTimeIteration
acceleratingHeadOn: 656/1600 holds, last 0.053 s, source twoStageRealTimeIteration
acceleratingHeadOn: 660/1600 holds, last 0.057 s, source twoStageRealTimeIteration
acceleratingHeadOn: 664/1600 holds, last 0.052 s, source twoStageRealTimeIteration
acceleratingHeadOn: 668/1600 holds, last 0.059 s, source twoStageRealTimeIteration
acceleratingHeadOn: 672/1600 holds, last 0.053 s, source twoStageRealTimeIteration
acceleratingHeadOn: 676/1600 holds, last 0.055 s, source twoStageRealTimeIteration
acceleratingHeadOn: 680/1600 holds, last 0.057 s, source twoStageRealTimeIteration
acceleratingHeadOn: 684/1600 holds, last 0.050 s, source twoStageRealTimeIteration
acceleratingHeadOn: 688/1600 holds, last 0.054 s, source twoStageRealTimeIteration
acceleratingHeadOn: 692/1600 holds, last 0.057 s, source twoStageRealTimeIteration
acceleratingHeadOn: 696/1600 holds, last 0.058 s, source twoStageRealTimeIteration
acceleratingHeadOn: 700/1600 holds, last 0.050 s, source twoStageRealTimeIteration
Recovery at 35.00 s: e = [3.79202    -0.182955    -0.377018 -0.000165938 -0.000139798], W = 941.995
acceleratingHeadOn: 704/1600 holds, last 0.054 s, source twoStageRealTimeIteration
acceleratingHeadOn: 708/1600 holds, last 0.061 s, source twoStageRealTimeIteration
acceleratingHeadOn: 712/1600 holds, last 0.059 s, source twoStageRealTimeIteration
acceleratingHeadOn: 716/1600 holds, last 0.062 s, source twoStageRealTimeIteration
acceleratingHeadOn: 720/1600 holds, last 0.054 s, source twoStageRealTimeIteration
acceleratingHeadOn: 724/1600 holds, last 0.052 s, source twoStageRealTimeIteration
acceleratingHeadOn: 728/1600 holds, last 0.058 s, source twoStageRealTimeIteration
acceleratingHeadOn: 732/1600 holds, last 0.043 s, source twoStageRealTimeIteration
acceleratingHeadOn: 736/1600 holds, last 0.044 s, source twoStageRealTimeIteration
acceleratingHeadOn: 740/1600 holds, last 0.064 s, source twoStageRealTimeIteration
acceleratingHeadOn: 744/1600 holds, last 0.059 s, source twoStageRealTimeIteration
acceleratingHeadOn: 748/1600 holds, last 0.054 s, source twoStageRealTimeIteration
acceleratingHeadOn: 752/1600 holds, last 0.052 s, source twoStageRealTimeIteration
acceleratingHeadOn: 756/1600 holds, last 0.054 s, source twoStageRealTimeIteration
acceleratingHeadOn: 760/1600 holds, last 0.061 s, source twoStageRealTimeIteration
acceleratingHeadOn: 764/1600 holds, last 0.346 s, source twoStageRealTimeIteration
acceleratingHeadOn: 768/1600 holds, last 0.081 s, source twoStageRealTimeIteration
acceleratingHeadOn: 772/1600 holds, last 0.207 s, source twoStageRealTimeIteration
acceleratingHeadOn: 776/1600 holds, last 0.208 s, source twoStageRealTimeIteration
acceleratingHeadOn: 780/1600 holds, last 0.316 s, source twoStageRealTimeIteration
acceleratingHeadOn: 784/1600 holds, last 0.235 s, source twoStageRealTimeIteration
acceleratingHeadOn: 788/1600 holds, last 0.068 s, source twoStageRealTimeIteration
acceleratingHeadOn: 792/1600 holds, last 0.285 s, source twoStageRealTimeIteration
acceleratingHeadOn: 796/1600 holds, last 0.075 s, source twoStageRealTimeIteration
acceleratingHeadOn: 800/1600 holds, last 0.053 s, source twoStageRealTimeIteration
Recovery at 40.00 s: e = [-0.680372 0.00894762 0.00394213  0.0273878  0.0225503], W = 33.6841
acceleratingHeadOn: 804/1600 holds, last 0.061 s, source twoStageRealTimeIteration
acceleratingHeadOn: 808/1600 holds, last 0.065 s, source twoStageRealTimeIteration
acceleratingHeadOn: 812/1600 holds, last 0.047 s, source twoStageRealTimeIteration
acceleratingHeadOn: 816/1600 holds, last 0.043 s, source twoStageRealTimeIteration
acceleratingHeadOn: 820/1600 holds, last 0.056 s, source twoStageRealTimeIteration
acceleratingHeadOn: 824/1600 holds, last 0.054 s, source twoStageRealTimeIteration
acceleratingHeadOn: 828/1600 holds, last 0.057 s, source twoStageRealTimeIteration
acceleratingHeadOn: 832/1600 holds, last 0.062 s, source twoStageRealTimeIteration
acceleratingHeadOn: 836/1600 holds, last 0.056 s, source twoStageRealTimeIteration
acceleratingHeadOn: 840/1600 holds, last 0.050 s, source twoStageRealTimeIteration
acceleratingHeadOn: 844/1600 holds, last 0.052 s, source twoStageRealTimeIteration
acceleratingHeadOn: 848/1600 holds, last 0.054 s, source twoStageRealTimeIteration
acceleratingHeadOn: 852/1600 holds, last 0.063 s, source twoStageRealTimeIteration
acceleratingHeadOn: 856/1600 holds, last 0.056 s, source twoStageRealTimeIteration
acceleratingHeadOn: 860/1600 holds, last 0.049 s, source twoStageRealTimeIteration
acceleratingHeadOn: 864/1600 holds, last 0.049 s, source twoStageRealTimeIteration
acceleratingHeadOn: 868/1600 holds, last 0.048 s, source twoStageRealTimeIteration
acceleratingHeadOn: 872/1600 holds, last 0.045 s, source twoStageRealTimeIteration
acceleratingHeadOn: 876/1600 holds, last 0.049 s, source twoStageRealTimeIteration
acceleratingHeadOn: 880/1600 holds, last 0.057 s, source twoStageRealTimeIteration
acceleratingHeadOn: 884/1600 holds, last 0.049 s, source twoStageRealTimeIteration
acceleratingHeadOn: 888/1600 holds, last 0.049 s, source twoStageRealTimeIteration
acceleratingHeadOn: 892/1600 holds, last 0.049 s, source twoStageRealTimeIteration
acceleratingHeadOn: 896/1600 holds, last 0.047 s, source twoStageRealTimeIteration
acceleratingHeadOn: 900/1600 holds, last 0.048 s, source twoStageRealTimeIteration
Recovery at 45.00 s: e = [-0.288624 0.00799821  -0.238945 0.00177522 0.00155851], W = 6.91567
acceleratingHeadOn: 904/1600 holds, last 0.048 s, source twoStageRealTimeIteration
acceleratingHeadOn: 908/1600 holds, last 0.054 s, source twoStageRealTimeIteration
acceleratingHeadOn: 912/1600 holds, last 0.051 s, source twoStageRealTimeIteration
acceleratingHeadOn: 916/1600 holds, last 0.051 s, source twoStageRealTimeIteration
acceleratingHeadOn: 920/1600 holds, last 0.051 s, source twoStageRealTimeIteration
acceleratingHeadOn: 924/1600 holds, last 0.053 s, source twoStageRealTimeIteration
acceleratingHeadOn: 928/1600 holds, last 0.055 s, source twoStageRealTimeIteration
acceleratingHeadOn: 932/1600 holds, last 0.051 s, source twoStageRealTimeIteration
acceleratingHeadOn: 936/1600 holds, last 0.054 s, source twoStageRealTimeIteration
acceleratingHeadOn: 940/1600 holds, last 0.048 s, source twoStageRealTimeIteration
acceleratingHeadOn: 944/1600 holds, last 0.060 s, source twoStageRealTimeIteration
acceleratingHeadOn: 948/1600 holds, last 0.049 s, source twoStageRealTimeIteration
acceleratingHeadOn: 952/1600 holds, last 0.051 s, source twoStageRealTimeIteration
acceleratingHeadOn: 956/1600 holds, last 0.054 s, source twoStageRealTimeIteration
acceleratingHeadOn: 960/1600 holds, last 0.058 s, source twoStageRealTimeIteration
acceleratingHeadOn: 964/1600 holds, last 0.055 s, source twoStageRealTimeIteration
acceleratingHeadOn: 968/1600 holds, last 0.055 s, source twoStageRealTimeIteration
acceleratingHeadOn: 972/1600 holds, last 0.052 s, source twoStageRealTimeIteration
acceleratingHeadOn: 976/1600 holds, last 0.054 s, source twoStageRealTimeIteration
acceleratingHeadOn: 980/1600 holds, last 0.056 s, source twoStageRealTimeIteration
acceleratingHeadOn: 984/1600 holds, last 0.056 s, source twoStageRealTimeIteration
acceleratingHeadOn: 988/1600 holds, last 0.059 s, source twoStageRealTimeIteration
acceleratingHeadOn: 992/1600 holds, last 0.061 s, source twoStageRealTimeIteration
acceleratingHeadOn: 996/1600 holds, last 0.060 s, source twoStageRealTimeIteration
acceleratingHeadOn: 1000/1600 holds, last 0.062 s, source twoStageRealTimeIteration
Recovery at 50.00 s: e = [-0.00846969   0.00087762   -0.0506858  -0.00114895 -0.000972069], W = 0.0570997
acceleratingHeadOn: 1004/1600 holds, last 0.065 s, source twoStageRealTimeIteration
acceleratingHeadOn: 1008/1600 holds, last 0.060 s, source twoStageRealTimeIteration
acceleratingHeadOn: 1012/1600 holds, last 0.066 s, source twoStageRealTimeIteration
acceleratingHeadOn: 1016/1600 holds, last 0.051 s, source twoStageRealTimeIteration
acceleratingHeadOn: 1020/1600 holds, last 0.053 s, source twoStageRealTimeIteration
acceleratingHeadOn: 1024/1600 holds, last 0.061 s, source twoStageRealTimeIteration
acceleratingHeadOn: 1028/1600 holds, last 0.065 s, source twoStageRealTimeIteration
acceleratingHeadOn: 1032/1600 holds, last 0.056 s, source twoStageRealTimeIteration
acceleratingHeadOn: 1036/1600 holds, last 0.060 s, source twoStageRealTimeIteration
acceleratingHeadOn: 1040/1600 holds, last 0.053 s, source twoStageRealTimeIteration
acceleratingHeadOn: 1044/1600 holds, last 0.054 s, source twoStageRealTimeIteration
acceleratingHeadOn: 1046/1600 frames, max 1.286 s, failure
CASE-END speed=8 scenario=acceleratingHeadOn frames=1046 wall=90.841 recovered=1 max=1.286244 gap=0.367925877 failure=
CASE-START speed=8 scenario=curvedHeadOn
curvedHeadOn: 4/1600 holds, last 0.093 s, source twoStageRealTimeIteration
curvedHeadOn: 8/1600 holds, last 0.103 s, source twoStageRealTimeIteration
curvedHeadOn: 12/1600 holds, last 0.151 s, source twoStageRealTimeIteration
curvedHeadOn: 16/1600 holds, last 0.103 s, source twoStageRealTimeIteration
curvedHeadOn: 20/1600 holds, last 0.145 s, source twoStageRealTimeIteration
curvedHeadOn: 24/1600 holds, last 0.107 s, source twoStageRealTimeIteration
curvedHeadOn: 28/1600 holds, last 0.162 s, source twoStageRealTimeIteration
curvedHeadOn: 32/1600 holds, last 0.117 s, source twoStageRealTimeIteration
curvedHeadOn: 36/1600 holds, last 0.124 s, source twoStageRealTimeIteration
curvedHeadOn: 40/1600 holds, last 0.102 s, source twoStageRealTimeIteration
curvedHeadOn: 44/1600 holds, last 0.083 s, source twoStageRealTimeIteration
curvedHeadOn: 48/1600 holds, last 0.087 s, source twoStageRealTimeIteration
curvedHeadOn: 52/1600 holds, last 0.122 s, source twoStageRealTimeIteration
curvedHeadOn: 56/1600 holds, last 0.119 s, source twoStageRealTimeIteration
curvedHeadOn: 60/1600 holds, last 0.087 s, source twoStageRealTimeIteration
curvedHeadOn: 64/1600 holds, last 0.092 s, source twoStageRealTimeIteration
curvedHeadOn: 68/1600 holds, last 0.092 s, source twoStageRealTimeIteration
curvedHeadOn: 72/1600 holds, last 0.074 s, source twoStageRealTimeIteration
curvedHeadOn: 76/1600 holds, last 0.113 s, source twoStageRealTimeIteration
curvedHeadOn: 80/1600 holds, last 0.097 s, source twoStageRealTimeIteration
curvedHeadOn: 84/1600 holds, last 0.104 s, source twoStageRealTimeIteration
curvedHeadOn: 88/1600 holds, last 0.179 s, source twoStageRealTimeIteration
curvedHeadOn: 92/1600 holds, last 0.128 s, source twoStageRealTimeIteration
curvedHeadOn: 96/1600 holds, last 0.102 s, source twoStageRealTimeIteration
curvedHeadOn: 100/1600 holds, last 0.168 s, source twoStageRealTimeIteration
Recovery at 5.00 s: e = [7.33376  0.217863 -0.668229  0.208058  0.206497], W = 4677.43
curvedHeadOn: 104/1600 holds, last 0.059 s, source twoStageRealTimeIteration
curvedHeadOn: 108/1600 holds, last 0.105 s, source twoStageRealTimeIteration
curvedHeadOn: 112/1600 holds, last 0.081 s, source twoStageRealTimeIteration
curvedHeadOn: 116/1600 holds, last 0.119 s, source twoStageRealTimeIteration
curvedHeadOn: 120/1600 holds, last 0.069 s, source twoStageRealTimeIteration
curvedHeadOn: 124/1600 holds, last 0.067 s, source twoStageRealTimeIteration
curvedHeadOn: 128/1600 holds, last 0.064 s, source twoStageRealTimeIteration
curvedHeadOn: 132/1600 holds, last 0.074 s, source twoStageRealTimeIteration
curvedHeadOn: 136/1600 holds, last 0.232 s, source twoStageRealTimeIteration
curvedHeadOn: 140/1600 holds, last 0.068 s, source twoStageRealTimeIteration
curvedHeadOn: 144/1600 holds, last 0.210 s, source twoStageRealTimeIteration
curvedHeadOn: 148/1600 holds, last 0.283 s, source twoStageRealTimeIteration
curvedHeadOn: 152/1600 holds, last 0.245 s, source twoStageRealTimeIteration
curvedHeadOn: 156/1600 holds, last 0.073 s, source twoStageRealTimeIteration
curvedHeadOn: 160/1600 holds, last 0.183 s, source twoStageRealTimeIteration
curvedHeadOn: 164/1600 holds, last 0.275 s, source twoStageRealTimeIteration
curvedHeadOn: 168/1600 holds, last 0.218 s, source twoStageRealTimeIteration
curvedHeadOn: 172/1600 holds, last 0.109 s, source twoStageRealTimeIteration
curvedHeadOn: 176/1600 holds, last 0.110 s, source twoStageRealTimeIteration
curvedHeadOn: 180/1600 holds, last 0.309 s, source twoStageRealTimeIteration
curvedHeadOn: 184/1600 holds, last 0.201 s, source twoStageRealTimeIteration
curvedHeadOn: 188/1600 holds, last 0.074 s, source twoStageRealTimeIteration
curvedHeadOn: 192/1600 holds, last 0.098 s, source twoStageRealTimeIteration
curvedHeadOn: 196/1600 holds, last 0.244 s, source twoStageRealTimeIteration
curvedHeadOn: 200/1600 holds, last 0.259 s, source twoStageRealTimeIteration
Recovery at 10.00 s: e = [14.9782  0.0432381  -0.221652   -0.07912 -0.0688276], W = 17266
curvedHeadOn: 204/1600 holds, last 0.078 s, source twoStageRealTimeIteration
curvedHeadOn: 208/1600 holds, last 0.122 s, source twoStageRealTimeIteration
curvedHeadOn: 212/1600 holds, last 0.058 s, source twoStageRealTimeIteration
curvedHeadOn: 216/1600 holds, last 0.060 s, source twoStageRealTimeIteration
curvedHeadOn: 220/1600 holds, last 0.060 s, source twoStageRealTimeIteration
curvedHeadOn: 224/1600 holds, last 0.049 s, source twoStageRealTimeIteration
curvedHeadOn: 228/1600 holds, last 0.054 s, source twoStageRealTimeIteration
curvedHeadOn: 232/1600 holds, last 0.064 s, source twoStageRealTimeIteration
curvedHeadOn: 236/1600 holds, last 0.060 s, source twoStageRealTimeIteration
curvedHeadOn: 240/1600 holds, last 0.060 s, source twoStageRealTimeIteration
curvedHeadOn: 244/1600 holds, last 0.059 s, source twoStageRealTimeIteration
curvedHeadOn: 248/1600 holds, last 0.089 s, source twoStageRealTimeIteration
curvedHeadOn: 252/1600 holds, last 0.055 s, source twoStageRealTimeIteration
curvedHeadOn: 256/1600 holds, last 0.051 s, source twoStageRealTimeIteration
curvedHeadOn: 260/1600 holds, last 0.056 s, source twoStageRealTimeIteration
curvedHeadOn: 264/1600 holds, last 0.062 s, source twoStageRealTimeIteration
curvedHeadOn: 268/1600 holds, last 0.064 s, source twoStageRealTimeIteration
curvedHeadOn: 272/1600 holds, last 0.062 s, source twoStageRealTimeIteration
curvedHeadOn: 276/1600 holds, last 0.061 s, source twoStageRealTimeIteration
curvedHeadOn: 280/1600 holds, last 0.064 s, source twoStageRealTimeIteration
curvedHeadOn: 284/1600 holds, last 0.057 s, source twoStageRealTimeIteration
curvedHeadOn: 288/1600 holds, last 0.059 s, source twoStageRealTimeIteration
curvedHeadOn: 292/1600 holds, last 0.064 s, source twoStageRealTimeIteration
curvedHeadOn: 296/1600 holds, last 0.069 s, source twoStageRealTimeIteration
curvedHeadOn: 300/1600 holds, last 0.059 s, source twoStageRealTimeIteration
Recovery at 15.00 s: e = [10.6861   -0.16933  -0.299757 -0.0331641 -0.0293007], W = 8192.96
curvedHeadOn: 304/1600 holds, last 0.053 s, source twoStageRealTimeIteration
curvedHeadOn: 308/1600 holds, last 0.054 s, source twoStageRealTimeIteration
curvedHeadOn: 312/1600 holds, last 0.061 s, source twoStageRealTimeIteration
curvedHeadOn: 316/1600 holds, last 0.058 s, source twoStageRealTimeIteration
curvedHeadOn: 320/1600 holds, last 0.059 s, source twoStageRealTimeIteration
curvedHeadOn: 324/1600 holds, last 0.061 s, source twoStageRealTimeIteration
curvedHeadOn: 328/1600 holds, last 0.052 s, source twoStageRealTimeIteration
curvedHeadOn: 332/1600 holds, last 0.053 s, source twoStageRealTimeIteration
curvedHeadOn: 336/1600 holds, last 0.056 s, source twoStageRealTimeIteration
curvedHeadOn: 340/1600 holds, last 0.055 s, source twoStageRealTimeIteration
curvedHeadOn: 344/1600 holds, last 0.056 s, source twoStageRealTimeIteration
curvedHeadOn: 348/1600 holds, last 0.052 s, source twoStageRealTimeIteration
curvedHeadOn: 352/1600 holds, last 0.048 s, source twoStageRealTimeIteration
curvedHeadOn: 356/1600 holds, last 0.061 s, source twoStageRealTimeIteration
curvedHeadOn: 360/1600 holds, last 0.056 s, source twoStageRealTimeIteration
curvedHeadOn: 364/1600 holds, last 0.052 s, source twoStageRealTimeIteration
curvedHeadOn: 368/1600 holds, last 0.060 s, source twoStageRealTimeIteration
curvedHeadOn: 372/1600 holds, last 0.053 s, source twoStageRealTimeIteration
curvedHeadOn: 376/1600 holds, last 0.052 s, source twoStageRealTimeIteration
curvedHeadOn: 380/1600 holds, last 0.052 s, source twoStageRealTimeIteration
curvedHeadOn: 384/1600 holds, last 0.058 s, source twoStageRealTimeIteration
curvedHeadOn: 388/1600 holds, last 0.053 s, source twoStageRealTimeIteration
curvedHeadOn: 392/1600 holds, last 0.047 s, source twoStageRealTimeIteration
curvedHeadOn: 396/1600 holds, last 0.043 s, source twoStageRealTimeIteration
curvedHeadOn: 400/1600 holds, last 0.047 s, source twoStageRealTimeIteration
Recovery at 20.00 s: e = [0.754066  -0.347511  -0.365098 -0.0244859 -0.0194565], W = 156.988
curvedHeadOn: 404/1600 holds, last 0.070 s, source twoStageRealTimeIteration
curvedHeadOn: 408/1600 holds, last 0.063 s, source twoStageRealTimeIteration
curvedHeadOn: 412/1600 holds, last 0.059 s, source twoStageRealTimeIteration
curvedHeadOn: 416/1600 holds, last 0.060 s, source twoStageRealTimeIteration
curvedHeadOn: 420/1600 holds, last 0.047 s, source twoStageRealTimeIteration
curvedHeadOn: 424/1600 holds, last 0.052 s, source twoStageRealTimeIteration
curvedHeadOn: 428/1600 holds, last 0.054 s, source twoStageRealTimeIteration
curvedHeadOn: 432/1600 holds, last 0.056 s, source twoStageRealTimeIteration
curvedHeadOn: 436/1600 holds, last 0.058 s, source twoStageRealTimeIteration
curvedHeadOn: 440/1600 holds, last 0.060 s, source twoStageRealTimeIteration
curvedHeadOn: 444/1600 holds, last 0.060 s, source twoStageRealTimeIteration
curvedHeadOn: 448/1600 holds, last 0.061 s, source twoStageRealTimeIteration
curvedHeadOn: 452/1600 holds, last 0.055 s, source twoStageRealTimeIteration
curvedHeadOn: 456/1600 holds, last 0.052 s, source twoStageRealTimeIteration
curvedHeadOn: 460/1600 holds, last 0.059 s, source twoStageRealTimeIteration
curvedHeadOn: 464/1600 holds, last 0.062 s, source twoStageRealTimeIteration
curvedHeadOn: 468/1600 holds, last 0.057 s, source twoStageRealTimeIteration
curvedHeadOn: 472/1600 holds, last 0.254 s, source twoStageRealTimeIteration
curvedHeadOn: 476/1600 holds, last 0.067 s, source twoStageRealTimeIteration
curvedHeadOn: 480/1600 holds, last 0.078 s, source twoStageRealTimeIteration
curvedHeadOn: 484/1600 holds, last 0.060 s, source twoStageRealTimeIteration
curvedHeadOn: 488/1600 holds, last 0.062 s, source twoStageRealTimeIteration
curvedHeadOn: 492/1600 holds, last 0.070 s, source twoStageRealTimeIteration
curvedHeadOn: 496/1600 holds, last 0.202 s, source twoStageRealTimeIteration
curvedHeadOn: 500/1600 holds, last 0.165 s, source twoStageRealTimeIteration
Recovery at 25.00 s: e = [-9.12592    -0.25439   -0.392528 -0.00855844 -0.00886699], W = 7141.47
curvedHeadOn: 504/1600 holds, last 0.208 s, source twoStageRealTimeIteration
curvedHeadOn: 508/1600 holds, last 0.228 s, source twoStageRealTimeIteration
curvedHeadOn: 512/1600 holds, last 0.178 s, source twoStageRealTimeIteration
curvedHeadOn: 516/1600 holds, last 0.062 s, source twoStageRealTimeIteration
curvedHeadOn: 520/1600 holds, last 0.227 s, source twoStageRealTimeIteration
curvedHeadOn: 524/1600 holds, last 0.223 s, source twoStageRealTimeIteration
curvedHeadOn: 528/1600 holds, last 0.212 s, source twoStageRealTimeIteration
curvedHeadOn: 532/1600 holds, last 0.208 s, source twoStageRealTimeIteration
curvedHeadOn: 536/1600 holds, last 0.093 s, source twoStageRealTimeIteration
curvedHeadOn: 540/1600 holds, last 0.067 s, source twoStageRealTimeIteration
curvedHeadOn: 544/1600 holds, last 0.113 s, source twoStageRealTimeIteration
curvedHeadOn: 548/1600 holds, last 0.067 s, source twoStageRealTimeIteration
curvedHeadOn: 552/1600 holds, last 0.128 s, source twoStageRealTimeIteration
curvedHeadOn: 556/1600 holds, last 0.115 s, source twoStageRealTimeIteration
curvedHeadOn: 560/1600 holds, last 0.116 s, source twoStageRealTimeIteration
curvedHeadOn: 564/1600 holds, last 0.070 s, source twoStageRealTimeIteration
curvedHeadOn: 568/1600 holds, last 0.082 s, source twoStageRealTimeIteration
curvedHeadOn: 572/1600 holds, last 0.069 s, source twoStageRealTimeIteration
curvedHeadOn: 576/1600 holds, last 0.103 s, source twoStageRealTimeIteration
curvedHeadOn: 580/1600 holds, last 0.077 s, source twoStageRealTimeIteration
curvedHeadOn: 584/1600 holds, last 0.073 s, source twoStageRealTimeIteration
curvedHeadOn: 588/1600 holds, last 0.062 s, source twoStageRealTimeIteration
curvedHeadOn: 592/1600 holds, last 0.062 s, source twoStageRealTimeIteration
curvedHeadOn: 596/1600 holds, last 0.077 s, source twoStageRealTimeIteration
curvedHeadOn: 600/1600 holds, last 0.060 s, source twoStageRealTimeIteration
Recovery at 30.00 s: e = [-19.0313  -0.281549  -0.768013 -0.0103437 -0.0114179], W = 29308.4
curvedHeadOn: 604/1600 holds, last 0.070 s, source twoStageRealTimeIteration
curvedHeadOn: 608/1600 holds, last 0.076 s, source twoStageRealTimeIteration
curvedHeadOn: 612/1600 holds, last 0.061 s, source twoStageRealTimeIteration
curvedHeadOn: 616/1600 holds, last 0.066 s, source twoStageRealTimeIteration
curvedHeadOn: 620/1600 holds, last 0.063 s, source twoStageRealTimeIteration
curvedHeadOn: 624/1600 holds, last 0.073 s, source twoStageRealTimeIteration
curvedHeadOn: 628/1600 holds, last 0.065 s, source twoStageRealTimeIteration
curvedHeadOn: 632/1600 holds, last 0.063 s, source twoStageRealTimeIteration
curvedHeadOn: 636/1600 holds, last 0.076 s, source twoStageRealTimeIteration
curvedHeadOn: 640/1600 holds, last 0.063 s, source twoStageRealTimeIteration
curvedHeadOn: 644/1600 holds, last 0.156 s, source twoStageRealTimeIteration
curvedHeadOn: 648/1600 holds, last 0.057 s, source twoStageRealTimeIteration
curvedHeadOn: 652/1600 holds, last 0.071 s, source twoStageRealTimeIteration
curvedHeadOn: 656/1600 holds, last 0.073 s, source twoStageRealTimeIteration
curvedHeadOn: 660/1600 holds, last 0.074 s, source twoStageRealTimeIteration
curvedHeadOn: 664/1600 holds, last 0.076 s, source twoStageRealTimeIteration
curvedHeadOn: 668/1600 holds, last 0.074 s, source twoStageRealTimeIteration
curvedHeadOn: 672/1600 holds, last 0.078 s, source twoStageRealTimeIteration
curvedHeadOn: 676/1600 holds, last 0.081 s, source twoStageRealTimeIteration
curvedHeadOn: 680/1600 holds, last 0.106 s, source twoStageRealTimeIteration
curvedHeadOn: 684/1600 holds, last 0.073 s, source twoStageRealTimeIteration
curvedHeadOn: 688/1600 holds, last 0.066 s, source twoStageRealTimeIteration
curvedHeadOn: 692/1600 holds, last 0.076 s, source twoStageRealTimeIteration
curvedHeadOn: 696/1600 holds, last 0.071 s, source twoStageRealTimeIteration
curvedHeadOn: 700/1600 holds, last 0.068 s, source twoStageRealTimeIteration
Recovery at 35.00 s: e = [-28.9201   -0.280616    -1.08499 -0.00590231 -0.00877553], W = 66228.2
curvedHeadOn: 704/1600 holds, last 0.068 s, source twoStageRealTimeIteration
curvedHeadOn: 708/1600 holds, last 0.080 s, source twoStageRealTimeIteration
curvedHeadOn: 712/1600 holds, last 0.099 s, source twoStageRealTimeIteration
curvedHeadOn: 716/1600 holds, last 0.064 s, source twoStageRealTimeIteration
curvedHeadOn: 720/1600 holds, last 0.069 s, source twoStageRealTimeIteration
curvedHeadOn: 724/1600 holds, last 0.070 s, source twoStageRealTimeIteration
curvedHeadOn: 728/1600 holds, last 0.098 s, source twoStageRealTimeIteration
curvedHeadOn: 732/1600 holds, last 0.062 s, source twoStageRealTimeIteration
curvedHeadOn: 736/1600 holds, last 0.084 s, source twoStageRealTimeIteration
curvedHeadOn: 740/1600 holds, last 0.070 s, source twoStageRealTimeIteration
curvedHeadOn: 744/1600 holds, last 0.067 s, source twoStageRealTimeIteration
curvedHeadOn: 748/1600 holds, last 0.061 s, source twoStageRealTimeIteration
curvedHeadOn: 752/1600 holds, last 0.067 s, source twoStageRealTimeIteration
curvedHeadOn: 756/1600 holds, last 0.069 s, source twoStageRealTimeIteration
curvedHeadOn: 760/1600 holds, last 0.070 s, source twoStageRealTimeIteration
curvedHeadOn: 764/1600 holds, last 0.058 s, source twoStageRealTimeIteration
curvedHeadOn: 768/1600 holds, last 0.064 s, source twoStageRealTimeIteration
curvedHeadOn: 772/1600 holds, last 0.066 s, source twoStageRealTimeIteration
curvedHeadOn: 776/1600 holds, last 0.067 s, source twoStageRealTimeIteration
curvedHeadOn: 780/1600 holds, last 0.068 s, source twoStageRealTimeIteration
curvedHeadOn: 784/1600 holds, last 0.056 s, source twoStageRealTimeIteration
curvedHeadOn: 788/1600 holds, last 0.063 s, source twoStageRealTimeIteration
curvedHeadOn: 792/1600 holds, last 0.067 s, source twoStageRealTimeIteration
curvedHeadOn: 796/1600 holds, last 0.071 s, source twoStageRealTimeIteration
curvedHeadOn: 800/1600 holds, last 0.061 s, source twoStageRealTimeIteration
Recovery at 40.00 s: e = [-38.1284   -0.260346    -1.16833 -0.00168177 -0.00562002], W = 113739
curvedHeadOn: 804/1600 holds, last 0.055 s, source twoStageRealTimeIteration
curvedHeadOn: 808/1600 holds, last 0.069 s, source twoStageRealTimeIteration
curvedHeadOn: 812/1600 holds, last 0.070 s, source twoStageRealTimeIteration
curvedHeadOn: 816/1600 holds, last 0.067 s, source twoStageRealTimeIteration
curvedHeadOn: 820/1600 holds, last 0.060 s, source twoStageRealTimeIteration
curvedHeadOn: 824/1600 holds, last 0.056 s, source twoStageRealTimeIteration
curvedHeadOn: 828/1600 holds, last 0.064 s, source twoStageRealTimeIteration
curvedHeadOn: 832/1600 holds, last 0.068 s, source twoStageRealTimeIteration
curvedHeadOn: 836/1600 holds, last 0.055 s, source twoStageRealTimeIteration
curvedHeadOn: 840/1600 holds, last 0.058 s, source twoStageRealTimeIteration
curvedHeadOn: 844/1600 holds, last 0.060 s, source twoStageRealTimeIteration
curvedHeadOn: 848/1600 holds, last 0.061 s, source twoStageRealTimeIteration
curvedHeadOn: 852/1600 holds, last 0.071 s, source twoStageRealTimeIteration
curvedHeadOn: 856/1600 holds, last 0.064 s, source twoStageRealTimeIteration
curvedHeadOn: 860/1600 holds, last 0.057 s, source twoStageRealTimeIteration
curvedHeadOn: 864/1600 holds, last 0.065 s, source twoStageRealTimeIteration
curvedHeadOn: 868/1600 holds, last 0.068 s, source twoStageRealTimeIteration
curvedHeadOn: 872/1600 holds, last 0.068 s, source twoStageRealTimeIteration
curvedHeadOn: 876/1600 holds, last 0.069 s, source twoStageRealTimeIteration
curvedHeadOn: 880/1600 holds, last 0.064 s, source twoStageRealTimeIteration
curvedHeadOn: 884/1600 holds, last 0.072 s, source twoStageRealTimeIteration
curvedHeadOn: 888/1600 holds, last 0.062 s, source twoStageRealTimeIteration
curvedHeadOn: 892/1600 holds, last 0.059 s, source twoStageRealTimeIteration
curvedHeadOn: 896/1600 holds, last 0.061 s, source twoStageRealTimeIteration
curvedHeadOn: 900/1600 holds, last 0.073 s, source twoStageRealTimeIteration
Recovery at 45.00 s: e = [-46.3952   -0.231161    -1.19387   -0.006376 -0.00942621], W = 167131
curvedHeadOn: 904/1600 holds, last 0.067 s, source twoStageRealTimeIteration
curvedHeadOn: 908/1600 holds, last 0.062 s, source twoStageRealTimeIteration
curvedHeadOn: 912/1600 holds, last 0.065 s, source twoStageRealTimeIteration
curvedHeadOn: 916/1600 holds, last 0.065 s, source twoStageRealTimeIteration
curvedHeadOn: 920/1600 holds, last 0.073 s, source twoStageRealTimeIteration
curvedHeadOn: 924/1600 holds, last 0.065 s, source twoStageRealTimeIteration
curvedHeadOn: 928/1600 holds, last 0.063 s, source twoStageRealTimeIteration
curvedHeadOn: 932/1600 holds, last 0.064 s, source twoStageRealTimeIteration
curvedHeadOn: 936/1600 holds, last 0.064 s, source twoStageRealTimeIteration
curvedHeadOn: 940/1600 holds, last 0.068 s, source twoStageRealTimeIteration
curvedHeadOn: 944/1600 holds, last 0.067 s, source twoStageRealTimeIteration
curvedHeadOn: 948/1600 holds, last 0.064 s, source twoStageRealTimeIteration
curvedHeadOn: 952/1600 holds, last 0.066 s, source twoStageRealTimeIteration
curvedHeadOn: 956/1600 holds, last 0.071 s, source twoStageRealTimeIteration
curvedHeadOn: 960/1600 holds, last 0.066 s, source twoStageRealTimeIteration
curvedHeadOn: 964/1600 holds, last 0.058 s, source twoStageRealTimeIteration
curvedHeadOn: 968/1600 holds, last 0.071 s, source twoStageRealTimeIteration
curvedHeadOn: 972/1600 holds, last 0.063 s, source twoStageRealTimeIteration
curvedHeadOn: 976/1600 holds, last 0.067 s, source twoStageRealTimeIteration
curvedHeadOn: 980/1600 holds, last 0.068 s, source twoStageRealTimeIteration
curvedHeadOn: 984/1600 holds, last 0.069 s, source twoStageRealTimeIteration
curvedHeadOn: 988/1600 holds, last 0.065 s, source twoStageRealTimeIteration
curvedHeadOn: 992/1600 holds, last 0.063 s, source twoStageRealTimeIteration
curvedHeadOn: 996/1600 holds, last 0.065 s, source twoStageRealTimeIteration
curvedHeadOn: 1000/1600 holds, last 0.063 s, source twoStageRealTimeIteration
Recovery at 50.00 s: e = [-53.6235   -0.199333     -1.1945 -0.00626439 -0.00931499], W = 222116
curvedHeadOn: 1004/1600 holds, last 0.076 s, source twoStageRealTimeIteration
curvedHeadOn: 1008/1600 holds, last 0.060 s, source twoStageRealTimeIteration
curvedHeadOn: 1012/1600 holds, last 0.051 s, source twoStageRealTimeIteration
curvedHeadOn: 1016/1600 holds, last 0.056 s, source twoStageRealTimeIteration
curvedHeadOn: 1020/1600 holds, last 0.061 s, source twoStageRealTimeIteration
curvedHeadOn: 1024/1600 holds, last 0.062 s, source twoStageRealTimeIteration
curvedHeadOn: 1028/1600 holds, last 0.067 s, source twoStageRealTimeIteration
curvedHeadOn: 1032/1600 holds, last 0.061 s, source twoStageRealTimeIteration
curvedHeadOn: 1036/1600 holds, last 0.074 s, source twoStageRealTimeIteration
curvedHeadOn: 1040/1600 holds, last 0.073 s, source twoStageRealTimeIteration
curvedHeadOn: 1044/1600 holds, last 0.063 s, source twoStageRealTimeIteration
curvedHeadOn: 1048/1600 holds, last 0.067 s, source twoStageRealTimeIteration
curvedHeadOn: 1052/1600 holds, last 0.066 s, source twoStageRealTimeIteration
curvedHeadOn: 1056/1600 holds, last 0.069 s, source twoStageRealTimeIteration
curvedHeadOn: 1060/1600 holds, last 0.059 s, source twoStageRealTimeIteration
curvedHeadOn: 1064/1600 holds, last 0.061 s, source twoStageRealTimeIteration
curvedHeadOn: 1068/1600 holds, last 0.067 s, source twoStageRealTimeIteration
curvedHeadOn: 1072/1600 holds, last 0.073 s, source twoStageRealTimeIteration
curvedHeadOn: 1076/1600 holds, last 0.059 s, source twoStageRealTimeIteration
curvedHeadOn: 1080/1600 holds, last 0.064 s, source twoStageRealTimeIteration
curvedHeadOn: 1084/1600 holds, last 0.068 s, source twoStageRealTimeIteration
curvedHeadOn: 1088/1600 holds, last 0.062 s, source twoStageRealTimeIteration
curvedHeadOn: 1092/1600 holds, last 0.062 s, source twoStageRealTimeIteration
curvedHeadOn: 1096/1600 holds, last 0.063 s, source twoStageRealTimeIteration
curvedHeadOn: 1100/1600 holds, last 0.070 s, source twoStageRealTimeIteration
Recovery at 55.00 s: e = [-59.7218   -0.159636    -1.20895 -0.00465309 -0.00826338], W = 274348
curvedHeadOn: 1104/1600 holds, last 0.069 s, source twoStageRealTimeIteration
curvedHeadOn: 1108/1600 holds, last 0.059 s, source twoStageRealTimeIteration
curvedHeadOn: 1112/1600 holds, last 0.060 s, source twoStageRealTimeIteration
curvedHeadOn: 1116/1600 holds, last 0.070 s, source twoStageRealTimeIteration
curvedHeadOn: 1120/1600 holds, last 0.058 s, source twoStageRealTimeIteration
curvedHeadOn: 1124/1600 holds, last 0.063 s, source twoStageRealTimeIteration
curvedHeadOn: 1128/1600 holds, last 0.063 s, source twoStageRealTimeIteration
curvedHeadOn: 1132/1600 holds, last 0.062 s, source twoStageRealTimeIteration
curvedHeadOn: 1136/1600 holds, last 0.064 s, source twoStageRealTimeIteration
curvedHeadOn: 1140/1600 holds, last 0.068 s, source twoStageRealTimeIteration
curvedHeadOn: 1144/1600 holds, last 0.059 s, source twoStageRealTimeIteration
curvedHeadOn: 1148/1600 holds, last 0.066 s, source twoStageRealTimeIteration
curvedHeadOn: 1152/1600 holds, last 0.065 s, source twoStageRealTimeIteration
curvedHeadOn: 1156/1600 holds, last 0.071 s, source twoStageRealTimeIteration
curvedHeadOn: 1160/1600 holds, last 0.065 s, source twoStageRealTimeIteration
curvedHeadOn: 1164/1600 holds, last 0.064 s, source twoStageRealTimeIteration
curvedHeadOn: 1168/1600 holds, last 0.061 s, source twoStageRealTimeIteration
curvedHeadOn: 1172/1600 holds, last 0.071 s, source twoStageRealTimeIteration
curvedHeadOn: 1176/1600 holds, last 0.066 s, source twoStageRealTimeIteration
curvedHeadOn: 1180/1600 holds, last 0.053 s, source twoStageRealTimeIteration
curvedHeadOn: 1184/1600 holds, last 0.054 s, source twoStageRealTimeIteration
curvedHeadOn: 1188/1600 holds, last 0.075 s, source twoStageRealTimeIteration
curvedHeadOn: 1192/1600 holds, last 0.061 s, source twoStageRealTimeIteration
curvedHeadOn: 1196/1600 holds, last 0.060 s, source twoStageRealTimeIteration
curvedHeadOn: 1200/1600 holds, last 0.076 s, source twoStageRealTimeIteration
Recovery at 60.00 s: e = [-64.6807   -0.128997    -1.18562 -0.00222922 -0.00615973], W = 320920
curvedHeadOn: 1204/1600 holds, last 0.072 s, source twoStageRealTimeIteration
curvedHeadOn: 1208/1600 holds, last 0.062 s, source twoStageRealTimeIteration
curvedHeadOn: 1212/1600 holds, last 0.076 s, source twoStageRealTimeIteration
curvedHeadOn: 1216/1600 holds, last 0.060 s, source twoStageRealTimeIteration
curvedHeadOn: 1220/1600 holds, last 0.062 s, source twoStageRealTimeIteration
curvedHeadOn: 1224/1600 holds, last 0.075 s, source twoStageRealTimeIteration
curvedHeadOn: 1228/1600 holds, last 0.064 s, source twoStageRealTimeIteration
curvedHeadOn: 1232/1600 holds, last 0.063 s, source twoStageRealTimeIteration
curvedHeadOn: 1236/1600 holds, last 0.065 s, source twoStageRealTimeIteration
curvedHeadOn: 1240/1600 holds, last 0.073 s, source twoStageRealTimeIteration
curvedHeadOn: 1244/1600 holds, last 0.064 s, source twoStageRealTimeIteration
curvedHeadOn: 1248/1600 holds, last 0.051 s, source twoStageRealTimeIteration
curvedHeadOn: 1252/1600 holds, last 0.053 s, source twoStageRealTimeIteration
curvedHeadOn: 1256/1600 holds, last 0.052 s, source twoStageRealTimeIteration
curvedHeadOn: 1260/1600 holds, last 0.053 s, source twoStageRealTimeIteration
curvedHeadOn: 1264/1600 holds, last 0.054 s, source twoStageRealTimeIteration
curvedHeadOn: 1268/1600 holds, last 0.053 s, source twoStageRealTimeIteration
curvedHeadOn: 1272/1600 holds, last 0.052 s, source twoStageRealTimeIteration
curvedHeadOn: 1276/1600 holds, last 0.054 s, source twoStageRealTimeIteration
curvedHeadOn: 1280/1600 holds, last 0.052 s, source twoStageRealTimeIteration
curvedHeadOn: 1284/1600 holds, last 0.053 s, source twoStageRealTimeIteration
curvedHeadOn: 1288/1600 holds, last 0.055 s, source twoStageRealTimeIteration
curvedHeadOn: 1292/1600 holds, last 0.062 s, source twoStageRealTimeIteration
curvedHeadOn: 1296/1600 holds, last 0.055 s, source twoStageRealTimeIteration
curvedHeadOn: 1300/1600 holds, last 0.054 s, source twoStageRealTimeIteration
Recovery at 65.00 s: e = [-68.3056  -0.0863806    -1.12088 -0.00769207   -0.010349], W = 356861
curvedHeadOn: 1304/1600 holds, last 0.054 s, source twoStageRealTimeIteration
curvedHeadOn: 1308/1600 holds, last 0.053 s, source twoStageRealTimeIteration
curvedHeadOn: 1312/1600 holds, last 0.057 s, source twoStageRealTimeIteration
curvedHeadOn: 1316/1600 holds, last 0.064 s, source twoStageRealTimeIteration
curvedHeadOn: 1320/1600 holds, last 0.056 s, source twoStageRealTimeIteration
curvedHeadOn: 1324/1600 holds, last 0.055 s, source twoStageRealTimeIteration
curvedHeadOn: 1328/1600 holds, last 0.054 s, source twoStageRealTimeIteration
curvedHeadOn: 1332/1600 holds, last 0.056 s, source twoStageRealTimeIteration
curvedHeadOn: 1336/1600 holds, last 0.053 s, source twoStageRealTimeIteration
curvedHeadOn: 1340/1600 holds, last 0.054 s, source twoStageRealTimeIteration
curvedHeadOn: 1344/1600 holds, last 0.055 s, source twoStageRealTimeIteration
curvedHeadOn: 1348/1600 holds, last 0.065 s, source twoStageRealTimeIteration
curvedHeadOn: 1352/1600 holds, last 0.055 s, source twoStageRealTimeIteration
curvedHeadOn: 1356/1600 holds, last 0.056 s, source twoStageRealTimeIteration
curvedHeadOn: 1360/1600 holds, last 0.053 s, source twoStageRealTimeIteration
curvedHeadOn: 1364/1600 holds, last 0.059 s, source twoStageRealTimeIteration
curvedHeadOn: 1368/1600 holds, last 0.057 s, source twoStageRealTimeIteration
curvedHeadOn: 1372/1600 holds, last 0.053 s, source twoStageRealTimeIteration
curvedHeadOn: 1376/1600 holds, last 0.058 s, source twoStageRealTimeIteration
curvedHeadOn: 1380/1600 holds, last 0.091 s, source twoStageRealTimeIteration
curvedHeadOn: 1384/1600 holds, last 0.058 s, source twoStageRealTimeIteration
curvedHeadOn: 1388/1600 holds, last 0.053 s, source twoStageRealTimeIteration
curvedHeadOn: 1392/1600 holds, last 0.053 s, source twoStageRealTimeIteration
curvedHeadOn: 1396/1600 holds, last 0.057 s, source twoStageRealTimeIteration
curvedHeadOn: 1400/1600 holds, last 0.054 s, source twoStageRealTimeIteration
Recovery at 70.00 s: e = [-70.8775  -0.0604456    -1.06742 -0.00628592 -0.00903841], W = 383610
curvedHeadOn: 1404/1600 holds, last 0.056 s, source twoStageRealTimeIteration
curvedHeadOn: 1408/1600 holds, last 0.054 s, source twoStageRealTimeIteration
curvedHeadOn: 1412/1600 holds, last 0.065 s, source twoStageRealTimeIteration
curvedHeadOn: 1416/1600 holds, last 0.057 s, source twoStageRealTimeIteration
curvedHeadOn: 1420/1600 holds, last 0.059 s, source twoStageRealTimeIteration
curvedHeadOn: 1424/1600 holds, last 0.053 s, source twoStageRealTimeIteration
curvedHeadOn: 1428/1600 holds, last 0.054 s, source twoStageRealTimeIteration
curvedHeadOn: 1432/1600 holds, last 0.055 s, source twoStageRealTimeIteration
curvedHeadOn: 1436/1600 holds, last 0.057 s, source twoStageRealTimeIteration
curvedHeadOn: 1440/1600 holds, last 0.060 s, source twoStageRealTimeIteration
curvedHeadOn: 1444/1600 holds, last 0.059 s, source twoStageRealTimeIteration
curvedHeadOn: 1448/1600 holds, last 0.071 s, source twoStageRealTimeIteration
curvedHeadOn: 1452/1600 holds, last 0.066 s, source twoStageRealTimeIteration
curvedHeadOn: 1456/1600 holds, last 0.058 s, source twoStageRealTimeIteration
curvedHeadOn: 1460/1600 holds, last 0.056 s, source twoStageRealTimeIteration
curvedHeadOn: 1464/1600 holds, last 0.055 s, source twoStageRealTimeIteration
curvedHeadOn: 1468/1600 holds, last 0.060 s, source twoStageRealTimeIteration
curvedHeadOn: 1472/1600 holds, last 0.054 s, source twoStageRealTimeIteration
curvedHeadOn: 1476/1600 holds, last 0.062 s, source twoStageRealTimeIteration
curvedHeadOn: 1480/1600 holds, last 0.055 s, source twoStageRealTimeIteration
curvedHeadOn: 1484/1600 holds, last 0.050 s, source twoStageRealTimeIteration
curvedHeadOn: 1488/1600 holds, last 0.055 s, source twoStageRealTimeIteration
curvedHeadOn: 1492/1600 holds, last 0.053 s, source twoStageRealTimeIteration
curvedHeadOn: 1496/1600 holds, last 0.054 s, source twoStageRealTimeIteration
curvedHeadOn: 1500/1600 holds, last 0.055 s, source twoStageRealTimeIteration
Recovery at 75.00 s: e = [-72.4139   -0.026482    -1.03947  -0.0037166 -0.00690525], W = 399649
curvedHeadOn: 1504/1600 holds, last 0.054 s, source twoStageRealTimeIteration
curvedHeadOn: 1508/1600 holds, last 0.055 s, source twoStageRealTimeIteration
curvedHeadOn: 1512/1600 holds, last 0.053 s, source twoStageRealTimeIteration
curvedHeadOn: 1516/1600 holds, last 0.053 s, source twoStageRealTimeIteration
curvedHeadOn: 1520/1600 holds, last 0.052 s, source twoStageRealTimeIteration
curvedHeadOn: 1524/1600 holds, last 0.052 s, source twoStageRealTimeIteration
curvedHeadOn: 1528/1600 holds, last 0.053 s, source twoStageRealTimeIteration
curvedHeadOn: 1532/1600 holds, last 0.049 s, source twoStageRealTimeIteration
curvedHeadOn: 1536/1600 holds, last 0.053 s, source twoStageRealTimeIteration
curvedHeadOn: 1540/1600 holds, last 0.057 s, source twoStageRealTimeIteration
curvedHeadOn: 1544/1600 holds, last 0.065 s, source twoStageRealTimeIteration
curvedHeadOn: 1548/1600 holds, last 0.050 s, source twoStageRealTimeIteration
curvedHeadOn: 1552/1600 holds, last 0.054 s, source twoStageRealTimeIteration
curvedHeadOn: 1556/1600 holds, last 0.049 s, source twoStageRealTimeIteration
curvedHeadOn: 1560/1600 holds, last 0.052 s, source twoStageRealTimeIteration
curvedHeadOn: 1564/1600 holds, last 0.055 s, source twoStageRealTimeIteration
curvedHeadOn: 1568/1600 holds, last 0.058 s, source twoStageRealTimeIteration
curvedHeadOn: 1572/1600 holds, last 0.058 s, source twoStageRealTimeIteration
curvedHeadOn: 1576/1600 holds, last 0.069 s, source twoStageRealTimeIteration
curvedHeadOn: 1580/1600 holds, last 0.067 s, source twoStageRealTimeIteration
curvedHeadOn: 1584/1600 holds, last 0.063 s, source twoStageRealTimeIteration
curvedHeadOn: 1588/1600 holds, last 0.065 s, source twoStageRealTimeIteration
curvedHeadOn: 1592/1600 holds, last 0.068 s, source twoStageRealTimeIteration
curvedHeadOn: 1596/1600 holds, last 0.064 s, source twoStageRealTimeIteration
curvedHeadOn: 1600/1600 holds, last 0.068 s, source twoStageRealTimeIteration
Recovery at 80.00 s: e = [-72.6238   0.0139494    -0.86967  -0.0064498 -0.00873174], W = 401087
curvedHeadOn: 1600/1600 frames, max 0.386 s, failure
CASE-END speed=8 scenario=curvedHeadOn frames=1600 wall=133.416 recovered=0 max=0.385912 gap=0.663997280 failure=
CASE-START speed=15 scenario=brakingLead
brakingLead: 4/1600 holds, last 0.117 s, source twoStageRealTimeIteration
brakingLead: 8/1600 holds, last 0.601 s, source twoStageRealTimeIteration
brakingLead: 12/1600 holds, last 0.184 s, source twoStageRealTimeIteration
brakingLead: 16/1600 holds, last 0.133 s, source twoStageRealTimeIteration
brakingLead: 20/1600 holds, last 0.164 s, source twoStageRealTimeIteration
brakingLead: 24/1600 holds, last 0.138 s, source twoStageRealTimeIteration
brakingLead: 28/1600 holds, last 0.140 s, source twoStageRealTimeIteration
brakingLead: 32/1600 holds, last 0.141 s, source twoStageRealTimeIteration
brakingLead: 36/1600 holds, last 0.177 s, source twoStageRealTimeIteration
brakingLead: 40/1600 holds, last 0.163 s, source twoStageRealTimeIteration
brakingLead: 44/1600 holds, last 0.120 s, source twoStageRealTimeIteration
brakingLead: 48/1600 holds, last 0.113 s, source twoStageRealTimeIteration
brakingLead: 52/1600 holds, last 0.089 s, source twoStageRealTimeIteration
brakingLead: 56/1600 holds, last 0.094 s, source twoStageRealTimeIteration
brakingLead: 60/1600 holds, last 0.110 s, source twoStageRealTimeIteration
brakingLead: 64/1600 holds, last 0.104 s, source twoStageRealTimeIteration
brakingLead: 68/1600 holds, last 0.109 s, source twoStageRealTimeIteration
brakingLead: 72/1600 holds, last 0.233 s, source twoStageRealTimeIteration
brakingLead: 76/1600 holds, last 0.132 s, source twoStageRealTimeIteration
brakingLead: 80/1600 holds, last 0.177 s, source twoStageRealTimeIteration
brakingLead: 84/1600 holds, last 0.178 s, source twoStageRealTimeIteration
brakingLead: 88/1600 holds, last 0.328 s, source twoStageRealTimeIteration
brakingLead: 92/1600 holds, last 0.257 s, source twoStageRealTimeIteration
brakingLead: 96/1600 holds, last 0.119 s, source twoStageRealTimeIteration
brakingLead: 100/1600 holds, last 0.113 s, source twoStageRealTimeIteration
Recovery at 5.00 s: e = [3.68304 0.0107303 -0.152132  0.378938 -0.209045], W = 809.424
brakingLead: 104/1600 holds, last 0.111 s, source twoStageRealTimeIteration
brakingLead: 108/1600 holds, last 0.106 s, source twoStageRealTimeIteration
brakingLead: 112/1600 holds, last 0.158 s, source twoStageRealTimeIteration
brakingLead: 116/1600 holds, last 0.158 s, source twoStageRealTimeIteration
brakingLead: 120/1600 holds, last 0.161 s, source twoStageRealTimeIteration
brakingLead: 124/1600 holds, last 0.145 s, source twoStageRealTimeIteration
brakingLead: 128/1600 holds, last 0.132 s, source twoStageRealTimeIteration
brakingLead: 132/1600 holds, last 0.123 s, source twoStageRealTimeIteration
brakingLead: 136/1600 holds, last 0.098 s, source twoStageRealTimeIteration
brakingLead: 140/1600 holds, last 0.150 s, source twoStageRealTimeIteration
brakingLead: 144/1600 holds, last 0.128 s, source twoStageRealTimeIteration
brakingLead: 148/1600 holds, last 0.121 s, source twoStageRealTimeIteration
brakingLead: 152/1600 holds, last 0.119 s, source twoStageRealTimeIteration
brakingLead: 156/1600 holds, last 0.127 s, source twoStageRealTimeIteration
brakingLead: 160/1600 holds, last 0.127 s, source twoStageRealTimeIteration
brakingLead: 164/1600 holds, last 0.147 s, source twoStageRealTimeIteration
brakingLead: 168/1600 holds, last 0.097 s, source twoStageRealTimeIteration
brakingLead: 172/1600 holds, last 0.095 s, source twoStageRealTimeIteration
brakingLead: 176/1600 holds, last 0.097 s, source twoStageRealTimeIteration
brakingLead: 180/1600 holds, last 0.101 s, source twoStageRealTimeIteration
brakingLead: 184/1600 holds, last 0.106 s, source twoStageRealTimeIteration
brakingLead: 188/1600 holds, last 0.107 s, source twoStageRealTimeIteration
brakingLead: 192/1600 holds, last 0.119 s, source twoStageRealTimeIteration
brakingLead: 196/1600 holds, last 0.110 s, source twoStageRealTimeIteration
brakingLead: 200/1600 holds, last 0.097 s, source twoStageRealTimeIteration
Recovery at 10.00 s: e = [3.24299 0.113177 -5.89137 0.179791 0.267616], W = 1520.09
brakingLead: 204/1600 holds, last 0.112 s, source twoStageRealTimeIteration
brakingLead: 208/1600 holds, last 0.120 s, source twoStageRealTimeIteration
brakingLead: 212/1600 holds, last 0.111 s, source twoStageRealTimeIteration
brakingLead: 216/1600 holds, last 0.121 s, source twoStageRealTimeIteration
brakingLead: 220/1600 holds, last 0.119 s, source twoStageRealTimeIteration
brakingLead: 224/1600 holds, last 0.103 s, source twoStageRealTimeIteration
brakingLead: 228/1600 holds, last 0.116 s, source twoStageRealTimeIteration
brakingLead: 232/1600 holds, last 0.114 s, source twoStageRealTimeIteration
brakingLead: 236/1600 holds, last 0.106 s, source twoStageRealTimeIteration
brakingLead: 240/1600 holds, last 0.102 s, source twoStageRealTimeIteration
brakingLead: 244/1600 holds, last 0.104 s, source twoStageRealTimeIteration
brakingLead: 248/1600 holds, last 0.103 s, source twoStageRealTimeIteration
brakingLead: 252/1600 holds, last 0.150 s, source twoStageRealTimeIteration
brakingLead: 256/1600 holds, last 0.112 s, source twoStageRealTimeIteration
brakingLead: 260/1600 holds, last 0.105 s, source twoStageRealTimeIteration
brakingLead: 264/1600 holds, last 0.125 s, source twoStageRealTimeIteration
brakingLead: 268/1600 holds, last 0.116 s, source twoStageRealTimeIteration
brakingLead: 272/1600 holds, last 0.112 s, source twoStageRealTimeIteration
brakingLead: 276/1600 holds, last 0.097 s, source twoStageRealTimeIteration
brakingLead: 280/1600 holds, last 0.098 s, source twoStageRealTimeIteration
brakingLead: 284/1600 holds, last 0.098 s, source twoStageRealTimeIteration
brakingLead: 288/1600 holds, last 0.106 s, source twoStageRealTimeIteration
brakingLead: 292/1600 holds, last 0.119 s, source twoStageRealTimeIteration
brakingLead: 296/1600 holds, last 0.132 s, source twoStageRealTimeIteration
brakingLead: 300/1600 holds, last 0.097 s, source twoStageRealTimeIteration
Recovery at 15.00 s: e = [4.93833 0.0718067  -6.89343  0.757126  0.911304], W = 2619.97
brakingLead: 304/1600 holds, last 0.119 s, source twoStageRealTimeIteration
brakingLead: 308/1600 holds, last 0.089 s, source twoStageRealTimeIteration
brakingLead: 312/1600 holds, last 0.092 s, source twoStageRealTimeIteration
brakingLead: 316/1600 holds, last 0.087 s, source twoStageRealTimeIteration
brakingLead: 320/1600 holds, last 0.107 s, source twoStageRealTimeIteration
brakingLead: 324/1600 holds, last 0.123 s, source twoStageRealTimeIteration
brakingLead: 328/1600 holds, last 0.112 s, source twoStageRealTimeIteration
brakingLead: 332/1600 holds, last 0.107 s, source twoStageRealTimeIteration
brakingLead: 336/1600 holds, last 0.103 s, source twoStageRealTimeIteration
brakingLead: 340/1600 holds, last 0.102 s, source twoStageRealTimeIteration
brakingLead: 344/1600 holds, last 0.099 s, source twoStageRealTimeIteration
brakingLead: 348/1600 holds, last 0.098 s, source twoStageRealTimeIteration
brakingLead: 352/1600 holds, last 0.098 s, source twoStageRealTimeIteration
brakingLead: 356/1600 holds, last 0.117 s, source twoStageRealTimeIteration
brakingLead: 360/1600 holds, last 0.121 s, source twoStageRealTimeIteration
brakingLead: 364/1600 holds, last 0.109 s, source twoStageRealTimeIteration
brakingLead: 368/1600 holds, last 0.132 s, source twoStageRealTimeIteration
brakingLead: 372/1600 holds, last 0.117 s, source twoStageRealTimeIteration
brakingLead: 376/1600 holds, last 0.098 s, source twoStageRealTimeIteration
brakingLead: 380/1600 holds, last 0.105 s, source twoStageRealTimeIteration
brakingLead: 384/1600 holds, last 0.104 s, source twoStageRealTimeIteration
brakingLead: 388/1600 holds, last 0.108 s, source twoStageRealTimeIteration
brakingLead: 392/1600 holds, last 0.133 s, source twoStageRealTimeIteration
brakingLead: 396/1600 holds, last 0.121 s, source twoStageRealTimeIteration
brakingLead: 400/1600 holds, last 0.151 s, source twoStageRealTimeIteration
Recovery at 20.00 s: e = [2.24173  -1.26478  -8.73299   3.18764 -0.773994], W = 4339.75
brakingLead: 404/1600 holds, last 0.090 s, source twoStageRealTimeIteration
brakingLead: 408/1600 holds, last 0.102 s, source twoStageRealTimeIteration
brakingLead: 412/1600 holds, last 0.289 s, source twoStageRealTimeIteration
brakingLead: 416/1600 holds, last 0.116 s, source twoStageRealTimeIteration
brakingLead: 420/1600 holds, last 0.113 s, source twoStageRealTimeIteration
brakingLead: 424/1600 holds, last 0.136 s, source twoStageRealTimeIteration
brakingLead: 428/1600 holds, last 0.135 s, source twoStageRealTimeIteration
brakingLead: 432/1600 holds, last 0.117 s, source twoStageRealTimeIteration
brakingLead: 436/1600 holds, last 0.159 s, source twoStageRealTimeIteration
brakingLead: 440/1600 holds, last 0.120 s, source twoStageRealTimeIteration
brakingLead: 444/1600 holds, last 0.139 s, source twoStageRealTimeIteration
brakingLead: 448/1600 holds, last 0.129 s, source twoStageRealTimeIteration
brakingLead: 452/1600 holds, last 0.121 s, source twoStageRealTimeIteration
brakingLead: 456/1600 holds, last 0.103 s, source twoStageRealTimeIteration
brakingLead: 460/1600 holds, last 0.116 s, source twoStageRealTimeIteration
brakingLead: 464/1600 holds, last 0.105 s, source twoStageRealTimeIteration
brakingLead: 468/1600 holds, last 0.097 s, source twoStageRealTimeIteration
brakingLead: 472/1600 holds, last 0.130 s, source twoStageRealTimeIteration
brakingLead: 476/1600 holds, last 0.100 s, source twoStageRealTimeIteration
brakingLead: 480/1600 holds, last 0.108 s, source twoStageRealTimeIteration
brakingLead: 484/1600 holds, last 0.112 s, source twoStageRealTimeIteration
brakingLead: 488/1600 holds, last 0.101 s, source twoStageRealTimeIteration
brakingLead: 492/1600 holds, last 0.089 s, source twoStageRealTimeIteration
brakingLead: 496/1600 holds, last 0.096 s, source twoStageRealTimeIteration
brakingLead: 500/1600 holds, last 0.097 s, source twoStageRealTimeIteration
Recovery at 25.00 s: e = [-11.6157   -1.34388   -12.4821  -0.133106 -0.0905118], W = 21935.7
brakingLead: 504/1600 holds, last 0.095 s, source twoStageRealTimeIteration
brakingLead: 508/1600 holds, last 0.097 s, source twoStageRealTimeIteration
brakingLead: 512/1600 holds, last 0.121 s, source twoStageRealTimeIteration
brakingLead: 516/1600 holds, last 0.130 s, source twoStageRealTimeIteration
brakingLead: 520/1600 holds, last 0.151 s, source twoStageRealTimeIteration
brakingLead: 524/1600 holds, last 0.101 s, source twoStageRealTimeIteration
brakingLead: 528/1600 holds, last 0.102 s, source twoStageRealTimeIteration
brakingLead: 532/1600 holds, last 0.084 s, source twoStageRealTimeIteration
brakingLead: 536/1600 holds, last 0.084 s, source twoStageRealTimeIteration
brakingLead: 540/1600 holds, last 0.091 s, source twoStageRealTimeIteration
brakingLead: 544/1600 holds, last 0.089 s, source twoStageRealTimeIteration
brakingLead: 548/1600 holds, last 0.119 s, source twoStageRealTimeIteration
brakingLead: 552/1600 holds, last 0.078 s, source twoStageRealTimeIteration
brakingLead: 556/1600 holds, last 0.072 s, source twoStageRealTimeIteration
brakingLead: 560/1600 holds, last 0.077 s, source twoStageRealTimeIteration
brakingLead: 564/1600 holds, last 0.079 s, source twoStageRealTimeIteration
brakingLead: 568/1600 holds, last 0.064 s, source twoStageRealTimeIteration
brakingLead: 572/1600 holds, last 0.065 s, source twoStageRealTimeIteration
brakingLead: 576/1600 holds, last 0.064 s, source twoStageRealTimeIteration
brakingLead: 580/1600 holds, last 0.059 s, source twoStageRealTimeIteration
brakingLead: 584/1600 holds, last 0.059 s, source twoStageRealTimeIteration
brakingLead: 588/1600 holds, last 0.065 s, source twoStageRealTimeIteration
brakingLead: 592/1600 holds, last 0.073 s, source twoStageRealTimeIteration
brakingLead: 596/1600 holds, last 0.072 s, source twoStageRealTimeIteration
brakingLead: 600/1600 holds, last 0.066 s, source twoStageRealTimeIteration
Recovery at 30.00 s: e = [-63.1215  -1.68091  -1.84507 0.0131898 0.0452372], W = 281420
brakingLead: 604/1600 holds, last 0.071 s, source twoStageRealTimeIteration
brakingLead: 608/1600 holds, last 0.062 s, source twoStageRealTimeIteration
brakingLead: 612/1600 holds, last 0.070 s, source twoStageRealTimeIteration
brakingLead: 616/1600 holds, last 0.073 s, source twoStageRealTimeIteration
brakingLead: 620/1600 holds, last 0.078 s, source twoStageRealTimeIteration
brakingLead: 624/1600 holds, last 0.075 s, source twoStageRealTimeIteration
brakingLead: 628/1600 holds, last 0.063 s, source twoStageRealTimeIteration
brakingLead: 632/1600 holds, last 0.074 s, source twoStageRealTimeIteration
brakingLead: 636/1600 holds, last 0.065 s, source twoStageRealTimeIteration
brakingLead: 640/1600 holds, last 0.070 s, source twoStageRealTimeIteration
brakingLead: 644/1600 holds, last 0.074 s, source twoStageRealTimeIteration
brakingLead: 648/1600 holds, last 0.074 s, source twoStageRealTimeIteration
brakingLead: 652/1600 holds, last 0.072 s, source twoStageRealTimeIteration
brakingLead: 656/1600 holds, last 0.133 s, source twoStageRealTimeIteration
brakingLead: 660/1600 holds, last 0.076 s, source twoStageRealTimeIteration
brakingLead: 664/1600 holds, last 0.129 s, source twoStageRealTimeIteration
brakingLead: 668/1600 holds, last 0.088 s, source twoStageRealTimeIteration
brakingLead: 672/1600 holds, last 0.082 s, source twoStageRealTimeIteration
brakingLead: 676/1600 holds, last 0.086 s, source twoStageRealTimeIteration
brakingLead: 680/1600 holds, last 0.082 s, source twoStageRealTimeIteration
brakingLead: 684/1600 holds, last 0.143 s, source twoStageRealTimeIteration
brakingLead: 688/1600 holds, last 0.086 s, source twoStageRealTimeIteration
brakingLead: 692/1600 holds, last 0.091 s, source twoStageRealTimeIteration
brakingLead: 696/1600 holds, last 0.079 s, source twoStageRealTimeIteration
brakingLead: 700/1600 holds, last 0.096 s, source twoStageRealTimeIteration
Recovery at 35.00 s: e = [-128.11  -1.38986  -2.63935 0.0220881 0.0552715], W = 1.0231e+06
brakingLead: 704/1600 holds, last 0.099 s, source twoStageRealTimeIteration
brakingLead: 708/1600 holds, last 0.143 s, source twoStageRealTimeIteration
brakingLead: 712/1600 holds, last 0.088 s, source twoStageRealTimeIteration
brakingLead: 716/1600 holds, last 0.086 s, source twoStageRealTimeIteration
brakingLead: 720/1600 holds, last 0.077 s, source twoStageRealTimeIteration
brakingLead: 724/1600 holds, last 0.090 s, source twoStageRealTimeIteration
brakingLead: 728/1600 holds, last 0.149 s, source twoStageRealTimeIteration
brakingLead: 732/1600 holds, last 0.090 s, source twoStageRealTimeIteration
brakingLead: 736/1600 holds, last 0.089 s, source twoStageRealTimeIteration
brakingLead: 740/1600 holds, last 0.088 s, source twoStageRealTimeIteration
brakingLead: 744/1600 holds, last 0.084 s, source twoStageRealTimeIteration
brakingLead: 748/1600 holds, last 0.102 s, source twoStageRealTimeIteration
brakingLead: 752/1600 holds, last 0.093 s, source twoStageRealTimeIteration
brakingLead: 756/1600 holds, last 0.081 s, source twoStageRealTimeIteration
brakingLead: 760/1600 holds, last 0.087 s, source twoStageRealTimeIteration
brakingLead: 764/1600 holds, last 0.090 s, source twoStageRealTimeIteration
brakingLead: 768/1600 holds, last 0.091 s, source twoStageRealTimeIteration
brakingLead: 772/1600 holds, last 0.093 s, source twoStageRealTimeIteration
brakingLead: 776/1600 holds, last 0.083 s, source twoStageRealTimeIteration
brakingLead: 780/1600 holds, last 0.085 s, source twoStageRealTimeIteration
brakingLead: 784/1600 holds, last 0.085 s, source twoStageRealTimeIteration
brakingLead: 788/1600 holds, last 0.096 s, source twoStageRealTimeIteration
brakingLead: 792/1600 holds, last 0.089 s, source twoStageRealTimeIteration
brakingLead: 796/1600 holds, last 0.079 s, source twoStageRealTimeIteration
brakingLead: 800/1600 holds, last 0.163 s, source twoStageRealTimeIteration
Recovery at 40.00 s: e = [-185.142  -1.13288  -3.00572 0.0237042 0.0483332], W = 2.05918e+06
brakingLead: 804/1600 holds, last 0.094 s, source twoStageRealTimeIteration
brakingLead: 808/1600 holds, last 0.087 s, source twoStageRealTimeIteration
brakingLead: 812/1600 holds, last 0.090 s, source twoStageRealTimeIteration
brakingLead: 816/1600 holds, last 0.105 s, source twoStageRealTimeIteration
brakingLead: 820/1600 holds, last 0.093 s, source twoStageRealTimeIteration
brakingLead: 824/1600 holds, last 0.086 s, source twoStageRealTimeIteration
brakingLead: 828/1600 holds, last 0.077 s, source twoStageRealTimeIteration
brakingLead: 832/1600 holds, last 0.081 s, source twoStageRealTimeIteration
brakingLead: 836/1600 holds, last 0.091 s, source twoStageRealTimeIteration
brakingLead: 840/1600 holds, last 0.089 s, source twoStageRealTimeIteration
brakingLead: 844/1600 holds, last 0.105 s, source twoStageRealTimeIteration
brakingLead: 848/1600 holds, last 0.102 s, source twoStageRealTimeIteration
brakingLead: 852/1600 holds, last 0.093 s, source twoStageRealTimeIteration
brakingLead: 856/1600 holds, last 0.089 s, source twoStageRealTimeIteration
brakingLead: 860/1600 holds, last 0.097 s, source twoStageRealTimeIteration
brakingLead: 864/1600 holds, last 0.182 s, source twoStageRealTimeIteration
brakingLead: 868/1600 holds, last 0.089 s, source twoStageRealTimeIteration
brakingLead: 872/1600 holds, last 0.180 s, source twoStageRealTimeIteration
brakingLead: 876/1600 holds, last 0.147 s, source twoStageRealTimeIteration
brakingLead: 880/1600 holds, last 0.089 s, source twoStageRealTimeIteration
brakingLead: 884/1600 holds, last 0.098 s, source twoStageRealTimeIteration
brakingLead: 888/1600 holds, last 0.097 s, source twoStageRealTimeIteration
brakingLead: 892/1600 holds, last 0.093 s, source twoStageRealTimeIteration
brakingLead: 896/1600 holds, last 0.091 s, source twoStageRealTimeIteration
brakingLead: 900/1600 holds, last 0.128 s, source twoStageRealTimeIteration
Recovery at 45.00 s: e = [-235.562 -0.893861  -3.16449 0.0257061  0.049103], W = 3.27378e+06
brakingLead: 904/1600 holds, last 0.098 s, source twoStageRealTimeIteration
brakingLead: 908/1600 holds, last 0.086 s, source twoStageRealTimeIteration
brakingLead: 912/1600 holds, last 0.090 s, source twoStageRealTimeIteration
brakingLead: 916/1600 holds, last 0.165 s, source twoStageRealTimeIteration
brakingLead: 920/1600 holds, last 0.084 s, source twoStageRealTimeIteration
brakingLead: 924/1600 holds, last 0.099 s, source twoStageRealTimeIteration
brakingLead: 928/1600 holds, last 0.091 s, source twoStageRealTimeIteration
brakingLead: 932/1600 holds, last 0.072 s, source twoStageRealTimeIteration
brakingLead: 936/1600 holds, last 0.087 s, source twoStageRealTimeIteration
brakingLead: 940/1600 holds, last 0.146 s, source twoStageRealTimeIteration
brakingLead: 944/1600 holds, last 0.096 s, source twoStageRealTimeIteration
brakingLead: 948/1600 holds, last 0.174 s, source twoStageRealTimeIteration
brakingLead: 952/1600 holds, last 0.088 s, source twoStageRealTimeIteration
brakingLead: 956/1600 holds, last 0.087 s, source twoStageRealTimeIteration
brakingLead: 960/1600 holds, last 0.092 s, source twoStageRealTimeIteration
brakingLead: 964/1600 holds, last 0.099 s, source twoStageRealTimeIteration
brakingLead: 968/1600 holds, last 0.187 s, source twoStageRealTimeIteration
brakingLead: 972/1600 holds, last 0.100 s, source twoStageRealTimeIteration
brakingLead: 976/1600 holds, last 0.092 s, source twoStageRealTimeIteration
brakingLead: 980/1600 holds, last 0.076 s, source twoStageRealTimeIteration
brakingLead: 984/1600 holds, last 0.091 s, source twoStageRealTimeIteration
brakingLead: 988/1600 holds, last 0.095 s, source twoStageRealTimeIteration
brakingLead: 992/1600 holds, last 0.079 s, source twoStageRealTimeIteration
brakingLead: 996/1600 holds, last 0.070 s, source twoStageRealTimeIteration
brakingLead: 1000/1600 holds, last 0.070 s, source twoStageRealTimeIteration
Recovery at 50.00 s: e = [-276.835 -0.656272  -3.07807 0.0241024 0.0473943], W = 4.47191e+06
brakingLead: 1004/1600 holds, last 0.086 s, source twoStageRealTimeIteration
brakingLead: 1008/1600 holds, last 0.092 s, source twoStageRealTimeIteration
brakingLead: 1012/1600 holds, last 0.085 s, source twoStageRealTimeIteration
brakingLead: 1016/1600 holds, last 0.085 s, source twoStageRealTimeIteration
brakingLead: 1020/1600 holds, last 0.081 s, source twoStageRealTimeIteration
brakingLead: 1024/1600 holds, last 0.087 s, source twoStageRealTimeIteration
brakingLead: 1028/1600 holds, last 0.092 s, source twoStageRealTimeIteration
brakingLead: 1032/1600 holds, last 0.074 s, source twoStageRealTimeIteration
brakingLead: 1036/1600 holds, last 0.088 s, source twoStageRealTimeIteration
brakingLead: 1040/1600 holds, last 0.085 s, source twoStageRealTimeIteration
brakingLead: 1044/1600 holds, last 0.085 s, source twoStageRealTimeIteration
brakingLead: 1048/1600 holds, last 0.085 s, source twoStageRealTimeIteration
brakingLead: 1052/1600 holds, last 0.070 s, source twoStageRealTimeIteration
brakingLead: 1056/1600 holds, last 0.085 s, source twoStageRealTimeIteration
brakingLead: 1060/1600 holds, last 0.097 s, source twoStageRealTimeIteration
brakingLead: 1064/1600 holds, last 0.095 s, source twoStageRealTimeIteration
brakingLead: 1068/1600 holds, last 0.069 s, source twoStageRealTimeIteration
brakingLead: 1072/1600 holds, last 0.084 s, source twoStageRealTimeIteration
brakingLead: 1076/1600 holds, last 0.088 s, source twoStageRealTimeIteration
brakingLead: 1080/1600 holds, last 0.092 s, source twoStageRealTimeIteration
brakingLead: 1084/1600 holds, last 0.084 s, source twoStageRealTimeIteration
brakingLead: 1088/1600 holds, last 0.089 s, source twoStageRealTimeIteration
brakingLead: 1092/1600 holds, last 0.096 s, source twoStageRealTimeIteration
brakingLead: 1096/1600 holds, last 0.077 s, source twoStageRealTimeIteration
brakingLead: 1100/1600 holds, last 0.078 s, source twoStageRealTimeIteration
Recovery at 55.00 s: e = [-307.373 -0.419048  -3.01704 0.0243127 0.0490841], W = 5.47025e+06
brakingLead: 1104/1600 holds, last 0.069 s, source twoStageRealTimeIteration
brakingLead: 1108/1600 holds, last 0.090 s, source twoStageRealTimeIteration
brakingLead: 1112/1600 holds, last 0.080 s, source twoStageRealTimeIteration
brakingLead: 1116/1600 holds, last 0.092 s, source twoStageRealTimeIteration
brakingLead: 1120/1600 holds, last 0.091 s, source twoStageRealTimeIteration
brakingLead: 1124/1600 holds, last 0.094 s, source twoStageRealTimeIteration
brakingLead: 1128/1600 holds, last 0.087 s, source twoStageRealTimeIteration
brakingLead: 1132/1600 holds, last 0.088 s, source twoStageRealTimeIteration
brakingLead: 1136/1600 holds, last 0.084 s, source twoStageRealTimeIteration
brakingLead: 1140/1600 holds, last 0.085 s, source twoStageRealTimeIteration
brakingLead: 1144/1600 holds, last 0.092 s, source twoStageRealTimeIteration
brakingLead: 1148/1600 holds, last 0.154 s, source twoStageRealTimeIteration
brakingLead: 1152/1600 holds, last 0.089 s, source twoStageRealTimeIteration
brakingLead: 1156/1600 holds, last 0.068 s, source twoStageRealTimeIteration
brakingLead: 1160/1600 holds, last 0.083 s, source twoStageRealTimeIteration
brakingLead: 1164/1600 holds, last 0.085 s, source twoStageRealTimeIteration
brakingLead: 1168/1600 holds, last 0.085 s, source twoStageRealTimeIteration
brakingLead: 1172/1600 holds, last 0.087 s, source twoStageRealTimeIteration
brakingLead: 1176/1600 holds, last 0.085 s, source twoStageRealTimeIteration
brakingLead: 1180/1600 holds, last 0.093 s, source twoStageRealTimeIteration
brakingLead: 1184/1600 holds, last 0.149 s, source twoStageRealTimeIteration
brakingLead: 1188/1600 holds, last 0.070 s, source twoStageRealTimeIteration
brakingLead: 1192/1600 holds, last 0.077 s, source twoStageRealTimeIteration
brakingLead: 1196/1600 holds, last 0.077 s, source twoStageRealTimeIteration
brakingLead: 1200/1600 holds, last 0.091 s, source twoStageRealTimeIteration
Recovery at 60.00 s: e = [-324.988 -0.182669  -2.88725 0.0224941 0.0478237], W = 6.07762e+06
brakingLead: 1204/1600 holds, last 0.180 s, source twoStageRealTimeIteration
brakingLead: 1208/1600 holds, last 0.093 s, source twoStageRealTimeIteration
brakingLead: 1212/1600 holds, last 0.073 s, source twoStageRealTimeIteration
brakingLead: 1216/1600 holds, last 0.070 s, source twoStageRealTimeIteration
brakingLead: 1220/1600 holds, last 0.084 s, source twoStageRealTimeIteration
brakingLead: 1224/1600 holds, last 0.078 s, source twoStageRealTimeIteration
brakingLead: 1228/1600 holds, last 0.089 s, source twoStageRealTimeIteration
brakingLead: 1232/1600 holds, last 0.088 s, source twoStageRealTimeIteration
brakingLead: 1236/1600 holds, last 0.088 s, source twoStageRealTimeIteration
brakingLead: 1240/1600 holds, last 0.090 s, source twoStageRealTimeIteration
brakingLead: 1244/1600 holds, last 0.082 s, source twoStageRealTimeIteration
brakingLead: 1248/1600 holds, last 0.068 s, source twoStageRealTimeIteration
brakingLead: 1252/1600 holds, last 0.077 s, source twoStageRealTimeIteration
brakingLead: 1256/1600 holds, last 0.098 s, source twoStageRealTimeIteration
brakingLead: 1260/1600 holds, last 0.086 s, source twoStageRealTimeIteration
brakingLead: 1264/1600 holds, last 0.088 s, source twoStageRealTimeIteration
brakingLead: 1268/1600 holds, last 0.085 s, source twoStageRealTimeIteration
brakingLead: 1272/1600 holds, last 0.094 s, source twoStageRealTimeIteration
brakingLead: 1276/1600 holds, last 0.089 s, source twoStageRealTimeIteration
brakingLead: 1280/1600 holds, last 0.082 s, source twoStageRealTimeIteration
brakingLead: 1284/1600 holds, last 0.091 s, source twoStageRealTimeIteration
brakingLead: 1288/1600 holds, last 0.072 s, source twoStageRealTimeIteration
brakingLead: 1292/1600 holds, last 0.071 s, source twoStageRealTimeIteration
brakingLead: 1296/1600 holds, last 0.085 s, source twoStageRealTimeIteration
brakingLead: 1300/1600 holds, last 0.087 s, source twoStageRealTimeIteration
Recovery at 65.00 s: e = [-328.588 0.0604587  -2.50493 0.0195613 0.0492776], W = 6.17755e+06
brakingLead: 1304/1600 holds, last 0.094 s, source twoStageRealTimeIteration
brakingLead: 1308/1600 holds, last 0.083 s, source twoStageRealTimeIteration
brakingLead: 1312/1600 holds, last 0.077 s, source twoStageRealTimeIteration
brakingLead: 1316/1600 holds, last 0.099 s, source twoStageRealTimeIteration
brakingLead: 1320/1600 holds, last 0.088 s, source twoStageRealTimeIteration
brakingLead: 1324/1600 holds, last 0.077 s, source twoStageRealTimeIteration
brakingLead: 1328/1600 holds, last 0.087 s, source twoStageRealTimeIteration
brakingLead: 1332/1600 holds, last 0.073 s, source twoStageRealTimeIteration
brakingLead: 1336/1600 holds, last 0.056 s, source twoStageRealTimeIteration
brakingLead: 1340/1600 holds, last 0.081 s, source twoStageRealTimeIteration
brakingLead: 1344/1600 holds, last 0.071 s, source twoStageRealTimeIteration
brakingLead: 1348/1600 holds, last 0.077 s, source twoStageRealTimeIteration
brakingLead: 1352/1600 holds, last 0.087 s, source twoStageRealTimeIteration
brakingLead: 1356/1600 holds, last 0.089 s, source twoStageRealTimeIteration
brakingLead: 1360/1600 holds, last 0.095 s, source twoStageRealTimeIteration
brakingLead: 1364/1600 holds, last 0.092 s, source twoStageRealTimeIteration
brakingLead: 1368/1600 holds, last 0.096 s, source twoStageRealTimeIteration
brakingLead: 1372/1600 holds, last 0.089 s, source twoStageRealTimeIteration
brakingLead: 1376/1600 holds, last 0.182 s, source twoStageRealTimeIteration
brakingLead: 1380/1600 holds, last 0.069 s, source twoStageRealTimeIteration
brakingLead: 1384/1600 holds, last 0.098 s, source twoStageRealTimeIteration
brakingLead: 1388/1600 holds, last 0.074 s, source twoStageRealTimeIteration
brakingLead: 1392/1600 holds, last 0.088 s, source twoStageRealTimeIteration
brakingLead: 1396/1600 holds, last 0.075 s, source twoStageRealTimeIteration
brakingLead: 1400/1600 holds, last 0.074 s, source twoStageRealTimeIteration
Recovery at 70.00 s: e = [-315.954   0.337776   -1.44337 0.00985566  0.0647435], W = 5.67305e+06
brakingLead: 1404/1600 holds, last 0.091 s, source twoStageRealTimeIteration
brakingLead: 1408/1600 holds, last 0.084 s, source twoStageRealTimeIteration
brakingLead: 1412/1600 holds, last 0.075 s, source twoStageRealTimeIteration
brakingLead: 1416/1600 holds, last 0.076 s, source twoStageRealTimeIteration
brakingLead: 1420/1600 holds, last 0.076 s, source twoStageRealTimeIteration
brakingLead: 1424/1600 holds, last 0.083 s, source twoStageRealTimeIteration
brakingLead: 1428/1600 holds, last 0.081 s, source twoStageRealTimeIteration
brakingLead: 1432/1600 holds, last 0.065 s, source twoStageRealTimeIteration
brakingLead: 1436/1600 holds, last 0.093 s, source twoStageRealTimeIteration
brakingLead: 1440/1600 holds, last 0.085 s, source twoStageRealTimeIteration
brakingLead: 1444/1600 holds, last 0.082 s, source twoStageRealTimeIteration
brakingLead: 1448/1600 holds, last 0.077 s, source twoStageRealTimeIteration
brakingLead: 1452/1600 holds, last 0.075 s, source twoStageRealTimeIteration
brakingLead: 1456/1600 holds, last 0.069 s, source twoStageRealTimeIteration
brakingLead: 1460/1600 holds, last 0.086 s, source twoStageRealTimeIteration
brakingLead: 1464/1600 holds, last 0.090 s, source twoStageRealTimeIteration
brakingLead: 1468/1600 holds, last 0.087 s, source twoStageRealTimeIteration
brakingLead: 1472/1600 holds, last 0.078 s, source twoStageRealTimeIteration
brakingLead: 1476/1600 holds, last 0.070 s, source twoStageRealTimeIteration
brakingLead: 1480/1600 holds, last 0.069 s, source twoStageRealTimeIteration
brakingLead: 1484/1600 holds, last 0.157 s, source twoStageRealTimeIteration
brakingLead: 1488/1600 holds, last 0.155 s, source twoStageRealTimeIteration
brakingLead: 1492/1600 holds, last 0.075 s, source twoStageRealTimeIteration
brakingLead: 1496/1600 holds, last 0.080 s, source twoStageRealTimeIteration
brakingLead: 1500/1600 holds, last 0.077 s, source twoStageRealTimeIteration
Recovery at 75.00 s: e = [-283.079   0.668338   -1.26814 0.00779017   0.071066], W = 4.50925e+06
brakingLead: 1504/1600 holds, last 0.077 s, source twoStageRealTimeIteration
brakingLead: 1508/1600 holds, last 0.088 s, source twoStageRealTimeIteration
brakingLead: 1512/1600 holds, last 0.069 s, source twoStageRealTimeIteration
brakingLead: 1516/1600 holds, last 0.098 s, source twoStageRealTimeIteration
brakingLead: 1520/1600 holds, last 0.076 s, source twoStageRealTimeIteration
brakingLead: 1524/1600 holds, last 0.093 s, source twoStageRealTimeIteration
brakingLead: 1528/1600 holds, last 0.103 s, source twoStageRealTimeIteration
brakingLead: 1532/1600 holds, last 0.201 s, source twoStageRealTimeIteration
brakingLead: 1536/1600 holds, last 0.088 s, source twoStageRealTimeIteration
brakingLead: 1540/1600 holds, last 0.078 s, source twoStageRealTimeIteration
brakingLead: 1544/1600 holds, last 0.095 s, source twoStageRealTimeIteration
brakingLead: 1548/1600 holds, last 0.083 s, source twoStageRealTimeIteration
brakingLead: 1552/1600 holds, last 0.066 s, source twoStageRealTimeIteration
brakingLead: 1556/1600 holds, last 0.072 s, source twoStageRealTimeIteration
brakingLead: 1560/1600 holds, last 0.092 s, source twoStageRealTimeIteration
brakingLead: 1564/1600 holds, last 0.074 s, source twoStageRealTimeIteration
brakingLead: 1568/1600 holds, last 0.086 s, source twoStageRealTimeIteration
brakingLead: 1572/1600 holds, last 0.060 s, source twoStageRealTimeIteration
brakingLead: 1576/1600 holds, last 0.073 s, source twoStageRealTimeIteration
brakingLead: 1580/1600 holds, last 0.070 s, source twoStageRealTimeIteration
brakingLead: 1584/1600 holds, last 0.081 s, source twoStageRealTimeIteration
brakingLead: 1588/1600 holds, last 0.085 s, source twoStageRealTimeIteration
brakingLead: 1592/1600 holds, last 0.082 s, source twoStageRealTimeIteration
brakingLead: 1596/1600 holds, last 0.071 s, source twoStageRealTimeIteration
brakingLead: 1600/1600 holds, last 0.094 s, source twoStageRealTimeIteration
Recovery at 80.00 s: e = [-232.47    1.00795   -1.37274 0.00732873  0.0677285], W = 2.99586e+06
brakingLead: 1600/1600 frames, max 0.601 s, failure
CASE-END speed=15 scenario=brakingLead frames=1600 wall=174.698 recovered=0 max=0.600877 gap=0.655146229 failure=
CASE-START speed=15 scenario=curvedCrossing
curvedCrossing: 4/1600 holds, last 0.133 s, source twoStageRealTimeIteration
curvedCrossing: 8/1600 holds, last 0.120 s, source twoStageRealTimeIteration
curvedCrossing: 12/1600 holds, last 0.126 s, source twoStageRealTimeIteration
curvedCrossing: 16/1600 holds, last 0.095 s, source twoStageRealTimeIteration
curvedCrossing: 20/1600 holds, last 0.120 s, source twoStageRealTimeIteration
curvedCrossing: 24/1600 holds, last 0.226 s, source twoStageRealTimeIteration
curvedCrossing: 28/1600 holds, last 0.569 s, source twoStageRealTimeIteration
curvedCrossing: 32/1600 holds, last 0.154 s, source twoStageRealTimeIteration
curvedCrossing: 36/1600 holds, last 0.120 s, source twoStageRealTimeIteration
curvedCrossing: 40/1600 holds, last 0.112 s, source twoStageRealTimeIteration
curvedCrossing: 44/1600 holds, last 0.121 s, source twoStageRealTimeIteration
curvedCrossing: 48/1600 holds, last 0.104 s, source twoStageRealTimeIteration
curvedCrossing: 52/1600 holds, last 0.102 s, source twoStageRealTimeIteration
curvedCrossing: 56/1600 holds, last 0.151 s, source twoStageRealTimeIteration
curvedCrossing: 60/1600 holds, last 0.109 s, source twoStageRealTimeIteration
curvedCrossing: 64/1600 holds, last 0.120 s, source twoStageRealTimeIteration
curvedCrossing: 68/1600 holds, last 0.122 s, source twoStageRealTimeIteration
curvedCrossing: 72/1600 holds, last 0.104 s, source twoStageRealTimeIteration
curvedCrossing: 76/1600 holds, last 0.233 s, source twoStageRealTimeIteration
curvedCrossing: 80/1600 holds, last 0.111 s, source twoStageRealTimeIteration
curvedCrossing: 84/1600 holds, last 0.155 s, source twoStageRealTimeIteration
curvedCrossing: 88/1600 holds, last 0.103 s, source twoStageRealTimeIteration
curvedCrossing: 92/1600 holds, last 0.116 s, source twoStageRealTimeIteration
curvedCrossing: 96/1600 holds, last 0.126 s, source twoStageRealTimeIteration
curvedCrossing: 100/1600 holds, last 0.133 s, source twoStageRealTimeIteration
Recovery at 5.00 s: e = [-29.5433 -0.696879  -1.30688 -0.124894  0.382187], W = 61297.4
curvedCrossing: 104/1600 holds, last 0.241 s, source twoStageRealTimeIteration
curvedCrossing: 108/1600 holds, last 0.115 s, source twoStageRealTimeIteration
curvedCrossing: 112/1600 holds, last 0.114 s, source twoStageRealTimeIteration
curvedCrossing: 116/1600 holds, last 0.107 s, source twoStageRealTimeIteration
curvedCrossing: 120/1600 holds, last 0.133 s, source twoStageRealTimeIteration
curvedCrossing: 124/1600 holds, last 0.127 s, source twoStageRealTimeIteration
curvedCrossing: 128/1600 holds, last 0.131 s, source twoStageRealTimeIteration
curvedCrossing: 132/1600 holds, last 0.117 s, source twoStageRealTimeIteration
curvedCrossing: 136/1600 holds, last 0.128 s, source twoStageRealTimeIteration
curvedCrossing: 140/1600 holds, last 0.113 s, source twoStageRealTimeIteration
curvedCrossing: 144/1600 holds, last 0.111 s, source twoStageRealTimeIteration
curvedCrossing: 148/1600 holds, last 0.138 s, source twoStageRealTimeIteration
curvedCrossing: 152/1600 holds, last 0.154 s, source twoStageRealTimeIteration
curvedCrossing: 156/1600 holds, last 0.151 s, source twoStageRealTimeIteration
curvedCrossing: 160/1600 holds, last 0.155 s, source twoStageRealTimeIteration
curvedCrossing: 164/1600 holds, last 0.107 s, source twoStageRealTimeIteration
curvedCrossing: 168/1600 holds, last 0.101 s, source twoStageRealTimeIteration
curvedCrossing: 172/1600 holds, last 0.103 s, source twoStageRealTimeIteration
curvedCrossing: 176/1600 holds, last 0.120 s, source twoStageRealTimeIteration
curvedCrossing: 180/1600 holds, last 0.109 s, source twoStageRealTimeIteration
curvedCrossing: 184/1600 holds, last 0.108 s, source twoStageRealTimeIteration
curvedCrossing: 188/1600 holds, last 0.107 s, source twoStageRealTimeIteration
curvedCrossing: 192/1600 holds, last 0.107 s, source twoStageRealTimeIteration
curvedCrossing: 196/1600 holds, last 0.108 s, source twoStageRealTimeIteration
curvedCrossing: 200/1600 holds, last 0.113 s, source twoStageRealTimeIteration
Recovery at 10.00 s: e = [-33.1722  0.713614  -1.26129 -0.263826  0.418639], W = 54483.3
curvedCrossing: 204/1600 holds, last 0.105 s, source twoStageRealTimeIteration
curvedCrossing: 208/1600 holds, last 0.092 s, source twoStageRealTimeIteration
curvedCrossing: 212/1600 holds, last 0.091 s, source twoStageRealTimeIteration
curvedCrossing: 216/1600 holds, last 0.095 s, source twoStageRealTimeIteration
curvedCrossing: 220/1600 holds, last 0.102 s, source twoStageRealTimeIteration
curvedCrossing: 224/1600 holds, last 0.098 s, source twoStageRealTimeIteration
curvedCrossing: 228/1600 holds, last 0.106 s, source twoStageRealTimeIteration
curvedCrossing: 232/1600 holds, last 0.101 s, source twoStageRealTimeIteration
curvedCrossing: 236/1600 holds, last 0.098 s, source twoStageRealTimeIteration
curvedCrossing: 240/1600 holds, last 0.099 s, source twoStageRealTimeIteration
curvedCrossing: 244/1600 holds, last 0.123 s, source twoStageRealTimeIteration
curvedCrossing: 248/1600 holds, last 0.149 s, source twoStageRealTimeIteration
curvedCrossing: 252/1600 holds, last 0.113 s, source twoStageRealTimeIteration
curvedCrossing: 256/1600 holds, last 0.116 s, source twoStageRealTimeIteration
curvedCrossing: 260/1600 holds, last 0.124 s, source twoStageRealTimeIteration
curvedCrossing: 264/1600 holds, last 0.134 s, source twoStageRealTimeIteration
curvedCrossing: 268/1600 holds, last 0.102 s, source twoStageRealTimeIteration
curvedCrossing: 272/1600 holds, last 0.152 s, source twoStageRealTimeIteration
curvedCrossing: 276/1600 holds, last 0.154 s, source twoStageRealTimeIteration
curvedCrossing: 280/1600 holds, last 0.138 s, source twoStageRealTimeIteration
curvedCrossing: 284/1600 holds, last 0.147 s, source twoStageRealTimeIteration
curvedCrossing: 288/1600 holds, last 0.151 s, source twoStageRealTimeIteration
curvedCrossing: 292/1600 holds, last 0.149 s, source twoStageRealTimeIteration
curvedCrossing: 296/1600 holds, last 0.140 s, source twoStageRealTimeIteration
curvedCrossing: 300/1600 holds, last 0.139 s, source twoStageRealTimeIteration
Recovery at 15.00 s: e = [33.7102   2.55279  0.566917 -0.611305  0.450652], W = 120557
curvedCrossing: 304/1600 holds, last 0.158 s, source twoStageRealTimeIteration
curvedCrossing: 308/1600 holds, last 0.136 s, source twoStageRealTimeIteration
curvedCrossing: 312/1600 holds, last 0.141 s, source twoStageRealTimeIteration
curvedCrossing: 316/1600 holds, last 0.151 s, source twoStageRealTimeIteration
curvedCrossing: 320/1600 holds, last 0.189 s, source twoStageRealTimeIteration
curvedCrossing: 324/1600 holds, last 0.164 s, source twoStageRealTimeIteration
curvedCrossing: 328/1600 holds, last 0.142 s, source twoStageRealTimeIteration
curvedCrossing: 332/1600 holds, last 0.260 s, source twoStageRealTimeIteration
curvedCrossing: 336/1600 holds, last 0.101 s, source twoStageRealTimeIteration
curvedCrossing: 340/1600 holds, last 0.099 s, source twoStageRealTimeIteration
curvedCrossing: 344/1600 holds, last 0.110 s, source twoStageRealTimeIteration
curvedCrossing: 348/1600 holds, last 0.080 s, source twoStageRealTimeIteration
curvedCrossing: 352/1600 holds, last 0.090 s, source twoStageRealTimeIteration
curvedCrossing: 356/1600 holds, last 0.106 s, source twoStageRealTimeIteration
curvedCrossing: 360/1600 holds, last 0.107 s, source twoStageRealTimeIteration
curvedCrossing: 364/1600 holds, last 0.107 s, source twoStageRealTimeIteration
curvedCrossing: 368/1600 holds, last 0.112 s, source twoStageRealTimeIteration
curvedCrossing: 372/1600 holds, last 0.111 s, source twoStageRealTimeIteration
curvedCrossing: 376/1600 holds, last 0.103 s, source twoStageRealTimeIteration
curvedCrossing: 380/1600 holds, last 0.101 s, source twoStageRealTimeIteration
curvedCrossing: 384/1600 holds, last 0.141 s, source twoStageRealTimeIteration
curvedCrossing: 388/1600 holds, last 0.110 s, source twoStageRealTimeIteration
curvedCrossing: 392/1600 holds, last 0.133 s, source twoStageRealTimeIteration
curvedCrossing: 396/1600 holds, last 0.127 s, source twoStageRealTimeIteration
curvedCrossing: 400/1600 holds, last 0.115 s, source twoStageRealTimeIteration
Recovery at 20.00 s: e = [-8.80453 -1.11985  0.56058 -3.26906 0.470907], W = 12517.8
curvedCrossing: 404/1600 holds, last 0.118 s, source twoStageRealTimeIteration
curvedCrossing: 408/1600 holds, last 0.114 s, source twoStageRealTimeIteration
curvedCrossing: 412/1600 holds, last 0.113 s, source twoStageRealTimeIteration
curvedCrossing: 416/1600 holds, last 0.106 s, source twoStageRealTimeIteration
curvedCrossing: 420/1600 holds, last 0.110 s, source twoStageRealTimeIteration
curvedCrossing: 424/1600 holds, last 0.104 s, source twoStageRealTimeIteration
curvedCrossing: 428/1600 holds, last 0.095 s, source twoStageRealTimeIteration
curvedCrossing: 432/1600 holds, last 0.113 s, source twoStageRealTimeIteration
curvedCrossing: 436/1600 holds, last 0.117 s, source twoStageRealTimeIteration
curvedCrossing: 440/1600 holds, last 0.114 s, source twoStageRealTimeIteration
curvedCrossing: 444/1600 holds, last 0.118 s, source twoStageRealTimeIteration
curvedCrossing: 448/1600 holds, last 0.109 s, source twoStageRealTimeIteration
curvedCrossing: 452/1600 holds, last 0.089 s, source twoStageRealTimeIteration
curvedCrossing: 456/1600 holds, last 0.118 s, source twoStageRealTimeIteration
curvedCrossing: 460/1600 holds, last 0.107 s, source twoStageRealTimeIteration
curvedCrossing: 464/1600 holds, last 0.109 s, source twoStageRealTimeIteration
curvedCrossing: 468/1600 holds, last 0.099 s, source twoStageRealTimeIteration
curvedCrossing: 472/1600 holds, last 0.094 s, source twoStageRealTimeIteration
curvedCrossing: 476/1600 holds, last 0.112 s, source twoStageRealTimeIteration
curvedCrossing: 480/1600 holds, last 0.111 s, source twoStageRealTimeIteration
curvedCrossing: 484/1600 holds, last 0.092 s, source twoStageRealTimeIteration
curvedCrossing: 488/1600 holds, last 0.096 s, source twoStageRealTimeIteration
curvedCrossing: 492/1600 holds, last 0.115 s, source twoStageRealTimeIteration
curvedCrossing: 496/1600 holds, last 0.095 s, source twoStageRealTimeIteration
curvedCrossing: 500/1600 holds, last 0.083 s, source twoStageRealTimeIteration
Recovery at 25.00 s: e = [-39.9892 -0.574192  0.129133  0.844095 -0.192956], W = 103866
curvedCrossing: 504/1600 holds, last 0.101 s, source twoStageRealTimeIteration
curvedCrossing: 508/1600 holds, last 0.100 s, source twoStageRealTimeIteration
curvedCrossing: 512/1600 holds, last 0.170 s, source twoStageRealTimeIteration
curvedCrossing: 516/1600 holds, last 0.089 s, source twoStageRealTimeIteration
curvedCrossing: 520/1600 holds, last 0.063 s, source twoStageRealTimeIteration
curvedCrossing: 524/1600 holds, last 0.067 s, source twoStageRealTimeIteration
curvedCrossing: 528/1600 holds, last 0.070 s, source twoStageRealTimeIteration
curvedCrossing: 532/1600 holds, last 0.071 s, source twoStageRealTimeIteration
curvedCrossing: 536/1600 holds, last 0.069 s, source twoStageRealTimeIteration
curvedCrossing: 540/1600 holds, last 0.072 s, source twoStageRealTimeIteration
curvedCrossing: 544/1600 holds, last 0.077 s, source twoStageRealTimeIteration
curvedCrossing: 548/1600 holds, last 0.076 s, source twoStageRealTimeIteration
curvedCrossing: 552/1600 holds, last 0.194 s, source twoStageRealTimeIteration
curvedCrossing: 556/1600 holds, last 0.077 s, source twoStageRealTimeIteration
curvedCrossing: 560/1600 holds, last 0.174 s, source twoStageRealTimeIteration
curvedCrossing: 564/1600 holds, last 0.104 s, source twoStageRealTimeIteration
curvedCrossing: 568/1600 holds, last 0.148 s, source twoStageRealTimeIteration
curvedCrossing: 572/1600 holds, last 0.077 s, source twoStageRealTimeIteration
curvedCrossing: 576/1600 holds, last 0.074 s, source twoStageRealTimeIteration
curvedCrossing: 580/1600 holds, last 0.079 s, source twoStageRealTimeIteration
curvedCrossing: 584/1600 holds, last 0.082 s, source twoStageRealTimeIteration
curvedCrossing: 588/1600 holds, last 0.088 s, source twoStageRealTimeIteration
curvedCrossing: 592/1600 holds, last 0.088 s, source twoStageRealTimeIteration
curvedCrossing: 596/1600 holds, last 0.093 s, source twoStageRealTimeIteration
curvedCrossing: 600/1600 holds, last 0.085 s, source twoStageRealTimeIteration
Recovery at 30.00 s: e = [-69.959  -0.489023   -2.88449   0.038438 -0.0250362], W = 300842
curvedCrossing: 604/1600 holds, last 0.088 s, source twoStageRealTimeIteration
curvedCrossing: 608/1600 holds, last 0.082 s, source twoStageRealTimeIteration
curvedCrossing: 612/1600 holds, last 0.156 s, source twoStageRealTimeIteration
curvedCrossing: 616/1600 holds, last 0.087 s, source twoStageRealTimeIteration
curvedCrossing: 620/1600 holds, last 0.091 s, source twoStageRealTimeIteration
curvedCrossing: 624/1600 holds, last 0.083 s, source twoStageRealTimeIteration
curvedCrossing: 628/1600 holds, last 0.086 s, source twoStageRealTimeIteration
curvedCrossing: 632/1600 holds, last 0.088 s, source twoStageRealTimeIteration
curvedCrossing: 636/1600 holds, last 0.085 s, source twoStageRealTimeIteration
curvedCrossing: 640/1600 holds, last 0.088 s, source twoStageRealTimeIteration
curvedCrossing: 644/1600 holds, last 0.083 s, source twoStageRealTimeIteration
curvedCrossing: 648/1600 holds, last 0.085 s, source twoStageRealTimeIteration
curvedCrossing: 652/1600 holds, last 0.087 s, source twoStageRealTimeIteration
curvedCrossing: 656/1600 holds, last 0.091 s, source twoStageRealTimeIteration
curvedCrossing: 660/1600 holds, last 0.154 s, source twoStageRealTimeIteration
curvedCrossing: 664/1600 holds, last 0.085 s, source twoStageRealTimeIteration
curvedCrossing: 668/1600 holds, last 0.092 s, source twoStageRealTimeIteration
curvedCrossing: 672/1600 holds, last 0.082 s, source twoStageRealTimeIteration
curvedCrossing: 676/1600 holds, last 0.151 s, source twoStageRealTimeIteration
curvedCrossing: 680/1600 holds, last 0.094 s, source twoStageRealTimeIteration
curvedCrossing: 684/1600 holds, last 0.153 s, source twoStageRealTimeIteration
curvedCrossing: 688/1600 holds, last 0.088 s, source twoStageRealTimeIteration
curvedCrossing: 692/1600 holds, last 0.153 s, source twoStageRealTimeIteration
curvedCrossing: 696/1600 holds, last 0.168 s, source twoStageRealTimeIteration
curvedCrossing: 700/1600 holds, last 0.085 s, source twoStageRealTimeIteration
Recovery at 35.00 s: e = [-95.9683 -0.429558  -3.33151 0.0405333 -0.030212], W = 554806
curvedCrossing: 704/1600 holds, last 0.168 s, source twoStageRealTimeIteration
curvedCrossing: 708/1600 holds, last 0.176 s, source twoStageRealTimeIteration
curvedCrossing: 712/1600 holds, last 0.085 s, source twoStageRealTimeIteration
curvedCrossing: 716/1600 holds, last 0.095 s, source twoStageRealTimeIteration
curvedCrossing: 720/1600 holds, last 0.156 s, source twoStageRealTimeIteration
curvedCrossing: 724/1600 holds, last 0.085 s, source twoStageRealTimeIteration
curvedCrossing: 728/1600 holds, last 0.100 s, source twoStageRealTimeIteration
curvedCrossing: 732/1600 holds, last 0.087 s, source twoStageRealTimeIteration
curvedCrossing: 736/1600 holds, last 0.092 s, source twoStageRealTimeIteration
curvedCrossing: 740/1600 holds, last 0.110 s, source twoStageRealTimeIteration
curvedCrossing: 744/1600 holds, last 0.094 s, source twoStageRealTimeIteration
curvedCrossing: 748/1600 holds, last 0.075 s, source twoStageRealTimeIteration
curvedCrossing: 752/1600 holds, last 0.078 s, source twoStageRealTimeIteration
curvedCrossing: 756/1600 holds, last 0.147 s, source twoStageRealTimeIteration
curvedCrossing: 760/1600 holds, last 0.084 s, source twoStageRealTimeIteration
curvedCrossing: 764/1600 holds, last 0.075 s, source twoStageRealTimeIteration
curvedCrossing: 768/1600 holds, last 0.097 s, source twoStageRealTimeIteration
curvedCrossing: 772/1600 holds, last 0.096 s, source twoStageRealTimeIteration
curvedCrossing: 776/1600 holds, last 0.134 s, source twoStageRealTimeIteration
curvedCrossing: 780/1600 holds, last 0.078 s, source twoStageRealTimeIteration
curvedCrossing: 784/1600 holds, last 0.090 s, source twoStageRealTimeIteration
curvedCrossing: 788/1600 holds, last 0.091 s, source twoStageRealTimeIteration
curvedCrossing: 792/1600 holds, last 0.132 s, source twoStageRealTimeIteration
curvedCrossing: 796/1600 holds, last 0.082 s, source twoStageRealTimeIteration
curvedCrossing: 800/1600 holds, last 0.080 s, source twoStageRealTimeIteration
Recovery at 40.00 s: e = [-118.475  -0.365528   -3.05062  0.0395302 -0.0274758], W = 836130
curvedCrossing: 804/1600 holds, last 0.084 s, source twoStageRealTimeIteration
curvedCrossing: 808/1600 holds, last 0.081 s, source twoStageRealTimeIteration
curvedCrossing: 812/1600 holds, last 0.074 s, source twoStageRealTimeIteration
curvedCrossing: 816/1600 holds, last 0.087 s, source twoStageRealTimeIteration
curvedCrossing: 820/1600 holds, last 0.174 s, source twoStageRealTimeIteration
curvedCrossing: 824/1600 holds, last 0.082 s, source twoStageRealTimeIteration
curvedCrossing: 828/1600 holds, last 0.080 s, source twoStageRealTimeIteration
curvedCrossing: 832/1600 holds, last 0.084 s, source twoStageRealTimeIteration
curvedCrossing: 836/1600 holds, last 0.076 s, source twoStageRealTimeIteration
curvedCrossing: 840/1600 holds, last 0.077 s, source twoStageRealTimeIteration
curvedCrossing: 844/1600 holds, last 0.136 s, source twoStageRealTimeIteration
curvedCrossing: 848/1600 holds, last 0.085 s, source twoStageRealTimeIteration
curvedCrossing: 852/1600 holds, last 0.134 s, source twoStageRealTimeIteration
curvedCrossing: 856/1600 holds, last 0.086 s, source twoStageRealTimeIteration
curvedCrossing: 860/1600 holds, last 0.077 s, source twoStageRealTimeIteration
curvedCrossing: 864/1600 holds, last 0.082 s, source twoStageRealTimeIteration
curvedCrossing: 868/1600 holds, last 0.078 s, source twoStageRealTimeIteration
curvedCrossing: 872/1600 holds, last 0.084 s, source twoStageRealTimeIteration
curvedCrossing: 876/1600 holds, last 0.168 s, source twoStageRealTimeIteration
curvedCrossing: 880/1600 holds, last 0.084 s, source twoStageRealTimeIteration
curvedCrossing: 884/1600 holds, last 0.180 s, source twoStageRealTimeIteration
curvedCrossing: 888/1600 holds, last 0.082 s, source twoStageRealTimeIteration
curvedCrossing: 892/1600 holds, last 0.075 s, source twoStageRealTimeIteration
curvedCrossing: 896/1600 holds, last 0.087 s, source twoStageRealTimeIteration
curvedCrossing: 900/1600 holds, last 0.082 s, source twoStageRealTimeIteration
Recovery at 45.00 s: e = [-137.806  -0.299495   -3.11418   0.039203 -0.0292726], W = 1.12306e+06
curvedCrossing: 904/1600 holds, last 0.083 s, source twoStageRealTimeIteration
curvedCrossing: 908/1600 holds, last 0.082 s, source twoStageRealTimeIteration
curvedCrossing: 912/1600 holds, last 0.080 s, source twoStageRealTimeIteration
curvedCrossing: 916/1600 holds, last 0.079 s, source twoStageRealTimeIteration
curvedCrossing: 920/1600 holds, last 0.071 s, source twoStageRealTimeIteration
curvedCrossing: 924/1600 holds, last 0.083 s, source twoStageRealTimeIteration
curvedCrossing: 928/1600 holds, last 0.070 s, source twoStageRealTimeIteration
curvedCrossing: 932/1600 holds, last 0.080 s, source twoStageRealTimeIteration
curvedCrossing: 936/1600 holds, last 0.157 s, source twoStageRealTimeIteration
curvedCrossing: 940/1600 holds, last 0.083 s, source twoStageRealTimeIteration
curvedCrossing: 944/1600 holds, last 0.075 s, source twoStageRealTimeIteration
curvedCrossing: 948/1600 holds, last 0.066 s, source twoStageRealTimeIteration
curvedCrossing: 952/1600 holds, last 0.079 s, source twoStageRealTimeIteration
curvedCrossing: 956/1600 holds, last 0.081 s, source twoStageRealTimeIteration
curvedCrossing: 960/1600 holds, last 0.082 s, source twoStageRealTimeIteration
curvedCrossing: 964/1600 holds, last 0.078 s, source twoStageRealTimeIteration
curvedCrossing: 968/1600 holds, last 0.071 s, source twoStageRealTimeIteration
curvedCrossing: 972/1600 holds, last 0.083 s, source twoStageRealTimeIteration
curvedCrossing: 976/1600 holds, last 0.075 s, source twoStageRealTimeIteration
curvedCrossing: 980/1600 holds, last 0.085 s, source twoStageRealTimeIteration
curvedCrossing: 984/1600 holds, last 0.065 s, source twoStageRealTimeIteration
curvedCrossing: 988/1600 holds, last 0.074 s, source twoStageRealTimeIteration
curvedCrossing: 992/1600 holds, last 0.076 s, source twoStageRealTimeIteration
curvedCrossing: 996/1600 holds, last 0.079 s, source twoStageRealTimeIteration
curvedCrossing: 1000/1600 holds, last 0.083 s, source twoStageRealTimeIteration
Recovery at 50.00 s: e = [-153.244  -0.229539   -2.99663  0.0397637 -0.0265032], W = 1.38131e+06
curvedCrossing: 1004/1600 holds, last 0.071 s, source twoStageRealTimeIteration
curvedCrossing: 1008/1600 holds, last 0.080 s, source twoStageRealTimeIteration
curvedCrossing: 1012/1600 holds, last 0.083 s, source twoStageRealTimeIteration
curvedCrossing: 1016/1600 holds, last 0.085 s, source twoStageRealTimeIteration
curvedCrossing: 1020/1600 holds, last 0.074 s, source twoStageRealTimeIteration
curvedCrossing: 1024/1600 holds, last 0.081 s, source twoStageRealTimeIteration
curvedCrossing: 1028/1600 holds, last 0.077 s, source twoStageRealTimeIteration
curvedCrossing: 1032/1600 holds, last 0.085 s, source twoStageRealTimeIteration
curvedCrossing: 1036/1600 holds, last 0.071 s, source twoStageRealTimeIteration
curvedCrossing: 1040/1600 holds, last 0.173 s, source twoStageRealTimeIteration
curvedCrossing: 1044/1600 holds, last 0.080 s, source twoStageRealTimeIteration
curvedCrossing: 1048/1600 holds, last 0.084 s, source twoStageRealTimeIteration
curvedCrossing: 1052/1600 holds, last 0.070 s, source twoStageRealTimeIteration
curvedCrossing: 1056/1600 holds, last 0.078 s, source twoStageRealTimeIteration
curvedCrossing: 1060/1600 holds, last 0.079 s, source twoStageRealTimeIteration
curvedCrossing: 1064/1600 holds, last 0.081 s, source twoStageRealTimeIteration
curvedCrossing: 1068/1600 holds, last 0.084 s, source twoStageRealTimeIteration
curvedCrossing: 1072/1600 holds, last 0.086 s, source twoStageRealTimeIteration
curvedCrossing: 1076/1600 holds, last 0.074 s, source twoStageRealTimeIteration
curvedCrossing: 1080/1600 holds, last 0.071 s, source twoStageRealTimeIteration
curvedCrossing: 1084/1600 holds, last 0.077 s, source twoStageRealTimeIteration
curvedCrossing: 1088/1600 holds, last 0.067 s, source twoStageRealTimeIteration
curvedCrossing: 1092/1600 holds, last 0.080 s, source twoStageRealTimeIteration
curvedCrossing: 1096/1600 holds, last 0.080 s, source twoStageRealTimeIteration
curvedCrossing: 1100/1600 holds, last 0.078 s, source twoStageRealTimeIteration
Recovery at 55.00 s: e = [-164.591    -0.1563   -3.08052  0.0408435 -0.0255751], W = 1.58656e+06
curvedCrossing: 1104/1600 holds, last 0.064 s, source twoStageRealTimeIteration
curvedCrossing: 1108/1600 holds, last 0.084 s, source twoStageRealTimeIteration
curvedCrossing: 1112/1600 holds, last 0.076 s, source twoStageRealTimeIteration
curvedCrossing: 1116/1600 holds, last 0.072 s, source twoStageRealTimeIteration
curvedCrossing: 1120/1600 holds, last 0.073 s, source twoStageRealTimeIteration
curvedCrossing: 1124/1600 holds, last 0.074 s, source twoStageRealTimeIteration
curvedCrossing: 1128/1600 holds, last 0.080 s, source twoStageRealTimeIteration
curvedCrossing: 1132/1600 holds, last 0.078 s, source twoStageRealTimeIteration
curvedCrossing: 1136/1600 holds, last 0.071 s, source twoStageRealTimeIteration
curvedCrossing: 1140/1600 holds, last 0.079 s, source twoStageRealTimeIteration
curvedCrossing: 1144/1600 holds, last 0.146 s, source twoStageRealTimeIteration
curvedCrossing: 1148/1600 holds, last 0.085 s, source twoStageRealTimeIteration
curvedCrossing: 1152/1600 holds, last 0.082 s, source twoStageRealTimeIteration
curvedCrossing: 1156/1600 holds, last 0.077 s, source twoStageRealTimeIteration
curvedCrossing: 1160/1600 holds, last 0.087 s, source twoStageRealTimeIteration
curvedCrossing: 1164/1600 holds, last 0.129 s, source twoStageRealTimeIteration
curvedCrossing: 1168/1600 holds, last 0.069 s, source twoStageRealTimeIteration
curvedCrossing: 1172/1600 holds, last 0.074 s, source twoStageRealTimeIteration
curvedCrossing: 1176/1600 holds, last 0.078 s, source twoStageRealTimeIteration
curvedCrossing: 1180/1600 holds, last 0.066 s, source twoStageRealTimeIteration
curvedCrossing: 1184/1600 holds, last 0.083 s, source twoStageRealTimeIteration
curvedCrossing: 1188/1600 holds, last 0.074 s, source twoStageRealTimeIteration
curvedCrossing: 1192/1600 holds, last 0.083 s, source twoStageRealTimeIteration
curvedCrossing: 1196/1600 holds, last 0.076 s, source twoStageRealTimeIteration
curvedCrossing: 1200/1600 holds, last 0.084 s, source twoStageRealTimeIteration
Recovery at 60.00 s: e = [-171.582 -0.0797724   -2.95351  0.0395354 -0.0253332], W = 1.71761e+06
curvedCrossing: 1204/1600 holds, last 0.070 s, source twoStageRealTimeIteration
curvedCrossing: 1208/1600 holds, last 0.079 s, source twoStageRealTimeIteration
curvedCrossing: 1212/1600 holds, last 0.163 s, source twoStageRealTimeIteration
curvedCrossing: 1216/1600 holds, last 0.084 s, source twoStageRealTimeIteration
curvedCrossing: 1220/1600 holds, last 0.083 s, source twoStageRealTimeIteration
curvedCrossing: 1224/1600 holds, last 0.081 s, source twoStageRealTimeIteration
curvedCrossing: 1228/1600 holds, last 0.077 s, source twoStageRealTimeIteration
curvedCrossing: 1232/1600 holds, last 0.084 s, source twoStageRealTimeIteration
curvedCrossing: 1236/1600 holds, last 0.064 s, source twoStageRealTimeIteration
curvedCrossing: 1240/1600 holds, last 0.085 s, source twoStageRealTimeIteration
curvedCrossing: 1244/1600 holds, last 0.086 s, source twoStageRealTimeIteration
curvedCrossing: 1248/1600 holds, last 0.147 s, source twoStageRealTimeIteration
curvedCrossing: 1252/1600 holds, last 0.081 s, source twoStageRealTimeIteration
curvedCrossing: 1256/1600 holds, last 0.081 s, source twoStageRealTimeIteration
curvedCrossing: 1260/1600 holds, last 0.087 s, source twoStageRealTimeIteration
curvedCrossing: 1264/1600 holds, last 0.077 s, source twoStageRealTimeIteration
curvedCrossing: 1268/1600 holds, last 0.070 s, source twoStageRealTimeIteration
curvedCrossing: 1272/1600 holds, last 0.070 s, source twoStageRealTimeIteration
curvedCrossing: 1276/1600 holds, last 0.071 s, source twoStageRealTimeIteration
curvedCrossing: 1280/1600 holds, last 0.163 s, source twoStageRealTimeIteration
curvedCrossing: 1284/1600 holds, last 0.075 s, source twoStageRealTimeIteration
curvedCrossing: 1288/1600 holds, last 0.080 s, source twoStageRealTimeIteration
curvedCrossing: 1292/1600 holds, last 0.071 s, source twoStageRealTimeIteration
curvedCrossing: 1296/1600 holds, last 0.066 s, source twoStageRealTimeIteration
curvedCrossing: 1300/1600 holds, last 0.085 s, source twoStageRealTimeIteration
Recovery at 65.00 s: e = [-173.737 0.00345595   -2.61157  0.0360944  -0.025874], W = 1.75428e+06
curvedCrossing: 1304/1600 holds, last 0.085 s, source twoStageRealTimeIteration
curvedCrossing: 1308/1600 holds, last 0.071 s, source twoStageRealTimeIteration
curvedCrossing: 1312/1600 holds, last 0.074 s, source twoStageRealTimeIteration
curvedCrossing: 1316/1600 holds, last 0.077 s, source twoStageRealTimeIteration
curvedCrossing: 1320/1600 holds, last 0.060 s, source twoStageRealTimeIteration
curvedCrossing: 1324/1600 holds, last 0.080 s, source twoStageRealTimeIteration
curvedCrossing: 1328/1600 holds, last 0.080 s, source twoStageRealTimeIteration
curvedCrossing: 1332/1600 holds, last 0.082 s, source twoStageRealTimeIteration
curvedCrossing: 1336/1600 holds, last 0.061 s, source twoStageRealTimeIteration
curvedCrossing: 1340/1600 holds, last 0.065 s, source twoStageRealTimeIteration
curvedCrossing: 1344/1600 holds, last 0.082 s, source twoStageRealTimeIteration
curvedCrossing: 1348/1600 holds, last 0.093 s, source twoStageRealTimeIteration
curvedCrossing: 1352/1600 holds, last 0.077 s, source twoStageRealTimeIteration
curvedCrossing: 1356/1600 holds, last 0.139 s, source twoStageRealTimeIteration
curvedCrossing: 1360/1600 holds, last 0.059 s, source twoStageRealTimeIteration
curvedCrossing: 1364/1600 holds, last 0.064 s, source twoStageRealTimeIteration
curvedCrossing: 1368/1600 holds, last 0.061 s, source twoStageRealTimeIteration
curvedCrossing: 1372/1600 holds, last 0.080 s, source twoStageRealTimeIteration
curvedCrossing: 1376/1600 holds, last 0.075 s, source twoStageRealTimeIteration
curvedCrossing: 1380/1600 holds, last 0.075 s, source twoStageRealTimeIteration
curvedCrossing: 1384/1600 holds, last 0.142 s, source twoStageRealTimeIteration
curvedCrossing: 1388/1600 holds, last 0.079 s, source twoStageRealTimeIteration
curvedCrossing: 1392/1600 holds, last 0.074 s, source twoStageRealTimeIteration
curvedCrossing: 1396/1600 holds, last 0.081 s, source twoStageRealTimeIteration
curvedCrossing: 1400/1600 holds, last 0.068 s, source twoStageRealTimeIteration
Recovery at 70.00 s: e = [-170.294   0.101164   -2.07896   0.032534 -0.0170972], W = 1.67785e+06
curvedCrossing: 1404/1600 holds, last 0.083 s, source twoStageRealTimeIteration
curvedCrossing: 1408/1600 holds, last 0.084 s, source twoStageRealTimeIteration
curvedCrossing: 1412/1600 holds, last 0.066 s, source twoStageRealTimeIteration
curvedCrossing: 1416/1600 holds, last 0.074 s, source twoStageRealTimeIteration
curvedCrossing: 1420/1600 holds, last 0.079 s, source twoStageRealTimeIteration
curvedCrossing: 1424/1600 holds, last 0.065 s, source twoStageRealTimeIteration
curvedCrossing: 1428/1600 holds, last 0.077 s, source twoStageRealTimeIteration
curvedCrossing: 1432/1600 holds, last 0.076 s, source twoStageRealTimeIteration
curvedCrossing: 1436/1600 holds, last 0.083 s, source twoStageRealTimeIteration
curvedCrossing: 1440/1600 holds, last 0.076 s, source twoStageRealTimeIteration
curvedCrossing: 1444/1600 holds, last 0.078 s, source twoStageRealTimeIteration
curvedCrossing: 1448/1600 holds, last 0.083 s, source twoStageRealTimeIteration
curvedCrossing: 1452/1600 holds, last 0.084 s, source twoStageRealTimeIteration
curvedCrossing: 1456/1600 holds, last 0.071 s, source twoStageRealTimeIteration
curvedCrossing: 1460/1600 holds, last 0.071 s, source twoStageRealTimeIteration
curvedCrossing: 1464/1600 holds, last 0.080 s, source twoStageRealTimeIteration
curvedCrossing: 1468/1600 holds, last 0.075 s, source twoStageRealTimeIteration
curvedCrossing: 1472/1600 holds, last 0.078 s, source twoStageRealTimeIteration
curvedCrossing: 1476/1600 holds, last 0.067 s, source twoStageRealTimeIteration
curvedCrossing: 1480/1600 holds, last 0.072 s, source twoStageRealTimeIteration
curvedCrossing: 1484/1600 holds, last 0.065 s, source twoStageRealTimeIteration
curvedCrossing: 1488/1600 holds, last 0.140 s, source twoStageRealTimeIteration
curvedCrossing: 1492/1600 holds, last 0.082 s, source twoStageRealTimeIteration
curvedCrossing: 1496/1600 holds, last 0.063 s, source twoStageRealTimeIteration
curvedCrossing: 1500/1600 holds, last 0.084 s, source twoStageRealTimeIteration
Recovery at 75.00 s: e = [-159.625    0.220833    -1.45564   0.0268952 -0.00537591], W = 1.46509e+06
curvedCrossing: 1504/1600 holds, last 0.083 s, source twoStageRealTimeIteration
curvedCrossing: 1508/1600 holds, last 0.078 s, source twoStageRealTimeIteration
curvedCrossing: 1512/1600 holds, last 0.073 s, source twoStageRealTimeIteration
curvedCrossing: 1516/1600 holds, last 0.061 s, source twoStageRealTimeIteration
curvedCrossing: 1520/1600 holds, last 0.072 s, source twoStageRealTimeIteration
curvedCrossing: 1524/1600 holds, last 0.118 s, source twoStageRealTimeIteration
curvedCrossing: 1528/1600 holds, last 0.063 s, source twoStageRealTimeIteration
curvedCrossing: 1532/1600 holds, last 0.070 s, source twoStageRealTimeIteration
curvedCrossing: 1536/1600 holds, last 0.082 s, source twoStageRealTimeIteration
curvedCrossing: 1540/1600 holds, last 0.078 s, source twoStageRealTimeIteration
curvedCrossing: 1544/1600 holds, last 0.120 s, source twoStageRealTimeIteration
curvedCrossing: 1548/1600 holds, last 0.081 s, source twoStageRealTimeIteration
curvedCrossing: 1552/1600 holds, last 0.071 s, source twoStageRealTimeIteration
curvedCrossing: 1556/1600 holds, last 0.079 s, source twoStageRealTimeIteration
curvedCrossing: 1560/1600 holds, last 0.078 s, source twoStageRealTimeIteration
curvedCrossing: 1564/1600 holds, last 0.064 s, source twoStageRealTimeIteration
curvedCrossing: 1568/1600 holds, last 0.134 s, source twoStageRealTimeIteration
curvedCrossing: 1572/1600 holds, last 0.089 s, source twoStageRealTimeIteration
curvedCrossing: 1576/1600 holds, last 0.120 s, source twoStageRealTimeIteration
curvedCrossing: 1580/1600 holds, last 0.069 s, source twoStageRealTimeIteration
curvedCrossing: 1584/1600 holds, last 0.072 s, source twoStageRealTimeIteration
curvedCrossing: 1588/1600 holds, last 0.104 s, source twoStageRealTimeIteration
curvedCrossing: 1592/1600 holds, last 0.090 s, source twoStageRealTimeIteration
curvedCrossing: 1596/1600 holds, last 0.107 s, source twoStageRealTimeIteration
curvedCrossing: 1600/1600 holds, last 0.080 s, source twoStageRealTimeIteration
Recovery at 80.00 s: e = [-139.939    0.363559    -1.37145   0.0230163 -0.00954226], W = 1.1154e+06
curvedCrossing: 1600/1600 frames, max 0.569 s, failure
CASE-END speed=15 scenario=curvedCrossing frames=1600 wall=170.184 recovered=0 max=0.569405 gap=0.153252720 failure=
PARTITION-COMPLETE 1
