Output directory: /home/zai/.cache/collisionAvoidance/rti-controller-20261001
MATLAB 26.1.0.3276743 (R2026a) Update 3
WARMUP speed=8 repeat=1 seconds=1.303736
WARMUP speed=8 repeat=2 seconds=0.080936
CASE-START speed=8 scenario=headOn
headOn: 4/400 holds, last 0.077 s, source twoStageRealTimeIteration
headOn: 8/400 holds, last 0.073 s, source twoStageRealTimeIteration
headOn: 12/400 holds, last 0.072 s, source twoStageRealTimeIteration
headOn: 16/400 holds, last 0.106 s, source twoStageRealTimeIteration
headOn: 20/400 holds, last 0.080 s, source twoStageRealTimeIteration
headOn: 24/400 holds, last 0.119 s, source twoStageRealTimeIteration
headOn: 28/400 holds, last 0.090 s, source twoStageRealTimeIteration
headOn: 32/400 holds, last 0.089 s, source twoStageRealTimeIteration
headOn: 36/400 holds, last 0.105 s, source twoStageRealTimeIteration
headOn: 40/400 holds, last 0.079 s, source twoStageRealTimeIteration
headOn: 44/400 holds, last 0.088 s, source twoStageRealTimeIteration
headOn: 48/400 holds, last 0.148 s, source twoStageRealTimeIteration
headOn: 52/400 holds, last 0.075 s, source twoStageRealTimeIteration
headOn: 56/400 holds, last 0.067 s, source twoStageRealTimeIteration
headOn: 60/400 holds, last 0.076 s, source twoStageRealTimeIteration
headOn: 64/400 holds, last 0.074 s, source twoStageRealTimeIteration
headOn: 68/400 holds, last 0.065 s, source twoStageRealTimeIteration
headOn: 72/400 holds, last 0.150 s, source twoStageRealTimeIteration
headOn: 76/400 holds, last 0.077 s, source twoStageRealTimeIteration
headOn: 80/400 holds, last 0.120 s, source twoStageRealTimeIteration
headOn: 84/400 holds, last 0.086 s, source twoStageRealTimeIteration
headOn: 88/400 holds, last 0.091 s, source twoStageRealTimeIteration
headOn: 92/400 holds, last 0.067 s, source twoStageRealTimeIteration
headOn: 96/400 holds, last 0.086 s, source twoStageRealTimeIteration
headOn: 100/400 holds, last 0.050 s, source twoStageRealTimeIteration
Recovery at 5.00 s: e = [8.0807  0.282153 -0.476099  0.212959  0.177774], W = 5797.69
headOn: 104/400 holds, last 0.056 s, source twoStageRealTimeIteration
headOn: 108/400 holds, last 0.098 s, source twoStageRealTimeIteration
headOn: 112/400 holds, last 0.056 s, source twoStageRealTimeIteration
headOn: 116/400 holds, last 0.054 s, source twoStageRealTimeIteration
headOn: 120/400 holds, last 0.055 s, source twoStageRealTimeIteration
headOn: 124/400 holds, last 0.051 s, source twoStageRealTimeIteration
headOn: 128/400 holds, last 0.313 s, source twoStageRealTimeIteration
headOn: 132/400 holds, last 0.174 s, source twoStageRealTimeIteration
headOn: 136/400 holds, last 0.068 s, source twoStageRealTimeIteration
headOn: 140/400 holds, last 0.161 s, source twoStageRealTimeIteration
headOn: 144/400 holds, last 0.060 s, source twoStageRealTimeIteration
headOn: 148/400 holds, last 0.129 s, source twoStageRealTimeIteration
headOn: 152/400 holds, last 0.083 s, source twoStageRealTimeIteration
headOn: 156/400 holds, last 0.171 s, source twoStageRealTimeIteration
headOn: 160/400 holds, last 0.109 s, source twoStageRealTimeIteration
headOn: 164/400 holds, last 0.054 s, source twoStageRealTimeIteration
headOn: 168/400 holds, last 0.059 s, source twoStageRealTimeIteration
headOn: 172/400 holds, last 0.060 s, source twoStageRealTimeIteration
headOn: 176/400 holds, last 0.092 s, source twoStageRealTimeIteration
headOn: 180/400 holds, last 0.060 s, source twoStageRealTimeIteration
headOn: 184/400 holds, last 0.092 s, source twoStageRealTimeIteration
headOn: 188/400 holds, last 0.095 s, source twoStageRealTimeIteration
headOn: 192/400 holds, last 0.054 s, source twoStageRealTimeIteration
headOn: 196/400 holds, last 0.088 s, source twoStageRealTimeIteration
headOn: 200/400 holds, last 0.057 s, source twoStageRealTimeIteration
Recovery at 10.00 s: e = [18.1752   0.207412  -0.580982 -0.0335927 -0.0278066], W = 26312.5
headOn: 204/400 holds, last 0.091 s, source twoStageRealTimeIteration
headOn: 208/400 holds, last 0.060 s, source twoStageRealTimeIteration
headOn: 212/400 holds, last 0.057 s, source twoStageRealTimeIteration
headOn: 216/400 holds, last 0.123 s, source twoStageRealTimeIteration
headOn: 220/400 holds, last 0.060 s, source twoStageRealTimeIteration
headOn: 224/400 holds, last 0.060 s, source twoStageRealTimeIteration
headOn: 228/400 holds, last 0.094 s, source twoStageRealTimeIteration
headOn: 232/400 holds, last 0.079 s, source twoStageRealTimeIteration
headOn: 236/400 holds, last 0.057 s, source twoStageRealTimeIteration
headOn: 240/400 holds, last 0.060 s, source twoStageRealTimeIteration
headOn: 244/400 holds, last 0.061 s, source twoStageRealTimeIteration
headOn: 248/400 holds, last 0.060 s, source twoStageRealTimeIteration
headOn: 252/400 holds, last 0.074 s, source twoStageRealTimeIteration
headOn: 256/400 holds, last 0.232 s, source twoStageRealTimeIteration
headOn: 260/400 holds, last 0.057 s, source twoStageRealTimeIteration
headOn: 264/400 holds, last 0.061 s, source twoStageRealTimeIteration
headOn: 268/400 holds, last 0.060 s, source twoStageRealTimeIteration
headOn: 272/400 holds, last 0.163 s, source twoStageRealTimeIteration
headOn: 276/400 holds, last 0.057 s, source twoStageRealTimeIteration
headOn: 280/400 holds, last 0.060 s, source twoStageRealTimeIteration
headOn: 284/400 holds, last 0.111 s, source twoStageRealTimeIteration
headOn: 288/400 holds, last 0.241 s, source twoStageRealTimeIteration
headOn: 292/400 holds, last 0.051 s, source twoStageRealTimeIteration
headOn: 296/400 holds, last 0.048 s, source twoStageRealTimeIteration
headOn: 300/400 holds, last 0.061 s, source twoStageRealTimeIteration
Recovery at 15.00 s: e = [23.0046  0.0595658    -0.4221 -0.0367857 -0.0308857], W = 40652.3
headOn: 304/400 holds, last 0.060 s, source twoStageRealTimeIteration
headOn: 308/400 holds, last 0.047 s, source twoStageRealTimeIteration
headOn: 312/400 holds, last 0.146 s, source twoStageRealTimeIteration
headOn: 316/400 holds, last 0.057 s, source twoStageRealTimeIteration
headOn: 320/400 holds, last 0.052 s, source twoStageRealTimeIteration
headOn: 324/400 holds, last 0.047 s, source twoStageRealTimeIteration
headOn: 328/400 holds, last 0.047 s, source twoStageRealTimeIteration
headOn: 332/400 holds, last 0.048 s, source twoStageRealTimeIteration
headOn: 336/400 holds, last 0.047 s, source twoStageRealTimeIteration
headOn: 340/400 holds, last 0.048 s, source twoStageRealTimeIteration
headOn: 344/400 holds, last 0.048 s, source twoStageRealTimeIteration
headOn: 348/400 holds, last 0.048 s, source twoStageRealTimeIteration
headOn: 352/400 holds, last 0.047 s, source twoStageRealTimeIteration
headOn: 356/400 holds, last 0.047 s, source twoStageRealTimeIteration
headOn: 360/400 holds, last 0.047 s, source twoStageRealTimeIteration
headOn: 364/400 holds, last 0.048 s, source twoStageRealTimeIteration
headOn: 368/400 holds, last 0.158 s, source twoStageRealTimeIteration
headOn: 372/400 holds, last 0.047 s, source twoStageRealTimeIteration
headOn: 376/400 holds, last 0.103 s, source twoStageRealTimeIteration
headOn: 380/400 holds, last 0.047 s, source twoStageRealTimeIteration
headOn: 384/400 holds, last 0.047 s, source twoStageRealTimeIteration
headOn: 388/400 holds, last 0.047 s, source twoStageRealTimeIteration
headOn: 392/400 holds, last 0.047 s, source twoStageRealTimeIteration
headOn: 396/400 holds, last 0.047 s, source twoStageRealTimeIteration
headOn: 400/400 holds, last 0.056 s, source twoStageRealTimeIteration
Recovery at 20.00 s: e = [21.7031  -0.114391  -0.103183 -0.0334971 -0.0287788], W = 35095.1
headOn: 400/400 frames, max 0.313 s, failure
CASE-END speed=8 scenario=headOn frames=400 wall=34.748 recovered=0 max=0.312686 failedCall=NaN gap=0.583094659 failure=
CASE-START speed=8 scenario=acceleratingHeadOn
acceleratingHeadOn: 4/400 holds, last 0.078 s, source twoStageRealTimeIteration
acceleratingHeadOn: 8/400 holds, last 0.076 s, source twoStageRealTimeIteration
acceleratingHeadOn: 12/400 holds, last 0.077 s, source twoStageRealTimeIteration
acceleratingHeadOn: 16/400 holds, last 0.108 s, source twoStageRealTimeIteration
acceleratingHeadOn: 20/400 holds, last 0.109 s, source twoStageRealTimeIteration
acceleratingHeadOn: 24/400 holds, last 0.122 s, source twoStageRealTimeIteration
acceleratingHeadOn: 28/400 holds, last 0.089 s, source twoStageRealTimeIteration
acceleratingHeadOn: 32/400 holds, last 0.115 s, source twoStageRealTimeIteration
acceleratingHeadOn: 36/400 holds, last 0.103 s, source twoStageRealTimeIteration
acceleratingHeadOn: 40/400 holds, last 0.079 s, source twoStageRealTimeIteration
acceleratingHeadOn: 44/400 holds, last 0.186 s, source twoStageRealTimeIteration
acceleratingHeadOn: 48/400 holds, last 0.090 s, source twoStageRealTimeIteration
acceleratingHeadOn: 52/400 holds, last 0.072 s, source twoStageRealTimeIteration
acceleratingHeadOn: 56/400 holds, last 0.069 s, source twoStageRealTimeIteration
acceleratingHeadOn: 60/400 holds, last 0.072 s, source twoStageRealTimeIteration
acceleratingHeadOn: 64/400 holds, last 0.065 s, source twoStageRealTimeIteration
acceleratingHeadOn: 68/400 holds, last 0.072 s, source twoStageRealTimeIteration
acceleratingHeadOn: 72/400 holds, last 0.067 s, source twoStageRealTimeIteration
acceleratingHeadOn: 76/400 holds, last 0.068 s, source twoStageRealTimeIteration
acceleratingHeadOn: 80/400 holds, last 0.188 s, source twoStageRealTimeIteration
acceleratingHeadOn: 84/400 holds, last 0.058 s, source twoStageRealTimeIteration
acceleratingHeadOn: 88/400 holds, last 0.058 s, source twoStageRealTimeIteration
acceleratingHeadOn: 92/400 holds, last 0.052 s, source twoStageRealTimeIteration
acceleratingHeadOn: 96/400 holds, last 0.052 s, source twoStageRealTimeIteration
acceleratingHeadOn: 100/400 holds, last 0.055 s, source twoStageRealTimeIteration
Recovery at 5.00 s: e = [9.85382    0.379268   -0.152176 -0.00464783 -0.00737494], W = 8725.05
acceleratingHeadOn: 104/400 holds, last 0.054 s, source twoStageRealTimeIteration
acceleratingHeadOn: 108/400 holds, last 0.054 s, source twoStageRealTimeIteration
acceleratingHeadOn: 112/400 holds, last 0.049 s, source twoStageRealTimeIteration
acceleratingHeadOn: 116/400 holds, last 0.060 s, source twoStageRealTimeIteration
acceleratingHeadOn: 120/400 holds, last 0.059 s, source twoStageRealTimeIteration
acceleratingHeadOn: 124/400 holds, last 0.056 s, source twoStageRealTimeIteration
acceleratingHeadOn: 128/400 holds, last 0.060 s, source twoStageRealTimeIteration
acceleratingHeadOn: 132/400 holds, last 0.059 s, source twoStageRealTimeIteration
acceleratingHeadOn: 136/400 holds, last 0.063 s, source twoStageRealTimeIteration
acceleratingHeadOn: 140/400 holds, last 0.060 s, source twoStageRealTimeIteration
acceleratingHeadOn: 144/400 holds, last 0.104 s, source twoStageRealTimeIteration
acceleratingHeadOn: 148/400 holds, last 0.056 s, source twoStageRealTimeIteration
acceleratingHeadOn: 152/400 holds, last 0.051 s, source twoStageRealTimeIteration
acceleratingHeadOn: 156/400 holds, last 0.051 s, source twoStageRealTimeIteration
acceleratingHeadOn: 160/400 holds, last 0.054 s, source twoStageRealTimeIteration
acceleratingHeadOn: 164/400 holds, last 0.051 s, source twoStageRealTimeIteration
acceleratingHeadOn: 168/400 holds, last 0.060 s, source twoStageRealTimeIteration
acceleratingHeadOn: 172/400 holds, last 0.067 s, source twoStageRealTimeIteration
acceleratingHeadOn: 176/400 holds, last 0.111 s, source twoStageRealTimeIteration
acceleratingHeadOn: 180/400 holds, last 0.082 s, source twoStageRealTimeIteration
acceleratingHeadOn: 184/400 holds, last 0.054 s, source twoStageRealTimeIteration
acceleratingHeadOn: 188/400 holds, last 0.089 s, source twoStageRealTimeIteration
acceleratingHeadOn: 192/400 holds, last 0.089 s, source twoStageRealTimeIteration
acceleratingHeadOn: 196/400 holds, last 0.096 s, source twoStageRealTimeIteration
acceleratingHeadOn: 200/400 holds, last 0.051 s, source twoStageRealTimeIteration
Recovery at 10.00 s: e = [20.691     0.2295  -0.681883 -0.0339092 -0.0276202], W = 34055
acceleratingHeadOn: 204/400 holds, last 0.054 s, source twoStageRealTimeIteration
acceleratingHeadOn: 208/400 holds, last 0.097 s, source twoStageRealTimeIteration
acceleratingHeadOn: 212/400 holds, last 0.060 s, source twoStageRealTimeIteration
acceleratingHeadOn: 216/400 holds, last 0.055 s, source twoStageRealTimeIteration
acceleratingHeadOn: 220/400 holds, last 0.191 s, source twoStageRealTimeIteration
acceleratingHeadOn: 224/400 holds, last 0.051 s, source twoStageRealTimeIteration
acceleratingHeadOn: 228/400 holds, last 0.054 s, source twoStageRealTimeIteration
acceleratingHeadOn: 232/400 holds, last 0.064 s, source twoStageRealTimeIteration
acceleratingHeadOn: 236/400 holds, last 0.148 s, source twoStageRealTimeIteration
acceleratingHeadOn: 240/400 holds, last 0.060 s, source twoStageRealTimeIteration
acceleratingHeadOn: 244/400 holds, last 0.054 s, source twoStageRealTimeIteration
acceleratingHeadOn: 248/400 holds, last 0.061 s, source twoStageRealTimeIteration
acceleratingHeadOn: 252/400 holds, last 0.090 s, source twoStageRealTimeIteration
acceleratingHeadOn: 256/400 holds, last 0.052 s, source twoStageRealTimeIteration
acceleratingHeadOn: 260/400 holds, last 0.061 s, source twoStageRealTimeIteration
acceleratingHeadOn: 264/400 holds, last 0.062 s, source twoStageRealTimeIteration
acceleratingHeadOn: 268/400 holds, last 0.161 s, source twoStageRealTimeIteration
acceleratingHeadOn: 272/400 holds, last 0.052 s, source twoStageRealTimeIteration
acceleratingHeadOn: 276/400 holds, last 0.055 s, source twoStageRealTimeIteration
acceleratingHeadOn: 280/400 holds, last 0.051 s, source twoStageRealTimeIteration
acceleratingHeadOn: 284/400 holds, last 0.055 s, source twoStageRealTimeIteration
acceleratingHeadOn: 288/400 holds, last 0.048 s, source twoStageRealTimeIteration
acceleratingHeadOn: 292/400 holds, last 0.064 s, source twoStageRealTimeIteration
acceleratingHeadOn: 296/400 holds, last 0.092 s, source twoStageRealTimeIteration
acceleratingHeadOn: 300/400 holds, last 0.094 s, source twoStageRealTimeIteration
Recovery at 15.00 s: e = [26.2224  0.0778601  -0.537281 -0.0414087 -0.0344696], W = 52899.2
acceleratingHeadOn: 304/400 holds, last 0.049 s, source twoStageRealTimeIteration
acceleratingHeadOn: 308/400 holds, last 0.048 s, source twoStageRealTimeIteration
acceleratingHeadOn: 312/400 holds, last 0.052 s, source twoStageRealTimeIteration
acceleratingHeadOn: 316/400 holds, last 0.051 s, source twoStageRealTimeIteration
acceleratingHeadOn: 320/400 holds, last 0.050 s, source twoStageRealTimeIteration
acceleratingHeadOn: 324/400 holds, last 0.049 s, source twoStageRealTimeIteration
acceleratingHeadOn: 328/400 holds, last 0.049 s, source twoStageRealTimeIteration
acceleratingHeadOn: 332/400 holds, last 0.049 s, source twoStageRealTimeIteration
acceleratingHeadOn: 336/400 holds, last 0.048 s, source twoStageRealTimeIteration
acceleratingHeadOn: 340/400 holds, last 0.048 s, source twoStageRealTimeIteration
acceleratingHeadOn: 344/400 holds, last 0.049 s, source twoStageRealTimeIteration
acceleratingHeadOn: 348/400 holds, last 0.048 s, source twoStageRealTimeIteration
acceleratingHeadOn: 352/400 holds, last 0.047 s, source twoStageRealTimeIteration
acceleratingHeadOn: 356/400 holds, last 0.049 s, source twoStageRealTimeIteration
acceleratingHeadOn: 360/400 holds, last 0.049 s, source twoStageRealTimeIteration
acceleratingHeadOn: 364/400 holds, last 0.048 s, source twoStageRealTimeIteration
acceleratingHeadOn: 368/400 holds, last 0.048 s, source twoStageRealTimeIteration
acceleratingHeadOn: 372/400 holds, last 0.114 s, source twoStageRealTimeIteration
acceleratingHeadOn: 376/400 holds, last 0.103 s, source twoStageRealTimeIteration
acceleratingHeadOn: 380/400 holds, last 0.049 s, source twoStageRealTimeIteration
acceleratingHeadOn: 384/400 holds, last 0.048 s, source twoStageRealTimeIteration
acceleratingHeadOn: 388/400 holds, last 0.048 s, source twoStageRealTimeIteration
acceleratingHeadOn: 392/400 holds, last 0.051 s, source twoStageRealTimeIteration
acceleratingHeadOn: 396/400 holds, last 0.048 s, source twoStageRealTimeIteration
acceleratingHeadOn: 400/400 holds, last 0.122 s, source twoStageRealTimeIteration
Recovery at 20.00 s: e = [25.4659  -0.103427  -0.136893  -0.037995 -0.0327507], W = 48539.4
acceleratingHeadOn: 400/400 frames, max 0.217 s, failure
CASE-END speed=8 scenario=acceleratingHeadOn frames=400 wall=30.933 recovered=0 max=0.216829 failedCall=NaN gap=0.367925877 failure=
CASE-START speed=8 scenario=brakingLead
brakingLead: 4/400 holds, last 0.093 s, source twoStageRealTimeIteration
brakingLead: 8/400 holds, last 0.082 s, source twoStageRealTimeIteration
brakingLead: 12/400 holds, last 0.085 s, source twoStageRealTimeIteration
brakingLead: 16/400 holds, last 0.097 s, source twoStageRealTimeIteration
brakingLead: 20/400 holds, last 0.181 s, source twoStageRealTimeIteration
brakingLead: 24/400 holds, last 0.107 s, source twoStageRealTimeIteration
brakingLead: 28/400 holds, last 0.099 s, source twoStageRealTimeIteration
brakingLead: 32/400 holds, last 0.376 s, source twoStageRealTimeIteration
brakingLead: 36/400 holds, last 0.253 s, source twoStageRealTimeIteration
brakingLead: 40/400 holds, last 0.081 s, source twoStageRealTimeIteration
brakingLead: 44/400 holds, last 0.103 s, source twoStageRealTimeIteration
brakingLead: 48/400 holds, last 0.238 s, source twoStageRealTimeIteration
brakingLead: 52/400 holds, last 0.112 s, source twoStageRealTimeIteration
brakingLead: 56/400 holds, last 0.243 s, source twoStageRealTimeIteration
brakingLead: 60/400 holds, last 0.102 s, source twoStageRealTimeIteration
brakingLead: 64/400 holds, last 0.327 s, source twoStageRealTimeIteration
brakingLead: 68/400 holds, last 0.102 s, source twoStageRealTimeIteration
brakingLead: 72/400 holds, last 0.097 s, source twoStageRealTimeIteration
brakingLead: 76/400 holds, last 0.116 s, source twoStageRealTimeIteration
brakingLead: 80/400 holds, last 0.097 s, source twoStageRealTimeIteration
brakingLead: 84/400 holds, last 0.234 s, source twoStageRealTimeIteration
brakingLead: 88/400 holds, last 0.366 s, source twoStageRealTimeIteration
brakingLead: 92/400 holds, last 0.267 s, source twoStageRealTimeIteration
brakingLead: 96/400 holds, last 0.122 s, source twoStageRealTimeIteration
brakingLead: 100/400 holds, last 0.097 s, source twoStageRealTimeIteration
Recovery at 5.00 s: e = [4.00027  0.0305179 -0.0904287    -0.0267  -0.028012], W = 1255.9
brakingLead: 104/400 holds, last 0.159 s, source twoStageRealTimeIteration
brakingLead: 108/400 holds, last 0.105 s, source twoStageRealTimeIteration
brakingLead: 112/400 holds, last 0.119 s, source twoStageRealTimeIteration
brakingLead: 116/400 holds, last 0.107 s, source twoStageRealTimeIteration
brakingLead: 120/400 holds, last 0.105 s, source twoStageRealTimeIteration
brakingLead: 124/400 holds, last 0.106 s, source twoStageRealTimeIteration
brakingLead: 128/400 holds, last 0.115 s, source twoStageRealTimeIteration
brakingLead: 132/400 holds, last 0.105 s, source twoStageRealTimeIteration
brakingLead: 136/400 holds, last 0.081 s, source twoStageRealTimeIteration
brakingLead: 140/400 holds, last 0.146 s, source twoStageRealTimeIteration
brakingLead: 144/400 holds, last 0.177 s, source twoStageRealTimeIteration
brakingLead: 148/400 holds, last 0.079 s, source twoStageRealTimeIteration
brakingLead: 152/400 holds, last 0.071 s, source twoStageRealTimeIteration
brakingLead: 156/400 holds, last 0.071 s, source twoStageRealTimeIteration
brakingLead: 160/400 holds, last 0.071 s, source twoStageRealTimeIteration
brakingLead: 164/400 holds, last 0.070 s, source twoStageRealTimeIteration
brakingLead: 168/400 holds, last 0.070 s, source twoStageRealTimeIteration
brakingLead: 172/400 holds, last 0.070 s, source twoStageRealTimeIteration
brakingLead: 176/400 holds, last 0.071 s, source twoStageRealTimeIteration
brakingLead: 180/400 holds, last 0.070 s, source twoStageRealTimeIteration
brakingLead: 184/400 holds, last 0.068 s, source twoStageRealTimeIteration
brakingLead: 188/400 holds, last 0.075 s, source twoStageRealTimeIteration
brakingLead: 192/400 holds, last 0.072 s, source twoStageRealTimeIteration
brakingLead: 196/400 holds, last 0.115 s, source twoStageRealTimeIteration
brakingLead: 200/400 holds, last 0.078 s, source twoStageRealTimeIteration
Recovery at 10.00 s: e = [0.10813  -0.534471   -3.79885 -0.0593781 -0.0427109], W = 728.154
brakingLead: 204/400 holds, last 0.075 s, source twoStageRealTimeIteration
brakingLead: 208/400 holds, last 0.077 s, source twoStageRealTimeIteration
brakingLead: 212/400 holds, last 0.079 s, source twoStageRealTimeIteration
brakingLead: 216/400 holds, last 0.077 s, source twoStageRealTimeIteration
brakingLead: 220/400 holds, last 0.078 s, source twoStageRealTimeIteration
brakingLead: 224/400 holds, last 0.078 s, source twoStageRealTimeIteration
brakingLead: 228/400 holds, last 0.078 s, source twoStageRealTimeIteration
brakingLead: 232/400 holds, last 0.079 s, source twoStageRealTimeIteration
brakingLead: 236/400 holds, last 0.078 s, source twoStageRealTimeIteration
brakingLead: 240/400 holds, last 0.077 s, source twoStageRealTimeIteration
brakingLead: 244/400 holds, last 0.078 s, source twoStageRealTimeIteration
brakingLead: 248/400 holds, last 0.079 s, source twoStageRealTimeIteration
brakingLead: 252/400 holds, last 0.079 s, source twoStageRealTimeIteration
brakingLead: 256/400 holds, last 0.079 s, source twoStageRealTimeIteration
brakingLead: 260/400 holds, last 0.079 s, source twoStageRealTimeIteration
brakingLead: 264/400 holds, last 0.083 s, source twoStageRealTimeIteration
brakingLead: 268/400 holds, last 0.079 s, source twoStageRealTimeIteration
brakingLead: 272/400 holds, last 0.080 s, source twoStageRealTimeIteration
brakingLead: 276/400 holds, last 0.079 s, source twoStageRealTimeIteration
brakingLead: 280/400 holds, last 0.094 s, source twoStageRealTimeIteration
brakingLead: 284/400 holds, last 0.081 s, source twoStageRealTimeIteration
brakingLead: 288/400 holds, last 0.079 s, source twoStageRealTimeIteration
brakingLead: 292/400 holds, last 0.083 s, source twoStageRealTimeIteration
brakingLead: 296/400 holds, last 0.089 s, source twoStageRealTimeIteration
brakingLead: 300/400 holds, last 0.075 s, source twoStageRealTimeIteration
Recovery at 15.00 s: e = [-5.75346  -0.409355   -5.79449  0.0142109 0.00866093], W = 4175.21
brakingLead: 304/400 holds, last 0.075 s, source twoStageRealTimeIteration
brakingLead: 308/400 holds, last 0.079 s, source twoStageRealTimeIteration
brakingLead: 312/400 holds, last 0.074 s, source twoStageRealTimeIteration
brakingLead: 316/400 holds, last 0.078 s, source twoStageRealTimeIteration
brakingLead: 320/400 holds, last 0.075 s, source twoStageRealTimeIteration
brakingLead: 324/400 holds, last 0.079 s, source twoStageRealTimeIteration
brakingLead: 328/400 holds, last 0.080 s, source twoStageRealTimeIteration
brakingLead: 332/400 holds, last 0.075 s, source twoStageRealTimeIteration
brakingLead: 336/400 holds, last 0.075 s, source twoStageRealTimeIteration
brakingLead: 340/400 holds, last 0.086 s, source twoStageRealTimeIteration
brakingLead: 344/400 holds, last 0.079 s, source twoStageRealTimeIteration
brakingLead: 348/400 holds, last 0.078 s, source twoStageRealTimeIteration
brakingLead: 352/400 holds, last 0.078 s, source twoStageRealTimeIteration
brakingLead: 356/400 holds, last 0.078 s, source twoStageRealTimeIteration
brakingLead: 360/400 holds, last 0.071 s, source twoStageRealTimeIteration
brakingLead: 364/400 holds, last 0.070 s, source twoStageRealTimeIteration
brakingLead: 368/400 holds, last 0.068 s, source twoStageRealTimeIteration
brakingLead: 372/400 holds, last 0.081 s, source twoStageRealTimeIteration
brakingLead: 376/400 holds, last 0.075 s, source twoStageRealTimeIteration
brakingLead: 380/400 holds, last 0.070 s, source twoStageRealTimeIteration
brakingLead: 384/400 holds, last 0.066 s, source twoStageRealTimeIteration
brakingLead: 388/400 holds, last 0.065 s, source twoStageRealTimeIteration
brakingLead: 392/400 holds, last 0.074 s, source twoStageRealTimeIteration
brakingLead: 396/400 holds, last 0.071 s, source twoStageRealTimeIteration
brakingLead: 400/400 holds, last 0.093 s, source twoStageRealTimeIteration
Recovery at 20.00 s: e = [-9.33641 -0.227102   -1.9288  0.134351  0.099856], W = 7407.29
brakingLead: 400/400 frames, max 0.549 s, failure
CASE-END speed=8 scenario=brakingLead frames=400 wall=44.804 recovered=0 max=0.548869 failedCall=NaN gap=1.060125368 failure=
CASE-START speed=8 scenario=crossing
crossing: 4/400 holds, last 0.090 s, source twoStageRealTimeIteration
crossing: 8/400 holds, last 0.101 s, source twoStageRealTimeIteration
crossing: 12/400 holds, last 0.082 s, source twoStageRealTimeIteration
crossing: 16/400 holds, last 0.076 s, source twoStageRealTimeIteration
crossing: 20/400 holds, last 0.079 s, source twoStageRealTimeIteration
crossing: 24/400 holds, last 0.074 s, source twoStageRealTimeIteration
crossing: 28/400 holds, last 0.070 s, source twoStageRealTimeIteration
crossing: 32/400 holds, last 0.074 s, source twoStageRealTimeIteration
crossing: 36/400 holds, last 0.073 s, source twoStageRealTimeIteration
crossing: 40/400 holds, last 0.073 s, source twoStageRealTimeIteration
crossing: 44/400 holds, last 0.076 s, source twoStageRealTimeIteration
crossing: 48/400 holds, last 0.078 s, source twoStageRealTimeIteration
crossing: 52/400 holds, last 0.089 s, source twoStageRealTimeIteration
crossing: 56/400 holds, last 0.075 s, source twoStageRealTimeIteration
crossing: 60/400 holds, last 0.078 s, source twoStageRealTimeIteration
crossing: 64/400 holds, last 0.072 s, source twoStageRealTimeIteration
crossing: 68/400 holds, last 0.072 s, source twoStageRealTimeIteration
crossing: 72/400 holds, last 0.072 s, source twoStageRealTimeIteration
crossing: 76/400 holds, last 0.072 s, source twoStageRealTimeIteration
crossing: 80/400 holds, last 0.073 s, source twoStageRealTimeIteration
crossing: 84/400 holds, last 0.074 s, source twoStageRealTimeIteration
crossing: 88/400 holds, last 0.077 s, source twoStageRealTimeIteration
crossing: 92/400 holds, last 0.077 s, source twoStageRealTimeIteration
crossing: 96/400 holds, last 0.073 s, source twoStageRealTimeIteration
crossing: 100/400 holds, last 0.073 s, source twoStageRealTimeIteration
Recovery at 5.00 s: e = [-19.8919   -1.51363    0.19912 -0.0940912 -0.0798075], W = 42663.4
crossing: 104/400 holds, last 0.073 s, source twoStageRealTimeIteration
crossing: 108/400 holds, last 0.076 s, source twoStageRealTimeIteration
crossing: 112/400 holds, last 0.076 s, source twoStageRealTimeIteration
crossing: 116/400 holds, last 0.077 s, source twoStageRealTimeIteration
crossing: 120/400 holds, last 0.077 s, source twoStageRealTimeIteration
crossing: 124/400 holds, last 0.076 s, source twoStageRealTimeIteration
crossing: 128/400 holds, last 0.095 s, source twoStageRealTimeIteration
crossing: 132/400 holds, last 0.191 s, source twoStageRealTimeIteration
crossing: 136/400 holds, last 0.096 s, source twoStageRealTimeIteration
crossing: 140/400 holds, last 0.085 s, source twoStageRealTimeIteration
crossing: 144/400 holds, last 0.084 s, source twoStageRealTimeIteration
crossing: 148/400 holds, last 0.080 s, source twoStageRealTimeIteration
crossing: 152/400 holds, last 0.081 s, source twoStageRealTimeIteration
crossing: 156/400 holds, last 0.084 s, source twoStageRealTimeIteration
crossing: 160/400 holds, last 0.096 s, source twoStageRealTimeIteration
crossing: 164/400 holds, last 0.083 s, source twoStageRealTimeIteration
crossing: 168/400 holds, last 0.084 s, source twoStageRealTimeIteration
crossing: 172/400 holds, last 0.083 s, source twoStageRealTimeIteration
crossing: 176/400 holds, last 0.083 s, source twoStageRealTimeIteration
crossing: 180/400 holds, last 0.090 s, source twoStageRealTimeIteration
crossing: 184/400 holds, last 0.149 s, source twoStageRealTimeIteration
crossing: 188/400 holds, last 0.083 s, source twoStageRealTimeIteration
crossing: 192/400 holds, last 0.084 s, source twoStageRealTimeIteration
crossing: 196/400 holds, last 0.084 s, source twoStageRealTimeIteration
crossing: 200/400 holds, last 0.083 s, source twoStageRealTimeIteration
Recovery at 10.00 s: e = [-60.9963    -1.56951   0.0296938  -0.0121467 -0.00983529], W = 315209
crossing: 204/400 holds, last 0.084 s, source twoStageRealTimeIteration
crossing: 208/400 holds, last 0.083 s, source twoStageRealTimeIteration
crossing: 212/400 holds, last 0.084 s, source twoStageRealTimeIteration
crossing: 216/400 holds, last 0.091 s, source twoStageRealTimeIteration
crossing: 220/400 holds, last 0.083 s, source twoStageRealTimeIteration
crossing: 224/400 holds, last 0.083 s, source twoStageRealTimeIteration
crossing: 228/400 holds, last 0.098 s, source twoStageRealTimeIteration
crossing: 232/400 holds, last 0.084 s, source twoStageRealTimeIteration
crossing: 236/400 holds, last 0.105 s, source twoStageRealTimeIteration
crossing: 240/400 holds, last 0.085 s, source twoStageRealTimeIteration
crossing: 244/400 holds, last 0.085 s, source twoStageRealTimeIteration
crossing: 248/400 holds, last 0.085 s, source twoStageRealTimeIteration
crossing: 252/400 holds, last 0.103 s, source twoStageRealTimeIteration
crossing: 256/400 holds, last 0.102 s, source twoStageRealTimeIteration
crossing: 260/400 holds, last 0.083 s, source twoStageRealTimeIteration
crossing: 264/400 holds, last 0.084 s, source twoStageRealTimeIteration
crossing: 268/400 holds, last 0.083 s, source twoStageRealTimeIteration
crossing: 272/400 holds, last 0.083 s, source twoStageRealTimeIteration
crossing: 276/400 holds, last 0.098 s, source twoStageRealTimeIteration
crossing: 280/400 holds, last 0.085 s, source twoStageRealTimeIteration
crossing: 284/400 holds, last 0.085 s, source twoStageRealTimeIteration
crossing: 288/400 holds, last 0.084 s, source twoStageRealTimeIteration
crossing: 292/400 holds, last 0.084 s, source twoStageRealTimeIteration
crossing: 296/400 holds, last 0.084 s, source twoStageRealTimeIteration
crossing: 300/400 holds, last 0.084 s, source twoStageRealTimeIteration
Recovery at 15.00 s: e = [-101.042   -1.57233 0.00399502 0.00105963 0.00067506], W = 827295
crossing: 304/400 holds, last 0.172 s, source twoStageRealTimeIteration
crossing: 308/400 holds, last 0.085 s, source twoStageRealTimeIteration
crossing: 312/400 holds, last 0.084 s, source twoStageRealTimeIteration
crossing: 316/400 holds, last 0.084 s, source twoStageRealTimeIteration
crossing: 320/400 holds, last 0.084 s, source twoStageRealTimeIteration
crossing: 324/400 holds, last 0.103 s, source twoStageRealTimeIteration
crossing: 328/400 holds, last 0.084 s, source twoStageRealTimeIteration
crossing: 332/400 holds, last 0.084 s, source twoStageRealTimeIteration
crossing: 336/400 holds, last 0.084 s, source twoStageRealTimeIteration
crossing: 340/400 holds, last 0.085 s, source twoStageRealTimeIteration
crossing: 344/400 holds, last 0.103 s, source twoStageRealTimeIteration
crossing: 348/400 holds, last 0.084 s, source twoStageRealTimeIteration
crossing: 352/400 holds, last 0.085 s, source twoStageRealTimeIteration
crossing: 356/400 holds, last 0.084 s, source twoStageRealTimeIteration
crossing: 360/400 holds, last 0.103 s, source twoStageRealTimeIteration
crossing: 364/400 holds, last 0.084 s, source twoStageRealTimeIteration
crossing: 368/400 holds, last 0.084 s, source twoStageRealTimeIteration
crossing: 372/400 holds, last 0.084 s, source twoStageRealTimeIteration
crossing: 376/400 holds, last 0.099 s, source twoStageRealTimeIteration
crossing: 380/400 holds, last 0.084 s, source twoStageRealTimeIteration
crossing: 384/400 holds, last 0.084 s, source twoStageRealTimeIteration
crossing: 388/400 holds, last 0.085 s, source twoStageRealTimeIteration
crossing: 392/400 holds, last 0.098 s, source twoStageRealTimeIteration
crossing: 396/400 holds, last 0.084 s, source twoStageRealTimeIteration
crossing: 400/400 holds, last 0.100 s, source twoStageRealTimeIteration
Recovery at 20.00 s: e = [-141.071   -1.56437 0.00596058 0.00676732 0.00555263], W = 1.5824e+06
crossing: 400/400 frames, max 0.191 s, failure
CASE-END speed=8 scenario=crossing frames=400 wall=37.516 recovered=0 max=0.190690 failedCall=NaN gap=0.698885177 failure=
CASE-START speed=8 scenario=turningCrossing
turningCrossing: 4/400 holds, last 0.088 s, source twoStageRealTimeIteration
turningCrossing: 8/400 holds, last 0.141 s, source twoStageRealTimeIteration
turningCrossing: 12/400 holds, last 0.077 s, source twoStageRealTimeIteration
turningCrossing: 16/400 holds, last 0.081 s, source twoStageRealTimeIteration
turningCrossing: 20/400 holds, last 0.078 s, source twoStageRealTimeIteration
turningCrossing: 24/400 holds, last 0.076 s, source twoStageRealTimeIteration
turningCrossing: 28/400 holds, last 0.079 s, source twoStageRealTimeIteration
turningCrossing: 32/400 holds, last 0.070 s, source twoStageRealTimeIteration
turningCrossing: 36/400 holds, last 0.075 s, source twoStageRealTimeIteration
turningCrossing: 40/400 holds, last 0.088 s, source twoStageRealTimeIteration
turningCrossing: 44/400 holds, last 0.095 s, source twoStageRealTimeIteration
turningCrossing: 48/400 holds, last 0.083 s, source twoStageRealTimeIteration
turningCrossing: 52/400 holds, last 0.093 s, source twoStageRealTimeIteration
turningCrossing: 56/400 holds, last 0.199 s, source twoStageRealTimeIteration
turningCrossing: 60/400 holds, last 0.090 s, source twoStageRealTimeIteration
turningCrossing: 64/400 holds, last 0.075 s, source twoStageRealTimeIteration
turningCrossing: 68/400 holds, last 0.079 s, source twoStageRealTimeIteration
turningCrossing: 72/400 holds, last 0.079 s, source twoStageRealTimeIteration
turningCrossing: 76/400 holds, last 0.078 s, source twoStageRealTimeIteration
turningCrossing: 80/400 holds, last 0.078 s, source twoStageRealTimeIteration
turningCrossing: 84/400 holds, last 0.079 s, source twoStageRealTimeIteration
turningCrossing: 88/400 holds, last 0.160 s, source twoStageRealTimeIteration
turningCrossing: 92/400 holds, last 0.083 s, source twoStageRealTimeIteration
turningCrossing: 96/400 holds, last 0.083 s, source twoStageRealTimeIteration
turningCrossing: 100/400 holds, last 0.081 s, source twoStageRealTimeIteration
Recovery at 5.00 s: e = [-24.8693  -0.383447    4.12852 -0.0170442   0.502068], W = 50374.1
turningCrossing: 104/400 holds, last 0.081 s, source twoStageRealTimeIteration
turningCrossing: 108/400 holds, last 0.085 s, source twoStageRealTimeIteration
turningCrossing: 112/400 holds, last 0.077 s, source twoStageRealTimeIteration
turningCrossing: 116/400 holds, last 0.096 s, source twoStageRealTimeIteration
turningCrossing: 120/400 holds, last 0.077 s, source twoStageRealTimeIteration
turningCrossing: 124/400 holds, last 0.077 s, source twoStageRealTimeIteration
turningCrossing: 128/400 holds, last 0.071 s, source twoStageRealTimeIteration
turningCrossing: 132/400 holds, last 0.069 s, source twoStageRealTimeIteration
turningCrossing: 136/400 holds, last 0.071 s, source twoStageRealTimeIteration
turningCrossing: 140/400 holds, last 0.069 s, source twoStageRealTimeIteration
turningCrossing: 144/400 holds, last 0.069 s, source twoStageRealTimeIteration
turningCrossing: 148/400 holds, last 0.069 s, source twoStageRealTimeIteration
turningCrossing: 152/400 holds, last 0.069 s, source twoStageRealTimeIteration
turningCrossing: 156/400 holds, last 0.069 s, source twoStageRealTimeIteration
turningCrossing: 160/400 holds, last 0.069 s, source twoStageRealTimeIteration
turningCrossing: 164/400 holds, last 0.068 s, source twoStageRealTimeIteration
turningCrossing: 168/400 holds, last 0.069 s, source twoStageRealTimeIteration
turningCrossing: 172/400 holds, last 0.069 s, source twoStageRealTimeIteration
turningCrossing: 176/400 holds, last 0.083 s, source twoStageRealTimeIteration
turningCrossing: 180/400 holds, last 0.106 s, source twoStageRealTimeIteration
turningCrossing: 184/400 holds, last 0.106 s, source twoStageRealTimeIteration
turningCrossing: 188/400 holds, last 0.109 s, source twoStageRealTimeIteration
turningCrossing: 192/400 holds, last 0.103 s, source twoStageRealTimeIteration
turningCrossing: 196/400 holds, last 0.103 s, source twoStageRealTimeIteration
turningCrossing: 200/400 holds, last 0.188 s, source twoStageRealTimeIteration
Recovery at 10.00 s: e = [13.9506   2.20291   6.66558 -0.736991  0.519786], W = 32471.6
turningCrossing: 204/400 holds, last 0.103 s, source twoStageRealTimeIteration
turningCrossing: 208/400 holds, last 0.092 s, source twoStageRealTimeIteration
turningCrossing: 212/400 holds, last 0.092 s, source twoStageRealTimeIteration
turningCrossing: 216/400 holds, last 0.108 s, source twoStageRealTimeIteration
turningCrossing: 220/400 holds, last 0.106 s, source twoStageRealTimeIteration
turningCrossing: 224/400 holds, last 0.107 s, source twoStageRealTimeIteration
turningCrossing: 228/400 holds, last 0.103 s, source twoStageRealTimeIteration
turningCrossing: 232/400 holds, last 0.108 s, source twoStageRealTimeIteration
turningCrossing: 236/400 holds, last 0.072 s, source twoStageRealTimeIteration
turningCrossing: 240/400 holds, last 0.082 s, source twoStageRealTimeIteration
turningCrossing: 244/400 holds, last 0.118 s, source twoStageRealTimeIteration
turningCrossing: 248/400 holds, last 0.079 s, source twoStageRealTimeIteration
turningCrossing: 252/400 holds, last 0.078 s, source twoStageRealTimeIteration
turningCrossing: 256/400 holds, last 0.072 s, source twoStageRealTimeIteration
turningCrossing: 260/400 holds, last 0.066 s, source twoStageRealTimeIteration
turningCrossing: 264/400 holds, last 0.066 s, source twoStageRealTimeIteration
turningCrossing: 268/400 holds, last 0.066 s, source twoStageRealTimeIteration
turningCrossing: 272/400 holds, last 0.064 s, source twoStageRealTimeIteration
turningCrossing: 276/400 holds, last 0.063 s, source twoStageRealTimeIteration
turningCrossing: 280/400 holds, last 0.061 s, source twoStageRealTimeIteration
turningCrossing: 284/400 holds, last 0.058 s, source twoStageRealTimeIteration
turningCrossing: 288/400 holds, last 0.056 s, source twoStageRealTimeIteration
turningCrossing: 292/400 holds, last 0.063 s, source twoStageRealTimeIteration
turningCrossing: 296/400 holds, last 0.062 s, source twoStageRealTimeIteration
turningCrossing: 300/400 holds, last 0.085 s, source twoStageRealTimeIteration
Recovery at 15.00 s: e = [-5.15416 -1.55588  6.37259 -2.24793 0.169203], W = 9103.79
turningCrossing: 304/400 holds, last 0.066 s, source twoStageRealTimeIteration
turningCrossing: 308/400 holds, last 0.068 s, source twoStageRealTimeIteration
turningCrossing: 312/400 holds, last 0.080 s, source twoStageRealTimeIteration
turningCrossing: 316/400 holds, last 0.088 s, source twoStageRealTimeIteration
turningCrossing: 320/400 holds, last 0.081 s, source twoStageRealTimeIteration
turningCrossing: 324/400 holds, last 0.051 s, source twoStageRealTimeIteration
turningCrossing: 328/400 holds, last 0.046 s, source twoStageRealTimeIteration
turningCrossing: 332/400 holds, last 0.048 s, source twoStageRealTimeIteration
turningCrossing: 336/400 holds, last 0.056 s, source twoStageRealTimeIteration
turningCrossing: 340/400 holds, last 0.049 s, source twoStageRealTimeIteration
turningCrossing: 344/400 holds, last 0.056 s, source twoStageRealTimeIteration
turningCrossing: 348/400 holds, last 0.047 s, source twoStageRealTimeIteration
turningCrossing: 352/400 holds, last 0.048 s, source twoStageRealTimeIteration
turningCrossing: 356/400 holds, last 0.058 s, source twoStageRealTimeIteration
turningCrossing: 360/400 holds, last 0.055 s, source twoStageRealTimeIteration
turningCrossing: 364/400 holds, last 0.057 s, source twoStageRealTimeIteration
turningCrossing: 368/400 holds, last 0.057 s, source twoStageRealTimeIteration
turningCrossing: 372/400 holds, last 0.106 s, source twoStageRealTimeIteration
turningCrossing: 376/400 holds, last 0.047 s, source twoStageRealTimeIteration
turningCrossing: 380/400 holds, last 0.047 s, source twoStageRealTimeIteration
turningCrossing: 384/400 holds, last 0.057 s, source twoStageRealTimeIteration
turningCrossing: 388/400 holds, last 0.048 s, source twoStageRealTimeIteration
turningCrossing: 392/400 holds, last 0.048 s, source twoStageRealTimeIteration
turningCrossing: 396/400 holds, last 0.048 s, source twoStageRealTimeIteration
turningCrossing: 400/400 holds, last 0.048 s, source twoStageRealTimeIteration
Recovery at 20.00 s: e = [-44.7817  -1.28727  -1.06491 0.0378571 0.0298197], W = 172219
turningCrossing: 400/400 frames, max 0.236 s, failure
CASE-END speed=8 scenario=turningCrossing frames=400 wall=33.211 recovered=0 max=0.236067 failedCall=NaN gap=0.411387099 failure=
CASE-START speed=8 scenario=curvedHeadOn
curvedHeadOn: 4/400 holds, last 0.073 s, source twoStageRealTimeIteration
curvedHeadOn: 8/400 holds, last 0.082 s, source twoStageRealTimeIteration
curvedHeadOn: 12/400 holds, last 0.113 s, source twoStageRealTimeIteration
curvedHeadOn: 16/400 holds, last 0.077 s, source twoStageRealTimeIteration
curvedHeadOn: 20/400 holds, last 0.125 s, source twoStageRealTimeIteration
curvedHeadOn: 24/400 holds, last 0.089 s, source twoStageRealTimeIteration
curvedHeadOn: 28/400 holds, last 0.122 s, source twoStageRealTimeIteration
curvedHeadOn: 32/400 holds, last 0.096 s, source twoStageRealTimeIteration
curvedHeadOn: 36/400 holds, last 0.089 s, source twoStageRealTimeIteration
curvedHeadOn: 40/400 holds, last 0.079 s, source twoStageRealTimeIteration
curvedHeadOn: 44/400 holds, last 0.081 s, source twoStageRealTimeIteration
curvedHeadOn: 48/400 holds, last 0.076 s, source twoStageRealTimeIteration
curvedHeadOn: 52/400 holds, last 0.106 s, source twoStageRealTimeIteration
curvedHeadOn: 56/400 holds, last 0.094 s, source twoStageRealTimeIteration
curvedHeadOn: 60/400 holds, last 0.069 s, source twoStageRealTimeIteration
curvedHeadOn: 64/400 holds, last 0.077 s, source twoStageRealTimeIteration
curvedHeadOn: 68/400 holds, last 0.077 s, source twoStageRealTimeIteration
curvedHeadOn: 72/400 holds, last 0.063 s, source twoStageRealTimeIteration
curvedHeadOn: 76/400 holds, last 0.084 s, source twoStageRealTimeIteration
curvedHeadOn: 80/400 holds, last 0.073 s, source twoStageRealTimeIteration
curvedHeadOn: 84/400 holds, last 0.079 s, source twoStageRealTimeIteration
curvedHeadOn: 88/400 holds, last 0.140 s, source twoStageRealTimeIteration
curvedHeadOn: 92/400 holds, last 0.092 s, source twoStageRealTimeIteration
curvedHeadOn: 96/400 holds, last 0.077 s, source twoStageRealTimeIteration
curvedHeadOn: 100/400 holds, last 0.130 s, source twoStageRealTimeIteration
Recovery at 5.00 s: e = [7.33376  0.217863 -0.668229  0.208058  0.206497], W = 4677.43
curvedHeadOn: 104/400 holds, last 0.050 s, source twoStageRealTimeIteration
curvedHeadOn: 108/400 holds, last 0.082 s, source twoStageRealTimeIteration
curvedHeadOn: 112/400 holds, last 0.064 s, source twoStageRealTimeIteration
curvedHeadOn: 116/400 holds, last 0.088 s, source twoStageRealTimeIteration
curvedHeadOn: 120/400 holds, last 0.054 s, source twoStageRealTimeIteration
curvedHeadOn: 124/400 holds, last 0.054 s, source twoStageRealTimeIteration
curvedHeadOn: 128/400 holds, last 0.050 s, source twoStageRealTimeIteration
curvedHeadOn: 132/400 holds, last 0.056 s, source twoStageRealTimeIteration
curvedHeadOn: 136/400 holds, last 0.160 s, source twoStageRealTimeIteration
curvedHeadOn: 140/400 holds, last 0.057 s, source twoStageRealTimeIteration
curvedHeadOn: 144/400 holds, last 0.155 s, source twoStageRealTimeIteration
curvedHeadOn: 148/400 holds, last 0.220 s, source twoStageRealTimeIteration
curvedHeadOn: 152/400 holds, last 0.193 s, source twoStageRealTimeIteration
curvedHeadOn: 156/400 holds, last 0.060 s, source twoStageRealTimeIteration
curvedHeadOn: 160/400 holds, last 0.150 s, source twoStageRealTimeIteration
curvedHeadOn: 164/400 holds, last 0.219 s, source twoStageRealTimeIteration
curvedHeadOn: 168/400 holds, last 0.174 s, source twoStageRealTimeIteration
curvedHeadOn: 172/400 holds, last 0.093 s, source twoStageRealTimeIteration
curvedHeadOn: 176/400 holds, last 0.078 s, source twoStageRealTimeIteration
curvedHeadOn: 180/400 holds, last 0.241 s, source twoStageRealTimeIteration
curvedHeadOn: 184/400 holds, last 0.154 s, source twoStageRealTimeIteration
curvedHeadOn: 188/400 holds, last 0.060 s, source twoStageRealTimeIteration
curvedHeadOn: 192/400 holds, last 0.081 s, source twoStageRealTimeIteration
curvedHeadOn: 196/400 holds, last 0.198 s, source twoStageRealTimeIteration
curvedHeadOn: 200/400 holds, last 0.204 s, source twoStageRealTimeIteration
Recovery at 10.00 s: e = [14.9782  0.0432381  -0.221652   -0.07912 -0.0688276], W = 17266
curvedHeadOn: 204/400 holds, last 0.056 s, source twoStageRealTimeIteration
curvedHeadOn: 208/400 holds, last 0.097 s, source twoStageRealTimeIteration
curvedHeadOn: 212/400 holds, last 0.047 s, source twoStageRealTimeIteration
curvedHeadOn: 216/400 holds, last 0.047 s, source twoStageRealTimeIteration
curvedHeadOn: 220/400 holds, last 0.048 s, source twoStageRealTimeIteration
curvedHeadOn: 224/400 holds, last 0.047 s, source twoStageRealTimeIteration
curvedHeadOn: 228/400 holds, last 0.047 s, source twoStageRealTimeIteration
curvedHeadOn: 232/400 holds, last 0.051 s, source twoStageRealTimeIteration
curvedHeadOn: 236/400 holds, last 0.047 s, source twoStageRealTimeIteration
curvedHeadOn: 240/400 holds, last 0.047 s, source twoStageRealTimeIteration
curvedHeadOn: 244/400 holds, last 0.047 s, source twoStageRealTimeIteration
curvedHeadOn: 248/400 holds, last 0.075 s, source twoStageRealTimeIteration
curvedHeadOn: 252/400 holds, last 0.043 s, source twoStageRealTimeIteration
curvedHeadOn: 256/400 holds, last 0.043 s, source twoStageRealTimeIteration
curvedHeadOn: 260/400 holds, last 0.043 s, source twoStageRealTimeIteration
curvedHeadOn: 264/400 holds, last 0.043 s, source twoStageRealTimeIteration
curvedHeadOn: 268/400 holds, last 0.046 s, source twoStageRealTimeIteration
curvedHeadOn: 272/400 holds, last 0.043 s, source twoStageRealTimeIteration
curvedHeadOn: 276/400 holds, last 0.043 s, source twoStageRealTimeIteration
curvedHeadOn: 280/400 holds, last 0.043 s, source twoStageRealTimeIteration
curvedHeadOn: 284/400 holds, last 0.041 s, source twoStageRealTimeIteration
curvedHeadOn: 288/400 holds, last 0.042 s, source twoStageRealTimeIteration
curvedHeadOn: 292/400 holds, last 0.041 s, source twoStageRealTimeIteration
curvedHeadOn: 296/400 holds, last 0.042 s, source twoStageRealTimeIteration
curvedHeadOn: 300/400 holds, last 0.042 s, source twoStageRealTimeIteration
Recovery at 15.00 s: e = [10.6861   -0.16933  -0.299757 -0.0331641 -0.0293007], W = 8192.96
curvedHeadOn: 304/400 holds, last 0.042 s, source twoStageRealTimeIteration
curvedHeadOn: 308/400 holds, last 0.042 s, source twoStageRealTimeIteration
curvedHeadOn: 312/400 holds, last 0.042 s, source twoStageRealTimeIteration
curvedHeadOn: 316/400 holds, last 0.042 s, source twoStageRealTimeIteration
curvedHeadOn: 320/400 holds, last 0.042 s, source twoStageRealTimeIteration
curvedHeadOn: 324/400 holds, last 0.043 s, source twoStageRealTimeIteration
curvedHeadOn: 328/400 holds, last 0.043 s, source twoStageRealTimeIteration
curvedHeadOn: 332/400 holds, last 0.043 s, source twoStageRealTimeIteration
curvedHeadOn: 336/400 holds, last 0.044 s, source twoStageRealTimeIteration
curvedHeadOn: 340/400 holds, last 0.043 s, source twoStageRealTimeIteration
curvedHeadOn: 344/400 holds, last 0.044 s, source twoStageRealTimeIteration
curvedHeadOn: 348/400 holds, last 0.043 s, source twoStageRealTimeIteration
curvedHeadOn: 352/400 holds, last 0.044 s, source twoStageRealTimeIteration
curvedHeadOn: 356/400 holds, last 0.043 s, source twoStageRealTimeIteration
curvedHeadOn: 360/400 holds, last 0.043 s, source twoStageRealTimeIteration
curvedHeadOn: 364/400 holds, last 0.042 s, source twoStageRealTimeIteration
curvedHeadOn: 368/400 holds, last 0.043 s, source twoStageRealTimeIteration
curvedHeadOn: 372/400 holds, last 0.043 s, source twoStageRealTimeIteration
curvedHeadOn: 376/400 holds, last 0.043 s, source twoStageRealTimeIteration
curvedHeadOn: 380/400 holds, last 0.043 s, source twoStageRealTimeIteration
curvedHeadOn: 384/400 holds, last 0.043 s, source twoStageRealTimeIteration
curvedHeadOn: 388/400 holds, last 0.042 s, source twoStageRealTimeIteration
curvedHeadOn: 392/400 holds, last 0.042 s, source twoStageRealTimeIteration
curvedHeadOn: 396/400 holds, last 0.042 s, source twoStageRealTimeIteration
curvedHeadOn: 400/400 holds, last 0.042 s, source twoStageRealTimeIteration
Recovery at 20.00 s: e = [0.754066  -0.347511  -0.365098 -0.0244859 -0.0194565], W = 156.988
curvedHeadOn: 400/400 frames, max 0.279 s, failure
CASE-END speed=8 scenario=curvedHeadOn frames=400 wall=33.050 recovered=0 max=0.279106 failedCall=NaN gap=0.663997280 failure=
CASE-START speed=8 scenario=curvedCrossing
curvedCrossing: 4/400 holds, last 0.086 s, source twoStageRealTimeIteration
curvedCrossing: 8/400 holds, last 0.106 s, source twoStageRealTimeIteration
curvedCrossing: 12/400 holds, last 0.121 s, source twoStageRealTimeIteration
curvedCrossing: 16/400 holds, last 0.081 s, source twoStageRealTimeIteration
curvedCrossing: 20/400 holds, last 0.078 s, source twoStageRealTimeIteration
curvedCrossing: 24/400 holds, last 0.078 s, source twoStageRealTimeIteration
curvedCrossing: 28/400 holds, last 0.075 s, source twoStageRealTimeIteration
curvedCrossing: 32/400 holds, last 0.076 s, source twoStageRealTimeIteration
curvedCrossing: 36/400 holds, last 0.076 s, source twoStageRealTimeIteration
curvedCrossing: 40/400 holds, last 0.078 s, source twoStageRealTimeIteration
curvedCrossing: 44/400 holds, last 0.110 s, source twoStageRealTimeIteration
curvedCrossing: 48/400 holds, last 0.080 s, source twoStageRealTimeIteration
curvedCrossing: 52/400 holds, last 0.074 s, source twoStageRealTimeIteration
curvedCrossing: 56/400 holds, last 0.086 s, source twoStageRealTimeIteration
curvedCrossing: 60/400 holds, last 0.074 s, source twoStageRealTimeIteration
curvedCrossing: 64/400 holds, last 0.079 s, source twoStageRealTimeIteration
curvedCrossing: 68/400 holds, last 0.074 s, source twoStageRealTimeIteration
curvedCrossing: 72/400 holds, last 0.076 s, source twoStageRealTimeIteration
curvedCrossing: 76/400 holds, last 0.103 s, source twoStageRealTimeIteration
curvedCrossing: 80/400 holds, last 0.084 s, source twoStageRealTimeIteration
curvedCrossing: 84/400 holds, last 0.086 s, source twoStageRealTimeIteration
curvedCrossing: 88/400 holds, last 0.077 s, source twoStageRealTimeIteration
curvedCrossing: 92/400 holds, last 0.078 s, source twoStageRealTimeIteration
curvedCrossing: 96/400 holds, last 0.083 s, source twoStageRealTimeIteration
curvedCrossing: 100/400 holds, last 0.085 s, source twoStageRealTimeIteration
Recovery at 5.00 s: e = [-26.4042 -0.83018  2.76121 0.133698 0.251637], W = 60780.2
curvedCrossing: 104/400 holds, last 0.082 s, source twoStageRealTimeIteration
curvedCrossing: 108/400 holds, last 0.081 s, source twoStageRealTimeIteration
curvedCrossing: 112/400 holds, last 0.084 s, source twoStageRealTimeIteration
curvedCrossing: 116/400 holds, last 0.105 s, source twoStageRealTimeIteration
curvedCrossing: 120/400 holds, last 0.103 s, source twoStageRealTimeIteration
curvedCrossing: 124/400 holds, last 0.103 s, source twoStageRealTimeIteration
curvedCrossing: 128/400 holds, last 0.104 s, source twoStageRealTimeIteration
curvedCrossing: 132/400 holds, last 0.082 s, source twoStageRealTimeIteration
curvedCrossing: 136/400 holds, last 0.106 s, source twoStageRealTimeIteration
curvedCrossing: 140/400 holds, last 0.082 s, source twoStageRealTimeIteration
curvedCrossing: 144/400 holds, last 0.082 s, source twoStageRealTimeIteration
curvedCrossing: 148/400 holds, last 0.105 s, source twoStageRealTimeIteration
curvedCrossing: 152/400 holds, last 0.082 s, source twoStageRealTimeIteration
curvedCrossing: 156/400 holds, last 0.108 s, source twoStageRealTimeIteration
curvedCrossing: 160/400 holds, last 0.084 s, source twoStageRealTimeIteration
curvedCrossing: 164/400 holds, last 0.079 s, source twoStageRealTimeIteration
curvedCrossing: 168/400 holds, last 0.102 s, source twoStageRealTimeIteration
curvedCrossing: 172/400 holds, last 0.105 s, source twoStageRealTimeIteration
curvedCrossing: 176/400 holds, last 0.078 s, source twoStageRealTimeIteration
curvedCrossing: 180/400 holds, last 0.075 s, source twoStageRealTimeIteration
curvedCrossing: 184/400 holds, last 0.073 s, source twoStageRealTimeIteration
curvedCrossing: 188/400 holds, last 0.073 s, source twoStageRealTimeIteration
curvedCrossing: 192/400 holds, last 0.071 s, source twoStageRealTimeIteration
curvedCrossing: 196/400 holds, last 0.072 s, source twoStageRealTimeIteration
curvedCrossing: 200/400 holds, last 0.070 s, source twoStageRealTimeIteration
Recovery at 10.00 s: e = [-31.4502  0.611726   5.86021 -0.347333  0.473627], W = 70869.3
curvedCrossing: 204/400 holds, last 0.069 s, source twoStageRealTimeIteration
curvedCrossing: 208/400 holds, last 0.070 s, source twoStageRealTimeIteration
curvedCrossing: 212/400 holds, last 0.070 s, source twoStageRealTimeIteration
curvedCrossing: 216/400 holds, last 0.069 s, source twoStageRealTimeIteration
curvedCrossing: 220/400 holds, last 0.071 s, source twoStageRealTimeIteration
curvedCrossing: 224/400 holds, last 0.070 s, source twoStageRealTimeIteration
curvedCrossing: 228/400 holds, last 0.070 s, source twoStageRealTimeIteration
curvedCrossing: 232/400 holds, last 0.070 s, source twoStageRealTimeIteration
curvedCrossing: 236/400 holds, last 0.070 s, source twoStageRealTimeIteration
curvedCrossing: 240/400 holds, last 0.070 s, source twoStageRealTimeIteration
curvedCrossing: 244/400 holds, last 0.070 s, source twoStageRealTimeIteration
curvedCrossing: 248/400 holds, last 0.144 s, source twoStageRealTimeIteration
curvedCrossing: 252/400 holds, last 0.105 s, source twoStageRealTimeIteration
curvedCrossing: 256/400 holds, last 0.104 s, source twoStageRealTimeIteration
curvedCrossing: 260/400 holds, last 0.085 s, source twoStageRealTimeIteration
curvedCrossing: 264/400 holds, last 0.085 s, source twoStageRealTimeIteration
curvedCrossing: 268/400 holds, last 0.103 s, source twoStageRealTimeIteration
curvedCrossing: 272/400 holds, last 0.103 s, source twoStageRealTimeIteration
curvedCrossing: 276/400 holds, last 0.103 s, source twoStageRealTimeIteration
curvedCrossing: 280/400 holds, last 0.103 s, source twoStageRealTimeIteration
curvedCrossing: 284/400 holds, last 0.120 s, source twoStageRealTimeIteration
curvedCrossing: 288/400 holds, last 0.084 s, source twoStageRealTimeIteration
curvedCrossing: 292/400 holds, last 0.093 s, source twoStageRealTimeIteration
curvedCrossing: 296/400 holds, last 0.099 s, source twoStageRealTimeIteration
curvedCrossing: 300/400 holds, last 0.100 s, source twoStageRealTimeIteration
Recovery at 15.00 s: e = [28.068   2.65213   6.69376 -0.339928  0.376917], W = 94122.6
curvedCrossing: 304/400 holds, last 0.112 s, source twoStageRealTimeIteration
curvedCrossing: 308/400 holds, last 0.100 s, source twoStageRealTimeIteration
curvedCrossing: 312/400 holds, last 0.099 s, source twoStageRealTimeIteration
curvedCrossing: 316/400 holds, last 0.099 s, source twoStageRealTimeIteration
curvedCrossing: 320/400 holds, last 0.070 s, source twoStageRealTimeIteration
curvedCrossing: 324/400 holds, last 0.151 s, source twoStageRealTimeIteration
curvedCrossing: 328/400 holds, last 0.077 s, source twoStageRealTimeIteration
curvedCrossing: 332/400 holds, last 0.071 s, source twoStageRealTimeIteration
curvedCrossing: 336/400 holds, last 0.071 s, source twoStageRealTimeIteration
curvedCrossing: 340/400 holds, last 0.071 s, source twoStageRealTimeIteration
curvedCrossing: 344/400 holds, last 0.071 s, source twoStageRealTimeIteration
curvedCrossing: 348/400 holds, last 0.071 s, source twoStageRealTimeIteration
curvedCrossing: 352/400 holds, last 0.071 s, source twoStageRealTimeIteration
curvedCrossing: 356/400 holds, last 0.072 s, source twoStageRealTimeIteration
curvedCrossing: 360/400 holds, last 0.072 s, source twoStageRealTimeIteration
curvedCrossing: 364/400 holds, last 0.070 s, source twoStageRealTimeIteration
curvedCrossing: 368/400 holds, last 0.070 s, source twoStageRealTimeIteration
curvedCrossing: 372/400 holds, last 0.069 s, source twoStageRealTimeIteration
curvedCrossing: 376/400 holds, last 0.071 s, source twoStageRealTimeIteration
curvedCrossing: 380/400 holds, last 0.081 s, source twoStageRealTimeIteration
curvedCrossing: 384/400 holds, last 0.102 s, source twoStageRealTimeIteration
curvedCrossing: 388/400 holds, last 0.171 s, source twoStageRealTimeIteration
curvedCrossing: 392/400 holds, last 0.104 s, source twoStageRealTimeIteration
curvedCrossing: 396/400 holds, last 0.102 s, source twoStageRealTimeIteration
curvedCrossing: 400/400 holds, last 0.102 s, source twoStageRealTimeIteration
Recovery at 20.00 s: e = [-15.3218 -1.00411  7.86711 -1.78157 0.516509], W = 25463
curvedCrossing: 400/400 frames, max 0.408 s, failure
CASE-END speed=8 scenario=curvedCrossing frames=400 wall=36.967 recovered=0 max=0.407588 failedCall=NaN gap=0.544507902 failure=
WARMUP speed=15 repeat=1 seconds=0.219022
WARMUP speed=15 repeat=2 seconds=0.060686
CASE-START speed=15 scenario=headOn
headOn: 4/400 holds, last 0.089 s, source twoStageRealTimeIteration
headOn: 8/400 holds, last 0.090 s, source twoStageRealTimeIteration
headOn: 12/400 holds, last 0.101 s, source twoStageRealTimeIteration
headOn: 16/400 holds, last 0.095 s, source twoStageRealTimeIteration
headOn: 20/400 holds, last 0.102 s, source twoStageRealTimeIteration
headOn: 24/400 holds, last 0.102 s, source twoStageRealTimeIteration
headOn: 28/400 holds, last 0.087 s, source twoStageRealTimeIteration
headOn: 32/400 holds, last 0.079 s, source twoStageRealTimeIteration
headOn: 36/400 holds, last 0.077 s, source twoStageRealTimeIteration
headOn: 40/400 holds, last 0.080 s, source twoStageRealTimeIteration
headOn: 44/400 holds, last 0.075 s, source twoStageRealTimeIteration
headOn: 48/400 holds, last 0.069 s, source twoStageRealTimeIteration
headOn: 52/400 holds, last 0.071 s, source twoStageRealTimeIteration
headOn: 56/400 holds, last 0.065 s, source twoStageRealTimeIteration
headOn: 60/400 holds, last 0.063 s, source twoStageRealTimeIteration
headOn: 64/400 holds, last 0.055 s, source twoStageRealTimeIteration
headOn: 68/400 holds, last 0.053 s, source twoStageRealTimeIteration
headOn: 72/400 holds, last 0.056 s, source twoStageRealTimeIteration
headOn: 76/400 holds, last 0.056 s, source twoStageRealTimeIteration
headOn: 80/400 holds, last 0.055 s, source twoStageRealTimeIteration
headOn: 84/400 holds, last 0.056 s, source twoStageRealTimeIteration
headOn: 88/400 holds, last 0.053 s, source twoStageRealTimeIteration
headOn: 92/400 holds, last 0.053 s, source twoStageRealTimeIteration
headOn: 96/400 holds, last 0.053 s, source twoStageRealTimeIteration
headOn: 100/400 holds, last 0.055 s, source twoStageRealTimeIteration
Recovery at 5.00 s: e = [3.66201 -0.0308363    -1.0019 0.00349487  0.0092327], W = 742.249
headOn: 104/400 holds, last 0.055 s, source twoStageRealTimeIteration
headOn: 108/400 holds, last 0.055 s, source twoStageRealTimeIteration
headOn: 112/400 holds, last 0.055 s, source twoStageRealTimeIteration
headOn: 116/400 holds, last 0.055 s, source twoStageRealTimeIteration
headOn: 120/400 holds, last 0.055 s, source twoStageRealTimeIteration
headOn: 124/400 holds, last 0.057 s, source twoStageRealTimeIteration
headOn: 128/400 holds, last 0.057 s, source twoStageRealTimeIteration
headOn: 132/400 holds, last 0.057 s, source twoStageRealTimeIteration
headOn: 136/400 holds, last 0.057 s, source twoStageRealTimeIteration
headOn: 140/400 holds, last 0.055 s, source twoStageRealTimeIteration
headOn: 144/400 holds, last 0.055 s, source twoStageRealTimeIteration
headOn: 148/400 holds, last 0.054 s, source twoStageRealTimeIteration
headOn: 152/400 holds, last 0.056 s, source twoStageRealTimeIteration
headOn: 156/400 holds, last 0.056 s, source twoStageRealTimeIteration
headOn: 160/400 holds, last 0.055 s, source twoStageRealTimeIteration
headOn: 164/400 holds, last 0.056 s, source twoStageRealTimeIteration
headOn: 168/400 holds, last 0.056 s, source twoStageRealTimeIteration
headOn: 172/400 holds, last 0.055 s, source twoStageRealTimeIteration
headOn: 176/400 holds, last 0.056 s, source twoStageRealTimeIteration
headOn: 180/400 holds, last 0.055 s, source twoStageRealTimeIteration
headOn: 184/400 holds, last 0.054 s, source twoStageRealTimeIteration
headOn: 188/400 holds, last 0.055 s, source twoStageRealTimeIteration
headOn: 192/400 holds, last 0.051 s, source twoStageRealTimeIteration
headOn: 196/400 holds, last 0.051 s, source twoStageRealTimeIteration
headOn: 200/400 holds, last 0.051 s, source twoStageRealTimeIteration
Recovery at 10.00 s: e = [2.10317  -0.0160045   -0.461749 -0.00018819  0.00183687], W = 243.735
headOn: 204/400 holds, last 0.050 s, source twoStageRealTimeIteration
headOn: 208/400 holds, last 0.050 s, source twoStageRealTimeIteration
headOn: 212/400 holds, last 0.051 s, source twoStageRealTimeIteration
headOn: 216/400 holds, last 0.051 s, source twoStageRealTimeIteration
headOn: 220/400 holds, last 0.051 s, source twoStageRealTimeIteration
headOn: 224/400 holds, last 0.051 s, source twoStageRealTimeIteration
headOn: 228/400 holds, last 0.052 s, source twoStageRealTimeIteration
headOn: 232/400 holds, last 0.051 s, source twoStageRealTimeIteration
headOn: 236/400 holds, last 0.051 s, source twoStageRealTimeIteration
headOn: 240/400 holds, last 0.050 s, source twoStageRealTimeIteration
headOn: 244/400 holds, last 0.050 s, source twoStageRealTimeIteration
headOn: 248/400 holds, last 0.051 s, source twoStageRealTimeIteration
headOn: 252/400 holds, last 0.050 s, source twoStageRealTimeIteration
headOn: 256/400 holds, last 0.051 s, source twoStageRealTimeIteration
headOn: 260/400 holds, last 0.050 s, source twoStageRealTimeIteration
headOn: 264/400 holds, last 0.050 s, source twoStageRealTimeIteration
headOn: 268/400 holds, last 0.050 s, source twoStageRealTimeIteration
headOn: 272/400 holds, last 0.050 s, source twoStageRealTimeIteration
headOn: 276/400 holds, last 0.051 s, source twoStageRealTimeIteration
headOn: 280/400 holds, last 0.050 s, source twoStageRealTimeIteration
headOn: 284/400 holds, last 0.050 s, source twoStageRealTimeIteration
headOn: 288/400 holds, last 0.050 s, source twoStageRealTimeIteration
headOn: 292/400 holds, last 0.051 s, source twoStageRealTimeIteration
headOn: 296/400 holds, last 0.051 s, source twoStageRealTimeIteration
headOn: 300/400 holds, last 0.051 s, source twoStageRealTimeIteration
Recovery at 15.00 s: e = [1.0497  -0.0154935   -0.372067 7.79219e-05 -0.00135449], W = 59.4174
headOn: 304/400 holds, last 0.051 s, source twoStageRealTimeIteration
headOn: 308/400 holds, last 0.050 s, source twoStageRealTimeIteration
headOn: 312/400 holds, last 0.050 s, source twoStageRealTimeIteration
headOn: 316/400 holds, last 0.047 s, source twoStageRealTimeIteration
headOn: 320/400 holds, last 0.047 s, source twoStageRealTimeIteration
headOn: 324/400 holds, last 0.047 s, source twoStageRealTimeIteration
headOn: 328/400 holds, last 0.047 s, source twoStageRealTimeIteration
headOn: 332/400 holds, last 0.047 s, source twoStageRealTimeIteration
headOn: 336/400 holds, last 0.048 s, source twoStageRealTimeIteration
headOn: 340/400 holds, last 0.047 s, source twoStageRealTimeIteration
headOn: 344/400 holds, last 0.047 s, source twoStageRealTimeIteration
headOn: 348/400 holds, last 0.047 s, source twoStageRealTimeIteration
headOn: 352/400 holds, last 0.047 s, source twoStageRealTimeIteration
headOn: 356/400 holds, last 0.048 s, source twoStageRealTimeIteration
headOn: 360/400 holds, last 0.047 s, source twoStageRealTimeIteration
headOn: 364/400 holds, last 0.047 s, source twoStageRealTimeIteration
headOn: 368/400 holds, last 0.046 s, source twoStageRealTimeIteration
headOn: 372/400 holds, last 0.047 s, source twoStageRealTimeIteration
headOn: 376/400 holds, last 0.045 s, source twoStageRealTimeIteration
headOn: 380/400 holds, last 0.046 s, source twoStageRealTimeIteration
headOn: 384/400 holds, last 0.048 s, source twoStageRealTimeIteration
headOn: 388/400 holds, last 0.047 s, source twoStageRealTimeIteration
headOn: 392/400 holds, last 0.048 s, source twoStageRealTimeIteration
headOn: 396/400 holds, last 0.048 s, source twoStageRealTimeIteration
headOn: 400/400 holds, last 0.047 s, source twoStageRealTimeIteration
Recovery at 20.00 s: e = [0.026641  -0.00388512   -0.0779809 -0.000963574   0.00593854], W = 0.153111
headOn: 400/400 frames, max 0.140 s, failure
CASE-END speed=15 scenario=headOn frames=400 wall=24.767 recovered=0 max=0.140241 failedCall=NaN gap=0.000000000 failure=
CASE-START speed=15 scenario=acceleratingHeadOn
acceleratingHeadOn: 4/400 holds, last 0.088 s, source twoStageRealTimeIteration
acceleratingHeadOn: 8/400 holds, last 0.104 s, source twoStageRealTimeIteration
acceleratingHeadOn: 12/400 holds, last 0.090 s, source twoStageRealTimeIteration
acceleratingHeadOn: 16/400 holds, last 0.089 s, source twoStageRealTimeIteration
acceleratingHeadOn: 20/400 holds, last 0.091 s, source twoStageRealTimeIteration
acceleratingHeadOn: 24/400 holds, last 0.088 s, source twoStageRealTimeIteration
acceleratingHeadOn: 28/400 holds, last 0.067 s, source twoStageRealTimeIteration
acceleratingHeadOn: 32/400 holds, last 0.081 s, source twoStageRealTimeIteration
acceleratingHeadOn: 36/400 holds, last 0.101 s, source twoStageRealTimeIteration
acceleratingHeadOn: 40/400 holds, last 0.089 s, source twoStageRealTimeIteration
acceleratingHeadOn: 44/400 holds, last 0.091 s, source twoStageRealTimeIteration
acceleratingHeadOn: 48/400 holds, last 0.084 s, source twoStageRealTimeIteration
acceleratingHeadOn: 52/400 holds, last 0.093 s, source twoStageRealTimeIteration
acceleratingHeadOn: 56/400 holds, last 0.057 s, source twoStageRealTimeIteration
acceleratingHeadOn: 60/400 holds, last 0.057 s, source twoStageRealTimeIteration
acceleratingHeadOn: 64/400 holds, last 0.058 s, source twoStageRealTimeIteration
acceleratingHeadOn: 68/400 holds, last 0.057 s, source twoStageRealTimeIteration
acceleratingHeadOn: 72/400 holds, last 0.058 s, source twoStageRealTimeIteration
acceleratingHeadOn: 76/400 holds, last 0.054 s, source twoStageRealTimeIteration
acceleratingHeadOn: 80/400 holds, last 0.053 s, source twoStageRealTimeIteration
acceleratingHeadOn: 84/400 holds, last 0.055 s, source twoStageRealTimeIteration
acceleratingHeadOn: 88/400 holds, last 0.056 s, source twoStageRealTimeIteration
acceleratingHeadOn: 92/400 holds, last 0.055 s, source twoStageRealTimeIteration
acceleratingHeadOn: 96/400 holds, last 0.056 s, source twoStageRealTimeIteration
acceleratingHeadOn: 100/400 holds, last 0.057 s, source twoStageRealTimeIteration
Recovery at 5.00 s: e = [3.36494 -0.0243623  -0.899866 0.00192648 0.00854845], W = 631.203
acceleratingHeadOn: 104/400 holds, last 0.057 s, source twoStageRealTimeIteration
acceleratingHeadOn: 108/400 holds, last 0.056 s, source twoStageRealTimeIteration
acceleratingHeadOn: 112/400 holds, last 0.056 s, source twoStageRealTimeIteration
acceleratingHeadOn: 116/400 holds, last 0.056 s, source twoStageRealTimeIteration
acceleratingHeadOn: 120/400 holds, last 0.056 s, source twoStageRealTimeIteration
acceleratingHeadOn: 124/400 holds, last 0.057 s, source twoStageRealTimeIteration
acceleratingHeadOn: 128/400 holds, last 0.056 s, source twoStageRealTimeIteration
acceleratingHeadOn: 132/400 holds, last 0.057 s, source twoStageRealTimeIteration
acceleratingHeadOn: 136/400 holds, last 0.056 s, source twoStageRealTimeIteration
acceleratingHeadOn: 140/400 holds, last 0.056 s, source twoStageRealTimeIteration
acceleratingHeadOn: 144/400 holds, last 0.057 s, source twoStageRealTimeIteration
acceleratingHeadOn: 148/400 holds, last 0.057 s, source twoStageRealTimeIteration
acceleratingHeadOn: 152/400 holds, last 0.056 s, source twoStageRealTimeIteration
acceleratingHeadOn: 156/400 holds, last 0.056 s, source twoStageRealTimeIteration
acceleratingHeadOn: 160/400 holds, last 0.055 s, source twoStageRealTimeIteration
acceleratingHeadOn: 164/400 holds, last 0.055 s, source twoStageRealTimeIteration
acceleratingHeadOn: 168/400 holds, last 0.055 s, source twoStageRealTimeIteration
acceleratingHeadOn: 172/400 holds, last 0.055 s, source twoStageRealTimeIteration
acceleratingHeadOn: 176/400 holds, last 0.054 s, source twoStageRealTimeIteration
acceleratingHeadOn: 180/400 holds, last 0.051 s, source twoStageRealTimeIteration
acceleratingHeadOn: 184/400 holds, last 0.052 s, source twoStageRealTimeIteration
acceleratingHeadOn: 188/400 holds, last 0.052 s, source twoStageRealTimeIteration
acceleratingHeadOn: 192/400 holds, last 0.051 s, source twoStageRealTimeIteration
acceleratingHeadOn: 196/400 holds, last 0.051 s, source twoStageRealTimeIteration
acceleratingHeadOn: 200/400 holds, last 0.051 s, source twoStageRealTimeIteration
Recovery at 10.00 s: e = [1.93693   -0.0149219    -0.444575 -7.31192e-05   0.00123291], W = 206.935
acceleratingHeadOn: 204/400 holds, last 0.051 s, source twoStageRealTimeIteration
acceleratingHeadOn: 208/400 holds, last 0.052 s, source twoStageRealTimeIteration
acceleratingHeadOn: 212/400 holds, last 0.051 s, source twoStageRealTimeIteration
acceleratingHeadOn: 216/400 holds, last 0.051 s, source twoStageRealTimeIteration
acceleratingHeadOn: 220/400 holds, last 0.051 s, source twoStageRealTimeIteration
acceleratingHeadOn: 224/400 holds, last 0.051 s, source twoStageRealTimeIteration
acceleratingHeadOn: 228/400 holds, last 0.051 s, source twoStageRealTimeIteration
acceleratingHeadOn: 232/400 holds, last 0.050 s, source twoStageRealTimeIteration
acceleratingHeadOn: 236/400 holds, last 0.050 s, source twoStageRealTimeIteration
acceleratingHeadOn: 240/400 holds, last 0.050 s, source twoStageRealTimeIteration
acceleratingHeadOn: 244/400 holds, last 0.050 s, source twoStageRealTimeIteration
acceleratingHeadOn: 248/400 holds, last 0.051 s, source twoStageRealTimeIteration
acceleratingHeadOn: 252/400 holds, last 0.051 s, source twoStageRealTimeIteration
acceleratingHeadOn: 256/400 holds, last 0.051 s, source twoStageRealTimeIteration
acceleratingHeadOn: 260/400 holds, last 0.051 s, source twoStageRealTimeIteration
acceleratingHeadOn: 264/400 holds, last 0.051 s, source twoStageRealTimeIteration
acceleratingHeadOn: 268/400 holds, last 0.051 s, source twoStageRealTimeIteration
acceleratingHeadOn: 272/400 holds, last 0.051 s, source twoStageRealTimeIteration
acceleratingHeadOn: 276/400 holds, last 0.052 s, source twoStageRealTimeIteration
acceleratingHeadOn: 280/400 holds, last 0.050 s, source twoStageRealTimeIteration
acceleratingHeadOn: 284/400 holds, last 0.051 s, source twoStageRealTimeIteration
acceleratingHeadOn: 288/400 holds, last 0.051 s, source twoStageRealTimeIteration
acceleratingHeadOn: 292/400 holds, last 0.051 s, source twoStageRealTimeIteration
acceleratingHeadOn: 296/400 holds, last 0.052 s, source twoStageRealTimeIteration
acceleratingHeadOn: 300/400 holds, last 0.052 s, source twoStageRealTimeIteration
Recovery at 15.00 s: e = [0.892029  -0.0160656   -0.347467 9.72165e-05 -0.00102764], W = 42.3963
acceleratingHeadOn: 304/400 holds, last 0.051 s, source twoStageRealTimeIteration
acceleratingHeadOn: 308/400 holds, last 0.048 s, source twoStageRealTimeIteration
acceleratingHeadOn: 312/400 holds, last 0.048 s, source twoStageRealTimeIteration
acceleratingHeadOn: 316/400 holds, last 0.047 s, source twoStageRealTimeIteration
acceleratingHeadOn: 320/400 holds, last 0.048 s, source twoStageRealTimeIteration
acceleratingHeadOn: 324/400 holds, last 0.048 s, source twoStageRealTimeIteration
acceleratingHeadOn: 328/400 holds, last 0.048 s, source twoStageRealTimeIteration
acceleratingHeadOn: 332/400 holds, last 0.048 s, source twoStageRealTimeIteration
acceleratingHeadOn: 336/400 holds, last 0.047 s, source twoStageRealTimeIteration
acceleratingHeadOn: 340/400 holds, last 0.048 s, source twoStageRealTimeIteration
acceleratingHeadOn: 344/400 holds, last 0.048 s, source twoStageRealTimeIteration
acceleratingHeadOn: 348/400 holds, last 0.047 s, source twoStageRealTimeIteration
acceleratingHeadOn: 352/400 holds, last 0.047 s, source twoStageRealTimeIteration
acceleratingHeadOn: 356/400 holds, last 0.049 s, source twoStageRealTimeIteration
acceleratingHeadOn: 360/400 holds, last 0.047 s, source twoStageRealTimeIteration
acceleratingHeadOn: 364/400 holds, last 0.046 s, source twoStageRealTimeIteration
acceleratingHeadOn: 368/400 holds, last 0.047 s, source twoStageRealTimeIteration
acceleratingHeadOn: 372/400 holds, last 0.047 s, source twoStageRealTimeIteration
acceleratingHeadOn: 376/400 holds, last 0.047 s, source twoStageRealTimeIteration
acceleratingHeadOn: 380/400 holds, last 0.047 s, source twoStageRealTimeIteration
acceleratingHeadOn: 384/400 holds, last 0.047 s, source twoStageRealTimeIteration
acceleratingHeadOn: 388/400 holds, last 0.050 s, source twoStageRealTimeIteration
acceleratingHeadOn: 392/400 holds, last 0.050 s, source twoStageRealTimeIteration
acceleratingHeadOn: 396/400 holds, last 0.050 s, source twoStageRealTimeIteration
acceleratingHeadOn: 400/400 holds, last 0.051 s, source twoStageRealTimeIteration
Recovery at 20.00 s: e = [0.00310134  -0.00127026   -0.0282703 -0.000702494   0.00254514], W = 0.0186875
acceleratingHeadOn: 400/400 frames, max 0.209 s, failure
CASE-END speed=15 scenario=acceleratingHeadOn frames=400 wall=25.632 recovered=0 max=0.209253 failedCall=NaN gap=0.000000000 failure=
CASE-START speed=15 scenario=brakingLead
brakingLead: 4/400 holds, last 0.096 s, source twoStageRealTimeIteration
brakingLead: 8/400 holds, last 0.495 s, source twoStageRealTimeIteration
brakingLead: 12/400 holds, last 0.143 s, source twoStageRealTimeIteration
brakingLead: 16/400 holds, last 0.106 s, source twoStageRealTimeIteration
brakingLead: 20/400 holds, last 0.132 s, source twoStageRealTimeIteration
brakingLead: 24/400 holds, last 0.105 s, source twoStageRealTimeIteration
brakingLead: 28/400 holds, last 0.104 s, source twoStageRealTimeIteration
brakingLead: 32/400 holds, last 0.105 s, source twoStageRealTimeIteration
brakingLead: 36/400 holds, last 0.107 s, source twoStageRealTimeIteration
brakingLead: 40/400 holds, last 0.118 s, source twoStageRealTimeIteration
brakingLead: 44/400 holds, last 0.081 s, source twoStageRealTimeIteration
brakingLead: 48/400 holds, last 0.083 s, source twoStageRealTimeIteration
brakingLead: 52/400 holds, last 0.081 s, source twoStageRealTimeIteration
brakingLead: 56/400 holds, last 0.080 s, source twoStageRealTimeIteration
brakingLead: 60/400 holds, last 0.079 s, source twoStageRealTimeIteration
brakingLead: 64/400 holds, last 0.078 s, source twoStageRealTimeIteration
brakingLead: 68/400 holds, last 0.080 s, source twoStageRealTimeIteration
brakingLead: 72/400 holds, last 0.178 s, source twoStageRealTimeIteration
brakingLead: 76/400 holds, last 0.089 s, source twoStageRealTimeIteration
brakingLead: 80/400 holds, last 0.135 s, source twoStageRealTimeIteration
brakingLead: 84/400 holds, last 0.140 s, source twoStageRealTimeIteration
brakingLead: 88/400 holds, last 0.254 s, source twoStageRealTimeIteration
brakingLead: 92/400 holds, last 0.188 s, source twoStageRealTimeIteration
brakingLead: 96/400 holds, last 0.083 s, source twoStageRealTimeIteration
brakingLead: 100/400 holds, last 0.083 s, source twoStageRealTimeIteration
Recovery at 5.00 s: e = [3.68304 0.0107303 -0.152132  0.378938 -0.209045], W = 809.424
brakingLead: 104/400 holds, last 0.083 s, source twoStageRealTimeIteration
brakingLead: 108/400 holds, last 0.086 s, source twoStageRealTimeIteration
brakingLead: 112/400 holds, last 0.122 s, source twoStageRealTimeIteration
brakingLead: 116/400 holds, last 0.118 s, source twoStageRealTimeIteration
brakingLead: 120/400 holds, last 0.119 s, source twoStageRealTimeIteration
brakingLead: 124/400 holds, last 0.107 s, source twoStageRealTimeIteration
brakingLead: 128/400 holds, last 0.098 s, source twoStageRealTimeIteration
brakingLead: 132/400 holds, last 0.094 s, source twoStageRealTimeIteration
brakingLead: 136/400 holds, last 0.093 s, source twoStageRealTimeIteration
brakingLead: 140/400 holds, last 0.100 s, source twoStageRealTimeIteration
brakingLead: 144/400 holds, last 0.094 s, source twoStageRealTimeIteration
brakingLead: 148/400 holds, last 0.086 s, source twoStageRealTimeIteration
brakingLead: 152/400 holds, last 0.091 s, source twoStageRealTimeIteration
brakingLead: 156/400 holds, last 0.099 s, source twoStageRealTimeIteration
brakingLead: 160/400 holds, last 0.102 s, source twoStageRealTimeIteration
brakingLead: 164/400 holds, last 0.120 s, source twoStageRealTimeIteration
brakingLead: 168/400 holds, last 0.080 s, source twoStageRealTimeIteration
brakingLead: 172/400 holds, last 0.080 s, source twoStageRealTimeIteration
brakingLead: 176/400 holds, last 0.082 s, source twoStageRealTimeIteration
brakingLead: 180/400 holds, last 0.082 s, source twoStageRealTimeIteration
brakingLead: 184/400 holds, last 0.082 s, source twoStageRealTimeIteration
brakingLead: 188/400 holds, last 0.092 s, source twoStageRealTimeIteration
brakingLead: 192/400 holds, last 0.094 s, source twoStageRealTimeIteration
brakingLead: 196/400 holds, last 0.085 s, source twoStageRealTimeIteration
brakingLead: 200/400 holds, last 0.084 s, source twoStageRealTimeIteration
Recovery at 10.00 s: e = [3.24299 0.113177 -5.89137 0.179791 0.267616], W = 1520.09
brakingLead: 204/400 holds, last 0.084 s, source twoStageRealTimeIteration
brakingLead: 208/400 holds, last 0.092 s, source twoStageRealTimeIteration
brakingLead: 212/400 holds, last 0.084 s, source twoStageRealTimeIteration
brakingLead: 216/400 holds, last 0.100 s, source twoStageRealTimeIteration
brakingLead: 220/400 holds, last 0.090 s, source twoStageRealTimeIteration
brakingLead: 224/400 holds, last 0.103 s, source twoStageRealTimeIteration
brakingLead: 228/400 holds, last 0.098 s, source twoStageRealTimeIteration
brakingLead: 232/400 holds, last 0.090 s, source twoStageRealTimeIteration
brakingLead: 236/400 holds, last 0.092 s, source twoStageRealTimeIteration
brakingLead: 240/400 holds, last 0.080 s, source twoStageRealTimeIteration
brakingLead: 244/400 holds, last 0.080 s, source twoStageRealTimeIteration
brakingLead: 248/400 holds, last 0.080 s, source twoStageRealTimeIteration
brakingLead: 252/400 holds, last 0.128 s, source twoStageRealTimeIteration
brakingLead: 256/400 holds, last 0.087 s, source twoStageRealTimeIteration
brakingLead: 260/400 holds, last 0.091 s, source twoStageRealTimeIteration
brakingLead: 264/400 holds, last 0.105 s, source twoStageRealTimeIteration
brakingLead: 268/400 holds, last 0.088 s, source twoStageRealTimeIteration
brakingLead: 272/400 holds, last 0.090 s, source twoStageRealTimeIteration
brakingLead: 276/400 holds, last 0.081 s, source twoStageRealTimeIteration
brakingLead: 280/400 holds, last 0.083 s, source twoStageRealTimeIteration
brakingLead: 284/400 holds, last 0.081 s, source twoStageRealTimeIteration
brakingLead: 288/400 holds, last 0.082 s, source twoStageRealTimeIteration
brakingLead: 292/400 holds, last 0.090 s, source twoStageRealTimeIteration
brakingLead: 296/400 holds, last 0.110 s, source twoStageRealTimeIteration
brakingLead: 300/400 holds, last 0.080 s, source twoStageRealTimeIteration
Recovery at 15.00 s: e = [4.93833 0.0718067  -6.89343  0.757126  0.911304], W = 2619.97
brakingLead: 304/400 holds, last 0.090 s, source twoStageRealTimeIteration
brakingLead: 308/400 holds, last 0.089 s, source twoStageRealTimeIteration
brakingLead: 312/400 holds, last 0.080 s, source twoStageRealTimeIteration
brakingLead: 316/400 holds, last 0.078 s, source twoStageRealTimeIteration
brakingLead: 320/400 holds, last 0.078 s, source twoStageRealTimeIteration
brakingLead: 324/400 holds, last 0.088 s, source twoStageRealTimeIteration
brakingLead: 328/400 holds, last 0.078 s, source twoStageRealTimeIteration
brakingLead: 332/400 holds, last 0.088 s, source twoStageRealTimeIteration
brakingLead: 336/400 holds, last 0.087 s, source twoStageRealTimeIteration
brakingLead: 340/400 holds, last 0.086 s, source twoStageRealTimeIteration
brakingLead: 344/400 holds, last 0.087 s, source twoStageRealTimeIteration
brakingLead: 348/400 holds, last 0.085 s, source twoStageRealTimeIteration
brakingLead: 352/400 holds, last 0.088 s, source twoStageRealTimeIteration
brakingLead: 356/400 holds, last 0.086 s, source twoStageRealTimeIteration
brakingLead: 360/400 holds, last 0.090 s, source twoStageRealTimeIteration
brakingLead: 364/400 holds, last 0.088 s, source twoStageRealTimeIteration
brakingLead: 368/400 holds, last 0.094 s, source twoStageRealTimeIteration
brakingLead: 372/400 holds, last 0.092 s, source twoStageRealTimeIteration
brakingLead: 376/400 holds, last 0.082 s, source twoStageRealTimeIteration
brakingLead: 380/400 holds, last 0.083 s, source twoStageRealTimeIteration
brakingLead: 384/400 holds, last 0.078 s, source twoStageRealTimeIteration
brakingLead: 388/400 holds, last 0.083 s, source twoStageRealTimeIteration
brakingLead: 392/400 holds, last 0.110 s, source twoStageRealTimeIteration
brakingLead: 396/400 holds, last 0.093 s, source twoStageRealTimeIteration
brakingLead: 400/400 holds, last 0.125 s, source twoStageRealTimeIteration
Recovery at 20.00 s: e = [2.24173  -1.26478  -8.73299   3.18764 -0.773994], W = 4339.75
brakingLead: 400/400 frames, max 0.495 s, failure
CASE-END speed=15 scenario=brakingLead frames=400 wall=41.773 recovered=0 max=0.495035 failedCall=NaN gap=0.655146229 failure=
CASE-START speed=15 scenario=crossing
crossing: 4/400 holds, last 0.104 s, source twoStageRealTimeIteration
crossing: 8/400 holds, last 0.087 s, source twoStageRealTimeIteration
crossing: 12/400 holds, last 0.083 s, source twoStageRealTimeIteration
crossing: 16/400 holds, last 0.089 s, source twoStageRealTimeIteration
crossing: 20/400 holds, last 0.104 s, source twoStageRealTimeIteration
crossing: 24/400 holds, last 0.128 s, source twoStageRealTimeIteration
crossing: 28/400 holds, last 0.103 s, source twoStageRealTimeIteration
crossing: 32/400 holds, last 0.101 s, source twoStageRealTimeIteration
crossing: 36/400 holds, last 0.091 s, source twoStageRealTimeIteration
crossing: 40/400 holds, last 0.091 s, source twoStageRealTimeIteration
crossing: 44/400 holds, last 0.109 s, source twoStageRealTimeIteration
crossing: 48/400 holds, last 0.091 s, source twoStageRealTimeIteration
crossing: 52/400 holds, last 0.176 s, source twoStageRealTimeIteration
crossing: 56/400 holds, last 0.086 s, source twoStageRealTimeIteration
crossing: 60/400 holds, last 0.085 s, source twoStageRealTimeIteration
crossing: 64/400 holds, last 0.091 s, source twoStageRealTimeIteration
crossing: 68/400 holds, last 0.094 s, source twoStageRealTimeIteration
crossing: 72/400 holds, last 0.088 s, source twoStageRealTimeIteration
crossing: 76/400 holds, last 0.089 s, source twoStageRealTimeIteration
crossing: 80/400 holds, last 0.118 s, source twoStageRealTimeIteration
crossing: 84/400 holds, last 0.114 s, source twoStageRealTimeIteration
crossing: 88/400 holds, last 0.098 s, source twoStageRealTimeIteration
crossing: 92/400 holds, last 0.163 s, source twoStageRealTimeIteration
crossing: 96/400 holds, last 0.112 s, source twoStageRealTimeIteration
crossing: 100/400 holds, last 0.098 s, source twoStageRealTimeIteration
Recovery at 5.00 s: e = [-25.442  -1.59026  -4.51868 0.0938282  0.125549], W = 61009.3
crossing: 104/400 holds, last 0.140 s, source twoStageRealTimeIteration
crossing: 108/400 holds, last 0.187 s, source twoStageRealTimeIteration
crossing: 112/400 holds, last 0.096 s, source twoStageRealTimeIteration
crossing: 116/400 holds, last 0.092 s, source twoStageRealTimeIteration
crossing: 120/400 holds, last 0.123 s, source twoStageRealTimeIteration
crossing: 124/400 holds, last 0.189 s, source twoStageRealTimeIteration
crossing: 128/400 holds, last 0.127 s, source twoStageRealTimeIteration
crossing: 132/400 holds, last 0.117 s, source twoStageRealTimeIteration
crossing: 136/400 holds, last 0.096 s, source twoStageRealTimeIteration
crossing: 140/400 holds, last 0.104 s, source twoStageRealTimeIteration
crossing: 144/400 holds, last 0.101 s, source twoStageRealTimeIteration
crossing: 148/400 holds, last 0.122 s, source twoStageRealTimeIteration
crossing: 152/400 holds, last 0.098 s, source twoStageRealTimeIteration
crossing: 156/400 holds, last 0.207 s, source twoStageRealTimeIteration
crossing: 160/400 holds, last 0.095 s, source twoStageRealTimeIteration
crossing: 164/400 holds, last 0.095 s, source twoStageRealTimeIteration
crossing: 168/400 holds, last 0.111 s, source twoStageRealTimeIteration
crossing: 172/400 holds, last 0.094 s, source twoStageRealTimeIteration
crossing: 176/400 holds, last 0.095 s, source twoStageRealTimeIteration
crossing: 180/400 holds, last 0.095 s, source twoStageRealTimeIteration
crossing: 184/400 holds, last 0.112 s, source twoStageRealTimeIteration
crossing: 188/400 holds, last 0.096 s, source twoStageRealTimeIteration
crossing: 192/400 holds, last 0.110 s, source twoStageRealTimeIteration
crossing: 196/400 holds, last 0.100 s, source twoStageRealTimeIteration
crossing: 200/400 holds, last 0.093 s, source twoStageRealTimeIteration
Recovery at 10.00 s: e = [-69.3682  -1.62125  -7.38686 0.0353468 0.0446989], W = 332194
crossing: 204/400 holds, last 0.118 s, source twoStageRealTimeIteration
crossing: 208/400 holds, last 0.098 s, source twoStageRealTimeIteration
crossing: 212/400 holds, last 0.112 s, source twoStageRealTimeIteration
crossing: 216/400 holds, last 0.109 s, source twoStageRealTimeIteration
crossing: 220/400 holds, last 0.092 s, source twoStageRealTimeIteration
crossing: 224/400 holds, last 0.096 s, source twoStageRealTimeIteration
crossing: 228/400 holds, last 0.089 s, source twoStageRealTimeIteration
crossing: 232/400 holds, last 0.090 s, source twoStageRealTimeIteration
crossing: 236/400 holds, last 0.090 s, source twoStageRealTimeIteration
crossing: 240/400 holds, last 0.091 s, source twoStageRealTimeIteration
crossing: 244/400 holds, last 0.089 s, source twoStageRealTimeIteration
crossing: 248/400 holds, last 0.089 s, source twoStageRealTimeIteration
crossing: 252/400 holds, last 0.107 s, source twoStageRealTimeIteration
crossing: 256/400 holds, last 0.090 s, source twoStageRealTimeIteration
crossing: 260/400 holds, last 0.100 s, source twoStageRealTimeIteration
crossing: 264/400 holds, last 0.109 s, source twoStageRealTimeIteration
crossing: 268/400 holds, last 0.120 s, source twoStageRealTimeIteration
crossing: 272/400 holds, last 0.100 s, source twoStageRealTimeIteration
crossing: 276/400 holds, last 0.096 s, source twoStageRealTimeIteration
crossing: 280/400 holds, last 0.099 s, source twoStageRealTimeIteration
crossing: 284/400 holds, last 0.093 s, source twoStageRealTimeIteration
crossing: 288/400 holds, last 0.188 s, source twoStageRealTimeIteration
crossing: 292/400 holds, last 0.125 s, source twoStageRealTimeIteration
crossing: 296/400 holds, last 0.121 s, source twoStageRealTimeIteration
crossing: 300/400 holds, last 0.118 s, source twoStageRealTimeIteration
Recovery at 15.00 s: e = [-109.179  -1.60398  -6.56309  -0.65871 -0.857642], W = 767722
crossing: 304/400 holds, last 0.094 s, source twoStageRealTimeIteration
crossing: 308/400 holds, last 0.127 s, source twoStageRealTimeIteration
crossing: 312/400 holds, last 0.085 s, source twoStageRealTimeIteration
crossing: 316/400 holds, last 0.112 s, source twoStageRealTimeIteration
crossing: 320/400 holds, last 0.095 s, source twoStageRealTimeIteration
crossing: 324/400 holds, last 0.092 s, source twoStageRealTimeIteration
crossing: 328/400 holds, last 0.088 s, source twoStageRealTimeIteration
crossing: 332/400 holds, last 0.089 s, source twoStageRealTimeIteration
crossing: 336/400 holds, last 0.113 s, source twoStageRealTimeIteration
crossing: 340/400 holds, last 0.215 s, source twoStageRealTimeIteration
crossing: 344/400 holds, last 0.122 s, source twoStageRealTimeIteration
crossing: 348/400 holds, last 0.100 s, source twoStageRealTimeIteration
crossing: 352/400 holds, last 0.088 s, source twoStageRealTimeIteration
crossing: 356/400 holds, last 0.095 s, source twoStageRealTimeIteration
crossing: 360/400 holds, last 0.095 s, source twoStageRealTimeIteration
crossing: 364/400 holds, last 0.093 s, source twoStageRealTimeIteration
crossing: 368/400 holds, last 0.108 s, source twoStageRealTimeIteration
crossing: 372/400 holds, last 0.188 s, source twoStageRealTimeIteration
crossing: 376/400 holds, last 0.126 s, source twoStageRealTimeIteration
crossing: 380/400 holds, last 0.117 s, source twoStageRealTimeIteration
crossing: 384/400 holds, last 0.089 s, source twoStageRealTimeIteration
crossing: 388/400 holds, last 0.200 s, source twoStageRealTimeIteration
crossing: 392/400 holds, last 0.087 s, source twoStageRealTimeIteration
crossing: 396/400 holds, last 0.118 s, source twoStageRealTimeIteration
crossing: 400/400 holds, last 0.121 s, source twoStageRealTimeIteration
Recovery at 20.00 s: e = [-147.936  -1.60139  -7.12571 -0.195049  -0.16756], W = 1.36525e+06
crossing: 400/400 frames, max 0.278 s, failure
CASE-END speed=15 scenario=crossing frames=400 wall=46.359 recovered=0 max=0.277553 failedCall=NaN gap=0.381137929 failure=
CASE-START speed=15 scenario=turningCrossing
turningCrossing: 4/400 holds, last 0.094 s, source twoStageRealTimeIteration
turningCrossing: 8/400 holds, last 0.097 s, source twoStageRealTimeIteration
turningCrossing: 12/400 holds, last 0.093 s, source twoStageRealTimeIteration
turningCrossing: 16/400 holds, last 0.097 s, source twoStageRealTimeIteration
turningCrossing: 20/400 holds, last 0.093 s, source twoStageRealTimeIteration
turningCrossing: 24/400 holds, last 0.100 s, source twoStageRealTimeIteration
turningCrossing: 28/400 holds, last 0.106 s, source twoStageRealTimeIteration
turningCrossing: 32/400 holds, last 0.096 s, source twoStageRealTimeIteration
turningCrossing: 36/400 holds, last 0.090 s, source twoStageRealTimeIteration
turningCrossing: 40/400 holds, last 0.095 s, source twoStageRealTimeIteration
turningCrossing: 44/400 holds, last 0.096 s, source twoStageRealTimeIteration
turningCrossing: 48/400 holds, last 0.107 s, source twoStageRealTimeIteration
turningCrossing: 52/400 holds, last 0.148 s, source twoStageRealTimeIteration
turningCrossing: 56/400 holds, last 0.094 s, source twoStageRealTimeIteration
turningCrossing: 60/400 holds, last 0.092 s, source twoStageRealTimeIteration
turningCrossing: 64/400 holds, last 0.101 s, source twoStageRealTimeIteration
turningCrossing: 68/400 holds, last 0.094 s, source twoStageRealTimeIteration
turningCrossing: 72/400 holds, last 0.092 s, source twoStageRealTimeIteration
turningCrossing: 76/400 holds, last 0.103 s, source twoStageRealTimeIteration
turningCrossing: 80/400 holds, last 0.143 s, source twoStageRealTimeIteration
turningCrossing: 84/400 holds, last 0.104 s, source twoStageRealTimeIteration
turningCrossing: 88/400 holds, last 0.102 s, source twoStageRealTimeIteration
turningCrossing: 92/400 holds, last 0.120 s, source twoStageRealTimeIteration
turningCrossing: 96/400 holds, last 0.094 s, source twoStageRealTimeIteration
turningCrossing: 100/400 holds, last 0.116 s, source twoStageRealTimeIteration
Recovery at 5.00 s: e = [-26.702 -0.290682  0.963998 -0.399668  0.526895], W = 44524.6
turningCrossing: 104/400 holds, last 0.114 s, source twoStageRealTimeIteration
turningCrossing: 108/400 holds, last 0.118 s, source twoStageRealTimeIteration
turningCrossing: 112/400 holds, last 0.113 s, source twoStageRealTimeIteration
turningCrossing: 116/400 holds, last 0.116 s, source twoStageRealTimeIteration
turningCrossing: 120/400 holds, last 0.109 s, source twoStageRealTimeIteration
turningCrossing: 124/400 holds, last 0.087 s, source twoStageRealTimeIteration
turningCrossing: 128/400 holds, last 0.079 s, source twoStageRealTimeIteration
turningCrossing: 132/400 holds, last 0.079 s, source twoStageRealTimeIteration
turningCrossing: 136/400 holds, last 0.079 s, source twoStageRealTimeIteration
turningCrossing: 140/400 holds, last 0.078 s, source twoStageRealTimeIteration
turningCrossing: 144/400 holds, last 0.079 s, source twoStageRealTimeIteration
turningCrossing: 148/400 holds, last 0.079 s, source twoStageRealTimeIteration
turningCrossing: 152/400 holds, last 0.083 s, source twoStageRealTimeIteration
turningCrossing: 156/400 holds, last 0.085 s, source twoStageRealTimeIteration
turningCrossing: 160/400 holds, last 0.083 s, source twoStageRealTimeIteration
turningCrossing: 164/400 holds, last 0.090 s, source twoStageRealTimeIteration
turningCrossing: 168/400 holds, last 0.084 s, source twoStageRealTimeIteration
turningCrossing: 172/400 holds, last 0.092 s, source twoStageRealTimeIteration
turningCrossing: 176/400 holds, last 0.086 s, source twoStageRealTimeIteration
turningCrossing: 180/400 holds, last 0.093 s, source twoStageRealTimeIteration
turningCrossing: 184/400 holds, last 0.116 s, source twoStageRealTimeIteration
turningCrossing: 188/400 holds, last 0.121 s, source twoStageRealTimeIteration
turningCrossing: 192/400 holds, last 0.122 s, source twoStageRealTimeIteration
turningCrossing: 196/400 holds, last 0.103 s, source twoStageRealTimeIteration
turningCrossing: 200/400 holds, last 0.122 s, source twoStageRealTimeIteration
Recovery at 10.00 s: e = [10.4537   2.1368    1.527 -1.01005 0.488933], W = 26444.4
turningCrossing: 204/400 holds, last 0.139 s, source twoStageRealTimeIteration
turningCrossing: 208/400 holds, last 0.133 s, source twoStageRealTimeIteration
turningCrossing: 212/400 holds, last 0.088 s, source twoStageRealTimeIteration
turningCrossing: 216/400 holds, last 0.086 s, source twoStageRealTimeIteration
turningCrossing: 220/400 holds, last 0.086 s, source twoStageRealTimeIteration
turningCrossing: 224/400 holds, last 0.085 s, source twoStageRealTimeIteration
turningCrossing: 228/400 holds, last 0.082 s, source twoStageRealTimeIteration
turningCrossing: 232/400 holds, last 0.088 s, source twoStageRealTimeIteration
turningCrossing: 236/400 holds, last 0.086 s, source twoStageRealTimeIteration
turningCrossing: 240/400 holds, last 0.077 s, source twoStageRealTimeIteration
turningCrossing: 244/400 holds, last 0.076 s, source twoStageRealTimeIteration
turningCrossing: 248/400 holds, last 0.095 s, source twoStageRealTimeIteration
turningCrossing: 252/400 holds, last 0.082 s, source twoStageRealTimeIteration
turningCrossing: 256/400 holds, last 0.064 s, source twoStageRealTimeIteration
turningCrossing: 260/400 holds, last 0.172 s, source twoStageRealTimeIteration
turningCrossing: 264/400 holds, last 0.101 s, source twoStageRealTimeIteration
turningCrossing: 268/400 holds, last 0.068 s, source twoStageRealTimeIteration
turningCrossing: 272/400 holds, last 0.080 s, source twoStageRealTimeIteration
turningCrossing: 276/400 holds, last 0.079 s, source twoStageRealTimeIteration
turningCrossing: 280/400 holds, last 0.084 s, source twoStageRealTimeIteration
turningCrossing: 284/400 holds, last 0.134 s, source twoStageRealTimeIteration
turningCrossing: 288/400 holds, last 0.055 s, source twoStageRealTimeIteration
turningCrossing: 292/400 holds, last 0.056 s, source twoStageRealTimeIteration
turningCrossing: 296/400 holds, last 0.053 s, source twoStageRealTimeIteration
turningCrossing: 300/400 holds, last 0.052 s, source twoStageRealTimeIteration
Recovery at 15.00 s: e = [34.7268   2.60421  -1.53509 0.0384042  0.531821], W = 124497
turningCrossing: 304/400 holds, last 0.055 s, source twoStageRealTimeIteration
turningCrossing: 308/400 holds, last 0.074 s, source twoStageRealTimeIteration
turningCrossing: 312/400 holds, last 0.056 s, source twoStageRealTimeIteration
turningCrossing: 316/400 holds, last 0.055 s, source twoStageRealTimeIteration
turningCrossing: 320/400 holds, last 0.055 s, source twoStageRealTimeIteration
turningCrossing: 324/400 holds, last 0.055 s, source twoStageRealTimeIteration
turningCrossing: 328/400 holds, last 0.057 s, source twoStageRealTimeIteration
turningCrossing: 332/400 holds, last 0.062 s, source twoStageRealTimeIteration
turningCrossing: 336/400 holds, last 0.066 s, source twoStageRealTimeIteration
turningCrossing: 340/400 holds, last 0.055 s, source twoStageRealTimeIteration
turningCrossing: 344/400 holds, last 0.056 s, source twoStageRealTimeIteration
turningCrossing: 348/400 holds, last 0.056 s, source twoStageRealTimeIteration
turningCrossing: 352/400 holds, last 0.057 s, source twoStageRealTimeIteration
turningCrossing: 356/400 holds, last 0.063 s, source twoStageRealTimeIteration
turningCrossing: 360/400 holds, last 0.056 s, source twoStageRealTimeIteration
turningCrossing: 364/400 holds, last 0.067 s, source twoStageRealTimeIteration
turningCrossing: 368/400 holds, last 0.060 s, source twoStageRealTimeIteration
turningCrossing: 372/400 holds, last 0.057 s, source twoStageRealTimeIteration
turningCrossing: 376/400 holds, last 0.062 s, source twoStageRealTimeIteration
turningCrossing: 380/400 holds, last 0.059 s, source twoStageRealTimeIteration
turningCrossing: 384/400 holds, last 0.062 s, source twoStageRealTimeIteration
turningCrossing: 388/400 holds, last 0.057 s, source twoStageRealTimeIteration
turningCrossing: 392/400 holds, last 0.102 s, source twoStageRealTimeIteration
turningCrossing: 396/400 holds, last 0.069 s, source twoStageRealTimeIteration
turningCrossing: 400/400 holds, last 0.055 s, source twoStageRealTimeIteration
Recovery at 20.00 s: e = [71.2081    2.41179   -2.59852 -0.0205995 -0.0505241], W = 379352
turningCrossing: 400/400 frames, max 0.219 s, failure
CASE-END speed=15 scenario=turningCrossing frames=400 wall=37.886 recovered=0 max=0.219237 failedCall=NaN gap=0.081015697 failure=
CASE-START speed=15 scenario=curvedHeadOn
curvedHeadOn: 4/400 holds, last 0.087 s, source twoStageRealTimeIteration
curvedHeadOn: 8/400 holds, last 0.085 s, source twoStageRealTimeIteration
curvedHeadOn: 12/400 holds, last 0.081 s, source twoStageRealTimeIteration
curvedHeadOn: 16/400 holds, last 0.086 s, source twoStageRealTimeIteration
curvedHeadOn: 20/400 holds, last 0.096 s, source twoStageRealTimeIteration
curvedHeadOn: 24/400 holds, last 0.097 s, source twoStageRealTimeIteration
curvedHeadOn: 28/400 holds, last 0.086 s, source twoStageRealTimeIteration
curvedHeadOn: 32/400 holds, last 0.126 s, source twoStageRealTimeIteration
curvedHeadOn: 36/400 holds, last 0.088 s, source twoStageRealTimeIteration
curvedHeadOn: 40/400 holds, last 0.075 s, source twoStageRealTimeIteration
curvedHeadOn: 44/400 holds, last 0.081 s, source twoStageRealTimeIteration
curvedHeadOn: 48/400 holds, last 0.074 s, source twoStageRealTimeIteration
curvedHeadOn: 52/400 holds, last 0.072 s, source twoStageRealTimeIteration
curvedHeadOn: 56/400 holds, last 0.073 s, source twoStageRealTimeIteration
curvedHeadOn: 60/400 holds, last 0.065 s, source twoStageRealTimeIteration
curvedHeadOn: 64/400 holds, last 0.066 s, source twoStageRealTimeIteration
curvedHeadOn: 68/400 holds, last 0.058 s, source twoStageRealTimeIteration
curvedHeadOn: 72/400 holds, last 0.060 s, source twoStageRealTimeIteration
curvedHeadOn: 76/400 holds, last 0.062 s, source twoStageRealTimeIteration
curvedHeadOn: 80/400 holds, last 0.049 s, source twoStageRealTimeIteration
curvedHeadOn: 84/400 holds, last 0.048 s, source twoStageRealTimeIteration
curvedHeadOn: 88/400 holds, last 0.048 s, source twoStageRealTimeIteration
curvedHeadOn: 92/400 holds, last 0.051 s, source twoStageRealTimeIteration
curvedHeadOn: 96/400 holds, last 0.049 s, source twoStageRealTimeIteration
curvedHeadOn: 100/400 holds, last 0.050 s, source twoStageRealTimeIteration
Recovery at 5.00 s: e = [3.60323 -0.0559017  -0.803305 0.00995613 -0.0867056], W = 683.971
curvedHeadOn: 104/400 holds, last 0.050 s, source twoStageRealTimeIteration
curvedHeadOn: 108/400 holds, last 0.049 s, source twoStageRealTimeIteration
curvedHeadOn: 112/400 holds, last 0.050 s, source twoStageRealTimeIteration
curvedHeadOn: 116/400 holds, last 0.049 s, source twoStageRealTimeIteration
curvedHeadOn: 120/400 holds, last 0.049 s, source twoStageRealTimeIteration
curvedHeadOn: 124/400 holds, last 0.049 s, source twoStageRealTimeIteration
curvedHeadOn: 128/400 holds, last 0.048 s, source twoStageRealTimeIteration
curvedHeadOn: 132/400 holds, last 0.049 s, source twoStageRealTimeIteration
curvedHeadOn: 136/400 holds, last 0.054 s, source twoStageRealTimeIteration
curvedHeadOn: 140/400 holds, last 0.071 s, source twoStageRealTimeIteration
curvedHeadOn: 144/400 holds, last 0.060 s, source twoStageRealTimeIteration
curvedHeadOn: 148/400 holds, last 0.054 s, source twoStageRealTimeIteration
curvedHeadOn: 152/400 holds, last 0.068 s, source twoStageRealTimeIteration
curvedHeadOn: 156/400 holds, last 0.072 s, source twoStageRealTimeIteration
curvedHeadOn: 160/400 holds, last 0.117 s, source twoStageRealTimeIteration
curvedHeadOn: 164/400 holds, last 0.101 s, source twoStageRealTimeIteration
curvedHeadOn: 168/400 holds, last 0.122 s, source twoStageRealTimeIteration
curvedHeadOn: 172/400 holds, last 0.108 s, source twoStageRealTimeIteration
curvedHeadOn: 176/400 holds, last 0.074 s, source twoStageRealTimeIteration
curvedHeadOn: 180/400 holds, last 0.098 s, source twoStageRealTimeIteration
curvedHeadOn: 184/400 holds, last 0.071 s, source twoStageRealTimeIteration
curvedHeadOn: 188/400 holds, last 0.124 s, source twoStageRealTimeIteration
curvedHeadOn: 192/400 holds, last 0.108 s, source twoStageRealTimeIteration
curvedHeadOn: 196/400 holds, last 0.133 s, source twoStageRealTimeIteration
curvedHeadOn: 200/400 holds, last 0.071 s, source twoStageRealTimeIteration
Recovery at 10.00 s: e = [-4.98924   -0.126218    -1.91665   0.0322948 -0.00563298], W = 1850.54
curvedHeadOn: 204/400 holds, last 0.096 s, source twoStageRealTimeIteration
curvedHeadOn: 208/400 holds, last 0.055 s, source twoStageRealTimeIteration
curvedHeadOn: 212/400 holds, last 0.133 s, source twoStageRealTimeIteration
curvedHeadOn: 216/400 holds, last 0.063 s, source twoStageRealTimeIteration
curvedHeadOn: 220/400 holds, last 0.055 s, source twoStageRealTimeIteration
curvedHeadOn: 224/400 holds, last 0.053 s, source twoStageRealTimeIteration
curvedHeadOn: 228/400 holds, last 0.052 s, source twoStageRealTimeIteration
curvedHeadOn: 232/400 holds, last 0.052 s, source twoStageRealTimeIteration
curvedHeadOn: 236/400 holds, last 0.053 s, source twoStageRealTimeIteration
curvedHeadOn: 240/400 holds, last 0.052 s, source twoStageRealTimeIteration
curvedHeadOn: 244/400 holds, last 0.051 s, source twoStageRealTimeIteration
curvedHeadOn: 248/400 holds, last 0.051 s, source twoStageRealTimeIteration
curvedHeadOn: 252/400 holds, last 0.052 s, source twoStageRealTimeIteration
curvedHeadOn: 256/400 holds, last 0.052 s, source twoStageRealTimeIteration
curvedHeadOn: 260/400 holds, last 0.053 s, source twoStageRealTimeIteration
curvedHeadOn: 264/400 holds, last 0.053 s, source twoStageRealTimeIteration
curvedHeadOn: 268/400 holds, last 0.070 s, source twoStageRealTimeIteration
curvedHeadOn: 272/400 holds, last 0.120 s, source twoStageRealTimeIteration
curvedHeadOn: 276/400 holds, last 0.052 s, source twoStageRealTimeIteration
curvedHeadOn: 280/400 holds, last 0.052 s, source twoStageRealTimeIteration
curvedHeadOn: 284/400 holds, last 0.071 s, source twoStageRealTimeIteration
curvedHeadOn: 288/400 holds, last 0.052 s, source twoStageRealTimeIteration
curvedHeadOn: 292/400 holds, last 0.068 s, source twoStageRealTimeIteration
curvedHeadOn: 296/400 holds, last 0.068 s, source twoStageRealTimeIteration
curvedHeadOn: 300/400 holds, last 0.052 s, source twoStageRealTimeIteration
Recovery at 15.00 s: e = [-13.3033  -0.111477  -0.982608  0.0178045 0.00323759], W = 11023.2
curvedHeadOn: 304/400 holds, last 0.052 s, source twoStageRealTimeIteration
curvedHeadOn: 308/400 holds, last 0.052 s, source twoStageRealTimeIteration
curvedHeadOn: 312/400 holds, last 0.054 s, source twoStageRealTimeIteration
curvedHeadOn: 316/400 holds, last 0.054 s, source twoStageRealTimeIteration
curvedHeadOn: 320/400 holds, last 0.112 s, source twoStageRealTimeIteration
curvedHeadOn: 324/400 holds, last 0.069 s, source twoStageRealTimeIteration
curvedHeadOn: 328/400 holds, last 0.069 s, source twoStageRealTimeIteration
curvedHeadOn: 332/400 holds, last 0.109 s, source twoStageRealTimeIteration
curvedHeadOn: 336/400 holds, last 0.055 s, source twoStageRealTimeIteration
curvedHeadOn: 340/400 holds, last 0.055 s, source twoStageRealTimeIteration
curvedHeadOn: 344/400 holds, last 0.121 s, source twoStageRealTimeIteration
curvedHeadOn: 348/400 holds, last 0.056 s, source twoStageRealTimeIteration
curvedHeadOn: 352/400 holds, last 0.056 s, source twoStageRealTimeIteration
curvedHeadOn: 356/400 holds, last 0.070 s, source twoStageRealTimeIteration
curvedHeadOn: 360/400 holds, last 0.071 s, source twoStageRealTimeIteration
curvedHeadOn: 364/400 holds, last 0.058 s, source twoStageRealTimeIteration
curvedHeadOn: 368/400 holds, last 0.121 s, source twoStageRealTimeIteration
curvedHeadOn: 372/400 holds, last 0.084 s, source twoStageRealTimeIteration
curvedHeadOn: 376/400 holds, last 0.108 s, source twoStageRealTimeIteration
curvedHeadOn: 380/400 holds, last 0.056 s, source twoStageRealTimeIteration
curvedHeadOn: 384/400 holds, last 0.073 s, source twoStageRealTimeIteration
curvedHeadOn: 388/400 holds, last 0.107 s, source twoStageRealTimeIteration
curvedHeadOn: 392/400 holds, last 0.072 s, source twoStageRealTimeIteration
curvedHeadOn: 396/400 holds, last 0.059 s, source twoStageRealTimeIteration
curvedHeadOn: 400/400 holds, last 0.115 s, source twoStageRealTimeIteration
Recovery at 20.00 s: e = [-19.1943  -0.0820916    -1.19113   0.0214878 -0.00847558], W = 22192
curvedHeadOn: 400/400 frames, max 0.176 s, failure
CASE-END speed=15 scenario=curvedHeadOn frames=400 wall=30.728 recovered=0 max=0.175606 failedCall=NaN gap=0.779542582 failure=
CASE-START speed=15 scenario=curvedCrossing
curvedCrossing: 4/400 holds, last 0.101 s, source twoStageRealTimeIteration
curvedCrossing: 8/400 holds, last 0.096 s, source twoStageRealTimeIteration
curvedCrossing: 12/400 holds, last 0.103 s, source twoStageRealTimeIteration
curvedCrossing: 16/400 holds, last 0.094 s, source twoStageRealTimeIteration
curvedCrossing: 20/400 holds, last 0.094 s, source twoStageRealTimeIteration
curvedCrossing: 24/400 holds, last 0.191 s, source twoStageRealTimeIteration
curvedCrossing: 28/400 holds, last 0.463 s, source twoStageRealTimeIteration
curvedCrossing: 32/400 holds, last 0.126 s, source twoStageRealTimeIteration
curvedCrossing: 36/400 holds, last 0.097 s, source twoStageRealTimeIteration
curvedCrossing: 40/400 holds, last 0.090 s, source twoStageRealTimeIteration
curvedCrossing: 44/400 holds, last 0.099 s, source twoStageRealTimeIteration
curvedCrossing: 48/400 holds, last 0.084 s, source twoStageRealTimeIteration
curvedCrossing: 52/400 holds, last 0.084 s, source twoStageRealTimeIteration
curvedCrossing: 56/400 holds, last 0.121 s, source twoStageRealTimeIteration
curvedCrossing: 60/400 holds, last 0.098 s, source twoStageRealTimeIteration
curvedCrossing: 64/400 holds, last 0.093 s, source twoStageRealTimeIteration
curvedCrossing: 68/400 holds, last 0.105 s, source twoStageRealTimeIteration
curvedCrossing: 72/400 holds, last 0.088 s, source twoStageRealTimeIteration
curvedCrossing: 76/400 holds, last 0.190 s, source twoStageRealTimeIteration
curvedCrossing: 80/400 holds, last 0.093 s, source twoStageRealTimeIteration
curvedCrossing: 84/400 holds, last 0.122 s, source twoStageRealTimeIteration
curvedCrossing: 88/400 holds, last 0.094 s, source twoStageRealTimeIteration
curvedCrossing: 92/400 holds, last 0.090 s, source twoStageRealTimeIteration
curvedCrossing: 96/400 holds, last 0.096 s, source twoStageRealTimeIteration
curvedCrossing: 100/400 holds, last 0.097 s, source twoStageRealTimeIteration
Recovery at 5.00 s: e = [-29.5433 -0.696879  -1.30688 -0.124894  0.382187], W = 61297.4
curvedCrossing: 104/400 holds, last 0.197 s, source twoStageRealTimeIteration
curvedCrossing: 108/400 holds, last 0.089 s, source twoStageRealTimeIteration
curvedCrossing: 112/400 holds, last 0.093 s, source twoStageRealTimeIteration
curvedCrossing: 116/400 holds, last 0.091 s, source twoStageRealTimeIteration
curvedCrossing: 120/400 holds, last 0.110 s, source twoStageRealTimeIteration
curvedCrossing: 124/400 holds, last 0.098 s, source twoStageRealTimeIteration
curvedCrossing: 128/400 holds, last 0.099 s, source twoStageRealTimeIteration
curvedCrossing: 132/400 holds, last 0.099 s, source twoStageRealTimeIteration
curvedCrossing: 136/400 holds, last 0.098 s, source twoStageRealTimeIteration
curvedCrossing: 140/400 holds, last 0.099 s, source twoStageRealTimeIteration
curvedCrossing: 144/400 holds, last 0.092 s, source twoStageRealTimeIteration
curvedCrossing: 148/400 holds, last 0.108 s, source twoStageRealTimeIteration
curvedCrossing: 152/400 holds, last 0.122 s, source twoStageRealTimeIteration
curvedCrossing: 156/400 holds, last 0.118 s, source twoStageRealTimeIteration
curvedCrossing: 160/400 holds, last 0.122 s, source twoStageRealTimeIteration
curvedCrossing: 164/400 holds, last 0.082 s, source twoStageRealTimeIteration
curvedCrossing: 168/400 holds, last 0.098 s, source twoStageRealTimeIteration
curvedCrossing: 172/400 holds, last 0.086 s, source twoStageRealTimeIteration
curvedCrossing: 176/400 holds, last 0.082 s, source twoStageRealTimeIteration
curvedCrossing: 180/400 holds, last 0.082 s, source twoStageRealTimeIteration
curvedCrossing: 184/400 holds, last 0.082 s, source twoStageRealTimeIteration
curvedCrossing: 188/400 holds, last 0.083 s, source twoStageRealTimeIteration
curvedCrossing: 192/400 holds, last 0.081 s, source twoStageRealTimeIteration
curvedCrossing: 196/400 holds, last 0.082 s, source twoStageRealTimeIteration
curvedCrossing: 200/400 holds, last 0.082 s, source twoStageRealTimeIteration
Recovery at 10.00 s: e = [-33.1722  0.713614  -1.26129 -0.263826  0.418639], W = 54483.3
curvedCrossing: 204/400 holds, last 0.081 s, source twoStageRealTimeIteration
curvedCrossing: 208/400 holds, last 0.080 s, source twoStageRealTimeIteration
curvedCrossing: 212/400 holds, last 0.081 s, source twoStageRealTimeIteration
curvedCrossing: 216/400 holds, last 0.079 s, source twoStageRealTimeIteration
curvedCrossing: 220/400 holds, last 0.080 s, source twoStageRealTimeIteration
curvedCrossing: 224/400 holds, last 0.080 s, source twoStageRealTimeIteration
curvedCrossing: 228/400 holds, last 0.081 s, source twoStageRealTimeIteration
curvedCrossing: 232/400 holds, last 0.080 s, source twoStageRealTimeIteration
curvedCrossing: 236/400 holds, last 0.081 s, source twoStageRealTimeIteration
curvedCrossing: 240/400 holds, last 0.081 s, source twoStageRealTimeIteration
curvedCrossing: 244/400 holds, last 0.100 s, source twoStageRealTimeIteration
curvedCrossing: 248/400 holds, last 0.119 s, source twoStageRealTimeIteration
curvedCrossing: 252/400 holds, last 0.097 s, source twoStageRealTimeIteration
curvedCrossing: 256/400 holds, last 0.097 s, source twoStageRealTimeIteration
curvedCrossing: 260/400 holds, last 0.102 s, source twoStageRealTimeIteration
curvedCrossing: 264/400 holds, last 0.099 s, source twoStageRealTimeIteration
curvedCrossing: 268/400 holds, last 0.098 s, source twoStageRealTimeIteration
curvedCrossing: 272/400 holds, last 0.126 s, source twoStageRealTimeIteration
curvedCrossing: 276/400 holds, last 0.126 s, source twoStageRealTimeIteration
curvedCrossing: 280/400 holds, last 0.116 s, source twoStageRealTimeIteration
curvedCrossing: 284/400 holds, last 0.116 s, source twoStageRealTimeIteration
curvedCrossing: 288/400 holds, last 0.117 s, source twoStageRealTimeIteration
curvedCrossing: 292/400 holds, last 0.118 s, source twoStageRealTimeIteration
curvedCrossing: 296/400 holds, last 0.117 s, source twoStageRealTimeIteration
curvedCrossing: 300/400 holds, last 0.115 s, source twoStageRealTimeIteration
Recovery at 15.00 s: e = [33.7102   2.55279  0.566917 -0.611305  0.450652], W = 120557
curvedCrossing: 304/400 holds, last 0.120 s, source twoStageRealTimeIteration
curvedCrossing: 308/400 holds, last 0.105 s, source twoStageRealTimeIteration
curvedCrossing: 312/400 holds, last 0.113 s, source twoStageRealTimeIteration
curvedCrossing: 316/400 holds, last 0.113 s, source twoStageRealTimeIteration
curvedCrossing: 320/400 holds, last 0.118 s, source twoStageRealTimeIteration
curvedCrossing: 324/400 holds, last 0.117 s, source twoStageRealTimeIteration
curvedCrossing: 328/400 holds, last 0.110 s, source twoStageRealTimeIteration
curvedCrossing: 332/400 holds, last 0.183 s, source twoStageRealTimeIteration
curvedCrossing: 336/400 holds, last 0.079 s, source twoStageRealTimeIteration
curvedCrossing: 340/400 holds, last 0.079 s, source twoStageRealTimeIteration
curvedCrossing: 344/400 holds, last 0.081 s, source twoStageRealTimeIteration
curvedCrossing: 348/400 holds, last 0.080 s, source twoStageRealTimeIteration
curvedCrossing: 352/400 holds, last 0.082 s, source twoStageRealTimeIteration
curvedCrossing: 356/400 holds, last 0.081 s, source twoStageRealTimeIteration
curvedCrossing: 360/400 holds, last 0.085 s, source twoStageRealTimeIteration
curvedCrossing: 364/400 holds, last 0.082 s, source twoStageRealTimeIteration
curvedCrossing: 368/400 holds, last 0.082 s, source twoStageRealTimeIteration
curvedCrossing: 372/400 holds, last 0.083 s, source twoStageRealTimeIteration
curvedCrossing: 376/400 holds, last 0.083 s, source twoStageRealTimeIteration
curvedCrossing: 380/400 holds, last 0.082 s, source twoStageRealTimeIteration
curvedCrossing: 384/400 holds, last 0.107 s, source twoStageRealTimeIteration
curvedCrossing: 388/400 holds, last 0.088 s, source twoStageRealTimeIteration
curvedCrossing: 392/400 holds, last 0.101 s, source twoStageRealTimeIteration
curvedCrossing: 396/400 holds, last 0.092 s, source twoStageRealTimeIteration
curvedCrossing: 400/400 holds, last 0.089 s, source twoStageRealTimeIteration
Recovery at 20.00 s: e = [-8.80453 -1.11985  0.56058 -3.26906 0.470907], W = 12517.8
curvedCrossing: 400/400 frames, max 0.463 s, failure
CASE-END speed=15 scenario=curvedCrossing frames=400 wall=43.619 recovered=0 max=0.462600 failedCall=NaN gap=0.153252720 failure=
CAMPAIGN-COMPLETE
