EXTEND-START speed=8 scenario=headOn
headOn: 404/1600 holds, last 0.058 s, source twoStageRealTimeIteration
headOn: 408/1600 holds, last 0.055 s, source twoStageRealTimeIteration
headOn: 412/1600 holds, last 0.050 s, source twoStageRealTimeIteration
headOn: 416/1600 holds, last 0.053 s, source twoStageRealTimeIteration
headOn: 420/1600 holds, last 0.060 s, source twoStageRealTimeIteration
headOn: 424/1600 holds, last 0.142 s, source twoStageRealTimeIteration
headOn: 428/1600 holds, last 0.051 s, source twoStageRealTimeIteration
headOn: 432/1600 holds, last 0.179 s, source twoStageRealTimeIteration
headOn: 436/1600 holds, last 0.049 s, source twoStageRealTimeIteration
headOn: 440/1600 holds, last 0.047 s, source twoStageRealTimeIteration
headOn: 444/1600 holds, last 0.051 s, source twoStageRealTimeIteration
headOn: 448/1600 holds, last 0.047 s, source twoStageRealTimeIteration
headOn: 452/1600 holds, last 0.117 s, source twoStageRealTimeIteration
headOn: 456/1600 holds, last 0.047 s, source twoStageRealTimeIteration
headOn: 460/1600 holds, last 0.043 s, source twoStageRealTimeIteration
headOn: 464/1600 holds, last 0.051 s, source twoStageRealTimeIteration
headOn: 468/1600 holds, last 0.042 s, source twoStageRealTimeIteration
headOn: 472/1600 holds, last 0.046 s, source twoStageRealTimeIteration
headOn: 476/1600 holds, last 0.043 s, source twoStageRealTimeIteration
headOn: 480/1600 holds, last 0.045 s, source twoStageRealTimeIteration
headOn: 484/1600 holds, last 0.049 s, source twoStageRealTimeIteration
headOn: 488/1600 holds, last 0.049 s, source twoStageRealTimeIteration
headOn: 492/1600 holds, last 0.047 s, source twoStageRealTimeIteration
headOn: 496/1600 holds, last 0.048 s, source twoStageRealTimeIteration
headOn: 500/1600 holds, last 0.047 s, source twoStageRealTimeIteration
Recovery at 25.00 s: e = [14.6333 -0.196236 -0.264137  0.020918 0.0178589], W = 15488.9
headOn: 504/1600 holds, last 0.044 s, source twoStageRealTimeIteration
headOn: 508/1600 holds, last 0.043 s, source twoStageRealTimeIteration
headOn: 512/1600 holds, last 0.044 s, source twoStageRealTimeIteration
headOn: 516/1600 holds, last 0.045 s, source twoStageRealTimeIteration
headOn: 520/1600 holds, last 0.044 s, source twoStageRealTimeIteration
headOn: 524/1600 holds, last 0.045 s, source twoStageRealTimeIteration
headOn: 528/1600 holds, last 0.041 s, source twoStageRealTimeIteration
headOn: 532/1600 holds, last 0.042 s, source twoStageRealTimeIteration
headOn: 536/1600 holds, last 0.042 s, source twoStageRealTimeIteration
headOn: 540/1600 holds, last 0.042 s, source twoStageRealTimeIteration
headOn: 544/1600 holds, last 0.044 s, source twoStageRealTimeIteration
headOn: 548/1600 holds, last 0.043 s, source twoStageRealTimeIteration
headOn: 552/1600 holds, last 0.042 s, source twoStageRealTimeIteration
headOn: 556/1600 holds, last 0.042 s, source twoStageRealTimeIteration
headOn: 560/1600 holds, last 0.042 s, source twoStageRealTimeIteration
headOn: 564/1600 holds, last 0.042 s, source twoStageRealTimeIteration
headOn: 568/1600 holds, last 0.042 s, source twoStageRealTimeIteration
headOn: 572/1600 holds, last 0.042 s, source twoStageRealTimeIteration
headOn: 576/1600 holds, last 0.042 s, source twoStageRealTimeIteration
headOn: 580/1600 holds, last 0.043 s, source twoStageRealTimeIteration
headOn: 584/1600 holds, last 0.042 s, source twoStageRealTimeIteration
headOn: 588/1600 holds, last 0.043 s, source twoStageRealTimeIteration
headOn: 592/1600 holds, last 0.044 s, source twoStageRealTimeIteration
headOn: 596/1600 holds, last 0.043 s, source twoStageRealTimeIteration
headOn: 600/1600 holds, last 0.044 s, source twoStageRealTimeIteration
Recovery at 30.00 s: e = [8.30871  -0.159252  -0.410128 0.00211684 0.00173139], W = 4897.59
headOn: 604/1600 holds, last 0.043 s, source twoStageRealTimeIteration
headOn: 608/1600 holds, last 0.043 s, source twoStageRealTimeIteration
headOn: 612/1600 holds, last 0.044 s, source twoStageRealTimeIteration
headOn: 616/1600 holds, last 0.044 s, source twoStageRealTimeIteration
headOn: 620/1600 holds, last 0.043 s, source twoStageRealTimeIteration
headOn: 624/1600 holds, last 0.044 s, source twoStageRealTimeIteration
headOn: 628/1600 holds, last 0.044 s, source twoStageRealTimeIteration
headOn: 632/1600 holds, last 0.043 s, source twoStageRealTimeIteration
headOn: 636/1600 holds, last 0.044 s, source twoStageRealTimeIteration
headOn: 640/1600 holds, last 0.043 s, source twoStageRealTimeIteration
headOn: 644/1600 holds, last 0.044 s, source twoStageRealTimeIteration
headOn: 648/1600 holds, last 0.043 s, source twoStageRealTimeIteration
headOn: 652/1600 holds, last 0.043 s, source twoStageRealTimeIteration
headOn: 656/1600 holds, last 0.044 s, source twoStageRealTimeIteration
headOn: 660/1600 holds, last 0.042 s, source twoStageRealTimeIteration
headOn: 664/1600 holds, last 0.043 s, source twoStageRealTimeIteration
headOn: 668/1600 holds, last 0.043 s, source twoStageRealTimeIteration
headOn: 672/1600 holds, last 0.043 s, source twoStageRealTimeIteration
headOn: 676/1600 holds, last 0.046 s, source twoStageRealTimeIteration
headOn: 680/1600 holds, last 0.044 s, source twoStageRealTimeIteration
headOn: 684/1600 holds, last 0.044 s, source twoStageRealTimeIteration
headOn: 688/1600 holds, last 0.044 s, source twoStageRealTimeIteration
headOn: 692/1600 holds, last 0.042 s, source twoStageRealTimeIteration
headOn: 696/1600 holds, last 0.043 s, source twoStageRealTimeIteration
headOn: 700/1600 holds, last 0.043 s, source twoStageRealTimeIteration
Recovery at 35.00 s: e = [2.30085    -0.158787    -0.371678 -9.41537e-05 -7.15656e-05], W = 336.028
headOn: 704/1600 holds, last 0.042 s, source twoStageRealTimeIteration
headOn: 708/1600 holds, last 0.043 s, source twoStageRealTimeIteration
headOn: 712/1600 holds, last 0.043 s, source twoStageRealTimeIteration
headOn: 716/1600 holds, last 0.043 s, source twoStageRealTimeIteration
headOn: 720/1600 holds, last 0.045 s, source twoStageRealTimeIteration
headOn: 724/1600 holds, last 0.044 s, source twoStageRealTimeIteration
headOn: 728/1600 holds, last 0.043 s, source twoStageRealTimeIteration
headOn: 732/1600 holds, last 0.041 s, source twoStageRealTimeIteration
headOn: 736/1600 holds, last 0.044 s, source twoStageRealTimeIteration
headOn: 740/1600 holds, last 0.046 s, source twoStageRealTimeIteration
headOn: 744/1600 holds, last 0.046 s, source twoStageRealTimeIteration
headOn: 748/1600 holds, last 0.067 s, source twoStageRealTimeIteration
headOn: 752/1600 holds, last 0.064 s, source twoStageRealTimeIteration
headOn: 756/1600 holds, last 0.069 s, source twoStageRealTimeIteration
headOn: 760/1600 holds, last 0.171 s, source twoStageRealTimeIteration
headOn: 764/1600 holds, last 0.046 s, source twoStageRealTimeIteration
headOn: 768/1600 holds, last 0.046 s, source twoStageRealTimeIteration
headOn: 772/1600 holds, last 0.048 s, source twoStageRealTimeIteration
headOn: 776/1600 holds, last 0.048 s, source twoStageRealTimeIteration
headOn: 780/1600 holds, last 0.045 s, source twoStageRealTimeIteration
headOn: 784/1600 holds, last 0.044 s, source twoStageRealTimeIteration
headOn: 788/1600 holds, last 0.045 s, source twoStageRealTimeIteration
headOn: 792/1600 holds, last 0.044 s, source twoStageRealTimeIteration
headOn: 796/1600 holds, last 0.044 s, source twoStageRealTimeIteration
headOn: 800/1600 holds, last 0.049 s, source twoStageRealTimeIteration
Recovery at 40.00 s: e = [-0.341134  0.00876416   -0.092322 -0.00338026 -0.00293453], W = 8.29293
headOn: 804/1600 holds, last 0.043 s, source twoStageRealTimeIteration
headOn: 808/1600 holds, last 0.041 s, source twoStageRealTimeIteration
headOn: 812/1600 holds, last 0.042 s, source twoStageRealTimeIteration
headOn: 816/1600 holds, last 0.040 s, source twoStageRealTimeIteration
headOn: 820/1600 holds, last 0.041 s, source twoStageRealTimeIteration
headOn: 824/1600 holds, last 0.040 s, source twoStageRealTimeIteration
headOn: 828/1600 holds, last 0.040 s, source twoStageRealTimeIteration
headOn: 832/1600 holds, last 0.040 s, source twoStageRealTimeIteration
headOn: 836/1600 holds, last 0.040 s, source twoStageRealTimeIteration
headOn: 840/1600 holds, last 0.040 s, source twoStageRealTimeIteration
headOn: 844/1600 holds, last 0.041 s, source twoStageRealTimeIteration
headOn: 848/1600 holds, last 0.041 s, source twoStageRealTimeIteration
headOn: 852/1600 holds, last 0.041 s, source twoStageRealTimeIteration
headOn: 856/1600 holds, last 0.041 s, source twoStageRealTimeIteration
headOn: 860/1600 holds, last 0.041 s, source twoStageRealTimeIteration
headOn: 864/1600 holds, last 0.042 s, source twoStageRealTimeIteration
headOn: 868/1600 holds, last 0.042 s, source twoStageRealTimeIteration
headOn: 872/1600 holds, last 0.041 s, source twoStageRealTimeIteration
headOn: 876/1600 holds, last 0.041 s, source twoStageRealTimeIteration
headOn: 880/1600 holds, last 0.042 s, source twoStageRealTimeIteration
headOn: 884/1600 holds, last 0.041 s, source twoStageRealTimeIteration
headOn: 888/1600 holds, last 0.041 s, source twoStageRealTimeIteration
headOn: 892/1600 holds, last 0.040 s, source twoStageRealTimeIteration
headOn: 896/1600 holds, last 0.041 s, source twoStageRealTimeIteration
headOn: 900/1600 holds, last 0.041 s, source twoStageRealTimeIteration
Recovery at 45.00 s: e = [-0.0437148  0.00523556  -0.0661035   -0.005276 -0.00453643], W = 0.21053
headOn: 904/1600 holds, last 0.040 s, source twoStageRealTimeIteration
headOn: 908/1600 holds, last 0.041 s, source twoStageRealTimeIteration
headOn: 912/1600 holds, last 0.040 s, source twoStageRealTimeIteration
headOn: 916/1600 holds, last 0.041 s, source twoStageRealTimeIteration
headOn: 920/1600 holds, last 0.041 s, source twoStageRealTimeIteration
headOn: 924/1600 holds, last 0.041 s, source twoStageRealTimeIteration
headOn: 928/1600 holds, last 0.041 s, source twoStageRealTimeIteration
headOn: 932/1600 holds, last 0.041 s, source twoStageRealTimeIteration
headOn: 936/1600 holds, last 0.041 s, source twoStageRealTimeIteration
headOn: 940/1600 holds, last 0.041 s, source twoStageRealTimeIteration
headOn: 944/1600 holds, last 0.041 s, source twoStageRealTimeIteration
headOn: 948/1600 holds, last 0.041 s, source twoStageRealTimeIteration
headOn: 952/1600 holds, last 0.044 s, source twoStageRealTimeIteration
headOn: 956/1600 holds, last 0.044 s, source twoStageRealTimeIteration
headOn: 960/1600 holds, last 0.044 s, source twoStageRealTimeIteration
headOn: 964/1600 holds, last 0.045 s, source twoStageRealTimeIteration
headOn: 968/1600 holds, last 0.045 s, source twoStageRealTimeIteration
headOn: 972/1600 holds, last 0.044 s, source twoStageRealTimeIteration
headOn: 976/1600 holds, last 0.045 s, source twoStageRealTimeIteration
headOn: 980/1600 frames, max 0.755 s, failure
EXTEND-END speed=8 scenario=headOn frames=980 wall=34.881 recovered=1 max=0.755215 failedCall=NaN gap=0.583094659 failure=
EXTEND-START speed=8 scenario=crossing
crossing: 404/1600 holds, last 0.087 s, source twoStageRealTimeIteration
crossing: 408/1600 holds, last 0.098 s, source twoStageRealTimeIteration
crossing: 412/1600 holds, last 0.085 s, source twoStageRealTimeIteration
crossing: 416/1600 holds, last 0.086 s, source twoStageRealTimeIteration
crossing: 420/1600 holds, last 0.084 s, source twoStageRealTimeIteration
crossing: 424/1600 holds, last 0.084 s, source twoStageRealTimeIteration
crossing: 428/1600 holds, last 0.095 s, source twoStageRealTimeIteration
crossing: 432/1600 holds, last 0.100 s, source twoStageRealTimeIteration
crossing: 436/1600 holds, last 0.102 s, source twoStageRealTimeIteration
crossing: 440/1600 holds, last 0.085 s, source twoStageRealTimeIteration
crossing: 444/1600 holds, last 0.100 s, source twoStageRealTimeIteration
crossing: 448/1600 holds, last 0.085 s, source twoStageRealTimeIteration
crossing: 452/1600 holds, last 0.101 s, source twoStageRealTimeIteration
crossing: 456/1600 holds, last 0.087 s, source twoStageRealTimeIteration
crossing: 460/1600 holds, last 0.100 s, source twoStageRealTimeIteration
crossing: 464/1600 holds, last 0.101 s, source twoStageRealTimeIteration
crossing: 468/1600 holds, last 0.105 s, source twoStageRealTimeIteration
crossing: 472/1600 holds, last 0.107 s, source twoStageRealTimeIteration
crossing: 476/1600 holds, last 0.092 s, source twoStageRealTimeIteration
crossing: 480/1600 holds, last 0.084 s, source twoStageRealTimeIteration
crossing: 484/1600 holds, last 0.099 s, source twoStageRealTimeIteration
crossing: 488/1600 holds, last 0.099 s, source twoStageRealTimeIteration
crossing: 492/1600 holds, last 0.084 s, source twoStageRealTimeIteration
crossing: 496/1600 holds, last 0.098 s, source twoStageRealTimeIteration
crossing: 500/1600 holds, last 0.099 s, source twoStageRealTimeIteration
Recovery at 25.00 s: e = [-181.123    -1.57332   0.0172613   -0.010329 -0.00840095], W = 2.58259e+06
crossing: 504/1600 holds, last 0.088 s, source twoStageRealTimeIteration
crossing: 508/1600 holds, last 0.099 s, source twoStageRealTimeIteration
crossing: 512/1600 holds, last 0.085 s, source twoStageRealTimeIteration
crossing: 516/1600 holds, last 0.098 s, source twoStageRealTimeIteration
crossing: 520/1600 holds, last 0.098 s, source twoStageRealTimeIteration
crossing: 524/1600 holds, last 0.098 s, source twoStageRealTimeIteration
crossing: 528/1600 holds, last 0.099 s, source twoStageRealTimeIteration
crossing: 532/1600 holds, last 0.092 s, source twoStageRealTimeIteration
crossing: 536/1600 holds, last 0.099 s, source twoStageRealTimeIteration
crossing: 540/1600 holds, last 0.099 s, source twoStageRealTimeIteration
crossing: 544/1600 holds, last 0.099 s, source twoStageRealTimeIteration
crossing: 548/1600 holds, last 0.100 s, source twoStageRealTimeIteration
crossing: 552/1600 holds, last 0.098 s, source twoStageRealTimeIteration
crossing: 556/1600 holds, last 0.100 s, source twoStageRealTimeIteration
crossing: 560/1600 holds, last 0.158 s, source twoStageRealTimeIteration
crossing: 564/1600 holds, last 0.100 s, source twoStageRealTimeIteration
crossing: 568/1600 holds, last 0.099 s, source twoStageRealTimeIteration
crossing: 572/1600 holds, last 0.099 s, source twoStageRealTimeIteration
crossing: 576/1600 holds, last 0.098 s, source twoStageRealTimeIteration
crossing: 580/1600 holds, last 0.099 s, source twoStageRealTimeIteration
crossing: 584/1600 holds, last 0.097 s, source twoStageRealTimeIteration
crossing: 588/1600 holds, last 0.098 s, source twoStageRealTimeIteration
crossing: 592/1600 holds, last 0.099 s, source twoStageRealTimeIteration
crossing: 596/1600 holds, last 0.098 s, source twoStageRealTimeIteration
crossing: 600/1600 holds, last 0.098 s, source twoStageRealTimeIteration
Recovery at 30.00 s: e = [-221.155     -1.5708 0.000659967  -0.0012487 -0.00329533], W = 3.82536e+06
crossing: 604/1600 holds, last 0.098 s, source twoStageRealTimeIteration
crossing: 608/1600 holds, last 0.097 s, source twoStageRealTimeIteration
crossing: 612/1600 holds, last 0.176 s, source twoStageRealTimeIteration
crossing: 616/1600 holds, last 0.111 s, source twoStageRealTimeIteration
crossing: 620/1600 holds, last 0.098 s, source twoStageRealTimeIteration
crossing: 624/1600 holds, last 0.099 s, source twoStageRealTimeIteration
crossing: 628/1600 holds, last 0.099 s, source twoStageRealTimeIteration
crossing: 632/1600 holds, last 0.099 s, source twoStageRealTimeIteration
crossing: 636/1600 holds, last 0.132 s, source twoStageRealTimeIteration
crossing: 640/1600 holds, last 0.099 s, source twoStageRealTimeIteration
crossing: 644/1600 holds, last 0.098 s, source twoStageRealTimeIteration
crossing: 648/1600 holds, last 0.099 s, source twoStageRealTimeIteration
crossing: 652/1600 holds, last 0.099 s, source twoStageRealTimeIteration
crossing: 656/1600 holds, last 0.098 s, source twoStageRealTimeIteration
crossing: 660/1600 holds, last 0.099 s, source twoStageRealTimeIteration
crossing: 664/1600 holds, last 0.099 s, source twoStageRealTimeIteration
crossing: 668/1600 holds, last 0.099 s, source twoStageRealTimeIteration
crossing: 672/1600 holds, last 0.098 s, source twoStageRealTimeIteration
crossing: 676/1600 holds, last 0.083 s, source twoStageRealTimeIteration
crossing: 680/1600 holds, last 0.099 s, source twoStageRealTimeIteration
crossing: 684/1600 holds, last 0.098 s, source twoStageRealTimeIteration
crossing: 688/1600 holds, last 0.098 s, source twoStageRealTimeIteration
crossing: 692/1600 holds, last 0.091 s, source twoStageRealTimeIteration
crossing: 696/1600 holds, last 0.098 s, source twoStageRealTimeIteration
crossing: 700/1600 holds, last 0.098 s, source twoStageRealTimeIteration
Recovery at 35.00 s: e = [-261.132    -1.57242  -0.0135513 3.88325e-05 0.000365325], W = 5.30987e+06
crossing: 704/1600 holds, last 0.083 s, source twoStageRealTimeIteration
crossing: 708/1600 holds, last 0.083 s, source twoStageRealTimeIteration
crossing: 712/1600 holds, last 0.097 s, source twoStageRealTimeIteration
crossing: 716/1600 holds, last 0.083 s, source twoStageRealTimeIteration
crossing: 720/1600 holds, last 0.087 s, source twoStageRealTimeIteration
crossing: 724/1600 holds, last 0.090 s, source twoStageRealTimeIteration
crossing: 728/1600 holds, last 0.100 s, source twoStageRealTimeIteration
crossing: 732/1600 holds, last 0.097 s, source twoStageRealTimeIteration
crossing: 736/1600 holds, last 0.098 s, source twoStageRealTimeIteration
crossing: 740/1600 holds, last 0.083 s, source twoStageRealTimeIteration
crossing: 744/1600 holds, last 0.098 s, source twoStageRealTimeIteration
crossing: 748/1600 holds, last 0.104 s, source twoStageRealTimeIteration
crossing: 752/1600 holds, last 0.084 s, source twoStageRealTimeIteration
crossing: 756/1600 holds, last 0.098 s, source twoStageRealTimeIteration
crossing: 760/1600 holds, last 0.097 s, source twoStageRealTimeIteration
crossing: 764/1600 holds, last 0.097 s, source twoStageRealTimeIteration
crossing: 768/1600 holds, last 0.083 s, source twoStageRealTimeIteration
crossing: 772/1600 holds, last 0.101 s, source twoStageRealTimeIteration
crossing: 776/1600 holds, last 0.096 s, source twoStageRealTimeIteration
crossing: 780/1600 holds, last 0.097 s, source twoStageRealTimeIteration
crossing: 784/1600 holds, last 0.097 s, source twoStageRealTimeIteration
crossing: 788/1600 holds, last 0.097 s, source twoStageRealTimeIteration
crossing: 792/1600 holds, last 0.086 s, source twoStageRealTimeIteration
crossing: 796/1600 holds, last 0.086 s, source twoStageRealTimeIteration
crossing: 800/1600 holds, last 0.087 s, source twoStageRealTimeIteration
Recovery at 40.00 s: e = [-301.1    -1.57795 -0.00278941  -0.0106245 -0.00771787], W = 7.03737e+06
crossing: 804/1600 holds, last 0.086 s, source twoStageRealTimeIteration
crossing: 808/1600 holds, last 0.096 s, source twoStageRealTimeIteration
crossing: 812/1600 holds, last 0.087 s, source twoStageRealTimeIteration
crossing: 816/1600 holds, last 0.097 s, source twoStageRealTimeIteration
crossing: 820/1600 holds, last 0.083 s, source twoStageRealTimeIteration
crossing: 824/1600 holds, last 0.095 s, source twoStageRealTimeIteration
crossing: 828/1600 holds, last 0.086 s, source twoStageRealTimeIteration
crossing: 832/1600 holds, last 0.084 s, source twoStageRealTimeIteration
crossing: 836/1600 holds, last 0.082 s, source twoStageRealTimeIteration
crossing: 840/1600 holds, last 0.082 s, source twoStageRealTimeIteration
crossing: 844/1600 holds, last 0.097 s, source twoStageRealTimeIteration
crossing: 848/1600 holds, last 0.097 s, source twoStageRealTimeIteration
crossing: 852/1600 holds, last 0.086 s, source twoStageRealTimeIteration
crossing: 856/1600 holds, last 0.083 s, source twoStageRealTimeIteration
crossing: 860/1600 holds, last 0.083 s, source twoStageRealTimeIteration
crossing: 864/1600 holds, last 0.083 s, source twoStageRealTimeIteration
crossing: 868/1600 holds, last 0.086 s, source twoStageRealTimeIteration
crossing: 872/1600 holds, last 0.096 s, source twoStageRealTimeIteration
crossing: 876/1600 holds, last 0.097 s, source twoStageRealTimeIteration
crossing: 880/1600 holds, last 0.086 s, source twoStageRealTimeIteration
crossing: 884/1600 holds, last 0.097 s, source twoStageRealTimeIteration
crossing: 888/1600 holds, last 0.098 s, source twoStageRealTimeIteration
crossing: 892/1600 holds, last 0.082 s, source twoStageRealTimeIteration
crossing: 896/1600 holds, last 0.097 s, source twoStageRealTimeIteration
crossing: 900/1600 holds, last 0.087 s, source twoStageRealTimeIteration
Recovery at 45.00 s: e = [-341.022     -1.5669   0.0291895 -0.00836131 -0.00751126], W = 9.00368e+06
crossing: 904/1600 holds, last 0.086 s, source twoStageRealTimeIteration
crossing: 908/1600 holds, last 0.086 s, source twoStageRealTimeIteration
crossing: 912/1600 holds, last 0.098 s, source twoStageRealTimeIteration
crossing: 916/1600 holds, last 0.086 s, source twoStageRealTimeIteration
crossing: 920/1600 holds, last 0.087 s, source twoStageRealTimeIteration
crossing: 924/1600 holds, last 0.086 s, source twoStageRealTimeIteration
crossing: 928/1600 holds, last 0.097 s, source twoStageRealTimeIteration
crossing: 932/1600 holds, last 0.086 s, source twoStageRealTimeIteration
crossing: 936/1600 holds, last 0.086 s, source twoStageRealTimeIteration
crossing: 940/1600 holds, last 0.086 s, source twoStageRealTimeIteration
crossing: 944/1600 holds, last 0.097 s, source twoStageRealTimeIteration
crossing: 948/1600 holds, last 0.086 s, source twoStageRealTimeIteration
crossing: 952/1600 holds, last 0.086 s, source twoStageRealTimeIteration
crossing: 956/1600 holds, last 0.087 s, source twoStageRealTimeIteration
crossing: 960/1600 holds, last 0.127 s, source twoStageRealTimeIteration
crossing: 964/1600 holds, last 0.086 s, source twoStageRealTimeIteration
crossing: 968/1600 holds, last 0.086 s, source twoStageRealTimeIteration
crossing: 972/1600 holds, last 0.099 s, source twoStageRealTimeIteration
crossing: 976/1600 holds, last 0.089 s, source twoStageRealTimeIteration
crossing: 980/1600 holds, last 0.088 s, source twoStageRealTimeIteration
crossing: 984/1600 holds, last 0.087 s, source twoStageRealTimeIteration
crossing: 988/1600 holds, last 0.087 s, source twoStageRealTimeIteration
crossing: 992/1600 holds, last 0.098 s, source twoStageRealTimeIteration
crossing: 996/1600 holds, last 0.096 s, source twoStageRealTimeIteration
crossing: 1000/1600 holds, last 0.087 s, source twoStageRealTimeIteration
Recovery at 50.00 s: e = [-381.032   -1.56476 -0.0163274 0.00791042 0.00337252], W = 1.12182e+07
crossing: 1004/1600 holds, last 0.099 s, source twoStageRealTimeIteration
crossing: 1008/1600 holds, last 0.086 s, source twoStageRealTimeIteration
crossing: 1012/1600 holds, last 0.097 s, source twoStageRealTimeIteration
crossing: 1016/1600 holds, last 0.086 s, source twoStageRealTimeIteration
crossing: 1020/1600 holds, last 0.086 s, source twoStageRealTimeIteration
crossing: 1024/1600 holds, last 0.097 s, source twoStageRealTimeIteration
crossing: 1028/1600 holds, last 0.094 s, source twoStageRealTimeIteration
crossing: 1032/1600 holds, last 0.097 s, source twoStageRealTimeIteration
crossing: 1036/1600 holds, last 0.086 s, source twoStageRealTimeIteration
crossing: 1040/1600 holds, last 0.086 s, source twoStageRealTimeIteration
crossing: 1044/1600 holds, last 0.086 s, source twoStageRealTimeIteration
crossing: 1048/1600 holds, last 0.097 s, source twoStageRealTimeIteration
crossing: 1052/1600 holds, last 0.089 s, source twoStageRealTimeIteration
crossing: 1056/1600 holds, last 0.082 s, source twoStageRealTimeIteration
crossing: 1060/1600 holds, last 0.086 s, source twoStageRealTimeIteration
crossing: 1064/1600 holds, last 0.096 s, source twoStageRealTimeIteration
crossing: 1068/1600 holds, last 0.086 s, source twoStageRealTimeIteration
crossing: 1072/1600 holds, last 0.097 s, source twoStageRealTimeIteration
crossing: 1076/1600 holds, last 0.086 s, source twoStageRealTimeIteration
crossing: 1080/1600 holds, last 0.086 s, source twoStageRealTimeIteration
crossing: 1084/1600 holds, last 0.086 s, source twoStageRealTimeIteration
crossing: 1088/1600 holds, last 0.090 s, source twoStageRealTimeIteration
crossing: 1092/1600 holds, last 0.087 s, source twoStageRealTimeIteration
crossing: 1096/1600 holds, last 0.087 s, source twoStageRealTimeIteration
crossing: 1100/1600 holds, last 0.089 s, source twoStageRealTimeIteration
Recovery at 55.00 s: e = [-421.042    -1.56989   0.0034348 -0.00313071  -0.0043857], W = 1.36771e+07
crossing: 1104/1600 holds, last 0.089 s, source twoStageRealTimeIteration
crossing: 1108/1600 holds, last 0.083 s, source twoStageRealTimeIteration
crossing: 1112/1600 holds, last 0.089 s, source twoStageRealTimeIteration
crossing: 1116/1600 holds, last 0.086 s, source twoStageRealTimeIteration
crossing: 1120/1600 holds, last 0.087 s, source twoStageRealTimeIteration
crossing: 1124/1600 holds, last 0.086 s, source twoStageRealTimeIteration
crossing: 1128/1600 holds, last 0.086 s, source twoStageRealTimeIteration
crossing: 1132/1600 holds, last 0.087 s, source twoStageRealTimeIteration
crossing: 1136/1600 holds, last 0.086 s, source twoStageRealTimeIteration
crossing: 1140/1600 holds, last 0.087 s, source twoStageRealTimeIteration
crossing: 1144/1600 holds, last 0.088 s, source twoStageRealTimeIteration
crossing: 1148/1600 holds, last 0.088 s, source twoStageRealTimeIteration
crossing: 1152/1600 holds, last 0.086 s, source twoStageRealTimeIteration
crossing: 1156/1600 holds, last 0.086 s, source twoStageRealTimeIteration
crossing: 1160/1600 holds, last 0.097 s, source twoStageRealTimeIteration
crossing: 1164/1600 holds, last 0.099 s, source twoStageRealTimeIteration
crossing: 1168/1600 holds, last 0.087 s, source twoStageRealTimeIteration
crossing: 1172/1600 holds, last 0.087 s, source twoStageRealTimeIteration
crossing: 1176/1600 holds, last 0.088 s, source twoStageRealTimeIteration
crossing: 1180/1600 holds, last 0.087 s, source twoStageRealTimeIteration
crossing: 1184/1600 holds, last 0.087 s, source twoStageRealTimeIteration
crossing: 1188/1600 holds, last 0.086 s, source twoStageRealTimeIteration
crossing: 1192/1600 holds, last 0.088 s, source twoStageRealTimeIteration
crossing: 1196/1600 holds, last 0.088 s, source twoStageRealTimeIteration
crossing: 1200/1600 holds, last 0.086 s, source twoStageRealTimeIteration
Recovery at 60.00 s: e = [-461.034    -1.57348 0.000625719 0.000934888 7.80637e-06], W = 1.63779e+07
crossing: 1204/1600 holds, last 0.086 s, source twoStageRealTimeIteration
crossing: 1208/1600 holds, last 0.086 s, source twoStageRealTimeIteration
crossing: 1212/1600 holds, last 0.086 s, source twoStageRealTimeIteration
crossing: 1216/1600 holds, last 0.086 s, source twoStageRealTimeIteration
crossing: 1220/1600 holds, last 0.086 s, source twoStageRealTimeIteration
crossing: 1224/1600 holds, last 0.087 s, source twoStageRealTimeIteration
crossing: 1228/1600 holds, last 0.088 s, source twoStageRealTimeIteration
crossing: 1232/1600 holds, last 0.098 s, source twoStageRealTimeIteration
crossing: 1236/1600 holds, last 0.162 s, source twoStageRealTimeIteration
crossing: 1240/1600 holds, last 0.088 s, source twoStageRealTimeIteration
crossing: 1244/1600 holds, last 0.086 s, source twoStageRealTimeIteration
crossing: 1248/1600 holds, last 0.086 s, source twoStageRealTimeIteration
crossing: 1252/1600 holds, last 0.151 s, source twoStageRealTimeIteration
crossing: 1256/1600 holds, last 0.087 s, source twoStageRealTimeIteration
crossing: 1260/1600 holds, last 0.086 s, source twoStageRealTimeIteration
crossing: 1264/1600 holds, last 0.087 s, source twoStageRealTimeIteration
crossing: 1268/1600 holds, last 0.087 s, source twoStageRealTimeIteration
crossing: 1272/1600 holds, last 0.086 s, source twoStageRealTimeIteration
crossing: 1276/1600 holds, last 0.086 s, source twoStageRealTimeIteration
crossing: 1280/1600 holds, last 0.086 s, source twoStageRealTimeIteration
crossing: 1284/1600 holds, last 0.086 s, source twoStageRealTimeIteration
crossing: 1288/1600 holds, last 0.087 s, source twoStageRealTimeIteration
crossing: 1292/1600 holds, last 0.086 s, source twoStageRealTimeIteration
crossing: 1296/1600 holds, last 0.092 s, source twoStageRealTimeIteration
crossing: 1300/1600 holds, last 0.090 s, source twoStageRealTimeIteration
Recovery at 65.00 s: e = [-501.035   -1.56959 0.00248568 -0.0126847 -0.0115702], W = 1.93216e+07
crossing: 1304/1600 holds, last 0.091 s, source twoStageRealTimeIteration
crossing: 1308/1600 holds, last 0.087 s, source twoStageRealTimeIteration
crossing: 1312/1600 holds, last 0.086 s, source twoStageRealTimeIteration
crossing: 1316/1600 holds, last 0.094 s, source twoStageRealTimeIteration
crossing: 1320/1600 holds, last 0.085 s, source twoStageRealTimeIteration
crossing: 1324/1600 holds, last 0.087 s, source twoStageRealTimeIteration
crossing: 1328/1600 holds, last 0.086 s, source twoStageRealTimeIteration
crossing: 1332/1600 holds, last 0.097 s, source twoStageRealTimeIteration
crossing: 1336/1600 holds, last 0.089 s, source twoStageRealTimeIteration
crossing: 1340/1600 holds, last 0.100 s, source twoStageRealTimeIteration
crossing: 1344/1600 holds, last 0.099 s, source twoStageRealTimeIteration
crossing: 1348/1600 holds, last 0.099 s, source twoStageRealTimeIteration
crossing: 1352/1600 holds, last 0.096 s, source twoStageRealTimeIteration
crossing: 1356/1600 holds, last 0.090 s, source twoStageRealTimeIteration
crossing: 1360/1600 holds, last 0.093 s, source twoStageRealTimeIteration
crossing: 1364/1600 holds, last 0.088 s, source twoStageRealTimeIteration
crossing: 1368/1600 holds, last 0.100 s, source twoStageRealTimeIteration
crossing: 1372/1600 holds, last 0.088 s, source twoStageRealTimeIteration
crossing: 1376/1600 holds, last 0.090 s, source twoStageRealTimeIteration
crossing: 1380/1600 holds, last 0.095 s, source twoStageRealTimeIteration
crossing: 1384/1600 holds, last 0.087 s, source twoStageRealTimeIteration
crossing: 1388/1600 holds, last 0.089 s, source twoStageRealTimeIteration
crossing: 1392/1600 holds, last 0.094 s, source twoStageRealTimeIteration
crossing: 1396/1600 holds, last 0.087 s, source twoStageRealTimeIteration
crossing: 1400/1600 holds, last 0.098 s, source twoStageRealTimeIteration
Recovery at 70.00 s: e = [-541.058    -1.57173 -0.00177383   0.0144181   0.0156262], W = 2.25111e+07
crossing: 1404/1600 holds, last 0.102 s, source twoStageRealTimeIteration
crossing: 1408/1600 holds, last 0.087 s, source twoStageRealTimeIteration
crossing: 1412/1600 holds, last 0.099 s, source twoStageRealTimeIteration
crossing: 1416/1600 holds, last 0.091 s, source twoStageRealTimeIteration
crossing: 1420/1600 holds, last 0.087 s, source twoStageRealTimeIteration
crossing: 1424/1600 holds, last 0.097 s, source twoStageRealTimeIteration
crossing: 1428/1600 holds, last 0.087 s, source twoStageRealTimeIteration
crossing: 1432/1600 holds, last 0.087 s, source twoStageRealTimeIteration
crossing: 1436/1600 holds, last 0.088 s, source twoStageRealTimeIteration
crossing: 1440/1600 holds, last 0.092 s, source twoStageRealTimeIteration
crossing: 1444/1600 holds, last 0.087 s, source twoStageRealTimeIteration
crossing: 1448/1600 holds, last 0.087 s, source twoStageRealTimeIteration
crossing: 1452/1600 holds, last 0.087 s, source twoStageRealTimeIteration
crossing: 1456/1600 holds, last 0.086 s, source twoStageRealTimeIteration
crossing: 1460/1600 holds, last 0.086 s, source twoStageRealTimeIteration
crossing: 1464/1600 holds, last 0.086 s, source twoStageRealTimeIteration
crossing: 1468/1600 holds, last 0.086 s, source twoStageRealTimeIteration
crossing: 1472/1600 holds, last 0.094 s, source twoStageRealTimeIteration
crossing: 1476/1600 holds, last 0.086 s, source twoStageRealTimeIteration
crossing: 1480/1600 holds, last 0.086 s, source twoStageRealTimeIteration
crossing: 1484/1600 holds, last 0.086 s, source twoStageRealTimeIteration
crossing: 1488/1600 holds, last 0.086 s, source twoStageRealTimeIteration
crossing: 1492/1600 holds, last 0.086 s, source twoStageRealTimeIteration
crossing: 1496/1600 holds, last 0.086 s, source twoStageRealTimeIteration
crossing: 1500/1600 holds, last 0.097 s, source twoStageRealTimeIteration
Recovery at 75.00 s: e = [-581.05    -1.56774 -0.00942429   0.0237071   0.0223261], W = 2.59404e+07
crossing: 1504/1600 holds, last 0.086 s, source twoStageRealTimeIteration
crossing: 1508/1600 holds, last 0.086 s, source twoStageRealTimeIteration
crossing: 1512/1600 holds, last 0.093 s, source twoStageRealTimeIteration
crossing: 1516/1600 holds, last 0.086 s, source twoStageRealTimeIteration
crossing: 1520/1600 holds, last 0.099 s, source twoStageRealTimeIteration
crossing: 1524/1600 holds, last 0.086 s, source twoStageRealTimeIteration
crossing: 1528/1600 holds, last 0.096 s, source twoStageRealTimeIteration
crossing: 1532/1600 holds, last 0.086 s, source twoStageRealTimeIteration
crossing: 1536/1600 holds, last 0.097 s, source twoStageRealTimeIteration
crossing: 1540/1600 holds, last 0.086 s, source twoStageRealTimeIteration
crossing: 1544/1600 holds, last 0.086 s, source twoStageRealTimeIteration
crossing: 1548/1600 holds, last 0.097 s, source twoStageRealTimeIteration
crossing: 1552/1600 holds, last 0.087 s, source twoStageRealTimeIteration
crossing: 1556/1600 holds, last 0.086 s, source twoStageRealTimeIteration
crossing: 1560/1600 holds, last 0.095 s, source twoStageRealTimeIteration
crossing: 1564/1600 holds, last 0.087 s, source twoStageRealTimeIteration
crossing: 1568/1600 holds, last 0.086 s, source twoStageRealTimeIteration
crossing: 1572/1600 holds, last 0.090 s, source twoStageRealTimeIteration
crossing: 1576/1600 holds, last 0.090 s, source twoStageRealTimeIteration
crossing: 1580/1600 holds, last 0.088 s, source twoStageRealTimeIteration
crossing: 1584/1600 holds, last 0.100 s, source twoStageRealTimeIteration
crossing: 1588/1600 holds, last 0.090 s, source twoStageRealTimeIteration
crossing: 1592/1600 holds, last 0.087 s, source twoStageRealTimeIteration
crossing: 1596/1600 holds, last 0.094 s, source twoStageRealTimeIteration
crossing: 1600/1600 holds, last 0.089 s, source twoStageRealTimeIteration
Recovery at 80.00 s: e = [-621.055     -1.57091 -0.000115356   0.00409923   0.00400978], W = 2.96156e+07
crossing: 1600/1600 frames, max 0.191 s, failure
EXTEND-END speed=8 scenario=crossing frames=1600 wall=121.680 recovered=0 max=0.190690 failedCall=NaN gap=0.698885177 failure=
EXTEND-START speed=8 scenario=curvedCrossing
curvedCrossing: 404/1600 holds, last 0.109 s, source twoStageRealTimeIteration
curvedCrossing: 408/1600 holds, last 0.110 s, source twoStageRealTimeIteration
curvedCrossing: 412/1600 holds, last 0.179 s, source twoStageRealTimeIteration
curvedCrossing: 416/1600 holds, last 0.147 s, source twoStageRealTimeIteration
curvedCrossing: 420/1600 holds, last 0.155 s, source twoStageRealTimeIteration
curvedCrossing: 424/1600 holds, last 0.143 s, source twoStageRealTimeIteration
curvedCrossing: 428/1600 holds, last 0.106 s, source twoStageRealTimeIteration
curvedCrossing: 432/1600 holds, last 0.107 s, source twoStageRealTimeIteration
curvedCrossing: 436/1600 holds, last 0.121 s, source twoStageRealTimeIteration
curvedCrossing: 440/1600 holds, last 0.111 s, source twoStageRealTimeIteration
curvedCrossing: 444/1600 holds, last 0.107 s, source twoStageRealTimeIteration
curvedCrossing: 448/1600 holds, last 0.109 s, source twoStageRealTimeIteration
curvedCrossing: 452/1600 holds, last 0.108 s, source twoStageRealTimeIteration
curvedCrossing: 456/1600 holds, last 0.110 s, source twoStageRealTimeIteration
curvedCrossing: 460/1600 holds, last 0.116 s, source twoStageRealTimeIteration
curvedCrossing: 464/1600 holds, last 0.105 s, source twoStageRealTimeIteration
curvedCrossing: 468/1600 holds, last 0.087 s, source twoStageRealTimeIteration
curvedCrossing: 472/1600 holds, last 0.088 s, source twoStageRealTimeIteration
curvedCrossing: 476/1600 holds, last 0.099 s, source twoStageRealTimeIteration
curvedCrossing: 480/1600 holds, last 0.099 s, source twoStageRealTimeIteration
curvedCrossing: 484/1600 holds, last 0.094 s, source twoStageRealTimeIteration
curvedCrossing: 488/1600 holds, last 0.098 s, source twoStageRealTimeIteration
curvedCrossing: 492/1600 holds, last 0.100 s, source twoStageRealTimeIteration
curvedCrossing: 496/1600 holds, last 0.100 s, source twoStageRealTimeIteration
curvedCrossing: 500/1600 holds, last 0.117 s, source twoStageRealTimeIteration
Recovery at 25.00 s: e = [-20.4739  1.09909  8.68092 -3.14382  0.54989], W = 29119.5
curvedCrossing: 504/1600 holds, last 0.095 s, source twoStageRealTimeIteration
curvedCrossing: 508/1600 holds, last 0.090 s, source twoStageRealTimeIteration
curvedCrossing: 512/1600 holds, last 0.110 s, source twoStageRealTimeIteration
curvedCrossing: 516/1600 holds, last 0.108 s, source twoStageRealTimeIteration
curvedCrossing: 520/1600 holds, last 0.110 s, source twoStageRealTimeIteration
curvedCrossing: 524/1600 holds, last 0.178 s, source twoStageRealTimeIteration
curvedCrossing: 528/1600 holds, last 0.142 s, source twoStageRealTimeIteration
curvedCrossing: 532/1600 holds, last 0.125 s, source twoStageRealTimeIteration
curvedCrossing: 536/1600 holds, last 0.101 s, source twoStageRealTimeIteration
curvedCrossing: 540/1600 holds, last 0.101 s, source twoStageRealTimeIteration
curvedCrossing: 544/1600 holds, last 0.092 s, source twoStageRealTimeIteration
curvedCrossing: 548/1600 holds, last 0.105 s, source twoStageRealTimeIteration
curvedCrossing: 552/1600 holds, last 0.083 s, source twoStageRealTimeIteration
curvedCrossing: 556/1600 holds, last 0.087 s, source twoStageRealTimeIteration
curvedCrossing: 560/1600 holds, last 0.088 s, source twoStageRealTimeIteration
curvedCrossing: 564/1600 holds, last 0.102 s, source twoStageRealTimeIteration
curvedCrossing: 568/1600 holds, last 0.106 s, source twoStageRealTimeIteration
curvedCrossing: 572/1600 holds, last 0.094 s, source twoStageRealTimeIteration
curvedCrossing: 576/1600 holds, last 0.099 s, source twoStageRealTimeIteration
curvedCrossing: 580/1600 holds, last 0.093 s, source twoStageRealTimeIteration
curvedCrossing: 584/1600 holds, last 0.108 s, source twoStageRealTimeIteration
curvedCrossing: 588/1600 holds, last 0.114 s, source twoStageRealTimeIteration
curvedCrossing: 592/1600 holds, last 0.114 s, source twoStageRealTimeIteration
curvedCrossing: 596/1600 holds, last 0.112 s, source twoStageRealTimeIteration
curvedCrossing: 600/1600 holds, last 0.067 s, source twoStageRealTimeIteration
Recovery at 30.00 s: e = [39.7626    2.7381  0.709853 0.0269303 0.0142872], W = 164562
curvedCrossing: 604/1600 holds, last 0.067 s, source twoStageRealTimeIteration
curvedCrossing: 608/1600 holds, last 0.068 s, source twoStageRealTimeIteration
curvedCrossing: 612/1600 holds, last 0.064 s, source twoStageRealTimeIteration
curvedCrossing: 616/1600 holds, last 0.069 s, source twoStageRealTimeIteration
curvedCrossing: 620/1600 holds, last 0.062 s, source twoStageRealTimeIteration
curvedCrossing: 624/1600 holds, last 0.057 s, source twoStageRealTimeIteration
curvedCrossing: 628/1600 holds, last 0.069 s, source twoStageRealTimeIteration
curvedCrossing: 632/1600 holds, last 0.071 s, source twoStageRealTimeIteration
curvedCrossing: 636/1600 holds, last 0.073 s, source twoStageRealTimeIteration
curvedCrossing: 640/1600 holds, last 0.073 s, source twoStageRealTimeIteration
curvedCrossing: 644/1600 holds, last 0.073 s, source twoStageRealTimeIteration
curvedCrossing: 648/1600 holds, last 0.073 s, source twoStageRealTimeIteration
curvedCrossing: 652/1600 holds, last 0.073 s, source twoStageRealTimeIteration
curvedCrossing: 656/1600 holds, last 0.073 s, source twoStageRealTimeIteration
curvedCrossing: 660/1600 holds, last 0.073 s, source twoStageRealTimeIteration
curvedCrossing: 664/1600 holds, last 0.069 s, source twoStageRealTimeIteration
curvedCrossing: 668/1600 holds, last 0.072 s, source twoStageRealTimeIteration
curvedCrossing: 672/1600 holds, last 0.073 s, source twoStageRealTimeIteration
curvedCrossing: 676/1600 holds, last 0.072 s, source twoStageRealTimeIteration
curvedCrossing: 680/1600 holds, last 0.061 s, source twoStageRealTimeIteration
curvedCrossing: 684/1600 holds, last 0.061 s, source twoStageRealTimeIteration
curvedCrossing: 688/1600 holds, last 0.083 s, source twoStageRealTimeIteration
curvedCrossing: 692/1600 holds, last 0.073 s, source twoStageRealTimeIteration
curvedCrossing: 696/1600 holds, last 0.066 s, source twoStageRealTimeIteration
curvedCrossing: 700/1600 holds, last 0.066 s, source twoStageRealTimeIteration
Recovery at 35.00 s: e = [57.4805    2.61739   -1.23443 -0.0860404 -0.0714628], W = 307031
curvedCrossing: 704/1600 holds, last 0.062 s, source twoStageRealTimeIteration
curvedCrossing: 708/1600 holds, last 0.062 s, source twoStageRealTimeIteration
curvedCrossing: 712/1600 holds, last 0.067 s, source twoStageRealTimeIteration
curvedCrossing: 716/1600 holds, last 0.072 s, source twoStageRealTimeIteration
curvedCrossing: 720/1600 holds, last 0.072 s, source twoStageRealTimeIteration
curvedCrossing: 724/1600 holds, last 0.060 s, source twoStageRealTimeIteration
curvedCrossing: 728/1600 holds, last 0.082 s, source twoStageRealTimeIteration
curvedCrossing: 732/1600 holds, last 0.064 s, source twoStageRealTimeIteration
curvedCrossing: 736/1600 holds, last 0.062 s, source twoStageRealTimeIteration
curvedCrossing: 740/1600 holds, last 0.064 s, source twoStageRealTimeIteration
curvedCrossing: 744/1600 holds, last 0.072 s, source twoStageRealTimeIteration
curvedCrossing: 748/1600 holds, last 0.072 s, source twoStageRealTimeIteration
curvedCrossing: 752/1600 holds, last 0.068 s, source twoStageRealTimeIteration
curvedCrossing: 756/1600 holds, last 0.072 s, source twoStageRealTimeIteration
curvedCrossing: 760/1600 holds, last 0.072 s, source twoStageRealTimeIteration
curvedCrossing: 764/1600 holds, last 0.083 s, source twoStageRealTimeIteration
curvedCrossing: 768/1600 holds, last 0.093 s, source twoStageRealTimeIteration
curvedCrossing: 772/1600 holds, last 0.072 s, source twoStageRealTimeIteration
curvedCrossing: 776/1600 holds, last 0.064 s, source twoStageRealTimeIteration
curvedCrossing: 780/1600 holds, last 0.062 s, source twoStageRealTimeIteration
curvedCrossing: 784/1600 holds, last 0.059 s, source twoStageRealTimeIteration
curvedCrossing: 788/1600 holds, last 0.067 s, source twoStageRealTimeIteration
curvedCrossing: 792/1600 holds, last 0.070 s, source twoStageRealTimeIteration
curvedCrossing: 796/1600 holds, last 0.067 s, source twoStageRealTimeIteration
curvedCrossing: 800/1600 holds, last 0.067 s, source twoStageRealTimeIteration
Recovery at 40.00 s: e = [74.025    2.67122   -1.24296 -0.0921829 -0.0763009], W = 487131
curvedCrossing: 804/1600 holds, last 0.082 s, source twoStageRealTimeIteration
curvedCrossing: 808/1600 holds, last 0.062 s, source twoStageRealTimeIteration
curvedCrossing: 812/1600 holds, last 0.059 s, source twoStageRealTimeIteration
curvedCrossing: 816/1600 holds, last 0.060 s, source twoStageRealTimeIteration
curvedCrossing: 820/1600 holds, last 0.063 s, source twoStageRealTimeIteration
curvedCrossing: 824/1600 holds, last 0.071 s, source twoStageRealTimeIteration
curvedCrossing: 828/1600 holds, last 0.071 s, source twoStageRealTimeIteration
curvedCrossing: 832/1600 holds, last 0.071 s, source twoStageRealTimeIteration
curvedCrossing: 836/1600 holds, last 0.069 s, source twoStageRealTimeIteration
curvedCrossing: 840/1600 holds, last 0.071 s, source twoStageRealTimeIteration
curvedCrossing: 844/1600 holds, last 0.081 s, source twoStageRealTimeIteration
curvedCrossing: 848/1600 holds, last 0.090 s, source twoStageRealTimeIteration
curvedCrossing: 852/1600 holds, last 0.071 s, source twoStageRealTimeIteration
curvedCrossing: 856/1600 holds, last 0.068 s, source twoStageRealTimeIteration
curvedCrossing: 860/1600 holds, last 0.071 s, source twoStageRealTimeIteration
curvedCrossing: 864/1600 holds, last 0.086 s, source twoStageRealTimeIteration
curvedCrossing: 868/1600 holds, last 0.077 s, source twoStageRealTimeIteration
curvedCrossing: 872/1600 holds, last 0.085 s, source twoStageRealTimeIteration
curvedCrossing: 876/1600 holds, last 0.089 s, source twoStageRealTimeIteration
curvedCrossing: 880/1600 holds, last 0.081 s, source twoStageRealTimeIteration
curvedCrossing: 884/1600 holds, last 0.095 s, source twoStageRealTimeIteration
curvedCrossing: 888/1600 holds, last 0.083 s, source twoStageRealTimeIteration
curvedCrossing: 892/1600 holds, last 0.087 s, source twoStageRealTimeIteration
curvedCrossing: 896/1600 holds, last 0.069 s, source twoStageRealTimeIteration
curvedCrossing: 900/1600 holds, last 0.073 s, source twoStageRealTimeIteration
Recovery at 45.00 s: e = [88.4218    2.76104   -1.25354 -0.0853453 -0.0708679], W = 679700
curvedCrossing: 904/1600 holds, last 0.080 s, source twoStageRealTimeIteration
curvedCrossing: 908/1600 holds, last 0.074 s, source twoStageRealTimeIteration
curvedCrossing: 912/1600 holds, last 0.073 s, source twoStageRealTimeIteration
curvedCrossing: 916/1600 holds, last 0.073 s, source twoStageRealTimeIteration
curvedCrossing: 920/1600 holds, last 0.073 s, source twoStageRealTimeIteration
curvedCrossing: 924/1600 holds, last 0.072 s, source twoStageRealTimeIteration
curvedCrossing: 928/1600 holds, last 0.071 s, source twoStageRealTimeIteration
curvedCrossing: 932/1600 holds, last 0.072 s, source twoStageRealTimeIteration
curvedCrossing: 936/1600 holds, last 0.070 s, source twoStageRealTimeIteration
curvedCrossing: 940/1600 holds, last 0.070 s, source twoStageRealTimeIteration
curvedCrossing: 944/1600 holds, last 0.079 s, source twoStageRealTimeIteration
curvedCrossing: 948/1600 holds, last 0.074 s, source twoStageRealTimeIteration
curvedCrossing: 952/1600 holds, last 0.088 s, source twoStageRealTimeIteration
curvedCrossing: 956/1600 holds, last 0.071 s, source twoStageRealTimeIteration
curvedCrossing: 960/1600 holds, last 0.070 s, source twoStageRealTimeIteration
curvedCrossing: 964/1600 holds, last 0.071 s, source twoStageRealTimeIteration
curvedCrossing: 968/1600 holds, last 0.072 s, source twoStageRealTimeIteration
curvedCrossing: 972/1600 holds, last 0.067 s, source twoStageRealTimeIteration
curvedCrossing: 976/1600 holds, last 0.079 s, source twoStageRealTimeIteration
curvedCrossing: 980/1600 holds, last 0.068 s, source twoStageRealTimeIteration
curvedCrossing: 984/1600 holds, last 0.072 s, source twoStageRealTimeIteration
curvedCrossing: 988/1600 holds, last 0.072 s, source twoStageRealTimeIteration
curvedCrossing: 992/1600 holds, last 0.068 s, source twoStageRealTimeIteration
curvedCrossing: 996/1600 holds, last 0.073 s, source twoStageRealTimeIteration
curvedCrossing: 1000/1600 holds, last 0.073 s, source twoStageRealTimeIteration
Recovery at 50.00 s: e = [99.2905     2.8973   -1.24282 -0.0859253 -0.0714259], W = 849136
curvedCrossing: 1004/1600 holds, last 0.072 s, source twoStageRealTimeIteration
curvedCrossing: 1008/1600 holds, last 0.074 s, source twoStageRealTimeIteration
curvedCrossing: 1012/1600 holds, last 0.071 s, source twoStageRealTimeIteration
curvedCrossing: 1016/1600 holds, last 0.087 s, source twoStageRealTimeIteration
curvedCrossing: 1020/1600 holds, last 0.091 s, source twoStageRealTimeIteration
curvedCrossing: 1024/1600 holds, last 0.070 s, source twoStageRealTimeIteration
curvedCrossing: 1028/1600 holds, last 0.084 s, source twoStageRealTimeIteration
curvedCrossing: 1032/1600 holds, last 0.070 s, source twoStageRealTimeIteration
curvedCrossing: 1036/1600 holds, last 0.072 s, source twoStageRealTimeIteration
curvedCrossing: 1040/1600 holds, last 0.071 s, source twoStageRealTimeIteration
curvedCrossing: 1044/1600 holds, last 0.071 s, source twoStageRealTimeIteration
curvedCrossing: 1048/1600 holds, last 0.072 s, source twoStageRealTimeIteration
curvedCrossing: 1052/1600 holds, last 0.072 s, source twoStageRealTimeIteration
curvedCrossing: 1056/1600 holds, last 0.071 s, source twoStageRealTimeIteration
curvedCrossing: 1060/1600 holds, last 0.071 s, source twoStageRealTimeIteration
curvedCrossing: 1064/1600 holds, last 0.071 s, source twoStageRealTimeIteration
curvedCrossing: 1068/1600 holds, last 0.071 s, source twoStageRealTimeIteration
curvedCrossing: 1072/1600 holds, last 0.071 s, source twoStageRealTimeIteration
curvedCrossing: 1076/1600 holds, last 0.071 s, source twoStageRealTimeIteration
curvedCrossing: 1080/1600 holds, last 0.071 s, source twoStageRealTimeIteration
curvedCrossing: 1084/1600 holds, last 0.070 s, source twoStageRealTimeIteration
curvedCrossing: 1088/1600 holds, last 0.069 s, source twoStageRealTimeIteration
curvedCrossing: 1092/1600 holds, last 0.074 s, source twoStageRealTimeIteration
curvedCrossing: 1096/1600 holds, last 0.068 s, source twoStageRealTimeIteration
curvedCrossing: 1100/1600 holds, last 0.079 s, source twoStageRealTimeIteration
Recovery at 55.00 s: e = [105.059    3.07395   -1.21759 -0.0876718 -0.0728666], W = 950998
curvedCrossing: 1104/1600 holds, last 0.070 s, source twoStageRealTimeIteration
curvedCrossing: 1108/1600 holds, last 0.069 s, source twoStageRealTimeIteration
curvedCrossing: 1112/1600 holds, last 0.071 s, source twoStageRealTimeIteration
curvedCrossing: 1116/1600 holds, last 0.071 s, source twoStageRealTimeIteration
curvedCrossing: 1120/1600 holds, last 0.072 s, source twoStageRealTimeIteration
curvedCrossing: 1124/1600 holds, last 0.076 s, source twoStageRealTimeIteration
curvedCrossing: 1128/1600 holds, last 0.078 s, source twoStageRealTimeIteration
curvedCrossing: 1132/1600 holds, last 0.076 s, source twoStageRealTimeIteration
curvedCrossing: 1136/1600 holds, last 0.076 s, source twoStageRealTimeIteration
curvedCrossing: 1140/1600 holds, last 0.067 s, source twoStageRealTimeIteration
curvedCrossing: 1144/1600 holds, last 0.072 s, source twoStageRealTimeIteration
curvedCrossing: 1148/1600 holds, last 0.072 s, source twoStageRealTimeIteration
curvedCrossing: 1152/1600 holds, last 0.066 s, source twoStageRealTimeIteration
curvedCrossing: 1156/1600 holds, last 0.067 s, source twoStageRealTimeIteration
curvedCrossing: 1160/1600 holds, last 0.073 s, source twoStageRealTimeIteration
curvedCrossing: 1164/1600 holds, last 0.072 s, source twoStageRealTimeIteration
curvedCrossing: 1168/1600 holds, last 0.067 s, source twoStageRealTimeIteration
curvedCrossing: 1172/1600 holds, last 0.072 s, source twoStageRealTimeIteration
curvedCrossing: 1176/1600 holds, last 0.072 s, source twoStageRealTimeIteration
curvedCrossing: 1180/1600 holds, last 0.071 s, source twoStageRealTimeIteration
curvedCrossing: 1184/1600 holds, last 0.070 s, source twoStageRealTimeIteration
curvedCrossing: 1188/1600 holds, last 0.071 s, source twoStageRealTimeIteration
curvedCrossing: 1192/1600 holds, last 0.071 s, source twoStageRealTimeIteration
curvedCrossing: 1196/1600 holds, last 0.072 s, source twoStageRealTimeIteration
curvedCrossing: 1200/1600 holds, last 0.081 s, source twoStageRealTimeIteration
Recovery at 60.00 s: e = [103.888   -2.99155   0.321242 -0.0906491 -0.0810888], W = 742451
curvedCrossing: 1204/1600 holds, last 0.081 s, source twoStageRealTimeIteration
curvedCrossing: 1208/1600 holds, last 0.068 s, source twoStageRealTimeIteration
curvedCrossing: 1212/1600 holds, last 0.073 s, source twoStageRealTimeIteration
curvedCrossing: 1216/1600 holds, last 0.069 s, source twoStageRealTimeIteration
curvedCrossing: 1220/1600 holds, last 0.072 s, source twoStageRealTimeIteration
curvedCrossing: 1224/1600 holds, last 0.070 s, source twoStageRealTimeIteration
curvedCrossing: 1228/1600 holds, last 0.072 s, source twoStageRealTimeIteration
curvedCrossing: 1232/1600 holds, last 0.072 s, source twoStageRealTimeIteration
curvedCrossing: 1236/1600 holds, last 0.072 s, source twoStageRealTimeIteration
curvedCrossing: 1240/1600 holds, last 0.094 s, source twoStageRealTimeIteration
curvedCrossing: 1244/1600 holds, last 0.071 s, source twoStageRealTimeIteration
curvedCrossing: 1248/1600 holds, last 0.072 s, source twoStageRealTimeIteration
curvedCrossing: 1252/1600 holds, last 0.071 s, source twoStageRealTimeIteration
curvedCrossing: 1256/1600 holds, last 0.081 s, source twoStageRealTimeIteration
curvedCrossing: 1260/1600 holds, last 0.077 s, source twoStageRealTimeIteration
curvedCrossing: 1264/1600 holds, last 0.069 s, source twoStageRealTimeIteration
curvedCrossing: 1268/1600 holds, last 0.076 s, source twoStageRealTimeIteration
curvedCrossing: 1272/1600 holds, last 0.067 s, source twoStageRealTimeIteration
curvedCrossing: 1276/1600 holds, last 0.068 s, source twoStageRealTimeIteration
curvedCrossing: 1280/1600 holds, last 0.069 s, source twoStageRealTimeIteration
curvedCrossing: 1284/1600 holds, last 0.071 s, source twoStageRealTimeIteration
curvedCrossing: 1288/1600 holds, last 0.091 s, source twoStageRealTimeIteration
curvedCrossing: 1292/1600 holds, last 0.082 s, source twoStageRealTimeIteration
curvedCrossing: 1296/1600 holds, last 0.069 s, source twoStageRealTimeIteration
curvedCrossing: 1300/1600 holds, last 0.070 s, source twoStageRealTimeIteration
Recovery at 65.00 s: e = [93.1155   -2.76974    0.60697 -0.0824268 -0.0748822], W = 594769
curvedCrossing: 1304/1600 holds, last 0.070 s, source twoStageRealTimeIteration
curvedCrossing: 1308/1600 holds, last 0.071 s, source twoStageRealTimeIteration
curvedCrossing: 1312/1600 holds, last 0.070 s, source twoStageRealTimeIteration
curvedCrossing: 1316/1600 holds, last 0.071 s, source twoStageRealTimeIteration
curvedCrossing: 1320/1600 holds, last 0.071 s, source twoStageRealTimeIteration
curvedCrossing: 1324/1600 holds, last 0.070 s, source twoStageRealTimeIteration
curvedCrossing: 1328/1600 holds, last 0.071 s, source twoStageRealTimeIteration
curvedCrossing: 1332/1600 holds, last 0.070 s, source twoStageRealTimeIteration
curvedCrossing: 1336/1600 holds, last 0.075 s, source twoStageRealTimeIteration
curvedCrossing: 1340/1600 holds, last 0.071 s, source twoStageRealTimeIteration
curvedCrossing: 1344/1600 holds, last 0.071 s, source twoStageRealTimeIteration
curvedCrossing: 1348/1600 holds, last 0.071 s, source twoStageRealTimeIteration
curvedCrossing: 1352/1600 holds, last 0.082 s, source twoStageRealTimeIteration
curvedCrossing: 1356/1600 holds, last 0.067 s, source twoStageRealTimeIteration
curvedCrossing: 1360/1600 holds, last 0.070 s, source twoStageRealTimeIteration
curvedCrossing: 1364/1600 holds, last 0.064 s, source twoStageRealTimeIteration
curvedCrossing: 1368/1600 holds, last 0.064 s, source twoStageRealTimeIteration
curvedCrossing: 1372/1600 holds, last 0.071 s, source twoStageRealTimeIteration
curvedCrossing: 1376/1600 holds, last 0.071 s, source twoStageRealTimeIteration
curvedCrossing: 1380/1600 holds, last 0.072 s, source twoStageRealTimeIteration
curvedCrossing: 1384/1600 holds, last 0.066 s, source twoStageRealTimeIteration
curvedCrossing: 1388/1600 holds, last 0.080 s, source twoStageRealTimeIteration
curvedCrossing: 1392/1600 holds, last 0.069 s, source twoStageRealTimeIteration
curvedCrossing: 1396/1600 holds, last 0.090 s, source twoStageRealTimeIteration
curvedCrossing: 1400/1600 holds, last 0.089 s, source twoStageRealTimeIteration
Recovery at 70.00 s: e = [74.6223   -2.61113   0.467182 -0.0846274 -0.0762889], W = 376215
curvedCrossing: 1404/1600 holds, last 0.073 s, source twoStageRealTimeIteration
curvedCrossing: 1408/1600 holds, last 0.072 s, source twoStageRealTimeIteration
curvedCrossing: 1412/1600 holds, last 0.072 s, source twoStageRealTimeIteration
curvedCrossing: 1416/1600 holds, last 0.088 s, source twoStageRealTimeIteration
curvedCrossing: 1420/1600 holds, last 0.071 s, source twoStageRealTimeIteration
curvedCrossing: 1424/1600 holds, last 0.071 s, source twoStageRealTimeIteration
curvedCrossing: 1428/1600 holds, last 0.072 s, source twoStageRealTimeIteration
curvedCrossing: 1432/1600 holds, last 0.072 s, source twoStageRealTimeIteration
curvedCrossing: 1436/1600 holds, last 0.071 s, source twoStageRealTimeIteration
curvedCrossing: 1440/1600 holds, last 0.092 s, source twoStageRealTimeIteration
curvedCrossing: 1444/1600 holds, last 0.076 s, source twoStageRealTimeIteration
curvedCrossing: 1448/1600 holds, last 0.073 s, source twoStageRealTimeIteration
curvedCrossing: 1452/1600 holds, last 0.071 s, source twoStageRealTimeIteration
curvedCrossing: 1456/1600 holds, last 0.072 s, source twoStageRealTimeIteration
curvedCrossing: 1460/1600 holds, last 0.063 s, source twoStageRealTimeIteration
curvedCrossing: 1464/1600 holds, last 0.067 s, source twoStageRealTimeIteration
curvedCrossing: 1468/1600 holds, last 0.071 s, source twoStageRealTimeIteration
curvedCrossing: 1472/1600 holds, last 0.071 s, source twoStageRealTimeIteration
curvedCrossing: 1476/1600 holds, last 0.071 s, source twoStageRealTimeIteration
curvedCrossing: 1480/1600 holds, last 0.074 s, source twoStageRealTimeIteration
curvedCrossing: 1484/1600 holds, last 0.070 s, source twoStageRealTimeIteration
curvedCrossing: 1488/1600 holds, last 0.067 s, source twoStageRealTimeIteration
curvedCrossing: 1492/1600 holds, last 0.070 s, source twoStageRealTimeIteration
curvedCrossing: 1496/1600 holds, last 0.067 s, source twoStageRealTimeIteration
curvedCrossing: 1500/1600 holds, last 0.082 s, source twoStageRealTimeIteration
Recovery at 75.00 s: e = [52.0417   -2.53727   0.426879  -0.094116 -0.0848593], W = 176731
curvedCrossing: 1504/1600 holds, last 0.084 s, source twoStageRealTimeIteration
curvedCrossing: 1508/1600 holds, last 0.079 s, source twoStageRealTimeIteration
curvedCrossing: 1512/1600 holds, last 0.077 s, source twoStageRealTimeIteration
curvedCrossing: 1516/1600 holds, last 0.060 s, source twoStageRealTimeIteration
curvedCrossing: 1520/1600 holds, last 0.061 s, source twoStageRealTimeIteration
curvedCrossing: 1524/1600 holds, last 0.069 s, source twoStageRealTimeIteration
curvedCrossing: 1528/1600 holds, last 0.059 s, source twoStageRealTimeIteration
curvedCrossing: 1532/1600 holds, last 0.053 s, source twoStageRealTimeIteration
curvedCrossing: 1536/1600 holds, last 0.058 s, source twoStageRealTimeIteration
curvedCrossing: 1540/1600 holds, last 0.063 s, source twoStageRealTimeIteration
curvedCrossing: 1544/1600 holds, last 0.064 s, source twoStageRealTimeIteration
curvedCrossing: 1548/1600 holds, last 0.102 s, source twoStageRealTimeIteration
curvedCrossing: 1552/1600 holds, last 0.063 s, source twoStageRealTimeIteration
curvedCrossing: 1556/1600 holds, last 0.062 s, source twoStageRealTimeIteration
curvedCrossing: 1560/1600 holds, last 0.058 s, source twoStageRealTimeIteration
curvedCrossing: 1564/1600 holds, last 0.062 s, source twoStageRealTimeIteration
curvedCrossing: 1568/1600 holds, last 0.062 s, source twoStageRealTimeIteration
curvedCrossing: 1572/1600 holds, last 0.058 s, source twoStageRealTimeIteration
curvedCrossing: 1576/1600 holds, last 0.056 s, source twoStageRealTimeIteration
curvedCrossing: 1580/1600 holds, last 0.062 s, source twoStageRealTimeIteration
curvedCrossing: 1584/1600 holds, last 0.057 s, source twoStageRealTimeIteration
curvedCrossing: 1588/1600 holds, last 0.062 s, source twoStageRealTimeIteration
curvedCrossing: 1592/1600 holds, last 0.055 s, source twoStageRealTimeIteration
curvedCrossing: 1596/1600 holds, last 0.070 s, source twoStageRealTimeIteration
curvedCrossing: 1600/1600 holds, last 0.061 s, source twoStageRealTimeIteration
Recovery at 80.00 s: e = [25.5283    -2.2849  -0.387981 -0.0454128 -0.0398986], W = 40348.4
curvedCrossing: 1600/1600 frames, max 0.408 s, failure
EXTEND-END speed=8 scenario=curvedCrossing frames=1600 wall=105.291 recovered=0 max=0.407588 failedCall=NaN gap=0.544507902 failure=
EXTEND-START speed=15 scenario=brakingLead
brakingLead: 404/1600 holds, last 0.125 s, source twoStageRealTimeIteration
brakingLead: 408/1600 holds, last 0.117 s, source twoStageRealTimeIteration
brakingLead: 412/1600 holds, last 0.329 s, source twoStageRealTimeIteration
brakingLead: 416/1600 holds, last 0.135 s, source twoStageRealTimeIteration
brakingLead: 420/1600 holds, last 0.164 s, source twoStageRealTimeIteration
brakingLead: 424/1600 holds, last 0.150 s, source twoStageRealTimeIteration
brakingLead: 428/1600 holds, last 0.142 s, source twoStageRealTimeIteration
brakingLead: 432/1600 holds, last 0.144 s, source twoStageRealTimeIteration
brakingLead: 436/1600 holds, last 0.163 s, source twoStageRealTimeIteration
brakingLead: 440/1600 holds, last 0.125 s, source twoStageRealTimeIteration
brakingLead: 444/1600 holds, last 0.162 s, source twoStageRealTimeIteration
brakingLead: 448/1600 holds, last 0.147 s, source twoStageRealTimeIteration
brakingLead: 452/1600 holds, last 0.140 s, source twoStageRealTimeIteration
brakingLead: 456/1600 holds, last 0.116 s, source twoStageRealTimeIteration
brakingLead: 460/1600 holds, last 0.113 s, source twoStageRealTimeIteration
brakingLead: 464/1600 holds, last 0.113 s, source twoStageRealTimeIteration
brakingLead: 468/1600 holds, last 0.108 s, source twoStageRealTimeIteration
brakingLead: 472/1600 holds, last 0.136 s, source twoStageRealTimeIteration
brakingLead: 476/1600 holds, last 0.126 s, source twoStageRealTimeIteration
brakingLead: 480/1600 holds, last 0.104 s, source twoStageRealTimeIteration
brakingLead: 484/1600 holds, last 0.112 s, source twoStageRealTimeIteration
brakingLead: 488/1600 holds, last 0.112 s, source twoStageRealTimeIteration
brakingLead: 492/1600 holds, last 0.110 s, source twoStageRealTimeIteration
brakingLead: 496/1600 holds, last 0.099 s, source twoStageRealTimeIteration
brakingLead: 500/1600 holds, last 0.107 s, source twoStageRealTimeIteration
Recovery at 25.00 s: e = [-11.6157   -1.34388   -12.4821  -0.133106 -0.0905118], W = 21935.7
brakingLead: 504/1600 holds, last 0.100 s, source twoStageRealTimeIteration
brakingLead: 508/1600 holds, last 0.107 s, source twoStageRealTimeIteration
brakingLead: 512/1600 holds, last 0.116 s, source twoStageRealTimeIteration
brakingLead: 516/1600 holds, last 0.142 s, source twoStageRealTimeIteration
brakingLead: 520/1600 holds, last 0.143 s, source twoStageRealTimeIteration
brakingLead: 524/1600 holds, last 0.122 s, source twoStageRealTimeIteration
brakingLead: 528/1600 holds, last 0.115 s, source twoStageRealTimeIteration
brakingLead: 532/1600 holds, last 0.099 s, source twoStageRealTimeIteration
brakingLead: 536/1600 holds, last 0.097 s, source twoStageRealTimeIteration
brakingLead: 540/1600 holds, last 0.112 s, source twoStageRealTimeIteration
brakingLead: 544/1600 holds, last 0.099 s, source twoStageRealTimeIteration
brakingLead: 548/1600 holds, last 0.119 s, source twoStageRealTimeIteration
brakingLead: 552/1600 holds, last 0.085 s, source twoStageRealTimeIteration
brakingLead: 556/1600 holds, last 0.079 s, source twoStageRealTimeIteration
brakingLead: 560/1600 holds, last 0.075 s, source twoStageRealTimeIteration
brakingLead: 564/1600 holds, last 0.083 s, source twoStageRealTimeIteration
brakingLead: 568/1600 holds, last 0.076 s, source twoStageRealTimeIteration
brakingLead: 572/1600 holds, last 0.076 s, source twoStageRealTimeIteration
brakingLead: 576/1600 holds, last 0.070 s, source twoStageRealTimeIteration
brakingLead: 580/1600 holds, last 0.076 s, source twoStageRealTimeIteration
brakingLead: 584/1600 holds, last 0.076 s, source twoStageRealTimeIteration
brakingLead: 588/1600 holds, last 0.068 s, source twoStageRealTimeIteration
brakingLead: 592/1600 holds, last 0.074 s, source twoStageRealTimeIteration
brakingLead: 596/1600 holds, last 0.089 s, source twoStageRealTimeIteration
brakingLead: 600/1600 holds, last 0.068 s, source twoStageRealTimeIteration
Recovery at 30.00 s: e = [-63.1215  -1.68091  -1.84507 0.0131898 0.0452372], W = 281420
brakingLead: 604/1600 holds, last 0.079 s, source twoStageRealTimeIteration
brakingLead: 608/1600 holds, last 0.074 s, source twoStageRealTimeIteration
brakingLead: 612/1600 holds, last 0.078 s, source twoStageRealTimeIteration
brakingLead: 616/1600 holds, last 0.078 s, source twoStageRealTimeIteration
brakingLead: 620/1600 holds, last 0.088 s, source twoStageRealTimeIteration
brakingLead: 624/1600 holds, last 0.071 s, source twoStageRealTimeIteration
brakingLead: 628/1600 holds, last 0.078 s, source twoStageRealTimeIteration
brakingLead: 632/1600 holds, last 0.102 s, source twoStageRealTimeIteration
brakingLead: 636/1600 holds, last 0.073 s, source twoStageRealTimeIteration
brakingLead: 640/1600 holds, last 0.080 s, source twoStageRealTimeIteration
brakingLead: 644/1600 holds, last 0.105 s, source twoStageRealTimeIteration
brakingLead: 648/1600 holds, last 0.079 s, source twoStageRealTimeIteration
brakingLead: 652/1600 holds, last 0.082 s, source twoStageRealTimeIteration
brakingLead: 656/1600 holds, last 0.147 s, source twoStageRealTimeIteration
brakingLead: 660/1600 holds, last 0.085 s, source twoStageRealTimeIteration
brakingLead: 664/1600 holds, last 0.146 s, source twoStageRealTimeIteration
brakingLead: 668/1600 holds, last 0.104 s, source twoStageRealTimeIteration
brakingLead: 672/1600 holds, last 0.080 s, source twoStageRealTimeIteration
brakingLead: 676/1600 holds, last 0.089 s, source twoStageRealTimeIteration
brakingLead: 680/1600 holds, last 0.088 s, source twoStageRealTimeIteration
brakingLead: 684/1600 holds, last 0.139 s, source twoStageRealTimeIteration
brakingLead: 688/1600 holds, last 0.092 s, source twoStageRealTimeIteration
brakingLead: 692/1600 holds, last 0.092 s, source twoStageRealTimeIteration
brakingLead: 696/1600 holds, last 0.087 s, source twoStageRealTimeIteration
brakingLead: 700/1600 holds, last 0.100 s, source twoStageRealTimeIteration
Recovery at 35.00 s: e = [-128.11  -1.38986  -2.63935 0.0220881 0.0552715], W = 1.0231e+06
brakingLead: 704/1600 holds, last 0.104 s, source twoStageRealTimeIteration
brakingLead: 708/1600 holds, last 0.193 s, source twoStageRealTimeIteration
brakingLead: 712/1600 holds, last 0.089 s, source twoStageRealTimeIteration
brakingLead: 716/1600 holds, last 0.102 s, source twoStageRealTimeIteration
brakingLead: 720/1600 holds, last 0.102 s, source twoStageRealTimeIteration
brakingLead: 724/1600 holds, last 0.091 s, source twoStageRealTimeIteration
brakingLead: 728/1600 holds, last 0.149 s, source twoStageRealTimeIteration
brakingLead: 732/1600 holds, last 0.102 s, source twoStageRealTimeIteration
brakingLead: 736/1600 holds, last 0.100 s, source twoStageRealTimeIteration
brakingLead: 740/1600 holds, last 0.100 s, source twoStageRealTimeIteration
brakingLead: 744/1600 holds, last 0.091 s, source twoStageRealTimeIteration
brakingLead: 748/1600 holds, last 0.102 s, source twoStageRealTimeIteration
brakingLead: 752/1600 holds, last 0.102 s, source twoStageRealTimeIteration
brakingLead: 756/1600 holds, last 0.090 s, source twoStageRealTimeIteration
brakingLead: 760/1600 holds, last 0.099 s, source twoStageRealTimeIteration
brakingLead: 764/1600 holds, last 0.096 s, source twoStageRealTimeIteration
brakingLead: 768/1600 holds, last 0.104 s, source twoStageRealTimeIteration
brakingLead: 772/1600 holds, last 0.128 s, source twoStageRealTimeIteration
brakingLead: 776/1600 holds, last 0.091 s, source twoStageRealTimeIteration
brakingLead: 780/1600 holds, last 0.092 s, source twoStageRealTimeIteration
brakingLead: 784/1600 holds, last 0.087 s, source twoStageRealTimeIteration
brakingLead: 788/1600 holds, last 0.130 s, source twoStageRealTimeIteration
brakingLead: 792/1600 holds, last 0.098 s, source twoStageRealTimeIteration
brakingLead: 796/1600 holds, last 0.091 s, source twoStageRealTimeIteration
brakingLead: 800/1600 holds, last 0.193 s, source twoStageRealTimeIteration
Recovery at 40.00 s: e = [-185.142  -1.13288  -3.00572 0.0237042 0.0483332], W = 2.05918e+06
brakingLead: 804/1600 holds, last 0.095 s, source twoStageRealTimeIteration
brakingLead: 808/1600 holds, last 0.101 s, source twoStageRealTimeIteration
brakingLead: 812/1600 holds, last 0.085 s, source twoStageRealTimeIteration
brakingLead: 816/1600 holds, last 0.092 s, source twoStageRealTimeIteration
brakingLead: 820/1600 holds, last 0.094 s, source twoStageRealTimeIteration
brakingLead: 824/1600 holds, last 0.087 s, source twoStageRealTimeIteration
brakingLead: 828/1600 holds, last 0.091 s, source twoStageRealTimeIteration
brakingLead: 832/1600 holds, last 0.085 s, source twoStageRealTimeIteration
brakingLead: 836/1600 holds, last 0.102 s, source twoStageRealTimeIteration
brakingLead: 840/1600 holds, last 0.089 s, source twoStageRealTimeIteration
brakingLead: 844/1600 holds, last 0.093 s, source twoStageRealTimeIteration
brakingLead: 848/1600 holds, last 0.133 s, source twoStageRealTimeIteration
brakingLead: 852/1600 holds, last 0.105 s, source twoStageRealTimeIteration
brakingLead: 856/1600 holds, last 0.097 s, source twoStageRealTimeIteration
brakingLead: 860/1600 holds, last 0.103 s, source twoStageRealTimeIteration
brakingLead: 864/1600 holds, last 0.189 s, source twoStageRealTimeIteration
brakingLead: 868/1600 holds, last 0.093 s, source twoStageRealTimeIteration
brakingLead: 872/1600 holds, last 0.174 s, source twoStageRealTimeIteration
brakingLead: 876/1600 holds, last 0.166 s, source twoStageRealTimeIteration
brakingLead: 880/1600 holds, last 0.089 s, source twoStageRealTimeIteration
brakingLead: 884/1600 holds, last 0.080 s, source twoStageRealTimeIteration
brakingLead: 888/1600 holds, last 0.104 s, source twoStageRealTimeIteration
brakingLead: 892/1600 holds, last 0.106 s, source twoStageRealTimeIteration
brakingLead: 896/1600 holds, last 0.102 s, source twoStageRealTimeIteration
brakingLead: 900/1600 holds, last 0.167 s, source twoStageRealTimeIteration
Recovery at 45.00 s: e = [-235.562 -0.893861  -3.16449 0.0257061  0.049103], W = 3.27378e+06
brakingLead: 904/1600 holds, last 0.119 s, source twoStageRealTimeIteration
brakingLead: 908/1600 holds, last 0.104 s, source twoStageRealTimeIteration
brakingLead: 912/1600 holds, last 0.100 s, source twoStageRealTimeIteration
brakingLead: 916/1600 holds, last 0.182 s, source twoStageRealTimeIteration
brakingLead: 920/1600 holds, last 0.096 s, source twoStageRealTimeIteration
brakingLead: 924/1600 holds, last 0.096 s, source twoStageRealTimeIteration
brakingLead: 928/1600 holds, last 0.117 s, source twoStageRealTimeIteration
brakingLead: 932/1600 holds, last 0.089 s, source twoStageRealTimeIteration
brakingLead: 936/1600 holds, last 0.099 s, source twoStageRealTimeIteration
brakingLead: 940/1600 holds, last 0.152 s, source twoStageRealTimeIteration
brakingLead: 944/1600 holds, last 0.096 s, source twoStageRealTimeIteration
brakingLead: 948/1600 holds, last 0.196 s, source twoStageRealTimeIteration
brakingLead: 952/1600 holds, last 0.089 s, source twoStageRealTimeIteration
brakingLead: 956/1600 holds, last 0.106 s, source twoStageRealTimeIteration
brakingLead: 960/1600 holds, last 0.099 s, source twoStageRealTimeIteration
brakingLead: 964/1600 holds, last 0.093 s, source twoStageRealTimeIteration
brakingLead: 968/1600 holds, last 0.197 s, source twoStageRealTimeIteration
brakingLead: 972/1600 holds, last 0.103 s, source twoStageRealTimeIteration
brakingLead: 976/1600 holds, last 0.105 s, source twoStageRealTimeIteration
brakingLead: 980/1600 holds, last 0.074 s, source twoStageRealTimeIteration
brakingLead: 984/1600 holds, last 0.104 s, source twoStageRealTimeIteration
brakingLead: 988/1600 holds, last 0.105 s, source twoStageRealTimeIteration
brakingLead: 992/1600 holds, last 0.085 s, source twoStageRealTimeIteration
brakingLead: 996/1600 holds, last 0.091 s, source twoStageRealTimeIteration
brakingLead: 1000/1600 holds, last 0.089 s, source twoStageRealTimeIteration
Recovery at 50.00 s: e = [-276.835 -0.656272  -3.07807 0.0241024 0.0473943], W = 4.47191e+06
brakingLead: 1004/1600 holds, last 0.103 s, source twoStageRealTimeIteration
brakingLead: 1008/1600 holds, last 0.103 s, source twoStageRealTimeIteration
brakingLead: 1012/1600 holds, last 0.096 s, source twoStageRealTimeIteration
brakingLead: 1016/1600 holds, last 0.097 s, source twoStageRealTimeIteration
brakingLead: 1020/1600 holds, last 0.125 s, source twoStageRealTimeIteration
brakingLead: 1024/1600 holds, last 0.104 s, source twoStageRealTimeIteration
brakingLead: 1028/1600 holds, last 0.107 s, source twoStageRealTimeIteration
brakingLead: 1032/1600 holds, last 0.080 s, source twoStageRealTimeIteration
brakingLead: 1036/1600 holds, last 0.091 s, source twoStageRealTimeIteration
brakingLead: 1040/1600 holds, last 0.092 s, source twoStageRealTimeIteration
brakingLead: 1044/1600 holds, last 0.096 s, source twoStageRealTimeIteration
brakingLead: 1048/1600 holds, last 0.113 s, source twoStageRealTimeIteration
brakingLead: 1052/1600 holds, last 0.078 s, source twoStageRealTimeIteration
brakingLead: 1056/1600 holds, last 0.097 s, source twoStageRealTimeIteration
brakingLead: 1060/1600 holds, last 0.102 s, source twoStageRealTimeIteration
brakingLead: 1064/1600 holds, last 0.096 s, source twoStageRealTimeIteration
brakingLead: 1068/1600 holds, last 0.079 s, source twoStageRealTimeIteration
brakingLead: 1072/1600 holds, last 0.105 s, source twoStageRealTimeIteration
brakingLead: 1076/1600 holds, last 0.101 s, source twoStageRealTimeIteration
brakingLead: 1080/1600 holds, last 0.097 s, source twoStageRealTimeIteration
brakingLead: 1084/1600 holds, last 0.090 s, source twoStageRealTimeIteration
brakingLead: 1088/1600 holds, last 0.095 s, source twoStageRealTimeIteration
brakingLead: 1092/1600 holds, last 0.098 s, source twoStageRealTimeIteration
brakingLead: 1096/1600 holds, last 0.083 s, source twoStageRealTimeIteration
brakingLead: 1100/1600 holds, last 0.098 s, source twoStageRealTimeIteration
Recovery at 55.00 s: e = [-307.373 -0.419048  -3.01704 0.0243127 0.0490841], W = 5.47025e+06
brakingLead: 1104/1600 holds, last 0.090 s, source twoStageRealTimeIteration
brakingLead: 1108/1600 holds, last 0.096 s, source twoStageRealTimeIteration
brakingLead: 1112/1600 holds, last 0.097 s, source twoStageRealTimeIteration
brakingLead: 1116/1600 holds, last 0.098 s, source twoStageRealTimeIteration
brakingLead: 1120/1600 holds, last 0.071 s, source twoStageRealTimeIteration
brakingLead: 1124/1600 holds, last 0.083 s, source twoStageRealTimeIteration
brakingLead: 1128/1600 holds, last 0.079 s, source twoStageRealTimeIteration
brakingLead: 1132/1600 holds, last 0.079 s, source twoStageRealTimeIteration
brakingLead: 1136/1600 holds, last 0.079 s, source twoStageRealTimeIteration
brakingLead: 1140/1600 holds, last 0.078 s, source twoStageRealTimeIteration
brakingLead: 1144/1600 holds, last 0.091 s, source twoStageRealTimeIteration
brakingLead: 1148/1600 holds, last 0.165 s, source twoStageRealTimeIteration
brakingLead: 1152/1600 holds, last 0.096 s, source twoStageRealTimeIteration
brakingLead: 1156/1600 holds, last 0.079 s, source twoStageRealTimeIteration
brakingLead: 1160/1600 holds, last 0.090 s, source twoStageRealTimeIteration
brakingLead: 1164/1600 holds, last 0.089 s, source twoStageRealTimeIteration
brakingLead: 1168/1600 holds, last 0.089 s, source twoStageRealTimeIteration
brakingLead: 1172/1600 holds, last 0.086 s, source twoStageRealTimeIteration
brakingLead: 1176/1600 holds, last 0.089 s, source twoStageRealTimeIteration
brakingLead: 1180/1600 holds, last 0.096 s, source twoStageRealTimeIteration
brakingLead: 1184/1600 holds, last 0.167 s, source twoStageRealTimeIteration
brakingLead: 1188/1600 holds, last 0.076 s, source twoStageRealTimeIteration
brakingLead: 1192/1600 holds, last 0.078 s, source twoStageRealTimeIteration
brakingLead: 1196/1600 holds, last 0.086 s, source twoStageRealTimeIteration
brakingLead: 1200/1600 holds, last 0.091 s, source twoStageRealTimeIteration
Recovery at 60.00 s: e = [-324.988 -0.182669  -2.88725 0.0224941 0.0478237], W = 6.07762e+06
brakingLead: 1204/1600 holds, last 0.187 s, source twoStageRealTimeIteration
brakingLead: 1208/1600 holds, last 0.086 s, source twoStageRealTimeIteration
brakingLead: 1212/1600 holds, last 0.077 s, source twoStageRealTimeIteration
brakingLead: 1216/1600 holds, last 0.084 s, source twoStageRealTimeIteration
brakingLead: 1220/1600 holds, last 0.087 s, source twoStageRealTimeIteration
brakingLead: 1224/1600 holds, last 0.089 s, source twoStageRealTimeIteration
brakingLead: 1228/1600 holds, last 0.091 s, source twoStageRealTimeIteration
brakingLead: 1232/1600 holds, last 0.083 s, source twoStageRealTimeIteration
brakingLead: 1236/1600 holds, last 0.088 s, source twoStageRealTimeIteration
brakingLead: 1240/1600 holds, last 0.084 s, source twoStageRealTimeIteration
brakingLead: 1244/1600 holds, last 0.080 s, source twoStageRealTimeIteration
brakingLead: 1248/1600 holds, last 0.070 s, source twoStageRealTimeIteration
brakingLead: 1252/1600 holds, last 0.089 s, source twoStageRealTimeIteration
brakingLead: 1256/1600 holds, last 0.092 s, source twoStageRealTimeIteration
brakingLead: 1260/1600 holds, last 0.077 s, source twoStageRealTimeIteration
brakingLead: 1264/1600 holds, last 0.084 s, source twoStageRealTimeIteration
brakingLead: 1268/1600 holds, last 0.086 s, source twoStageRealTimeIteration
brakingLead: 1272/1600 holds, last 0.087 s, source twoStageRealTimeIteration
brakingLead: 1276/1600 holds, last 0.081 s, source twoStageRealTimeIteration
brakingLead: 1280/1600 holds, last 0.080 s, source twoStageRealTimeIteration
brakingLead: 1284/1600 holds, last 0.087 s, source twoStageRealTimeIteration
brakingLead: 1288/1600 holds, last 0.078 s, source twoStageRealTimeIteration
brakingLead: 1292/1600 holds, last 0.076 s, source twoStageRealTimeIteration
brakingLead: 1296/1600 holds, last 0.078 s, source twoStageRealTimeIteration
brakingLead: 1300/1600 holds, last 0.081 s, source twoStageRealTimeIteration
Recovery at 65.00 s: e = [-328.588 0.0604587  -2.50493 0.0195613 0.0492776], W = 6.17755e+06
brakingLead: 1304/1600 holds, last 0.079 s, source twoStageRealTimeIteration
brakingLead: 1308/1600 holds, last 0.069 s, source twoStageRealTimeIteration
brakingLead: 1312/1600 holds, last 0.071 s, source twoStageRealTimeIteration
brakingLead: 1316/1600 holds, last 0.085 s, source twoStageRealTimeIteration
brakingLead: 1320/1600 holds, last 0.095 s, source twoStageRealTimeIteration
brakingLead: 1324/1600 holds, last 0.079 s, source twoStageRealTimeIteration
brakingLead: 1328/1600 holds, last 0.086 s, source twoStageRealTimeIteration
brakingLead: 1332/1600 holds, last 0.071 s, source twoStageRealTimeIteration
brakingLead: 1336/1600 holds, last 0.068 s, source twoStageRealTimeIteration
brakingLead: 1340/1600 holds, last 0.098 s, source twoStageRealTimeIteration
brakingLead: 1344/1600 holds, last 0.069 s, source twoStageRealTimeIteration
brakingLead: 1348/1600 holds, last 0.068 s, source twoStageRealTimeIteration
brakingLead: 1352/1600 holds, last 0.093 s, source twoStageRealTimeIteration
brakingLead: 1356/1600 holds, last 0.076 s, source twoStageRealTimeIteration
brakingLead: 1360/1600 holds, last 0.087 s, source twoStageRealTimeIteration
brakingLead: 1364/1600 holds, last 0.093 s, source twoStageRealTimeIteration
brakingLead: 1368/1600 holds, last 0.090 s, source twoStageRealTimeIteration
brakingLead: 1372/1600 holds, last 0.078 s, source twoStageRealTimeIteration
brakingLead: 1376/1600 holds, last 0.159 s, source twoStageRealTimeIteration
brakingLead: 1380/1600 holds, last 0.067 s, source twoStageRealTimeIteration
brakingLead: 1384/1600 holds, last 0.082 s, source twoStageRealTimeIteration
brakingLead: 1388/1600 holds, last 0.098 s, source twoStageRealTimeIteration
brakingLead: 1392/1600 holds, last 0.092 s, source twoStageRealTimeIteration
brakingLead: 1396/1600 holds, last 0.069 s, source twoStageRealTimeIteration
brakingLead: 1400/1600 holds, last 0.077 s, source twoStageRealTimeIteration
Recovery at 70.00 s: e = [-315.954   0.337776   -1.44337 0.00985566  0.0647435], W = 5.67305e+06
brakingLead: 1404/1600 holds, last 0.083 s, source twoStageRealTimeIteration
brakingLead: 1408/1600 holds, last 0.084 s, source twoStageRealTimeIteration
brakingLead: 1412/1600 holds, last 0.073 s, source twoStageRealTimeIteration
brakingLead: 1416/1600 holds, last 0.083 s, source twoStageRealTimeIteration
brakingLead: 1420/1600 holds, last 0.065 s, source twoStageRealTimeIteration
brakingLead: 1424/1600 holds, last 0.080 s, source twoStageRealTimeIteration
brakingLead: 1428/1600 holds, last 0.066 s, source twoStageRealTimeIteration
brakingLead: 1432/1600 holds, last 0.075 s, source twoStageRealTimeIteration
brakingLead: 1436/1600 holds, last 0.096 s, source twoStageRealTimeIteration
brakingLead: 1440/1600 holds, last 0.079 s, source twoStageRealTimeIteration
brakingLead: 1444/1600 holds, last 0.081 s, source twoStageRealTimeIteration
brakingLead: 1448/1600 holds, last 0.070 s, source twoStageRealTimeIteration
brakingLead: 1452/1600 holds, last 0.066 s, source twoStageRealTimeIteration
brakingLead: 1456/1600 holds, last 0.080 s, source twoStageRealTimeIteration
brakingLead: 1460/1600 holds, last 0.084 s, source twoStageRealTimeIteration
brakingLead: 1464/1600 holds, last 0.087 s, source twoStageRealTimeIteration
brakingLead: 1468/1600 holds, last 0.086 s, source twoStageRealTimeIteration
brakingLead: 1472/1600 holds, last 0.078 s, source twoStageRealTimeIteration
brakingLead: 1476/1600 holds, last 0.074 s, source twoStageRealTimeIteration
brakingLead: 1480/1600 holds, last 0.073 s, source twoStageRealTimeIteration
brakingLead: 1484/1600 holds, last 0.143 s, source twoStageRealTimeIteration
brakingLead: 1488/1600 holds, last 0.140 s, source twoStageRealTimeIteration
brakingLead: 1492/1600 holds, last 0.065 s, source twoStageRealTimeIteration
brakingLead: 1496/1600 holds, last 0.080 s, source twoStageRealTimeIteration
brakingLead: 1500/1600 holds, last 0.070 s, source twoStageRealTimeIteration
Recovery at 75.00 s: e = [-283.079   0.668338   -1.26814 0.00779017   0.071066], W = 4.50925e+06
brakingLead: 1504/1600 holds, last 0.067 s, source twoStageRealTimeIteration
brakingLead: 1508/1600 holds, last 0.079 s, source twoStageRealTimeIteration
brakingLead: 1512/1600 holds, last 0.074 s, source twoStageRealTimeIteration
brakingLead: 1516/1600 holds, last 0.085 s, source twoStageRealTimeIteration
brakingLead: 1520/1600 holds, last 0.070 s, source twoStageRealTimeIteration
brakingLead: 1524/1600 holds, last 0.081 s, source twoStageRealTimeIteration
brakingLead: 1528/1600 holds, last 0.085 s, source twoStageRealTimeIteration
brakingLead: 1532/1600 holds, last 0.184 s, source twoStageRealTimeIteration
brakingLead: 1536/1600 holds, last 0.081 s, source twoStageRealTimeIteration
brakingLead: 1540/1600 holds, last 0.071 s, source twoStageRealTimeIteration
brakingLead: 1544/1600 holds, last 0.089 s, source twoStageRealTimeIteration
brakingLead: 1548/1600 holds, last 0.088 s, source twoStageRealTimeIteration
brakingLead: 1552/1600 holds, last 0.070 s, source twoStageRealTimeIteration
brakingLead: 1556/1600 holds, last 0.069 s, source twoStageRealTimeIteration
brakingLead: 1560/1600 holds, last 0.083 s, source twoStageRealTimeIteration
brakingLead: 1564/1600 holds, last 0.069 s, source twoStageRealTimeIteration
brakingLead: 1568/1600 holds, last 0.080 s, source twoStageRealTimeIteration
brakingLead: 1572/1600 holds, last 0.063 s, source twoStageRealTimeIteration
brakingLead: 1576/1600 holds, last 0.066 s, source twoStageRealTimeIteration
brakingLead: 1580/1600 holds, last 0.059 s, source twoStageRealTimeIteration
brakingLead: 1584/1600 holds, last 0.069 s, source twoStageRealTimeIteration
brakingLead: 1588/1600 holds, last 0.071 s, source twoStageRealTimeIteration
brakingLead: 1592/1600 holds, last 0.061 s, source twoStageRealTimeIteration
brakingLead: 1596/1600 holds, last 0.061 s, source twoStageRealTimeIteration
brakingLead: 1600/1600 holds, last 0.074 s, source twoStageRealTimeIteration
Recovery at 80.00 s: e = [-232.47    1.00795   -1.37274 0.00732873  0.0677285], W = 2.99586e+06
brakingLead: 1600/1600 frames, max 0.495 s, failure
EXTEND-END speed=15 scenario=brakingLead frames=1600 wall=128.670 recovered=0 max=0.495035 failedCall=NaN gap=0.655146229 failure=
EXTEND-START speed=15 scenario=curvedHeadOn
curvedHeadOn: 404/1600 holds, last 0.119 s, source twoStageRealTimeIteration
curvedHeadOn: 408/1600 holds, last 0.074 s, source twoStageRealTimeIteration
curvedHeadOn: 412/1600 holds, last 0.074 s, source twoStageRealTimeIteration
curvedHeadOn: 416/1600 holds, last 0.074 s, source twoStageRealTimeIteration
curvedHeadOn: 420/1600 holds, last 0.118 s, source twoStageRealTimeIteration
curvedHeadOn: 424/1600 holds, last 0.064 s, source twoStageRealTimeIteration
curvedHeadOn: 428/1600 holds, last 0.064 s, source twoStageRealTimeIteration
curvedHeadOn: 432/1600 holds, last 0.064 s, source twoStageRealTimeIteration
curvedHeadOn: 436/1600 holds, last 0.117 s, source twoStageRealTimeIteration
curvedHeadOn: 440/1600 holds, last 0.066 s, source twoStageRealTimeIteration
curvedHeadOn: 444/1600 holds, last 0.127 s, source twoStageRealTimeIteration
curvedHeadOn: 448/1600 holds, last 0.119 s, source twoStageRealTimeIteration
curvedHeadOn: 452/1600 holds, last 0.064 s, source twoStageRealTimeIteration
curvedHeadOn: 456/1600 holds, last 0.119 s, source twoStageRealTimeIteration
curvedHeadOn: 460/1600 holds, last 0.109 s, source twoStageRealTimeIteration
curvedHeadOn: 464/1600 holds, last 0.073 s, source twoStageRealTimeIteration
curvedHeadOn: 468/1600 holds, last 0.065 s, source twoStageRealTimeIteration
curvedHeadOn: 472/1600 holds, last 0.134 s, source twoStageRealTimeIteration
curvedHeadOn: 476/1600 holds, last 0.124 s, source twoStageRealTimeIteration
curvedHeadOn: 480/1600 holds, last 0.127 s, source twoStageRealTimeIteration
curvedHeadOn: 484/1600 holds, last 0.065 s, source twoStageRealTimeIteration
curvedHeadOn: 488/1600 holds, last 0.117 s, source twoStageRealTimeIteration
curvedHeadOn: 492/1600 holds, last 0.073 s, source twoStageRealTimeIteration
curvedHeadOn: 496/1600 holds, last 0.072 s, source twoStageRealTimeIteration
curvedHeadOn: 500/1600 holds, last 0.120 s, source twoStageRealTimeIteration
Recovery at 25.00 s: e = [-24.1414    -0.06613    -1.74468   0.0312403 -0.00692602], W = 34689.2
curvedHeadOn: 504/1600 holds, last 0.079 s, source twoStageRealTimeIteration
curvedHeadOn: 508/1600 holds, last 0.078 s, source twoStageRealTimeIteration
curvedHeadOn: 512/1600 holds, last 0.097 s, source twoStageRealTimeIteration
curvedHeadOn: 516/1600 holds, last 0.071 s, source twoStageRealTimeIteration
curvedHeadOn: 520/1600 holds, last 0.072 s, source twoStageRealTimeIteration
curvedHeadOn: 524/1600 holds, last 0.127 s, source twoStageRealTimeIteration
curvedHeadOn: 528/1600 holds, last 0.071 s, source twoStageRealTimeIteration
curvedHeadOn: 532/1600 holds, last 0.126 s, source twoStageRealTimeIteration
curvedHeadOn: 536/1600 holds, last 0.078 s, source twoStageRealTimeIteration
curvedHeadOn: 540/1600 holds, last 0.070 s, source twoStageRealTimeIteration
curvedHeadOn: 544/1600 holds, last 0.071 s, source twoStageRealTimeIteration
curvedHeadOn: 548/1600 holds, last 0.071 s, source twoStageRealTimeIteration
curvedHeadOn: 552/1600 holds, last 0.125 s, source twoStageRealTimeIteration
curvedHeadOn: 556/1600 holds, last 0.071 s, source twoStageRealTimeIteration
curvedHeadOn: 560/1600 holds, last 0.076 s, source twoStageRealTimeIteration
curvedHeadOn: 564/1600 holds, last 0.071 s, source twoStageRealTimeIteration
curvedHeadOn: 568/1600 holds, last 0.071 s, source twoStageRealTimeIteration
curvedHeadOn: 572/1600 holds, last 0.078 s, source twoStageRealTimeIteration
curvedHeadOn: 576/1600 holds, last 0.129 s, source twoStageRealTimeIteration
curvedHeadOn: 580/1600 holds, last 0.076 s, source twoStageRealTimeIteration
curvedHeadOn: 584/1600 holds, last 0.071 s, source twoStageRealTimeIteration
curvedHeadOn: 588/1600 holds, last 0.128 s, source twoStageRealTimeIteration
curvedHeadOn: 592/1600 holds, last 0.077 s, source twoStageRealTimeIteration
curvedHeadOn: 596/1600 holds, last 0.076 s, source twoStageRealTimeIteration
curvedHeadOn: 600/1600 holds, last 0.077 s, source twoStageRealTimeIteration
Recovery at 30.00 s: e = [-27.5444 -0.0419784   -1.57963  0.0263119 -0.0109968], W = 44697.5
curvedHeadOn: 604/1600 holds, last 0.075 s, source twoStageRealTimeIteration
curvedHeadOn: 608/1600 holds, last 0.076 s, source twoStageRealTimeIteration
curvedHeadOn: 612/1600 holds, last 0.070 s, source twoStageRealTimeIteration
curvedHeadOn: 616/1600 holds, last 0.125 s, source twoStageRealTimeIteration
curvedHeadOn: 620/1600 holds, last 0.162 s, source twoStageRealTimeIteration
curvedHeadOn: 624/1600 holds, last 0.070 s, source twoStageRealTimeIteration
curvedHeadOn: 628/1600 holds, last 0.077 s, source twoStageRealTimeIteration
curvedHeadOn: 632/1600 holds, last 0.125 s, source twoStageRealTimeIteration
curvedHeadOn: 636/1600 holds, last 0.077 s, source twoStageRealTimeIteration
curvedHeadOn: 640/1600 holds, last 0.076 s, source twoStageRealTimeIteration
curvedHeadOn: 644/1600 holds, last 0.072 s, source twoStageRealTimeIteration
curvedHeadOn: 648/1600 holds, last 0.076 s, source twoStageRealTimeIteration
curvedHeadOn: 652/1600 holds, last 0.077 s, source twoStageRealTimeIteration
curvedHeadOn: 656/1600 holds, last 0.149 s, source twoStageRealTimeIteration
curvedHeadOn: 660/1600 holds, last 0.114 s, source twoStageRealTimeIteration
curvedHeadOn: 664/1600 holds, last 0.076 s, source twoStageRealTimeIteration
curvedHeadOn: 668/1600 holds, last 0.074 s, source twoStageRealTimeIteration
curvedHeadOn: 672/1600 holds, last 0.073 s, source twoStageRealTimeIteration
curvedHeadOn: 676/1600 holds, last 0.078 s, source twoStageRealTimeIteration
curvedHeadOn: 680/1600 holds, last 0.077 s, source twoStageRealTimeIteration
curvedHeadOn: 684/1600 holds, last 0.077 s, source twoStageRealTimeIteration
curvedHeadOn: 688/1600 holds, last 0.074 s, source twoStageRealTimeIteration
curvedHeadOn: 692/1600 holds, last 0.077 s, source twoStageRealTimeIteration
curvedHeadOn: 696/1600 holds, last 0.066 s, source twoStageRealTimeIteration
curvedHeadOn: 700/1600 holds, last 0.071 s, source twoStageRealTimeIteration
Recovery at 35.00 s: e = [-29.3305  -0.0152637    -1.54425   0.0279144 -0.00986598], W = 50272.8
curvedHeadOn: 704/1600 holds, last 0.072 s, source twoStageRealTimeIteration
curvedHeadOn: 708/1600 holds, last 0.077 s, source twoStageRealTimeIteration
curvedHeadOn: 712/1600 holds, last 0.072 s, source twoStageRealTimeIteration
curvedHeadOn: 716/1600 holds, last 0.076 s, source twoStageRealTimeIteration
curvedHeadOn: 720/1600 holds, last 0.073 s, source twoStageRealTimeIteration
curvedHeadOn: 724/1600 holds, last 0.126 s, source twoStageRealTimeIteration
curvedHeadOn: 728/1600 holds, last 0.133 s, source twoStageRealTimeIteration
curvedHeadOn: 732/1600 holds, last 0.127 s, source twoStageRealTimeIteration
curvedHeadOn: 736/1600 holds, last 0.085 s, source twoStageRealTimeIteration
curvedHeadOn: 740/1600 holds, last 0.072 s, source twoStageRealTimeIteration
curvedHeadOn: 744/1600 holds, last 0.078 s, source twoStageRealTimeIteration
curvedHeadOn: 748/1600 holds, last 0.110 s, source twoStageRealTimeIteration
curvedHeadOn: 752/1600 holds, last 0.064 s, source twoStageRealTimeIteration
curvedHeadOn: 756/1600 holds, last 0.078 s, source twoStageRealTimeIteration
curvedHeadOn: 760/1600 holds, last 0.074 s, source twoStageRealTimeIteration
curvedHeadOn: 764/1600 holds, last 0.072 s, source twoStageRealTimeIteration
curvedHeadOn: 768/1600 holds, last 0.071 s, source twoStageRealTimeIteration
curvedHeadOn: 772/1600 holds, last 0.072 s, source twoStageRealTimeIteration
curvedHeadOn: 776/1600 holds, last 0.078 s, source twoStageRealTimeIteration
curvedHeadOn: 780/1600 holds, last 0.071 s, source twoStageRealTimeIteration
curvedHeadOn: 784/1600 holds, last 0.065 s, source twoStageRealTimeIteration
curvedHeadOn: 788/1600 holds, last 0.071 s, source twoStageRealTimeIteration
curvedHeadOn: 792/1600 holds, last 0.058 s, source twoStageRealTimeIteration
curvedHeadOn: 796/1600 holds, last 0.059 s, source twoStageRealTimeIteration
curvedHeadOn: 800/1600 holds, last 0.062 s, source twoStageRealTimeIteration
Recovery at 40.00 s: e = [-29.2068   0.0166859    -1.52579   0.0272263 -0.00601626], W = 49423.4
curvedHeadOn: 804/1600 holds, last 0.130 s, source twoStageRealTimeIteration
curvedHeadOn: 808/1600 holds, last 0.082 s, source twoStageRealTimeIteration
curvedHeadOn: 812/1600 holds, last 0.079 s, source twoStageRealTimeIteration
curvedHeadOn: 816/1600 holds, last 0.086 s, source twoStageRealTimeIteration
curvedHeadOn: 820/1600 holds, last 0.073 s, source twoStageRealTimeIteration
curvedHeadOn: 824/1600 holds, last 0.079 s, source twoStageRealTimeIteration
curvedHeadOn: 828/1600 holds, last 0.074 s, source twoStageRealTimeIteration
curvedHeadOn: 832/1600 holds, last 0.060 s, source twoStageRealTimeIteration
curvedHeadOn: 836/1600 holds, last 0.127 s, source twoStageRealTimeIteration
curvedHeadOn: 840/1600 holds, last 0.065 s, source twoStageRealTimeIteration
curvedHeadOn: 844/1600 holds, last 0.080 s, source twoStageRealTimeIteration
curvedHeadOn: 848/1600 holds, last 0.061 s, source twoStageRealTimeIteration
curvedHeadOn: 852/1600 holds, last 0.074 s, source twoStageRealTimeIteration
curvedHeadOn: 856/1600 holds, last 0.074 s, source twoStageRealTimeIteration
curvedHeadOn: 860/1600 holds, last 0.079 s, source twoStageRealTimeIteration
curvedHeadOn: 864/1600 holds, last 0.074 s, source twoStageRealTimeIteration
curvedHeadOn: 868/1600 holds, last 0.073 s, source twoStageRealTimeIteration
curvedHeadOn: 872/1600 holds, last 0.080 s, source twoStageRealTimeIteration
curvedHeadOn: 876/1600 holds, last 0.073 s, source twoStageRealTimeIteration
curvedHeadOn: 880/1600 holds, last 0.079 s, source twoStageRealTimeIteration
curvedHeadOn: 884/1600 holds, last 0.080 s, source twoStageRealTimeIteration
curvedHeadOn: 888/1600 holds, last 0.082 s, source twoStageRealTimeIteration
curvedHeadOn: 892/1600 holds, last 0.092 s, source twoStageRealTimeIteration
curvedHeadOn: 896/1600 holds, last 0.077 s, source twoStageRealTimeIteration
curvedHeadOn: 900/1600 holds, last 0.072 s, source twoStageRealTimeIteration
Recovery at 45.00 s: e = [-27.1083  0.0420735   -1.41571  0.0246858 -0.0120348], W = 42253.2
curvedHeadOn: 904/1600 holds, last 0.075 s, source twoStageRealTimeIteration
curvedHeadOn: 908/1600 holds, last 0.074 s, source twoStageRealTimeIteration
curvedHeadOn: 912/1600 holds, last 0.084 s, source twoStageRealTimeIteration
curvedHeadOn: 916/1600 holds, last 0.086 s, source twoStageRealTimeIteration
curvedHeadOn: 920/1600 holds, last 0.084 s, source twoStageRealTimeIteration
curvedHeadOn: 924/1600 holds, last 0.147 s, source twoStageRealTimeIteration
curvedHeadOn: 928/1600 holds, last 0.064 s, source twoStageRealTimeIteration
curvedHeadOn: 932/1600 holds, last 0.066 s, source twoStageRealTimeIteration
curvedHeadOn: 936/1600 holds, last 0.089 s, source twoStageRealTimeIteration
curvedHeadOn: 940/1600 holds, last 0.099 s, source twoStageRealTimeIteration
curvedHeadOn: 944/1600 holds, last 0.091 s, source twoStageRealTimeIteration
curvedHeadOn: 948/1600 holds, last 0.081 s, source twoStageRealTimeIteration
curvedHeadOn: 952/1600 holds, last 0.138 s, source twoStageRealTimeIteration
curvedHeadOn: 956/1600 holds, last 0.130 s, source twoStageRealTimeIteration
curvedHeadOn: 960/1600 holds, last 0.087 s, source twoStageRealTimeIteration
curvedHeadOn: 964/1600 holds, last 0.087 s, source twoStageRealTimeIteration
curvedHeadOn: 968/1600 holds, last 0.073 s, source twoStageRealTimeIteration
curvedHeadOn: 972/1600 holds, last 0.125 s, source twoStageRealTimeIteration
curvedHeadOn: 976/1600 holds, last 0.091 s, source twoStageRealTimeIteration
curvedHeadOn: 980/1600 holds, last 0.086 s, source twoStageRealTimeIteration
curvedHeadOn: 984/1600 holds, last 0.086 s, source twoStageRealTimeIteration
curvedHeadOn: 988/1600 holds, last 0.140 s, source twoStageRealTimeIteration
curvedHeadOn: 992/1600 holds, last 0.078 s, source twoStageRealTimeIteration
curvedHeadOn: 996/1600 holds, last 0.072 s, source twoStageRealTimeIteration
curvedHeadOn: 1000/1600 holds, last 0.132 s, source twoStageRealTimeIteration
Recovery at 50.00 s: e = [-23.3442   0.065369   -1.48896   0.026322 -0.0113114], W = 31046.6
curvedHeadOn: 1004/1600 holds, last 0.072 s, source twoStageRealTimeIteration
curvedHeadOn: 1008/1600 holds, last 0.078 s, source twoStageRealTimeIteration
curvedHeadOn: 1012/1600 holds, last 0.113 s, source twoStageRealTimeIteration
curvedHeadOn: 1016/1600 holds, last 0.077 s, source twoStageRealTimeIteration
curvedHeadOn: 1020/1600 holds, last 0.087 s, source twoStageRealTimeIteration
curvedHeadOn: 1024/1600 holds, last 0.144 s, source twoStageRealTimeIteration
curvedHeadOn: 1028/1600 holds, last 0.076 s, source twoStageRealTimeIteration
curvedHeadOn: 1032/1600 holds, last 0.081 s, source twoStageRealTimeIteration
curvedHeadOn: 1036/1600 holds, last 0.081 s, source twoStageRealTimeIteration
curvedHeadOn: 1040/1600 holds, last 0.084 s, source twoStageRealTimeIteration
curvedHeadOn: 1044/1600 holds, last 0.104 s, source twoStageRealTimeIteration
curvedHeadOn: 1048/1600 holds, last 0.091 s, source twoStageRealTimeIteration
curvedHeadOn: 1052/1600 holds, last 0.127 s, source twoStageRealTimeIteration
curvedHeadOn: 1056/1600 holds, last 0.068 s, source twoStageRealTimeIteration
curvedHeadOn: 1060/1600 holds, last 0.080 s, source twoStageRealTimeIteration
curvedHeadOn: 1064/1600 holds, last 0.120 s, source twoStageRealTimeIteration
curvedHeadOn: 1068/1600 holds, last 0.126 s, source twoStageRealTimeIteration
curvedHeadOn: 1072/1600 holds, last 0.076 s, source twoStageRealTimeIteration
curvedHeadOn: 1076/1600 holds, last 0.150 s, source twoStageRealTimeIteration
curvedHeadOn: 1080/1600 holds, last 0.080 s, source twoStageRealTimeIteration
curvedHeadOn: 1084/1600 holds, last 0.143 s, source twoStageRealTimeIteration
curvedHeadOn: 1088/1600 holds, last 0.094 s, source twoStageRealTimeIteration
curvedHeadOn: 1092/1600 holds, last 0.069 s, source twoStageRealTimeIteration
curvedHeadOn: 1096/1600 holds, last 0.103 s, source twoStageRealTimeIteration
curvedHeadOn: 1100/1600 holds, last 0.078 s, source twoStageRealTimeIteration
Recovery at 55.00 s: e = [-18.229   0.083964   -1.58996  0.0276254 -0.0080578], W = 18693.4
curvedHeadOn: 1104/1600 holds, last 0.080 s, source twoStageRealTimeIteration
curvedHeadOn: 1108/1600 holds, last 0.070 s, source twoStageRealTimeIteration
curvedHeadOn: 1112/1600 holds, last 0.071 s, source twoStageRealTimeIteration
curvedHeadOn: 1116/1600 holds, last 0.090 s, source twoStageRealTimeIteration
curvedHeadOn: 1120/1600 holds, last 0.095 s, source twoStageRealTimeIteration
curvedHeadOn: 1124/1600 holds, last 0.088 s, source twoStageRealTimeIteration
curvedHeadOn: 1128/1600 holds, last 0.072 s, source twoStageRealTimeIteration
curvedHeadOn: 1132/1600 holds, last 0.094 s, source twoStageRealTimeIteration
curvedHeadOn: 1136/1600 holds, last 0.092 s, source twoStageRealTimeIteration
curvedHeadOn: 1140/1600 holds, last 0.069 s, source twoStageRealTimeIteration
curvedHeadOn: 1144/1600 holds, last 0.085 s, source twoStageRealTimeIteration
curvedHeadOn: 1148/1600 holds, last 0.094 s, source twoStageRealTimeIteration
curvedHeadOn: 1152/1600 holds, last 0.087 s, source twoStageRealTimeIteration
curvedHeadOn: 1156/1600 holds, last 0.069 s, source twoStageRealTimeIteration
curvedHeadOn: 1160/1600 holds, last 0.078 s, source twoStageRealTimeIteration
curvedHeadOn: 1164/1600 holds, last 0.068 s, source twoStageRealTimeIteration
curvedHeadOn: 1168/1600 holds, last 0.113 s, source twoStageRealTimeIteration
curvedHeadOn: 1172/1600 holds, last 0.129 s, source twoStageRealTimeIteration
curvedHeadOn: 1176/1600 holds, last 0.098 s, source twoStageRealTimeIteration
curvedHeadOn: 1180/1600 holds, last 0.084 s, source twoStageRealTimeIteration
curvedHeadOn: 1184/1600 holds, last 0.153 s, source twoStageRealTimeIteration
curvedHeadOn: 1188/1600 holds, last 0.102 s, source twoStageRealTimeIteration
curvedHeadOn: 1192/1600 holds, last 0.123 s, source twoStageRealTimeIteration
curvedHeadOn: 1196/1600 holds, last 0.081 s, source twoStageRealTimeIteration
curvedHeadOn: 1200/1600 holds, last 0.095 s, source twoStageRealTimeIteration
Recovery at 60.00 s: e = [-11.8275  0.0919303   -1.47271  0.0246566 -0.0127488], W = 7705.54
curvedHeadOn: 1204/1600 holds, last 0.093 s, source twoStageRealTimeIteration
curvedHeadOn: 1208/1600 holds, last 0.079 s, source twoStageRealTimeIteration
curvedHeadOn: 1212/1600 holds, last 0.074 s, source twoStageRealTimeIteration
curvedHeadOn: 1216/1600 holds, last 0.061 s, source twoStageRealTimeIteration
curvedHeadOn: 1220/1600 holds, last 0.077 s, source twoStageRealTimeIteration
curvedHeadOn: 1224/1600 holds, last 0.061 s, source twoStageRealTimeIteration
curvedHeadOn: 1228/1600 holds, last 0.068 s, source twoStageRealTimeIteration
curvedHeadOn: 1232/1600 holds, last 0.075 s, source twoStageRealTimeIteration
curvedHeadOn: 1236/1600 holds, last 0.061 s, source twoStageRealTimeIteration
curvedHeadOn: 1240/1600 holds, last 0.073 s, source twoStageRealTimeIteration
curvedHeadOn: 1244/1600 holds, last 0.090 s, source twoStageRealTimeIteration
curvedHeadOn: 1248/1600 holds, last 0.099 s, source twoStageRealTimeIteration
curvedHeadOn: 1252/1600 holds, last 0.083 s, source twoStageRealTimeIteration
curvedHeadOn: 1256/1600 holds, last 0.088 s, source twoStageRealTimeIteration
curvedHeadOn: 1260/1600 holds, last 0.092 s, source twoStageRealTimeIteration
curvedHeadOn: 1264/1600 holds, last 0.097 s, source twoStageRealTimeIteration
curvedHeadOn: 1268/1600 holds, last 0.089 s, source twoStageRealTimeIteration
curvedHeadOn: 1272/1600 holds, last 0.101 s, source twoStageRealTimeIteration
curvedHeadOn: 1276/1600 holds, last 0.106 s, source twoStageRealTimeIteration
curvedHeadOn: 1280/1600 holds, last 0.192 s, source twoStageRealTimeIteration
curvedHeadOn: 1284/1600 holds, last 0.073 s, source twoStageRealTimeIteration
curvedHeadOn: 1288/1600 holds, last 0.105 s, source twoStageRealTimeIteration
curvedHeadOn: 1292/1600 holds, last 0.110 s, source twoStageRealTimeIteration
curvedHeadOn: 1296/1600 holds, last 0.076 s, source twoStageRealTimeIteration
curvedHeadOn: 1300/1600 holds, last 0.110 s, source twoStageRealTimeIteration
Recovery at 65.00 s: e = [-5.25486 -0.159195  -2.23682 0.0713877 0.0861728], W = 2147.37
curvedHeadOn: 1304/1600 holds, last 0.092 s, source twoStageRealTimeIteration
curvedHeadOn: 1308/1600 holds, last 0.090 s, source twoStageRealTimeIteration
curvedHeadOn: 1312/1600 holds, last 0.060 s, source twoStageRealTimeIteration
curvedHeadOn: 1316/1600 holds, last 0.061 s, source twoStageRealTimeIteration
curvedHeadOn: 1320/1600 holds, last 0.064 s, source twoStageRealTimeIteration
curvedHeadOn: 1324/1600 holds, last 0.064 s, source twoStageRealTimeIteration
curvedHeadOn: 1328/1600 holds, last 0.060 s, source twoStageRealTimeIteration
curvedHeadOn: 1332/1600 holds, last 0.066 s, source twoStageRealTimeIteration
curvedHeadOn: 1336/1600 holds, last 0.057 s, source twoStageRealTimeIteration
curvedHeadOn: 1340/1600 holds, last 0.064 s, source twoStageRealTimeIteration
curvedHeadOn: 1344/1600 holds, last 0.061 s, source twoStageRealTimeIteration
curvedHeadOn: 1348/1600 holds, last 0.059 s, source twoStageRealTimeIteration
curvedHeadOn: 1352/1600 holds, last 0.059 s, source twoStageRealTimeIteration
curvedHeadOn: 1356/1600 holds, last 0.056 s, source twoStageRealTimeIteration
curvedHeadOn: 1360/1600 holds, last 0.082 s, source twoStageRealTimeIteration
curvedHeadOn: 1364/1600 holds, last 0.072 s, source twoStageRealTimeIteration
curvedHeadOn: 1368/1600 holds, last 0.073 s, source twoStageRealTimeIteration
curvedHeadOn: 1372/1600 holds, last 0.073 s, source twoStageRealTimeIteration
curvedHeadOn: 1376/1600 holds, last 0.057 s, source twoStageRealTimeIteration
curvedHeadOn: 1380/1600 holds, last 0.060 s, source twoStageRealTimeIteration
curvedHeadOn: 1384/1600 holds, last 0.068 s, source twoStageRealTimeIteration
curvedHeadOn: 1388/1600 holds, last 0.056 s, source twoStageRealTimeIteration
curvedHeadOn: 1392/1600 holds, last 0.117 s, source twoStageRealTimeIteration
curvedHeadOn: 1396/1600 holds, last 0.067 s, source twoStageRealTimeIteration
curvedHeadOn: 1400/1600 holds, last 0.068 s, source twoStageRealTimeIteration
Recovery at 70.00 s: e = [-13.9986   -0.128342   -0.976433   0.0181249 -0.00588253], W = 12280
curvedHeadOn: 1404/1600 holds, last 0.063 s, source twoStageRealTimeIteration
curvedHeadOn: 1408/1600 holds, last 0.071 s, source twoStageRealTimeIteration
curvedHeadOn: 1412/1600 holds, last 0.061 s, source twoStageRealTimeIteration
curvedHeadOn: 1416/1600 holds, last 0.060 s, source twoStageRealTimeIteration
curvedHeadOn: 1420/1600 holds, last 0.069 s, source twoStageRealTimeIteration
curvedHeadOn: 1424/1600 holds, last 0.157 s, source twoStageRealTimeIteration
curvedHeadOn: 1428/1600 holds, last 0.061 s, source twoStageRealTimeIteration
curvedHeadOn: 1432/1600 holds, last 0.068 s, source twoStageRealTimeIteration
curvedHeadOn: 1436/1600 holds, last 0.135 s, source twoStageRealTimeIteration
curvedHeadOn: 1440/1600 holds, last 0.082 s, source twoStageRealTimeIteration
curvedHeadOn: 1444/1600 holds, last 0.062 s, source twoStageRealTimeIteration
curvedHeadOn: 1448/1600 holds, last 0.136 s, source twoStageRealTimeIteration
curvedHeadOn: 1452/1600 holds, last 0.136 s, source twoStageRealTimeIteration
curvedHeadOn: 1456/1600 holds, last 0.134 s, source twoStageRealTimeIteration
curvedHeadOn: 1460/1600 holds, last 0.065 s, source twoStageRealTimeIteration
curvedHeadOn: 1464/1600 holds, last 0.076 s, source twoStageRealTimeIteration
curvedHeadOn: 1468/1600 holds, last 0.070 s, source twoStageRealTimeIteration
curvedHeadOn: 1472/1600 holds, last 0.144 s, source twoStageRealTimeIteration
curvedHeadOn: 1476/1600 holds, last 0.075 s, source twoStageRealTimeIteration
curvedHeadOn: 1480/1600 holds, last 0.087 s, source twoStageRealTimeIteration
curvedHeadOn: 1484/1600 holds, last 0.084 s, source twoStageRealTimeIteration
curvedHeadOn: 1488/1600 holds, last 0.153 s, source twoStageRealTimeIteration
curvedHeadOn: 1492/1600 holds, last 0.087 s, source twoStageRealTimeIteration
curvedHeadOn: 1496/1600 holds, last 0.083 s, source twoStageRealTimeIteration
curvedHeadOn: 1500/1600 holds, last 0.068 s, source twoStageRealTimeIteration
Recovery at 75.00 s: e = [-20.7526  -0.094641   -1.26223  0.0248092 -0.0117644], W = 25996.6
curvedHeadOn: 1504/1600 holds, last 0.112 s, source twoStageRealTimeIteration
curvedHeadOn: 1508/1600 holds, last 0.098 s, source twoStageRealTimeIteration
curvedHeadOn: 1512/1600 holds, last 0.116 s, source twoStageRealTimeIteration
curvedHeadOn: 1516/1600 holds, last 0.127 s, source twoStageRealTimeIteration
curvedHeadOn: 1520/1600 holds, last 0.137 s, source twoStageRealTimeIteration
curvedHeadOn: 1524/1600 holds, last 0.127 s, source twoStageRealTimeIteration
curvedHeadOn: 1528/1600 holds, last 0.088 s, source twoStageRealTimeIteration
curvedHeadOn: 1532/1600 holds, last 0.076 s, source twoStageRealTimeIteration
curvedHeadOn: 1536/1600 holds, last 0.069 s, source twoStageRealTimeIteration
curvedHeadOn: 1540/1600 holds, last 0.105 s, source twoStageRealTimeIteration
curvedHeadOn: 1544/1600 holds, last 0.103 s, source twoStageRealTimeIteration
curvedHeadOn: 1548/1600 holds, last 0.152 s, source twoStageRealTimeIteration
curvedHeadOn: 1552/1600 holds, last 0.119 s, source twoStageRealTimeIteration
curvedHeadOn: 1556/1600 holds, last 0.150 s, source twoStageRealTimeIteration
curvedHeadOn: 1560/1600 holds, last 0.226 s, source twoStageRealTimeIteration
curvedHeadOn: 1564/1600 holds, last 0.115 s, source twoStageRealTimeIteration
curvedHeadOn: 1568/1600 holds, last 0.107 s, source twoStageRealTimeIteration
curvedHeadOn: 1572/1600 holds, last 0.092 s, source twoStageRealTimeIteration
curvedHeadOn: 1576/1600 holds, last 0.128 s, source twoStageRealTimeIteration
curvedHeadOn: 1580/1600 holds, last 0.143 s, source twoStageRealTimeIteration
curvedHeadOn: 1584/1600 holds, last 0.090 s, source twoStageRealTimeIteration
curvedHeadOn: 1588/1600 holds, last 0.107 s, source twoStageRealTimeIteration
curvedHeadOn: 1592/1600 holds, last 0.121 s, source twoStageRealTimeIteration
curvedHeadOn: 1596/1600 holds, last 0.087 s, source twoStageRealTimeIteration
curvedHeadOn: 1600/1600 holds, last 0.121 s, source twoStageRealTimeIteration
Recovery at 80.00 s: e = [-26.2393  -0.0709191    -1.60559   0.0284664 -0.00909509], W = 40947.3
curvedHeadOn: 1600/1600 frames, max 0.226 s, failure
EXTEND-END speed=15 scenario=curvedHeadOn frames=1600 wall=119.808 recovered=0 max=0.226490 failedCall=NaN gap=0.779542582 failure=
