0.85,11.9112246932427,-0.0204329184291463,0.00389747366946337,12.8219284357835,0.136489134809467,0.257750116068069,24.8104422564925,7.15773049667423,-1.84628828190284,9.86004872512879
0.855,11.9752702726681,-0.0194434418422749,0.00522105771294842,12.7978470077982,0.142553746301687,0.271599618783302,24.8001311986068,7.11263170933938,-1.84484318107885,9.77473885813132
0.86,12.039193930808,-0.0183388273712895,0.00661264079745569,12.7737885244267,0.148049732265125,0.284951688016432,24.789879804571,7.0674936854204,-1.84339729933034,9.68956091087733
0.865,12.1029955265561,-0.0171179239273521,0.00806976514477076,12.7497528366323,0.153002130345164,0.297818090004103,24.7796882015643,7.022316495265,-1.84195063665731,9.60451867758588
0.87,12.1666749091947,-0.0157796357309072,0.00959003194943369,12.7257396587378,0.157435329590433,0.310210644237209,24.769556516756,6.97710020954493,-1.84050319305976,9.5196160861328
0.875,12.2302319184775,-0.014322920595049,0.0111711015936139,12.7017485825847,0.161373087344031,0.322141202753256,24.7594848773043,6.93184489925629,-1.83905496853769,9.43485719782209
0.88,12.2936663847267,-0.0127467881622548,0.0128106937568485,12.6777790911782,0.164838542893348,0.333621628861622,24.749473410356,6.88655063571999,-1.8376059630911,9.35024620768694
0.885,12.3569781289432,-0.0110502981155969,0.0145065874185607,12.6538305717676,0.167854228516535,0.344663775697272,24.7395222430453,6.84121749058206,-1.83615617671999,9.26578744532493
0.89,12.4201669629314,-0.00923255838331257,0.0162566207540164,12.6299023283185,0.17044207848682,0.355279464918168,24.7296315024938,6.79584553581406,-1.83470560942436,9.18148537626984
0.895,12.4832326894362,-0.00729272335127976,0.0180586909245993,12.6059935933475,0.172623436519387,0.365480465832427,24.719801315809,6.75043484371346,-1.83325426120421,9.09734460390136
0.9,12.5461751022932,-0.0052299920963027,0.0199107537648885,12.5821035390925,0.174419062069795,0.375278475207648,24.7100318100843,6.70498548690401,-1.83180213205954,9.01336987189315
0.9,12.5461751022932,-0.0052299920963027,0.0199107537648885,12.5821035390925,0.174419062069795,0.375278475207648,24.7100318100843,6.70498548690401,-1.83180213205954,9.01336987189315
0.905,12.6089933429496,-0.00304354557636275,0.0218109227093662,12.5579740921038,0.175879797088754,0.384727140917601,24.700323112398,6.65949753833612,-1.83034922199035,8.92956662850125
0.91,12.6716865364624,-0.000732568954337863,0.0237574144698781,12.5338596255049,0.177003650901118,0.393809379430078,24.6906753498125,6.61397107128723,-1.82889553099664,8.84594046794661
0.915,12.7342544393374,0.00170366964028735,0.0257484234584231,12.5097593003678,0.177808681478936,0.402535785807689,24.6810886493737,6.56840615936219,-1.82744105907841,8.76249657729411
0.92,12.7966968000323,0.00426586284793957,0.0277821966922188,12.4856722563614,0.17831240292747,0.410916805445547,24.6715631381104,6.52280287649361,-1.82598580623567,8.67924030407751
0.925,12.8590133591654,0.00695466546657207,0.0298570330218881,12.4615976183882,0.178531794866613,0.418962724914972,24.6620989430335,6.47716129694227,-1.8245297724684,8.59617716149562
0.93,12.9212038497291,0.00977069580184727,0.0319712823162735,12.4375345027001,0.178483311429777,0.426683663496397,24.6526961911351,6.43148149529745,-1.82307295777661,8.51331283411532
0.935,12.9832679973091,0.0127145369788912,0.0341233446059298,12.4134820225122,0.178182890021865,0.434089565456969,24.6433550093883,6.38576354647734,-1.8216153621603,8.43065318408359
0.94,13.0452055203062,0.015786738210738,0.0363116691907512,12.3894392931221,0.177645959941248,0.441190193093341,24.6340755247458,6.34000752572937,-1.82015698561947,8.34820425785392
0.945,13.107016130163,0.0189878160240607,0.0385347537140186,12.3654054365562,0.176887450955559,0.447995120570451,24.6248578641397,6.2942135086306,-1.81869782815413,8.2659722934307
0.95,13.168699531592,0.0223182554391399,0.0407911432082899,12.3413795857566,0.17592180189408,0.454513728552602,24.6157021544808,6.24838157108807,-1.81723788976426,8.18396372813788
0.95,13.168699531592,0.0223182554391399,0.0407911432082899,12.3413795857566,0.17592180189408,0.454513728552602,24.6157021544808,6.24838157108807,-1.81723788976426,8.18396372813788
0.955,13.2302550253821,0.0257785332144433,0.0430794807613865,12.3172023211959,0.174778665193106,0.460776656127227,24.6066085226574,6.20251178933917,-1.81577717044987,8.102185572276
0.96,13.2916819028292,0.0293691095801796,0.0453984705548788,12.2930306834627,0.1734589319257,0.466776048277482,24.597577095535,6.15660423995203,-1.81431567021096,8.02064505818071
0.965,13.3529798450971,0.0330904002354608,0.0477468160998231,12.2688639096965,0.17197522337962,0.47252034718602,24.5886079999557,6.11065899982584,-1.81285338904754,7.9393492830283
0.97,13.4141485276687,0.0369427928801107,0.0501232626208038,12.2447012588979,0.170339723630081,0.478017795873958,24.5797013627368,6.06467614619123,-1.81139032695959,7.85830558184448
0.975,13.4751876205794,0.040926648159377,0.0525265960580261,12.2205420139628,0.168564189155321,0.483276437574633,24.5708573106709,6.01865575661063,-1.80992648394712,7.77752153797517
0.98,13.536096788649,0.0450423005709392,0.0549556420681701,12.1963854834229,0.166659958431735,0.488304115594336,24.5620759705246,5.97259790897864,-1.80846186001013,7.69700499412786
0.985,13.5968756917126,0.0492900593363368,0.0574092650250647,12.1722310029186,0.164637961523646,0.493108473642568,24.553357469038,5.92650268152237,-1.80699645514863,7.61676406399498
0.99,13.6575239848494,0.0536702092363697,0.059886367023754,12.1480779364174,0.162508729661935,0.497696956597473,24.5447019329239,5.88037015280179,-1.8055302693626,7.53680714447275
0.995,13.7180413186107,0.0581830114127465,0.0623858868888241,12.1239256771995,0.160282404816152,0.502076811686287,24.5361094888671,5.83420040171012,-1.80406330265206,7.45714292848803
1,13.7784273392436,0.0628287041359435,0.0649067991901801,12.0997736486276,0.157968749246348,0.506255090044898,24.5275802635236,5.78799350747415,-1.80259555501699,7.37778041844744
1,13.7784273392436,0.0628287041359435,0.0649067991901801,12.0997736486276,0.157968749246348,0.506255090044898,24.5275802635236,5.78799350747415,-1.80259555501699,7.37778041844744
1.005,13.8386814616551,0.0676075059634753,0.0674481364763865,12.0755306331495,0.15558415559629,0.510248164948472,24.5191143835201,5.74174954965461,-1.8011270264574,7.29872915978819
1.01,13.8988030957793,0.072519617651118,0.0700089696504138,12.0512865785439,0.153131598202909,0.514054520159711,24.510711975453,5.69546860814651,-1.7996577169733,7.21999904065867
1.015,13.9587918746544,0.0775652183434623,0.0725883810857523,12.0270410197766,0.150619624477892,0.517680513989396,24.5023731658875,5.6491507631795,-1.79818762656467,7.14160008616569
1.02,14.0186474279466,0.0827444667521144,0.0751854844928832,12.0027935221128,0.148056448610189,0.521132323421691,24.4940980813575,5.60279609531822,-1.79671675523153,7.06354269186374
1.025,14.078369382157,0.0880575017834222,0.0777994240202496,11.978543681053,0.145449960700478,0.524415947189991,24.4858868483641,5.55640468546265,-1.79524510297386,6.98583764049367
1.03,14.1379573608255,0.0935044431414022,0.0804293733711108,11.9542911221559,0.142807735777469,0.527537209034456,24.4777395933755,5.50997661484844,-1.79377266979167,6.9084961194215
1.035,14.1974109847307,0.0990853919062576,0.0830745349369665,11.930035500756,0.140137042703005,0.530501761100678,24.4696564428257,5.46351196504727,-1.79229945568497,6.83152973878687
1.04,14.2567298720858,0.104800431090129,0.0857341389484328,11.9057765015912,0.137444852941762,0.533315087474941,24.4616375231142,5.4170108179672,-1.79082546065374,6.75495055036959
1.045,14.3159136387305,0.11064962617054,0.0884074426439279,11.8815138383472,0.134737849202479,0.535982507820034,24.453682960605,5.370473255853,-1.789350684698,6.67877106717926
1.05,14.3749618983188,0.11663302560302,0.09109372945692,11.8572472531319,0.13202243392786,0.538509181106818,24.4457928816257,5.3238993612865,-1.78787512781773,6.60300428377093
1.05,14.3749618983188,0.11663302560302,0.09109372945692,11.8572472531319,0.13202243392786,0.538509181106818,24.4457928816257,5.3238993612865,-1.78787512781773,6.60300428377093
1.055,14.4338741455725,0.122750657653056,0.0937923177100978,11.8329298019101,0.129307588628825,0.540903957162165,24.4379674124673,5.27728921718692,-1.78639879001295,6.52766381498563
1.06,14.4926498730864,0.129002535296785,0.0965025513736286,11.8086079465439,0.126596578918297,0.54316813537358,24.430206679383,5.23064290681121,-1.78492167128365,6.45276380223493
1.065,14.5512886886023,0.135388659871907,0.0992237891886621,11.7842815160202,0.123894981219834,0.545306383712922,24.4225108085872,5.18396051375443,-1.78344377162982,6.37831881727399
1.07,14.6097901984067,0.141909017448863,0.101955412876837,11.7599503647003,0.121208127014941,0.547323227059411,24.4148799262555,5.13724212195001,-1.78196509105148,6.30434400197602
1.075,14.6681540074962,0.148563579256956,0.10469682643455,11.7356143715759,0.118541110386518,0.549223051070598,24.4073141585233,5.09048781567016,-1.78048562954861,6.23085509214213
1.08,14.7263797197384,0.155352302094768,0.107447455446463,11.7112734395009,0.115898795381314,0.55101010605044,24.3998136314853,5.04369767952614,-1.77900538712123,6.15786844194391
1.085,14.7844669380286,0.162275128725129,0.110206746418422,11.6869274944026,0.113285823191859,0.552688510794891,24.3923784711946,4.99687179846867,-1.77752436376932,6.08540104895557
1.09,14.8424152644424,0.169331988255727,0.112974166129418,11.6625764844789,0.110706619153713,0.554262256413852,24.3850088036621,4.95001025778816,-1.7760425594929,6.01347057972188
1.095,14.9002243003841,0.176522796505576,0.115749201002703,11.638220379386,0.10816539955793,0.555735210112953,24.3777047548555,4.90311314311515,-1.77455997429196,5.94209539579504
1.1,14.9578936467306,0.183847456358335,0.118531356495564,11.6138591694197,0.105666178277726,0.557111118934624,24.370466450699,4.85618054042056,-1.77307660816649,5.87129458015898
1.1,14.9578936467306,0.183847456358335,0.118531356495564,11.6138591694197,0.105666178277726,0.557111118934624,24.370466450699,4.85618054042056,-1.77307660816649,5.87129458015898
1.105,15.0154228522298,0.191305854695064,0.121320160228079,11.5894721526662,0.103213887173783,0.558395109589156,24.3632940170718,4.80921253601604,-1.77159246111651,5.80108801795145
1.11,15.072811465313,0.198897866225034,0.124115157845212,11.5650800617857,0.100811098051841,0.559589248877572,24.3561875798079,4.76220921655431,-1.77010753314201,5.73149637018061
1.115,15.1300590860057,0.206623357144983,0.126915908642042,11.5406829450985,0.098461249433424,0.560696939774286,24.3491472646951,4.71517066902948,-1.76862182424299,5.66254104623039
1.12,15.1871653143471,0.214482181985114,0.129721988664358,11.5162808681839,0.096167602790738,0.561721480122575,24.3421731974744,4.66809698077734,-1.76713533441944,5.59424428424979
1.125,15.2441297505138,0.222474183905637,0.132532990191345,11.4918739130844,0.0939332482082501,0.562666066037677,24.335265503839,4.62098823947577,-1.76564806367138,5.5266291776408
1.13,15.3009519949397,0.230599194982764,0.135348521235492,11.4674621775236,0.0917611098596259,0.563533795235594,24.3284243094334,4.57384453314494,-1.7641600119988,5.45971970102566
1.135,15.3576316484329,0.238857036484741,0.138168205058559,11.4430457741337,0.0896539513156814,0.564327670282659,24.3216497398531,4.52666595014774,-1.7626711794017,5.39354073544831
1.14,15.4141683122885,0.247247519138129,0.140991679703983,11.4186248296999,0.0876143806732314,0.565050601765775,24.3149419206434,4.47945257919001,-1.76118156588007,5.32811809253383
1.145,15.4705615883978,0.255770443384835,0.143818597544537,11.3941994844184,0.0856448555210503,0.565705411378851,24.3083009772988,4.43220450932094,-1.75969117143393,5.2633153835322
1.15,15.5268110793545,0.264425599630083,0.146648624845605,11.3697698911725,0.0837476877333655,0.566294834926394,24.3017270352621,4.38492182993332,-1.75819999606327,5.19844763430424
1.15,15.5268110793545,0.264425599630083,0.146648624845605,11.3697698911725,0.0837476877333655,0.566294834926394,24.3017270352621,4.38492182993332,-1.75819999606327,5.19844763430424
1.155,15.5829163689,0.273212766696077,0.149481442847562,11.34532833245,0.0819254961950078,0.566822128189055,24.2952202199237,4.33760463076388,-1.75670803976809,5.13343514473854
1.16,15.6388770416645,0.282131713845467,0.152316745874854,11.3208828652739,0.0801798801363639,0.567289267294839,24.2887806566206,4.29025300189359,-1.75521530254839,5.06827765901383
1.165,15.6946927029287,0.291182202785445,0.155154239426609,11.2964336764658,0.0785127411606131,0.567698747572695,24.2824084706361,4.24286703374801,-1.75372178440416,5.00297499597141
1.17,15.7503629590675,0.300363986093738,0.157993641291103,11.2719809627936,0.0769258528807853,0.568052989765687,24.2761037871985,4.19544681709756,-1.75222748533542,4.93752706503617
1.175,15.8058874176403,0.309676807426791,0.160834681179195,11.2475249303428,0.0754208649347223,0.568354342595343,24.2698667314802,4.14799244305783,-1.75073240534216,4.87193386126508
1.18,15.8612656874783,0.31912040172052,0.163677100370471,11.2230657939084,0.0739993068584572,0.568605085237604,24.2636974285977,4.10050400308991,-1.74923654442438,4.80619546057796
1.185,15.9164973787695,0.328694495384012,0.166520651371568,11.198603776407,0.0726625918220838,0.568807429714401,24.25759600361,4.05298158900069,-1.74773990258208,4.7403120151639
1.19,15.9715821031413,0.338398806486335,0.169365097586101,11.1741391083094,0.0714120202361165,0.568963523197981,24.2515625815179,4.00542529294314,-1.74624247981526,4.67428374905716
1.195,16.0265194737393,0.348233044936632,0.172210212996158,11.1496720270947,0.0702487832261384,0.56907545023164,24.2455972872637,3.95783520741666,-1.74474427612392,4.60811095387682
1.2,16.0813091053055,0.358196912657821,0.175055781854345,11.1252027767228,0.069173965989638,0.569145234865466,24.2397002457299,3.91021142526732,-1.74324529150806,4.54179398472407
1.2,16.0813091053055,0.358196912657821,0.175055781854345,11.1252027767228,0.069173965989638,0.569145234865466,24.2397002457299,3.91021142526732,-1.74324529150806,4.54179398472407
1.205,16.1359506028911,0.368290102558894,0.177901599476304,11.10072704913,0.0681888734252844,0.569175279553701,24.2338715817385,3.86255403968822,-1.74174552596768,4.47533326770784
1.21,16.1904435732778,0.378512299903727,0.180747470883806,11.0762496565378,0.0672940722240275,0.569167062786297,24.2281114200502,3.81486314421975,-1.74024497950278,4.40872928436875
1.215,16.2447876364153,0.388863183656899,0.183593209430186,11.0517708592952,0.0664903490912152,0.569122439868954,24.2224198853638,3.7671388327499,-1.73874365211336,4.34198255668472
1.22,16.2989824141347,0.399342425432794,0.186438637612718,11.0272909223218,0.065778397097175,0.569043213388379,24.2167971023151,3.71938119951457,-1.73724154379942,4.2750936551672
1.225,16.3530275302141,0.409949689639824,0.189283586813531,11.002810114683,0.0651588184782518,0.568931134941408,24.2112431954762,3.67159033909782,-1.73573865456096,4.20806319546623
1.23,16.4069226104442,0.420684633619334,0.19212789704861,10.9783287091835,0.0646321273470846,0.568787906786892,24.2057582893546,3.62376634643221,-1.73423498439798,4.14089183510251
1.235,16.4606672826902,0.431546907779068,0.194971416725276,10.9538469819798,0.0641987523057477,0.568615183421694,24.2003425083925,3.57590931679909,-1.73273053331048,4.07358027032204
1.24,16.5142611769535,0.442536155721626,0.19781400240704,10.9293652122121,0.063859038975598,0.568414573083241,24.194995976966,3.52801934582884,-1.73122530129846,4.00612923306914
1.245,16.5677039254309,0.453652014367862,0.200655518585906,10.9048836816532,0.0636132524424467,0.568187639178464,24.189718819384,3.48009652950122,-1.72971928836192,3.93853948807376
1.25,16.6209951625727,0.464894114075377,0.203495837461782,10.8804026743764,0.0634615796206904,0.567935901642111,24.1845111598879,3.43214096414561,-1.72821249450086,3.87081183004925
1.25,16.6209951625727,0.464894114075377,0.203495837461782,10.8804026743764,0.0634615796206904,0.567935901642111,24.1845111598879,3.43214096414561,-1.72821249450086,3.87081183004925
1.255,16.6741345052496,0.476262076597771,0.206334841317788,10.8559145115929,0.0634048934720185,0.567661878162909,24.1793731226502,3.38415274644133,-1.72670491971528,3.80294709935453
1.26,16.7271215726527,0.487755517416131,0.209172419806207,10.8314274416714,0.0634424808671329,0.567365991047183,24.1743048317739,3.33613197341788,-1.72519656400518,3.73494616030822
1.265,16.7799560062551,0.499374047970644,0.212008467122565,10.8069417534416,0.0635743084775992,0.567049639225713,24.1693064112919,3.2880787424553,-1.72368742737057,3.66680988068142
1.27,16.8326374499956,0.511117273574863,0.214842884359805,10.7824577368653,0.063800273545045,0.566714182949001,24.1643779851657,3.23999315128434,-1.72217750981143,3.59853914801702
1.275,16.8851655503305,0.52298479351216,0.217675579317639,10.7579756827868,0.0641202059051267,0.566360944807649,24.1595196772851,3.19187529798685,-1.72066681132777,3.53013486732477
1.28,16.9375399562834,0.534976201128178,0.220506466316589,10.7334958826992,0.0645338699580397,0.565991210691378,24.1547316114667,3.14372528099598,-1.71915533191959,3.46159795886764
1.285,16.9897603194947,0.547091083919259,0.223335466016683,10.7090186285254,0.0650409665859314,0.565606230687337,24.1500139114539,3.09554319909649,-1.71764307158689,3.39322051076668
1.29,17.0418262942695,0.559329023616897,0.226162505240741,10.6845442124136,0.0656411350176692,0.56520721991957,24.1453667009152,3.04732915142503,-1.71613003032968,3.32593889396602
1.295,17.0937375376253,0.571689596268534,0.228987516801386,10.6600729265465,0.0663339546506374,0.564795359331804,24.1407901034441,2.99908323747039,-1.71461620814794,3.25988599254838
1.3,17.1454937093385,0.584172372314617,0.231810439332011,10.6356050629646,0.0671189468270661,0.564371796414287,24.1362842425577,2.95080555707377,-1.71310160504168,3.19513550668517
1.3,17.1454937093385,0.584172372314617,0.231810439332011,10.6356050629646,0.0671189468270661,0.564371796414287,24.1362842425577,2.95080555707377,-1.71310160504168,3.19513550668517
1.305,17.1970944318232,0.596776912646543,0.234631224325697,10.6111249093077,0.0679976880579288,0.563940542883075,24.1318492416961,2.90249621042909,-1.7115862210109,3.13176567604568
1.31,17.248539330183,0.609502772963621,0.237449829076799,10.586648746317,0.0689675037388216,0.563499877885589,24.1274852242215,2.85415529808322,-1.71007005605561,3.06985938080026
1.315,17.2998280724909,0.622349507736633,0.240266209179317,10.5621768638695,0.0700277526352172,0.56305085671964,24.1231923134177,2.80578292093626,-1.70855311017579,3.00950420380234
1.32,17.3509603297423,0.635316666126228,0.24308032542584,10.5377095511122,0.0711777421518535,0.562594503629563,24.1189706324884,2.75737918024179,-1.70703538337145,2.95079251558548
1.325,17.4019357758979,0.648403792043708,0.245892143653508,10.5132470963469,0.072416729933247,0.562131812273843,24.1148203045572,2.70894417760716,-1.7055168756426,2.89382146474295
1.33,17.4527540879259,0.661610424208681,0.248701634592264,10.4887897869264,0.0737439254358525,0.5616637461474,24.1107414526664,2.66047801499373,-1.70399758698922,2.83869289383833
1.335,17.503414945845,0.674936096203849,0.251508773714867,10.4643379091605,0.0751584914775654,0.561191238960935,24.1067341997761,2.61198079471715,-1.70247751741132,2.78551316519315
1.34,17.5539180327652,0.688380336526821,0.254313541088838,10.4398917482332,0.0766595457622288,0.560715194978358,24.1027986687635,2.56345261944759,-1.70095666690891,2.73439287985509
1.345,17.6042630349303,0.701942668639067,0.257115921230099,10.4154515881279,0.0782461623816934,0.560236489314191,24.0989349824217,2.51489359221004,-1.69943503548197,2.68544647256456
1.35,17.6544496417587,0.71562261101223,0.259915902957823,10.3910177115632,0.0799173733001998,0.559755968193527,24.0951432634594,2.46630381638451,-1.69791262313051,2.63879166585671
1.35,17.6544496417587,0.71562261101223,0.259915902957823,10.3910177115632,0.0799173733001998,0.559755968193527,24.0951432634594,2.46630381638451,-1.69791262313051,2.63879166585671
1.355,17.7044774772706,0.729419671681021,0.262713495923987,10.3665633158393,0.081677044533599,0.559281158309965,24.0914236344996,2.41768339570633,-1.69638942985454,2.59454883519093
1.36,17.7543461683107,0.743333354513891,0.265508714597447,10.3421157283821,0.0835193031702715,0.558806381402574,24.0877762180787,2.36903243426638,-1.69486545565404,2.55259005659187
1.365,17.8040554133927,0.75736316440887,0.268301561073753,10.3176752263612,0.0854430648043848,0.558332405010623,24.0842011366459,2.32035103651136,-1.69334070052903,2.5110622662008
1.37,17.8536049143323,0.771508601482104,0.271092041215418,10.2932420855109,0.0874472086767293,0.557859968395633,24.0806985125623,2.271639307244,-1.69181516447949,2.46956466281631
1.375,17.9029943762869,0.78576916110254,0.273880164510711,10.2688165801074,0.0895305790890405,0.557389782629938,24.0772684681,2.22289735162334,-1.69028884750544,2.42809714689775
1.38,17.9522235077956,0.800144333924313,0.276665943932927,10.2443989829522,0.0916919868060065,0.556922530659262,24.0739111254409,2.17412527516499,-1.68876174960686,2.38665961681908
1.385,18.0012920208191,0.81463360591692,0.279449395799927,10.2199895653611,0.0939302104468872,0.55645886734169,24.0706266066762,2.12532318374132,-1.68723387078377,2.34525196891158
1.39,18.0501996307801,0.829236458393372,0.282230539633648,10.1955885971598,0.0962439978690531,0.555999419465913,24.0674150338057,2.07649118358175,-1.68570521103615,2.30387409750291
1.395,18.0989460566034,0.84395236803626,0.285009398019771,10.1711963466843,0.0986320675416067,0.555544785750312,24.0642765287363,2.02762938127297,-1.68417577036402,2.26252589495255
1.4,18.1475310207563,0.858780806921826,0.287785996467375,10.1468130807859,0.101093109910171,0.555095536825234,24.0612112132816,1.97873788375917,-1.68264554876736,2.22120725168361
1.4,18.1475310207563,0.858780806921826,0.287785996467375,10.1468130807859,0.101093109910171,0.555095536825234,24.0612112132816,1.97873788375917,-1.68264554876736,2.22120725168361
1.405,18.1960177753974,0.87375596087591,0.290575500936488,10.1507633038963,0.109506286178102,0.560693571686827,24.0582192091609,1.92981679834231,-1.68111454624619,2.17985967533264
1.41,18.2444694995142,0.888912172894579,0.293392802061041,10.1547517655688,0.117581637162568,0.566213545501001,24.0553006379984,1.88086623268232,-1.67958276280049,2.13842469077107
1.415,18.2928858046423,0.904249151427299,0.296237500053676,10.1587780343955,0.125324353127292,0.571651729268321,24.052455621322,1.83188629479736,-1.67805019843028,2.09690221764842
1.42,18.341266297049,0.919766610360601,0.299109177434139,10.1628416209428,0.132739829698191,0.577004773676386,24.0496842805629,1.78287709306401,-1.67651685313554,2.05529218175471
1.425,18.3896105775771,0.935464269052293,0.302007400908405,10.1669419799872,0.139833650213477,0.582269700922344,24.0469867370541,1.73383873621757,-1.67498272691629,2.01359451469798
1.43,18.4379182414921,0.951341852368112,0.304931723201767,10.1710785130172,0.146611568016978,0.587443894898248,24.0443631120303,1.68477133335222,-1.67344781977252,1.9718091536023
1.435,18.4861888783335,0.967399090717748,0.307881684840388,10.1752505709636,0.153079488769453,0.592525089937814,24.0418135266261,1.63567499392128,-1.67191213170422,1.92993604082566
1.44,18.5344220717715,0.983635720089641,0.310856815872085,10.1794574571213,0.159243452887218,0.597511358350695,24.0393381018759,1.58654982773744,-1.67037566271141,1.88797512369848
1.445,18.58261739947,1.00005148208138,0.313856637523535,10.1836984302281,0.165109618170708,0.602401096921709,24.0369369587126,1.53739594497295,-1.66883841279408,1.84592635428139
1.45,18.6307744329581,1.01664612392468,0.316880663786709,10.1879727076621,0.170684242727766,0.607193012586437,24.0346102179668,1.48821345615988,-1.66730038195222,1.80378968914189
1.45,18.6307744329581,1.01664612392468,0.316880663786709,10.1879727076621,0.170684242727766,0.607193012586437,24.0346102179668,1.48821345615988,-1.66730038195222,1.80378968914189
1.455,18.678892145477,1.03341980911328,0.319929177392544,10.192106250762,0.176197119297117,0.61219590765231,24.0323580003658,1.43900247219032,-1.66576157018585,1.76156579336257
1.46,18.7269694938607,1.05037272347028,0.323002456741289,10.1962718548363,0.181422116080812,0.617099139008102,24.0301804265327,1.3897631043166,-1.66422197749496,1.71925535775754
1.465,18.7750060155861,1.06750465543373,0.326100001187124,10.2004686880801,0.186365504581632,0.621901822041418,24.0280776169859,1.34049546415151,-1.66268160387954,1.67685838361614
1.47,18.8230012417039,1.08481539806162,0.329221306342249,10.2046958851492,0.191033613224346,0.62660334192462,24.0260496921375,1.2911996636685,-1.66114044933961,1.63437487589482
1.475,18.8709546967542,1.10230474901047,0.332365865386897,10.2089525504511,0.19543281272403,0.631203338120857,24.0240967722931,1.2418758152019,-1.65959851387516,1.59180484303498
1.48,18.9188658986919,1.11997251050655,0.335533170301778,10.2132377614326,0.199569501954859,0.635701688767599,24.0222189776503,1.19252403144716,-1.65805579748619,1.54914829679801
1.485,18.9667343588221,1.137818489309,0.33872271302243,10.217550571837,0.20345009436851,0.640098495059492,24.0204164282982,1.143144425461,-1.65651230017269,1.50640525211618
1.49,19.0145595817451,1.15584249666392,0.341933986515659,10.2218900149126,0.207081005001833,0.644394065739195,24.0186892442163,1.09373711066166,-1.65496802193468,1.46357572695836
1.495,19.0623410653124,1.17404434824908,0.345166485778917,10.2262551065503,0.210468638105379,0.648588901791262,24.0170375452737,1.0443022008291,-1.65342296277215,1.42065974220942
1.5,19.1100783005926,1.19242386410885,0.348419708763869,10.2306448483365,0.213619375419144,0.652683681423151,24.015461451228,0.994839810105189,-1.6518771226851,1.37765732156231
1.5,19.1100783005926,1.19242386410885,0.348419708763869,10.2306448483365,0.213619375419144,0.652683681423151,24.015461451228,0.994839810105191,-1.6518771226851,1.37765732156231
1.505,19.1577703155029,1.21098118746257,0.351693771450922,10.2349308286939,0.216716327400977,0.656924552673583,24.0139610817246,0.945350052993923,-1.65033050167353,1.33456905773545
1.51,19.2054161261876,1.22971647275926,0.354988786553473,10.2392402398474,0.219579831140469,0.661064786792717,24.0125365562955,0.895833044361597,-1.64878309973744,1.29139555973857
1.515,19.2530151958815,1.24862956269707,0.358304253098306,10.2435720676935,0.222216133910593,0.665105293269307,24.0111879943589,0.846288899437043,-1.64723491687683,1.24813687949607
1.52,19.3005669810532,1.26772030334264,0.36163967501596,10.2479252906611,0.224631435124071,0.669047121862343,24.0099155152177,0.79671773381178,-1.64568595309169,1.20479307119829
1.525,19.3480709314128,1.28698854403459,0.364994561808748,10.2522988823365,0.226831877336365,0.672891449358673,24.0087192380588,0.747119663440257,-1.64413620838204,1.16136419122634
1.53,19.3955264899297,1.30643413727858,0.368368429153873,10.2566918139589,0.228823537901058,0.676639566850576,24.0075992819523,0.697494804640002,-1.64258568274787,1.11785029808556
1.535,19.4429330928592,1.3260569386341,0.37176079944428,10.2611030567803,0.230612421276989,0.680292867562826,24.0065557658504,0.647843274091834,-1.64103437618918,1.07425145234669
1.54,19.4902901697791,1.34585680659318,0.375171202270064,10.2655315842851,0.232204451980814,0.683852835250591,24.0055888085867,0.598165188840042,-1.63948228870597,1.03056771659347
1.545,19.5375971436344,1.36583360245152,0.378599174843365,10.2699763742686,0.233605468173638,0.687321033182345,24.0046985288748,0.548460666292591,-1.63792942029824,0.986799155376136
1.55,19.5848534307917,1.38598719017237,0.382044262369608,10.2744364107716,0.234821215869948,0.690699093719404,24.003885045308,0.498729824221272,-1.63637577096599,0.942945835169918
1.55,19.5848534307917,1.38598719017237,0.382044262369608,10.2744364107716,0.234821215869948,0.690699093719404,24.003885045308,0.498729824221272,-1.63637577096599,0.942945835169918
1.555,19.6320581553845,1.40631763089525,0.385506405780062,10.278834114734,0.235968581124137,0.694143253573478,24.0031484763579,0.448972780761913,-1.63482134070922,0.899008194479155
1.56,19.6792104335861,1.42682498959868,0.388985546143097,10.2832457836538,0.236935087976296,0.697498157813959,24.0024889403736,0.399189654414549,-1.63326612952793,0.854986680215876
1.565,19.7263096601321,1.44750913937017,0.392481241467745,10.2876704167363,0.237726258554294,0.700765529212948,24.0019065555808,0.34938056404361,-1.63171013742212,0.810881374147892
1.57,19.7733552234293,1.46836995511343,0.395993058488653,10.2921070238478,0.238347511531887,0.703947133839119,24.0014014400809,0.299545628878066,-1.63015336439179,0.766692359700704
1.575,19.8203465056394,1.48940731339654,0.399520572862109,10.2965546269147,0.238804158574917,0.707044772977261,24.0009737118499,0.249684968511653,-1.62859581043694,0.722419721930323
1.58,19.8672828827692,1.51062109229572,0.403063369323082,10.3010122611918,0.239101401295159,0.71006027560556,24.0006234887375,0.199798702902992,-1.62703747555757,0.678063547498112
1.585,19.9141637247665,1.53201117123549,0.40662104180602,10.3054789764029,0.239244328688473,0.71299549141926,24.0003508884666,0.149886952375811,-1.62547835975368,0.633623924647583
1.59,19.9609883956214,1.55357743082566,0.410193193532082,10.3099538377579,0.239237915032415,0.715852284383496,24.0001560286314,0.0999498376190626,-1.62391846302527,0.589100943182319
1.595,20.0077562534734,1.57531975269579,0.413779437065449,10.3144359268524,0.239087018217486,0.718632526795934,24.0000390266974,0.0499874796871396,-1.62235778537235,0.544494694445036
1.6,20.054466650722,1.59723801932764,0.417379394341214,10.3189243424543,0.238796378485509,0.721338093839591,24,-3.5527136788005e-15,-1.6207963267949,0.499805271297255
1.6,20.054466650722,1.59723801932764,0.417379394341214,10.3189243424543,0.238796378485509,0.721338093839591,24,-3.5527136788005e-15,-1.6207963267949,0.499805271297255
1.605,20.1011188329855,1.61933217989825,0.420992833525711,10.3233920877264,0.238409828322789,0.72402540897885,24.0000390657436,-0.050012479656651,-1.61923408729293,0.455032904970473
1.61,20.1477120403311,1.6416021838224,0.424619528273926,10.3278647209713,0.237889990179257,0.726640629600633,24.0001563410007,-0.100049837131197,-1.61767106686644,0.410177829787239
1.615,20.1942456085439,1.66404791468171,0.428259122759657,10.332341385191,0.237241301294583,0.729185612580992,24.0003519427108,-0.150111949905956,-1.61610726551543,0.365240145438423
1.62,20.2407188681062,1.68666925619806,0.431911270412575,10.3368212423791,0.236468080459618,0.731662202755304,24.0006259876798,-0.200198695097029,-1.6145426832399,0.320219953021209
1.625,20.2871311443235,1.70946609206592,0.435575633849007,10.3413034738778,0.235574528240948,0.734072229391087,24.0009785925785,-0.250309949454143,-1.61297732003985,0.275117355019336
1.63,20.3334817574536,1.73243830578533,0.439251884786028,10.3457872806544,0.234564727475108,0.736417503028522,24.0014098739422,-0.300445589360494,-1.61141117591529,0.229932455282937
1.635,20.3797700228373,1.75558578049599,0.442939703940652,10.3502718835016,0.233442644009219,0.738699812667866,24.0019199481695,-0.350605490832598,-1.6098442508662,0.184665359008032
1.64,20.4259952510301,1.77890839881283,0.446638780915797,10.3547565231673,0.232212127666345,0.740920923281227,24.0025089315211,-0.400789529520146,-1.60827654489259,0.13931617271537
1.645,20.4721567479364,1.80240604266329,0.450348814074566,10.3592404604204,0.230876913414192,0.743082573627195,24.0031769401192,-0.450997580705844,-1.60670805799446,0.0941357519647629
1.65,20.5182538149433,1.82607859312679,0.454069510404352,10.3637229760565,0.229440622716658,0.745186474348601,24.0039240899465,-0.501229519305284,-1.60513879017182,0.105234813947057
1.65,20.5182538149433,1.82607859312679,0.454069510404352,10.3637229760565,0.229440622716658,0.745186474348601,24.0039240899465,-0.501229519305282,-1.60513879017182,0.105234813947055
1.655,20.5643545541278,1.84986429653842,0.457689787899189,10.3819821227837,0.194968148693499,0.703289687038779,24.004750496845,-0.5514852198668,-1.60356874142465,0.159865129932139
1.66,20.6105255137966,1.8737049107522,0.461106149027805,10.4000065819237,0.163688984267667,0.663636710316031,24.0056562765151,-0.601764556571325,-1.60199791175296,0.213545286830108
1.665,20.6567635710723,1.89760567871322,0.464330033386638,10.4178190880519,0.135522671425706,0.626309514952042,24.0066415445148,-0.652067403232238,-1.60042630115676,0.266353733594316
1.67,20.7030655304076,1.92157189068105,0.467373196987696,10.4354407203616,0.110361557420534,0.591352808004532,24.0077064162587,-0.702393633295255,-1.59885390963603,0.318366223061303
1.675,20.7494281818722,1.94560878921227,0.470247529021179,10.4528909860063,0.0880742160189601,0.558775535812919,24.0088510070168,-0.752743119838264,-1.59728073719078,0.369655160551652
1.68,20.7958483554925,1.96972148315738,0.472964879898557,10.4701878978727,0.0685096152346866,0.52855383247996,24.0100754319138,-0.803115735571231,-1.59570678382102,0.420289079462057
1.685,20.8423229695412,1.99391487359045,0.475536906850275,10.4873480473238,0.0515016926484458,0.500635025736847,24.0113798059278,-0.853511352836025,-1.59413204952673,0.470332252064502
1.69,20.8888490713662,2.01819359340685,0.477974941349974,10.504386673063,0.0368740210153756,0.474942295089642,24.0127642438897,-0.903929843606329,-1.59255653430792,0.51984443465392
1.695,20.9354238700351,2.04256196122139,0.480289880659309,10.5213177275405,0.024444294487283,0.451379602654779,24.0142288604821,-0.954371079487487,-1.5909802381646,0.568880738748286
1.7,20.9820447606779,2.06702394926442,0.482492104020198,10.5381539422743,0.0140284286401965,0.429836573051636,24.015773770238,-1.0048349317164,-1.58940316109675,0.617491614623759
1.7,20.9820447606779,2.06702394926442,0.482492104020198,10.5381539422743,0.0140284286401965,0.429836573051636,24.015773770238,-1.00483493171641,-1.58940316109675,0.617491614623764
1.705,21.0287300961328,2.09153648974621,0.484522867742457,10.5535787909582,-0.0143664621997049,0.382724311892642,24.0173990875404,-1.0553212711614,-1.58782530310439,0.665569161288572
1.71,21.0755001490301,2.11605383904961,0.486322036746716,10.5689880436946,-0.0404657111233473,0.337225346277907,24.0191049266206,-1.10582996832211,-1.5862466641875,0.713019636394921
1.715,21.1223553172596,2.14057576228677,0.487898064442607,10.5844019676769,-0.06432725911858,0.293491694204365,24.0208914015579,-1.15636089332935,-1.58466724434609,0.759910212949592
1.72,21.1692959673787,2.16510211520185,0.489260119256479,10.5998379300481,-0.0860213104348633,0.25165662784039,24.0227586262783,-1.20691391594503,-1.58308704358017,0.806306277203753
1.725,21.216322441902,2.18963282251832,0.490417981036791,10.6153103880772,-0.10562991958399,0.211830908088259,24.0247067145534,-1.257488905562,-1.58150606188972,0.852270976803957
1.73,21.2634350674644,2.21416785423773,0.491381921430219,10.6308309555446,-0.123245984238007,0.174100153056025,24.0267357799997,-1.30808573120398,-1.57992429927476,0.897864806700131
1.735,21.3106341630734,2.23870720170987,0.492162574054712,10.646408538946,-0.13897175851768,0.138523390094343,24.0288459360771,-1.3587042615254,-1.57834175573527,0.943145248976033
1.74,21.3579200477952,2.26325085500293,0.492770800347901,10.6620495329236,-0.152917019567437,0.105132762879008,24.0310372960888,-1.40934436481138,-1.57675843127127,0.988166478516154
1.745,21.405293047382,2.28779878275076,0.493217556644102,10.6777580614531,-0.165197026754137,0.0739342939124628,24.0333099731791,-1.46000590897751,-1.57517432588275,1.0329791418342
1.75,21.452753499519,2.31235091527923,0.49351376738661,10.6935362499072,-0.175930407568856,0.0449095463581361,24.0356640803337,-1.51068876156987,-1.5735894395697,1.07763021185178
1.75,21.452753499519,2.31235091527923,0.49351376738661,10.6935362499072,-0.175930407568856,0.0449095463581361,24.0356640803337,-1.51068876156987,-1.5735894395697,1.07763021185178
1.755,21.5003057659121,2.33689279537768,0.4936508409914,10.7080834906916,-0.190906822563792,0.0102547238059464,24.0380997303776,-1.56139278976482,-1.57200377233214,1.12213500386266
1.76,21.5479548700324,2.36140874229093,0.49361968096689,10.722713489546,-0.204548796258826,-0.0223810238285492,24.0406170359747,-1.61211786036898,-1.57041732417005,1.16650976034662
1.765,21.5957021247223,2.38589686274738,0.493430407892672,10.7374300945666,-0.216942203022843,-0.0529911808047187,24.0432161096266,-1.6628638398191,-1.56883009508345,1.21079760277953
1.77,21.6435487993754,2.41035533034368,0.493093122531607,10.7522353886586,-0.228172287601993,-0.0815899489932943,24.0458970636719,-1.71363059418197,-1.56724208507232,1.25503836064576
1.775,21.691496114362,2.43478238735076,0.492617806331648,10.7671298962133,-0.238322795121722,-0.108210521044816,24.0486600102846,-1.76441798915434,-1.56565329413668,1.29926856394564
1.78,21.7395452363496,2.45917634590662,0.492014231788027,10.7821128013036,-0.2474751965487,-0.132902890628186,24.0515050614735,-1.81522589006281,-1.56406372227652,1.34352148592089
1.785,21.7876972745709,2.48353558863633,0.491291884567548,10.7971821677912,-0.255708032446398,-0.155731365284296,24.0544323290814,-1.86605416186378,-1.56247336949183,1.38782723006212
1.79,21.8359532731351,2.50785857794,0.490459881841599,10.8123351591652,-0.2630883307085,-0.176784464804764,24.0574419247835,-1.91690266914331,-1.56088223578263,1.43221286238901
1.795,21.8843141659663,2.53214393678603,0.489526775083541,10.8275682910169,-0.269654335485086,-0.196196029074424,24.0605339600868,-1.9677712761171,-1.55929032114891,1.47670265418775
1.8,21.9327807527479,2.55639049225093,0.48850043666761,10.8428776361359,-0.275441965324253,-0.214098144407657,24.0637085463291,-2.01865984663038,-1.55769762559067,1.52131837091738
1.8,21.9327807527479,2.55639049225093,0.48850043666761,10.8428776361359,-0.275441965324253,-0.214098144407657,24.0637085463291,-2.01865984663038,-1.55769762559067,1.52131837091738
1.805,21.9813558734985,2.58058753707294,0.487375376444824,10.8572065881854,-0.284211401877737,-0.235686870810262,24.0669657946777,-2.06956824415781,-1.5561041491079,1.56607104619844
1.81,22.030042523705,2.60472401272823,0.486145878376079,10.8716188446452,-0.29216734365221,-0.255889086572418,24.0703058161288,-2.12049633180345,-1.55450989170062,1.6109729170051
1.815,22.0788415542542,2.62879849475576,0.484818644181945,10.886112105074,-0.299334572886514,-0.274795916927473,24.0737287215059,-2.17144397230066,-1.55291485336882,1.65604435180004
1.82,22.1277537056406,2.65280972465827,0.483399937217143,10.9006835686525,-0.305740965954496,-0.292491745794709,24.0772346214594,-2.22241102801203,-1.55131903411249,1.70130388208587
1.825,22.1767796238915,2.67675657909688,0.481895613932799,10.9153300287808,-0.311416698124988,-0.309055076086864,24.0808236264652,-2.27339736092933,-1.54972243393165,1.74676833733915
1.83,22.2259198742032,2.70063804373006,0.480311151548309,10.9300479602229,-0.316393563758473,-0.324559195060714,24.0844958468238,-2.32440283267342,-1.54812505282629,1.79245297095349
1.835,22.2751749526073,2.72445319105831,0.478651672777374,10.9448335982341,-0.32070439694855,-0.33907269447277,24.0882513926592,-2.37542730449419,-1.54652689079641,1.8383715781805
1.84,22.3245452959343,2.74820116173092,0.476921968235822,10.9596830094224,-0.324382580370979,-0.35265988311801,24.092090373918,-2.42647063727053,-1.54492794784201,1.88453660676649
1.845,22.3740312903069,2.771881148846,0.475126516995189,10.9745921543495,-0.327461631994278,-0.365381120059357,24.0960129003682,-2.47753269151021,-1.54332822396309,1.93095926078744
1.85,22.4236332783621,2.79549238483717,0.473269505622915,10.9895569420848,-0.329974860643842,-0.377293089772165,24.1000190815984,-2.52861332734991,-1.54172771915964,1.97764959805761
1.85,22.4236332783621,2.79549238483717,0.473269505622915,10.9895569420848,-0.329974860643842,-0.377293089772165,24.1000190815984,-2.52861332734991,-1.54172771915964,1.97764959805761
1.855,22.4733525503544,2.81902810013055,0.47134707718445,11.0038314440781,-0.334206355355916,-0.391542049965388,24.1041090270164,-2.57971240455507,-1.54012643343168,2.02461728112247
1.86,22.5231904385401,2.84248139453505,0.469355408868876,11.0181673011627,-0.337819920896616,-0.404996683995565,24.1082828458488,-2.63082978251992,-1.5385243667792,2.07187281487586
1.865,22.5731472861256,2.8658513607635,0.467298359590203,11.0325610046777,-0.340843751039569,-0.417701696374969,24.1125406471391,-2.68196532026736,-1.5369215192022,2.11942595950214
1.87,22.6232233957278,2.88913712825676,0.46517957036582,11.0470089481428,-0.343305976742762,-0.429699561871096,24.1168825397476,-2.73311887644897,-1.53531789070068,2.1672855221627
1.875,22.6734190340435,2.91233785458852,0.463002475172922,11.0615074684769,-0.345234464870764,-0.441030639232198,24.1213086323496,-2.78429030934494,-1.53371348127464,2.21545942407387
1.88,22.7237344358939,2.93545271818228,0.460770311281109,11.076052882196,-0.346656647906741,-0.451733267545312,24.1258190334346,-2.83547947686403,-1.53210829092408,2.26395476403642
1.885,22.7741698077177,2.95848091218506,0.458486129136467,11.0906415168111,-0.34759938192058,-0.461843850503812,24.1304138513057,-2.88668623654351,-1.530502319649,2.31277787847636
1.89,22.8247253305806,2.9814216393558,0.456152801845069,11.105269737709,-0.348088830080702,-0.471396932454877,24.1350931940777,-2.93791044554918,-1.5288955674494,2.3619343980632
1.895,22.8754011627598,3.00427410784231,0.453773034291867,11.1199339708303,-0.348150369165089,-0.480425269060644,24.139857169677,-2.98915196067527,-1.52728803432528,2.41142930097615
1.9,22.9261974419592,3.02703752773109,0.451349371914333,11.13463072149,-0.347808516564019,-0.488959894539277,24.1447058858398,-3.04041063834445,-1.52567972027664,2.46126696290213
1.9,22.9261974419592,3.02703752773109,0.451349371914333,11.13463072149,-0.347808516564019,-0.488959894539277,24.1447058858398,-3.04041063834444,-1.52567972027664,2.46126696290213
1.905,22.9771146613082,3.04970768897702,0.448879870070254,11.1488994344864,-0.348337415056606,-0.498756315362889,24.1496394501113,-3.09168633460775,-1.52407062530348,2.51145465869102
1.91,23.0281533120463,3.07228034886017,0.446362631177902,11.1632036514776,-0.348426022764142,-0.508059243813889,24.154657969845,-3.1429789051446,-1.5224607494058,2.56199999536787
1.915,23.0793134989738,3.09475467111818,0.44380005579269,11.1775400592489,-0.348096833073998,-0.516895234959182,24.159761552201,-3.19428820526278,-1.5208500925836,2.61290701133943
1.92,23.130595307159,3.11712982132992,0.441194414780371,11.1919054042729,-0.347371623585338,-0.525289615029815,24.1649503041457,-3.24561408989834,-1.51923865483688,2.66417922735722
1.925,23.1819988034245,3.13940496472384,0.43854785537881,11.206296506399,-0.346271414253697,-0.53326651451995,24.1702243324499,-3.29695641361568,-1.51762643616564,2.71581968428766
1.93,23.2335240376334,3.16157926441627,0.435862407092551,11.2207102700438,-0.344816436710758,-0.540848901989165,24.1755837436885,-3.34831503060743,-1.51601343656988,2.76783097858776
1.935,23.2851710437995,3.18365188002379,0.433139987416033,11.2351436931231,-0.343026113491626,-0.548058618786101,24.1810286442391,-3.39968979469452,-1.5143996560496,2.82021529555356
1.94,23.3369398410455,3.20562196659987,0.430382407380784,11.249593873962,-0.340919045967028,-0.554916414753633,24.1865591402809,-3.45108055932611,-1.5127850946048,2.87297444041687
1.945,23.3888304344263,3.22748867385035,0.427591376921739,11.2640580164103,-0.338513009851594,-0.561441984861894,24.1921753377937,-3.50248717757962,-1.51116975223548,2.92610986737263
1.95,23.4408428156387,3.24925114558766,0.424768510058305,11.2785334333788,-0.335824957239018,-0.567654006637785,24.1978773425572,-3.55390950216064,-1.50955362894164,2.97962270662474
1.95,23.4408428156387,3.24925114558766,0.424768510058305,11.2785334333788,-0.335824957239018,-0.567654006637785,24.1978773425572,-3.55390950216065,-1.50955362894164,2.97962270662474
1.955,23.4929770448585,3.27090696894906,0.421913392511505,11.2927939479008,-0.333427976529484,-0.574340411601154,24.2036652601491,-3.60534738540308,-1.50793672472329,3.03351663037023
1.96,23.5452331690629,3.29245373030562,0.419025617701961,11.3070656577359,-0.330737191746229,-0.580719732652703,24.2095391959448,-3.65680067926898,-1.50631903958041,3.08779532241845
1.965,23.597611140767,3.31389056352729,0.41610667943162,11.3213460049666,-0.327768303330696,-0.586808478514253,24.2154992551162,-3.70826923534865,-1.50470057351301,3.14245948761164
1.97,23.6501108998988,3.3352165967888,0.413157991010579,11.335632531764,-0.32453627674541,-0.592622341856686,24.2215455426304,-3.75975290486063,-1.50308132652109,3.19751618815857
1.975,23.7027323742421,3.35643095247848,0.410180889266834,11.3499228814129,-0.321055353593641,-0.598176227629592,24.2276781632486,-3.81125153865164,-1.50146129860465,3.25369793194267
1.98,23.7554754798214,3.37753274722304,0.407176638412755,11.3642147984518,-0.317339065885218,-0.603484281994962,24.2338972215255,-3.86276498719668,-1.4998404897637,3.31143908198023
1.985,23.8083401212361,3.39852109200893,0.404146433765846,11.3785061280575,-0.313400252889674,-0.608559921645875,24.2402028218075,-3.91429310059897,-1.49821889999822,3.37065426133083
1.99,23.8613261919529,3.41939509238272,0.401091405322371,11.3927948147916,-0.309251080074484,-0.61341586330299,24.2465950682326,-3.96583572858998,-1.49659652930822,3.4312620090454
1.995,23.9144335745613,3.44015384871583,0.398012621183476,11.4070789008158,-0.304903059681239,-0.618064153197902,24.2530740647282,-4.01739272052946,-1.4949733776937,3.49318477706434
2,23.9676621409987,3.46079645652003,0.394911090834252,11.4213565236701,-0.300367072543063,-0.622516196369731,24.2596399150109,-4.06896392540545,-1.49334944515467,3.55634888695892
2,23.9676621409987,3.46079645652003,0.394911090834252,11.4213565236701,-0.300367072543063,-0.622516196369731,24.2596399150109,-4.06896392540545,-1.49334944515467,3.55634888695892
2.005,24.0210117103886,3.48132189956821,0.391787665896445,11.4355939117118,-0.295685322069771,-0.62682345622276,24.2662927225851,-4.12054919183428,-1.49172473169111,3.62068459439138
2.01,24.0744820911501,3.50172915887641,0.388643151083326,11.4498216860018,-0.290833057396038,-0.630953810767432,24.273032590742,-4.17214836806062,-1.49009923730303,3.68612582521768
2.015,24.1280731237119,3.52201731960581,0.385478406413592,11.464038236733,-0.285819501698989,-0.634916972773753,24.2798596225582,-4.22376130195748,-1.48847296199044,3.75260992921377
2.02,24.1817846385044,3.54218546354489,0.382294244675683,11.4782420379732,-0.280653337943236,-0.638722125971927,24.2867739208952,-4.27538784102625,-1.48684590575332,3.82007769842979
2.025,24.235616456093,3.56223266953536,0.379091434007288,11.4924316444011,-0.275342732324571,-0.642377951226376,24.2937755883978,-4.32702783239676,-1.48521806859168,3.8884732237751
2.03,24.2895683872997,3.58215801390193,0.375870700345851,11.5066056879681,-0.269895357509926,-0.645892651926589,24.3008647274934,-4.37868112282724,-1.48358945050553,3.95774374568915
2.035,24.3436402333169,3.60196057088169,0.372632729754289,11.5207628745216,-0.264318415537729,-0.649273978544154,24.3080414403906,-4.43034755870441,-1.48196005149485,4.02783950189424
2.04,24.3978317858132,3.62163941304935,0.369378170625919,11.534901980423,-0.258618660262086,-0.652529252314206,24.3153058290782,-4.48202698604352,-1.48032987155965,4.09871357465216
2.045,24.452142827035,3.64119361173539,0.36610763577326,11.5490218491849,-0.252802419252881,-0.655665388016003,24.3226579953244,-4.53371925048836,-1.47869891069994,4.1703217394493
2.05,24.5065731299018,3.66062223743495,0.362821704405347,11.5631213881507,-0.246875615080746,-0.658688915836722,24.3300980406753,-4.58542419731132,-1.4770671689157,4.24262231661099
2.05,24.5065731299018,3.66062223743495,0.362821704405347,11.5631213881507,-0.246875615080746,-0.658688915836722,24.3300980406753,-4.58542419731132,-1.4770671689157,4.242622316611
2.055,24.5611223801263,3.6799254770035,0.359522384039254,11.5773270610923,-0.240432857197731,-0.661026043217149,24.3376260664541,-4.63714167141343,-1.47543464620695,4.31557407113203
2.06,24.6157902610592,3.69910349248084,0.356211571996945,11.5915062737908,-0.233929909699048,-0.663286346879336,24.3452421737598,-4.68887151732443,-1.47380134257367,4.38913825331259
2.065,24.6705765283066,3.71815531903142,0.35288964122028,11.6056584113631,-0.227369892289905,-0.665474251794774,24.3529464634662,-4.74061357920279,-1.47216725801588,4.46325464743977
2.07,24.7254809284541,3.73707999505039,0.34955694319769,11.6197828984727,-0.220755672724064,-0.667593917209201,24.360739036221,-4.79236770083576,-1.47053239253356,4.53734366654929
2.075,24.7805031991748,3.75587656239032,0.346213809250249,11.6338791965974,-0.214089882542039,-0.669649253622667,24.3686199924444,-4.84413372563946,-1.46889674612673,4.61117496652369
2.08,24.8356430693353,3.77454406657198,0.342860551734948,11.6479468014536,-0.207374931882141,-0.671643938689896,24.376589432328,-4.89591149665894,-1.46726031879537,4.68474605103285
2.085,24.8909002591009,3.79308155698085,0.339497465171428,11.6619852405652,-0.200613023424221,-0.673581432109793,24.3846474558341,-4.9477008565682,-1.4656231105395,4.7580544576642
2.09,24.9462744800395,3.81148808704909,0.336124827296525,11.6759940709747,-0.193806165491915,-0.675464989563551,24.3927941626942,-4.99950164767026,-1.4639851213591,4.83109775670581
2.095,25.0017654352238,3.82976271442435,0.332742900051303,11.6899728770899,-0.186956184359617,-0.67729767575445,24.4010296524079,-5.05131371189728,-1.46234635125419,4.90387355000694
2.1,25.0573728193327,3.8479045011256,0.329351930505227,11.7039212686579,-0.180064735803286,-0.679082376612025,24.4093540242422,-5.10313689081057,-1.46070680022475,4.97637946990977
2.1,25.0573728193327,3.8479045011256,0.329351930505227,11.7039212686579,-0.180064735803286,-0.679082376612025,24.4093540242422,-5.10313689081057,-1.46070680022475,4.97637946990977
2.105,25.1130962462158,3.86591471723594,0.325955023440685,11.7180928551997,-0.172326059768441,-0.679681557466191,24.4177673772298,-5.15497102560072,-1.4590664682708,5.04860922153238
2.11,25.1689353377792,3.88379457273571,0.322555104012579,11.732225264751,-0.164632123657949,-0.680287289524797,24.4262698101687,-5.20681595708759,-1.45742535539233,5.12055674606461
2.115,25.2248897879567,3.90154305234448,0.319152139942228,11.7463188637215,-0.156980086192337,-0.680899383910226,24.4348614216205,-5.25867152572049,-1.45578346158933,5.19222006375799
2.12,25.2809592820577,3.91915915310867,0.315746099864953,11.760373998693,-0.149367206545937,-0.681517663793484,24.4435423099095,-5.31053757157819,-1.45414078686182,5.26359721005259
2.125,25.3371434969723,3.93664188401331,0.312336953271447,11.7743909972669,-0.141790839082729,-0.682141963750329,24.4523125731217,-5.362413934369,-1.45249733120979,5.33468623534609
2.13,25.3934421013645,3.95399026561444,0.308924670452266,11.7883701688621,-0.134248428396594,-0.682772129164776,24.4611723091035,-5.41430045343092,-1.45085309463323,5.40548520477902
2.135,25.4498547558574,3.97120332969089,0.305509222445186,11.802311805466,-0.126737504634384,-0.683408015676024,24.4701216154607,-5.46619696773167,-1.44920807713216,5.47599219803504
2.14,25.506381113208,3.98828011891445,0.302090580985226,11.8162161823425,-0.11925567908234,-0.684049488665321,24.4791605895575,-5.51810331586879,-1.44756227870657,5.54620530915561
2.145,25.5630208184745,4.00521968653721,0.298668718457144,11.8300835586986,-0.1118006399978,-0.684696422779569,24.4882893285151,-5.57001933606977,-1.44591569935645,5.61612264636834
2.15,25.6197735091759,4.02202109609543,0.29524360785024,11.8439141783137,-0.104370148670708,-0.685348701488939,24.4975079292108,-5.6219448661921,-1.44426833908182,5.68574233192817
2.15,25.6197735091759,4.02202109609543,0.29524360785024,11.8439141783137,-0.104370148670708,-0.685348701488939,24.4975079292108,-5.6219448661921,-1.44426833908182,5.68574233192817
2.155,25.6766387592988,4.0386866444933,0.291819452184843,11.858056856044,-0.0957768973830581,-0.684327479479257,24.506816488277,-5.67387974372341,-1.44262019788267,5.75505634552944
2.16,25.7336161615323,4.05521852345028,0.288400197955583,11.8721518907708,-0.087333531551104,-0.68338732934401,24.5162151020995,-5.72582380578153,-1.440971275759,5.82405701799418
2.165,25.7907053693483,4.0716156647449,0.284985451477296,11.8862005841871,-0.0790311044709077,-0.682523638609493,24.5257038668173,-5.77777688911465,-1.4393215727108,5.8927430014753
2.17,25.8479060278073,4.08787702366236,0.281574841293847,11.9002041503702,-0.0708611882106397,-0.681732123273887,24.5352828783206,-5.82973883010138,-1.43767108873809,5.96111293961202
2.175,25.905217773914,4.10400157767442,0.278168016606298,11.9141637223347,-0.0628158354345685,-0.681008800078355,24.5449522322502,-5.88170946475087,-1.43601982384086,6.02916546882657
2.18,25.9626402369451,4.11998832521951,0.274764645832732,11.9280803579862,-0.0548875445744988,-0.680349961518276,24.5547120239963,-5.93368862870298,-1.43436777801911,6.09689921950851
2.185,26.0201730387503,4.13583628457435,0.271364415286829,11.9419550455383,-0.0470692280035177,-0.679752153285869,24.5645623486971,-5.9856761572283,-1.43271495127284,6.16431281709834
2.19,26.0778157940303,4.15154449280875,0.267967027963733,11.9557887084504,-0.0393541829081034,-0.679212153874733,24.5745033012381,-6.03767188522834,-1.43106134360204,6.23140488308082
2.195,26.1355681105942,4.16711200481647,0.264572202422963,11.9695822099342,-0.031736064588888,-0.678726956109638,24.5845349762507,-6.08967564723563,-1.42940695500673,6.29817403589746
2.2,26.1934295895958,4.1825378924158,0.261179671759343,11.9833363570743,-0.0242088619529169,-0.678293750395118,24.5946574681111,-6.14168727741386,-1.4277517854869,6.36461889178598
2.2,26.1934295895958,4.1825378924158,0.261179671759343,11.9833363570743,-0.0242088619529169,-0.678293750395118,24.5946574681111,-6.14168727741387,-1.4277517854869,6.364618891786
2.205,26.2513871420452,4.19789835877585,0.257894368510142,12.0000282494022,0.0129430639435786,-0.636152301603511,24.6048708709392,-6.193706609558,-1.42609583504255,6.43057665354709
2.21,26.3094287528865,4.21326681821468,0.25481483373515,12.0165901980856,0.0466779499241849,-0.595998955676831,24.6151752785975,-6.2457334770944,-1.42443910367368,6.49589373488466
2.215,26.3675556245514,4.22863809475097,0.251930960547152,12.033045372307,0.0770925112945571,-0.557895759048244,24.62557078469,-6.29776771308097,-1.42278159138029,6.56068667509564
2.22,26.4257689382752,4.24400697882794,0.249232398919469,12.0494139699518,0.104304474157858,-0.521878043917539,24.6360574825608,-6.34980915020731,-1.42112329816238,6.62550326588735
2.225,26.4840698371626,4.25936830948864,0.246708686629555,12.0657134215363,0.128449820357299,-0.487955629889532,24.6466354652935,-6.40185762079481,-1.41946422401995,6.69042861187156
2.23,26.5424594115611,4.2747170497161,0.244349372101543,12.0819586189601,0.149679616875813,-0.456114828735803,24.6573048257095,-6.45391295679685,-1.417804368953,6.75547104072645
2.235,26.6009386870019,4.29004835279977,0.242144125656212,12.0981621586353,0.168156627472451,-0.426321040534857,24.6680656563672,-6.50597498979891,-1.41614373296153,6.82063892735986
2.24,26.6595086148105,4.30535761834737,0.240082836750999,12.1143345893529,0.184051888726515,-0.398521726462408,24.6789180495608,-6.55804355101871,-1.41448231604554,6.88594051782699
2.245,26.7181700653407,4.32064053727806,0.238155695836948,12.1304846565977,0.197541405972944,-0.372649557788802,24.6898620973191,-6.61011847130639,-1.41282011820503,6.95138378139583
2.25,26.7769238236788,4.33589312576051,0.236353260398451,12.1466195366691,0.20880309137149,-0.348625567435151,24.7008978914043,-6.66219958114466,-1.41115713944,7.01697629113752
2.25,26.7769238236788,4.33589312576051,0.236353260398451,12.1466195366691,0.20880309137149,-0.348625567435151,24.7008978914043,-6.66219958114466,-1.41115713944,7.01697629113752
2.255,26.8357701850273,4.35111223546924,0.234667318510696,12.1626340855866,0.218230329030733,-0.326039703828876,24.7120255233112,-6.71428671064893,-1.40949337975045,7.08272384311335
2.26,26.894709363684,4.36629506776374,0.233090056511196,12.1786446208879,0.225757051399848,-0.305137825232466,24.7232450842657,-6.7663796895675,-1.40782883913638,7.14863180364908
2.265,26.9537418936324,4.3814386976486,0.23161329417903,12.1946548664331,0.23155342624986,-0.285823095267751,24.7345566652236,-6.81847834728171,-1.40616351759779,7.21470629644631
2.27,27.0128682191248,4.39654059348401,0.230229376473196,12.210667936849,0.235797279284446,-0.267977484182684,24.7459603568699,-6.8705825128061,-1.40449741513468,7.28095276944619
2.275,27.0720886801734,4.41159869311198,0.228931290153143,12.2266864242056,0.238667363236834,-0.251469962897827,24.7574562496172,-6.92269201478861,-1.40283053174705,7.34737582317858
2.28,27.1314035195566,4.42661138153632,0.227712639763732,12.2427122308221,0.240322731747373,-0.236185166727242,24.7690444336048,-6.97480668151069,-1.4011628674349,7.41397925250964
2.285,27.1908128978501,4.44157742984445,0.226567569579149,12.2587466992359,0.240904551242326,-0.222022109677149,24.7807249986976,-7.02692634088757,-1.39949442219823,7.4807661665329
2.29,27.2503169060631,4.45649594289236,0.225490698110671,12.2747907310729,0.240538651996417,-0.208891715901118,24.7924980344846,-7.07905082046832,-1.39782519603704,7.54773908739675
2.295,27.3099155762018,4.47136631479589,0.224477063684899,12.2908448818591,0.239337608643016,-0.19671483984033,24.8043636302783,-7.13117994743614,-1.39615518895133,7.61490003086337
2.3,27.3696088901643,4.48618819077532,0.223522078926096,12.3069094369644,0.237402451494862,-0.185420669159106,24.816321875113,-7.18331354860848,-1.39448440094111,7.68225057227978
2.3,27.3696088901643,4.48618819077532,0.223522078926096,12.3069094369644,0.237402451494862,-0.185420669159106,24.816321875113,-7.18331354860848,-1.39448440094111,7.68225057227979
2.305,27.429398443664,4.50095145952958,0.222607956914077,12.3227465333862,0.230981216474335,-0.180287793930629,24.8283728577439,-7.23545145043725,-1.39281283200636,7.74981086401659
2.31,27.4892856753074,4.51564672372587,0.221718620485601,12.3385944336537,0.22447026798931,-0.175503249988423,24.8405166666461,-7.287593479009,-1.39114048214709,7.8175978435868
2.315,27.5492702967062,4.53027489367107,0.220852375024848,12.3544528120196,0.217895844431497,-0.17104836786069,24.8527533900132,-7.33973946004511,-1.3894673513633,7.88560798557865
2.32,27.6093520180802,4.5448369095304,0.220007617117939,12.3703213400105,0.211281972528356,-0.166905325400183,24.8650831157563,-7.39188921890201,-1.38779343965499,7.95383778842737
2.325,27.6695305492395,4.55933373569185,0.219182830469075,12.3861996899775,0.204650608863523,-0.163057088605578,24.8775059315025,-7.44404258057135,-1.38611874702217,8.02228377366358
2.33,27.7298056004658,4.57376635559246,0.218376582085526,12.4020875378639,0.198021771037021,-0.15948736289549,24.8900219245945,-7.49619936968024,-1.38444327346482,8.09094248510845
2.335,27.7901768833033,4.58813576697276,0.217587518684217,12.417984565313,0.191413659868354,-0.156180552905463,24.9026311820884,-7.54835941049138,-1.38276701898295,8.15981048808602
2.34,27.8506441112648,4.60244297752927,0.216814363281499,12.4338904612255,0.184842773788621,-0.153121729163598,24.9153337907537,-7.60052252690337,-1.38108998357656,8.22888436870563
2.345,27.9112070004628,4.61668900093795,0.216055911935322,12.44980492286,0.178324016354013,-0.150296600249083,24.9281298370709,-7.65268854245085,-1.37941216724566,8.29816073325241
2.35,27.9718652701695,4.630874853224,0.215311030615475,12.4657276565572,0.171870797638918,-0.1476914892545,24.9410194072316,-7.70485728030471,-1.37773356999023,8.36763620771094
2.35,27.9718652701695,4.630874853224,0.215311030615475,12.4657276565572,0.171870797638918,-0.1476914892545,24.9410194072316,-7.70485728030471,-1.37773356999023,8.36763620771094
2.355,28.0326186435995,4.64500083129416,0.214577717798829,12.4815972115954,0.165227341724302,-0.145662736715869,24.9540025871362,-7.75702856327238,-1.37605419181028,8.43730864474224
2.36,28.0934668437598,4.65906725183281,0.213854121149083,12.4974748516293,0.158701344200753,-0.143803258924482,24.9670794623937,-7.80920221379798,-1.37437403270582,8.50717573754772
2.365,28.1544095963474,4.67307515107657,0.213139420367593,12.5133602973724,0.152299857124231,-0.142102701318462,24.9802501183196,-7.86137805396256,-1.37269309267683,8.57723391407282
2.37,28.2154466326641,4.68702555143598,0.212432845801605,12.5292532801198,0.146028974506735,-0.140551159049708,24.9935146399357,-7.91355590548431,-1.37101137172332,8.64747963710644
2.375,28.2765776898214,4.70091945972226,0.211733676212251,12.5451535412082,0.139893897410881,-0.139139170223648,25.0068731119682,-7.96573558971887,-1.3693288698453,8.71790940369211
2.38,28.3378025109083,4.71475786557073,0.2110412365776,12.5610608314516,0.133898996328925,-0.137857708725498,25.0203256188468,-8.01791692765948,-1.36764558704275,8.78851974472227
2.385,28.3991208451273,4.72854174004875,0.210354895932863,12.5769749105688,0.128047870906338,-0.136698176502282,25.0338722447036,-8.07009973993721,-1.36596152331569,8.85930722469621
2.39,28.4605324479002,4.74227203443661,0.209674065250501,12.5928955466169,0.122343407058034,-0.13565239522145,25.0475130733717,-8.12228384682128,-1.3642766786641,8.93026844162076
2.395,28.522037080945,4.75594967917049,0.208998195364034,12.6088225154413,0.116787831504962,-0.134712597275309,25.0612481883844,-8.17446906821922,-1.36259105308799,9.00140002703241
2.4,28.5836345123283,4.76957558293655,0.208326774938162,12.6247556001486,0.111382763779517,-0.133871416115236,25.0750776729737,-8.22665522367718,-1.36090464658737,9.07269864612252
2.4,28.5836345123283,4.76957558293655,0.208326774938162,12.6247556001486,0.111382763779517,-0.133871416115236,25.0750776729737,-8.22665522367718,-1.36090464658737,9.07269864612252
2.405,28.645324418633,4.78315059824088,0.207659314910515,12.64065351085,0.106124360565111,-0.133127240711622,25.0890016100691,-8.2788421323801,-1.35921745916222,9.14416098098773
2.41,28.7071064827259,4.79667555501212,0.206995361455063,12.6565571336701,0.101018521480188,-0.132467723131046,25.1030200822969,-8.33102961315207,-1.35752949081256,9.21578374367969
2.415,28.7689804916635,4.8101512934152,0.206334506941445,12.6724662702745,0.0960652955959286,-0.13188666004404,25.1171331719782,-8.38321748445647,-1.35584074153837,9.28756369582493
2.42,28.8309462388528,4.82357862948736,0.20567637386322,12.6883807278306,0.0912643106797948,-0.13137820322784,25.1313409611288,-8.43540556439631,-1.35415121133967,9.35949763418622
2.425,28.8930035240035,4.83695835484729,0.205020613092733,12.7043003186558,0.0866148129325674,-0.130936847279476,25.1456435314569,-8.48759367071448,-1.35246090021644,9.43158239102778
2.43,28.9551521530661,4.85029123649896,0.204366902198601,12.7202248599032,0.0821157044441253,-0.130557417003158,25.1600409643627,-8.53978162079396,-1.3507698081687,9.50381483448979
2.435,29.0173919381564,4.86357801672249,0.203714943826584,12.736154173282,0.0777655784352878,-0.130235054543354,25.1745333409371,-8.59196923165816,-1.34907793519643,9.57619186896302
2.44,29.0797226974693,4.87681941304438,0.203064464145552,12.7520880848131,0.0735627523333654,-0.129965206354016,25.1891207419601,-8.64415631997113,-1.34738528129965,9.6487104354528
2.445,29.1421442551821,4.89001611827999,0.20241521135865,12.7680264246147,0.0695052987546423,-0.129743610074444,25.2038032479003,-8.69634270203788,-1.34569184647835,9.72136751192576
2.45,29.2046564413491,4.90316880064155,0.201766954280213,12.7839690267174,0.0655910744554649,-0.1295662813901,25.2185809389128,-8.74852819380463,-1.34399763073252,9.794160113632
2.45,29.2046564413491,4.90316880064155,0.201766954280213,12.7839690267174,0.0655910744554649,-0.1295662813901,25.2185809389128,-8.74852819380464,-1.34399763073252,9.794160113632
2.455,29.2672589421954,4.91627844021979,0.201119964036942,12.7998839750454,0.0619547106832922,-0.129238674642933,25.2334538948392,-8.80071261085913,-1.34230263406218,9.86708467383443
2.46,29.329951451487,4.92934598102768,0.2004744826182,12.8158025855511,0.0584414379842745,-0.128962027412335,25.2484221952052,-8.85289576843087,-1.34060685646731,9.94013775073971
2.465,29.3927338187784,4.94237200269824,0.199830265838634,12.8317247222437,0.0550499100063825,-0.128732144319381,25.2634859192204,-8.90507748139141,-1.33891029794793,10.0133165969472
2.47,29.4556058986802,4.95535706347727,0.199187089760735,12.847650251556,0.0517785644085287,-0.128545118894593,25.2786451457764,-8.95725756425472,-1.33721295850403,10.0866184947245
2.475,29.5185675507563,4.96830170037469,0.198544749290277,12.8635790423046,0.0486256494054925,-0.12839731769757,25.2938999534461,-9.00943583117737,-1.3355148381356,10.1600407567076
2.48,29.5816186394175,4.98120642936348,0.197903056849838,12.8795109656613,0.0455892483170878,-0.128285364939003,25.3092504204824,-9.06161209595892,-1.33381593684266,10.2335807265243
2.485,29.644759033809,4.9940717456208,0.197261841127843,12.8954458951343,0.0426673022257516,-0.128206127625913,25.3246966248167,-9.11378617204217,-1.3321162546252,10.3072357793434
2.49,29.7079886076941,5.00689812380622,0.196620945900622,12.911383706557,0.0398576308425824,-0.128156701249075,25.3402386440581,-9.16595787251345,-1.33041579148322,10.3810033223493
2.495,29.7713072393358,5.01968601837263,0.195980228924629,12.927324278083,0.0371579516832633,-0.128134396023707,25.355876555492,-9.21812701010299,-1.32871454741671,10.4548807951471
2.5,29.8347148113753,5.03243586390543,0.195339560896053,12.9432674901865,0.0345658976504009,-0.128136723692335,25.3716104360792,-9.27029339718517,-1.32701252242569,10.5288656700972
2.5,29.8347148113753,5.03243586390543,0.195339560896053,12.9432674901865,0.0345658976504009,-0.128136723692335,25.3716104360792,-9.27029339718517,-1.32701252242569,10.5288656700972
2.505,29.8982110335709,5.04514862195104,0.19469958881448,12.9591859840986,0.0322962489768234,-0.127859568020037,25.3874403624541,-9.32245684577886,-1.32530971651015,10.6029545278392
2.51,29.9617956229607,5.05782521500507,0.194060893809106,12.9751064197721,0.0301045627762287,-0.127625266092681,25.4033664109242,-9.37461716754773,-1.32360612967009,10.6771441184814
2.515,30.0254684788601,5.07046599343042,0.193423270780399,12.9910287224037,0.0279904444717299,-0.127430197105556,25.4193886574685,-9.42677417380057,-1.3219017619055,10.7514322073216
2.52,30.0892295039244,5.08307129302269,0.192786532045645,13.0069528170123,0.0259533032519259,-0.12727101200612,25.4355071777364,-9.47892767549161,-1.3201966132164,10.8258165792285
2.525,30.1530786040788,5.09564143510391,0.192150506026288,13.0228786286066,0.0239923754248489,-0.127144615215266,25.4517220470464,-9.53107748322085,-1.31849068360278,10.9002950396691
2.53,30.2170156884429,5.10817672665216,0.191515036024069,13.0388060823413,0.0221067458128586,-0.127048147411644,25.4680333403853,-9.5832234072344,-1.31678397306464,10.9748654156169
2.535,30.2810406692538,5.12067746046262,0.190879979080669,13.0547351036602,0.0202953673285342,-0.126978969327798,25.4844411324064,-9.63536525742481,-1.31507648160198,11.0495255563496
2.54,30.3451534617849,5.13314391533614,0.190245204915914,13.070665618429,0.0185570788606671,-0.126934646510754,25.5009454974288,-9.68750284333138,-1.3133682092148,11.1242733341427
2.545,30.4093539842643,5.14557635629172,0.189610594939873,13.0865975530581,0.0168906215908801,-0.126912935002007,25.517546509436,-9.73963597414051,-1.31165915590309,11.1991066448667
2.55,30.4736421577901,5.15797503479938,0.18897604133437,13.1025308346142,0.0152946538540872,-0.126911767893122,25.5342442420747,-9.7917644586861,-1.30994932166687,11.2740234084951
2.55,30.4736421577901,5.15797503479938,0.18897604133437,13.1025308346142,0.0152946538540872,-0.126911767893122,25.5342442420747,-9.79176445868611,-1.30994932166687,11.2740234084951
2.555,30.5380177158747,5.1703408530765,0.188342367152195,13.1184402888564,0.0140295506475618,-0.126565683253006,25.5510387686537,-9.84388810544982,-1.30823870650613,11.3490204992861
2.56,30.6024803986359,5.18267467526035,0.187710310002051,13.1343503797697,0.0128017082470811,-0.126264308917215,25.5679301621425,-9.89600672256146,-1.30652731042087,11.4240949769732
2.565,30.6670301405846,5.19497667996673,0.187079655770042,13.1502610879896,0.0116122818206242,-0.126003920032416,25.5849184951703,-9.94812011779936,-1.30481513341109,11.4992450636476
2.57,30.7316668780913,5.20724703804245,0.186450208232341,13.1661723912132,0.0104621737424136,-0.125781081714812,25.6020038400247,-10.0002280985907,-1.30310217547679,11.5744689900515
2.575,30.7963905493701,5.2194859124282,0.185821787659836,13.1820842645759,0.00935205962395742,-0.125592627507382,25.6191862686506,-10.0523304720119,-1.30138843661797,11.6497649969828
2.58,30.8612010944567,5.23169345806395,0.185194229526563,13.1979966809929,0.00828241210662297,-0.125435639386494,25.6364658526487,-10.1044270447889,-1.29967391683463,11.7251313365497
2.585,30.9260984551817,5.24386982183228,0.184567383314544,13.2139096114689,0.00725352259564802,-0.125307429206194,25.6538426632749,-10.1565176232977,-1.29795861612677,11.8005662732862
2.59,30.9910825751398,5.25601514253517,0.183941111407995,13.2298230253798,0.00626552110341834,-0.125205521475325,25.6713167714382,-10.2086020135644,-1.29624253449439,11.8760680851401
2.595,31.0561533996557,5.26812955090057,0.183315288070497,13.2457368907277,0.00531839435430317,-0.125127637372512,25.6888882477005,-10.2606800212662,-1.29452567193749,11.9516350643444
2.6,31.1213108757467,5.28021316961505,0.182689798499205,13.2616511743729,0.00441200229006462,-0.125071679912366,25.7065571622746,-10.3127514517309,-1.29280802845607,12.0272655181804
2.6,31.1213108757467,5.28021316961505,0.182689798499205,13.2616511743729,0.00441200229006462,-0.125071679912366,25.7065571622746,-10.3127514517309,-1.29280802845607,12.0272655181804
2.605,31.1865547572943,5.29226683811814,0.182065538932565,13.2775416622433,0.00383055187711932,-0.124640626832462,25.7243235850233,-10.364816109938,-1.29108960405013,12.1029566440002
2.61,31.2518848040716,5.30429136000644,0.181443310960754,13.2934318953382,0.00325576156567845,-0.124258347284507,25.7421875854583,-10.4168738005189,-1.28937039871967,12.1787058254348
2.615,31.3173009737477,5.31628679663068,0.180822880857091,13.3093218965907,0.00269017486330482,-0.12392083987291,25.7601492327388,-10.4689243277571,-1.28765041246469,12.2545116593022
2.62,31.3828032247805,5.3282532069075,0.180204034098691,13.3252116836141,0.00213601387586412,-0.123624420188444,25.7782085956704,-10.5209674955887,-1.28592964528519,12.3303727418174
2.625,31.4483915164486,5.34019064694615,0.17958657384438,13.3411012692701,0.00159520964045891,-0.123365695974547,25.7963657427039,-10.5730031076029,-1.28420809718117,12.4062876703111
2.63,31.5140658088755,5.35209916972941,0.178970319531873,13.3569906621807,0.00106942982482871,-0.123141544271865,25.8146207419339,-10.6250309670422,-1.28248576815264,12.4822550447738
2.635,31.579826063047,5.36397882484344,0.178355105584685,13.3728798671905,0.000560104023827744,-0.122949090371256,25.8329736610979,-10.677050876803,-1.28076265819958,12.5582734692433
2.64,31.6456722408224,5.37582965825118,0.177740780219957,13.3887688857844,6.84468625739901e-05,-0.122785688421688,25.8514245675748,-10.7290626394358,-1.279038767322,12.6343415530468
2.645,31.7116043049402,5.38765171210507,0.177127204349464,13.4046577164652,-0.00040452090937287,-0.12264890355879,25.8699735283839,-10.7810660571458,-1.2773140955199,12.7104579119105
2.65,31.7776222190193,5.39944502459476,0.176514250566441,13.4205463550952,-0.000857953160719347,-0.122536495428886,25.8886206101835,-10.8330609317934,-1.27558864279328,12.7866211689493
2.65,31.7776222190193,5.39944502459476,0.176514250566441,13.4205463550952,-0.000857953160719347,-0.122536495428886,25.8886206101835,-10.8330609317934,-1.27558864279328,12.7866211689493
2.655,31.843725753364,5.41121038242087,0.175902839058956,13.4364109541213,-0.000996641372367108,-0.122037176891909,25.9073658792698,-10.8850470648941,-1.27386240914214,12.8628288218318
2.66,31.9099146835454,5.42294853878382,0.175293791840958,13.4522747424914,-0.00114964110624954,-0.121590044537395,25.9262094015759,-10.9370242576195,-1.27213539456649,12.9390785484171
2.665,31.9761889817639,5.43465947991127,0.174686858709513,13.4681377708945,-0.00131338835177844,-0.121190865878299,25.94515124267,-10.9889923107974,-1.27040759906631,13.0153692412914
2.67,32.0425486203089,5.44634319332046,0.174081809767522,13.4840000830609,-0.00148469560562201,-0.120835746357645,25.9641914677547,-11.0409510249124,-1.26867902264161,13.0916997855134
2.675,32.1089935716249,5.4579996672625,0.173478433802994,13.4998617164685,-0.00166071786109572,-0.120521102122874,25.9833301416657,-11.0929002001061,-1.26694966529239,13.1680690605304
2.68,32.1755238083683,5.46962889023147,0.172876536798883,13.5157227029772,-0.00183892156540011,-0.120243635085242,26.0025673288705,-11.1448396361778,-1.26521952701866,13.2444759419093
2.685,32.2421393034551,5.48123085053177,0.172275940562235,13.5315830694007,-0.00201705626933738,-0.120000310049446,26.021903093467,-11.1967691325848,-1.2634886078204,13.3209193028991
2.69,32.3088400301013,5.49280553589803,0.171676481462897,13.5474428380204,-0.00219312873278129,-0.11978833372973,26.0413374991827,-11.2486884884428,-1.26175690769762,13.397398015842
2.695,32.3756259618564,5.50435293316248,0.171078009272851,13.56330202705,-0.00236537927016121,-0.119605135485976,26.0608706093731,-11.3005975025264,-1.26002442665032,13.4739109534426
2.7,32.4424970726308,5.51587302796491,0.170480386097868,13.579160651055,-0.00253226013809791,-0.119448349628031,26.0805024870208,-11.3524959732697,-1.25829116467851,13.5504569899111
2.7,32.4424970726308,5.51587302796491,0.170480386097868,13.579160651055,-0.00253226013809791,-0.119448349628031,26.0805024870208,-11.3524959732697,-1.25829116467851,13.5504569899111
2.705,32.5094531455926,5.52736656826634,0.169884535714183,13.594994981415,-0.00239422385769947,-0.118901254099088,26.1002331947339,-11.4043836987662,-1.25655712178217,13.6270338813329
2.71,32.5764939686759,5.53883427051354,0.169291282913354,13.6108281830883,-0.00228417247870895,-0.118408557364539,26.1200627947451,-11.4562604767702,-1.25482229796131,13.7036395557164
2.715,32.6436195229126,5.55027607526571,0.168700366779224,13.6266603226828,-0.00219785950760245,-0.117965889058161,26.1399913489104,-11.5081261046962,-1.25308669321594,13.7802731362994
2.72,32.710829788997,5.56169192680602,0.168111547361263,13.6424914589344,-0.00213145237910347,-0.117569228347699,26.1600189187079,-11.5599803796202,-1.25135030754604,13.8569337339116
2.725,32.7781247473732,5.57308177246238,0.167524603999183,13.6583216434915,-0.00208149597358989,-0.117214875397699,26.1801455652364,-11.6118230982797,-1.24961314095163,13.933620448985
2.73,32.8455043783114,5.58444556200026,0.166939333784254,13.6741509216186,-0.00204487931955588,-0.116899425290465,26.2003713492144,-11.6636540570742,-1.24787519343269,14.0103323733764
2.735,32.9129686619749,5.59578324708032,0.166355550145151,13.6899793328285,-0.00201880517880453,-0.116619744165045,26.2206963309788,-11.7154730520661,-1.24613646498923,14.0870685920221
2.74,32.9805175784778,5.60709478077488,0.165773081548104,13.7058069114507,-0.00200076226064966,-0.116372947372901,26.2411205704837,-11.7672798789804,-1.24439695562126,14.1638281844369
2.745,33.0481511079361,5.61838011713739,0.165191770301644,13.7216336871436,-0.0019884998272561,-0.116156379463449,26.2616441272989,-11.819074333206,-1.24265666532876,14.2406102260723
2.75,33.1158692305108,5.62963921082008,0.164611471457114,13.7374596853569,-0.00198000447598034,-0.115967595832577,26.2822670606092,-11.8708562097957,-1.24091559411175,14.3174137895455
2.75,33.1158692305108,5.62963921082008,0.164611471457114,13.7374596853569,-0.00198000447598034,-0.115967595832577,26.2822670606092,-11.8708562097957,-1.24091559411175,14.3174137895455
2.755,33.1836717393274,5.6408727849521,0.164033106628481,13.7532612266089,-0.00167417001070618,-0.115388003239045,26.3029894292129,-11.9226253034668,-1.23917374197021,14.3942368444558
2.76,33.251558431893,5.65208153264996,0.163457498663159,13.7690614756933,-0.00140506044281196,-0.114864080425638,26.3238112915202,-11.9743814086014,-1.23743110890416,14.4710775242351
2.765,33.3195292944938,5.66326536823217,0.162884380450597,13.7848605069857,-0.00116798934571678,-0.114391393571694,26.3447327055528,-12.0261243192473,-1.23568769491358,14.5479351326451
2.77,33.3875843128324,5.67442421128064,0.162313506152208,13.8006583866121,-0.000958707796559629,-0.11396586267562,26.365753728942,-12.0778538291184,-1.23394349999849,14.6248089576623
2.775,33.4557234721263,5.68555798588287,0.161744649505806,13.8164551732654,-0.000773366438470135,-0.113583732534497,26.3868744189277,-12.1295697315947,-1.23219852415887,14.7016982735138
2.78,33.5239467571951,5.69666661995058,0.161177602268973,13.8322509189355,-0.00060848084553445,-0.113241546253373,26.4080948323571,-12.1812718197234,-1.23045276739474,14.7786023425296
2.785,33.5922541525382,5.70775004460736,0.160612172788831,13.848045669566,-0.000460899875119154,-0.112936121033291,26.4294150256836,-12.2329598862194,-1.22870622970609,14.8555204168289
2.79,33.6606456424031,5.71880819363895,0.160048184687803,13.8638394656426,-0.000327776744213548,-0.11266452602818,26.4508350549657,-12.2846337234651,-1.22695891109291,14.9324517398549
2.795,33.729121210845,5.72984100300017,0.159485475655286,13.8796323427245,-0.000206542579851894,-0.11242406207429,26.4723549758652,-12.336293123512,-1.22521081155522,15.0093955477708
2.8,33.7976808417801,5.74084841037329,0.158923896336288,13.8954243319217,-9.48822222874892e-05,-0.112212243119421,26.4939748436467,-12.3879378780802,-1.223461931093,15.0863510707302
2.8,33.7976808417801,5.74084841037329,0.158923896336288,13.8954243319217,-9.48822222874892e-05,-0.112212243119421,26.4939748436467,-12.3879378780802,-1.223461931093,15.0863510707302
2.805,33.866324335939,5.75183112713945,0.158364368326407,13.9111918284671,0.00030961730386814,-0.111608758173878,26.5156947131758,-12.4395677785595,-1.22171226970627,15.1633164497432
2.81,33.9350514981511,5.76278983567135,0.157807714715759,13.9269579637678,0.000671713462435979,-0.111061709353333,26.5375146389182,-12.49118261601,-1.21996182739502,15.2402899829118
2.815,34.0038623177951,5.77372443639877,0.157253664621687,13.9427228149655,0.000996384684829592,-0.110566639036974,26.5594346749384,-12.542782181162,-1.21821060415924,15.3172711172922
2.82,34.0727567835296,5.78463483598921,0.15670196855182,13.958486450906,0.00128815667927802,-0.110119443688127,26.5814548748983,-12.5943662644174,-1.21645859999895,15.3942592817788
2.825,34.1417348833976,5.79552094653983,0.156152396707235,13.9742489329581,0.00155114120739538,-0.109716344824112,26.6035752920562,-12.6459346558496,-1.21470581491414,15.4712538891272
2.83,34.2107966049193,5.80638268484866,0.155604737424526,13.990010315745,0.00178907150126314,-0.109353862527494,26.6257959792655,-12.6974871452041,-1.2129522489048,15.5482543378014
2.835,34.2799419351754,5.81721997175716,0.155058795744278,14.0057706478012,0.00200533464158933,-0.109028791245066,26.6481169889734,-12.7490235218994,-1.21119790197095,15.6252600136609
2.84,34.34917086088,5.82803273155797,0.154514392095447,14.0215299721623,0.00220300116464402,-0.108738177662223,26.6705383732197,-12.8005435750273,-1.20944277411258,15.7022702915005
2.845,34.4184833684464,5.8388208914615,0.153971361085542,14.0372883268944,0.00238485215355778,-0.108479300453434,26.6930601836356,-12.8520470933534,-1.20768686532969,15.7792845364565
2.85,34.4878794440442,5.84958438111602,0.153429550387675,14.0530457455725,0.00255340403754899,-0.10824965173541,26.7156824714425,-12.9035338653178,-1.20593017562227,15.8563021052912
2.85,34.4878794440442,5.84958438111602,0.153429550387675,14.0530457455725,0.00255340403754899,-0.10824965173541,26.7156824714425,-12.9035338653178,-1.20593017562227,15.8563021052912
2.855,34.5573538036974,5.86032322107999,0.152890053020848,14.0667242622908,0.00304818554635548,-0.107559893920367,26.7384052874506,-12.9550036790356,-1.20417270499034,15.9333185781431
2.86,34.6269011674743,5.87103740360366,0.152353849671713,14.0804014175965,0.00349004955134346,-0.106931215819925,26.761228682058,-13.0064563222974,-1.20241445343389,16.0103296824857
2.865,34.6965215266913,5.88172682398983,0.151820647041374,14.094077297394,0.00388468629044063,-0.10635884302304,26.7841527052489,-13.0578915825702,-1.20065542095292,16.0873349736566
2.87,34.7662148717442,5.89239138547313,0.151290174748377,14.1077519786581,0.00423728288208172,-0.105838377601783,26.8071774065931,-13.1093092469973,-1.19889560754743,16.164333986322
2.875,34.8359811922273,5.90303099829439,0.150762183524395,14.1214255303184,0.00455256580886533,-0.105365767334451,26.8303028352442,-13.1607091023996,-1.19713501321741,16.2413262365783
2.88,34.90582047704,5.91364557886286,0.150236443556971,14.13509801405,0.00483483974571371,-0.104937277631178,26.8535290399386,-13.2120909352758,-1.19537363796288,16.3183112238738
2.885,34.9757327144821,5.92423504899794,0.149712742966375,14.1487694849795,0.00508802307334806,-0.104549465895034,26.8768560689941,-13.2634545318029,-1.19361148178383,16.3952884327678
2.89,35.0457178923393,5.93479933524318,0.149190886405188,14.1624399923192,0.00531568037550827,-0.104199158085848,26.900283970309,-13.3147996778372,-1.19184854468026,16.4722573345405
2.895,35.1157759979587,5.945338368246,0.148670693769825,14.1761095799348,0.00552105219889266,-0.103883427272921,26.9238127913605,-13.3661261589143,-1.19008482665217,16.549217388667
2.9,35.1859070183172,5.95585208219714,0.148151999014865,14.1897782868576,0.00570708231251581,-0.103599573995159,26.9474425792036,-13.4174337602504,-1.18832032769956,16.6261680441664
2.9,35.1859070183172,5.95585208219714,0.148151999014865,14.1897782868576,0.00570708231251581,-0.103599573995159,26.9474425792036,-13.4174337602504,-1.18832032769956,16.6261680441664
2.905,35.2561026487171,5.96634013900701,0.147635965677313,14.2001494743487,0.00623507895709478,-0.102825087078842,26.9711733804701,-13.4687222667422,-1.18655504782243,16.7031033494172
2.91,35.3263545884561,5.97680217289922,0.147123639338703,14.2105194184256,0.00670107556819645,-0.102115897688874,26.9950052413668,-13.5199914629679,-1.18478898702078,16.7800174933146
2.915,35.3966628293854,5.98723808654555,0.146614706313674,14.2208882101107,0.00711140094116657,-0.101466953488393,27.018938207675,-13.5712411331879,-1.18302214529461,16.8569101104808
2.92,35.4670273622982,5.99764779194619,0.146108877178381,14.2312559311365,0.00747183503240794,-0.100873596621196,27.0429723247486,-13.6224710613451,-1.18125452264392,16.9337808132657
2.925,35.5374481770598,6.00803120940498,0.14560588487935,14.2416226548733,0.00778765470951896,-0.100331531721242,27.0671076375132,-13.6736810310656,-1.17948611906871,17.010629193887
2.93,35.6079252627241,6.01838826659944,0.145105482995026,14.251988447156,0.00806367560317128,-0.0998367967201179,27.0913441904649,-13.7248708256595,-1.17771693456898,17.0874548263902
2.935,35.6784586076385,6.02871889773725,0.144607444137041,14.2623533670217,0.00830429041314557,-0.0993857361810717,27.1156820276689,-13.7760402281213,-1.17594696914473,17.1642572684467
2.94,35.7490481995375,6.03902304279088,0.144111558478869,14.2727174673706,0.00851350399829153,-0.0989749769098056,27.1401211927584,-13.8271890211306,-1.17417622279596,17.2410360630026
2.945,35.8196940256271,6.04930064680372,0.14361763240125,14.2830807955564,0.0086949655344578,-0.0986014056281249,27.1646617289333,-13.8783169870529,-1.17240469552267,17.317790739792
2.95,35.8903960726601,6.05955165926124,0.143125487244555,14.2934433939184,0.00885199800025232,-0.0982621485169099,27.1893036789589,-13.92942390794,-1.17063238732486,17.3945208167251
2.95,35.8903960726601,6.05955165926124,0.143125487244555,14.2934433939184,0.00885199800025232,-0.0982621485169099,27.1893036789589,-13.92942390794,-1.17063238732486,17.3945208167251
2.955,35.9611482944699,6.06977607352494,0.142636183190207,14.3014190621784,0.00932737161969876,-0.0974707716372007,27.2140470851647,-13.9805095655306,-1.16885929820253,17.4712216165369
2.96,36.0319446486259,6.07997385614879,0.142150670958194,14.3093936811186,0.0097396828448528,-0.0967445507853803,27.2388919894434,-14.0315737412512,-1.16708542815568,17.5478885997872
2.965,36.1027851263341,6.09014492712376,0.141668637458092,14.317367335959,0.0100953251861709,-0.0960784773973855,27.2638384332492,-14.0826162162167,-1.16531077718431,17.6245214647834
2.97,36.1736697177761,6.10028921586202,0.141189793660024,14.3253401032159,0.010400140722036,-0.0954679303955154,27.288886457597,-14.1336367712307,-1.16353534528842,17.7011198872763
2.975,36.2445984122344,6.11040666017063,0.14071387273614,14.3333120515761,0.0106594656878387,-0.0949086451164562,27.3140361030609,-14.1846351867865,-1.16175913246801,17.7776835225237
2.98,36.3155711982068,6.12049720531929,0.140240628350482,14.3412832426738,0.0108781722223428,-0.0943966849254327,27.3392874097732,-14.2356112430678,-1.15998213872308,17.8542120071873
2.985,36.3865880635081,6.13056080319395,0.13976983308479,14.3492537317841,0.0110607066141202,-0.0939284152587294,27.3646404174228,-14.2865647199491,-1.15820436405363,17.9307049610757
2.99,36.4576489953616,6.14059741152831,0.139301276988366,14.3572235684434,0.0112111243701536,-0.0935004798565286,27.3900951652543,-14.3374953969965,-1.15642580845967,18.0071619887463
2.995,36.5287539804819,6.15060699320647,0.138834766241804,14.3651927970036,0.0113331223833481,-0.0931097789827253,27.4156516920667,-14.3884030534684,-1.15464647194118,18.0835826809791
3,36.5999030051484,6.16058951563032,0.138370121925088,14.3731614571305,0.0114300684535816,-0.0927534494469223,27.441310036212,-14.4392874683161,-1.15286635449817,18.1599666161324
3,36.5999030051484,6.16058951563032,0.138370121925088,14.3731614571305,0.0114300684535816,-0.0927534494469223,27.441310036212,-14.4392874683161,-1.15286635449817,18.1599666161324
3.005,36.6710916562155,6.17054520162458,0.137908334085054,14.3794004942539,0.0118283917469533,-0.0919726930847945,27.4670702355941,-14.4901484201845,-1.15108545613064,18.2363100648336
3.01,36.7423155240622,6.18047424774807,0.137450289212845,14.3856386721802,0.0121657255482145,-0.0912554190794706,27.4929323276675,-14.5409856874128,-1.14930377683859,18.312609432424
3.015,36.8135745991875,6.19037659246229,0.136995682215462,14.3918760672286,0.0124483100736567,-0.09059676479674,27.5188963494362,-14.5917990480351,-1.14752131662203,18.388864472646
3.02,36.8848688711509,6.20025218326091,0.136544231366157,14.3981127478633,0.0126818469487329,-0.0899922412001313,27.5449623374523,-14.6425882797814,-1.14573807548094,18.4650749167576
3.025,36.9561983286915,6.21010097567597,0.13609567651172,14.4043487754845,0.0128715435208805,-0.0894377031990857,27.5711303278149,-14.6933531600778,-1.14395405341533,18.541240475501
3.03,37.027562959834,6.21992293237496,0.135649777421493,14.4105842051336,0.0130221534715482,-0.0889293225283591,27.5974003561685,-14.7440934660475,-1.14216925042521,18.6173608409156
3.035,37.0989627519848,6.22971802234085,0.135206312266278,14.4168190861208,0.0131380140553306,-0.0884635629177096,27.6237724577025,-14.7948089745116,-1.14038366651056,18.6934356880076
3.04,37.1703976920177,6.23948622012762,0.134765076216065,14.4230534625864,0.0132230802698377,-0.088037157332002,27.6502466671491,-14.8454994619894,-1.13859730167139,18.7694646762881
3.045,37.2418677663515,6.24922750518458,0.134325880146774,14.4292873740032,0.0132809562237434,-0.0876470870899053,27.6768230187829,-14.8961647046996,-1.13681015590771,18.8454474511911
3.05,37.3133729610189,6.25894186124356,0.133888549447172,14.435520855626,0.0133149239425612,-0.0872905626909239,27.7035015464188,-14.9468044785607,-1.1350222292195,18.9213836453806
3.05,37.3133729610189,6.25894186124356,0.133888549447172,14.435520855626,0.0133149239425612,-0.0872905626909239,27.7035015464188,-14.9468044785607,-1.1350222292195,18.9213836453806
3.055,37.3849100439425,6.26862966896852,0.133454023875311,14.4404991956847,0.0136376901627308,-0.086530315422601,27.7302822834116,-14.9974185591917,-1.13323352160677,18.9972702378142
3.06,37.4564757863917,6.27829128313582,0.133023143938239,14.4454768372974,0.0139024980328255,-0.0858314939775468,27.7571652626541,-15.048006721913,-1.13144403306953,19.0731043387698
3.065,37.5280701784606,6.28792665852405,0.132595614411675,14.4504538478132,0.0141153698573931,-0.0851893988220789,27.7841505165762,-15.098568741747,-1.12965376360776,19.1488857510719
3.07,37.599693209396,6.29753575842624,0.132171162658033,14.4554302875708,0.0142818061505124,-0.0845996898863007,27.8112380771438,-15.1491043934189,-1.12786271322147,19.2246142551892
3.075,37.6713448677076,6.30711855369643,0.131749536900904,14.4604062106094,0.0144068284741447,-0.0840583582613081,27.8384279758572,-15.1996134513573,-1.12607088191067,19.3002896111166
3.08,37.7430251412671,6.31667502188368,0.131330504634966,14.4653816653,0.0144950187229155,-0.083561700286075,27.8657202437499,-15.2500956896953,-1.12427826967534,19.3759115601107
3.085,37.8147340173967,6.32620514644576,0.130913851159978,14.4703566949085,0.0145505551699609,-0.0831062937973913,27.8931149113878,-15.3005508822706,-1.1224848765155,19.4514798262919
3.09,37.8864714829489,6.33570891603552,0.130499378228579,14.4753313380983,0.0145772455578415,-0.082688976340556,27.9206120088674,-15.3509788026268,-1.12069070243113,19.5269941181227
3.095,37.9582375243783,6.34518632385332,0.130086902798405,14.4803056293797,0.0145785574938931,-0.0823068251585424,27.948211565815,-15.401379224014,-1.11889574742225,19.6024541297734
3.1,38.0300321278058,6.35463736706008,0.129676255880298,14.4852795995129,0.0145576463747779,-0.0819571388026488,27.9759136113853,-15.4517519193895,-1.11710001148884,19.6778595423833
3.1,38.0300321278058,6.35463736706008,0.129676255880298,14.4852795995129,0.0145576463747779,-0.0819571388026488,27.9759136113853,-15.4517519193895,-1.11710001148884,19.6778595423833
3.105,38.1018529157262,6.36406253364088,0.129268339179388,14.4893409548842,0.0148157568589456,-0.0812198430521383,28.0037181742601,-15.5020966614186,-1.11530349463092,19.7532078661723
3.11,38.1736975138248,6.37346228600488,0.128863958440295,14.4934017397082,0.0150189835447067,-0.0805419655379424,28.031625282647,-15.5524132224752,-1.11350619684847,19.8284967391855
3.115,38.2455659121524,6.38283659219661,0.128462828093763,14.4974620132728,0.0151731281137443,-0.0799189577330432,28.0596349642785,-15.6027013746427,-1.11170811814151,19.9037260073932
3.12,38.3174580999942,6.39218542826975,0.12806468443354,14.5015218286165,0.0152834868642395,-0.0793466182385877,28.0877472464106,-15.6529608897151,-1.10990925851002,19.9788954945238
3.125,38.3893740659726,6.4015087773725,0.127669283949655,14.5055812331653,0.0153548921953795,-0.0788210656035726,28.1159621558212,-15.703191539197,-1.10810961795402,20.0540050038727
3.13,38.4613137981386,6.41080662891693,0.127276401791866,14.5096402692996,0.0153917506655864,-0.0783387134196781,28.1442797188096,-15.753393094305,-1.10630919647349,20.129054319974
3.135,38.5332772840547,6.42007897782518,0.126885830352334,14.5136989748586,0.0153980779286791,-0.0778962474756422,28.1726999611945,-15.8035653259685,-1.10450799406845,20.2040432101455
3.14,38.605264510869,6.42932582384565,0.126497377957896,14.5177573835902,0.015377530815089,-0.0774906047834099,28.2012229083135,-15.8537080048299,-1.10270601073889,20.2789714259164
3.145,38.6772754653813,6.43854717093282,0.126110867662717,14.5218155255537,0.0153334368104002,-0.0771189543015273,28.2298485850211,-15.9038209012461,-1.1009032464848,20.3538387043489
3.15,38.7493101341033,6.44774302668557,0.125726136133555,14.5258734274796,0.0152688211448631,-0.0767786792087167,28.2585770156882,-15.9539037852887,-1.0990997013062,20.42864476926
3.15,38.7493101341033,6.44774302668557,0.125726136133555,14.5258734274796,0.0152688211448631,-0.0767786792087167,28.2585770156882,-15.9539037852887,-1.0990997013062,20.42864476926
3.155,38.821366758255,6.45691395071824,0.125344054713114,14.5292660146686,0.0154752135692324,-0.0760638743958099,28.2874082242004,-16.0039564267454,-1.09729537520308,20.503387530926
3.16,38.8934435821067,6.46606047736396,0.12496540142446,14.5326581304998,0.0156295032681079,-0.0754066608389588,28.3163422339568,-16.05397859512,-1.09549026817543,20.5780650239836
3.165,38.9655405959751,6.47518258496887,0.124589899499093,14.5360498272832,0.015737290156286,-0.0748026218824191,28.3453790678691,-16.1039700596342,-1.09368438022327,20.6526771318154
3.17,39.037657789479,6.48428025944381,0.12421729339815,14.5394411517425,0.0158036834349284,-0.0742476777626782,28.3745187483599,-16.1539305892275,-1.09187771134659,20.7272237156608
3.175,39.109795151635,6.49335349338347,0.123847347194575,14.5428321455894,0.0158333419209617,-0.0737380593186882,28.403761297362,-16.2038599525584,-1.09007026154538,20.8017046163664
3.18,39.181952670943,6.50240228526705,0.123479843081285,14.5462228460335,0.0158305110536175,-0.0732702838887096,28.4331067363165,-16.2537579180056,-1.08826203081966,20.8761196560047
3.185,39.2541303354638,6.51142663873305,0.123114579994689,14.549613286236,0.0157990568741951,-0.0728411331865196,28.4625550861724,-16.3036242536679,-1.08645301916942,20.9504686393723
3.19,39.3263281328882,6.52042656192185,0.122751372344431,14.5530034957138,0.0157424972332987,-0.0724476329801678,28.4921063673845,-16.3534587273659,-1.08464322659465,21.0247513553762
3.195,39.3985460505991,6.52940206687993,0.122390048840398,14.556393500701,0.0156640304708619,-0.0720870344055026,28.5217605999129,-16.4032611066425,-1.08283265309537,21.0989675783183
3.2,39.4707840757265,6.53835316902055,0.122030451409488,14.5597833244717,0.0155665617754659,-0.0717567967739886,28.5515178032214,-16.4530311587635,-1.08102129867157,21.1731170690847
3.2,39.4707840757265,6.53835316902055,0.122030451409488,14.5597833244717,0.0155665617754659,-0.0717567967739886,28.5515178032214,-16.4530311587635,-1.08102129867157,21.1731170690847
3.205,39.5430408978655,6.54728047428628,0.121673425841748,14.5626864220282,0.0157331616285959,-0.071063133063485,28.5813779962762,-16.5027686507189,-1.07920916332325,21.2471980407876
3.21,39.6153152095321,6.55618456364198,0.121319726840255,14.5655891246586,0.0158500676661415,-0.0704254243794672,28.611341197545,-16.5524733492234,-1.07739624705041,21.3212088275281
3.215,39.6876070015372,6.56506542320747,0.120969085528746,14.5684914786687,0.0159227011275074,-0.0698393681596666,28.6414074249955,-16.6021450207173,-1.07558254985304,21.3951493446631
3.22,39.7599162640473,6.57392304629153,0.120621253711544,14.5713935253561,0.0159560053516099,-0.0693009902960607,28.6715766960942,-16.6517834313676,-1.07376807173116,21.469019485509
3.225,39.8322429866749,6.58275743254009,0.120276002296105,14.5742953015292,0.0159544851369823,-0.0688066195454347,28.7018490278054,-16.7013883470684,-1.07195281268476,21.5428191230424
3.23,39.9045871585591,6.59156858716361,0.119933119838297,14.5771968399684,0.0159222428618827,-0.0683528640588467,28.7322244365897,-16.7509595334423,-1.07013677271384,21.6165481114757
3.235,39.9769487684384,6.60035652023649,0.11959241119997,14.5800981698348,0.0158630116540424,-0.0679365898291537,28.7627029384028,-16.8004967558407,-1.0683199518184,21.6902062877162
3.24,40.0493278047157,6.60912124606233,0.119253696310054,14.5829993170354,0.0157801858548874,-0.0675549008877776,28.7932845486946,-16.8499997793451,-1.06650234999844,21.7637934727177
3.245,40.1217242555165,6.61786278259916,0.118916809020466,14.585900304548,0.0156768490169417,-0.0672051210887911,28.8239692824075,-16.899468368768,-1.06468396725396,21.837309472734
3.25,40.1941381087412,6.62658115093947,0.118581596049498,14.5888011527124,0.0155557996365721,-0.0668847773440508,28.8547571539756,-16.9489022886532,-1.06286480358496,21.9107540804803
3.25,40.1941381087412,6.62658115093947,0.118581596049498,14.5888011527124,0.0155557996365721,-0.0668847773440508,28.8547571539756,-16.9489022886532,-1.06286480358496,21.9107540804803
3.255,40.2665683793329,6.63527698528935,0.118248880500595,14.5913442932224,0.0156924775327392,-0.0662108893304926,28.8856481773232,-16.9983013032775,-1.06104485899144,21.9841257399785
3.26,40.3390140850355,6.64395089520546,0.117919396385735,14.5938870980716,0.0157815290023606,-0.065591475202283,28.9166423658636,-17.0476651766508,-1.0592241334734,22.0574230129683
3.265,40.4114752173028,6.65260287256363,0.117592881980068,14.5964296083546,0.0158282168656491,-0.0650223328794314,28.9477397324981,-17.0969936725176,-1.05740262703084,22.130645841743
3.27,40.4839517669873,6.6612329161138,0.117269095754937,14.5989718606667,0.0158373373430878,-0.0644995816286313,28.9789402896146,-17.1462865543577,-1.05558033966376,22.2037941466778
3.275,40.556443724425,6.66984103065311,0.116947814834525,14.6015138875747,0.0158132585887037,-0.0640196370352076,29.0102440490863,-17.1955435853867,-1.05375727137216,22.2768678278903
3.28,40.628951079512,6.67842722627634,0.116628833572589,14.6040557180346,0.0157599560509372,-0.0635791880414113,29.0416510222707,-17.2447645285576,-1.05193342215604,22.3498667667785
3.285,40.7014738217735,6.68699151769652,0.11631196223903,14.606597377762,0.0156810449454655,-0.0631751758552502,29.0731612200081,-17.2939491465613,-1.0501087920154,22.4227908274465
3.29,40.7740119404251,6.69553392362976,0.115997025807803,14.6091388895614,0.0155798100778703,-0.0628047745669117,29.1047746526208,-17.3430972018274,-1.04828338095024,22.495639858026
3.295,40.8465654244282,6.70405446623863,0.115683862837661,14.6116802736201,0.0154592332488491,-0.0624653733158617,29.1364913299115,-17.3922084565254,-1.04645718896056,22.5684136919029
3.3,40.9191342625392,6.71255317062886,0.11537232443849,14.6142215477705,0.0153220184413728,-0.0621545598751166,29.1683112611623,-17.4412826725655,-1.04463021604636,22.6411121488544
3.3,40.9191342625392,6.71255317062886,0.11537232443849,14.6142215477705,0.0153220184413728,-0.0621545598751166,29.1683112611623,-17.4412826725655,-1.04463021604636,22.6411121488544
3.305,40.9917177062164,6.72103068621826,0.115063212520878,14.6164983806758,0.0154364486658481,-0.061499417076446,29.2002344551331,-17.4903196115995,-1.04280246220764,22.7137338507278
3.31,41.064315009605,6.72948763813922,0.114757241789129,14.6187749245881,0.0155050487359445,-0.0608973728214152,29.2322609200611,-17.5393190350217,-1.0409739274444,22.7862775338912
3.315,41.136926164886,6.73792402247814,0.114454157163365,14.6210512160099,0.015532938006108,-0.0603443166405148,29.2643906636589,-17.5882807039699,-1.03914461175664,22.8587431629815
3.32,41.2095511636723,6.74633984192825,0.114153723317681,14.6233272873997,0.0155247795041917,-0.0598364531626139,29.2966236931137,-17.6372043793265,-1.03731451514436,22.9311306808768
3.325,41.2821899970906,6.75473510498471,0.113855723166827,14.6256031675997,0.0154848177307,-0.059370277557423,29.3289600150859,-17.6860898217189,-1.03548363760756,23.0034400103199
3.33,41.3548426558535,6.76310982521533,0.11355995647075,14.6278788822145,0.0154169133433135,-0.0589425530018011,29.3613996357077,-17.7349367915211,-1.03365197914625,23.0756710554232
3.335,41.4275091303257,6.77146402059991,0.113266238546933,14.6301544539473,0.0153245750064232,-0.0585502899782755,29.3939425605825,-17.7837450488543,-1.03181953976041,23.1478237030646
3.34,41.5001894105819,6.77979771293247,0.112974399082174,14.6324299028973,0.0152109886383555,-0.0581907272472238,29.4265887947832,-17.8325143535878,-1.02998631945005,23.2198978241815
3.345,41.5728834864598,6.78811092728053,0.112684281035558,14.6347052468251,0.0150790442834088,-0.0578613143402081,29.4593383428508,-17.8812444653401,-1.02815231821517,23.2918932749731
3.35,41.6455913476068,6.79640369149661,0.112395739625413,14.6369805013895,0.0149313608062098,-0.057559695442877,29.4921912087938,-17.9299351434798,-1.02631753605577,23.3638098980152
3.35,41.6455913476068,6.79640369149661,0.112395739625413,14.6369805013895,0.0149313608062098,-0.057559695442877,29.4921912087938,-17.9299351434798,-1.02631753605577,23.3638098980152
3.355,41.7183124178671,6.80467666063188,0.112109556088261,14.6390588029483,0.0150292575321428,-0.0569227020244063,29.5251473960866,-17.9785861471267,-1.02448197297186,23.4356464539016
3.36,41.7910461236627,6.81293046585982,0.111826426323377,14.6411368530592,0.0150829266404297,-0.0563374888577948,29.5582069076683,-18.0271972351525,-1.02264562896342,23.5074018145809
3.365,41.8637924579347,6.82116510632691,0.111546101621986,14.6432146841106,0.0150973533252576,-0.0558000326103772,29.5913697459417,-18.075768166182,-1.02080850403046,23.579075962892
3.37,41.936551413084,6.82938058755293,0.111268352608303,14.6452923248606,0.0150770761829469,-0.055306619243083,29.6246359127718,-18.1242986985942,-1.01897059817298,23.6506688601205
3.375,42.0093229810487,6.83757692064633,0.110992967754158,14.6473698008264,0.0150262243237449,-0.0548538198734511,29.6580054094847,-18.1727885905226,-1.01713191139099,23.7221804475889
3.38,42.0821071533738,6.84575412159359,0.110719752009498,14.6494471346273,0.0149485514214167,-0.0544384686258046,29.6914782368667,-18.2212375998572,-1.01529244368447,23.79361064813
3.385,42.1549039212738,6.8539122106157,0.110448525538835,14.6515243462884,0.0148474669759203,-0.0540576422807237,29.7250543951627,-18.2696454842448,-1.01345219505343,23.8649593674543
3.39,42.227713275689,6.86205121158627,0.110179122555441,14.6536014535099,0.0147260650178031,-0.0537086415686553,29.7587338840749,-18.3180120010899,-1.01161116549788,23.9362264954189
3.395,42.3005352073348,6.87017115150543,0.109911390245236,14.6556784719068,0.0145871504760478,-0.053388973959223,29.7925167027623,-18.3663369075564,-1.0097693550178,24.0074119072057
3.4,42.3733697067474,6.87827206002486,0.1096451877732,14.6577554152216,0.0144332634053102,-0.0530963378161536,29.8264028498387,-18.4146199605679,-1.0079267636132,24.0785154644147
3.4,42.3733697067474,6.87827206002486,0.1096451877732,14.6577554152216,0.0144332634053102,-0.0530963378161536,29.8264028498387,-18.4146199605679,-1.0079267636132,24.0785154644147
3.405,42.4462163238685,6.88635459067523,0.109381275549904,14.6596843134547,0.0145187437199975,-0.0524773094087983,29.8603923233719,-18.4628609168091,-1.00608339128409,24.1495360376762
3.41,42.5190746111124,6.89441937356632,0.109120330568852,14.6616129911822,0.0145614746070427,-0.0519087581295657,29.8944851208824,-18.5110595327265,-1.00423923803045,24.2204726057956
3.415,42.5919445621771,6.90246641006517,0.108862110418557,14.6635414770526,0.0145663113911175,-0.0513867469921161,29.9286812393424,-18.5592155645299,-1.0023943038523,24.2913251661027
3.42,42.6648261702435,6.9104957077004,0.108606391603221,14.6654697964666,0.0145376724019016,-0.0509076426021558,29.9629806751742,-18.6073287681929,-1.00054858874962,24.3620936946344
3.425,42.7377194280494,6.91850727939701,0.108352968084842,14.6673979719292,0.0144795754061362,-0.0504680914238889,29.9973834242494,-18.6553988994544,-0.998702092722424,24.4327781476913
3.43,42.8106243279566,6.92650114278342,0.10810164993927,14.6693260233603,0.014395671028707,-0.0500649979994179,30.0318894818875,-18.703425713819,-0.996854815770708,24.503378463281
3.435,42.8835408620103,6.93447731956452,0.107852262116447,14.6712539683691,0.01428927343341,-0.0496955049369373,30.0664988428548,-18.7514089665589,-0.995006757894473,24.5738945624576
3.44,42.9564690219935,6.94243583495476,0.10760464329675,14.6731818224963,0.0141633884887085,-0.0493569745153203,30.101211501363,-18.7993484127141,-0.993157919093718,24.6443263505649
3.445,43.0294087994743,6.95037671716605,0.107358644835564,14.67510959943,0.0140207396348341,-0.0490469717605809,30.1360274510682,-18.8472438070939,-0.991308299368443,24.7146737183912
3.45,43.1023601858494,6.95829999694559,0.107114129788979,14.6770373111969,0.0138637916464182,-0.0487632488656169,30.17094668507,-18.8950949042781,-0.989457898718648,24.7849365432409
3.45,43.1023601858494,6.95829999694559,0.107114129788979,14.6770373111969,0.0138637916464182,-0.0487632488656169,30.17094668507,-18.8950949042781,-0.989457898718648,24.7849365432409
3.455,43.1753228237462,6.96620632084986,0.106871837137137,14.6788524966018,0.0139397396546732,-0.0481623418833626,30.2059691959094,-18.9429014586175,-0.987606717144333,24.8551137847255
3.46,43.2482963581618,6.97409631252344,0.106632424461507,14.6806674876083,0.0139743484558441,-0.047610590846278,30.2410949755687,-18.9906632242354,-0.985754754645499,24.9252045073998
3.465,43.3212807835229,6.98196997495023,0.106395655732846,14.682482309429,0.0139723437383563,-0.0471041472218089,30.2763240154696,-19.0383799550285,-0.983902011222144,24.995208719773
3.47,43.3942760937585,6.98982731707616,0.106161313410175,14.6842969843844,0.0139380240081823,-0.046639460205584,30.3116563064721,-19.086051404668,-0.98204848687427,25.0651264093803
3.475,43.467282282372,6.99766835306315,0.105929197011152,14.6861115322211,0.0138752963181019,-0.0462132533995874,30.3470918388737,-19.1336773266007,-0.980194181601876,25.1349575443066
3.48,43.5402993425047,7.00549310161392,0.105699121794434,14.6879259703913,0.0137877090389495,-0.0458225034090008,30.3826306024076,-19.18125747405,-0.978339095404962,25.2047020745982
3.485,43.6133272669935,7.01330158536122,0.105470917544421,14.6897403142996,0.0136784819384479,-0.0454644201774192,30.4182725862422,-19.228791600017,-0.976483228283528,25.2743599335744
3.49,43.6863660484223,7.02109383031595,0.105244427450411,14.6915545775205,0.0135505337898744,-0.0451364289105214,30.4540177789793,-19.2762794572817,-0.974626580237574,25.3439310390441
3.495,43.7594156791687,7.02886986536875,0.105019507072477,14.6933687719916,0.0134065077215877,-0.044836153447476,30.4898661686535,-19.3237207984039,-0.972769151267101,25.4134152944362
3.5,43.8324761514443,7.03662972184048,0.104796023387055,14.6951829081841,0.013248794499034,-0.0445614009534174,30.5258177427303,-19.3711153757243,-0.970910941372107,25.4828125898489
3.5,43.8324761514443,7.03662972184048,0.104796023387055,14.6951829081841,0.013248794499034,-0.0445614009534174,30.5258177427303,-19.3711153757243,-0.970910941372107,25.4828125898489
3.505,43.9055471764336,7.04437403499122,0.104574692952737,14.6969103844698,0.013317150497748,-0.0439790668697702,30.5618724881058,-19.4184629413659,-0.969051950552594,25.5521219585321
3.51,43.9786284675903,7.05210341773467,0.104356153087571,14.6986376888509,0.013345555848642,-0.0434445217960779,30.5980303911046,-19.4657632472348,-0.967192178808561,25.6213425353502
3.515,44.0517200200236,7.05981787424565,0.104140174361899,14.7003648433608,0.0133386034452325,-0.0429540101565408,30.6342914374795,-19.5130160450212,-0.965331626140008,25.6904743370247
3.52,44.1248218283637,7.06751741446559,0.103926545385343,14.7020918674743,0.0133004693016171,-0.0425040678602741,30.6706556124095,-19.5602210862009,-0.963470292546935,25.7595173596849
3.525,44.19793388683,7.07520205337627,0.103715071407282,14.7038187783937,0.0132349475303865,-0.0420914994199997,30.7071229004994,-19.6073781220362,-0.961608178029342,25.8284715803568
3.53,44.2710561892925,7.08287181034279,0.103505573027188,14.7055455912986,0.0131454824197197,-0.0417133569529991,30.743693285778,-19.6544869035769,-0.95974528258723,25.8973369583425
3.535,44.3441887293273,7.09052670851942,0.103297885005444,14.7072723195671,0.0130351978694609,-0.0413669208883074,30.7803667516973,-19.7015471816617,-0.957881606220597,25.9661134365016
3.54,44.4173315002661,7.09816677431296,0.103091855166744,14.7089989749693,0.0129069244054628,-0.0410496822325838,30.8171432811312,-19.7485587069191,-0.956017148929445,26.0348009424403
3.545,44.4904844952404,7.10579203689835,0.102887343388592,14.7107255678393,0.0127632239776864,-0.040759326257822,30.8540228563743,-19.7955212297685,-0.954151910713773,26.1033993896158
3.55,44.563647707221,7.11340252778196,0.102684220668013,14.7124521072271,0.0126064127302302,-0.0404937174866849,30.8910054591409,-19.8424345004217,-0.952285891573581,26.1719086783622
3.55,44.563647707221,7.11340252778196,0.102684220668013,14.7124521072271,0.0126064127302302,-0.0404937174866849,30.8910054591409,-19.8424345004217,-0.952285891573581,26.1719086783622
3.555,44.6368208984885,7.1209988672834,0.102483179741676,14.7141108775621,0.0126683811694155,-0.0399306986418247,30.9280910705634,-19.8892982688835,-0.950419091508869,26.2403279045362
3.56,44.7100038334919,7.12858165400514,0.10228483644855,14.7157694957088,0.0126918067522713,-0.0394140299177264,30.9652796711918,-19.9361122849534,-0.948551510519637,26.3086562621278
3.565,44.7831965079667,7.13615089302243,0.102088968301233,14.7174279807478,0.0126811432712126,-0.0389400554338324,31.002571240992,-19.9828762982263,-0.946683148605886,26.3768937733741
3.57,44.8563989171862,7.14370659497905,0.101895370370396,14.7190863495151,0.0126404386965243,-0.0385054039734373,31.0399657593448,-20.0295900580939,-0.944814005767615,26.4450404403701
3.575,44.9296110560271,7.15124877538185,0.101703853918125,14.7207446168565,0.0125733693307121,-0.0381069665900267,31.0774632050449,-20.0762533137459,-0.942944082004823,26.5130962465186
3.58,45.0028329190289,7.15877745396288,0.101514245138777,14.7224027958508,0.012483271125777,-0.0377418760555141,31.1150635562994,-20.1228658141708,-0.941073377317512,26.5810611578761
3.585,45.0760645004468,7.16629265410272,0.101326383998215,14.724060898005,0.0123731684163219,-0.0374074879793238,31.1527667907269,-20.1694273081575,-0.939201891705681,26.6489351244012
3.59,45.149305794299,7.17379440230976,0.101140123163595,14.7257189334263,0.0122458002847964,-0.0371013634530762,31.1905728853564,-20.2159375442963,-0.93732962516933,26.7167180811146
3.595,45.2225567944099,7.18128272775053,0.100955327016449,14.727376910974,0.0121036447583422,-0.0368212530882267,31.228481816626,-20.2623962709801,-0.93545657770846,26.7844099491748
3.6,45.2958174944476,7.18875766182628,0.100771870742331,14.7290348383928,0.0119489410212001,-0.0365650823253573,31.2664935603814,-20.3088032364054,-0.93358274932307,26.8520106368793
3.6,45.2958174944476,7.18875766182628,0.100771870742331,14.7290348383928,0.0119489410212001,-0.0365650823253573,31.2664935603814,-20.3088032364054,-0.93358274932307,26.8520106368793
3.605,45.3690876951287,7.19621980576563,0.100590420281022,14.7306387983406,0.0120048232580103,-0.0360228758118488,31.3046080918757,-20.3551581885738,-0.931708140013159,26.9195192958796
3.61,45.4423671992344,7.2036697398159,0.100411567373209,14.7322426237277,0.012023668973911,-0.0355254459127906,31.3428253857672,-20.401460875293,-0.929832749778729,26.9869351721065
3.615,45.515656003058,7.21110746981072,0.10023509711684,14.7338463308745,0.0120097795246033,-0.0350692482663986,31.381145416119,-20.4477110441779,-0.927956578619779,27.0542582905907
3.62,45.5889541024485,7.21853300693858,0.10006081163014,14.7354499341538,0.0119670628576011,-0.0346510153554118,31.4195681563973,-20.4939084426521,-0.926079626536309,27.1214886567578
3.625,45.6622614928728,7.22594636706059,0.099888528722603,14.7370534462159,0.0118990667189054,-0.0342677346843832,31.4580935794708,-20.5400528179488,-0.924201893528319,27.1886262578372
3.63,45.7355781694729,7.23334757009366,0.0997180806707498,14.7386568781846,0.011809009097624,-0.0339166287511616,31.496721657609,-20.5861439171123,-0.922323379595809,27.2556710641687
3.635,45.8089041271164,7.24073663945326,0.0995493130897924,14.7402602398291,0.0116998061528521,-0.0335951366476077,31.5354523624816,-20.6321814869987,-0.92044408473878,27.322623030415
3.64,45.8822393604424,7.24811360155025,0.099382083893499,14.7418635397143,0.011574097835788,-0.0333008971468637,31.5742856651569,-20.6781652742779,-0.91856400895723,27.3894820966878
3.645,45.9555838639016,7.25547848533727,0.0992162623352447,14.7434667853334,0.0114342713995949,-0.0330317331493246,31.6132215361008,-20.7240950254341,-0.916683152251161,27.4562481895929
3.65,46.0289376317935,7.26283132190011,0.0990517281236719,14.7450699832245,0.0112824829761787,-0.0327856373693023,31.6522599451759,-20.7699704867674,-0.914801514620572,27.5229212232021
3.65,46.0289376317935,7.26283132190011,0.0990517281236719,14.7450699832245,0.0112824829761787,-0.0327856373693023,31.6522599451759,-20.7699704867674,-0.914801514620572,27.5229212232021
3.655,46.1023004937038,7.27017269073632,0.0988891189515542,14.7466292136294,0.0113326060368519,-0.0322655123226174,31.69140086164,-20.8157914043949,-0.912919096065463,27.5895003987996
3.66,46.1756722811775,7.27750315115846,0.0987290012098226,14.7481883251425,0.011347279243386,-0.0317884713471241,31.7306442541453,-20.8615575242521,-0.911035896585835,27.6559850079161
3.665,46.2490529910009,7.28482270962479,0.0985711681496398,14.749747331534,0.0113306399084785,-0.0313510923666554,31.7699900907368,-20.9072685920938,-0.909151916181686,27.7223750760278
3.67,46.3224426195334,7.292131377722,0.0984154294531681,14.7513062449052,0.0112864455716755,-0.0309502214005582,31.8094383388518,-20.9529243534957,-0.907267154853017,27.7886706096224
3.675,46.3958411627677,7.29942917150813,0.0982616099466757,14.7528650758845,0.0112181061441752,-0.0305829513905887,31.8489889653182,-20.9985245538555,-0.905381612599829,27.8548715975615
3.68,46.4692486163842,7.3067161109187,0.0981095484152499,14.7544238337984,0.0111287133770918,-0.0302466027673563,31.8886419363537,-21.0440689383942,-0.903495289422121,27.9209780123448
3.685,46.5426649757991,7.31399221923036,0.0979590965106325,14.7559825268205,0.0110210678874501,-0.0299387055984387,31.9283972175646,-21.0895572521573,-0.901608185319893,27.9869898112829
3.69,46.6160902362082,7.32125752257684,0.0978101177445798,14.7575411621023,0.0108977039508404,-0.0296569831785059,31.9682547739445,-21.1349892400159,-0.899720300293145,28.0529069375862
3.695,46.6895243926258,7.32851204951266,0.0976624865610041,14.7590997458871,0.0107609122457956,-0.0293993369387374,32.0082145698736,-21.1803646466684,-0.897831634341877,28.1187293213761
3.7,46.7629674399196,7.33575583062026,0.0975160874804988,14.7606582836108,0.0106127607238708,-0.029163832561074,32.048276569117,-21.2256832166414,-0.89594218746609,28.1844568806243
3.7,46.7629674399196,7.33575583062026,0.0975160874804988,14.7606582836108,0.0106127607238708,-0.029163832561074,32.048276569117,-21.2256832166414,-0.89594218746609,28.1844568806243
3.705,46.8364192303764,7.3429894043562,0.0973715057355444,14.7621797515098,0.0106509248872297,-0.0286759088583735,32.088440734824,-21.270944694291,-0.894051959665782,28.2500888807427
3.71,46.9098796180749,7.35021329051454,0.0972292608085387,14.7637011163301,0.0106561285463197,-0.028228544365621,32.128707029527,-21.3161488238044,-0.892160950940955,28.3156246700859
3.715,46.9833486001454,7.35742749696053,0.0970891580946902,14.7652223892692,0.0106322554658771,-0.0278185066489625,32.1690754151399,-21.3612953492008,-0.890269161291608,28.3810642681315
3.72,47.0568261733225,7.36463203631815,0.0969510185079508,14.7667435801441,0.0105828312169479,-0.0274428171756605,32.2095458529578,-21.4063840143329,-0.888376590717741,28.4464076763557
3.725,47.1303123340001,7.37182692535325,0.0968146772623309,14.7682646975566,0.0105110535787939,-0.0270987312422489,32.2501183036549,-21.451414562888,-0.886483239219354,28.5116548795249
3.73,47.2038070782824,7.37901218441626,0.0966799827494825,14.7697857490365,0.010419820409733,-0.0267837195471608,32.2907927272843,-21.4963867383896,-0.884589106796447,28.5768058468929
3.735,47.2773104020287,7.38618783693906,0.0965467955046546,14.7713067411667,0.010311755204671,-0.0264954512616193,32.3315690832763,-21.5413002841986,-0.882694193449021,28.6418605333126
3.74,47.3508223008944,7.39335390898126,0.0964149872537414,14.7728276796919,0.0101892305385827,-0.0262317784661193,32.3724473304376,-21.5861549435143,-0.880798499177074,28.7068188802675
3.745,47.424342770367,7.40051042882131,0.0962844400350181,14.7743485696138,0.010054389571226,-0.0259907218366486,32.4134274269499,-21.6309504593761,-0.878902023980608,28.77168081683
3.75,47.4978718057985,7.4076574265887,0.096155045389558,14.7758694152745,0.00990916577605717,-0.0257704574737266,32.4545093303691,-21.6756865746648,-0.877004767859622,28.836446260551
3.75,47.4978718057985,7.4076574265887,0.096155045389558,14.7758694152745,0.00990916577605717,-0.0257704574737266,32.4545093303691,-21.6756865746648,-0.877004767859622,28.836446260551
3.755,47.571409278588,7.41479539181809,0.0960273282102507,14.7773584735379,0.00993218778531921,-0.0253229004531546,32.4956929976241,-21.7203630321035,-0.875106730814116,28.9011145426853
3.76,47.6449550617389,7.42192479715582,0.0959017541569927,14.778847442975,0.0099254013387592,-0.0249126887553886,32.5369783850155,-21.7649795742595,-0.87320791284409,28.9656850689786
3.765,47.7185091526257,7.42904565216779,0.0957781440702743,14.780336332393,0.00989236542261358,-0.0245368363433665,32.5783654482149,-21.8095359435452,-0.871308313949544,29.0301578472975
3.77,47.7920715482661,7.43615797070523,0.095656333125022,14.7818251494947,0.00983630896137032,-0.0241925922599524,32.6198541422633,-21.8540318822196,-0.869407934130478,29.0945328688182
3.775,47.8656422453715,7.44326177034,0.0955361697023078,14.7833139010129,0.00976015890688754,-0.0238774220390572,32.6614444215705,-21.8984671323897,-0.867506773386893,29.1588101092241
3.78,47.9392212403933,7.45035707185461,0.0954175143501475,14.7848025928261,0.00966656599160027,-0.0235889906330004,32.7031362399137,-21.9428414360116,-0.865604831718788,29.2229895298169
3.785,48.0128085295639,7.45744389878206,0.0953002388262116,14.7862912300596,0.00955792834312031,-0.023325146724358,32.7449295504364,-21.9871545348923,-0.863702109126163,29.287071078547
3.79,48.086404108933,7.46452227699115,0.0951842252157478,14.7877798171733,0.00943641314307772,-0.023083908301165,32.7868243056477,-22.0314061706904,-0.861798605609018,29.3510546909705
3.795,48.1600079744015,7.47159223431301,0.0950693651186647,14.7892683580377,0.00930397649465735,-0.0228634493872754,32.8288204574205,-22.0755960849181,-0.859894321167353,29.4149402911381
3.8,48.2336201217502,7.47865380020544,0.0949555589003135,14.7907568560018,0.00916238164686294,-0.0226620878311444,32.8709179569911,-22.1197240189422,-0.857989255801168,29.4787277924201
3.8,48.2336201217502,7.47865380020544,0.0949555589003135,14.7907568560018,0.00916238164686294,-0.0226620878311444,32.8709179569911,-22.1197240189422,-0.857989255801168,29.4787277924201
3.805,48.3072404378511,7.48570743542664,0.094843300425069,14.7922182735726,0.00917900980102159,-0.0222473306906812,32.9131167549578,-22.1637897139856,-0.856083409510464,29.54241656367
3.81,48.3808688110752,7.49275358478877,0.0947330277641607,14.7936796119826,0.00916816505626756,-0.0218672790386908,32.9554168012798,-22.2077929111285,-0.85417678229524,29.6060060436999
3.815,48.4545052391016,7.49979225816584,0.0946245744423212,14.7951408782273,0.00913314931753498,-0.021519150120318,32.9978180452762,-22.25173335131,-0.852269374155495,29.6694962308795
3.82,48.5281497192791,7.50682346937532,0.0945177873416025,14.7966020784103,0.00907695719294174,-0.021200380746054,33.040320435625,-22.2956107753293,-0.850361185091231,29.7328871080056
3.825,48.6018022486744,7.51384723565423,0.0944125256476193,14.7980632178533,0.0090023021995945,-0.0209086099156324,33.0829239203619,-22.3394249238474,-0.848452215102447,29.7961786434203
3.83,48.6754628241133,7.52086357718619,0.0943086598790255,14.7995243011914,0.00891164079114875,-0.0206416628553445,33.1256284468791,-22.3831755373878,-0.846542464189143,29.8593707920489
3.835,48.7491314422193,7.52787251667482,0.0942060709935925,14.8009853324557,0.00880719438891748,-0.020397536347872,33.1684339619246,-22.4268623563388,-0.844631932351319,29.9224634963621
3.84,48.8228080994474,7.53487407895935,0.0941046495646286,14.8024463151445,0.00869096958687791,-0.0201743852421822,33.2113404116008,-22.4704851209542,-0.842720619588976,29.9854566872704
3.845,48.8964927921148,7.54186829066874,0.0940042950221049,14.8039072522859,0.00856477668327793,-0.0199705100433379,33.2543477413636,-22.5140435713549,-0.840808525902113,30.0483502849532
3.85,48.9701855164278,7.54885517991071,0.0939049149533214,14.805368146492,0.00843024667828638,-0.0197843454913144,33.2974558960213,-22.5575374475306,-0.83889565129073,30.1111441996304
3.85,48.9701855164278,7.54885517991071,0.0939049149533214,14.805368146492,0.00843024667828638,-0.0197843454913144,33.2974558960213,-22.5575374475306,-0.83889565129073,30.1111441996304
3.855,49.0438861724491,7.55583517577752,0.0938069680202169,14.8068057275223,0.0084427851785273,-0.0194000276701096,33.3406648197335,-22.6009664893407,-0.836981995754827,30.1738378394026
3.86,49.1175946616267,7.56280869250372,0.0937108609636617,14.8082432369636,0.00842995064396249,-0.0190479450327623,33.38397445601,-22.6443304365161,-0.835067559294403,30.2364306773232
3.865,49.1913109819197,7.56977573989538,0.0936164391745805,14.8096806803187,0.0083948072495779,-0.0187255064088771,33.4273847477099,-22.6876290286606,-0.833152341909461,30.2989227024608
3.87,49.2650351309809,7.57673633139709,0.0935235604805239,14.8111180623759,0.00834013318916851,-0.0184303254967358,33.4708956370404,-22.730862005252,-0.831236343599998,30.3613138893787
3.875,49.3387671062012,7.5836904836058,0.0934320941624943,14.8125553872982,0.00826844510659291,-0.018160204636849,33.5145070655559,-22.7740291056439,-0.829319564366016,30.423604199178
3.88,49.4125069047483,7.59063821583201,0.0933419200494949,14.8139926587018,0.00818202049633816,-0.0179131199028143,33.5582189741568,-22.817130069067,-0.827402004207513,30.4857935804658
3.885,49.4862545236014,7.59757954970402,0.0932529276846082,14.8154298797224,0.00808291824265122,-0.0176872073973459,33.6020313030884,-22.8601646346305,-0.825483663124491,30.5478819702528
3.89,49.5600099595834,7.60451450881155,0.093165015556804,14.8168670530739,0.00797299745462438,-0.0174807506499118,33.6459439919401,-22.9031325413235,-0.823564541116949,30.6098692947871
3.895,49.6337732093888,7.61144311838502,0.0930780903931933,14.818304181098,0.00785393474003499,-0.017292169022576,33.6899569796441,-22.9460335280166,-0.821644638184887,30.6717554703281
3.9,49.7075442696088,7.61836540500744,0.0929920665069081,14.8197412658086,0.00772724004767893,-0.0171200070396588,33.7340702044745,-22.9888673334634,-0.819723954328305,30.7335404038651
3.9,49.7075442696088,7.61836540500744,0.0929920665069081,14.8197412658086,0.00772724004767893,-0.0171200070396588,33.7340702044745,-22.9888673334634,-0.819723954328305,30.7335404038651
3.905,49.7813230514005,7.6252817643613,0.0929073650807633,14.8211579735228,0.00773583918545414,-0.0167657374244959,33.7782836040463,-23.0316336963015,-0.817802489547203,30.7952235427871
3.91,49.8551094671887,7.63219257843712,0.0928243595098088,14.8225746158857,0.00772113878372993,-0.016441248393858,33.8225971153141,-23.0743323550547,-0.815880243841582,30.8568043941497
3.915,49.9289035151651,7.63909785693198,0.0927429069719904,14.8239911971413,0.007685966691473,-0.0161441405976914,33.8670106745715,-23.1169630481336,-0.813957217211441,30.9182829372038
3.92,50.0027051932395,7.64599761287978,0.0926628761603245,14.82540772097,0.00763288611165565,-0.015872204736907,33.9115242174497,-23.159525513838,-0.81203340965678,30.9796591377692
3.925,50.0765144990797,7.65289186220268,0.092584146370853,14.8268241905615,0.00756421824670752,-0.015623406500516,33.9561376789166,-23.2020194903576,-0.810108821177598,31.0409329492022
3.93,50.1503314301476,7.65978062330627,0.0925066066627851,14.8282406086769,0.00748206306107959,-0.0153958727237042,34.0008509932758,-23.244444715774,-0.808183451773898,31.1021043132939
3.935,50.2241559837315,7.66666391671464,0.0924301550850114,14.8296569777025,0.007388318319131,-0.015187878662438,34.0456640941654,-23.2868009280616,-0.806257301445677,31.1631731611022
3.94,50.2979881569748,7.67354176474171,0.0923546979636727,14.8310732996962,0.00728469704233495,-0.0149978362901681,34.0905769145573,-23.3290878650899,-0.804330370192936,31.2241394137259
3.945,50.3718279469025,7.68041419119567,0.0922801492458663,14.8324895764273,0.00717274351830571,-0.014824283530208,34.135589386756,-23.3713052646243,-0.802402658015676,31.2850029830218
3.95,50.4456753504441,7.68728122111344,0.0922064298950191,14.8339058094116,0.00705384798173655,-0.014665874345861,34.1807014423973,-23.413452864328,-0.800474164913896,31.3457637722716
3.95,50.4456753504441,7.68728122111344,0.0922064298950191,14.8339058094116,0.00705384798173655,-0.014665874345861,34.1807014423973,-23.413452864328,-0.800474164913896,31.3457637722716
3.955,50.5195302882512,7.69414321748323,0.092133924740682,14.8353040507194,0.0070587971390365,-0.0143409429550084,34.225913012448,-23.4555304017631,-0.798544890887595,31.4064212656883
3.96,50.5933926821311,7.70100053074019,0.0920629748598375,14.8367022317157,0.00704246734944126,-0.0140433812811651,34.2712240272041,-23.4975376143928,-0.796614835936775,31.4669750020235
3.965,50.6672625304692,7.70785317041854,0.0919934490042292,14.8381003556002,0.00700745444964433,-0.0137709796333072,34.3166344162903,-23.539474239582,-0.794684000061435,31.5274249504675
3.97,50.7411398313927,7.71470114909511,0.0919252265297254,14.8394984251366,0.0069561107094921,-0.0135217036335322,34.3621441086588,-23.5813400145995,-0.792752383261575,31.5877710678466
3.975,50.8150245828067,7.72154448197771,0.0918581965550098,14.8408964427103,0.00689056570437391,-0.0132936803152562,34.4077530325883,-23.6231346766195,-0.790819985537196,31.6480132995156
3.98,50.8889167824275,7.72838318653375,0.0917922571869173,14.8422944103775,0.0068127454521081,-0.0130851853461937,34.4534611156831,-23.6648579627227,-0.788886806888297,31.708151580186
3.985,50.9628164278118,7.73521728215553,0.0917273148070358,14.843692329908,0.00672438996014404,-0.0128946312802698,34.4992682848719,-23.7065096098981,-0.786952847314877,31.7681858346947
3.99,51.0367235163838,7.74204678985882,0.0916632834146626,14.8450902028211,0.00662706931568451,-0.0127205567517884,34.5451744664072,-23.7480893550446,-0.785018106816938,31.8281159787165
3.995,51.1106380454585,7.74887173201194,0.0916000840216059,14.8464880304171,0.00652219843999723,-0.0125616165329972,34.5911795858636,-23.7895969349722,-0.783082585394479,31.8879419194267
4,51.1845600122635,7.75569213209244,0.0915376440946966,14.8478858138045,0.00641105061763361,-0.0124165723833766,34.6372835681376,-23.8310320864043,-0.7811462830475,31.9476635561157
4,51.1845600122635,7.75569213209244,0.0915376440946966,14.8478858138045,0.00641105061763361,-0.0124165723833766,34.6372835681376,-23.8310320864043,-0.7811462830475,31.9476635561157
4.005,51.2584893458149,7.76250832106651,0.0914763130351996,14.8492676156279,0.00641257712643277,-0.0121201974591287,34.6834863374462,-23.8723945459782,-0.779209199776002,32.0072804079294
4.01,51.3324259761763,7.76932061846368,0.0914164004451116,14.8506493611472,0.00639478970306555,-0.0118488333412785,34.7297878173258,-23.9136840502474,-0.777271335579983,32.0667920435567
4.015,51.4063699018931,7.77612903361753,0.0913577863977445,14.852031052709,0.00636005718703782,-0.0116004570021974,34.7761879306315,-23.954900335683,-0.775332690459445,32.1261984220298
4.02,51.4803211212754,7.78293357861792,0.091300360674171,14.8534126923295,0.00631052558648232,-0.0113732061467787,34.8226865995361,-23.9960431386753,-0.773393264414387,32.1854994910703
4.025,51.5542796324309,7.78973426793557,0.0912440219918943,14.8547942817396,0.00624813719899971,-0.0111653664625166,34.8692837455288,-24.037112195535,-0.771453057444808,32.2446951879085
4.03,51.6282454332952,7.79653111808342,0.0911886772946462,14.8561758224235,0.00617464814313629,-0.0109753598989908,34.9159792894145,-24.0781072424952,-0.76951206955071,32.303785440042
4.035,51.7022185216586,7.80332414731145,0.0911342410983962,14.8575573156514,0.0060916444334409,-0.0108017338897204,34.9627731513129,-24.1190280157129,-0.767570300732092,32.3627701659409
4.04,51.7761988951907,7.81011337533201,0.0910806348890628,14.8589387625075,0.00600055672044119,-0.0106431514373467,35.0096652506574,-24.1598742512704,-0.765627750988955,32.4216492757017
4.045,51.8501865514614,7.81689882307292,0.0910277865677909,14.860320163914,0.0059026738064821,-0.0104983819902069,35.0566555061939,-24.2006456851771,-0.763684420321297,32.4804226716542
4.05,51.924181487961,7.8236805124559,0.0909756299400062,14.8617015206519,0.00579915503865088,-0.0103662930449308,35.1037438359804,-24.2413420533708,-0.76174030872912,32.5390902489253
4.05,51.924181487961,7.8236805124559,0.0909756299400062,14.8617015206519,0.00579915503865088,-0.0103662930449308,35.1037438359804,-24.2413420533708,-0.76174030872912,32.5390902489253
4.055,51.9981836412097,7.83045874357447,0.0909244804615402,14.86306864679,0.0057975827599047,-0.0100974476461185,35.1509301573854,-24.2819630917196,-0.759795416212423,32.5976515595145
4.06,52.072192948672,7.83723380616129,0.0908746175956721,14.8644357197364,0.00577858598308625,-0.00985132826541866,35.1982143870874,-24.3225085360234,-0.757849742771206,32.6561062001771
4.065,52.1462094090262,7.84400570930388,0.0908259323791531,14.8658027411536,0.00574431383949631,-0.00962609360082916,35.2455964410738,-24.3629781220155,-0.755903288405469,32.7144541199021
4.07,52.220233020737,7.8507744645708,0.0907783246840034,14.8671697124599,0.00569671280005048,-0.00942004882528074,35.2930762346399,-24.4033715853641,-0.753956053115212,32.7726952573977
4.075,52.2942637820863,7.85754008567129,0.090731702514604,14.8685366348643,0.00563754408616696,-0.00923163396538689,35.3406536823881,-24.4436886616739,-0.752008036900435,32.8308295418371
4.08,52.3683016911998,7.8643025881483,0.0906859813605145,14.8699035093957,0.00556839963394957,-0.00905941321650709,35.3883286982266,-24.4839290864882,-0.750059239761138,32.8888568935513
4.085,52.4423467460722,7.87106198910194,0.0906410836005392,14.871270336928,0.0054907167323253,-0.00890206511543916,35.4361011953689,-24.5240925952897,-0.748109661697322,32.9467772246713
4.09,52.5163989445884,7.87781830694063,0.0905969379539354,14.8726371182011,0.00540579144534428,-0.00875837349920069,35.4839710863325,-24.5641789235027,-0.746159302708986,33.0045904397243
4.095,52.5904582845437,7.88457156115749,0.0905534789750006,14.8740038538387,0.00531479091935437,-0.00862721918478981,35.5319382829383,-24.6041878064948,-0.74420816279613,33.0622964361869
4.1,52.6645247636612,7.8913217721297,0.0905106465875905,14.8753705443639,0.00521876466697379,-0.00850757231071852,35.5800026963094,-24.6441189795782,-0.742256241958754,33.1198951049996
4.1,52.6645247636612,7.8913217721297,0.0905106465875905,14.8753705443639,0.00521876466697379,-0.00850757231071852,35.5800026963094,-24.6441189795782,-0.742256241958754,33.1198951049996
4.105,52.7385983252738,7.89806921070921,0.0904687243387244,14.876724573229,0.00521456477928146,-0.00826489768230533,35.6281642368701,-24.6839721780113,-0.740303540196858,33.1773860287031
4.11,52.8126789135633,7.9048141384047,0.0904279633777447,14.8780785512539,0.00519472662646675,-0.00804276766606504,35.6764228143452,-24.7237471370007,-0.738350057510443,33.2347688300927
4.115,52.8867665273195,7.91155656399803,0.0903882652067817,14.879432479564,0.00516118995045329,-0.007839515237173,35.7247783377592,-24.7634435917027,-0.736395793899507,33.2920434484776
4.12,52.9608611651405,7.91829649849229,0.0903495393266326,14.8807863591101,0.00511571115233534,-0.00765360612206177,35.7732307154349,-24.8030612772248,-0.734440749364052,33.3492098138768
4.125,53.0349628254593,7.92503395480481,0.0903117025997106,14.882140190694,0.00505987906029251,-0.00748362826516353,35.8217798549929,-24.8425999286276,-0.732484923904076,33.406267847696
4.13,53.1090715065686,7.93176894749046,0.090274678663509,14.8834939749906,0.00499512938790038,-0.00732828214253081,35.8704256633503,-24.8820592809262,-0.730528317519581,33.463217463355
4.135,53.1831872066428,7.93850149249229,0.0902383973905285,14.8848477125663,0.0049227579917358,-0.0071863718515987,35.9191680467202,-24.921439069092,-0.728570930210566,33.5200585668707
4.14,53.2573099237582,7.94523160691727,0.0902027943909498,14.8862014038947,0.00484393302779622,-0.00705679691270763,35.9680069106106,-24.9607390280546,-0.726612761977032,33.5767910573971
4.145,53.33143965591,7.95195930883482,0.0901678105546438,14.8875550493696,0.00475970609773453,-0.00693854472372817,36.0169421598235,-24.9999588927029,-0.724653812818977,33.6334148277276
4.15,53.4055764010288,7.95868461709611,0.0901333916293925,14.8889086493161,0.00467102246805468,-0.00683068361436779,36.0659736984538,-25.0390983978876,-0.722694082736403,33.6899297647608
4.15,53.4055764010288,7.95868461709611,0.0901333916293925,14.8889086493161,0.00467102246805468,-0.00683068361436779,36.0659736984538,-25.0390983978876,-0.722694082736402,33.6899297647608
4.155,53.4797201086582,7.96540777559792,0.0900997920681331,14.8902510264276,0.00466488360919594,-0.00661235733320022,36.1151014298888,-25.0781572784219,-0.720733571729308,33.746335478813
4.16,53.5538707291037,7.97212901982899,0.0900672372188594,14.8915933544223,0.00464475053913286,-0.00641253770545366,36.164325256807,-25.1171352690841,-0.718772279797694,33.8026316163469
4.165,53.6280282612531,7.97884835818317,0.0900356383592557,14.8929356340145,0.00461236810249697,-0.00622972115995052,36.2136450811772,-25.1560321046187,-0.71681020694156,33.8588181076643
4.17,53.7021927038219,7.98556580103726,0.0900049139811287,14.8942778657974,0.00456931588381717,-0.00606252396626502,36.2630608042579,-25.1948475197384,-0.714847353160906,33.9148948747104
4.175,53.7763640553774,7.99228136047508,0.0899749892153088,14.8956200502628,0.00451702243317896,-0.00590967272591863,36.312572326596,-25.2335812491258,-0.712883718455732,33.9708618316854
4.18,53.8505423143612,7.99899505003881,0.0899457953021606,14.8969621878167,0.00445677831096828,-0.00576999562654767,36.3621795480262,-25.2722330274346,-0.710919302826038,34.0267188856113
4.185,53.9247274791085,8.00570688450498,0.0899172691040461,14.8983042787929,0.00438974804961249,-0.00564241439568279,36.41188236767,-25.3108025892923,-0.708954106271825,34.0824659368578
4.19,53.9989195478664,8.01241687968302,0.0898893526563924,14.8996463234642,0.0043169811218565,-0.00552593689640747,36.461680683935,-25.3492896693009,-0.706988128793092,34.1381028796307
4.195,54.0731185188095,8.01912505223435,0.0898619927542839,14.9009883220515,0.00423942199751088,-0.00541965031222981,36.5115743945137,-25.3876940020393,-0.705021370389838,34.1936296024253
4.2,54.1473243900547,8.02583141951012,0.089835140571765,14.9023302747319,0.00415791936347885,-0.00532271487322532,36.5615633963828,-25.4260153220647,-0.703053831062066,34.2490459884468
4.2,54.1473243900547,8.02583141951012,0.089835140571765,14.9023302747319,0.00415791936347885,-0.00532271487322532,36.5615633963828,-25.4260153220647,-0.703053831062066,34.2490459884468
4.205,54.2215371167817,8.03253620159147,0.0898090253035725,14.9036623486605,0.00415082148510466,-0.00512628898458072,36.6116475858024,-25.4642533639143,-0.701085510809773,34.3043516723507
4.21,54.2957566548564,8.03923961097303,0.0897838499125898,14.9049943747033,0.00413117878008152,-0.00494652860327733,36.6618268583152,-25.5024078621075,-0.69911640963296,34.3595463213664
4.215,54.3699830032577,8.04594165554746,0.0897595345066605,14.9063263532662,0.00410056125241057,-0.00478207834885139,36.7121011087453,-25.540478551147,-0.697146527531627,34.4146298578495
4.22,54.4442161608092,8.05264234498171,0.0897360056965376,14.9076582846753,0.00406038997739755,-0.00463169094745023,36.7624702311976,-25.578465165521,-0.695175864505775,34.4696021966519
4.225,54.5184561262013,8.05934169046898,0.0897131960770939,14.9089901691911,0.00401194992972405,-0.00449421865451979,36.8129341190569,-25.6163674397045,-0.693204420555402,34.524463245673
4.23,54.5927028980109,8.06603970450509,0.0896910437496749,14.91032200702,0.00395640174721999,-0.00436860536445524,36.8634926649871,-25.6541851081618,-0.69123219568051,34.579212906371
4.235,54.6669564747195,8.07273640068715,0.0896694918823046,14.9116537983234,0.00389479251833695,-0.00425387935046985,36.9141457609302,-25.6919179053474,-0.689259189881098,34.6338510742381
4.24,54.7412168547291,8.0794317935325,0.0896484883047293,14.912985543226,0.00382806567372298,-0.00414914658300559,36.9648932981055,-25.7295655657084,-0.687285403157166,34.6883776392405
4.245,54.8154840363763,8.08612589831613,0.0896279851355194,14.9143172418217,0.00375707005576762,-0.00405358457932888,37.015735167009,-25.767127823686,-0.685310835508715,34.7427924862275
4.25,54.889758017946,8.09281873092492,0.0896079384386968,14.915648894179,0.00368256823330639,-0.00396643674135917,37.0666712574122,-25.804604413717,-0.683335486935743,34.7970954953115
4.25,54.889758017946,8.09281873092492,0.0896079384386968,14.915648894179,0.00368256823330639,-0.00396643674135917,37.0666712574122,-25.804604413717,-0.683335486935743,34.7970954953115
4.255,54.9640387596661,8.0995104917647,0.0895885571728979,14.9169719421754,0.00367582706431291,-0.0037886918131261,37.1177014583613,-25.8419950702364,-0.681359357438252,34.8512863212438
4.26,55.0383262223891,8.10620137432647,0.0895700263821596,14.9182949431643,0.00365773189449601,-0.00362603347347618,37.1688256581768,-25.8792995276781,-0.679382447016241,34.9053646484781
4.265,55.1126204051847,8.11289138585459,0.0895522737457168,14.919617897323,0.00362970473926872,-0.0034772338655521,37.220043744452,-25.9165175204778,-0.677404755669709,34.9593303929517
4.27,55.1869213069813,8.11958053519855,0.0895352328337421,14.92094080478,0.00359303264648917,-0.0033411631203413,37.2713556040529,-25.9536487830737,-0.675426283398659,35.0131834638389
4.275,55.2612289265858,8.12626883258835,0.0895188426371125,14.922263665625,0.00354887932471667,-0.00321678158261808,37.3227611231168,-25.9906930499091,-0.673447030203087,35.0669237640515
4.28,55.3355432627018,8.13295628943211,0.0895030471344703,14.9235864799173,0.00349829580725473,-0.00310313265859638,37.3742601870517,-26.0276500554339,-0.671466996082997,35.1205511907018
4.285,55.4098643139456,8.13964291813372,0.0894877948935981,14.9249092476916,0.00344223023156584,-0.0029993362341344,37.4258526805356,-26.0645195341064,-0.669486181038386,35.1740656355328
4.29,55.484192078861,8.14632873192898,0.0894730387043765,14.9262319689639,0.00338153680678422,-0.00290458261687606,37.4775384875153,-26.1013012203951,-0.667504585069256,35.2274669853174
4.295,55.5585265559321,8.15301374473837,0.0894587352408087,14.9275546437351,0.0033169840360829,-0.00281812695963886,37.5293174912062,-26.1379948487805,-0.665522208175606,35.2807551222286
4.3,55.6328677435954,8.15969797103511,0.0894448447498015,14.9288772719947,0.00324926225508769,-0.00273928412599227,37.5811895740909,-26.1746001537571,-0.663539050357436,35.3339299241842
4.3,55.6328677435954,8.15969797103511,0.0894448447498015,14.9288772719947,0.00324926225508769,-0.00273928412599227,37.5811895740909,-26.1746001537571,-0.663539050357436,35.3339299241842
4.305,55.7072156065322,8.16638159646125,0.0894315618190967,14.930192520914,0.00324441475881786,-0.00257629207462676,37.6331546179189,-26.2111168698349,-0.661555111614746,35.3869910612793
4.31,55.7815701100031,8.17306480023957,0.08941905878392,14.931507723495,0.00322908997352221,-0.00242713035691507,37.6852125037052,-26.2475447315415,-0.659570391947536,35.4399382312624
4.315,55.8559312531726,8.17974758880448,0.08940726934664,14.9328228797423,0.00320459493342786,-0.00229067296606999,37.7373631117303,-26.2838834734238,-0.657584891355806,35.4927713456211
4.32,55.9302990350741,8.18642997007418,0.0893961326118344,14.9341379896354,0.00317211272591976,-0.00216588378635508,37.7896063215387,-26.3201328300499,-0.655598609839557,35.5454903096833
4.325,56.0046734546274,8.19311195324422,0.0893855926549119,14.9354530531348,0.00313271316665632,-0.00205180946154599,37.8419420119384,-26.3562925360108,-0.653611547398787,35.5980950230751
4.33,56.0790545106561,8.19979354860136,0.0893755981249473,14.9367680701881,0.0030873625901138,-0.00194757283308783,37.8943700610002,-26.3923623259225,-0.651623704033498,35.6505853801449
4.335,56.1534422019018,8.20647476735592,0.0893661018790003,14.9380830407341,0.00303693282838994,-0.00185236690125648,37.9468903460569,-26.4283419344275,-0.649635079743689,35.7029612703578
4.34,56.2278365270385,8.21315562149105,0.0893570606454086,14.9393979647061,0.00298220944499863,-0.00176544926664695,37.9995027437022,-26.4642310961969,-0.64764567452936,35.7552225786608
4.345,56.3022374846835,8.2198361236273,0.0893484347137481,14.9407128420345,0.00292389928487415,-0.0016861370129175,38.0522071297905,-26.5000295459323,-0.645655488390511,35.8073691858228
4.35,56.3766450734091,8.22651628690121,0.0893401876493582,14.9420276726484,0.00286263739619778,-0.00161380199538004,38.1050033794357,-26.5357370183674,-0.643664521327142,35.8594009687491
4.35,56.3766450734091,8.22651628690121,0.0893401876493582,14.9420276726484,0.00286263739619778,-0.00161380199538004,38.1050033794357,-26.5357370183674,-0.643664521327142,35.8594009687491
4.355,56.4510592618929,8.23319628630675,0.0893325042747054,14.9433363226634,0.00286078818232637,-0.00146178778574376,38.1578913670105,-26.5713532482701,-0.641672773339254,35.911317609379
4.36,56.5254800193593,8.23987629077308,0.0893255482985529,14.9446449269249,0.00284905018016553,-0.00132266037590572,38.2108709661456,-26.6068779704443,-0.639680244426846,35.9631188159106
4.365,56.5999073450677,8.24655630584084,0.0893192579462584,14.9459534852993,0.00282864686511496,-0.00119537056882182,38.2639420497295,-26.6423109197318,-0.637686934589917,36.0148044973751
4.37,56.674341238152,8.25323633845642,0.0893135764768442,14.9472619976452,0.00280068594467447,-0.00107895294133212,38.3171044899067,-26.677651831014,-0.635692843828469,36.0663745571089
4.375,56.7487816976377,8.25991639677868,0.089308451780975,14.9485704638182,0.00276616932041316,-0.000972519197853488,38.3703581580781,-26.712900439214,-0.633697972142501,36.1178288931793
4.38,56.8232287224581,8.26659649000447,0.0893038360108222,14.9498788836748,0.00272600222508587,-0.000875252054625589,38.4237029248992,-26.7480564792984,-0.631702319532014,36.1691673987794
4.385,56.8976823114676,8.27327662821154,0.0892996852392707,14.9511872570747,0.00268100160273622,-0.00078639961111103,38.4771386602804,-26.7831196862792,-0.629705885997006,36.2203899625938
4.39,56.9721424634549,8.27995682221716,0.0892959591461278,14.9524955838829,0.00263190379399962,-0.000705270168837293,38.5306652333852,-26.8180897952157,-0.627708671537478,36.2714964691392
4.395,57.0466091771542,8.28663708345108,0.0892926207291943,14.9538038639711,0.00257937158338151,-0.000631227461518165,38.5842825126304,-26.8529665412163,-0.625710676153431,36.3224867990796
4.4,57.1210824512551,8.29331742384164,0.0892896360382722,14.9551120972182,0.00252400065959168,-0.000563686264021718,38.6379903656848,-26.8877496594407,-0.623711899844864,36.373360829519
4.4,57.1210824512551,8.29331742384164,0.0892896360382722,14.9551120972182,0.00252400065959168,-0.000563686264021718,38.6379903656848,-26.8877496594407,-0.623711899844863,36.373360829519
4.405,57.1955622586533,8.29999800545305,0.0892871761109571,14.9564153625221,0.00252357104154986,-0.000422364299002141,38.6917886594686,-26.9224388851013,-0.621712342611777,36.4241182580849
4.41,57.2700485727482,8.30667898476795,0.0892853924571943,14.9577185825626,0.00251388952143189,-0.000293007977483659,38.7456772601529,-26.9570339534658,-0.61971200445417,36.4747588067307
4.415,57.3445413928585,8.31336036675458,0.089284227713637,14.9590217570921,0.00249609423915217,-0.000174644754937065,38.7996560331587,-26.9915345998584,-0.617710885372043,36.5252823823626
4.42,57.4190407181851,8.32004215769349,0.0892836291839169,14.9603248858699,0.00247121611012123,-6.63793382185919e-05,38.8537248431563,-27.0259405596621,-0.615708985365396,36.5756888866434
4.425,57.4935465478272,8.32672436499893,0.0892835484676809,14.9616279686657,0.00244018796790105,3.26123514216101e-05,38.9078835540647,-27.0602515683208,-0.613706304434229,36.6259782163852
4.43,57.5680588807964,8.33340699705746,0.0892839411186396,14.9629310052614,0.0024038529670026,0.000123088752159055,38.9621320290507,-27.0944673613408,-0.611702842578544,36.6761502639132
4.435,57.6425777160301,8.34009006308246,0.0892847663293943,14.9642339954521,0.00236297230345893,0.000205747806712947,39.0164701305283,-27.1285876742931,-0.609698599798337,36.7262049174046
4.44,57.7171030524031,8.34677357298291,0.0892859866409792,14.965536939047,0.00231823230644409,0.000281231710783854,39.070897720158,-27.1626122428149,-0.607693576093611,36.7761420612032
4.445,57.7916348887384,8.3534575372455,0.0892875676752537,14.9668398358698,0.00227025094924054,0.000350131293911379,39.1254146588461,-27.1965408026122,-0.605687771464365,36.8259615761108
4.45,57.8661732238161,8.36014196682871,0.0892894778883144,14.9681426857582,0.00221958382674182,0.000412990061473526,39.1800208067442,-27.2303730894611,-0.6036811859106,36.8756633396591
4.45,57.8661732238161,8.36014196682871,0.0892894778883144,14.9681426857582,0.00221958382674182,0.000412990061473526,39.1800208067442,-27.2303730894611,-0.6036811859106,36.8756633396591
4.455,57.9407180372422,8.36682698575805,0.0892918404693865,14.9694418829596,0.00220980191000552,0.000530310375881048,39.2347160232481,-27.2641088392102,-0.601673819432314,36.9252470939559
4.46,58.0152693089947,8.37351271393841,0.0892947643879015,14.97074103476,0.002192692844842,0.000637665860403806,39.2895001669974,-27.2977477877821,-0.599665672029509,36.9747125988938
4.465,58.0898270383075,8.38019915730244,0.0892982018751946,14.9720401408664,0.002169189909398,0.0007358675244529,39.344373095875,-27.3312896711761,-0.597656743702183,37.024059752901
4.47,58.1643912243228,8.38688632280172,0.0893021090543301,14.9733392010047,0.00214013757154296,0.000825661923163216,39.3993346670059,-27.3647342254692,-0.595647034450338,37.0732884500457
4.475,58.2389618661037,8.39357421826102,0.0893064456305983,14.9746382149199,0.00210629909531171,0.000907736198824526,39.4543847367572,-27.398081186819,-0.593636544273973,37.1223985803659
4.48,58.3135389626461,8.40026285224684,0.0893111746062276,14.9759371823765,0.00206836352994393,0.000982722734550474,39.5095231607368,-27.4313302914649,-0.591625273173088,37.1713900301761
4.485,58.3881225128896,8.406952233949,0.0893162620174853,14.9772361031583,0.00202695212882006,0.00105120344858025,39.5647497937932,-27.4644812757308,-0.589613221147683,37.220262682352
4.49,58.4627125157267,8.41364237307412,0.0893216766924092,14.978534977068,0.00198262424377927,0.00111371375674698,39.6200644900147,-27.4975338760263,-0.587600388197759,37.2690164165953
4.495,58.5373089700117,8.42033327975001,0.0893273900275242,14.979833803926,0.00193588273732816,0.00117074622899747,39.6754671027286,-27.5304878288494,-0.585586774323314,37.3176511096796
4.5,58.6119118745683,8.42702496443985,0.0893333757822995,14.9811325835702,0.00188717887439624,0.0012227540762092,39.7309574845008,-27.563342870788,-0.58357237952435,37.3661666356786
4.5,58.6119118745683,8.42702496443985,0.0893333757822995,14.9811325835702,0.00188717887439624,0.0012227540762092,39.7309574845008,-27.563342870788,-0.58357237952435,37.3661666356786
4.505,58.6865212247307,8.43371742075671,0.0893395875553827,14.9824293244389,0.00183059284998898,0.00126134473022647,39.786535487135,-27.5960987385222,-0.581557203800866,37.4145628820885
4.51,58.7611370157577,8.44041064314979,0.0893459833866215,14.9837260176501,0.00177363041144404,0.00129642872680594,39.8422009616722,-27.6287551688261,-0.579541247152862,37.4628397310918
4.515,58.8357592463424,8.44710464352382,0.0893525464924069,14.9850226631158,0.00171653540676846,0.00132830177652299,39.8979537583899,-27.6613118985699,-0.577524509580338,37.5109970455715
4.52,58.9103879151822,8.45379943372981,0.089359261506832,14.9863192607589,0.0016595230115562,0.00135723555660173,39.9537937268016,-27.6937686647219,-0.575506991083295,37.5590346867656
4.525,58.9850230209824,8.46049502553005,0.0893661143662558,14.9876158105125,0.0016027824002383,0.0013834796288989,40.0097207156562,-27.7261252043505,-0.573488691661731,37.6069525144059
4.53,59.0596645624585,8.46719143056759,0.0893730922033278,14.9889123123186,0.001546479183971,0.00140726320252274,40.0657345729372,-27.7583812546262,-0.571469611315647,37.6547503868471
4.535,59.1343125383387,8.47388866033982,0.0893801832492164,14.9902087661276,0.00149075764611704,0.00142879676168056,40.1218351458622,-27.7905365528236,-0.569449750045044,37.7024281611871
4.54,59.208966947366,8.48058672617567,0.0893873767438855,14.9915051718971,0.0014357427804546,0.00144827356114772,40.1780222808825,-27.8225908363236,-0.567429107849921,37.7499856933789
4.545,59.2836277883001,8.4872856392162,0.089394662853386,14.9928015295918,0.00138154215738437,0.00146587100626927,40.2342958236821,-27.8545438426152,-0.565407684730278,37.7974228383349
4.55,59.3582950599186,8.49398541039811,0.0894020325938199,14.994097839182,0.00132824762745367,0.00148175192306777,40.2906556191774,-27.8863953092974,-0.563385480686115,37.8447394500241
4.55,59.3582950599186,8.49398541039811,0.0894020325938199,14.994097839182,0.00132824762745367,0.00148175192306777,40.2906556191774,-27.8863953092974,-0.563385480686115,37.8447394500241
4.555,59.4329687996789,8.50068562525264,0.0894089077605817,14.9953943169157,0.00111456357829886,0.00127123297427767,40.3471015115164,-27.9181449740818,-0.561362495717433,37.8919358590331
4.56,59.5076490435972,8.5073858855186,0.0894147729426617,14.9966907468523,0.000922864287960638,0.00107752916517008,40.4036333440783,-27.9497925747942,-0.55933872982423,37.9390123183665
4.565,59.5823357885555,8.51408622346457,0.0894197088723933,14.9979871293661,0.000751209164015911,0.000899320852764283,40.4602509594729,-27.9813378493766,-0.557314183006508,37.9859685703698
4.57,59.6570290317467,8.52078666787038,0.0894237899426007,14.9992834647337,0.000597817723358481,0.000735390529899871,40.5169541995398,-28.0127805358895,-0.555288855264265,38.0328043642025
4.575,59.7317287706467,8.52748724433949,0.0894270846975902,15.000579753153,0.000461056888496048,0.000584615049726063,40.573742905348,-28.044120372514,-0.553262746597503,38.0795194553792
4.58,59.8064350029894,8.53418797558556,0.0894296562867195,15.001875994759,0.000339429259825631,0.000445958425478624,40.6306169171953,-28.0753570975533,-0.551235857006221,38.1261136053453
4.585,59.881147726743,8.54088888169533,0.0894315628833227,15.0031721896367,0.000231562292019455,0.000318465165477386,40.6875760746078,-28.1064904494356,-0.549208186490419,38.1725865810829
4.59,59.9558669400886,8.54758998036962,0.0894328580715651,15.0044683378316,0.000136198307615123,0.000201254105723259,40.7446202163393,-28.1375201667155,-0.547179735050098,38.2189381547466
4.595,60.0305926414004,8.55429128714417,0.0894335912036323,15.0057644393589,5.21852853687209e-05,9.35127047009969e-05,40.8017491803705,-28.1684459880763,-0.545150502685256,38.2651681033249
4.6,60.1053248292278,8.56099281559193,0.089433807729471,15.0070604942099,-2.1531634489036e-05,-5.50823262967798e-06,40.8589628039089,-28.1992676523321,-0.543120489395895,38.3112762083272
4.6,60.1053248292278,8.56099281559193,0.089433807729471,15.0070604942099,-2.1531634489036e-05,-5.50823262967798e-06,40.8589628039089,-28.1992676523321,-0.543120489395895,38.3112762083272
4.605,60.1800602592155,8.56769446092666,0.0894337811878988,15.0070603041891,-2.03288902424724e-05,-5.11325240819197e-06,40.9162609233878,-28.2299848984299,-0.541089695182014,38.3572602491894
4.61,60.2547956879074,8.57439611007353,0.089433756550191,15.0070601141753,-1.91980914026306e-05,-4.74633132399479e-06,40.9736433744661,-28.2605974654517,-0.539058120043613,38.4031180408184
4.615,60.3295311153225,8.58109776282299,0.0894337336812503,15.0070599241684,-1.81346423987433e-05,-4.40541651976921e-06,41.0311099920277,-28.2911050926164,-0.537025763980692,38.4488494215072
4.62,60.4042665414783,8.5877994189779,0.0894337124558561,15.0070597341685,-1.7134258367232e-05,-4.08860827459674e-06,41.0886606101806,-28.3215075192819,-0.534992626993251,38.4944542300317
4.625,60.4790019663916,8.59450107835269,0.0894336927579275,15.0070595441754,-1.61929432003276e-05,-3.79414843922956e-06,41.146295062257,-28.3518044849477,-0.53295870908129,38.5399323056513
4.63,60.5537373900781,8.60120274077267,0.0894336744798432,15.0070593541894,-1.53069691946199e-05,-3.52040975133544e-06,41.2040131808123,-28.3819957292562,-0.53092401024481,38.5852834881085
4.635,60.6284728125525,8.60790440607335,0.0894336575218114,15.0070591642103,-1.44728581804913e-05,-3.26588596345554e-06,41.2618147976245,-28.4120809919955,-0.528888530483809,38.6305076176294
4.64,60.7032082338288,8.61460607409979,0.0894336417912884,15.0070589742381,-1.36873640223612e-05,-3.02918272156919e-06,41.3196997436944,-28.442060013101,-0.526852269798289,38.6756045349235
4.645,60.7779436539202,8.62130774470598,0.0894336272024401,15.0070587842729,-1.29474563879623e-05,-2.80900913691808e-06,41.377667849244,-28.4719325326579,-0.524815228188249,38.7205740811838
4.65,60.8526790728389,8.62800941775436,0.0894336136756445,15.0070585943146,-1.22503056925311e-05,-2.60416999813636e-06,41.4357189437172,-28.5016982909031,-0.52277740565369,38.765416098087
