0.85,11.9112246932427,-0.0204329184291463,0.00389747366946337,12.8219284357835,0.136489134809467,0.257750116068069,24.8104422564925,7.15773049667423,-1.84628828190284,9.86004872512879
0.855,11.9752702727601,-0.0194434418022893,0.00522105776223954,12.7978470446794,0.142553761548133,0.271599638426717,24.8001311986068,7.11263170933938,-1.84484318107885,9.77473885802437
0.86,12.0391939311758,-0.0183388272098483,0.00661264099316214,12.7737885982139,0.148049761864607,0.284951726866643,24.789879804571,7.0674936854204,-1.84339729933034,9.68956091045078
0.865,12.1029955273834,-0.0171179235607727,0.00806976558184151,12.7497529473526,0.15300217342224,0.297818147627621,24.7796882015643,7.022316495265,-1.84195063665731,9.60451867662916
0.87,12.166674910665,-0.0157796350733434,0.00959003272065805,12.7257398064204,0.157435385287171,0.310210720203669,24.769556516756,6.97710020954493,-1.84050319305976,9.51961608443759
0.875,12.2302319207741,-0.0143229195585417,0.0111711027896374,12.7017487672602,0.161373154819671,0.322141296635495,24.7594848773043,6.93184489925629,-1.83905496853769,9.43485719518247
0.88,12.2936663880324,-0.0127467866567837,0.0128106954661889,12.6777793128784,0.164838621324053,0.333621740235819,24.749473410356,6.88655063571999,-1.8376059630911,9.35024620389959
0.885,12.3569781334408,-0.011050296049133,0.0145065897276256,12.6538308305252,0.167854317095222,0.344663904143146,24.7395222430453,6.84121749058206,-1.83615617671999,9.26578744018926
0.89,12.4201669688033,-0.00923255566187066,0.0162566237471213,12.6299026241667,0.170442176423045,0.355279610019208,24.7296315024938,6.79584553581406,-1.83470560942436,9.18148536958818
0.895,12.4832326968647,-0.00729271987897089,0.0180586946839871,12.6059939263196,0.172623543039278,0.365480627176154,24.719801315809,6.75043484371346,-1.83325426120421,9.09734459547911
0.9,12.54617511146,-0.00522998777538595,0.0199107583707504,12.5821039092215,0.174419176416018,0.37527865238589,24.7100318100843,6.70498548690401,-1.83180213205954,9.01336986153892
0.9,12.54617511146,-0.00522998777538595,0.0199107583707504,12.5821039092215,0.174419176416018,0.37527865238589,24.7100318100843,6.70498548690401,-1.83180213205954,9.01336986153892
0.905,12.6089933539511,-0.00304354035027407,0.0218109281926995,12.5579744650552,0.175879902602574,0.384727314718932,24.700323112398,6.65949753833612,-1.83034922199035,8.92956661612385
0.91,12.67168654931,-0.000732562809051252,0.0237574208136716,12.5338600012713,0.177003747765743,0.393809549805449,24.6906753498125,6.61397107128723,-1.82889553099664,8.8459404535533
0.915,12.7342544540424,0.00170367671856606,0.0257484306454449,12.5097596789404,0.17780876987866,0.402535952717894,24.6810886493737,6.56840615936219,-1.82744105907841,8.76249656089275
0.92,12.7966968166058,0.00426587087276957,0.0277822047050644,12.4856726377299,0.178312483047453,0.410916968860583,24.6715631381104,6.52280287649361,-1.82598580623567,8.67924028567655
0.925,12.8590133776182,0.00695467445127621,0.0298570418430246,12.4615980025411,0.178531866892662,0.418962884813421,24.6620989430335,6.47716129694227,-1.8245297724684,8.59617714110411
0.93,12.9212038700723,0.00977070575951233,0.0319712919280812,12.4375348896245,0.178483375548108,0.426683819864827,24.6526961911351,6.43148149529745,-1.82307295777661,8.5133128117428
0.935,12.9832680195533,0.0127145479223693,0.0341233549907406,12.4134824121942,0.178182946418868,0.434089718289356,24.6433550093883,6.38576354647734,-1.8216153621603,8.43065315974016
0.94,13.0452055444622,0.0157867501526497,0.0363116803308842,12.3894396855468,0.177646008803248,0.44119034239051,24.6340755247458,6.34000752572937,-1.82015698561947,8.34820423155017
0.945,13.1070161562412,0.0189878289767978,0.038534765591813,12.365405831708,0.176887492468579,0.447995266339547,24.6248578641397,6.2942135086306,-1.81869782815413,8.26597226517771
0.95,13.1686995596029,0.0223182694148705,0.0407911558061354,12.3413799836191,0.175921836243604,0.454513870806574,24.6157021544808,6.24838157108807,-1.81723788976426,8.18396369794721
0.95,13.1686995596029,0.0223182694148705,0.0407911558061354,12.3413799836191,0.175921836243604,0.454513870806574,24.6157021544808,6.24838157108807,-1.81723788976426,8.18396369794721
0.955,13.2302550553363,0.0257785482259909,0.0430794940628703,12.3172027218654,0.174778692897734,0.460776795329863,24.6066085226574,6.20251178933917,-1.81577717044987,8.10218554015922
0.96,13.2916819347374,0.0293691256410342,0.0453984845447675,12.2930310869239,0.173458953143456,0.466776184438866,24.597577095535,6.15660423995203,-1.81431567021096,8.0206450241495
0.965,13.3529798789698,0.0330904173589113,0.0477468307629445,12.2688643159331,0.171975238267825,0.472520480320437,24.5886079999557,6.11065899982584,-1.81285338904754,7.9393492470949
0.97,13.4141485635164,0.0369428110792487,0.0501232779420669,12.2447016678937,0.170339732345194,0.47801792599954,24.5797013627368,6.06467614619123,-1.81139032695959,7.85830554402174
0.975,13.4751876584125,0.0409266674471011,0.0525266120224394,12.2205424257008,0.168564191852787,0.483276564713021,24.5708573106709,6.01865575661063,-1.80992648394712,7.7775214982765
0.98,13.5360968284777,0.0450423209599594,0.0549556586608585,12.1963858978861,0.166659955265832,0.48830423977036,24.5620759705246,5.97259790897864,-1.80846186001013,7.69700495256729
0.985,13.5968757335469,0.0492900808391797,0.0574092822312845,12.1722314200898,0.16463795264735,0.493108594883945,24.553357469038,5.92650268152237,-1.80699645514863,7.61676402058716
0.99,13.6575240286995,0.0536702318653828,0.0598863848289067,12.148078356279,0.162508715226786,0.497697074934518,24.5447019329239,5.88037015280179,-1.8055302693626,7.53680709923296
0.995,13.7180413644864,0.0581830351801039,0.0623859052784688,12.1239260997342,0.160282384972131,0.502076927151643,24.5361094888671,5.83420040171012,-1.80406330265206,7.45714288143221
1,13.7784273871547,0.0628287290536501,0.0649068181500442,12.0997740738176,0.15796872414176,0.506255202673282,24.5275802635236,5.78799350747415,-1.80259555501699,7.37778036959222
1,13.7784273871547,0.0628287290536501,0.0649068181500442,12.0997740738176,0.15796872414176,0.506255202673282,24.5275802635236,5.78799350747415,-1.80259555501699,7.37778036959222
1.005,13.8386815116117,0.0676075320439345,0.0674481559930271,12.0755310611451,0.155584125585566,0.51024827503561,24.5191143835201,5.74174954965461,-1.8011270264574,7.29872910915053
1.01,13.8988031477917,0.0725196449071371,0.0700089897112003,12.0512870093288,0.153131563414783,0.514054627736128,24.510711975453,5.69546860814651,-1.7996577169733,7.21999898825596
1.015,13.9587919287329,0.0775652467876958,0.0725884016782103,12.0270414533346,0.150619585039584,0.517680619087044,24.5023731658875,5.6491507631795,-1.79818762656467,7.14160003201616
1.02,14.0186474841012,0.0827444963970687,0.0751855056047014,12.0027939584279,0.148056404647329,0.521132426073768,24.4940980813575,5.60279609531822,-1.79671675523153,7.06354263598654
1.025,14.0783694403977,0.0880575326414599,0.0777994456392855,11.9785441201092,0.145449912337035,0.524416047430778,24.4858868483641,5.55640468546265,-1.79524510297386,6.98583758290887
1.03,14.1379574211623,0.0935044752247466,0.0804293954853956,11.9542915639375,0.142807683135691,0.527537306899162,24.4777395933755,5.50997661484844,-1.79377266979167,6.90849606015016
1.035,14.1974110471734,0.0990854252269971,0.0830745575347094,11.9300359452474,0.140136985903358,0.53050185662529,24.4696564428257,5.46351196504727,-1.79229945568497,6.8315296778511
1.04,14.256729936644,0.104800465660222,0.0857341620180248,11.905776948777,0.137444792102884,0.533315180696094,24.4616375231142,5.4170108179672,-1.79082546065374,6.75495048779259
1.045,14.3159137054139,0.110649662001816,0.0884074661739443,11.881514288212,0.134737784441137,0.535982598774882,24.453682960605,5.370473255853,-1.789350684698,6.67877100298537
1.05,14.3749619671368,0.116633062707188,0.0910937534361231,11.8572477056609,0.13202236535891,0.538509269832918,24.4457928816257,5.3238993612865,-1.78787512781773,6.60300421798571
1.05,14.3749619671368,0.116633062707188,0.0910937534361231,11.8572477056609,0.13202236535891,0.538509269832918,24.4457928816257,5.3238993612865,-1.78787512781773,6.60300421798571
1.055,14.4338742165351,0.122750696042139,0.0937923421278483,11.832930257307,0.129307516514404,0.540904043860691,24.4379674124673,5.27728921718692,-1.78639879001295,6.52766374763551
1.06,14.4926499462039,0.129002574983123,0.0965025762198734,11.8086084047952,0.126596503359006,0.543168220078411,24.430206679383,5.23064290681121,-1.78492167128365,6.45276373334732
1.065,14.5512887638849,0.135388700867728,0.0992238144535177,11.7842819771125,0.123894902314593,0.545306466458077,24.4225108085872,5.18396051375443,-1.78344377162982,6.37831874687779
1.07,14.6097902758645,0.141909059766294,0.10195543855059,11.7599508286205,0.121208044860972,0.547323307878977,24.4148799262555,5.13724212195001,-1.78196509105148,6.30434393010168
1.075,14.6681540871392,0.148563622908018,0.104696852507658,11.7356148383112,0.118541025079327,0.549223129998649,24.4073141585233,5.09048781567016,-1.78048562954861,6.23085501882178
1.08,14.7263798015765,0.155352347091385,0.107447481909553,11.7112739090387,0.115898707014682,0.551010183120977,24.3998136314853,5.04369767952614,-1.77900538712123,6.15786836721139
1.085,14.7844670220718,0.162275175079129,0.110206773262292,11.6869279667306,0.113285731857832,0.552688586041776,24.3923784711946,4.99687179846867,-1.77752436376932,6.08540097284657
1.09,14.8424153507004,0.169332035978845,0.112974193345033,11.6625769595851,0.110706524942601,0.554262329870752,24.3850088036621,4.95001025778816,-1.7760425594929,6.01347050227404
1.095,14.9002243888665,0.176522845609459,0.115749228581198,11.6382208572588,0.108165302558304,0.555735281813293,24.3777047548555,4.90311314311515,-1.77455997429196,5.94209531704801
1.1,14.957893737447,0.183847506854543,0.118531384428238,11.6138596500476,0.105666078576421,0.557111188911535,24.370466450699,4.85618054042056,-1.77307660816649,5.87129450015459
1.1,14.957893737447,0.183847506854543,0.118531384428238,11.6138596500476,0.105666078576421,0.557111188911535,24.370466450699,4.85618054042056,-1.77307660816649,5.87129450015459
1.105,15.0154229451903,0.191305906595488,0.121320188506698,11.5894726363116,0.103213784987014,0.558395177995618,24.3632940170718,4.80921253601604,-1.77159246111651,5.80108793673327
1.11,15.0728115605283,0.198897919541902,0.124115186462001,11.5650805484383,0.100810993455167,0.55958931574371,24.3561875798079,4.76220921655431,-1.77010753314201,5.73149628779414
1.115,15.1300591834864,0.206623411890447,0.126915937589373,11.5406834347486,0.098461142500891,0.560697005129826,24.3491472646951,4.71517066902948,-1.76862182424299,5.6625409627237
1.12,15.1871654141038,0.214482238171253,0.129722017934751,11.5162813608217,0.0961674935948902,0.561721543996814,24.3421731974744,4.66809698077734,-1.76713533441944,5.59424419967361
1.125,15.2441298525567,0.222474241544461,0.132533019777466,11.4918744087008,0.0939331368201408,0.562666128459457,24.335265503839,4.62098823947577,-1.76564806367138,5.52662909204869
1.13,15.3009520992793,0.230599254086213,0.13534855113015,11.4674626761094,0.0917609963488306,0.563533856233281,24.3284243094334,4.57384453314494,-1.7641600119988,5.45971961447414
1.135,15.3576317550795,0.238857097064691,0.138168235254703,11.4430462756803,0.0896538357503128,0.56432772988412,24.3216497398531,4.52666595014774,-1.7626711794017,5.39354064799697
1.14,15.4141684212523,0.247247581206392,0.140991710194701,11.4186253341987,0.0876142631199554,0.565050659998362,24.3149419206434,4.47945257919001,-1.76118156588007,5.32811800424551
1.145,15.4705616996888,0.255770506953163,0.143818628323052,11.3941999918614,0.0856447360451035,0.565705468269387,24.3083009772988,4.43220450932094,-1.75969117143393,5.26331529224341
1.15,15.5268111929828,0.264425664710168,0.146648655905272,11.3697704015517,0.0837475663985744,0.566294890501158,24.3017270352621,4.38492182993332,-1.75819999606327,5.19844753841994
1.15,15.5268111929828,0.264425664710168,0.146648655905272,11.3697704015517,0.0837475663985744,0.566294890501158,24.3017270352621,4.38492182993332,-1.75819999606327,5.19844753841994
1.155,15.5829164848763,0.273212833300032,0.149481474182142,11.3453288460959,0.0819253732036333,0.56682218258324,24.2952202199237,4.33760463076388,-1.75670803976809,5.13343504420129
1.16,15.6388771600003,0.282131781985829,0.152316777478502,11.3208833821797,0.0801797555420958,0.567289320532114,24.2887806566206,4.29025300189359,-1.75521530254839,5.06827755376722
1.165,15.6946928236353,0.291182272474703,0.1551542712936,11.2964341966249,0.0785126150159399,0.567698799676129,24.2824084706361,4.24286703374801,-1.75372178440416,5.00297488596061
1.17,15.7503630821563,0.30036405734433,0.157993673415824,11.2719814861998,0.0769257252370152,0.568053040757747,24.2761037871985,4.19544681709756,-1.75222748533542,4.93752695020789
1.175,15.8058875431225,0.30967688025111,0.160834713556143,11.24752545699,0.0754207358420038,0.568354392497888,24.2698667314802,4.14799244305783,-1.75073240534216,4.87193374156752
1.18,15.861265815365,0.319120476130912,0.163677132994252,11.2230663237908,0.0739991763658014,0.568605134071884,24.2636974285977,4.10050400308991,-1.74923654442438,4.8061953359608
1.185,15.9164975090719,0.328694571392779,0.166520684236893,11.198604309519,0.0726624599773855,0.568807477501057,24.25759600361,4.05298158900069,-1.74773990258208,4.7403118855782
1.19,15.9715822358703,0.338398884105737,0.169365130687782,11.1741396446458,0.0714118870861772,0.568963569957045,24.2515625815179,4.00542529294314,-1.74624247981526,4.67428361445539
1.195,16.0265196089059,0.348233124178888,0.172210246329107,11.1496725666502,0.0702486488166885,0.569075495982536,24.2455972872637,3.95783520741666,-1.74474427612392,4.60811081421277
1.2,16.0813092429206,0.35819699353511,0.175055815413567,11.1252033194927,0.0691738303653593,0.569145279627013,24.2397002457299,3.91021142526732,-1.74324529150806,4.54179383995286
1.2,16.0813092429206,0.35819699353511,0.175055815413567,11.1252033194927,0.0691738303653593,0.569145279627013,24.2397002457299,3.91021142526732,-1.74324529150806,4.54179383995286
1.205,16.1359507429665,0.368290185083968,0.177901633257204,11.1007275955295,0.068188736800106,0.569175323466341,24.2338715817385,3.86255403968822,-1.74174552596768,4.47533311778482
1.21,16.1904437158261,0.378512384089915,0.180747504882181,11.0762502065632,0.0672939346321141,0.569167105866259,24.2281114200502,3.81486314421975,-1.74024497950278,4.40872912924938
1.215,16.2447877814493,0.388863269517496,0.183593243641912,11.0517714129428,0.0664902105658911,0.569122482131812,24.2224198853638,3.7671388327499,-1.73874365211336,4.34198239632556
1.22,16.2989825616667,0.399342512981063,0.186438672033746,11.0272914795883,0.0657782576709466,0.569043254849061,24.2167971023151,3.71938119951457,-1.73724154379942,4.27509348952584
1.225,16.3530276802567,0.409949778888994,0.189283621439887,11.0028106755652,0.0651586781828298,0.568931175614199,24.2112431954762,3.67159033909782,-1.73573865456096,4.20806302450131
1.23,16.4069227630098,0.420684724582606,0.192127931876389,10.9783292736782,0.0646319862134056,0.568787946685446,24.2057582893546,3.62376634643221,-1.73423498439798,4.14089165877364
1.235,16.4606674377912,0.43154700046961,0.19497145175064,10.9538475500843,0.0641986103639965,0.568615222559041,24.2003425083925,3.57590931679909,-1.73273053331048,4.07358008858981
1.24,16.5142613346022,0.442536250152578,0.197814037626213,10.9293657839237,0.0638588962552286,0.568414611471793,24.194995976966,3.52801934582884,-1.73122530129846,4.00612904589507
1.245,16.5677040856395,0.453652110552334,0.200655553995175,10.9048842569693,0.0636131089722033,0.568187676830027,24.189718819384,3.48009652950122,-1.72971928836192,3.93853929542033
1.25,16.6209953253533,0.464894212026452,0.20349587305749,10.8804032532946,0.063461435428628,0.567935938567892,24.1845111598879,3.43214096414561,-1.72821249450086,3.8708116318798
1.25,16.6209953253533,0.464894212026452,0.20349587305749,10.8804032532946,0.063461435428628,0.567935938567892,24.1845111598879,3.43214096414561,-1.72821249450086,3.8708116318798
1.255,16.6741346706156,0.476262176329332,0.206334877096726,10.8559150946404,0.0634047488092007,0.567661914530559,24.1793731226502,3.38415274644133,-1.72670491971528,3.80294689563173
1.26,16.7271217406186,0.487755618942862,0.209172455765605,10.831428028847,0.0634423357492506,0.567366026864934,24.1743048317739,3.33613197341788,-1.72519656400518,3.73494595099395
1.265,16.7799561768351,0.499374151307204,0.212008503259693,10.8069423447444,0.0635741629198847,0.567049674501131,24.1693064112919,3.2880787424553,-1.72368742737057,3.66680966573827
1.27,16.8326376232041,0.511117378735885,0.214842920671969,10.7824583322944,0.0638001275622919,0.566714217689,24.1643779851657,3.23999315128434,-1.72217750981143,3.59853892740821
1.275,16.8851657261818,0.522984900512255,0.217675615802178,10.7579762823414,0.0641200595117092,0.566360979018501,24.1595196772851,3.19187529798685,-1.72066681132777,3.53013464101422
1.28,16.9375401347917,0.534976309981929,0.22050650297087,10.7334964863786,0.0645337231679318,0.565991244378728,24.1547316114667,3.14372528099598,-1.71915533191959,3.46159772681989
1.285,16.989760500674,0.547091194641228,0.223335502838104,10.7090192363291,0.065040819412725,0.565606263856216,24.1500139114539,3.09554319909649,-1.71764307158689,3.3932202766503
1.29,17.041826478134,0.559329136221621,0.226162542226718,10.6845448243412,0.0656409874745915,0.565207252574405,24.1453667009152,3.04732915142503,-1.71613003032968,3.32593865971331
1.295,17.0937377241891,0.571689710770524,0.228987553949361,10.6600735425977,0.0663338067505684,0.564795391476433,24.1407901034441,2.99908323747039,-1.71461620814794,3.2598857584072
1.3,17.1454938986156,0.584172488728362,0.231810476639441,10.6356056831392,0.0671187985825543,0.564371828051971,24.1362842425577,2.95080555707377,-1.71310160504168,3.19513527292472
1.3,17.1454938986156,0.584172488728362,0.231810476639441,10.6356056831392,0.0671187985825543,0.564371828051971,24.1362842425577,2.95080555707377,-1.71310160504168,3.19513527292472
1.305,17.1970946238289,0.596777030987664,0.234631261790602,10.6111255342875,0.0679975397888981,0.563940574235492,24.1318492416961,2.90249621042909,-1.7115862210109,3.13176544295587
1.31,17.2485395249342,0.609502893248872,0.237449866697752,10.5866493761032,0.0689673554419054,0.563499908952183,24.1274852242215,2.85415529808322,-1.71007005605561,3.06985914869334
1.315,17.2998282700045,0.622349629982742,0.240266246954886,10.5621774984636,0.0700276043070019,0.563050887499172,24.1231923134177,2.80578292093626,-1.70855311017579,3.00950397301641
1.32,17.3509605300351,0.6353167903499,0.243080363354585,10.5377101905157,0.0711775937888951,0.562594534120127,24.1189706324884,2.75737918024179,-1.70703538337145,2.95079228648576
1.325,17.4019359789865,0.64840391826162,0.245892181733978,10.5132477405613,0.0724165815320866,0.562131842472887,24.1148203045572,2.70894417760716,-1.7055168756426,2.89382123772296
1.33,17.452754293827,0.661610552437487,0.248701672822994,10.4887904359532,0.0737437769930311,0.561663776051738,24.1107414526664,2.66047801499373,-1.70399758698922,2.8386926693208
1.335,17.5034151545751,0.674936226460175,0.251508812094374,10.4643385630015,0.0751583429896382,0.561191268566764,24.1067341997761,2.61198079471715,-1.70247751741132,2.78551294363078
1.34,17.553918244341,0.688380468827267,0.254313579615619,10.43989240689,0.076659397225778,0.560715224281278,24.1027986687635,2.56345261944759,-1.70095666690891,2.7343926617308
1.345,17.6042632493684,0.701942803000207,0.257115959902627,10.4154522516022,0.0782460137933411,0.560236518309222,24.0989349824217,2.51489359221004,-1.69943503548197,2.68544625839144
1.35,17.6544498590755,0.715622747450609,0.259915941774545,10.3910183798569,0.0799172246566195,0.559755996875124,24.0951432634594,2.46630381638451,-1.69791262313051,2.63879145617731
1.35,17.6544498590755,0.715622747450609,0.259915941774545,10.3910183798569,0.0799172246566195,0.559755996875124,24.0951432634594,2.46630381638451,-1.69791262313051,2.63879145617731
1.355,17.7044776974844,0.72941981021482,0.262713534884135,10.3665639898463,0.0816768962737517,0.55928118699711,24.0914236344996,2.41768339570633,-1.69638942985454,2.59454863057434
1.36,17.7543463914417,0.743333495162926,0.265508753701023,10.3421164081064,0.0835191552690508,0.558806410084656,24.0877762180787,2.36903243426638,-1.69486545565404,2.55258985386012
1.365,17.804055639461,0.757363307192928,0.268301600320703,10.3176759118066,0.0854429172371182,0.558332433676295,24.0842011366459,2.32035103651136,-1.69334070052903,2.51106206069326
1.37,17.8536051433579,0.771508746420935,0.27109208060563,10.2932427766814,0.0874470614191923,0.55785999703284,24.0806985125623,2.271639307244,-1.69181516447949,2.46956445450884
1.375,17.9029946082899,0.785769308215864,0.273880204044011,10.2688172770069,0.089530432117469,0.557389811225936,24.0772684681,2.22289735162334,-1.69028884750544,2.42809693576617
1.38,17.9522237427959,0.800144483231814,0.276665983609078,10.2443996855844,0.0916918400971083,0.556922559200643,24.0739111254409,2.17412527516499,-1.68876174960686,2.38665940283916
1.385,18.0012922588366,0.814633757438249,0.279449435618618,10.21999027373,0.0939300639778527,0.556458895814409,24.0706266066762,2.12532318374132,-1.68723387078377,2.345251752059
1.39,18.0501998718348,0.829236612148143,0.282230579594501,10.1955893112692,0.0962438516175647,0.555999447855309,24.0674150338057,2.07649118358175,-1.68570521103615,2.3038738777533
1.395,18.0989463007152,0.843952524044052,0.285009438122331,10.1711970665382,0.0986319214858475,0.555544814041134,24.0642765287363,2.02762938127297,-1.68417577036402,2.26252567228149
1.4,18.1475312679451,0.858780965202178,0.287786036711109,10.1468138063881,0.101092964028832,0.555095565001667,24.0612112132816,1.97873788375917,-1.68264554876736,2.22120702606659
1.4,18.1475312679451,0.858780965202178,0.287786036711109,10.1468138063881,0.101092964028832,0.555095565001667,24.0612112132816,1.97873788375917,-1.68264554876736,2.22120702606659
1.405,18.1960180256863,0.873756121444341,0.290575541315176,10.1507640363503,0.109506137434981,0.560693597496874,24.0582192091609,1.92981679834231,-1.68111454624619,2.17985944674246
1.41,18.2444697529299,0.888912335762612,0.293392842562928,10.1547525048597,0.117581485620205,0.566213568975624,24.0553006379984,1.88086623268232,-1.67958276280049,2.13842445917783
1.415,18.2928860612115,0.904249316606448,0.296237540667169,10.1587787805079,0.125324198847635,0.571651750441983,24.052455621322,1.83188629479736,-1.67805019843028,2.09690198302205
1.42,18.3412665567981,0.919766777862381,0.299109218147825,10.1628423738605,0.132739672742503,0.577004792586786,24.0496842805629,1.78287709306401,-1.67651685313554,2.05529194406502
1.425,18.3896108405327,0.93546443888822,0.302007441711069,10.1669427396938,0.139833490642235,0.582269717610146,24.0469867370541,1.73383873621757,-1.67498272691629,2.01359427391465
1.43,18.4379185076807,0.951342024549716,0.304931764082403,10.1710792794958,0.146611405889781,0.587443909406813,24.0443631120303,1.68477133335222,-1.67344781977252,1.97180890969485
1.435,18.4861891477815,0.967399265256575,0.307881725788214,10.1752513441969,0.153079324144922,0.592525102312938,24.0418135266261,1.63567499392128,-1.67191213170422,1.92993579376348
1.44,18.5344223445053,0.983635896997258,0.310856856876552,10.1794582370917,0.159243285822904,0.597511368640348,24.0393381018759,1.58654982773744,-1.67037566271141,1.88797487345084
1.445,18.582617675516,1.00005166136939,0.313856678574341,10.1836992169177,0.165109448722995,0.602401105175778,24.0369369587126,1.53739594497295,-1.66883841279408,1.8459261008174
1.45,18.6307747123425,1.01664630560469,0.316880704873803,10.1879735010528,0.17068407095179,0.607193018856485,24.0346102179668,1.48821345615988,-1.66730038195222,1.80378943243056
1.45,18.6307747123425,1.01664630560469,0.316880704873803,10.1879735010528,0.17068407095179,0.607193018856485,24.0346102179668,1.48821345615988,-1.66730038195222,1.80378943243056
1.455,18.6788924282289,1.03341999319966,0.319929218509004,10.1921070522196,0.176196945902632,0.612195913136883,24.0323580003658,1.43900247219032,-1.66576157018585,1.76156553337066
1.46,18.7269697800116,1.05037290998017,0.32300249788331,10.196272664344,0.181421941073071,0.617099143756281,24.0301804265327,1.3897631043166,-1.66422197749496,1.71925509444964
1.465,18.7750063051676,1.0675048443844,0.326100042351147,10.2004695056211,0.18636532796415,0.621901826102114,24.0280776169859,1.34049546415151,-1.66268160387954,1.67685811695684
1.47,18.8230015347473,1.08481558947053,0.329221347524958,10.2046967107067,0.191033434998899,0.62660334534645,24.0260496921375,1.2911996636685,-1.66114044933961,1.63437460584865
1.475,18.8709549932909,1.10230494289517,0.332365906585219,10.2089533840083,0.195432632890661,0.631203340952026,24.0240967722931,1.2418758152019,-1.65959851387516,1.59180456956649
1.48,18.918866198753,1.11997270688479,0.335533211512879,10.2132386029726,0.199569320511879,0.635701691055795,24.0222189776503,1.19252403144716,-1.65805579748619,1.54914801987172
1.485,18.9667346624387,1.13781868819866,0.338722754243713,10.2175514213432,0.203449911312507,0.640098496851788,24.0204164282982,1.143144425461,-1.65651230017269,1.50640497169661
1.49,19.0145598889482,1.15584269808305,0.34193402774476,10.2218908723681,0.207080820327686,0.644394067081964,24.0186892442163,1.09373711066166,-1.65496802193468,1.46357544301001
1.495,19.0623413761328,1.17404455221588,0.345166527013704,10.2262559719384,0.210468451806273,0.648588902730097,24.0170375452737,1.0443022008291,-1.65342296277215,1.4206594546968
1.5,19.1100786150611,1.1924240706417,0.348419750002433,10.2306457216407,0.213619187486585,0.652683682002796,24.015461451228,0.994839810105189,-1.6518771226851,1.37765703044994
1.5,19.1100786150611,1.1924240706417,0.348419750002433,10.2306457216407,0.213619187486585,0.652683682002796,24.015461451228,0.994839810105191,-1.6518771226851,1.37765703044994
1.505,19.1577706336477,1.21098139658963,0.351693812705897,10.2349317103802,0.216716141627379,0.656924558658012,24.0139610817246,0.945350052993923,-1.65033050167353,1.33456876299294
1.51,19.2054164480346,1.22971668451872,0.354988827851874,10.2392411299153,0.219579647290277,0.661064798177626,24.0125365562955,0.895833044361597,-1.64878309973744,1.29139526134097
1.515,19.2530155214561,1.24862977712758,0.358304294467113,10.2435729661428,0.222215951746244,0.665105310044355,24.0111879943589,0.846288899437043,-1.64723491687683,1.24813657741897
1.52,19.3005673103806,1.26772052048332,0.361639716482085,10.2479261974918,0.224631254406352,0.669047144011544,24.0099155152177,0.79671773381178,-1.64568595309169,1.20479276541777
1.525,19.3480712645179,1.286988763925,0.364994603399011,10.2522997975487,0.226831697824767,0.672891476860771,24.0087192380588,0.747119663440257,-1.64413620838204,1.16136388171897
1.53,19.3955268268369,1.30643435995873,0.368368470894976,10.2566927375526,0.228823359354111,0.676639599679423,24.0075992819523,0.697494804640002,-1.64258568274787,1.11784998482844
1.535,19.4429334335927,1.32605716414442,0.371760841362781,10.2611039887555,0.230612243452585,0.680292905687749,24.0065557658504,0.647843274091834,-1.64103437618918,1.07425113531741
1.54,19.4902905143627,1.34585703497453,0.375171244392358,10.2655325246417,0.232204274636512,0.68385287863675,24.0055888085867,0.598165188840042,-1.63948228870597,1.03056739577013
1.545,19.5375974920916,1.36583383374513,0.378599217195662,10.2699773230062,0.233605291066956,0.687321081791081,24.0046985288748,0.548460666292591,-1.63792942029824,0.98679883073735
1.55,19.5848537831457,1.38598742441989,0.382044304977918,10.2744373678895,0.234821038758637,0.690699147508573,24.003885045308,0.498729824221272,-1.63637577096599,0.942945506694804
1.55,19.5848537831457,1.38598742441989,0.382044304977918,10.2744373678895,0.234821038758637,0.690699147508573,24.003885045308,0.498729824221272,-1.63637577096599,0.942945506694804
1.555,19.6320585116333,1.40631786817601,0.385506448732201,10.2788350766358,0.235968420718114,0.694143337246607,24.0031484763579,0.448972780761913,-1.63482134070922,0.899007862186199
1.56,19.679210793702,1.42682523003005,0.388985589587436,10.2832467504448,0.236934942936566,0.697498270949495,24.0024889403736,0.399189654414549,-1.63326612952793,0.854986344164039
1.565,19.7263100240868,1.44750938307043,0.392481285550514,10.2876713885194,0.23772612755379,0.700765671375953,24.0019065555808,0.34938056404361,-1.63171013742212,0.810881034398287
1.57,19.7733555911935,1.46837020220175,0.395993103353878,10.2921080007229,0.238347393256692,0.703947304583159,24.0014014400809,0.299545628878066,-1.63015336439179,0.766692016316583
1.575,19.820346877183,1.48940756399289,0.399520618651558,10.2965556089783,0.238804051725371,0.707044971846179,24.0009737118499,0.249684968511653,-1.62859581043694,0.722419374977028
1.58,19.8672832580613,1.51062134652085,0.403063416176223,10.3010132485368,0.23910130458686,0.710060502135153,24.0006234887375,0.199798702902992,-1.62703747555757,0.678063197043107
1.585,19.9141641037752,1.53201142921087,0.40662108985998,10.3054799691184,0.239244240853189,0.712995745138852,24.0003508884666,0.149886952375811,-1.62547835975368,0.633623570760386
1.59,19.9609887783141,1.55357769267348,0.410193242921626,10.3099548359289,0.239237834818886,0.715852564817409,24.0001560286314,0.0999498376190626,-1.62391846302527,0.589100585934503
1.595,20.0077566398164,1.57532001853887,0.413779487922949,10.3144369305592,0.239086944392138,0.718632833464859,24.0000390266974,0.0499874796871396,-1.62235778537235,0.544494333910204
1.6,20.0544670406807,1.59723828928942,0.417379446796644,10.3189253517728,0.238796309833078,0.721338426261867,24,-3.5527136788005e-15,-1.6207963267949,0.499804907551012
1.6,20.0544670406807,1.59723828928942,0.417379446796644,10.3189253517728,0.238796309833078,0.721338426261867,24,-3.5527136788005e-15,-1.6207963267949,0.499804907551012
1.605,20.1011192265047,1.61933245423731,0.420992887901112,10.3233931175367,0.238409814017754,0.724025844207456,24.0000390657436,-0.050012479656651,-1.61923408729293,0.455032538163095
1.61,20.1477124373343,1.64160246293272,0.424619585078264,10.3278657717425,0.237890025107485,0.726641165609184,24.0001563410007,-0.100049837131197,-1.61767106686644,0.410177460146083
1.615,20.1942460089532,1.66404819895826,0.428259182491768,10.3323424573709,0.237241380434582,0.72918624734439,24.0003519427108,-0.150111949905956,-1.61610726551543,0.365239773196437
1.62,20.2407192718418,1.68666954603674,0.431911333561181,10.3368223363936,0.236468198883785,0.731662934254007,24.0006259876798,-0.200198695097029,-1.6145426832399,0.320219578416879
1.625,20.2871315513038,1.70946638786348,0.435575700892755,10.3413045901304,0.235574681116505,0.734073055615011,24.0009785925785,-0.250309949454143,-1.61297732003985,0.275116978296625
1.63,20.3334821675952,1.7324386079393,0.439251956193545,10.3457884195257,0.23456491006474,0.736418421980589,24.0014098739422,-0.300445589360494,-1.61141117591529,0.229932076691297
1.635,20.3797704360547,1.75558608940467,0.442939780170619,10.3502730453492,0.233442851671441,0.738700822367221,24.0019199481695,-0.350605490832598,-1.6098442508662,0.184664978802305
1.64,20.4259956672358,1.77890871487521,0.446638862417038,10.3547577083252,0.232212355855606,0.740922021766141,24.0025089315211,-0.400789529520146,-1.60827654489259,0.139315791155783
1.645,20.4721571670405,1.80240636627901,0.450348901286149,10.3592416691993,0.230877157680753,0.743083758957667,24.0031769401192,-0.450997580705844,-1.60670805799446,0.094135411346331
1.65,20.5182542368537,1.82607892469608,0.454069603755704,10.3637242087433,0.229440878706243,0.745187744608688,24.0039240899465,-0.501229519305284,-1.60513879017182,0.105235150794039
1.65,20.5182542368537,1.82607892469608,0.454069603755704,10.3637242087433,0.229440878706243,0.745187744608688,24.0039240899465,-0.501229519305282,-1.60513879017182,0.105235150794037
1.655,20.5643553805775,1.84986399438228,0.45768890477548,10.3820147134353,0.194673085238597,0.702893260286369,24.004750496845,-0.5514852198668,-1.60356874142465,0.159862446900323
1.66,20.6105275983445,1.87370262715639,0.461102237772035,10.400073071163,0.163096737771367,0.662818398801048,24.0056562765151,-0.601764556571325,-1.60199791175296,0.213533567420523
1.665,20.6567678365924,1.89759998139888,0.464320937929525,10.4179220944952,0.134636004530683,0.625051791989715,24.0066415445148,-0.652067403232238,-1.60042630115676,0.266327130058397
1.67,20.7030729609243,1.92156127829839,0.467356690623612,10.4355828830203,0.109187589143973,0.589644939991594,24.0077064162587,-0.702393633295255,-1.59885390963603,0.318319179319496
1.675,20.7494398140856,1.94559170656883,0.470221348033196,10.4530749123417,0.0866239686321795,0.556613397040221,24.0088510070168,-0.752743119838264,-1.59728073719078,0.369582520748054
1.68,20.7958652704516,1.96969633548422,0.472926755570232,10.4704161192215,0.0667974281844687,0.525939455095744,24.0100754319138,-0.803115735571231,-1.59570678382102,0.420186178630967
1.685,20.842346284834,1.99388003932316,0.475484594698887,10.487622982652,0.049544556776246,0.497575949700569,24.0113798059278,-0.853511352836025,-1.59413204952673,0.470194986963633
1.69,20.8888799341004,2.01814743514159,0.477906246753002,10.5047106013048,0.034690883690912,0.471450786977244,24.0127642438897,-0.903929843606329,-1.59255653430792,0.519669314284257
1.695,20.9354634507771,2.04250283468092,0.480202680385289,10.5216927681961,0.0220553793489785,0.447471808868579,24.0142288604821,-0.954371079487487,-1.5909802381646,0.568664915318548
1.7,20.9820942484267,2.06695021025926,0.482384363482398,10.5385820435168,0.0114546041755721,0.425531664384551,24.015773770238,-1.0048349317164,-1.58940316109675,0.617232896654474
1.7,20.9820942484267,2.06695021025926,0.482384363482398,10.5385820435168,0.0114546041755721,0.425531664384551,24.015773770238,-1.00483493171641,-1.58940316109675,0.617232896654477
1.705,21.0287901750043,2.09144741972199,0.48439407538576,10.5540517742057,-0.0166955668118734,0.37861188614712,24.0173990875404,-1.0553212711614,-1.58782530310439,0.665269185537439
1.71,21.0755709766673,2.11594966614642,0.486173204692265,10.5695079392703,-0.0425523233925256,0.333325025472534,24.0191049266206,-1.10582996832211,-1.5862466641875,0.712683387257734
1.715,21.1224370341914,2.14045674959177,0.487730298477302,10.5849704774629,-0.0661748684095702,0.289821219224002,24.0208914015579,-1.15636089332935,-1.58466724434609,0.759542576834618
1.72,21.1693886973398,2.16496855896422,0.489074607974552,10.6004564199146,-0.0876347420308808,0.248231297729845,24.0227586262783,-1.20691391594503,-1.58308704358017,0.805911997178815
1.725,21.2164262925047,2.18948504965348,0.490215982499863,10.6159798902591,-0.107015331358932,0.208663151057803,24.0247067145534,-1.257488905562,-1.58150606188972,0.851854608603823
1.73,21.2635501311258,2.2140062193555,0.491164748040713,10.6315521804658,-0.124410794859782,0.171199242217473,24.0267357799997,-1.30808573120398,-1.57992429927476,0.89743067821085
1.735,21.3107605181077,2.23853208388531,0.491931576378334,10.6471818953947,-0.139924519355252,0.13589530702065,24.0288459360771,-1.3587042615254,-1.57834175573527,0.942697424920793
1.74,21.3580577595912,2.26306265448131,0.492527350611483,10.6628751550248,-0.153667244537698,0.102780202312509,24.0310372960888,-1.40934436481138,-1.57675843127127,0.98770873160004
1.745,21.4054421695971,2.28759791774378,0.492963032579887,10.6786358406068,-0.1657549950737,0.0718567944948515,24.0333099731791,-1.46000590897751,-1.57517432588275,1.03251493110786
1.75,21.4529140752403,2.3121378189706,0.493249537001443,10.6944658697685,-0.176306953827521,0.0431037259377248,24.0356640803337,-1.51068876156987,-1.5735894395697,1.07716266856935
1.75,21.4529140752403,2.3121378189706,0.493249537001443,10.6944658697685,-0.176306953827521,0.0431037259377248,24.0356640803337,-1.51068876156987,-1.5735894395697,1.07716266856935
1.755,21.5004777567471,2.33666859682958,0.493379096683296,10.709170348373,-0.190861840231355,0.00905907657962114,24.0380997303776,-1.56139278976482,-1.57200377233214,1.12166813659351
1.76,21.5481381034112,2.36117537615708,0.493343529183621,10.7239584025421,-0.204075799781631,-0.0229454574100743,24.0406170359747,-1.61211786036898,-1.57041732417005,1.16604837033444
1.765,21.5958963403691,2.38565643660341,0.49315304237087,10.7388332172943,-0.216037041290691,-0.0529105222386105,24.0432161096266,-1.6628638398191,-1.56883009508345,1.210345989713
1.77,21.6437536515801,2.41011011732893,0.492817788759123,10.7537962540949,-0.226833133553104,-0.0808573301930005,24.0458970636719,-1.71363059418197,-1.56724208507232,1.25460027853984
1.775,21.6917111751706,2.43453481748557,0.492347767368491,10.7688474713104,-0.236550070993712,-0.106825700595411,24.0486600102846,-1.76441798915434,-1.56565329413668,1.29884718996743
1.78,21.7397699995224,2.45892899643112,0.491752736480066,10.7839855519955,-0.2452714492274,-0.130871689246884,24.0515050614735,-1.81522589006281,-1.56406372227652,1.34311940196242
1.785,21.7879311601548,2.48329117369039,0.491042138923511,10.7992081296022,-0.253077772905198,-0.153064973048955,24.0544323290814,-1.86605416186378,-1.56247336949183,1.387446416253
1.79,21.836195633769,2.50761993549964,0.490225028364453,10.8145120083466,-0.260039540957263,-0.173496055008792,24.0574419247835,-1.91690266914331,-1.56088223578263,1.43185469921198
1.795,21.8845642980786,2.53191400691539,0.489309891354447,10.8298934096358,-0.266199178615361,-0.192298904979733,24.0605339600868,-1.9677712761171,-1.55929032114891,1.4763679233372
1.8,21.9330379054643,2.55617230001405,0.488304529418313,10.8453481772423,-0.271595233166386,-0.209607305988619,24.0637085463291,-2.01865984663038,-1.55769762559067,1.52100726143055
1.8,21.9330379054643,2.55617230001405,0.488304529418313,10.8453481772423,-0.271595233166386,-0.209607305988619,24.0637085463291,-2.01865984663038,-1.55769762559067,1.52100726143055
1.805,21.9816194336876,2.58038410172028,0.487203172655443,10.8598689935899,-0.280046155364605,-0.230694787514161,24.0669657946777,-2.06956824415781,-1.5561041491079,1.56578302846221
1.81,22.0303120063598,2.60453838254358,0.485999904948703,10.8744721652634,-0.287683950238706,-0.250387961017442,24.0703058161288,-2.12049633180345,-1.55450989170062,1.6107068598073
1.815,22.0791164221662,2.62863383642617,0.48470146001079,10.8891550345441,-0.294536276541304,-0.268780726140313,24.0737287215059,-2.17144397230066,-1.55291485336882,1.65579870270948
1.82,22.1280333746488,2.6526693124018,0.483314119700332,10.9039144871031,-0.300633655897432,-0.285960081827241,24.0772346214594,-2.22241102801203,-1.55131903411249,1.70107665520973
1.825,22.1770634679717,2.67664378429921,0.481843746359556,10.9187470481324,-0.306008660309649,-0.302006957024831,24.0808236264652,-2.27339736092933,-1.54972243393165,1.74655710632465
1.83,22.2262072303487,2.70055632518801,0.480295811484104,10.9336489696943,-0.310695223197557,-0.31699685637139,24.0844958468238,-2.32440283267342,-1.54812505282629,1.79225486683233
1.835,22.2754651254634,2.72440608589921,0.478675421523502,10.9486163089538,-0.314728057826268,-0.331000369186064,24.0882513926592,-2.37542730449419,-1.54652689079641,1.83818329159208
1.84,22.3248375621622,2.74819227705018,0.476987341400924,10.9636449972656,-0.318142169726628,-0.344083577935504,24.092090373918,-2.42647063727053,-1.54492794784201,1.88435439406075
1.845,22.374324902661,2.77191415408339,0.475236016184102,10.9787309003275,-0.320972451636178,-0.356308393170831,24.0960129003682,-2.47753269151021,-1.54332822396309,1.93077895349516
1.85,22.4239274694745,2.79557100489322,0.473425591222479,10.9938698698014,-0.32325335090127,-0.367732834949524,24.1000190815984,-2.52861332734991,-1.54172771915964,1.97746661522113
1.85,22.4239274694745,2.79557100489322,0.473425591222479,10.9938698698014,-0.32325335090127,-0.367732834949524,24.1000190815984,-2.52861332734991,-1.54172771915964,1.97746661522113
1.855,22.4736467487525,2.81915546845659,0.471551273117234,11.0082752042574,-0.327526708399933,-0.381856410771498,24.1041090270164,-2.57971240455507,-1.54012643343168,2.0244267266325
1.86,22.5234842736981,2.84266005224936,0.469608367211219,11.0227416384849,-0.331180241074978,-0.39517584644015,24.1082828458488,-2.63082978251992,-1.5385243667792,2.07166969813569
1.865,22.5734403786111,2.86608389653104,0.467600777858452,11.03726561001,-0.334243222628704,-0.407737281019847,24.1125406471391,-2.68196532026736,-1.5369215192022,2.11920521224837
1.87,22.6235153585357,2.88942617578208,0.465532184604738,11.0518434679629,-0.336744795516034,-0.419584519468544,24.1168825397476,-2.73311887644897,-1.53531789070068,2.1670419910666
1.875,22.6737094739503,2.91268609012201,0.463406053563549,11.0664715147228,-0.338713764721728,-0.43075914737981,24.1213086323496,-2.78429030934494,-1.53371348127464,2.2151878654131
1.88,22.7240229548111,2.93586285807986,0.461225648261344,11.0811460422494,-0.340178424631234,-0.441300629283695,24.1258190334346,-2.83547947686403,-1.53210829092408,2.26364984023213
1.885,22.774456004029,2.95895571055217,0.458994040021331,11.0958633633705,-0.341166415923628,-0.451246395683349,24.1304138513057,-2.88668623654351,-1.530502319649,2.31243415629647
1.89,22.8250088004508,2.98196388579919,0.456714117932559,11.1106198383554,-0.341704609491903,-0.460631922606806,24.1350931940777,-2.93791044554918,-1.5288955674494,2.36154634829595
1.895,22.875681501406,3.00488662534541,0.454388598433469,11.1254118971342,-0.341819014533267,-0.469490806352617,24.139857169677,-2.98915196067527,-1.52728803432528,2.41099129939027
1.9,22.9264742448774,3.02772317066425,0.452020034530464,11.1402360575426,-0.341534708088815,-0.477854835294526,24.1447058858398,-3.04041063834445,-1.52567972027664,2.46077329231675
1.9,22.9264742448774,3.02772317066425,0.452020034530464,11.1402360575426,-0.341534708088815,-0.477854835294526,24.1447058858398,-3.04041063834444,-1.52567972027664,2.46077329231675
1.905,22.9773876654273,3.0504684511311,0.449605333034182,11.1545269355034,-0.342458566497202,-0.487938437139078,24.1496394501113,-3.09168633460775,-1.52407062530348,2.51090044636336
1.91,23.0284224013618,3.07311735422797,0.447141499991006,11.1688554427233,-0.342925449091328,-0.497512097861553,24.154657969845,-3.1429789051446,-1.5224607494058,2.56138143883184
1.915,23.079578566735,3.09566906051987,0.444631016491163,11.1832182653787,-0.342958495116095,-0.506603056243497,24.159761552201,-3.19428820526278,-1.5208500925836,2.61222054136798
1.92,23.1308562554699,3.1181227530987,0.442076230517497,11.1976121378634,-0.342580148814112,-0.515237321277599,24.1649503041457,-3.24561408989834,-1.51923865483688,2.66342148935342
1.925,23.1822555429448,3.14047761515066,0.439479363021008,11.2120338583047,-0.341812110167277,-0.523439701732396,24.1702243324499,-3.29695641361568,-1.51762643616564,2.71498752091176
1.93,23.2337764873666,3.16273282798668,0.436842513846121,11.2264803014134,-0.340675297655091,-0.531233836660962,24.1755837436885,-3.34831503060743,-1.51601343656988,2.76692141359519
1.935,23.2854191309552,3.18488756947726,0.434167667500422,11.2409484289104,-0.339189821732043,-0.538642227135753,24.1810286442391,-3.39968979469452,-1.5143996560496,2.81922551881014
1.94,23.3371835009641,3.2069410128387,0.431456698762478,11.2554352977724,-0.337374967780375,-0.545686269306508,24.1865591402809,-3.45108055932611,-1.5127850946048,2.8719017940504
1.945,23.3890696105581,3.22889232572272,0.428711378121097,11.2699380665299,-0.335249187362371,-0.552386288744179,24.1921753377937,-3.50248717757962,-1.51116975223548,2.92495183301491
1.95,23.4410774595665,3.25074066956649,0.425933377039927,11.2844539998419,-0.332830096667935,-0.558761575941766,24.1978773425572,-3.55390950216064,-1.50955362894164,2.97837689369367
1.95,23.4410774595665,3.25074066956649,0.425933377039927,11.2844539998419,-0.332830096667935,-0.558761575941766,24.1978773425572,-3.55390950216065,-1.50955362894164,2.97837689369367
1.955,23.4932071808947,3.27248266356294,0.423121096435242,11.2986183168156,-0.331047248958575,-0.566093696292259,24.2036652601491,-3.60534738540308,-1.50793672472329,3.03218260240214
1.96,23.5454588958554,3.29411492259148,0.42027299495098,11.3127984767054,-0.328934790714796,-0.57309286541689,24.2095391959448,-3.65680067926898,-1.50631903958041,3.08637478274828
1.965,23.597832566795,3.31563659322048,0.417390693945247,11.3269917892428,-0.32650949100461,-0.579776309815648,24.2154992551162,-3.70826923534865,-1.50470057351301,3.14095451350164
1.97,23.6503281425646,3.3370468170035,0.414475730618114,11.3411956518914,-0.323787409476886,-0.586160469504481,24.2215455426304,-3.75975290486063,-1.50308132652109,3.19594864422246
1.975,23.7029455590648,3.35834473012318,0.411529561893122,11.3554075533278,-0.320783898342393,-0.592261018636968,24.2276781632486,-3.81125153865164,-1.50146129860465,3.25218136324523
1.98,23.75568473972,3.37952946318642,0.408553568192156,11.3696250757892,-0.317513608495204,-0.598092887485315,24.2338972215255,-3.86276498719668,-1.4998404897637,3.30998013170457
1.985,23.8085455958922,3.40060014114797,0.405549057097514,11.383845896427,-0.31399049917059,-0.603670285546786,24.2402028218075,-3.91429310059897,-1.49821889999822,3.36925896353774
1.99,23.8615280272412,3.42155588334265,0.40251726689611,11.3980677877991,-0.310227850584098,-0.609006725541698,24.2465950682326,-3.96583572858998,-1.49659652930822,3.42993582928066
1.995,23.9146319220401,3.44239580360825,0.399459370001917,11.412288617621,-0.306238279045489,-0.614115048076204,24.2530740647282,-4.01739272052946,-1.4949733776937,3.49193265267969
2,23.9678571574508,3.4631190104832,0.396376476253903,11.4265063478847,-0.302033754089885,-0.619007446755865,24.2596399150109,-4.06896392540545,-1.49334944515467,3.5551752665645
2,23.9678571574508,3.4631190104832,0.396376476253903,11.4265063478847,-0.302033754089885,-0.619007446755865,24.2596399150109,-4.06896392540545,-1.49334944515467,3.5551752665645
2.005,24.0212035819473,3.48372313360436,0.39326782481724,11.4404871384835,-0.298146059030276,-0.624415721435383,24.2662927225851,-4.12054919183428,-1.49172473169111,3.61959601961977
2.01,24.074671029545,3.50420581025669,0.39013268355217,11.4544657609786,-0.294022492609111,-0.629605270533288,24.273032590742,-4.17214836806062,-1.49009923730303,3.68513065404095
2.015,24.1282593391364,3.52456615315823,0.386972118146174,11.4684402070473,-0.289674491687403,-0.634587181654447,24.2798596225582,-4.22376130195748,-1.48847296199044,3.75171569276113
2.02,24.181968338594,3.54480327059437,0.383787140162462,11.4824085513262,-0.28511292395904,-0.639372019876704,24.2867739208952,-4.27538784102625,-1.48684590575332,3.81929116297797
2.025,24.2357978449722,3.56491626669395,0.380578709607438,11.4963689502839,-0.280348103903958,-0.643969845888857,24.2937755883978,-4.32702783239676,-1.48521806859168,3.88780044980343
2.03,24.289747664688,3.58490424174148,0.377347737406678,11.5103196407211,-0.275389809698215,-0.64839023444406,24.3008647274934,-4.37868112282724,-1.48358945050553,3.95719014376774
2.035,24.3438175936842,3.60476629251746,0.374095087788092,11.5242589379608,-0.270247300836924,-0.652642292979221,24.3080414403906,-4.43034755870441,-1.48196005149485,4.02740988527882
2.04,24.3980074175788,3.62450151265983,0.370821580571765,11.5381852337872,-0.264929336255143,-0.656734680268411,24.3153058290782,-4.48202698604352,-1.48032987155965,4.09841220854141
2.045,24.4523169118014,3.64410899304081,0.367527993366808,11.552096994183,-0.259444192762127,-0.660675624994983,24.3226579953244,-4.53371925048836,-1.47869891069994,4.17015238692544
2.05,24.5067458417192,3.66358782215372,0.364215063675887,11.5659927569101,-0.25379968362218,-0.664472944143057,24.3300980406753,-4.58542419731132,-1.4770671689157,4.24258828133387
2.05,24.5067458417192,3.66358782215372,0.364215063675887,11.5659927569101,-0.25379968362218,-0.664472944143057,24.3300980406753,-4.58542419731132,-1.4770671689157,4.24258828133387
2.055,24.5612938651136,3.68293610358196,0.360882315104581,11.5796961003743,-0.248342910747683,-0.668601623266478,24.3376260664541,-4.63714167141343,-1.47543464620695,4.31568170046563
2.06,24.6159606258275,3.7021519526782,0.357529289847454,11.593383861074,-0.242711441660907,-0.672584848034156,24.3452421737598,-4.68887151732443,-1.47380134257367,4.38939657622201
2.065,24.6707458533493,3.72123447255126,0.354156697024555,11.6070545861029,-0.236912784986902,-0.676429821259228,24.3529464634662,-4.74061357920279,-1.47216725801588,4.46366298727723
2.07,24.7256492672585,3.74018276462489,0.35076521059879,11.6207068859897,-0.230954037090154,-0.680143405248453,24.360739036221,-4.79236770083576,-1.47053239253356,4.53788810619622
2.075,24.7806705773291,3.75899592901585,0.3473554710439,11.6343394325292,-0.224841897956405,-0.683732135701285,24.3686199924444,-4.84413372563946,-1.46889674612673,4.6118658352022
2.08,24.8358094836288,3.77767306491054,0.343928086943012,11.6479509565421,-0.218582686955459,-0.687202235443407,24.376589432328,-4.89591149665894,-1.46726031879537,4.68559328669363
2.085,24.8910656766147,3.79621327093885,0.340483636518987,11.6615402455863,-0.212182358415662,-0.690559627935862,24.3846474558341,-4.9477008565682,-1.4656231105395,4.75906761864978
2.09,24.946438837225,3.81461564554294,0.337022669098323,11.6751061416407,-0.205646516944708,-0.693809950517925,24.3927941626942,-4.99950164767026,-1.4639851213591,4.83228603322914
2.095,25.0019286369698,3.83287928733876,0.333545706508943,11.6886475387806,-0.198980432427443,-0.696958567334938,24.4010296524079,-5.05131371189728,-1.46234635125419,4.90524577543512
2.1,25.0575347380182,3.85100329547022,0.330053244414864,11.702163380859,-0.192189054675416,-0.700010581928298,24.4093540242422,-5.10313689081057,-1.46070680022475,4.97794413184486
2.1,25.0575347380182,3.85100329547022,0.330053244414864,11.702163380859,-0.192189054675416,-0.700010581928298,24.4093540242422,-5.10313689081057,-1.46070680022475,4.97794413184486
2.105,25.1132567789185,3.86898770319902,0.32654697807588,11.7157666625111,-0.184936972667587,-0.702483983735764,24.4177673772298,-5.15497102560072,-1.4590664682708,5.05037673517523
2.11,25.1690943942305,3.88683252561147,0.323028521050377,11.7293391724277,-0.177601798254819,-0.704887494879685,24.4262698101687,-5.20681595708759,-1.45742535539233,5.12253932539353
2.115,25.2250472264675,3.90453683766018,0.319498213386874,11.742880227798,-0.170186410151476,-0.70722484360018,24.4348614216205,-5.25867152572049,-1.45578346158933,5.19442940695743
2.12,25.2811149092592,3.92209971778071,0.315956376988585,11.7563891793856,-0.162693467410328,-0.709499561618816,24.4435423099095,-5.31053757157819,-1.45414078686182,5.26604451889954
2.125,25.3372970674475,3.93952024812184,0.312403316568204,11.7698654094075,-0.15512542121208,-0.71171499530036,24.4523125731217,-5.362413934369,-1.45249733120979,5.33738223383546
2.13,25.393593317182,3.95679751476326,0.308839320547714,11.7833083295114,-0.147484526041664,-0.713874316211989,24.4611723091035,-5.41430045343092,-1.45085309463323,5.40844015703073
2.135,25.4500032660145,3.97393060792193,0.305264661907458,11.7967173788456,-0.139772850289965,-0.715980531119526,24.4701216154607,-5.46619696773167,-1.44920807713216,5.47921592552151
2.14,25.5065265129931,3.99091862214688,0.301679598986048,11.810092022221,-0.131992286284461,-0.718036491432594,24.4791605895575,-5.51810331586879,-1.44756227870657,5.54970720728812
2.145,25.5631626487556,4.00776065650322,0.298084376234809,11.8234317483618,-0.124144559783753,-0.720044902136475,24.4882893285151,-5.57001933606977,-1.44591569935645,5.61991170047683
2.15,25.6199112556221,4.02445581474589,0.294479224928486,11.8367360682424,-0.116231238947904,-0.72200833022461,24.4975079292108,-5.6219448661921,-1.44426833908182,5.68982713266883
2.15,25.6199112556221,4.02445581474589,0.294479224928486,11.8367360682424,-0.116231238947904,-0.72200833022461,24.4975079292108,-5.6219448661921,-1.44426833908182,5.68982713266883
2.155,25.6767721505439,4.04100847323146,0.290871124201512,11.8507004926502,-0.106352198822176,-0.721244358847612,24.506816488277,-5.67387974372341,-1.44262019788267,5.75944148331572
2.16,25.7337451818613,4.05742283921213,0.287266660883142,11.8646098680574,-0.0966137778765451,-0.720552672095095,24.5162151020995,-5.72582380578153,-1.440971275759,5.82874323330357
2.165,25.7908299655851,4.0736977853289,0.28366548371487,11.8784654944478,-0.0870074153271829,-0.719929254373103,24.5257038668173,-5.77777688911465,-1.4393215727108,5.89773088163575
2.17,25.8480261084237,4.08983220838715,0.280067260783996,11.8922685851853,-0.0775250249379567,-0.719370378705672,24.5352828783206,-5.82973883010138,-1.43767108873809,5.96640292502575
2.175,25.905333208146,4.10582502810239,0.276471678142181,11.9060202732693,-0.0681589604125905,-0.718872582491578,24.5449522322502,-5.88170946475087,-1.43601982384086,6.03475785893327
2.18,25.9627508539171,4.12167518593927,0.272878438539155,11.9197216170281,-0.0589019837681898,-0.718432645644458,24.5547120239963,-5.93368862870298,-1.43436777801911,6.10279417850916
2.185,26.0202786266094,4.13738164403567,0.269287260260348,11.9333736053076,-0.0497472363880414,-0.718047570850164,24.5645623486971,-5.9856761572283,-1.43271495127284,6.17051037945912
2.19,26.0779160990911,4.15294338420447,0.265697876058386,11.946977162208,-0.040688212485415,-0.717714565707667,24.5745033012381,-6.03767188522834,-1.43106134360204,6.23790495883463
2.195,26.1356628364933,4.16835940700658,0.262110032169631,11.9605331514139,-0.0317187347427001,-0.71743102654981,24.5845349762507,-6.08967564723563,-1.42940695500673,6.304976415759
2.2,26.1935183964593,4.1836287308893,0.258523487407854,11.9740423801583,-0.0228329319172306,-0.717194523765173,24.5946574681111,-6.14168727741386,-1.4277517854869,6.37172325209486
2.2,26.1935183964593,4.1836287308893,0.258523487407854,11.9740423801583,-0.0228329319172306,-0.717194523765173,24.5946574681111,-6.14168727741387,-1.4277517854869,6.37172325209488
2.205,26.2514695834049,4.19883119169247,0.255048133326602,11.9907438555705,0.0170701483729957,-0.673258037689329,24.6048708709392,-6.193706609558,-1.42609583504255,6.43797459717576
2.21,26.3095043045346,4.21404388650989,0.251787712099656,12.0073033227625,0.0534551796670689,-0.631237626113887,24.6151752785975,-6.2457334770944,-1.42443910367368,6.50356810057382
2.215,26.3676237725416,4.22926160930595,0.248732422032561,12.0237464619343,0.0864004344944631,-0.591217327560416,24.62557078469,-6.29776771308097,-1.42278159138029,6.56859975477101
2.22,26.4258291927216,4.24447905298006,0.245872108864072,12.0400957643475,0.116007392582473,-0.553254113403636,24.6360574825608,-6.34980915020731,-1.42112329816238,6.63361416758454
2.225,26.4841217444163,4.25969089700237,0.243196400452355,12.0563707153728,0.142398433706081,-0.517378322765009,24.6466354652935,-6.40185762079481,-1.41946422401995,6.69871387223845
2.23,26.5425025644584,4.27489189031481,0.240694836803641,12.0725880124519,0.165713943924539,-0.483595060598707,24.6573048257095,-6.45391295679685,-1.417804368953,6.76390722067128
2.235,26.6009727330199,4.29007692670892,0.238356991108093,12.0887618068552,0.186109038512903,-0.451886361504356,24.6680656563672,-6.50597498979891,-1.41614373296153,6.8292027782119
2.24,26.6595332620894,4.3052411106547,0.23617257849234,12.1049039583373,0.203750100994811,-0.422213902607931,24.6789180495608,-6.55804355101871,-1.41448231604554,6.89460912741147
2.245,26.7181850866418,4.3203798123267,0.234131550286796,12.1210242927856,0.218811319129327,-0.394522050038183,24.6898620973191,-6.61011847130639,-1.41282011820503,6.96013469846069
2.25,26.7769290584256,4.33548871129079,0.232224172643516,12.1371308544689,0.231471369775946,-0.368741041262462,24.7008978914043,-6.66219958114466,-1.41115713944,7.02578762783717
2.25,26.7769290584256,4.33548871129079,0.232224172643516,12.1371308544689,0.231471369775946,-0.368741041262462,24.7008978914043,-6.66219958114466,-1.41115713944,7.02578762783717
2.255,26.8357658784272,4.35056310042627,0.23044019760154,12.1531383133347,0.241644202841376,-0.345144308810206,24.7120255233112,-6.71428671064893,-1.40949337975045,7.09157690963601
2.26,26.8946961506119,4.36559865257551,0.228769853217725,12.1691428421246,0.249801129829574,-0.323273221247757,24.7232450842657,-6.7663796895675,-1.40782883913638,7.15751091715703
2.265,26.9537204501934,4.3805921547361,0.22720474827847,12.1851485038634,0.256117346042497,-0.303031881220182,24.7345566652236,-6.81847834728171,-1.40616351759779,7.22359613260019
2.27,27.0128392597457,4.39554080430016,0.225737016536411,12.2011586887245,0.260777522228595,-0.284300772570455,24.7459603568699,-6.8705825128061,-1.40449741513468,7.28983837638433
2.275,27.0720529526317,4.41044229775607,0.224359450610848,12.2171762256247,0.263969376054476,-0.26694424962289,24.7574562496172,-6.92269201478861,-1.40283053174705,7.35624260850261
2.28,27.131361799506,4.42529481170372,0.223065482513666,12.2332031866967,0.265860080267693,-0.250843151454992,24.7690444336048,-6.97480668151069,-1.4011628674349,7.42281296355709
2.285,27.1907659841358,4.44009693802409,0.221849100444356,12.2492410264988,0.26659800367344,-0.235893664426827,24.7807249986976,-7.02692634088757,-1.39949442219823,7.48955287860935
2.29,27.2502656166969,4.45484762832023,0.220704779017729,12.2652907118883,0.266315448374591,-0.222004637144274,24.7924980344846,-7.07905082046832,-1.39782519603704,7.5564651983908
2.295,27.309860744859,4.46954614674191,0.219627421525679,12.2813528257028,0.26513087209255,-0.209095429514743,24.8043636302783,-7.13117994743614,-1.39615518895133,7.62355226056388
2.3,27.3695513631025,4.48419202960185,0.218612311868225,12.2974276499539,0.263150707714935,-0.197094179261951,24.816321875113,-7.18331354860848,-1.39448440094111,7.69081596504994
2.3,27.3695513631025,4.48419202960185,0.218612311868225,12.2974276499539,0.263150707714935,-0.197094179261951,24.816321875113,-7.18331354860848,-1.39448440094111,7.69081596504994
2.305,27.4293387904197,4.49877667133804,0.217643700808197,12.3133233264182,0.257244980963906,-0.190424895917816,24.8283728577439,-7.23545145043725,-1.39281283200636,7.75827386235522
2.31,27.4892241993567,4.51329214085062,0.216707336689104,12.3292309881182,0.251129924315491,-0.184191391112747,24.8405166666461,-7.287593479009,-1.39114048214709,7.82594075594475
2.315,27.5492073242493,4.52773921608613,0.215801099669279,12.345150302438,0.244842219498391,-0.178370264570146,24.8527533900132,-7.33973946004511,-1.3894673513633,7.89381411955984
2.32,27.6092878934544,4.54211873104953,0.214922983724642,12.36108091738,0.238415583228266,-0.172939366739097,24.8650831157563,-7.39188921890201,-1.38779343965499,7.96189141228701
2.325,27.6694656307991,4.5564315678173,0.214071090716572,12.37702246916,0.231880974831494,-0.167877674142111,24.8775059315025,-7.44404258057135,-1.38611874702217,8.03017008020626
2.33,27.7297402568813,4.57067864921754,0.213243625027079,12.3929745883511,0.225266784133732,-0.16316518645923,24.8900219245945,-7.49619936968024,-1.38444327346482,8.09864755749886
2.335,27.7901114902367,4.58486093211751,0.21243888866194,12.4089369047978,0.218599002684902,-0.158782841701542,24.9026311820884,-7.54835941049138,-1.38276701898295,8.16732126718321
2.34,27.8505790483865,4.59897940126734,0.211655276739327,12.4249090514878,0.211901380836703,-0.154712446368689,24.9153337907537,-7.60052252690337,-1.38108998357656,8.23618862161442
2.345,27.9111426487775,4.61303506365544,0.210891273295758,12.4408906675452,0.205195572732188,-0.150936617942972,24.9281298370709,-7.65268854245085,-1.37941216724566,8.30524702285515
2.35,27.9718020096239,4.6270289433365,0.21014544735353,12.4568814004843,0.198501270889383,-0.147438737465182,24.9410194072316,-7.70485728030471,-1.37773356999023,8.37449386300141
2.35,27.9718020096239,4.6270289433365,0.21014544735353,12.4568814004843,0.198501270889383,-0.147438737465182,24.9410194072316,-7.70485728030471,-1.37773356999023,8.37449386300141
2.355,28.032556910278,4.6409610803259,0.209415131737322,12.4728211809669,0.19145980122654,-0.144723776407243,24.9540025871362,-7.75702856327238,-1.37605419181028,8.44392825862344
2.36,28.0934071259239,4.65483155745695,0.2086978574293,12.4887698022065,0.184505407940488,-0.142220128194686,24.9670794623937,-7.80920221379798,-1.37437403270582,8.51354906629568
2.365,28.1543523727308,4.66864146967453,0.207992598738779,12.5047269335778,0.177649092589219,-0.139915526404753,24.9802501183196,-7.86137805396256,-1.37269309267683,8.58335329140075
2.37,28.2153923714024,4.68239190533677,0.207298390068926,12.5206922583895,0.170900622814542,-0.137798198605276,24.9935146399357,-7.91355590548431,-1.37101137172332,8.65333795284803
2.375,28.2765268475185,4.69608394362393,0.206614323466392,12.536665473456,0.164268610406312,-0.135856858578435,25.0068731119682,-7.96573558971887,-1.3693288698453,8.72350008259082
2.38,28.3377555318303,4.70971865219669,0.205939546208565,12.5526462885625,0.157760586129145,-0.134080699025043,25.0203256188468,-8.01791692765948,-1.36764558704275,8.79383672536815
2.385,28.3990781605144,4.72329708508967,0.205273258427073,12.5686344258556,0.151383071451204,-0.132459384385794,25.0338722447036,-8.07009973993721,-1.36596152331569,8.8643449386553
2.39,28.4604944753875,4.73682028082605,0.204614710767185,12.5846296191856,0.145141647293257,-0.130983043492287,25.0475130733717,-8.12228384682128,-1.3642766786641,8.93502179280504
2.395,28.5220042240851,4.75028926074043,0.203963202084983,12.6006316134245,0.139041019872289,-0.12964226184735,25.0612481883844,-8.17446906821922,-1.36259105308799,9.00586437135883
2.4,28.5836071602062,4.76370502749706,0.203318077184498,12.6166401637762,0.133085083706692,-0.128428073386146,25.0750776729737,-8.22665522367718,-1.36090464658737,9.07686977150698
2.4,28.5836071602062,4.76370502749706,0.203318077184498,12.6166401637762,0.133085083706692,-0.128428073386146,25.0750776729737,-8.22665522367718,-1.36090464658737,9.07686977150698
2.405,28.6453029946709,4.77706831453978,0.202678414076538,12.6326158395528,0.127187570257654,-0.127454689368341,25.0890016100691,-8.2788421323801,-1.35921745916222,9.14803547184236
2.41,28.7070914433205,4.79037984184436,0.202043361259831,12.6485977504123,0.121450026263693,-0.126582736834131,25.1030200822969,-8.33102961315207,-1.35752949081256,9.2193589069415
2.415,28.7689722765346,4.80364055922353,0.201412429557615,12.6645856727662,0.115873462234718,-0.125805087242004,25.1171331719782,-8.38321748445647,-1.35584074153837,9.29083713457794
2.42,28.8309452711729,4.81685139216258,0.200785164487632,12.6805793909115,0.110458359326261,-0.125114989784914,25.1313409611288,-8.43540556439631,-1.35415121133967,9.3624672343433
2.425,28.8930102105669,4.83001324126561,0.200161144397562,12.6965786964551,0.105204715121648,-0.124506061565548,25.1456435314569,-8.48759367071448,-1.35246090021644,9.4342463082583
2.43,28.9551668844942,4.84312698182022,0.199539978651659,12.7125833877875,0.100112087080107,-0.123972277081369,25.1600409643627,-8.53978162079396,-1.3507698081687,9.5061714814307
2.435,29.0174150891351,4.85619346347193,0.198921305871175,12.728593269603,0.0951796336907719,-0.123507957097824,25.1745333409371,-8.59196923165816,-1.34907793519643,9.57823990274563
2.44,29.0797546270155,4.86921350999951,0.198304792232104,12.7446081524673,0.0904061533528912,-0.123107757013488,25.1891207419601,-8.64415631997113,-1.34738528129965,9.65044874557217
2.445,29.1421853069354,4.88218791918323,0.197690129821824,12.7606278524301,0.0857901210363938,-0.122766654800898,25.2038032479003,-8.69634270203788,-1.34569184647835,9.72279520847502
2.45,29.2047069438857,4.89511746275792,0.197077035057229,12.7766521906798,0.0813297227563793,-0.12247993862892,25.2185809389128,-8.74852819380463,-1.34399763073252,9.79527651591854
2.45,29.2047069438857,4.89511746275792,0.197077035057229,12.7766521906798,0.0813297227563793,-0.12247993862892,25.2185809389128,-8.74852819380464,-1.34399763073252,9.79527651591854
2.455,29.2673192554135,4.90800302840945,0.196465462473433,12.7926514636183,0.0770836441321305,-0.122158129396992,25.2334538948392,-8.80071261085913,-1.34230263406218,9.86788962750585
2.46,29.3300219658528,4.92084547279186,0.195855367155184,12.8086549194863,0.0729820424989025,-0.121888294986851,25.2484221952052,-8.85289576843087,-1.34060685646731,9.94063156836668
2.465,29.3928149092413,4.93364548308308,0.195246500043665,12.8246624000675,0.0690229918542269,-0.12166615802549,25.2634859192204,-8.90507748139141,-1.33891029794793,10.0134996991601
2.47,29.4556979252374,4.94640372192488,0.194638632747737,12.8406737510021,0.0652043522573945,-0.121487726423163,25.2786451457764,-8.95725756425472,-1.33721295850403,10.0864914052987
2.475,29.5186708590092,4.9591208276104,0.19403155615297,12.8566888216144,0.0615237971004464,-0.121349279266824,25.2938999534461,-9.00943583117737,-1.3355148381356,10.1596040977349
2.48,29.5817335611171,4.97179741432388,0.193425079100568,12.8727074647665,0.0579788384186098,-0.121247352928568,25.3092504204824,-9.06161209595892,-1.33381593684266,10.2328352136897
2.485,29.6448858873919,4.98443407242671,0.19281902713507,12.8887295367322,0.0545668503231349,-0.121178727443022,25.3246966248167,-9.11378617204217,-1.3321162546252,10.3061822173198
2.49,29.7081276988076,4.99703136878445,0.192213241319484,12.9047548970914,0.051285090641054,-0.121140413201215,25.3402386440581,-9.16595787251345,-1.33041579148322,10.3796426003239
2.495,29.7714588613519,5.00958984712995,0.191607577116036,12.9207834086398,0.0481307208495547,-0.121129637999141,25.355876555492,-9.21812701010299,-1.32871454741671,10.4532138824864
2.5,29.8348792458927,5.02211002845784,0.191001903330733,12.9368149373139,0.0451008243902167,-0.121143834474995,25.3716104360792,-9.27029339718517,-1.32701252242569,10.5268936121592
2.5,29.8348792458927,5.02211002845784,0.191001903330733,12.9368149373139,0.0451008243902167,-0.121143834474995,25.3716104360792,-9.27029339718517,-1.32701252242569,10.5268936121592
2.505,29.8983885915635,5.03459279426982,0.190396639670283,12.9528247208519,0.0423454209557786,-0.120967952728505,25.3874403624541,-9.32245684577886,-1.32530971651015,10.600678706228
2.51,29.961986644216,5.0470389904217,0.189792163364025,12.9688369551254,0.0396911387242297,-0.120828343091345,25.4033664109242,-9.37461716754773,-1.32360612967009,10.6745662070214
2.515,30.025673291412,5.05944905373843,0.189188301089641,12.9848515383842,0.0371364112279146,-0.120721831206512,25.4193886574685,-9.42677417380057,-1.3219017619055,10.748553887318
2.52,30.0894484246833,5.07182340270525,0.188584894795754,13.0008683704379,0.0346795373016028,-0.120645480450317,25.4355071777364,-9.47892767549161,-1.3201966132164,10.8226395400923
2.525,30.1533119394305,5.08416243773236,0.18798180055178,13.016887352689,0.0323187008047986,-0.120596576636717,25.4517220470464,-9.53107748322085,-1.31849068360278,10.8968209793791
2.53,30.2172637348194,5.09646654144747,0.187378887472401,13.0329083881656,0.0300519886619474,-0.120572613486371,25.4680333403853,-9.5832234072344,-1.31678397306464,10.9710960410418
2.535,30.2813037136755,5.10873607901239,0.186776036712799,13.0489313815559,0.0278774073310468,-0.120571278842327,25.4844411324064,-9.63536525742481,-1.31507648160198,11.0454625834493
2.54,30.3454317823774,5.12097139846009,0.18617314053099,13.0649562392404,0.0257928978046911,-0.120590441613822,25.5009454974288,-9.68750284333138,-1.3133682092148,11.1199184880677
2.545,30.4096478507496,5.1331728310489,0.185570101413644,13.0809828693234,0.0237963492425896,-0.120628139428156,25.517546509436,-9.73963597414051,-1.31165915590309,11.1944616599697
2.55,30.4739518319552,5.14534069163103,0.184966831261945,13.0970111816623,0.0218856113296404,-0.120682566969357,25.5342442420747,-9.7917644586861,-1.30994932166687,11.2690900282692
2.55,30.4739518319552,5.14534069163103,0.184966831261945,13.0970111816623,0.0218856113296404,-0.120682566969357,25.5342442420747,-9.79176445868611,-1.30994932166687,11.2690900282692
2.555,30.5383434866213,5.1574758089307,0.184363986223099,13.113018672939,0.0202676168722353,-0.120461669172253,25.5510387686537,-9.84388810544982,-1.30823870650613,11.3438006846161
2.56,30.602822581488,5.16957897630224,0.183762155070083,13.1290272401199,0.0187069029773345,-0.120276480067546,25.5679301621425,-9.89600672256146,-1.30652731042087,11.4185908742136
2.565,30.6673890431562,5.18165043508638,0.183161167037555,13.1450368357542,0.0172033793539951,-0.120123929877635,25.5849184951703,-9.94812011779936,-1.30481513341109,11.4934587828658
2.57,30.7320428006271,5.19369041548392,0.18256086610207,13.1610474115301,0.0157567845735352,-0.120001188633668,25.6020038400247,-10.0002280985907,-1.30310217547679,11.5684026081547
2.575,30.7967837852504,5.20569913662282,0.181961109827006,13.1770589184781,0.0143667063080025,-0.119905648778977,25.6191862686506,-10.0523304720119,-1.30138843661797,11.6434205605479
2.58,30.8616119306699,5.21767680665438,0.181361768291528,13.1930713071568,0.0130325997949595,-0.119834908938935,25.6364658526487,-10.1044270447889,-1.29967391683463,11.7185108643846
2.585,30.9265271727663,5.22962362287478,0.180762723097965,13.2090845278214,0.0117538046647864,-0.119786758785635,25.6538426632749,-10.1565176232977,-1.29795861612677,11.7936717587497
2.59,30.9915294495981,5.24153977186859,0.180163866452274,13.225098530578,0.010529560258102,-0.119759164928942,25.6713167714382,-10.2086020135644,-1.29624253449439,11.8689014982431
2.595,31.0566187013414,5.25342542967138,0.179565100312594,13.2411132655231,0.00935901955076025,-0.119750257770419,25.6888882477005,-10.2606800212662,-1.29452567193749,11.9441983536533
2.6,31.1217948702281,5.26528076194853,0.178966335601277,13.2571286828704,0.00824126179522606,-0.119758319260505,25.7065571622746,-10.3127514517309,-1.29280802845607,12.0195606125428
2.6,31.1217948702281,5.26528076194853,0.178966335601277,13.2571286828704,0.00824126179522606,-0.119758319260505,25.7065571622746,-10.3127514517309,-1.29280802845607,12.0195606125428
2.605,31.187057734147,5.27710654159904,0.178368343979911,13.2731230396398,0.00741760629114465,-0.119445279975135,25.7243235850233,-10.364816109938,-1.29108960405013,12.0949856149695
2.61,31.2524070764353,5.28890350796971,0.177771816240321,13.2891174836441,0.00661627914516049,-0.11917218697299,25.7421875854583,-10.4168738005189,-1.28937039871967,12.1704708643657
2.615,31.3178428498998,5.30067176504889,0.177176561111359,13.3051120127966,0.00583872785678496,-0.118935702096174,25.7601492327388,-10.4689243277571,-1.28765041246469,12.2460149076823
2.62,31.3833650085475,5.31241141173285,0.176582403341348,13.3211066217395,0.00508615788234896,-0.118732752169105,25.7782085956704,-10.5209674955887,-1.28592964528519,12.3216162950096
2.625,31.4489735075859,5.32412254163986,0.175989182425012,13.3371013022277,0.00435955686114304,-0.118560508544871,25.7963657427039,-10.5730031076029,-1.28420809718117,12.397273580978
2.63,31.5146683034184,5.33580524296444,0.175396751428635,13.3530960434753,0.00365971673100717,-0.118416368214895,25.8146207419339,-10.6250309670422,-1.28248576815264,12.4729853260154
2.635,31.5804493536348,5.34745959836725,0.174804975906074,13.3690908324696,0.00298725390780555,-0.118297936360967,25.8329736610979,-10.677050876803,-1.28076265819958,12.5487500974716
2.64,31.646316616998,5.35908568489687,0.174213732898653,13.3850856542552,0.00234262769222824,-0.118203010235904,25.8514245675748,-10.7290626394358,-1.279038767322,12.6245664706222
2.645,31.7122700534276,5.37068357393984,0.173622910012524,13.4010804921913,0.00172615705200137,-0.118129564269931,25.8699735283839,-10.7810660571458,-1.2773140955199,12.7004330295618
2.65,31.77830962398,5.38225333119565,0.173032404567646,13.4170753281847,0.00113803591460762,-0.11807573630889,25.8886206101835,-10.8330609317934,-1.27558864279328,12.7763483679947
2.65,31.77830962398,5.38225333119565,0.173032404567646,13.4170753281847,0.00113803591460762,-0.11807573630889,25.8886206101835,-10.8330609317934,-1.27558864279328,12.7763483679947
2.655,31.8444351191552,5.39379568567415,0.172443043920519,13.4330483733785,0.000840032227195144,-0.117676272799718,25.9073658792698,-10.8850470648941,-1.27386240914214,12.8523100772152
2.66,31.9106463343352,5.40531133479789,0.171855567562762,13.4490208554809,0.000539327338733985,-0.11732138599538,25.9262094015759,-10.9370242576195,-1.27213539456649,12.9283159125352
2.665,31.9769432389974,5.41680029238702,0.171269761871537,13.4649928050934,0.000238603201926175,-0.117007422338328,25.94515124267,-10.9889923107974,-1.27040759906631,13.0043647172036
2.67,32.0433258030015,5.42826257159551,0.17068543075151,13.4809642476205,-5.97671894935078e-05,-0.116731020348742,25.9641914677547,-11.0409510249124,-1.26867902264161,13.0804553304046
2.675,32.1097939966305,5.43969818450828,0.170102394233539,13.4969352038097,-0.000353691206188354,-0.116489087305788,25.9833301416657,-11.0929002001061,-1.26694966529239,13.1565865888965
2.68,32.1763477906239,5.45110714179049,0.169520487185141,13.5129056902365,-0.000641330476773976,-0.116278777837317,26.0025673288705,-11.1448396361778,-1.26521952701866,13.2327573284897
2.685,32.2429871562049,5.46248945238382,0.168939558123657,13.5288757197431,-0.000921077051265621,-0.116097474251414,26.021903093467,-11.1967691325848,-1.2634886078204,13.3089663853802
2.69,32.309712065101,5.47384512324487,0.168359468123676,13.5448453018333,-0.00119153163407396,-0.115942768457675,26.0413374991827,-11.2486884884428,-1.26175690769762,13.3852125973482
2.695,32.3765224895605,5.48517415912163,0.167780089811144,13.5608144430303,-0.00145148370740113,-0.11581244534271,26.0608706093731,-11.3005975025264,-1.26002442665032,13.4614948048365
2.7,32.4434184023635,5.49647656236392,0.167201306437257,13.5767831471995,-0.00169989338351251,-0.115704467478222,26.0805024870208,-11.3524959732697,-1.25829116467851,13.5378118519165
2.7,32.4434184023635,5.49647656236392,0.167201306437257,13.5767831471995,-0.00169989338351251,-0.115704467478222,26.0805024870208,-11.3524959732697,-1.25829116467851,13.5378118519165
2.705,32.5103996027852,5.50775303279104,0.166623973095869,13.5927291656952,-0.00166269956796063,-0.115237254973718,26.1002331947339,-11.4043836987662,-1.25655712178217,13.6141615553572
2.71,32.5774658945426,5.51900424026134,0.166048853474833,13.6086742257791,-0.0016451758026131,-0.114818301414713,26.1200627947451,-11.4562604767702,-1.25482229796131,13.6905418926173
2.715,32.6446172573338,5.5302301424175,0.16547571617207,13.6246183789383,-0.00164375096464171,-0.114443704056335,26.1399913489104,-11.5081261046962,-1.25308669321594,13.7669519437336
2.72,32.7118536707207,5.54143069924871,0.164904348506851,13.6405616701813,-0.00165521430286065,-0.114109872709911,26.1600189187079,-11.5599803796202,-1.25135030754604,13.8433907792038
2.725,32.7791751141969,5.55260587252809,0.16433455502131,13.6565041386865,-0.0016766833349154,-0.113813504355265,26.1801455652364,-11.6118230982797,-1.24961314095163,13.9198574617786
2.73,32.8465815672469,5.56375562531203,0.163766156103586,13.6724458183839,-0.00170557453772556,-0.113551559907179,26.2003713492144,-11.6636540570742,-1.24787519343269,13.9963510480847
2.735,32.9140730093965,5.5748799214955,0.163198986722157,13.68838673848,-0.00173957657583028,-0.113321242934789,26.2206963309788,-11.7154730520661,-1.24613646498923,14.0728705900961
2.74,32.9816494202575,5.58597872541776,0.162632895261983,13.7043269239294,-0.00177662583910386,-0.113119980155101,26.2411205704837,-11.7672798789804,-1.24439695562126,14.1494151364656
2.745,33.0493107795647,5.59705200151375,0.162067742454149,13.7202663958612,-0.00181488408915006,-0.112945403544188,26.2616441272989,-11.819074333206,-1.24265666532876,14.2259837337296
2.75,33.1170570672074,5.60809971400669,0.16150340039121,13.7362051719632,-0.00185271802739098,-0.112795333921387,26.2822670606092,-11.8708562097957,-1.24091559411175,14.3025754273955
2.75,33.1170570672074,5.60809971400669,0.16150340039121,13.7362051719632,-0.00185271802739098,-0.112795333921387,26.2822670606092,-11.8708562097957,-1.24091559411175,14.3025754273955
2.755,33.1848880880757,5.61912254940524,0.160940743529168,13.7521203927793,-0.00160719450830745,-0.112276269976289,26.3029894292129,-11.9226253034668,-1.23917374197021,14.3791882221316
2.76,33.2528036511867,5.63012116533944,0.160380552704093,13.7680344327443,-0.00139269382054082,-0.111808210281018,26.3238112915202,-11.9743814086014,-1.23743110890416,14.4558202792829
2.765,33.3208037423588,5.64109548608804,0.159822583239119,13.7839473554583,-0.0012050208456462,-0.111387073792853,26.3447327055528,-12.0261243192473,-1.23568769491358,14.5324708677825
2.77,33.3888883469592,5.652045440271,0.159266610035476,13.7998592173036,-0.00104037814480947,-0.111009105692029,26.365753728942,-12.0778538291184,-1.23394349999849,14.6091392429653
2.775,33.457057449989,5.66297096017545,0.158712426008982,13.8157700681582,-0.000895331298053437,-0.110670850687713,26.3868744189277,-12.1295697315947,-1.23219852415887,14.6858246484449
2.78,33.5253110361575,5.67387198115063,0.158159840654379,13.8316799520355,-0.000766777254304694,-0.110369128631168,26.4080948323571,-12.1812718197234,-1.23045276739474,14.7625263178217
2.785,33.5936490899491,5.68474844106529,0.157608678726177,13.8475889076583,-0.000651915409477113,-0.110101012211868,26.4294150256836,-12.2329598862194,-1.22870622970609,14.8392434762359
2.79,33.6620715956806,5.69560027982148,0.157058779026214,13.8634969689766,-0.000548221169086945,-0.109863806544159,26.4508350549657,-12.2846337234651,-1.22695891109291,14.9159753417797
2.795,33.7305785375525,5.70642743891962,0.156509993288987,13.8794041656327,-0.000453421774692716,-0.109655030471341,26.4723549758652,-12.336293123512,-1.22521081155522,14.9927211267813
2.8,33.7991698996931,5.71722986106998,0.155962185156488,13.8953105233817,-0.000365474191981975,-0.109472399429976,26.4939748436467,-12.3879378780802,-1.223461931093,15.06948003897
2.8,33.7991698996931,5.71722986106998,0.155962185156488,13.8953105233817,-0.000365474191981975,-0.109472399429976,26.4939748436467,-12.3879378780802,-1.223461931093,15.06948003897
2.805,33.8678454896855,5.72800823813,0.155416254733029,13.9111926095797,8.30492922340285e-06,-0.10890903253733,26.5156947131758,-12.4395677785595,-1.22171226970627,15.146250227565
2.81,33.9366051190537,5.73876323345738,0.154873005938353,13.9270733999177,0.000343088674675622,-0.108399013519762,26.5375146389182,-12.49118261601,-1.21996182739502,15.2230299961017
2.815,34.0054487772634,5.74949475248192,0.154332182751351,13.9429529646342,0.000643543903558285,-0.107938113600621,26.5594346749384,-12.542782181162,-1.21821060415924,15.2998187671716
2.82,34.074376453138,5.76020270633951,0.15379354944123,13.9588313663546,0.000913910261204124,-0.107522440643364,26.5814548748983,-12.5943662644174,-1.21645859999895,15.3766159466203
2.825,34.1433881349548,5.77088701111585,0.153256888954226,13.9747086608421,0.00115803687461486,-0.107148411555139,26.6035752920562,-12.6459346558496,-1.21470581491414,15.4534209254758
2.83,34.2124838105293,5.78154758716476,0.152722001432433,13.9905848976682,0.00137941587048789,-0.1068127270973,26.6257959792655,-12.6974871452041,-1.2129522489048,15.5302330817095
2.835,34.2816634672911,5.79218435849374,0.152188702852862,14.006460120816,0.0015812130178965,-0.106512348864172,26.6481169889734,-12.7490235218994,-1.21119790197095,15.6070517818423
2.84,34.3509270923509,5.80279725221078,0.151656823776702,14.022334369221,0.00176629574975476,-0.106244478229203,26.6705383732197,-12.8005435750273,-1.20944277411258,15.6838763824104
2.845,34.4202746725596,5.81338619802666,0.151126208199355,14.0382076772583,0.00193725879995707,-0.106006537073544,26.6930601836356,-12.8520470933534,-1.20768686532969,15.7607062313026
2.85,34.4897061945605,5.82395112780754,0.150596712492644,14.0540800751817,0.0020964476700368,-0.105796150131624,26.7156824714425,-12.9035338653178,-1.20593017562227,15.8375406689812
2.85,34.4897061945605,5.82395112780754,0.150596712492644,14.0540800751817,0.0020964476700368,-0.105796150131624,26.7156824714425,-12.9035338653178,-1.20593017562227,15.8375406689812
2.855,34.559216372906,5.83449208820347,0.150069448789376,14.0678732584039,0.00258684938239564,-0.105119760743289,26.7384052874506,-12.9550036790356,-1.20417270499034,15.9143752562389
2.86,34.6287999262147,5.84500909682222,0.14954541474754,14.0816651052701,0.00302516850158229,-0.104503467480709,26.761228682058,-13.0064563222974,-1.20241445343389,15.9912057047572
2.865,34.6984568463564,5.85550204980355,0.149024321828127,14.0954556986507,0.00341700774472915,-0.103942558493624,26.7841527052489,-13.0578915825702,-1.20065542095292,16.0680315598591
2.87,34.7681871243059,5.86597085111473,0.148505904106479,14.1092451127923,0.00376747344735349,-0.103432694573843,26.8071774065931,-13.1093092469973,-1.19889560754743,16.1448523465615
2.875,34.8379907502591,5.87641541163724,0.14798991648655,14.1230334141736,0.00408121757136789,-0.102969878622274,26.8303028352442,-13.1607091023996,-1.19713501321741,16.2216675716653
2.88,34.9078677137363,5.88683564834017,0.147476133061077,14.1368206622692,0.00436247609208256,-0.10255042779986,26.8535290399386,-13.2120909352758,-1.19537363796288,16.2984767256652
2.885,34.9778180036742,5.89723148353219,0.146964345604759,14.1506069102334,0.00461510410321972,-0.102170948096637,26.8768560689941,-13.2634545318029,-1.19361148178383,16.3752792844982
2.89,35.0478416085086,5.90760284418501,0.146454362189174,14.1643922055124,0.00484260793420661,-0.101828311088895,26.900283970309,-13.3147996778372,-1.19184854468026,16.4520747111418
2.895,35.1179385162483,5.91794966132167,0.145946005908709,14.1781765903943,0.00504817455711912,-0.101519632671555,26.9238127913605,-13.3661261589143,-1.19008482665217,16.5288624570779
2.9,35.188108714541,5.92827186946379,0.145439113708402,14.1919601025029,0.00523469851785185,-0.101242253585637,26.9474425792036,-13.4174337602504,-1.18832032769956,16.605641963631
2.9,35.188108714541,5.92827186946379,0.145439113708402,14.1919601025029,0.00523469851785185,-0.101242253585637,26.9474425792036,-13.4174337602504,-1.18832032769956,16.605641963631
2.905,35.2583438899658,5.93856919878562,0.144934912043292,14.2024452952581,0.00578102153686207,-0.100449997131499,26.9711733804701,-13.4687222667422,-1.18655504782243,16.6824072253197
2.91,35.3286357333015,5.94884134972853,0.144434502462534,14.2129292367513,0.00626342648790928,-0.0997245201493752,26.9950052413668,-13.5199914629679,-1.18478898702078,16.7591523874033
2.915,35.3989842373603,5.95908822247408,0.143937564204892,14.2234120185975,0.00668841169521917,-0.0990606388470699,27.018938207675,-13.5712411331879,-1.18302214529461,16.8358770916765
2.92,35.4693893938719,5.9693097268733,0.143443801397654,14.2338937230393,0.00706191125827626,-0.0984535758199746,27.0429723247486,-13.6224710613451,-1.18125452264392,16.9125809568183
2.925,35.5398511936148,5.97950578138959,0.142952941108835,14.2443744238905,0.00738934223851363,-0.0978989269325895,27.0671076375132,-13.6736810310656,-1.17948611906871,16.9892635806107
2.93,35.6103696265353,5.98967631213949,0.142464731557394,14.2548541873751,0.00767564780697618,-0.0973926311129619,27.0913441904649,-13.7248708256595,-1.17771693456898,17.065924541971
2.935,35.6809446818535,5.99982125202262,0.141978940468009,14.2653330728757,0.00792533671803796,-0.0969309427770584,27.1156820276689,-13.7760402281213,-1.17594696914473,17.142563402816
2.94,35.7515763481589,6.00994053993258,0.141495353557497,14.2758111336026,0.00814251945599597,-0.0965104066195254,27.1401211927584,-13.8271890211306,-1.17417622279596,17.2191797097696
2.945,35.8222646134963,6.02003412004151,0.141013773141988,14.2862884171914,0.00833094134570897,-0.0961278345498583,27.1646617289333,-13.8783169870529,-1.17240469552267,17.2957729957305
2.95,35.8930094654416,6.03010194115163,0.14053401685444,14.2967649662407,0.00849401290336305,-0.0957802845679825,27.1893036789589,-13.92942390794,-1.17063238732486,17.3723427813098
2.95,35.8930094654416,6.03010194115163,0.14053401685444,14.2967649662407,0.00849401290336305,-0.0957802845679825,27.1893036789589,-13.92942390794,-1.17063238732486,17.3723427813098
2.955,35.9638048446356,6.04014408860472,0.140057244987035,14.3048532811036,0.00900419187895064,-0.0949404399300798,27.2140470851647,-13.9805095655306,-1.16885929820253,17.4488842986147
2.96,36.0346446957959,6.05016061784511,0.139584497377629,14.3129405168297,0.00944684227985409,-0.0941696568183941,27.2388919894434,-14.0315737412512,-1.16708542815568,17.5253929333503
2.965,36.1055290113963,6.06015144428029,0.139115442220606,14.3210267620312,0.00982877683488078,-0.0934626064584245,27.2638384332492,-14.0826162162167,-1.16531077718431,17.6018684082593
2.97,36.1764577828151,6.07011649347964,0.138649773303507,14.3291120962163,0.0101562197367899,-0.09281437450733,27.288886457597,-14.1336367712307,-1.16353534528842,17.6783104215294
2.975,36.2474310004692,6.0800557000733,0.138187208019955,14.3371965907159,0.0104348555317295,-0.0922204275721253,27.3140361030609,-14.1846351867865,-1.16175913246801,17.7547186490193
2.98,36.3184486539343,6.08996900675241,0.137727485542327,14.3452803095067,0.0106698738561482,-0.0916765826520774,27.3392874097732,-14.2356112430678,-1.15998213872308,17.8310927463045
2.985,36.3895107320528,6.09985636336166,0.137270365140765,14.3533633099441,0.0108660103927109,-0.0911789792228111,27.3646404174228,-14.2865647199491,-1.15820436405363,17.9074323505556
2.99,36.4606172230314,6.10971772607542,0.136815624635445,14.361445643416,0.0110275844012554,-0.09072405369729,27.3900951652543,-14.3374953969965,-1.15642580845967,17.9837370822654
2.995,36.5317681145277,6.11955305665053,0.136363058971327,14.3695273559263,0.0111585331195097,-0.0903085160443333,27.4156516920667,-14.3884030534684,-1.15464647194118,18.0600065468364
3,36.6029633937289,6.12936232174836,0.135912478904641,14.3776084886178,0.0112624433215999,-0.0899293283549744,27.441310036212,-14.4392874683161,-1.15286635449817,18.1362403360412
3,36.6029633937289,6.12936232174836,0.135912478904641,14.3776084886178,0.0112624433215999,-0.0899293283549744,27.441310036212,-14.4392874683161,-1.15286635449817,18.1362403360412
3.005,36.6741986299823,6.13914586038526,0.135465008008447,14.3839581709334,0.0117066270350322,-0.0890711151757665,27.4670702355941,-14.4901484201845,-1.15108545613064,18.2124346000828
3.01,36.7454693966263,6.14890398123605,0.135021651627645,14.3903069522834,0.0120830814679026,-0.0882825921559873,27.4929323276675,-14.5409856874128,-1.14930377683859,18.2885856445154
3.015,36.8167756856533,6.1586366170647,0.134582074895846,14.396654914222,0.0123986999611709,-0.0875583975714657,27.5188963494362,-14.5917990480351,-1.14752131662203,18.3646932641419
3.02,36.8881174880074,6.16834371075696,0.134145968704221,14.4030021298201,0.0126597795560594,-0.0868935843134092,27.5449623374523,-14.6425882797814,-1.14573807548094,18.440757228203
3.025,36.9594947937162,6.17802521421281,0.133713047712865,14.4093486645395,0.0128720703649299,-0.086283586653798,27.5711303278149,-14.6933531600778,-1.14395405341533,18.516777282583
3.03,37.0309075920071,6.18768108734078,0.133283048520802,14.4156945770083,0.013040820775682,-0.0857241898893795,27.5974003561685,-14.7440934660475,-1.14216925042521,18.5927531518408
3.035,37.1023558714139,6.19731129714507,0.1328557279814,14.42203991971,0.0131708188596174,-0.0852115025879425,27.6237724577025,-14.7948089745116,-1.14038366651056,18.668684541079
3.04,37.1738396198708,6.20691581689692,0.132430861650345,14.4283847395966,0.0132664303370435,-0.0847419311778942,27.6502466671491,-14.8454994619894,-1.13859730167139,18.7445711376668
3.045,37.2453588247982,6.216494625383,0.13200824235551,14.4347290786357,0.013331633394792,-0.084312156666302,27.6768230187829,-14.8961647046996,-1.13681015590771,18.8204126128259
3.05,37.3169134731788,6.22604770622368,0.131587678878118,14.4410729742999,0.0133700506436914,-0.0839191132795509,27.7035015464188,-14.9468044785607,-1.1350222292195,18.8962086230941
3.05,37.3169134731788,6.22604770622368,0.131587678878118,14.4410729742999,0.0133700506436914,-0.0839191132795509,27.7035015464188,-14.9468044785607,-1.1350222292195,18.8962086230941
3.055,37.3885003119015,6.23557557397173,0.131170266460564,14.4461592589013,0.013743181426866,-0.0830579110111212,27.7302822834116,-14.9974185591917,-1.13323352160677,18.9719560097963
3.06,37.4601160917521,6.24507871252813,0.130756983906701,14.4512448015242,0.0140499133673199,-0.0822662404427245,27.7571652626541,-15.048006721913,-1.13144403306953,19.0476517693646
3.065,37.531760804452,6.25455707089275,0.130347497104573,14.4563296754419,0.0142971102400613,-0.0815387545394134,27.7841505165762,-15.098568741747,-1.12965376360776,19.1232957596614
3.07,37.6034344407396,6.26401060792521,0.129941497632824,14.461413946181,0.0144910393218933,-0.0808705183566591,27.8112380771438,-15.1491043934189,-1.12786271322147,19.1988878122262
3.075,37.6751369904966,6.27343929124684,0.129538700783671,14.4664976723306,0.0146374207398841,-0.0802569762060487,27.8384279758572,-15.1996134513573,-1.12607088191067,19.274427734454
3.08,37.7468684428606,6.28284309624395,0.129138843742646,14.471580906259,0.0147414726745941,-0.0796939216432744,27.8657202437499,-15.2500956896953,-1.12427826967534,19.3499153116056
3.085,37.8186287863268,6.29222200516334,0.128741683912156,14.476663694749,0.0148079527835024,-0.0791774700094968,27.8931149113878,-15.3005508822706,-1.1224848765155,19.4253503086602
3.09,37.8904180088392,6.30157600629172,0.128346997366239,14.481746079562,0.0148411961946717,-0.0787040332738299,27.9206120088674,-15.3509788026268,-1.12069070243113,19.5007324720263
3.095,37.9622360978725,6.31090509321172,0.127954577426042,14.4868280979416,0.0148451503619521,-0.0782702969675253,27.948211565815,-15.401379224014,-1.11889574742225,19.5760615311206
3.1,38.0340830405055,6.32020926412745,0.12756423334559,14.4919097830615,0.014823407067019,-0.0778731990089404,27.9759136113853,-15.4517519193895,-1.11710001148884,19.6513371998264
3.1,38.0340830405055,6.32020926412745,0.12756423334559,14.4919097830615,0.014823407067019,-0.0778731990089404,27.9759136113853,-15.4517519193895,-1.11710001148884,19.6513371998264
3.105,38.1059564360313,6.32948914534258,0.127177025419445,14.496075558615,0.0151282774218788,-0.0770218733631287,28.0037181742601,-15.5020966614186,-1.11530349463092,19.7265568513014
3.11,38.1778538875013,6.33874533265671,0.126793900248912,14.5002407282765,0.015369084448181,-0.0762391802611534,28.031625282647,-15.5524132224752,-1.11350619684847,19.8017180107454
3.115,38.2497753866128,6.34797778940556,0.126414528059816,14.5044053566724,0.015552573994307,-0.0755198349167426,28.0596349642785,-15.6027013746427,-1.11170811814151,19.8768205878403
3.12,38.3217209241512,6.35718648838395,0.126038604471083,14.5085695014739,0.0156849018864507,-0.0748589592391008,28.0877472464106,-15.6529608897151,-1.10990925851002,19.9518644655219
3.125,38.3936904901103,6.36637141076982,0.125665848543222,14.5127332141337,0.0157716827852035,-0.0742520495710561,28.1159621558212,-15.703191539197,-1.10810961795402,20.0268495021216
3.13,38.4656840737994,6.37553254514803,0.12529600098089,14.5168965405368,0.0158180349519025,-0.0736949471808366,28.1442797188096,-15.753393094305,-1.10630919647349,20.1017755333433
3.135,38.5377016639403,6.38466988662506,0.124928822476924,14.521059521577,0.0158286212825506,-0.0731838112475006,28.1726999611945,-15.8035653259685,-1.10450799406845,20.1766423740901
3.14,38.6097432487544,6.39378343602626,0.124564092185458,14.5252221936683,0.0158076869532669,-0.0727150940951647,28.2012229083135,-15.8537080048299,-1.10270601073889,20.2514498201529
3.145,38.6818088160398,6.40287319916863,0.124201606313938,14.5293845891988,0.015759093962761,-0.0722855184734446,28.2298485850211,-15.9038209012461,-1.1009032464848,20.326197649771
3.15,38.7538983532416,6.41193918620206,0.123841176823793,14.5335467369362,0.0156863528525267,-0.0718920566888212,28.2585770156882,-15.9539037852887,-1.0990997013062,20.4008856250757
3.15,38.7538983532416,6.41193918620206,0.123841176823793,14.5335467369362,0.0156863528525267,-0.0718920566888212,28.2585770156882,-15.9539037852887,-1.0990997013062,20.4008856250757
3.155,38.8260100779448,6.42098208120608,0.123483812859688,14.5370392463424,0.0159269604667231,-0.0710651064383413,28.2874082242004,-16.0039564267454,-1.09729537520308,20.475511540567
3.16,38.8981422112898,6.43000253857402,0.123130414524594,14.5405312655692,0.0161068451717748,-0.0703049114192834,28.3163422339568,-16.05397859512,-1.09549026817543,20.5500733363434
3.165,38.9702947451282,6.43900053417576,0.122780661097407,14.5440228504768,0.0162325306090931,-0.0696063184606958,28.3453790678691,-16.1039700596342,-1.09368438022327,20.6245709603289
3.17,39.0424676704772,6.447976052798,0.122434256617934,14.5475140508047,0.0163099655770106,-0.0689645708951233,28.3745187483599,-16.1539305892275,-1.09187771134659,20.6990043337777
3.175,39.1146609776321,6.45692908710617,0.122090927983993,14.5510049108289,0.0163445717203924,-0.068375277213471,28.403761297362,-16.2038599525584,-1.09007026154538,20.7733733533547
3.18,39.1868746562673,6.46585963670315,0.121750423198277,14.5544954699411,0.0163412872386542,-0.0678343823761324,28.4331067363165,-16.2537579180056,-1.08826203081966,20.8476778930602
3.185,39.2591086955274,6.47476770727619,0.121412509752789,14.5579857631603,0.0163046069575026,-0.0673381415324505,28.4625550861724,-16.3036242536679,-1.08645301916942,20.921917806008
3.19,39.3313630841086,6.48365330982404,0.121076973138898,14.5614758215867,0.0162386190981595,-0.066883095913572,28.4921063673845,-16.3534587273659,-1.08464322659465,20.9960929260734
3.195,39.4036378103313,6.49251645995728,0.120743615473154,14.5649656728037,0.0161470390198616,-0.0664660507053083,28.5217605999129,-16.4032611066425,-1.08283265309537,21.070203069416
3.2,39.475932862206,6.50135717726525,0.120412254228977,14.5684553412363,0.0160332402074702,-0.0660840547138696,28.5515178032214,-16.4530311587635,-1.08102129867157,21.1442480358923
3.2,39.475932862206,6.50135717726525,0.120412254228977,14.5684553412363,0.0160332402074702,-0.0660840547138696,28.5515178032214,-16.4530311587635,-1.08102129867157,21.1442480358923
3.205,39.5482469070826,6.51017615788807,0.1200838270254,14.5714527480013,0.0162131384248057,-0.0652978699082325,28.5813779962762,-16.5027686507189,-1.07920916332325,21.2182259645064
3.21,39.620578615592,6.51897406985139,0.119759169442232,14.5744497628251,0.0163367502486066,-0.0645753514287181,28.611341197545,-16.5524733492234,-1.07739624705041,21.292135129926
3.215,39.6929279798394,6.52775090000808,0.119437975639709,14.5774464328704,0.0164102537887757,-0.0639115684376178,28.6414074249955,-16.6021450207173,-1.07558254985304,21.3659755033211
3.22,39.7652949911813,6.53650664342674,0.119119963470125,14.5804428000443,0.0164392783403537,-0.0633019697307979,28.6715766960942,-16.6517834313676,-1.07376807173116,21.4397470298942
3.225,39.8376796403289,6.5452413024109,0.118804872655635,14.5834389015684,0.0164289500222155,-0.0627423538186186,28.7018490278054,-16.7013883470684,-1.07195281268476,21.5134496308686
3.23,39.9100819174418,6.55395488561022,0.118492463109077,14.5864347704805,0.0163839336154094,-0.0622288415223375,28.7322244365897,-16.7509595334423,-1.07013677271384,21.5870832053277
3.235,39.9825018122114,6.56264740721561,0.118182513386247,14.5894304360778,0.0163084709290099,-0.061757850853585,28.7627029384028,-16.8004967558407,-1.0683199518184,21.6606476319184
3.24,40.0549393139357,6.57131888623061,0.1178748192583,14.5924259243084,0.0162064160084473,-0.061326073957541,28.7932845486946,-16.8499997793451,-1.06650234999844,21.7341427704285
3.245,40.1273944115868,6.57996934581243,0.117569192394835,14.595421258119,0.0160812674506746,-0.060930455936819,28.8239692824075,-16.899468368768,-1.06468396725396,21.8075684632483
3.25,40.1998670938705,6.5885988126763,0.117265459148457,14.5984164577633,0.015936198079335,-0.0605681753833762,28.8547571539756,-16.9489022886532,-1.06286480358496,21.8809245367252
3.25,40.1998670938705,6.5885988126763,0.117265459148457,14.5984164577633,0.015936198079335,-0.0605681753833762,28.8547571539756,-16.9489022886532,-1.06286480358496,21.8809245367252
3.255,40.2723563564855,6.59720795764625,0.116964465976751,14.6010470657775,0.0160589312258065,-0.0598393772977249,28.8856481773232,-16.9983013032775,-1.06104485899144,21.9542094192972
3.26,40.3448611980737,6.60579742571398,0.116666966595651,14.6036773644538,0.0161308885063936,-0.0591698599489527,28.9166423658636,-17.0476651766508,-1.0592241334734,22.0274216620243
3.265,40.4173816110374,6.61436721329283,0.116372676276074,14.6063073925964,0.0161577741638449,-0.058555015142927,28.9477397324981,-17.0969936725176,-1.05740262703084,22.1005612442862
3.27,40.4899175871247,6.62291732415365,0.116081332429876,14.6089371846199,0.0161447813396418,-0.0579905898425579,28.9789402896146,-17.1462865543577,-1.05558033966376,22.1736281208732
3.275,40.5624691175229,6.63144776852178,0.115792692904857,14.6115667710283,0.0160966346865259,-0.0574726582645257,29.0102440490863,-17.1955435853867,-1.05375727137216,22.2466222238425
3.28,40.6350361929424,6.63995856225933,0.115506534413319,14.6141961788367,0.0160176294414724,-0.0569975963018498,29.0416510222707,-17.2447645285576,-1.05193342215604,22.3195434642394
3.285,40.7076188036917,6.64844972612521,0.115222651083218,14.6168254319426,0.0159116672674294,-0.0565620580570383,29.0731612200081,-17.2939491465613,-1.0501087920154,22.3923917336906
3.29,40.7802169397448,6.6569212851059,0.114940853121767,14.6194545514548,0.0157822891461133,-0.0561629542911373,29.1047746526208,-17.3430972018274,-1.04828338095024,22.4651669058817
3.295,40.8528305908014,6.66537326781078,0.114660965582297,14.6220835559845,0.0156327055765857,-0.0557974326149564,29.1364913299115,-17.3922084565254,-1.04645718896056,22.537868837927
3.3,40.9254597463408,6.67380570592617,0.11438282722627,14.6247124619043,0.0154658243035195,-0.0554628592711302,29.1683112611623,-17.4412826725655,-1.04463021604636,22.6104973716397
3.3,40.9254597463408,6.67380570592617,0.11438282722627,14.6247124619043,0.0154658243035195,-0.0554628592711302,29.1683112611623,-17.4412826725655,-1.04463021604636,22.6104973716397
3.305,40.9981036427366,6.68221921644569,0.114107178151213,14.6270686118038,0.0155358310030258,-0.0548060889827584,29.2002344551331,-17.4903196115995,-1.04280246220764,22.6830511829059
3.31,41.0707615189233,6.69061439337852,0.113834676846971,14.6294245204721,0.0155614544050894,-0.0542030240664895,29.2322609200611,-17.5393190350217,-1.0409739274444,22.7555290548765
3.315,41.1434333676176,6.69899124124626,0.11356506540468,14.6317802189971,0.0155478107081441,-0.0536494734425396,29.2643906636589,-17.5882807039699,-1.03914461175664,22.8279309614851
3.32,41.2161191809834,6.70734977094236,0.113298106051414,14.6341357349055,0.0154995534765872,-0.0531415694259119,29.2966236931137,-17.6372043793265,-1.03731451514436,22.9002568540839
3.325,41.288818950714,6.71568999892504,0.113033579597355,14.6364910925512,0.0154209123166362,-0.0526757424015189,29.3289600150859,-17.6860898217189,-1.03548363760756,22.9725066631345
3.33,41.3615326681046,6.72401194648715,0.112771284004447,14.6388463134573,0.0153157283466034,-0.0522486975910889,29.3613996357077,-17.7349367915211,-1.03365197914625,23.0446802997746
3.335,41.4342603241184,6.73231563909586,0.112511033066207,14.6412014166183,0.0151874867483953,-0.0518573937149664,29.3939425605825,-17.7837450488543,-1.03181953976041,23.1167776572714
3.34,41.5070019094451,6.74060110579622,0.11225265519003,14.6435564187671,0.0150393466415983,-0.0514990233842035,29.4265887947832,-17.8325143535878,-1.02998631945005,23.1887986123683
3.345,41.5797574145533,6.74886837867268,0.111995992273411,14.6459113346117,0.014874168516011,-0.0511709950642978,29.4593383428508,-17.8812444653401,-1.02815231821517,23.2607430265351
3.35,41.6525268297377,6.75711749236362,0.111740898666722,14.6482661770455,0.0146945394237775,-0.0508709164762828,29.4921912087938,-17.9299351434798,-1.02631753605577,23.3326107471285
3.35,41.6525268297377,6.75711749236362,0.111740898666722,14.6482661770455,0.0146945394237775,-0.0508709164762828,29.4921912087938,-17.9299351434798,-1.02631753605577,23.3326107471285
3.355,41.7253095684985,6.76534899059421,0.111487999454997,14.6504142888725,0.0147177439386402,-0.050296961483326,29.5251473960866,-17.9785861471267,-1.02448197297186,23.4044006628399
3.36,41.7981050464932,6.77356339731351,0.111237850378715,14.6525622142027,0.0147035093712748,-0.0497702207220673,29.5582069076683,-18.0271972351525,-1.02264562896342,23.4761117529805
3.365,41.870913256766,6.7817607235822,0.110990224738437,14.6547099772961,0.0146562802705647,-0.0492869950829575,29.5913697459417,-18.075768166182,-1.02080850403046,23.5477439749011
3.37,41.9437341919129,6.78994098577166,0.110744913606176,14.6568575996036,0.0145800952857849,-0.0488438712439866,29.6246359127718,-18.1242986985942,-1.01897059817298,23.6192972658882
3.375,42.0165678441508,6.79810420486601,0.110501724452886,14.6590051000727,0.0144786211951967,-0.0484376993677196,29.6580054094847,-18.1727885905226,-1.01713191139099,23.6907715446588
3.38,42.089414205379,6.80625040583128,0.110260479883055,14.6611524954153,0.0143551841241718,-0.0480655726202633,29.6914782368667,-18.2212375998572,-1.01529244368447,23.7621667127473
3.385,42.1622732672347,6.8143796170454,0.110021016467384,14.6632998003455,0.0142127982019758,-0.0477248083436931,29.7250543951627,-18.2696454842448,-1.01345219505343,23.8334826557914
3.39,42.2351450211428,6.8224918697839,0.109783183665771,14.6654470277901,0.0140541918707898,-0.0474129307385984,29.7587338840749,-18.3180120010899,-1.01161116549788,23.9047192447254
3.395,42.3080294583603,6.83058719775623,0.109546842833455,14.6675941890746,0.0138818320433658,-0.0471276549262214,29.7925167027623,-18.3663369075564,-1.0097693550178,23.9758763368878
3.4,42.3809265700151,6.83866563668821,0.109311866303615,14.6697412940897,0.013697946290816,-0.0468668722706342,29.8264028498387,-18.4146199605679,-1.0079267636132,24.0469537770503
3.4,42.3809265700151,6.83866563668821,0.109311866303615,14.6697412940897,0.013697946290816,-0.0468668722706342,29.8264028498387,-18.4146199605679,-1.0079267636132,24.0469537770503
3.405,42.4538359004392,6.84672764632853,0.109078762702617,14.6717291268428,0.013681831998355,-0.046381543387435,29.8603923233719,-18.4628609168091,-1.00608339128409,24.1179506360131
3.41,42.526756995722,6.85477366999283,0.108847983902812,14.6737168159349,0.0136353730034966,-0.0459364034944524,29.8944851208824,-18.5110595327265,-1.00423923803045,24.1888660583461
3.415,42.5996898492562,6.8628037235981,0.108619336968223,14.6757043798133,0.0135622990866781,-0.045528291417951,29.9286812393424,-18.5592155645299,-1.0023943038523,24.2596999769
3.42,42.6726344540875,6.87081782729836,0.108392644149179,14.6776918347697,0.0134659956468631,-0.0451542905205395,29.9629806751742,-18.6073287681929,-1.00054858874962,24.3304523073118
3.425,42.7455908029716,6.87881600490229,0.1081677417078,14.6796791951713,0.0133495326608449,-0.0448117096845167,29.9973834242494,-18.6553988994544,-0.998702092722424,24.4011229492856
3.43,42.8185588884241,6.88679828334722,0.107944478834698,14.6816664736648,0.013215691264705,-0.0444980658274179,30.0318894818875,-18.703425713819,-0.996854815770708,24.471711787782
3.435,42.8915387027662,6.89476469222453,0.10772271664961,14.6836536813577,0.0130669881572223,-0.0442110678166088,30.0664988428548,-18.7514089665589,-0.995006757894473,24.5422186941209
3.44,42.9645302381645,6.90271526335188,0.107502327279176,14.6856408279786,0.0129056980099639,-0.0439486016609053,30.101211501363,-18.7993484127141,-0.993157919093718,24.6126435270058
3.445,43.0375334866673,6.91065003038811,0.107283193005771,14.6876279220202,0.0127338740490716,-0.0437087168710476,30.1360274510682,-18.8472438070939,-0.991308299368443,24.6829861334747
3.45,43.1105484402367,6.91856902848711,0.107065205481858,14.6896149708669,0.0125533669583654,-0.0434896138917011,30.17094668507,-18.8950949042781,-0.989457898718648,24.7532463497833
3.45,43.1105484402367,6.91856902848711,0.107065205481858,14.6896149708669,0.0125533669583654,-0.0434896138917011,30.17094668507,-18.8950949042781,-0.989457898718648,24.7532463497833
3.455,43.1835747401225,6.9264726306697,0.106848762348816,14.6914768824532,0.0125066650432789,-0.0430933775413111,30.2059691959094,-18.9429014586175,-0.987606717144333,24.8234234002466
3.46,43.2566120289576,6.93436119678334,0.106634216624798,14.6933386830669,0.0124364537568923,-0.042730197478142,30.2410949755687,-18.9906632242354,-0.985754754645499,24.8935165669117
3.465,43.329660300513,6.94223474586947,0.106421409642263,14.6952003863705,0.0123457487589743,-0.0423974632176606,30.2763240154696,-19.0383799550285,-0.983902011222144,24.9635257536931
3.47,43.4027195483065,6.95009330018374,0.106210195273771,14.6970620044138,0.0122372837442789,-0.0420927664806281,30.3116563064721,-19.086051404668,-0.98204848687427,25.0334508502759
3.475,43.4757897656475,6.95793688472825,0.106000438960708,14.6989235478039,0.0121135342397618,-0.0418138855200194,30.3470918388737,-19.1336773266007,-0.980194181601876,25.1032917331778
3.48,43.5488709456759,6.96576552682953,0.105792016817159,14.7007850258559,0.0119767394569649,-0.041558770694676,30.3826306024076,-19.18125747405,-0.978339095404962,25.1730482667353
3.485,43.6219630813984,6.97357925575838,0.105584814803043,14.7026464467267,0.0118289223594708,-0.0413255311848421,30.4182725862422,-19.228791600017,-0.976483228283528,25.2427203040186
3.49,43.6950661657193,6.98137810238766,0.105378727961029,14.7045078175346,0.0116719080931195,-0.0411124227534492,30.4540177789793,-19.2762794572817,-0.974626580237574,25.3123076876818
3.495,43.7681801914687,6.98916209888488,0.105173659712207,14.7063691444658,0.0115073409139734,-0.0409178364658493,30.4898661686535,-19.3237207984039,-0.972769151267101,25.3818102507522
3.5,43.841305151428,6.99693127843634,0.104969521205923,14.7082304328698,0.0113366997366431,-0.0407402882891802,30.5258177427303,-19.3711153757243,-0.970910941372107,25.4512278173635
3.5,43.841305151428,6.99693127843634,0.104969521205923,14.7082304328698,0.0113366997366431,-0.0407402882891802,30.5258177427303,-19.3711153757243,-0.970910941372107,25.4512278173635
3.505,43.9144407587931,7.00468593186502,0.104766611148418,14.7099912224135,0.0112690323955027,-0.0404282924728592,30.5618724881058,-19.4184629413659,-0.969051950552594,25.5205597375745
3.51,43.9875867278137,7.01242633978934,0.104565194538107,14.7117519251928,0.0111840421207697,-0.0401425483333363,30.5980303911046,-19.4657632472348,-0.967192178808561,25.5898054048966
3.515,44.0607430526771,7.02015252266375,0.104365145390506,14.7135125510539,0.0110840746239186,-0.0398809743190803,30.6342914374795,-19.5130160450212,-0.965331626140008,25.6589646933547
3.52,44.1339097273988,7.02786450324379,0.104166347719782,14.7152731086652,0.0109712530277609,-0.0396416503513773,30.6706556124095,-19.5602210862009,-0.963470292546935,25.7280374656571
3.525,44.2070867458555,7.03556230622488,0.103968694763032,14.7170336056382,0.010847496740224,-0.039422805342373,30.7071229004994,-19.6073781220362,-0.961608178029342,25.7970235740463
3.53,44.2802741018157,7.0432459579172,0.103772088264468,14.718794048636,0.0107145387893704,-0.0392228056957486,30.743693285778,-19.6544869035769,-0.95974528258723,25.8659228610896
3.535,44.3534717889654,7.05091548595307,0.103576437814812,14.7205544434703,0.0105739417457216,-0.0390401447086292,30.7803667516973,-19.7015471816617,-0.957881606220597,25.9347351604122
3.54,44.4266798009323,7.0585709190243,0.103381660241585,14.7223147951875,0.0104271123471453,-0.0388734328007218,30.8171432811312,-19.7485587069191,-0.956017148929445,26.0034602973794
3.545,44.4998981313067,7.06621228664664,0.103187679046328,14.7240751081473,0.010275314931786,-0.038721388503296,30.8540228563743,-19.7955212297685,-0.954151910713773,26.0720980897295
3.55,44.5731267736597,7.073839618949,0.1029944238851,14.7258353860917,0.0101196837755684,-0.0385828301466217,30.8910054591409,-19.8424345004217,-0.952285891573581,26.1406483481622
3.55,44.5731267736597,7.073839618949,0.1029944238851,14.7258353860917,0.0101196837755684,-0.0385828301466217,30.8910054591409,-19.8424345004217,-0.952285891573581,26.1406483481622
3.555,44.6463654948081,7.08145313534303,0.102802112208911,14.727513162596,0.0100411167953068,-0.0383453448141264,30.9280910705634,-19.8892982688835,-0.950419091508869,26.2091105211905
3.56,44.7196140623515,7.08905304753526,0.102610936808472,14.7291908693926,0.00995042359004309,-0.0381280410772612,30.9652796711918,-19.9361122849534,-0.948551510519637,26.27748408905
3.565,44.7928724709354,7.09663937577803,0.102420800847319,14.7308685133977,0.00984936370350654,-0.0379293119877656,31.002571240992,-19.9828762982263,-0.946683148605886,26.3457688981531
3.57,44.8661407150979,7.10421214187097,0.102231615207377,14.7325461006829,0.00973952679524819,-0.0377476754651369,31.0399657593448,-20.0295900580939,-0.944814005767615,26.413964786243
3.575,44.939418789294,7.11177136889236,0.102043297889035,14.7342236365603,0.00962234712929681,-0.0375817646633871,31.0774632050449,-20.0762533137459,-0.942944082004823,26.482071583054
3.58,45.0127066879173,7.11931708095776,0.101855773457479,14.735901125659,0.00949911688338682,-0.0374303190892946,31.1150635562994,-20.1228658141708,-0.941073377317512,26.5500891109255
3.585,45.0860044053189,7.1268493030034,0.10166897253168,14.7375785719943,0.00937099837437103,-0.03729217641122,31.1527667907269,-20.1694273081575,-0.939201891705681,26.6180171853716
3.59,45.1593119358245,7.13436806059204,0.101482831312731,14.7392559790291,0.0092390352874072,-0.0371662649028951,31.1905728853564,-20.2159375442963,-0.93732962516933,26.6858556156103
3.595,45.2326292737497,7.14187337973958,0.101297291148482,14.7409333497297,0.00910416298921539,-0.037051596471404,31.228481816626,-20.2623962709801,-0.93545657770846,26.7536042050563
3.6,45.3059564134129,7.14936528676022,0.101112298131672,14.7426106866159,0.00896721799902757,-0.036947260222944,31.2664935603814,-20.3088032364054,-0.93358274932307,26.8212627517772
3.6,45.3059564134129,7.14936528676022,0.101112298131672,14.7426106866159,0.00896721799902757,-0.036947260222944,31.2664935603814,-20.3088032364054,-0.93358274932307,26.8212627517772
3.605,45.3792931616617,7.15684395192565,0.100928019134124,14.7442191745365,0.00889022046449705,-0.0367670244653771,31.3046080918757,-20.3551581885738,-0.931708140013159,26.8888307688715
3.61,45.4526393259488,7.16430953944699,0.100744602119615,14.7458276022498,0.00880472014888882,-0.0366022526214809,31.3428253857672,-20.401460875293,-0.929832749778729,26.9563077937368
3.615,45.5259949014483,7.17176206759728,0.100561972899624,14.7474359746938,0.00871203640484533,-0.0364517089533362,31.381145416119,-20.4477110441779,-0.927956578619779,27.0236936518893
3.62,45.599359883268,7.17920155568827,0.100380063220637,14.7490442961908,0.00861335920927834,-0.0363142539093186,31.4195681563973,-20.4939084426521,-0.926079626536309,27.0909881622802
3.625,45.6727342664676,7.18662802387054,0.100198810302002,14.7506525705087,0.00850976025715888,-0.0361888367106044,31.4580935794708,-20.5400528179488,-0.924201893528319,27.1581911378059
3.63,45.7461180460733,7.19404149295418,0.100018156409391,14.7522608009163,0.00840220315265469,-0.0360744885123945,31.496721657609,-20.5861439171123,-0.922323379595809,27.2253023857814
3.635,45.8195112170928,7.20144198424825,0.0998380484611136,14.7538689902332,0.00829155277018188,-0.0359703160940463,31.5354523624816,-20.6321814869987,-0.92044408473878,27.2923217083797
3.64,45.8929137745265,7.20882951941726,0.0996584376647552,14.7554771408743,0.00817858385203054,-0.0358754960361423,31.5742856651569,-20.6781652742779,-0.91856400895723,27.3592489030413
3.645,45.9663257133791,7.21620412035329,0.0994792791817787,14.7570852548905,0.00806398890380141,-0.035789269346032,31.6132215361008,-20.7240950254341,-0.916683152251161,27.4260837628529
3.65,46.0397470286687,7.22356580906217,0.0993005318179494,14.7586933340058,0.00794838544392417,-0.0357109364965637,31.6522599451759,-20.7699704867674,-0.914801514620572,27.4928260769013
3.65,46.0397470286687,7.22356580906217,0.0993005318179494,14.7586933340058,0.00794838544392417,-0.0357109364965637,31.6522599451759,-20.7699704867674,-0.914801514620572,27.4928260769014
3.655,46.1131775599826,7.23091471712285,0.0991223239670253,14.7602438405079,0.00787938778478838,-0.0355742599965152,31.69140086164,-20.8157914043949,-0.912919096065463,27.5594754093015
3.66,46.1866171473748,7.23825097135885,0.09894476949312,14.7617942919883,0.00780439093273491,-0.0354494210832325,31.7306442541453,-20.8615575242521,-0.911035896585835,27.6260313428742
3.665,46.2600657865393,7.24557458728954,0.098767811612221,14.7633446920248,0.00772438629723848,-0.0353354710138341,31.7699900907368,-20.9072685920938,-0.909151916181686,27.6924936880234
3.67,46.3335234731298,7.25288558113451,0.0985913980966662,14.7648950437407,0.00764026675470088,-0.0352315350033811,31.8094383388518,-20.9529243534957,-0.907267154853017,27.7588622502328
3.675,46.4069902027724,7.26018396966433,0.0984154809197912,14.7664453498493,0.00755283513780131,-0.0351368065269421,31.8489889653182,-20.9985245538555,-0.905381612599829,27.8251368304574
3.68,46.4804659710769,7.26746977006692,0.0982400159279462,14.7679956126942,0.0074628120341342,-0.0350505420614196,31.8886419363537,-21.0440689383942,-0.903495289422121,27.8913172254876
3.685,46.553950773647,7.27474299982813,0.0980649625377691,14.7695458342861,0.0073708429494508,-0.0349720562324379,31.9283972175646,-21.0895572521573,-0.901608185319893,27.9574032282874
3.69,46.6274446060888,7.28200367662527,0.097890283456813,14.7710960163361,0.00727750488525973,-0.0349007173352012,31.9682547739445,-21.1349892400159,-0.899720300293145,28.0233946283083
3.695,46.7009474640193,7.28925181823239,0.0977159444256804,14.772646160285,0.00718331237870605,-0.0348359431993037,32.0082145698736,-21.1803646466684,-0.897831634341877,28.0892912117815
3.7,46.7744593430724,7.29648744243629,0.0975419139799916,14.7741962673315,0.00708872304813331,-0.0347771973703482,32.048276569117,-21.2256832166414,-0.89594218746609,28.1550927619889
3.7,46.7744593430724,7.29648744243629,0.0975419139799916,14.7741962673315,0.00708872304813331,-0.0347771973703482,32.048276569117,-21.2256832166414,-0.89594218746609,28.1550927619889
3.705,46.8479801034486,7.30371077918983,0.0973684630007533,14.7757006642662,0.0070790277673729,-0.0346057025298462,32.088440734824,-21.270944694291,-0.894051959665782,28.2207987410377
3.71,46.9215096061516,7.31092204983154,0.0971958328831126,14.7772049842976,0.00705883091014924,-0.0344486538538973,32.128707029527,-21.3161488238044,-0.892160950940955,28.2864086484808
3.715,46.9950478479444,7.3181212603999,0.0970239543009077,14.7787092327272,0.00702946267760034,-0.0343049049294018,32.1690754151399,-21.3612953492008,-0.890269161291608,28.3519223170448
3.72,47.068594825482,7.3253084183671,0.0968527634343362,14.7802134142625,0.00699212905369433,-0.0341733984318869,32.2095458529578,-21.4063840143329,-0.888376590717741,28.4173395736217
3.725,47.1421505353298,7.33248353243417,0.0966822015419437,14.7817175330748,0.00694792226643773,-0.034053159246094,32.2501183036549,-21.451414562888,-0.886483239219354,28.482660239722
3.73,47.2157149739794,7.33964661234595,0.0965122145656526,14.7832215928516,0.00689783040315829,-0.0339432881222492,32.2907927272843,-21.4963867383896,-0.884589106796447,28.547884131896
3.735,47.289288137863,7.34679766872422,0.0963427527662593,14.7847255968432,0.00684274624789141,-0.0338429558250453,32.3315690832763,-21.5413002841986,-0.882694193449021,28.6130110621244
3.74,47.3628700233662,7.35393671291745,0.0961737703870359,14.786229547905,0.0067834754033257,-0.0337513977359961,32.3724473304376,-21.5861549435143,-0.880798499177074,28.6780408381812
3.745,47.4364606268396,7.36106375686561,0.0960052253432531,14.7877334485361,0.00672074375469828,-0.0336679088731079,32.4134274269499,-21.6309504593761,-0.878902023980608,28.7429732639705
3.75,47.5100599446089,7.36817881297886,0.0958370789356539,14.7892373009134,0.0066552043274671,-0.0335918392954151,32.4545093303691,-21.6756865746648,-0.877004767859622,28.80780813984
3.75,47.5100599446089,7.36817881297886,0.0958370789356539,14.7892373009134,0.0066552043274671,-0.0335918392954151,32.4545093303691,-21.6756865746648,-0.877004767859622,28.80780813984
3.755,47.5836678462353,7.37528225197782,0.0956697877282901,14.7907043152544,0.00672680200026815,-0.0333284084859996,32.4956929976241,-21.7203630321035,-0.875106730814116,28.8725447935027
3.76,47.6572842025361,7.38237443081773,0.0955037587097107,14.7921712196456,0.0067788345428405,-0.0330866671226791,32.5369783850155,-21.7649795742595,-0.87320791284409,28.9371826152663
3.765,47.7309090115154,7.38945534390781,0.0953388877654122,14.7936380228523,0.00681344552496853,-0.0328649051732852,32.5783654482149,-21.8095359435452,-0.871308313949544,29.0017214898988
3.77,47.8045422709467,7.3965249885131,0.0951750789943105,14.7951047327063,0.00683258665692548,-0.0326615455054621,32.6198541422633,-21.8540318822196,-0.869407934130478,29.0661612934175
3.775,47.8781839784025,7.40358336441759,0.0950122440704484,14.7965713562002,0.00683803372526609,-0.0324751335482761,32.6614444215705,-21.8984671323897,-0.867506773386893,29.1305018937438
3.78,47.9518341312812,7.41063047361857,0.0948503016543116,14.7980378995711,0.00683140123709124,-0.032304327773902,32.7031362399137,-21.9428414360116,-0.865604831718788,29.19474315131
3.785,48.0254927268309,7.41766632004944,0.0946891768498294,14.7995043683756,0.00681415587853852,-0.0321478909311912,32.7449295504364,-21.9871545348923,-0.863702109126163,29.2588849196231
3.79,48.0991597621714,7.42469090932865,0.0945288007034577,14.8009707675573,0.00678762888418935,-0.0320046819690912,32.7868243056477,-22.0314061706904,-0.861798605609018,29.3229270457874
3.795,48.1728352343138,7.43170424853244,0.0943691097420398,14.8024371015064,0.00675302740585698,-0.0318736485934313,32.8288204574205,-22.0755960849181,-0.859894321167353,29.3868693709893
3.8,48.246519140178,7.43870634598929,0.0942100455464135,14.8039033741142,0.00671144496160381,-0.0317538204056723,32.8709179569911,-22.1197240189422,-0.857989255801168,29.4507117309485
3.8,48.246519140178,7.43870634598929,0.0942100455464135,14.8039033741142,0.00671144496160381,-0.0317538204056723,32.8709179569911,-22.1197240189422,-0.857989255801168,29.4507117309485
3.805,48.3202113596889,7.44569755722742,0.0940520293405458,14.8053360297099,0.00679836451583924,-0.0314568974842808,32.9131167549578,-22.1637897139856,-0.856083409510464,29.5144535065848
3.81,48.3939117739223,7.45267822507936,0.0938954359134033,14.8067685729441,0.00686291496896953,-0.0311843748744199,32.9554168012798,-22.2077929111285,-0.85417678229524,29.57809413747
3.815,48.4676203812456,7.45964834236982,0.0937401481418857,14.8082010130996,0.00690752479176376,-0.0309343272052195,32.9978180452762,-22.25173335131,-0.852269374155495,29.6416335354922
3.82,48.5413371797616,7.4666079052097,0.0935860581499095,14.8096333584591,0.00693440548219241,-0.0307049790061171,33.040320435625,-22.2956107753293,-0.850361185091231,29.7050716025474
3.825,48.6150621673419,7.47355691261293,0.0934330665885706,14.8110656164089,0.00694556960553576,-0.0304946930066712,33.0829239203619,-22.3394249238474,-0.848452215102447,29.7684082312753
3.83,48.6887953416568,7.48049536614872,0.0932810819724316,14.8124977935311,0.00694284736714845,-0.0303019593704418,33.1256284468791,-22.3831755373878,-0.846542464189143,29.8316433057417
3.835,48.7625367002031,7.48742326962621,0.0931300200674685,14.8139298956846,0.00692790183889186,-0.0301253857843787,33.1684339619246,-22.4268623563388,-0.844631932351319,29.8947767020713
3.84,48.8362862403281,7.49434062880874,0.0929798033265824,14.815361928079,0.00690224294977014,-0.0299636883323696,33.2113404116008,-22.4704851209542,-0.842720619588976,29.9578082890355
3.845,48.9100439592517,7.5012474511551,0.0928303603689188,14.8167938953387,0.00686724034179553,-0.0298156830880857,33.2543477413636,-22.5140435713549,-0.840808525902113,30.0207379285977
3.85,48.9838098540865,7.50814374558562,0.0926816254995534,14.8182258015621,0.00682413518339,-0.0296802783681432,33.2974558960213,-22.5575374475306,-0.83889565129073,30.08356547642
3.85,48.9838098540865,7.50814374558562,0.0926816254995534,14.8182258015621,0.00682413518339,-0.0296802783681432,33.2974558960213,-22.5575374475306,-0.83889565129073,30.08356547642
3.855,49.0575838111748,7.51502987103883,0.0925340157978775,14.8196264580938,0.00690926229451581,-0.0293680613855382,33.3406648197335,-22.6009664893407,-0.836981995754827,30.1462903341328
3.86,49.1313657179935,7.52190617381156,0.0923879020849879,14.8210270077033,0.00697104250162666,-0.0290815305466977,33.38397445601,-22.6443304365161,-0.835067559294403,30.2089119616453
3.865,49.2051555730594,7.52877264766273,0.092243161075143,14.822427459314,0.0070120279350414,-0.0288186553425092,33.4273847477099,-22.6876290286606,-0.833152341909461,30.2714302890927
3.87,49.2789533746154,7.53562928978041,0.0920996792338659,14.8238278208713,0.00703454191964803,-0.0285775636218983,33.4708956370404,-22.730862005252,-0.831236343599998,30.3338452359332
3.875,49.3527591206656,7.54247610037846,0.091957352017558,14.8252280994466,0.00704069804858782,-0.0283565292066271,33.5145070655559,-22.7740291056439,-0.829319564366016,30.3961567117261
3.88,49.4265728090061,7.54931308233075,0.0918160831725138,14.8266283013283,0.00703241770128392,-0.0281539604977583,33.5582189741568,-22.817130069067,-0.827402004207513,30.458364616853
3.885,49.5003944372537,7.55614024083957,0.0916757840885988,14.8280284321036,0.00701144613456478,-0.0279683899899912,33.6020313030884,-22.8601646346305,-0.825483663124491,30.5204688431877
3.89,49.5742240028711,7.56295758313521,0.0915363732032473,14.8294284967302,0.00697936726441771,-0.0277984646178322,33.6459439919401,-22.9031325413235,-0.823564541116949,30.5824692747175
3.895,49.6480615031903,7.56976511820426,0.0913977754517945,14.8308284996009,0.00693761724582998,-0.027642936864463,33.6899569796441,-22.9460335280166,-0.821644638184887,30.6443657881208
3.9,49.7219069354327,7.57656285654383,0.0912599217604903,14.8322284446007,0.00688749694886558,-0.0275006565704758,33.7340702044745,-22.9888673334634,-0.819723954328305,30.706158253303
3.9,49.7219069354327,7.57656285654383,0.0912599217604903,14.8322284446007,0.00688749694886558,-0.0275006565704758,33.7340702044745,-22.9888673334634,-0.819723954328305,30.706158253303
3.905,49.7957601922753,7.58335116799697,0.0911232375450118,14.8335997605849,0.00696862918518967,-0.0271776503716307,33.7782836040463,-23.0316336963015,-0.817802489547203,30.7678460799699
3.91,49.8696211675467,7.5901304094365,0.090988100907977,14.8349709763254,0.00702581379601818,-0.0268812593988571,33.8225971153141,-23.0743323550547,-0.815880243841582,30.8294287372584
3.915,49.9434898598919,7.59690057580958,0.0908543841149394,14.8363421001649,0.00706168929526573,-0.0266093755627211,33.8670106745715,-23.1169630481336,-0.813957217211441,30.8909061705224
3.92,50.0173662676771,7.60366166557831,0.0907219695545401,14.837713139515,0.00707865675151617,-0.0263600554724481,33.9115242174497,-23.159525513838,-0.81203340965678,30.9522783139119
3.925,50.0912503890254,7.61041368030237,0.0905907489477389,14.8390841009567,0.00707889963509023,-0.0261315075311713,33.9561376789166,-23.2020194903576,-0.810108821177598,31.0135450911837
3.93,50.1651422218487,7.61715662426043,0.0904606226189281,14.8404549903296,0.00706440204237737,-0.0259220800668393,34.0008509932758,-23.244444715774,-0.808183451773898,31.074706416452
3.935,50.2390417638767,7.62389050410727,0.0903314988239899,14.8418258128106,0.00703696543200209,-0.0257302504110524,34.0456640941654,-23.2868009280616,-0.806257301445677,31.1357621948866
3.94,50.3129490126833,7.63061532856329,0.0902032931307532,14.8431965729834,0.00699822399596418,-0.025554614846038,34.0905769145573,-23.3290878650899,-0.804330370192936,31.1967123233602
3.945,50.3868639657096,7.63733110813373,0.0900759278477007,14.8445672749003,0.0069496587778674,-0.0253938793475285,34.135589386756,-23.3713052646243,-0.802402658015676,31.25755669105
3.95,50.4607866202852,7.64403785485496,0.0899493314971141,14.8459379221372,0.00689261064084028,-0.0252468510577729,34.1807014423973,-23.413452864328,-0.800474164913896,31.3182951799963
3.95,50.4607866202852,7.64403785485496,0.0899493314971141,14.8459379221372,0.00689261064084028,-0.0252468510577729,34.1807014423973,-23.413452864328,-0.800474164913896,31.3182951799963
3.955,50.534716875863,7.65073594272139,0.0898239298113028,14.8472825031641,0.00696744748725702,-0.0249185295057508,34.225913012448,-23.4555304017631,-0.798544890887595,31.3789272133766
3.96,50.6086546330442,7.65742573266463,0.0897001010367275,14.8486269915418,0.00701818190303882,-0.0246173132328748,34.2712240272041,-23.4975376143928,-0.796614835936775,31.439452273878
3.965,50.6825998905765,7.66410722106156,0.0895777150984699,14.84997139484,0.00704749333227519,-0.0243410508718335,34.3166344162903,-23.539474239582,-0.794684000061435,31.4998703185857
3.97,50.756552646929,7.67078040782233,0.089456652251764,14.8513157197662,0.00705781909931466,-0.0240877594303205,34.3621441086588,-23.5813400145995,-0.792752383261575,31.5601812930487
3.975,50.8305129003276,7.67744529596604,0.0893368022736282,14.8526599722619,0.00705137470115612,-0.02385561107742,34.4077530325883,-23.6231346766195,-0.790819985537196,31.6203851321091
3.98,50.9044806487877,7.6841018912362,0.0892180637178597,14.854004157586,0.00703017243712295,-0.0236429209921216,34.4534611156831,-23.6648579627227,-0.788886806888297,31.6804817606721
3.985,50.9784558901433,7.69075020175249,0.089100343228321,14.8553482803895,0.00699603851401587,-0.0234481361837993,34.4992682848719,-23.7065096098981,-0.786952847314877,31.7404710944205
3.99,51.0524386220728,7.6973902376957,0.0889835549058608,14.8566923447801,0.00695062875314005,-0.0232698252026986,34.5451744664072,-23.7480893550446,-0.785018106816938,31.8003530404785
3.995,51.1264288421233,7.70402201102285,0.0888676197246215,14.8580363543804,0.00689544301416428,-0.0231066686663145,34.5911795858636,-23.7895969349722,-0.783082585394479,31.8601274980273
4,51.2004265477314,7.71064553521005,0.0887524649938207,14.8593803123787,0.00683183844115574,-0.0229574505340923,34.6372835681376,-23.8310320864043,-0.7811462830475,31.9197943588786
4,51.2004265477314,7.71064553521005,0.0887524649938207,14.8593803123787,0.00683183844115574,-0.0229574505340923,34.6372835681376,-23.8310320864043,-0.7811462830475,31.9197943588786
4.005,51.2744316449863,7.71726118617679,0.0886385151161519,14.8607006515919,0.00690013002097276,-0.0226272436417477,34.6834863374462,-23.8723945459782,-0.779209199776002,31.979353059534
4.01,51.3484440411185,7.72386932674291,0.0885261470422704,14.8620209057234,0.00694440047623511,-0.0223243519823489,34.7297878173258,-23.9136840502474,-0.777271335579983,32.0388030958499
4.015,51.4224637349745,7.73046995464842,0.0884152297013463,14.8633410814887,0.00696734291866088,-0.0220466029871332,34.7761879306315,-23.954900335683,-0.775332690459445,32.098144434126
4.02,51.4964907251239,7.73706307115046,0.0883056424537384,14.8646611848215,0.00697140614816699,-0.0217919944202675,34.8226865995361,-23.9960431386753,-0.773393264414387,32.1573770289268
4.025,51.5705250098955,7.74364868059646,0.0881972742732779,14.8659812209639,0.00695881518158351,-0.02155868099191,34.8692837455288,-24.037112195535,-0.771453057444808,32.2165008239217
4.03,51.6445665874094,7.7502267900375,0.0880900229937411,14.8673011945432,0.00693159009605384,-0.0213449620486401,34.9159792894145,-24.0781072424952,-0.76951206955071,32.2755157526659
4.035,51.7186154556059,7.7567974088783,0.0879837946143677,14.8686211096408,0.00689156332748669,-0.0211492702496564,34.9627731513129,-24.1190280157129,-0.767570300732092,32.3344217393245
4.04,51.7926716122721,7.76336054856073,0.0878785026597055,14.8699409698516,0.00684039555222271,-0.0209701611456161,35.0096652506574,-24.1598742512704,-0.765627750988955,32.3932186993455
4.045,51.8667350550653,7.76991622227787,0.0877740675894701,14.8712607783373,0.00677959026864106,-0.0208063035848367,35.0566555061939,-24.2006456851771,-0.763684420321297,32.4519065400843
4.05,51.9408057815339,7.77646444471587,0.0876704162544542,14.872580537873,0.00671050718558754,-0.020656470878284,35.1037438359804,-24.2413420533708,-0.76174030872912,32.5104851613842
4.05,51.9408057815339,7.77646444471587,0.0876704162544542,14.872580537873,0.00671050718558754,-0.020656470878284,35.1037438359804,-24.2413420533708,-0.76174030872912,32.5104851613842
4.055,52.0148837041303,7.78300559289106,0.0875679717017442,14.8738790108681,0.0067731922120387,-0.0203261050100281,35.1509301573854,-24.2819630917196,-0.759795416212423,32.5689540118099
4.06,52.0889687364407,7.78954003069523,0.0874671095809625,14.8751774058725,0.00681201740399057,-0.020023119368935,35.1982143870874,-24.3225085360234,-0.757849742771206,32.6273125991239
4.065,52.163060877416,7.79606775700197,0.0873676985208804,14.8764757287329,0.0068296769753215,-0.01974533174279,35.2455964410738,-24.3629781220155,-0.755903288405469,32.6855608972257
4.07,52.2371601257322,7.80258877417572,0.0872696176269842,14.8777739845994,0.00682861987285554,-0.0194907313106797,35.2930762346399,-24.4033715853641,-0.753956053115212,32.7436988681583
4.075,52.3112664798268,7.80910308764437,0.0871727556587286,14.8790721780072,0.00681107043446801,-0.0192574651530022,35.3406536823881,-24.4436886616739,-0.752008036900435,32.8017264629556
4.08,52.3853799379303,7.81561070551225,0.0870770102714718,14.8803703129477,0.00677904734822401,-0.0190438258483546,35.3883286982266,-24.4839290864882,-0.750059239761138,32.859643622429
4.085,52.4595004980954,7.82211163820996,0.0869822873178986,14.8816683929306,0.00673438105429117,-0.0188482400647918,35.4361011953689,-24.5240925952897,-0.748109661697322,32.9174502778975
4.09,52.533628158223,7.82860589817785,0.0868885002041775,14.882966421038,0.00667872971888715,-0.0186692580615996,35.4839710863325,-24.5641789235027,-0.746159302708986,32.9751463518663
4.095,52.6077629160858,7.83509349958015,0.0867955692964994,14.8842643999725,0.00661359389812372,-0.0185055440255592,35.5319382829383,-24.6041878064948,-0.74420816279613,33.0327317586562
4.1,52.6819047693491,7.84157445804715,0.0867034213739996,14.8855623320984,0.00654032999958836,-0.0183558671724895,35.5800026963094,-24.6441189795782,-0.742256241958754,33.0902064049888
4.1,52.6819047693491,7.84157445804715,0.0867034213739996,14.8855623320984,0.00654032999958836,-0.0183558671724895,35.5800026963094,-24.6441189795782,-0.742256241958754,33.0902064049888
4.105,52.7560536363818,7.8480491534746,0.0866124812858254,14.8868412180248,0.0065995031356775,-0.0180249392671696,35.6281642368701,-24.6839721780113,-0.740303540196858,33.1475697478452
4.11,52.8302094366878,7.85451795252787,0.086523126204758,14.888120032344,0.00663487403982814,-0.0177214835413141,35.6764228143452,-24.7237471370007,-0.738350057510443,33.2048213036845
4.115,52.9043721693373,7.86098085484082,0.0864352243294692,14.889398780066,0.00664914370620663,-0.0174433061326245,35.7247783377592,-24.7634435917027,-0.736395793899507,33.2619610535519
4.12,52.9785418331261,7.86743786353019,0.0863486543904798,14.8906774655867,0.00664476655398712,-0.017188385795795,35.7732307154349,-24.8030612772248,-0.734440749364052,33.3189889665202
4.125,53.0527184266113,7.87388898476658,0.0862633048215864,14.8919560927623,0.00662397124043971,-0.0169548602941152,35.8217798549929,-24.8425999286276,-0.732484923904076,33.3759050005445
4.13,53.1269019481431,7.88033422738614,0.086179072996533,14.8932346649742,0.00658877975922395,-0.016741013888994,35.8704256633503,-24.8820592809262,-0.730528317519581,33.4327091032558
4.135,53.2010923958942,7.88677360253937,0.0860958645256803,14.8945131851846,0.00654102496723096,-0.0165452658338118,35.9191680467202,-24.921439069092,-0.728570930210566,33.4894012126971
4.14,53.2752897678852,7.89320712337366,0.0860135926078754,14.8957916559857,0.00648236667048923,-0.0163661597873953,35.9680069106106,-24.9607390280546,-0.726612761977032,33.5459812580073
4.145,53.3494940620087,7.89963480474684,0.0859321774331231,14.8970700796419,0.0064143063883284,-0.0162023540701945,36.0169421598235,-24.9999588927029,-0.724653812818977,33.6024491600564
4.15,53.4237052760498,7.90605666296875,0.0858515456320224,14.8983484581275,0.00633820090474134,-0.016052612693208,36.0659736984538,-25.0390983978876,-0.722694082736403,33.6588048320357
4.15,53.4237052760498,7.90605666296875,0.0858515456320224,14.8983484581275,0.00633820090474134,-0.016052612693208,36.0659736984538,-25.0390983978876,-0.722694082736402,33.6588048320357
4.155,53.4979233336307,7.91247308575861,0.08577213079501,14.8996099592925,0.00639712281750241,-0.0157181508168271,36.1151014298888,-25.0781572784219,-0.720733571729308,33.7150477328758
4.16,53.5721481595278,7.91888444730519,0.0856943177989877,14.9008713945292,0.00643198262278045,-0.0154114901975458,36.164325256807,-25.1171352690841,-0.718772279797694,33.7711773822305
4.165,53.6463797529558,7.92529074749768,0.0856179732744882,14.9021327680628,0.00644551577726566,-0.0151304065485156,36.2136450811772,-25.1560321046187,-0.71681020694156,33.8271937692639
4.17,53.7206181128506,7.93169198975147,0.0855429745291009,14.9033940835807,0.00644020754781994,-0.0148728509237406,36.2630608042579,-25.1948475197384,-0.714847353160906,33.8830968709666
4.175,53.7948632379048,7.93808818057294,0.085469208705893,14.904655344301,0.00641831417017744,-0.0146369358683699,36.312572326596,-25.2335812491258,-0.712883718455732,33.9388866530241
4.18,53.8691151266005,7.94447932916566,0.0853965720082263,14.9059165530308,0.00638188226087639,-0.0144209226886467,36.3621795480262,-25.2722330274346,-0.710919302826038,33.9945630706231
4.185,53.9433737772387,7.95086544707415,0.0853249689856165,14.9071777122171,0.00633276662890704,-0.0142232097457568,36.41188236767,-25.3108025892923,-0.708954106271825,34.0501260692001
4.19,54.0176391879652,7.95724654786218,0.0852543118757522,14.9084388239911,0.00627264661997931,-0.0140423216872221,36.461680683935,-25.3492896693009,-0.706988128793092,34.1055755851356
4.195,54.0919113567947,7.96362264682231,0.0851845199981827,14.9096998902054,0.00620304111525865,-0.0138768995371131,36.5115743945137,-25.3876940020393,-0.705021370389838,34.1609115463999
4.2,54.1661902816318,7.96999376071406,0.0851155191955655,14.9109609124675,0.00612532229562818,-0.0137256915736905,36.5615633963828,-25.4260153220647,-0.703053831062066,34.2161338731523
4.2,54.1661902816318,7.96999376071406,0.0851155191955655,14.9109609124675,0.00612532229562818,-0.0137256915736905,36.5615633963828,-25.4260153220647,-0.703053831062066,34.2161338731523
4.205,54.2404758903892,7.9763602938523,0.0850477632800979,14.9122071613915,0.00618850074356886,-0.0133816462489175,36.6116475858024,-25.4642533639143,-0.701085510809773,34.2712420164012
4.21,54.3147681121823,7.98272263638853,0.0849816550406518,14.9134533496348,0.00622678840367016,-0.0130662229299671,36.6618268583152,-25.5024078621075,-0.69911640963296,34.3262354907235
4.215,54.3890669464069,7.98908078783175,0.0849170571808551,14.9146994806773,0.0062430093625501,-0.012777127615479,36.7121011087453,-25.540478551147,-0.697146527531627,34.3811142961088
4.22,54.4633723921668,7.99543475135074,0.0848538434150827,14.9159455575301,0.00623972920828261,-0.0125122475110473,36.7624702311976,-25.578465165521,-0.695175864505775,34.4358784199736
4.225,54.5376844483116,8.00178453332374,0.0847918975988143,14.9171915827989,0.0062192769293173,-0.0122696366811871,36.8129341190569,-25.6163674397045,-0.693204420555402,34.4905278380585
4.23,54.6120031134698,8.00813014293083,0.0847311129277649,14.9184375587381,0.00618376500119085,-0.0120475028648334,36.8634926649871,-25.6541851081618,-0.69123219568051,34.5450625152612
4.235,54.6863283860794,8.01447159178541,0.0846713912002242,14.9196834872971,0.00613510781351459,-0.0118441953544366,36.9141457609302,-25.6919179053474,-0.689259189881098,34.5994824064087
4.24,54.7606602644151,8.02080889360131,0.0846126421375481,14.9209293701603,0.00607503857519523,-0.0116581938488031,36.9648932981055,-25.7295655657084,-0.687285403157166,34.6537874569751
4.245,54.8349987466127,8.02714206389227,0.0845547827581251,14.9221752087807,0.00600512482502279,-0.0114880981973522,37.015735167009,-25.767127823686,-0.685310835508715,34.7079776037472
4.25,54.9093438306915,8.03347111970105,0.0844977368005532,14.9234210044092,0.00592678266297351,-0.0113326189614767,37.0666712574122,-25.804604413717,-0.683335486935743,34.7620527754438
4.25,54.9093438306915,8.03347111970105,0.0844977368005532,14.9234210044092,0.00592678266297351,-0.0113326189614767,37.0666712574122,-25.804604413717,-0.683335486935743,34.7620527754438
4.255,54.9836954475276,8.03979649466995,0.0844419943562439,14.9246540492788,0.00599987488499343,-0.0109696072882611,37.1177014583613,-25.8419950702364,-0.681359357438252,34.8160124018938
4.26,55.0580535292918,8.04611860716831,0.084387990382933,14.9258870389409,0.0060464130560728,-0.0106368094042373,37.1688256581768,-25.8792995276781,-0.679382447016241,34.8698559815967
4.265,55.1324180756073,8.05243745558361,0.0843355799595654,14.9271199761103,0.00606939291835247,-0.0103317995031531,37.220043744452,-25.9165175204778,-0.677404755669709,34.9235835299961
4.27,55.2067890857812,8.05875304222844,0.0842846298073133,14.9283528630972,0.00607153606277451,-0.0100523438454875,37.2713556040529,-25.9536487830737,-0.675426283398659,34.9771950492388
4.275,55.2811665588441,8.06506537286118,0.08423501736795,14.9295857018671,0.00605531319309918,-0.00979638550167289,37.3227611231168,-25.9906930499091,-0.673447030203087,35.0306905291243
4.28,55.3555504935864,8.07137445625211,0.0841866299553127,14.9308184940922,0.00602296545916283,-0.009562030338052,37.3742601870517,-26.0276500554339,-0.671466996082997,35.0840699479855
4.285,55.4299408885903,8.07768030379118,0.0841393639739615,14.9320512411947,0.00597652402145497,-0.00934753413885317,37.4258526805356,-26.0645195341064,-0.669486181038386,35.1373332735058
4.29,55.5043377422586,8.08398292913361,0.0840931241996093,14.9332839443822,0.00591782799543911,-0.00915129076711557,37.4775384875153,-26.1013012203951,-0.667504585069256,35.1904804634781
4.295,55.5787410528417,8.09028234787996,0.0840478231163302,14.9345166046795,0.00584854091166568,-0.00897182127611143,37.5293174912062,-26.1379948487805,-0.665522208175606,35.2435114665085
4.3,55.6531508184606,8.09657857728779,0.0840033803060011,14.9357492229532,0.00577016581499574,-0.00880776389152537,37.5811895740909,-26.1746001537571,-0.663539050357436,35.2964262226705
4.3,55.6531508184606,8.09657857728779,0.0840033803060011,14.9357492229532,0.00577016581499574,-0.00880776389152537,37.5811895740909,-26.1746001537571,-0.663539050357436,35.2964262226705
4.305,55.7275669713321,8.1028720951168,0.0839603401346243,14.9369709783641,0.00585908470239379,-0.00841400035046616,37.6331546179189,-26.2111168698349,-0.661555111614746,35.3492241262137
4.31,55.8019894451094,8.10916336219619,0.0839191856730914,14.9381926854477,0.00591877968348837,-0.00805302202995747,37.6852125037052,-26.2475447315415,-0.659570391947536,35.4019046477272
4.315,55.8764182396894,8.11545237507648,0.0838797596793538,14.9394143460071,0.00595252203447666,-0.00772219167052448,37.7373631117303,-26.2838834734238,-0.657584891355806,35.4544678242684
4.32,55.9508533546145,8.12173913465748,0.0838419175669247,14.9406359615082,0.00596328385996571,-0.0074190814035196,37.7896063215387,-26.3201328300499,-0.655598609839557,35.506913678448
4.325,56.0252947891162,8.12802364566251,0.0838055264003027,14.9418575331394,0.00595376353119884,-0.0071414560483843,37.8419420119384,-26.3562925360108,-0.653611547398787,35.5592422194631
4.33,56.0997425421545,8.13430591616259,0.0837704639703642,14.9430790618607,0.00592640900447323,-0.006887257779232,37.8943700610002,-26.3923623259225,-0.651623704033498,35.6114534440542
4.335,56.1741966124536,8.14058595714608,0.0837366179433077,14.9443005484439,0.00588343919724198,-0.00665459204307095,37.9468903460569,-26.4283419344275,-0.649635079743689,35.6635473373937
4.34,56.248656998534,8.14686378212995,0.0837038850770996,14.9455219935062,0.00582686358794978,-0.00644171462039435,37.9995027437022,-26.4642310961969,-0.64764567452936,35.7155238739096
4.345,56.3231236987414,8.15313940680886,0.083672170499959,14.9467433975369,0.00575850018913533,-0.00624701973034369,38.0522071297905,-26.5000295459323,-0.645655488390511,35.7673830180508
4.35,56.3975967112727,8.15941284873861,0.0836413870458961,14.9479647609209,0.00567999202963312,-0.00606902909213359,38.1050033794357,-26.5357370183674,-0.643664521327142,35.8191247249967
4.35,56.3975967112727,8.15941284873861,0.0836413870458961,14.9479647609209,0.00567999202963312,-0.00606902909213359,38.1050033794357,-26.5357370183674,-0.643664521327142,35.8191247249967
4.355,56.4720759682696,8.16568463872246,0.083612142811141,14.9491769016377,0.00578763807607804,-0.00563494946017023,38.1578913670105,-26.5713532482701,-0.641672773339254,35.8707483465851
4.36,56.5465614034828,8.17195528866197,0.0835849772791511,14.950389003849,0.00586264060076901,-0.00523704152671285,38.2108709661456,-26.6068779704443,-0.639680244426846,35.9222533201136
4.365,56.6210530170906,8.17822479303324,0.0835597169832204,14.9516010681049,0.00590863022702979,-0.00487238892507456,38.2639420497295,-26.6423109197318,-0.637686934589917,35.9736397096902
4.37,56.6955508088665,8.18449315120431,0.0835362024496229,14.9528130947096,0.0059289055160434,-0.00453830760282789,38.3171044899067,-26.677651831014,-0.635692843828469,36.0249075634507
4.375,56.7700547782279,8.19076036684858,0.0835142870832466,14.9540250837795,0.00592646128079867,-0.00423232719672037,38.3703581580781,-26.712900439214,-0.633697972142501,36.076056914702
4.38,56.8445649242809,8.19702644741414,0.083493836142444,14.9552370352898,0.00590401452581447,-0.00395217394831108,38.4237029248992,-26.7480564792984,-0.631702319532014,36.1270877829818
4.385,56.9190812458602,8.20329140364391,0.0834747257957964,14.9564489491116,0.00586402821546259,-0.00369575502474781,38.4771386602804,-26.7831196862792,-0.629705885997006,36.1780001750408
4.39,56.9936037415648,8.20955524914206,0.0834568422539989,14.9576608250412,0.00580873305838879,-0.00346114412033646,38.5306652333852,-26.8180897952157,-0.627708671537478,36.2287940857541
4.395,57.0681324097909,8.21581799998262,0.0834400809707383,14.9588726628238,0.00574014747646134,-0.00324656822793331,38.5842825126304,-26.8529665412163,-0.625710676153431,36.2794694989666
4.4,57.1426672487612,8.22207967435648,0.083424345907033,14.9600844621711,0.00566009590984076,-0.00305039548092763,38.6379903656848,-26.8877496594407,-0.623711899844864,36.3300263882774
4.4,57.1426672487612,8.22207967435648,0.083424345907033,14.9600844621711,0.00566009590984076,-0.00305039548092763,38.6379903656848,-26.8877496594407,-0.623711899844863,36.3300263882774
4.405,57.2172081911446,8.22834083454528,0.0834102776677978,14.9612882292736,0.0057765601040364,-0.00258365161864701,38.6917886594686,-26.9224388851013,-0.621712342611777,36.3804640903922
4.41,57.2917551712982,8.23460202313183,0.0833984446250587,14.9624919706775,0.00585791427096583,-0.00215577600314743,38.7456772601529,-26.9570339534658,-0.61971200445417,36.4307820321613
4.415,57.3663081895007,8.24086323444949,0.0833886603365208,14.9636956852424,0.00590804921090583,-0.00176365124839054,38.7996560331587,-26.9915345998584,-0.617710885372043,36.4809803015185
4.42,57.4408672455933,8.24712446803092,0.0833807533300417,14.9648993717199,0.00593050365075834,-0.0014044035073119,38.8537248431563,-27.0259405596621,-0.615708985365396,36.5310589692326
4.425,57.5154323390314,8.253385727995,0.0833745659326022,14.966103028806,0.00592849335157551,-0.0010753840036662,38.9078835540647,-27.0602515683208,-0.613706304434229,36.5810180901116
4.43,57.5900034689314,8.2596470224897,0.0833699531883478,14.9673066551802,0.0059049379600492,-0.000774151891242756,38.9621320290507,-27.0944673613408,-0.611702842578544,36.6308577041246
4.435,57.6645806341131,8.26590836318628,0.0833667818592278,14.968510249536,0.00586248576533837,-0.000498458356365709,39.0164701305283,-27.1285876742931,-0.609698599798337,36.6805778374453
4.44,57.7391638331386,8.27216976482055,0.0833649295021019,14.969713810603,0.00580353651493165,-0.000246231881611116,39.070897720158,-27.1626122428149,-0.607693576093611,36.7301785034233
4.445,57.8137530643468,8.27843124477757,0.0833642836168198,14.9709173371629,0.00573026242795663,-1.55645961521098e-05,39.1254146588461,-27.1965408026122,-0.605687771464365,36.779659703488
4.45,57.888348325885,8.28469282271595,0.0833647408599993,14.9721208280604,0.00564462753944394,0.000195300360803504,39.1800208067442,-27.2303730894611,-0.6036811859106,36.8290214279887
4.45,57.888348325885,8.28469282271595,0.0833647408599993,14.9721208280604,0.00564462753944394,0.000195300360803504,39.1800208067442,-27.2303730894611,-0.6036811859106,36.8290214279887
4.455,57.9629495584786,8.29095497808097,0.083366821845714,14.9733167139824,0.00572268007067039,0.000630776845420523,39.2347160232481,-27.2641088392102,-0.601673819432314,36.8782631261204
4.46,58.0375567042371,8.29721817424907,0.0833709880300623,14.9745125821706,0.00576917726861348,0.00102988608706132,39.2895001669974,-27.2977477877821,-0.599665672029509,36.9273843210728
4.465,58.112169762932,8.30348241208305,0.0833770649704763,14.975708429982,0.00578770598384224,0.00139554607155246,39.344373095875,-27.3312896711761,-0.597656743702183,36.9763850934185
4.47,58.1867887339418,8.30974769703837,0.0833848922372704,14.9769042548524,0.00578152581688607,0.00173044694173232,39.3993346670059,-27.3647342254692,-0.595647034450338,37.0252655074503
4.475,58.2614136162997,8.3160140386015,0.0833943223181408,14.9781000543255,0.00575359627517891,0.00203706827985139,39.4543847367572,-27.398081186819,-0.593636544273973,37.074025612319
4.48,58.3360444087366,8.32228144978012,0.0834052196059275,14.9792958260733,0.00570660181938112,0.00231769514408201,39.5095231607368,-27.4313302914649,-0.591625273173088,37.1226654430941
4.485,58.4106811097208,8.32854994664085,0.0834174594636695,14.9804915679083,0.00564297494868047,0.00257443293765234,39.5647497937932,-27.4644812757308,-0.589613221147683,37.17118502175
4.49,58.4853237174928,8.33481954789072,0.083430927361224,14.9816872777919,0.00556491746936781,0.00280922118827087,39.6200644900147,-27.4975338760263,-0.587600388197759,37.2195843580851
4.495,58.559972230098,8.34109027449867,0.08344551807818,14.9828829538363,0.00547442007999639,0.00302384631059811,39.6754671027286,-27.5304878288494,-0.585586774323314,37.267863450576
4.5,58.6346266454156,8.34736214935387,0.0834611349682202,14.9840785943047,0.0053732803962261,0.00321995341976079,39.7309574845008,-27.563342870788,-0.58357237952435,37.3160222871737
4.5,58.6346266454156,8.34736214935387,0.0834611349682202,14.9840785943047,0.0053732803962261,0.00321995341976079,39.7309574845008,-27.563342870788,-0.58357237952435,37.3160222871737
4.505,58.7092869382646,8.35363521704452,0.0834777185563916,14.9852657319172,0.00527140789499587,0.0034106054307148,39.786535487135,-27.5960987385222,-0.581557203800866,37.3640608095465
4.51,58.7839530834213,8.3599095226422,0.0834952134618911,14.9864528322459,0.00516089626958935,0.00358471711339106,39.8422009616722,-27.6287551688261,-0.579541247152862,37.4119789542216
4.515,58.8586250785124,8.36618509191258,0.0835135404381361,14.9876398938717,0.00504315626982617,0.00374365152302782,39.8979537583899,-27.6613118985699,-0.577524509580338,37.4597766873968
4.52,58.9333029210752,8.37246195163393,0.0835326267768547,14.988826915512,0.00491945590158415,0.00388866241896224,39.9537937268016,-27.6937686647219,-0.575506991083295,37.5074539669791
4.525,59.0079866085755,8.37874012938422,0.0835524057834028,14.9900138960131,0.00479093297262518,0.00402090287085037,40.0097207156562,-27.7261252043505,-0.573488691661731,37.5550107431779
4.53,59.0826761384238,8.38501965335077,0.0835728162934423,14.991200834342,0.0046586066052242,0.00414143320322987,40.0657345729372,-27.7583812546262,-0.571469611315647,37.602446959057
4.535,59.15737150799,8.39130055216032,0.0835938022277846,14.9923877295788,0.00452338779845077,0.00425122832458185,40.1218351458622,-27.7905365528236,-0.569449750045044,37.6497625510473
4.54,59.2320727146159,8.39758285472781,0.0836153121824405,14.993574580908,0.00438608911486082,0.00435118448698417,40.1780222808825,-27.8225908363236,-0.567429107849921,37.6969574494235
4.545,59.3067797556272,8.40386659012202,0.0836372990511321,14.9947613876111,0.0042474335610392,0.00444212551941695,40.2342958236821,-27.8545438426152,-0.565407684730278,37.7440315787469
4.55,59.381492628343,8.4101517874468,0.0836597196777495,14.9959481490583,0.00410806272573743,0.0045248085744058,40.2906556191774,-27.8863953092974,-0.563385480686115,37.7909848582775
4.55,59.381492628343,8.4101517874468,0.0836597196777495,14.9959481490583,0.00410806272573743,0.0045248085744058,40.2906556191774,-27.8863953092974,-0.563385480686115,37.7909848582775
4.555,59.4562114104897,8.4164371196271,0.0836807213307805,14.9971215733869,0.00345518954138454,0.00388466516832227,40.3471015115164,-27.9181449740818,-0.561362495717433,37.8378187155738
4.56,59.5309361755874,8.42272131106407,0.0836986509901707,14.9982949526848,0.0028690954887415,0.00329532886604486,40.4036333440783,-27.9497925747942,-0.55933872982423,37.8845343283623
4.565,59.6056669153406,8.42900445959794,0.0837137527183778,14.9994682904952,0.00234393291891214,0.00275286182655715,40.4602509594729,-27.9813378493766,-0.557314183006508,37.9311312529885
4.57,59.6804036223159,8.43528665260318,0.0837262516407757,15.0006415894524,0.00187432935090214,0.00225362337637269,40.5169541995398,-28.0127805358895,-0.555288855264265,37.9776090654204
4.575,59.7551462898661,8.44156796790838,0.0837363553773598,15.001814851457,0.00145535093289538,0.00179424857409095,40.573742905348,-28.044120372514,-0.553262746597503,38.0239673598962
4.58,59.829894912062,8.44784847464303,0.0837442553706954,15.0029880778211,0.00108246852812184,0.00137162817524655,40.6306169171953,-28.0753570975533,-0.551235857006221,38.0702057476675
4.585,59.9046494836279,8.45412823401682,0.0837501281171726,15.0041612693887,0.000751526255367527,0.000982889926053247,40.6875760746078,-28.1064904494356,-0.549208186490419,38.1163238558295
4.59,59.9794099998832,8.46040730003591,0.0837541363077505,15.0053344266343,0.000458712334797055,0.000625381122519401,40.7446202163393,-28.1375201667155,-0.547179735050098,38.1623213262347
4.595,60.0541764566881,8.46668572016125,0.0837564298846797,15.0065075497439,0.000200532079644383,0.000296652360987891,40.8017491803705,-28.1684459880763,-0.545150502685256,38.2081978144821
4.6,60.1289488503941,8.47296353591288,0.0837571470197173,15.0076806386818,-2.62171020773284e-05,-5.55758289950774e-06,40.8589628039089,-28.1992676523321,-0.543120489395895,38.2539529889792
4.6,60.1289488503941,8.47296353591288,0.0837571470197173,15.0076806386818,-2.62171020773284e-05,-5.55758289950774e-06,40.8589628039089,-28.1992676523321,-0.543120489395895,38.2539529889792
4.605,60.2037242106575,8.47924106443763,0.0837571202865175,15.0076804069604,-2.48046448411505e-05,-5.14071001301198e-06,40.9162609233878,-28.2299848984299,-0.541089695182014,38.2995843043985
4.61,60.2784995693541,8.48551859777516,0.0837570955643239,15.0076801752474,-2.34735818451837e-05,-4.7528187016756e-06,40.9736433744661,-28.2605974654517,-0.539058120043613,38.3450893222927
4.615,60.3532749265049,8.49179613567766,0.083757072713518,15.0076799435429,-2.2218896012136e-05,-4.39181999134568e-06,41.0311099920277,-28.2911050926164,-0.537025763980692,38.3904678808352
4.62,60.4280502821294,8.49807367791143,0.0837570516045354,15.0076797118468,-2.10358994426613e-05,-4.0557792267058e-06,41.0886606101806,-28.3215075192819,-0.534992626993251,38.4357198186901
4.625,60.5028256362464,8.504351224256,0.0837570321171231,15.0076794801592,-1.99202106810443e-05,-3.74290448886418e-06,41.146295062257,-28.3518044849477,-0.53295870908129,38.4808449750125
4.63,60.5776009888731,8.51062877450338,0.0837570141396537,15.0076792484801,-1.88677336118527e-05,-3.45153589089395e-06,41.2040131808123,-28.3819957292562,-0.53092401024481,38.5258431894487
4.635,60.6523763400263,8.51690632845725,0.0837569975684898,15.0076790168095,-1.78746378674619e-05,-3.18013568437843e-06,41.2618147976245,-28.4120809919955,-0.528888530483809,38.5707143021358
4.64,60.7271516897214,8.52318388593228,0.0837569823073966,15.0076787851473,-1.69373406353481e-05,-2.927279115137e-06,41.3196997436944,-28.442060013101,-0.526852269798289,38.6154581537021
4.645,60.8019270379732,8.52946144675348,0.0837569682669984,15.0076785534937,-1.60524897623612e-05,-2.69164597103685e-06,41.377667849244,-28.4719325326579,-0.524815228188249,38.6600745852667
4.65,60.8767023847956,8.53573901075559,0.0837569553642753,15.0076783218485,-1.52169480608715e-05,-2.47201276916339e-06,41.4357189437172,-28.5016982909031,-0.52277740565369,38.70456343844
