0.85,11.9112246932427,-0.0204329184291463,0.00389747366946337,12.8219284357835,0.136489134809467,0.257750116068069,24.8104422564925,7.15773049667423,-1.84628828190284,9.86004872512879
0.855,11.9753184309673,-0.019518878443761,0.00511925829612444,12.816949425751,0.113608270478429,0.231237149291235,24.8001311986068,7.11263170933938,-1.84484318107885,9.77474076266147
0.86,12.0393867293252,-0.0186400815869957,0.00621255498742889,12.8119465659466,0.0927691774001708,0.206349731071235,24.789879804571,7.0674936854204,-1.84339729933034,9.68956348319142
0.865,12.1034296946745,-0.0177946448651811,0.00718540503050516,12.8069276325095,0.0738528167435654,0.183051670099357,24.7796882015643,7.022316495265,-1.84195063665731,9.60451333381555
0.87,12.1674474236397,-0.0169807640135813,0.00804564586544933,12.8018989907877,0.0567397419714461,0.16129786851174,24.769556516756,6.97710020954493,-1.84050319305976,9.51958717563235
0.875,12.2314400038991,-0.0161967277309414,0.00880087030007365,12.796865770281,0.0413112751519344,0.14103581989245,24.7594848773043,6.93184489925629,-1.83905496853769,9.434782263089
0.88,12.2954075149587,-0.0154409286798761,0.00945839316122357,12.7918320301092,0.0274505634817534,0.122207078513642,24.749473410356,6.88655063571999,-1.8376059630911,9.35009622245027
0.885,12.3593500288946,-0.0147118714122399,0.0100252251368487,12.7868009128341,0.0150435015388909,0.104748660796276,24.7395222430453,6.84121749058206,-1.83615617671999,9.26552702986502
0.89,12.4232676110506,-0.0140081774558275,0.0105080533924496,12.7817747852214,0.00397951206017527,0.0885943492904156,24.7296315024938,6.79584553581406,-1.83470560942436,9.18107298944471
0.895,12.4871603206818,-0.0133285878524018,0.0109132284184572,12.7767553651929,-0.00584781564251534,0.0736758784465169,24.719801315809,6.75043484371346,-1.83325426120421,9.09673271170497
0.9,12.5510282115404,-0.0126719634671238,0.0112467564834089,12.7717438347893,-0.0145402254084985,0.0599239895616639,24.7100318100843,6.70498548690401,-1.83180213205954,9.01250509265704
0.9,12.5510282115404,-0.0126719634671238,0.0112467564834089,12.7717438347893,-0.0145402254084985,0.0599239895616639,24.7100318100843,6.70498548690401,-1.83180213205954,9.01250509265704
0.905,12.6148104598159,-0.0119856432728321,0.0115842496882902,12.7426286291148,-0.00213951735958357,0.075004354007847,24.700323112398,6.65949753833612,-1.83034922199035,8.92841882385757
0.91,12.6784461820295,-0.0112168419144957,0.0119961134549158,12.7135186765851,0.00958162815779354,0.0896728024310508,24.6906753498125,6.61397107128723,-1.82889553099664,8.8445052460421
0.915,12.7419353333968,-0.010364339591613,0.0124802976294541,12.6844154142588,0.0206511455496012,0.103933222903952,24.6810886493737,6.56840615936219,-1.82744105907841,8.76076756553924
0.92,12.8052778621169,-0.00942694032181584,0.0130347731846474,12.6553200804661,0.0310961087851358,0.117790162849604,24.6715631381104,6.52280287649361,-1.82598580623567,8.67720916887998
0.925,12.8684737093323,-0.00840347357613018,0.0136575352964152,12.6262337309448,0.0409427489496941,0.131248742308136,24.6620989430335,6.47716129694227,-1.8245297724684,8.5938336241433
0.93,12.931522809104,-0.00729279566072768,0.0143466060068298,12.5971572541466,0.0502164724907687,0.144314575287775,24.6526961911351,6.43148149529745,-1.82307295777661,8.51064468272587
0.935,12.9944250884039,-0.00609379087031059,0.0151000365132548,12.568091385712,0.0589418799600037,0.15699369858042,24.6433550093883,6.38576354647734,-1.8216153621603,8.42764628155519
0.94,13.057180467123,-0.004805372435256,0.015915909118657,12.5390367221205,0.0671427850888986,0.169292507475097,24.6340755247458,6.34000752572937,-1.82015698561947,8.34484254576369
0.945,13.1197888580953,-0.00342648328366329,0.0167923388766597,12.5099937335288,0.0748422340608439,0.181217697805983,24.6248578641397,6.2942135086306,-1.81869782815413,8.26223779183999
0.95,13.1822501671366,-0.00195609663739227,0.0177274749616574,12.4809627758145,0.0820625248647712,0.192776213812599,24.6157021544808,6.24838157108807,-1.81723788976426,8.17983653127241
0.95,13.1822501671366,-0.00195609663739227,0.0177274749616574,12.4809627758145,0.0820625248647712,0.192776213812599,24.6157021544808,6.24838157108807,-1.81723788976426,8.17983653127241
0.955,13.2445655999044,-0.000392579526685587,0.0187202601077193,12.4524715242298,0.0890617090286552,0.204277089976718,24.6066085226574,6.20251178933917,-1.81577717044987,8.09764202624683
0.96,13.3067363538398,0.00126568947531177,0.0197696445685725,12.4239930901216,0.0956104479713621,0.21541719462112,24.597577095535,6.15660423995203,-1.81431567021096,8.01565776731022
0.965,13.3687623119005,0.00301967294296913,0.0208738434060987,12.395527575065,0.101729365828582,0.226204113618544,24.5886079999557,6.11065899982584,-1.81285338904754,7.93388891694205
0.97,13.4306433500528,0.0048703015328973,0.0220311098550278,12.3670750018076,0.107438402028439,0.236645524812534,24.5797013627368,6.06467614619123,-1.81139032695959,7.85234085527767
0.975,13.4923793373723,0.00681847397650163,0.0232397357044912,12.3386353232101,0.11275683032123,0.24674916729344,24.5708573106709,6.01865575661063,-1.80992648394712,7.77101918639113
0.98,13.5539701361565,0.00886505715711207,0.0244980515346765,12.3102084305295,0.117703277505612,0.256522814113311,24.5620759705246,5.97259790897864,-1.80846186001013,7.6899297451679
0.985,13.6154156020467,0.0110108862615329,0.0258044268249535,12.2817941610764,0.122295741822886,0.265974248117589,24.553357469038,5.92650268152237,-1.80699645514863,7.60907860478295
0.99,13.6767155841583,0.0132567649967802,0.0271572699483642,12.2533923052806,0.126551610995917,0.275111240598461,24.5447019329239,5.88037015280179,-1.8055302693626,7.5284720847997
0.995,13.7378699252192,0.0156034658637198,0.0285550280658951,12.2250026131964,0.130487679895434,0.283941532499593,24.5361094888671,5.83420040171012,-1.80406330265206,7.44811675990644
1,13.7988784617147,0.0180517304801651,0.0299961869326201,12.1966248004794,0.134120167821285,0.292472817925625,24.5275802635236,5.78799350747415,-1.80259555501699,7.36801946930738
1,13.7988784617147,0.0180517304801651,0.0299961869326201,12.1966248004794,0.134120167821285,0.292472817925625,24.5275802635236,5.78799350747415,-1.80259555501699,7.36801946930738
1.005,13.8597426430007,0.020603200606409,0.0314803105468433,12.1689175840931,0.137805003465222,0.301126988372541,24.5191143835201,5.74174954965461,-1.8011270264574,7.2881856097024
1.01,13.9204639097939,0.023259512233438,0.0330069668056252,12.141222376425,0.141197547292076,0.309487149850436,24.510711975453,5.69546860814651,-1.7996577169733,7.20862091587992
1.015,13.9810420764359,0.0260213527584404,0.0345747047092523,12.1135388224393,0.144312985658273,0.317560906783425,24.5023731658875,5.6491507631795,-1.79818762656467,7.12933316629641
1.02,14.0414769512787,0.0288893797712903,0.0361821110677263,12.0858665473597,0.147165980059041,0.325355777069622,24.4940980813575,5.60279609531822,-1.79671675523153,7.050330452993
1.025,14.1017683368556,0.0318642215158937,0.0378278100449413,12.0582051609211,0.149770682730791,0.332879182907629,24.4858868483641,5.55640468546265,-1.79524510297386,6.97162119461678
1.03,14.1619160300554,0.0349464773734671,0.0395104626599903,12.0305542612332,0.152140751848749,0.340138442978306,24.4777395933755,5.50997661484844,-1.79377266979167,6.89321415023511
1.035,14.2219198222998,0.0381367183634803,0.041228766252477,12.0029134382803,0.154289366312277,0.347140765845784,24.4696564428257,5.46351196504727,-1.79229945568497,6.81511843396542
1.04,14.2817794997212,0.0414354876586638,0.0429814539179905,11.9752822770826,0.156229240132855,0.353893244430263,24.4616375231142,5.4170108179672,-1.79082546065374,6.73734353044347
1.045,14.3414948433436,0.0448433011115809,0.0447672939177702,11.9476603605435,0.157972636417248,0.360402851476003,24.453682960605,5.370473255853,-1.789350684698,6.6598993111526
1.05,14.401065629263,0.0483606477891656,0.0465850890686746,11.9200472720028,0.159531380962405,0.366676435867428,24.4457928816257,5.3238993612865,-1.78787512781773,6.5827960516373
1.05,14.401065629263,0.0483606477891656,0.0465850890686746,11.9200472720028,0.159531380962405,0.366676435867428,24.4457928816257,5.3238993612865,-1.78787512781773,6.5827960516373
1.055,14.4604934700452,0.051989140344773,0.048434870405548,11.8932005421807,0.161327691942728,0.373196744298428,24.4379674124673,5.27728921718692,-1.78639879001295,6.50604268028976
1.06,14.5197799696053,0.0557303911859986,0.0503166684658419,11.8663629349087,0.162938686724636,0.37948422130112,24.430206679383,5.23064290681121,-1.78492167128365,6.42964865369024
1.065,14.5789248838711,0.0595848501648473,0.0522293354347384,11.8395340255535,0.164375602644625,0.385545384013541,24.4225108085872,5.18396051375443,-1.78344377162982,6.35362570749652
1.07,14.6379279641108,0.0635529420992188,0.0541717557840878,11.8127133943729,0.165649277768659,0.391386629525725,24.4148799262555,5.13724212195001,-1.78196509105148,6.27798606644772
1.075,14.6967889571174,0.0676350672852904,0.0561428456667235,11.7859006282942,0.166770162802599,0.397014232955597,24.4073141585233,5.09048781567016,-1.78048562954861,6.20274246654648
1.08,14.7555076053918,0.0718316020109278,0.0581415523033187,11.7590953224815,0.1677483326599,0.402434346064151,24.3998136314853,5.04369767952614,-1.77900538712123,6.12790817826138
1.085,14.8140836473246,0.0761428990694697,0.0601668533630006,11.7322970817108,0.168593497688769,0.407652996384315,24.3923784711946,4.99687179846867,-1.77752436376932,6.05349703075856
1.09,14.8725168173763,0.0805692882720968,0.0622177563408821,11.7055055215664,0.169315014577266,0.412676086775952,24.3850088036621,4.95001025778816,-1.7760425594929,5.97952343716721
1.095,14.9308068462557,0.0851110769574251,0.0642932979346462,11.6787202694717,0.169921896931466,0.417509395370308,24.3777047548555,4.90311314311515,-1.77455997429196,5.9060024208779
1.1,14.9889534610961,0.0897685504978063,0.0663925434213007,11.6519409655712,0.170422825538843,0.422158575868704,24.370466450699,4.85618054042056,-1.77307660816649,5.83294964286487
1.1,14.9889534610961,0.0897685504978063,0.0663925434213007,11.6519409655712,0.170422825538843,0.422158575868704,24.370466450699,4.85618054042056,-1.77307660816649,5.83294964286487
1.105,15.0469582666642,0.0945432094286964,0.0685157759302754,11.6259518154908,0.171255480538607,0.427103667716043,24.3632940170718,4.80921253601604,-1.77159246111651,5.76037988774752
1.11,15.1048228595227,0.0994365565362693,0.0706632769447698,11.5999692167309,0.171975058842843,0.431866863763095,24.3561875798079,4.76220921655431,-1.77010753314201,5.68830875671973
1.115,15.1625469492971,0.104448848976424,0.0728341501816923,11.5739928142494,0.172589908358529,0.436453424523122,24.3491472646951,4.71517066902948,-1.76862182424299,5.61675418637502
1.12,15.2201302422498,0.109580323697321,0.0750275253927223,11.548022266061,0.173108073368665,0.440868503366093,24.3421731974744,4.66809698077734,-1.76713533441944,5.54573487953929
1.125,15.2775724414495,0.114831197876389,0.0772425578287219,11.5220572438247,0.17353730335811,0.445117146665439,24.335265503839,4.62098823947577,-1.76564806367138,5.47527033763362
1.13,15.3348732469384,0.120201669353819,0.0794784277056631,11.4960974333213,0.173885061587962,0.449204294196743,24.3284243094334,4.57384453314494,-1.7641600119988,5.40538089378743
1.135,15.3920323558964,0.125691917061828,0.0817343396732398,11.4701425348335,0.174158533418068,0.453134779767455,24.3216497398531,4.52666595014774,-1.7626711794017,5.33608774659094
1.14,15.449049462802,0.131302101449317,0.0840095222869684,11.4441922634352,0.174364634387715,0.456913332050927,24.3149419206434,4.47945257919001,-1.76118156588007,5.26741299434993
1.145,15.5059242595905,0.137032364901264,0.0863032274849173,11.4182463491991,0.174510018062429,0.460544575592025,24.3083009772988,4.43220450932094,-1.75969117143393,5.1993796696778
1.15,15.5626564358096,0.142882832152362,0.0886147300699215,11.3923045373286,0.174601083651046,0.464033031963061,24.3017270352621,4.38492182993332,-1.75819999606327,5.1320117742276
1.15,15.5626564358096,0.142882832152362,0.0886147300699215,11.3923045373286,0.174601083651046,0.464033031963061,24.3017270352621,4.38492182993332,-1.75819999606327,5.1320117742276
1.155,15.619247252553,0.148854692812575,0.0909442945951144,11.3670328270808,0.175007760966234,0.467769067364519,24.2952202199237,4.33760463076388,-1.75670803976809,5.06533332172651
1.16,15.6756979641197,0.154949137034686,0.0932921871445525,11.3417659055221,0.175352720535895,0.471364940482682,24.2887806566206,4.29025300189359,-1.75521530254839,4.99936950129061
1.165,15.7320082464332,0.161166265093384,0.0956577173176574,11.3165035248447,0.175642107880164,0.474824801373154,24.2824084706361,4.24286703374801,-1.75372178440416,4.93414764185084
1.17,15.7881777732243,0.167506161166516,0.0980402152502249,11.2912454514634,0.175881837753008,0.478152714609705,24.2761037871985,4.19544681709756,-1.75222748533542,4.86969618733445
1.175,15.8442062161764,0.173968893680364,0.100439031188571,11.2659914660482,0.176077600607975,0.481352659945616,24.2698667314802,4.14799244305783,-1.75073240534216,4.80604472811538
1.18,15.9000932450667,0.180554515650764,0.102853535067345,11.2407413635032,0.176234868885181,0.484428533103204,24.2636974285977,4.10050400308991,-1.74923654442438,4.74322403049248
1.185,15.9558385279046,0.187263065019794,0.105283116091535,11.2154949528992,0.17635890312526,0.487384146674701,24.25759600361,4.05298158900069,-1.74773990258208,4.68122916000717
1.19,16.0114417310673,0.194094564987564,0.107727182323375,11.1902520573638,0.1764547579095,0.490223231123324,24.2515625815179,4.00542529294314,-1.74624247981526,4.61940884664675
1.195,16.0669025194314,0.201049024339096,0.110185160274358,11.165012513934,0.176527287634728,0.492949435871164,24.2455972872637,3.95783520741666,-1.74474427612392,4.55751136188074
1.2,16.1222205565024,0.208126437765978,0.112656494502865,11.1397761733738,0.176581152128174,0.495566330456946,24.2397002457299,3.91021142526732,-1.74324529150806,4.49553382162932
1.2,16.1222205565024,0.208126437765978,0.112656494502865,11.1397761733738,0.176581152128174,0.495566330456946,24.2397002457299,3.91021142526732,-1.74324529150806,4.49553382162932
1.205,16.177396763274,0.215327719739499,0.115141450538929,11.1150859674718,0.176925683523796,0.498397992183067,24.2338715817385,3.86255403968822,-1.74174552596768,4.43347268405097
1.21,16.2324320552935,0.222653784570336,0.117640296254201,11.09039971627,0.177244103360296,0.501122749428032,24.2281114200502,3.81486314421975,-1.74024497950278,4.37132433907972
1.215,16.2873260859552,0.230104606550848,0.120152505280937,11.0657172740515,0.177540888902854,0.503743853133251,24.2224198853638,3.7671388327499,-1.73874365211336,4.30908604655517
1.22,16.3420785074315,0.237680147149352,0.122677567342817,11.0410385076027,0.17782034147727,0.506264489046977,24.2167971023151,3.71938119951457,-1.73724154379942,4.24675522162388
1.225,16.3966889707915,0.245380355274748,0.125214987930658,11.0163632960238,0.178086591209383,0.508687778385187,24.2112431954762,3.67159033909782,-1.73573865456096,4.1843294290897
1.23,16.4511571261161,0.253205167537623,0.127764287981546,10.9916915305165,0.178343601642106,0.511016778562585,24.2057582893546,3.62376634643221,-1.73423498439798,4.12180637787196
1.235,16.5054826226103,0.261154508507565,0.130325003561801,10.9670231141517,0.178595174232317,0.51325448398283,24.2003425083925,3.57590931679909,-1.73273053331048,4.05918391557355
1.24,16.5596651087125,0.269228290966656,0.132896685553925,10.9423579616184,0.178844952732783,0.515403826878916,24.194995976966,3.52801934582884,-1.73122530129846,3.99646002315982
1.245,16.6137042322015,0.277426416158816,0.135478899347993,10.9176959989584,0.179096427458019,0.517467678197689,24.189718819384,3.48009652950122,-1.72971928836192,3.9336328097499
1.25,16.6675996402996,0.285748774035035,0.138071224537544,10.893037163287,0.179352939439309,0.519448848521446,24.1845111598879,3.43214096414561,-1.72821249450086,3.87070050752049
1.25,16.6675996402996,0.285748774035035,0.138071224537544,10.893037163287,0.179352939439309,0.519448848521446,24.1845111598879,3.43214096414561,-1.72821249450086,3.87070050752049
1.255,16.7213536153014,0.294197762603144,0.140675858019608,10.8695667051427,0.180440835458385,0.52238820362562,24.1793731226502,3.38415274644133,-1.72670491971528,3.80765849402521
1.26,16.7749684297385,0.30277579934719,0.143294945153457,10.8461031188878,0.181487552647517,0.525230705696924,24.1743048317739,3.33613197341788,-1.72519656400518,3.74450155692637
1.265,16.8284437150514,0.31148278672522,0.145928007599745,10.8226462676275,0.182497293962462,0.527978720798361,24.1693064112919,3.2880787424553,-1.72368742737057,3.68122723508649
1.27,16.8817791017287,0.320318616148475,0.148574578784388,10.7991960237213,0.183474122940051,0.530634588755172,24.1643779851657,3.23999315128434,-1.72217750981143,3.61783320045245
1.275,16.9349742194193,0.329283168144484,0.151234203764239,10.7757522688391,0.184421966500333,0.533200621923241,24.1595196772851,3.19187529798685,-1.72066681132777,3.55431725405078
1.28,16.988028697042,0.338376312520389,0.153906439086924,10.7523148939948,0.18534461769722,0.535679104082593,24.1547316114667,3.14372528099598,-1.71915533191959,3.4906773220166
1.285,17.0409421628942,0.347597908526047,0.156590852645441,10.7288837995577,0.186245738420453,0.538072289448355,24.1500139114539,3.09554319909649,-1.71764307158689,3.42691145166135
1.29,17.093714244758,0.35694780501654,0.159287023528105,10.7054588952437,0.187128862051019,0.540382401792168,24.1453667009152,3.04732915142503,-1.71613003032968,3.36301780758387
1.295,17.1463445700049,0.366425840613728,0.16199454186434,10.6820401000864,0.187997396072023,0.542611633667369,24.1407901034441,2.99908323747039,-1.71461620814794,3.29899466782864
1.3,17.198832765699,0.376031843866488,0.164713008666899,10.6586273423915,0.188854624635473,0.544762145731568,24.1362842425577,2.95080555707377,-1.71310160504168,3.23484042009522
1.3,17.198832765699,0.376031843866488,0.164713008666899,10.6586273423915,0.188854624635473,0.544762145731568,24.1362842425577,2.95080555707377,-1.71310160504168,3.23484042009522
1.305,17.2511857453011,0.385761745202327,0.167434958412582,10.6378345904498,0.187756908481431,0.544014720224092,24.1318492416961,2.90249621042909,-1.7115862210109,3.17055171967064
1.31,17.303410445615,0.395611412050948,0.17015312671008,10.6170384593648,0.186770701702024,0.54324979685255,24.1274852242215,2.85415529808322,-1.71007005605561,3.10612707915555
1.315,17.3555065311813,0.405580562622491,0.172867429465815,10.5962393749404,0.185894560155584,0.542468721986492,24.1231923134177,2.80578292093626,-1.70855311017579,3.04156776132547
1.32,17.4074736701106,0.415668904104334,0.175577789142624,10.5754377603609,0.185126995150012,0.541672772536027,24.1189706324884,2.75737918024179,-1.70703538337145,2.97687503947196
1.325,17.4593115341566,0.425876132849487,0.178284134422256,10.5546340358147,0.184466476725701,0.540863159672717,24.1148203045572,2.70894417760716,-1.7055168756426,2.91205019547814
1.33,17.5110197987863,0.436201934560588,0.180986399885155,10.5338286181517,0.183911436753922,0.54004103230734,24.1107414526664,2.66047801499373,-1.70399758698922,2.84736061020474
1.335,17.5625981432479,0.446645984469155,0.183684525707412,10.5130219205724,0.183460271853008,0.539207480332281,24.1067341997761,2.61198079471715,-1.70247751741132,2.78392957557112
1.34,17.6140462506354,0.457207947510375,0.186378457373555,10.4922143523473,0.183111346138095,0.538363537647142,24.1027986687635,2.56345261944759,-1.70095666690891,2.72196398070677
1.345,17.6653638079515,0.467887478493966,0.189068145403434,10.4714063185627,0.18286299382486,0.537510184988205,24.0989349824217,2.51489359221004,-1.69943503548197,2.66156350668637
1.35,17.7165505061677,0.47868422227077,0.191753545093195,10.4505982198915,0.182713521688411,0.536648352567533,24.0951432634594,2.46630381638451,-1.69791262313051,2.60283435417104
1.35,17.7165505061677,0.47868422227077,0.191753545093195,10.4505982198915,0.182713521688411,0.536648352567533,24.0951432634594,2.46630381638451,-1.69791262313051,2.60283435417104
1.355,17.7676212753596,0.489564450485631,0.194386335347073,10.4331732793772,0.169036572292143,0.516757061558309,24.0914236344996,2.41768339570633,-1.69638942985454,2.54590494807993
1.36,17.8185903356554,0.500497085253909,0.196923844557799,10.415608992915,0.157174072420268,0.498504148072764,24.0877762180787,2.36903243426638,-1.69486545565404,2.49089040866841
1.365,17.8694564447101,0.511485279615732,0.199373812873695,10.3979248277102,0.146920650223255,0.481713723843137,24.0842011366459,2.32035103651136,-1.69334070052903,2.43788753358612
1.37,17.9202185124396,0.52253165082814,0.201743168321274,10.3801372139166,0.138098392216509,0.46623591604938,24.0806985125623,2.271639307244,-1.69181516447949,2.38700016579067
1.375,17.9708755805543,0.533638362265659,0.204038144256176,10.3622601051145,0.130552150831463,0.451942017065497,24.0772684681,2.22289735162334,-1.69028884750544,2.3383385890319
1.38,18.0214268055524,0.544807190474428,0.206264375303493,10.3443054193445,0.124145826686197,0.438720681006921,24.0739111254409,2.17412527516499,-1.68876174960686,2.29201878891193
1.385,18.0718714444653,0.556039580555136,0.208426976352054,10.3262833894557,0.118759393421673,0.42647491282151,24.0706266066762,2.12532318374132,-1.68723387078377,2.24813857325745
1.39,18.1222088428129,0.567336692279125,0.210530608077259,10.3082028438367,0.114286494533231,0.415119664263281,24.0674150338057,2.07649118358175,-1.68570521103615,2.20520137490697
1.395,18.1724384243472,0.578699438778454,0.212579531666989,10.2900714331565,0.110632485296295,0.404579899434983,24.0642765287363,2.02762938127297,-1.68417577036402,2.16224969523181
1.4,18.2225596822597,0.590128519233001,0.214577654829208,10.2718958148358,0.107712824295277,0.394789027141007,24.0612112132816,1.97873788375917,-1.68264554876736,2.11928329400946
1.4,18.2225596822597,0.590128519233001,0.214577654829208,10.2718958148358,0.107712824295277,0.394789027141007,24.0612112132816,1.97873788375917,-1.68264554876736,2.11928329400946
1.405,18.2726508681958,0.60159859319046,0.216470728512742,10.2822049457874,0.089280486710703,0.362847049985989,24.0582192091609,1.92981679834231,-1.68111454624619,2.07622833648174
1.41,18.3227899945958,0.613086076438374,0.218210151483744,10.2924480227012,0.073041657635111,0.333319907233085,24.0553006379984,1.88086623268232,-1.67958276280049,2.03301065212328
1.415,18.3729762646249,0.624594037795388,0.219807845001943,10.3026352322354,0.0588430131363562,0.306142501198001,24.052455621322,1.83188629479736,-1.67805019843028,1.98962963165465
1.42,18.4232089192944,0.636125353896507,0.221275349527319,10.3127752661758,0.046527426640534,0.281228351063883,24.0496842805629,1.78287709306401,-1.67651685313554,1.94608481450419
1.425,18.473487246972,0.647682679938275,0.222623728991559,10.3228755094404,0.0359371120331394,0.258474072351283,24.0469867370541,1.73383873621757,-1.67498272691629,1.90237584901492
1.43,18.5238105902914,0.65926843039445,0.22386349733631,10.3329422155067,0.0269163921783214,0.237763766215209,24.0443631120303,1.68477133335222,-1.67344781977252,1.85850245931395
1.435,18.5741783506176,0.670884768768582,0.225004566348467,10.3429806665104,0.0193140266736994,0.218973121134468,24.0418135266261,1.63567499392128,-1.67191213170422,1.81446441859142
1.44,18.6245899903244,0.682533605171938,0.226056212988519,10.3529953166109,0.0129850733609722,0.201973090699218,24.0393381018759,1.58654982773744,-1.67037566271141,1.77026152827628
1.445,18.6750450331999,0.694216600381398,0.227027063871547,10.3629899183083,0.00779229106793111,0.186633067998854,24.0369369587126,1.53739594497295,-1.66883841279408,1.7258936024324
1.45,18.7255430633188,0.70593517501484,0.227925094288032,10.3729676322162,0.00360711528332699,0.172823525351858,24.0346102179668,1.48821345615988,-1.66730038195222,1.68136045661956
1.45,18.7255430633188,0.70593517501484,0.227925094288032,10.3729676322162,0.00360711528332699,0.172823525351858,24.0346102179668,1.48821345615988,-1.66730038195222,1.68136045661956
1.455,18.7760853421723,0.717692370730439,0.228759590551838,10.3837295110061,0.000860115512049187,0.161186928107571,24.0323580003658,1.43900247219032,-1.66576157018585,1.63666019577139
1.46,18.8266731963461,0.729490959345079,0.2295389860145,10.3944793524368,-0.00116523512697862,0.150764016622799,24.0301804265327,1.3897631043166,-1.66422197749496,1.59179090342631
1.465,18.877306388743,0.741331644657926,0.230269066224098,10.4052190435707,-0.0025650719332154,0.141442289203865,24.0280776169859,1.34049546415151,-1.66268160387954,1.54675234879002
1.47,18.9279847316842,0.753214946662494,0.230955056916451,10.4159502886991,-0.00343108569647319,0.133109768307557,24.0260496921375,1.2911996636685,-1.66114044933961,1.50154428546125
1.475,18.9787080868733,0.765141202679669,0.231601637812906,10.4266745559675,-0.00384601442818565,0.125661982567657,24.0240967722931,1.2418758152019,-1.65959851387516,1.45616645033866
1.48,19.0294763583954,0.777110595388006,0.23221299615192,10.4373930540571,-0.00388115968385328,0.119006182388463,24.0222189776503,1.19252403144716,-1.65805579748619,1.41061856732593
1.485,19.0802894853918,0.78912318170496,0.232792881572611,10.4481067825942,-0.00359802372113559,0.113059840182582,24.0204164282982,1.143144425461,-1.65651230017269,1.36490035153874
1.49,19.1311474359304,0.801178916669284,0.233344653869295,10.4588165724158,-0.00304971386871607,0.107749347543942,24.0186892442163,1.09373711066166,-1.65496802193468,1.31901151298213
1.495,19.1820502018673,0.813277673234734,0.233871324778997,10.4695231172473,-0.00228211830196024,0.103008923023767,24.0170375452737,1.0443022008291,-1.65342296277215,1.27295175973935
1.5,19.2329977945281,0.825419258714074,0.234375594742519,10.480226998747,-0.00133489658606224,0.0987796876286771,24.015461451228,0.994839810105189,-1.6518771226851,1.22672080071553
1.5,19.2329977945281,0.825419258714074,0.234375594742519,10.480226998747,-0.00133489658606224,0.0987796876286771,24.015461451228,0.994839810105191,-1.6518771226851,1.22672080071553
1.505,19.2839920112438,0.837606364587049,0.23486315640001,10.4918907663341,0.000693459956593355,0.0962935348775808,24.0139610817246,0.945350052993923,-1.65033050167353,1.18031628921586
1.51,19.3350346973917,0.849841504708186,0.235338990610222,10.5035543839427,0.00273180918697859,0.0940837936773826,24.0125365562955,0.895833044361597,-1.64878309973744,1.13373585832815
1.515,19.3861259504539,0.862124178570608,0.235804408136914,10.5152180294065,0.00476676009037453,0.0921224232087657,24.0111879943589,0.846288899437043,-1.64723491687683,1.08697919753768
1.52,19.4372658693257,0.874453887810413,0.236260586460307,10.5268818517092,0.00678698368125169,0.090384105601005,24.0099155152177,0.79671773381178,-1.64568595309169,1.04004600862732
1.525,19.4884545533537,0.886830139342064,0.236708582735697,10.5385459749261,0.00878295578035225,0.0888459879763805,24.0087192380588,0.747119663440257,-1.64413620838204,0.992936006162797
1.53,19.5396921015295,0.899252447921592,0.237149345526914,10.5502105015464,0.0107467311789132,0.0874874497812672,24.0075992819523,0.697494804640002,-1.64258568274787,0.94564891782873
1.535,19.5909786118185,0.911720338224054,0.237583725433298,10.5618755152958,0.0126717450429094,0.0862898924363184,24.0065557658504,0.647843274091834,-1.64103437618918,0.898184484635279
1.54,19.6423141806033,0.924233346508362,0.238012484715449,10.5735410835515,0.0145526380409429,0.0852365488194204,24.0055888085867,0.598165188840042,-1.63948228870597,0.850542461013552
1.545,19.6936989022265,0.936791021931523,0.238436306013604,10.5852072594243,0.0163851021998756,0.0843123104772304,24.0046985288748,0.548460666292591,-1.63792942029824,0.802722614816134
1.55,19.7451328686183,0.94939292756503,0.238855800242507,10.5968740835643,0.0181657449277465,0.0835035707690528,24.003885045308,0.498729824221272,-1.63637577096599,0.754724727237136
1.55,19.7451328686183,0.94939292756503,0.238855800242507,10.5968740835643,0.0181657449277465,0.0835035707690528,24.003885045308,0.498729824221272,-1.63637577096599,0.754724727237136
1.555,19.7966185464063,0.962041696832613,0.239274726920614,10.6097554142867,0.0208140802659924,0.084061450010656,24.0031484763579,0.448972780761913,-1.63482134070922,0.70654580566792
1.56,19.8481584303781,0.974739868663498,0.239696360401795,10.6226395947577,0.0233081148443052,0.0845867180399712,24.0024889403736,0.399189654414549,-1.63326612952793,0.658182857352148
1.565,19.8997526461369,0.98748690146482,0.240120543856025,10.6355264459083,0.0256564900541273,0.0850818328189048,24.0019065555808,0.34938056404361,-1.63171013742212,0.609635684772328
1.57,19.951401310878,1.00028228707306,0.24054713226789,10.6484157973259,0.0278673617793265,0.0855490645297862,24.0014014400809,0.299545628878066,-1.63015336439179,0.560904105215104
1.575,20.0031045338167,1.01312554900878,0.240975991531443,10.661307486977,0.0299484262658145,0.0859905089243301,24.0009737118499,0.249684968511653,-1.62859581043694,0.511987950003918
1.58,20.0548624165963,1.02601624081241,0.241406997609878,10.6742013609124,0.0319069449083442,0.0864080999710187,24.0006234887375,0.199798702902992,-1.62703747555757,0.462887063774958
1.585,20.1066750536761,1.03895394445935,0.241840035756791,10.6870972729625,0.0337497679386287,0.0868036217842164,24.0003508884666,0.149886952375811,-1.62547835975368,0.413601303794395
1.59,20.1585425327014,1.05193826885158,0.242274999795238,10.6999950844257,0.0354833570273236,0.087178719839976,24.0001560286314,0.0999498376190626,-1.62391846302527,0.364130539314354
1.595,20.2104649348555,1.06496884838304,0.242711791451084,10.7128946637555,0.0371138068120759,0.0875349114875821,24.0000390266974,0.0499874796871396,-1.62235778537235,0.31447465096577
1.6,20.2624423351939,1.07804534157647,0.243150319737238,10.7257958862471,0.0386468653697501,0.087873595772556,24,-3.5527136788005e-15,-1.6207963267949,0.264633530185882
1.6,20.2624423351939,1.07804534157647,0.243150319737238,10.7257958862471,0.0386468653697501,0.087873595772556,24,-3.5527136788005e-15,-1.6207963267949,0.264633530185882
1.605,20.3144697179143,1.09119339614753,0.243625651750899,10.7392361588822,0.0502662693349188,0.102085036435227,24.0000390657436,-0.050012479656651,-1.61923408729293,0.214605724427266
1.61,20.3665422214983,1.10443841203209,0.244169480046029,10.7527184764202,0.0609860173733801,0.115282393463175,24.0001563410007,-0.100049837131197,-1.61767106686644,0.164389819975437
1.615,20.418660140952,1.11777968375663,0.24477688716062,10.7662419918009,0.0708551138432414,0.127526577041529,24.0003519427108,-0.150111949905956,-1.61610726551543,0.113985800649836
1.62,20.4708237591538,1.13121650434126,0.24544325590104,10.7798055228607,0.0799223120056337,0.138876745625148,24.0006259876798,-0.200198695097029,-1.6145426832399,0.0633936805473353
1.625,20.5230333440891,1.14474817730998,0.246164260028242,10.793407625676,0.0882356778315196,0.149390089179222,24.0009785925785,-0.250309949454143,-1.61297732003985,0.0126134985613072
1.63,20.5752891467357,1.15837402634335,0.246935853943686,10.8070466589923,0.0958422251845201,0.159121646535812,24.0014098739422,-0.300445589360494,-1.61141117591529,0
1.635,20.6275913995159,1.17209340285661,0.247754261553849,10.820720840101,0.102787618137458,0.168124159728053,24.0019199481695,-0.350605490832598,-1.6098442508662,0
1.64,20.6799403152366,1.18590569177336,0.248615964500221,10.834428292669,0.109115935196758,0.17644796576328,24.0025089315211,-0.400789529520146,-1.60827654489259,0
1.645,20.7323360864452,1.19981031574695,0.24951768993934,10.8481670871323,0.114869489587554,0.184140924536569,24.0031769401192,-0.450997580705844,-1.60670805799446,0
1.65,20.7847788851336,1.21380673806274,0.250456398047729,10.8619352743229,0.12008869944317,0.191248380364294,24.0039240899465,-0.501229519305284,-1.60513879017182,0
1.65,20.7847788851336,1.21380673806274,0.250456398047729,10.8619352743229,0.12008869944317,0.191248380364294,24.0039240899465,-0.501229519305282,-1.60513879017182,0
1.655,20.8372655863818,1.22790652661422,0.25144595179122,10.8756661553818,0.129635828794491,0.20442969247686,24.004750496845,-0.5514852198668,-1.60356874142465,0
1.66,20.8897930560388,1.24212141005151,0.252499299092823,10.8894491888667,0.138402431781332,0.216773446068351,24.0056562765151,-0.601764556571325,-1.60199791175296,0
1.665,20.942361428578,1.25645111627246,0.253612365983606,10.903282559478,0.146429251145002,0.228325002045247,24.0066415445148,-0.652067403232238,-1.60042630115676,0
1.67,20.9949708256137,1.27089536989363,0.254781302627403,10.917164222885,0.153756647345734,0.239128624615121,24.0077064162587,-0.702393633295255,-1.59885390963603,0
1.675,21.0476213539426,1.28545390040756,0.256002477435194,10.9310919624532,0.160424322931386,0.249227324059107,24.0088510070168,-0.752743119838264,-1.59728073719078,0
1.68,21.1003131040265,1.30012644885195,0.257272470449143,10.9450634392933,0.166471089366627,0.258662722126184,24.0100754319138,-0.803115735571231,-1.59570678382102,0
1.685,21.1530461488665,1.31491277315338,0.258588066113339,10.9590762358767,0.171934674188959,0.267474941383623,24.0113798059278,-0.853511352836025,-1.59413204952673,0
1.69,21.2058205432194,1.32981265230184,0.259946245551435,10.9731278935623,0.176851565783365,0.275702518656752,24.0127642438897,-0.903929843606329,-1.59255653430792,0
1.695,21.2586363231112,1.34482588950491,0.261344178470369,10.9872159444536,0.181256892655762,0.283382341770969,24.0142288604821,-0.954371079487487,-1.5909802381646,0
1.7,21.3114935056042,1.35995231446029,0.26277921480317,11.0013379380531,0.185184333862579,0.290549608164286,24.015773770238,-1.0048349317164,-1.58940316109675,0
1.7,21.3114935056042,1.35995231446029,0.26277921480317,11.0013379380531,0.185184333862579,0.290549608164286,24.015773770238,-1.00483493171641,-1.58940316109675,0
1.705,21.3644131788031,1.37512143072454,0.264150841540774,11.0162763303503,0.160411965294085,0.258414697835809,24.0173990875404,-1.0553212711614,-1.58782530310439,0
1.71,21.4174163757755,1.3902634818703,0.265366507779672,11.0311807834231,0.137514506674791,0.228166733898012,24.0191049266206,-1.10582996832211,-1.5862466641875,0
1.715,21.4705029910997,1.40537950136906,0.266435652131578,11.0460622071888,0.11641342971888,0.19980411412075,24.0208914015579,-1.15636089332935,-1.58466724434609,0
1.72,21.5236728904249,1.42047059759055,0.267367659144492,11.0609297168722,0.0970245891697548,0.173307082230066,24.0227586262783,-1.20691391594503,-1.58308704358017,0
1.725,21.5769259169944,1.43553792717256,0.268171772879047,11.0757907954734,0.0792595483856144,0.148639530155932,24.0247067145534,-1.257488905562,-1.58150606188972,0
1.73,21.6302618978407,1.45058267052334,0.268857020333195,11.0906514650719,0.0630269361509511,0.125751111901636,24.0267357799997,-1.30808573120398,-1.57992429927476,0
1.735,21.683680649478,1.46560600998572,0.269432145931122,11.1055164605314,0.0482337735036395,0.104579533559766,24.0288459360771,-1.3587042615254,-1.57834175573527,0
1.74,21.7371819829742,1.48060911097417,0.269905557644137,11.1203894000496,0.0347867210577933,0.0850528973172655,24.0310372960888,-1.40934436481138,-1.57675843127127,0
1.745,21.7907657083343,1.49559310620602,0.270285284747477,11.1352729480649,0.0225932099071227,0.0670919962656161,24.0333099731791,-1.46000590897751,-1.57517432588275,0
1.75,21.8444316381754,1.51055908299229,0.270578946753989,11.1501689671641,0.0115624316353718,0.0506124787965268,24.0356640803337,-1.51068876156987,-1.5735894395697,0
1.75,21.8444316381754,1.51055908299229,0.270578946753989,11.1501689671641,0.0115624316353718,0.0506124787965268,24.0356640803337,-1.51068876156987,-1.5735894395697,0
1.755,21.8981822765888,1.52548557497954,0.270763959125734,11.1637110309403,-0.0070836451862212,0.0236643011594407,24.0380997303776,-1.56139278976482,-1.57200377233214,0.029789306750502
1.76,21.9520205484108,1.5403498854584,0.270818289720036,11.1772929803365,-0.02444574528368,-0.00166429021847362,24.0406170359747,-1.61211786036898,-1.57041732417005,0.0797431329093691
1.765,22.0059468710923,1.55515130097676,0.270749966268972,11.1909194798469,-0.0405850412489568,-0.0254031967014818,24.0432161096266,-1.6628638398191,-1.56883009508345,0.129552735839869
1.77,22.0599616211403,1.56988921881186,0.270566830787756,11.2045939219964,-0.0555585019411847,-0.0476000224995608,24.0458970636719,-1.71363059418197,-1.56724208507232,0.1792493679603
1.775,22.1140651211639,1.58456318784763,0.2702764069904,11.2183185856986,-0.0694086971560303,-0.0683321818753951,24.0486600102846,-1.76441798915434,-1.56565329413668,0.22886194622207
1.78,22.1682576337326,1.59917292642823,0.269885815723177,11.2320947889896,-0.0821783626201189,-0.0876801983061703,24.0515050614735,-1.81522589006281,-1.56406372227652,0.278417133661059
1.785,22.2225393695073,1.61371828999013,0.269401782110232,11.2459230223902,-0.0939131781750741,-0.105721866297363,24.0544323290814,-1.86605416186378,-1.56247336949183,0.327939455130199
1.79,22.2769104954247,1.62819923941572,0.268830648859416,11.2598030736011,-0.104660927477642,-0.122532368894054,24.0574419247835,-1.91690266914331,-1.56088223578263,0.377451414149864
1.795,22.3313711418477,1.64261581388476,0.268178389217608,11.273734143342,-0.114470744638828,-0.138184306909645,24.0605339600868,-1.9677712761171,-1.55929032114891,0.426973608947534
1.8,22.385921408769,1.65696810779188,0.267450619927127,11.2877149514726,-0.123392447651468,-0.152747674205663,24.0637085463291,-2.01865984663038,-1.55769762559067,0.476524847367094
1.8,22.385921408769,1.65696810779188,0.267450619927127,11.2877149514726,-0.123392447651468,-0.152747674205663,24.0637085463291,-2.01865984663038,-1.55769762559067,0.476524847367094
1.805,22.4405617341414,1.67124360626852,0.266636245533544,11.3005537553556,-0.136240469978226,-0.172814953135957,24.0669657946777,-2.06956824415781,-1.5561041491079,0.526105685215921
1.81,22.4952927073006,1.68542921860071,0.265724301075971,11.3134552712262,-0.148116357766914,-0.191783793725822,24.0703058161288,-2.12049633180345,-1.55450989170062,0.575719118633425
1.815,22.5501146019119,1.69952429038819,0.264720158075282,11.3264197108483,-0.159053986088377,-0.209702318525709,24.0737287215059,-2.17144397230066,-1.55291485336882,0.625385179024428
1.82,22.605027650371,1.71352826497311,0.263628949596173,11.3394466579952,-0.169088827720764,-0.22661779159527,24.0772346214594,-2.22241102801203,-1.55131903411249,0.675122403596882
1.825,22.6600320483377,1.72744066488148,0.262455574520114,11.3525351527466,-0.178257545044449,-0.242576618346781,24.0808236264652,-2.27339736092933,-1.54972243393165,0.724947905281397
1.83,22.7151279588136,1.7412610753855,0.261204701924918,11.3656837716462,-0.186597609336093,-0.257624305697906,24.0844958468238,-2.32440283267342,-1.54812505282629,0.774877443029371
1.835,22.7703155157922,1.75498913005545,0.259880775732092,11.3788907029455,-0.194146950396408,-0.271805396930366,24.0882513926592,-2.37542730449419,-1.54652689079641,0.824925492185675
1.84,22.8255948275068,1.76862449816518,0.258488019718883,11.3921538163757,-0.200943638511481,-0.285163392627236,24.092090373918,-2.42647063727053,-1.54492794784201,0.875105314568029
1.845,22.8809659793059,1.78216687381141,0.257030442941648,11.4054707270893,-0.207025599838121,-0.297740666478807,24.0960129003682,-2.47753269151021,-1.54332822396309,0.925429027857991
1.85,22.9364290361836,1.79561596660528,0.255511845578862,11.418838853597,-0.212430365466555,-0.309578382559703,24.1000190815984,-2.52861332734991,-1.54172771915964,0.97590767390935
1.85,22.9364290361836,1.79561596660528,0.255511845578862,11.418838853597,-0.212430365466555,-0.309578382559703,24.1000190815984,-2.52861332734991,-1.54172771915964,0.97590767390935
1.855,22.9919837910252,1.80896464448773,0.253927055887616,11.431470681259,-0.219732436670287,-0.324210530311799,24.1041090270164,-2.57971240455507,-1.54012643343168,1.02654841211562
1.86,23.0476300739746,1.82220556016072,0.252270982365994,11.4441601011038,-0.226299915718352,-0.338097406608918,24.1082828458488,-2.63082978251992,-1.5385243667792,1.07735942883222
1.865,23.1033679732638,1.83533813204625,0.250547269443271,11.4569049699252,-0.232164584125564,-0.351271690137511,24.1125406471391,-2.68196532026736,-1.5369215192022,1.12835180137826
1.87,23.1591975537635,1.8483618052974,0.248759399603589,11.4697029165811,-0.237358146645966,-0.363765468176022,24.1168825397476,-2.73311887644897,-1.53531789070068,1.17953566436205
1.875,23.2151188588495,1.86127604457349,0.246910696523145,11.4825513886163,-0.241912057937177,-0.375610164813085,24.1213086323496,-2.78429030934494,-1.53371348127464,1.23092026138517
1.88,23.2711319120742,1.87408032777221,0.24500432855988,11.4954476947797,-0.245857368080908,-0.386836472259641,24.1258190334346,-2.83547947686403,-1.53210829092408,1.28251399585334
1.885,23.3272367186589,1.88677414064445,0.243043312573384,11.5083890434086,-0.249224586970069,-0.397474287605973,24.1304138513057,-2.88668623654351,-1.530502319649,1.33432448064949
1.89,23.3834332668204,1.89935697221783,0.24103051804429,11.5213725767335,-0.252043567218299,-0.40755265665045,24.1350931940777,-2.93791044554918,-1.5288955674494,1.3863585864523
1.895,23.4397215289482,1.91182831095435,0.238968671454474,11.534395401224,-0.254343404910883,-0.417099725811882,24.139857169677,-2.98915196067527,-1.52728803432528,1.43862248851436
1.9,23.4961014626452,1.92418764157068,0.236860360886104,11.5474546141467,-0.256152357303095,-0.426142702657183,24.1447058858398,-3.04041063834445,-1.52567972027664,1.4911217117468
1.9,23.4961014626452,1.92418764157068,0.236860360886104,11.5474546141467,-0.256152357303095,-0.426142702657183,24.1447058858398,-3.04041063834444,-1.52567972027664,1.4911217117468
1.905,23.5525727024033,1.93643078066824,0.234703370113004,11.5600875936118,-0.258842439664231,-0.436566986582173,24.1496394501113,-3.09168633460775,-1.52407062530348,1.54386269798832
1.91,23.6091348822539,1.94855348260119,0.232495537094719,11.5727596657317,-0.261007271461286,-0.446483604184654,24.154657969845,-3.1429789051446,-1.5224607494058,1.59685223373421
1.915,23.6657879364963,1.96055513505339,0.230239340663081,11.5854680233478,-0.262672858020419,-0.455916243666716,24.159761552201,-3.19428820526278,-1.5208500925836,1.65009544906899
1.92,23.7225317839862,1.97243512466201,0.227937142915263,11.5982098493512,-0.263864498352284,-0.464887904763257,24.1649503041457,-3.24561408989834,-1.51923865483688,1.70359690385559
1.925,23.7793663289014,1.9841928348291,0.22559119273938,11.6109823366868,-0.264606731770242,-0.473420866614997,24.1702243324499,-3.29695641361568,-1.51762643616564,1.75736062407645
1.93,23.8362914614275,1.99582764394375,0.223203629483149,11.6237827056555,-0.264923295371681,-0.481536662554308,24.1755837436885,-3.34831503060743,-1.51601343656988,1.81139013664555
1.935,23.8933070583737,2.00733892397135,0.22077648673221,11.6366082186943,-0.264837091576567,-0.489256061547872,24.1810286442391,-3.39968979469452,-1.5143996560496,1.86568850264058
1.94,23.9504129837238,2.01872603936766,0.218311696165159,11.6494561928293,-0.264370164851411,-0.49659905591519,24.1865591402809,-3.45108055932611,-1.5127850946048,1.92025834892478
1.945,24.0076090891317,2.02998834627839,0.215811091455182,11.6623240099996,-0.263543686735846,-0.503584854860632,24.1921753377937,-3.50248717757962,-1.51116975223548,1.97510189814613
1.95,24.0648952143659,2.04112519198824,0.213276412190644,11.6752091254476,-0.26237794829927,-0.510231883306786,24.1978773425572,-3.55390950216064,-1.50955362894164,2.03022099711738
1.95,24.0648952143659,2.04112519198824,0.213276412190644,11.6752091254476,-0.26237794829927,-0.510231883306786,24.1978773425572,-3.55390950216065,-1.50955362894164,2.03022099711739
1.955,24.1222709766135,2.05213424021804,0.210707172755246,11.6878870403411,-0.261504729924713,-0.517406854617586,24.2036652601491,-3.60534738540308,-1.50793672472329,2.08561915813387
1.96,24.1797359831046,2.06301314487886,0.20810289980108,11.700582074045,-0.2602825945302,-0.524248109661703,24.2095391959448,-3.65680067926898,-1.50631903958041,2.14129989907486
1.965,24.2372900410518,2.07376122588351,0.205465220184473,11.7132917670766,-0.258730425204231,-0.530772226900009,24.2154992551162,-3.70826923534865,-1.50470057351301,2.19726455828491
1.97,24.2949329460142,2.08437779525063,0.202795679541188,11.7260137351915,-0.256866302335938,-0.536995116519491,24.2215455426304,-3.75975290486063,-1.50308132652109,2.25351415800323
1.975,24.352664482224,2.09486215701403,0.200095745618344,11.7387456738952,-0.254707508597058,-0.542932024807607,24.2276781632486,-3.81125153865164,-1.50146129860465,2.31004942674129
1.98,24.4104844228863,2.10521360726287,0.197366811575993,11.751485361757,-0.252270538055613,-0.548597541832647,24.2338972215255,-3.86276498719668,-1.4998404897637,2.36687082031719
1.985,24.4683925304561,2.11543143429234,0.194610199242987,11.7642306626683,-0.249571108830044,-0.554005611979816,24.2402028218075,-3.91429310059897,-1.49821889999822,2.42397854158776
1.99,24.5263885568942,2.12551491884631,0.191827162313895,11.7769795271768,-0.246624178733946,-0.559169546916009,24.2465950682326,-3.96583572858998,-1.49659652930822,2.48137255892538
1.995,24.584472243906,2.13546333443568,0.189018889475882,11.7897299930184,-0.243443963405586,-0.564102040584274,24.2530740647282,-4.01739272052946,-1.4949733776937,2.53905262348919
2,24.6426433231638,2.14527594771768,0.186186507456296,11.8024801849605,-0.240043956460444,-0.568815185859151,24.2596399150109,-4.06896392540545,-1.49334944515467,2.597018285344
2,24.6426433231638,2.14527594771768,0.186186507456296,11.8024801849605,-0.240043956460444,-0.568815185859151,24.2596399150109,-4.06896392540545,-1.49334944515467,2.597018285344
2.005,24.7009014518196,2.15495170085478,0.183330682369685,11.8151797907197,-0.236552405806064,-0.573480096692179,24.2662927225851,-4.12054919183428,-1.49172473169111,2.65526951777838
2.01,24.7592462771421,2.16448953358224,0.180452044868356,11.8278766055001,-0.232855938173504,-0.577941962141523,24.273032590742,-4.17214836806062,-1.49009923730303,2.71380616510916
2.015,24.8176775014104,2.1738886998251,0.177551583468767,11.8405689524483,-0.228966385802128,-0.582211377904625,24.2798596225582,-4.22376130195748,-1.48847296199044,2.77262731975558
2.02,24.8761948174872,2.18314844829687,0.174630235020633,11.8532552361217,-0.224894946067582,-0.586298418122706,24.2867739208952,-4.27538784102625,-1.48684590575332,2.83190547155048
2.025,24.934797908994,2.19226802300392,0.171688887267097,11.8659339405367,-0.220652205244158,-0.590212654501366,24.2937755883978,-4.32702783239676,-1.48521806859168,2.89238178645822
2.03,24.9934864504786,2.20124666375906,0.168728381308435,11.8786036269622,-0.216248162578818,-0.593963175734868,24.3008647274934,-4.37868112282724,-1.48358945050553,2.95406592683969
2.035,25.0522601075766,2.2100836066986,0.165749513968257,11.8912629315118,-0.211692254469567,-0.597558607057936,24.3080414403906,-4.43034755870441,-1.48196005149485,3.01687612879361
2.04,25.1111185371681,2.21877808479795,0.162753040061944,11.903910562584,-0.206993378569753,-0.601007129773096,24.3153058290782,-4.48202698604352,-1.48032987155965,3.08065148535966
2.045,25.1700613875283,2.22732932838165,0.159739674567779,11.9165452981924,-0.202159917666483,-0.604316500623945,24.3226579953244,-4.53371925048836,-1.47869891069994,3.14441694515258
2.05,25.2290882984753,2.23573656562438,0.156710094701839,11.9291659832218,-0.19719976320586,-0.607494070905364,24.3300980406753,-4.58542419731132,-1.4770671689157,3.20791110709542
2.05,25.2290882984753,2.23573656562438,0.156710094701839,11.9291659832218,-0.19719976320586,-0.607494070905364,24.3300980406753,-4.58542419731132,-1.4770671689157,3.20791110709542
2.055,25.2881989996643,2.24399968732133,0.153665807818072,11.9418507688241,-0.191874769227593,-0.610202825567431,24.3376260664541,-4.63714167141343,-1.47543464620695,3.27112972762856
2.06,25.3473932134646,2.25211857004681,0.150608240105345,11.9545172126371,-0.186460996969238,-0.612807373572933,24.3452421737598,-4.68887151732443,-1.47380134257367,3.33406870928294
2.065,25.4066705567074,2.26009241990861,0.147537898304967,11.9671645018808,-0.180963980338236,-0.615313377443535,24.3529464634662,-4.74061357920279,-1.47216725801588,3.39672543045029
2.07,25.4660306385957,2.26792044410196,0.144455261644715,11.9797918743497,-0.175388890338246,-0.617726183048757,24.360739036221,-4.79236770083576,-1.47053239253356,3.45909732755297
2.075,25.5254730608346,2.2756018512826,0.141360783378166,11.9923986156072,-0.169740555177996,-0.62005083702675,24.3686199924444,-4.84413372563946,-1.46889674612673,3.52118189270076
2.08,25.584997417759,2.28313585191939,0.138254892238995,12.0049840562786,-0.164023479482184,-0.622292103396703,24.376589432328,-4.89591149665894,-1.46726031879537,3.58297667147336
2.085,25.6446032964581,2.29052165862689,0.135137993814204,12.0175475694473,-0.158241862611633,-0.624454479374883,24.3846474558341,-4.9477008565682,-1.4656231105395,3.64447926082262
2.09,25.7042902768981,2.29775848647805,0.132010471840274,12.0300885681565,-0.152399616106608,-0.626542210412181,24.3927941626942,-4.99950164767026,-1.4639851213591,3.70568730708825
2.095,25.7640579320418,2.30484555329755,0.128872689425942,12.0426065030173,-0.146500380269027,-0.628559304471671,24.4010296524079,-5.05131371189728,-1.46234635125419,3.76659850412178
2.1,25.8239058279664,2.31178207993632,0.125724990205435,12.0551008599241,-0.140547539906915,-0.630509545569851,24.4093540242422,-5.10313689081057,-1.46070680022475,3.82721059151281
2.1,25.8239058279664,2.31178207993632,0.125724990205435,12.0551008599241,-0.140547539906915,-0.630509545569851,24.4093540242422,-5.10313689081057,-1.46070680022475,3.82721059151281
2.105,25.8838337921328,2.31856872147548,0.122569571266203,12.0677471995659,-0.134013766627875,-0.631653158053588,24.4177673772298,-5.15497102560072,-1.4590664682708,3.88751827215956
2.11,25.9438416472436,2.32520609903899,0.119408505898962,12.0803643693247,-0.127486331590182,-0.632768402440218,24.4262698101687,-5.20681595708759,-1.45742535539233,3.94751647110324
2.115,26.0039289426776,2.33169339122273,0.116241931748687,12.0929523407769,-0.120965360220837,-0.633856939285178,24.4348614216205,-5.25867152572049,-1.45578346158933,4.00720331735366
2.12,26.0640952219496,2.33802978490821,0.113069978416376,12.1055110932971,-0.114450909588238,-0.634920326793451,24.4435423099095,-5.31053757157819,-1.45414078686182,4.06349010488946
2.125,26.1243400228218,2.34421447519236,0.109892767953332,12.1180406131664,-0.107942974086121,-0.63596002779195,24.4523125731217,-5.362413934369,-1.45249733120979,4.11886583370449
2.13,26.184662877411,2.35024666531478,0.106710415321512,12.1305408927516,-0.10144149067379,-0.636977416195105,24.4611723091035,-5.41430045343092,-1.45085309463323,4.17445493218933
2.135,26.2450633122929,2.35612556658338,0.103523028823072,12.1430119297497,-0.0949463437188969,-0.637973783007145,24.4701216154607,-5.46619696773167,-1.44920807713216,4.23025524504157
2.14,26.3055408486017,2.36185039829827,0.100330710500647,12.1554537264928,-0.0884573694589422,-0.63895034189123,24.4791605895575,-5.51810331586879,-1.44756227870657,4.28626459723112
2.145,26.3660950021277,2.36742038767469,0.0971335565111378,12.167866289309,-0.0819743601224274,-0.639908234343813,24.4882893285151,-5.57001933606977,-1.44591569935645,4.34248079503177
2.15,26.4267252834115,2.37283476976501,0.0939316574742141,12.1802496279345,-0.0754970677229268,-0.6408485344981,24.4975079292108,-5.6219448661921,-1.44426833908182,4.3989016269681
2.15,26.4267252834115,2.37283476976501,0.0939316574742141,12.1802496279345,-0.0754970677229268,-0.6408485344981,24.4975079292108,-5.6219448661921,-1.44426833908182,4.3989016269681
2.155,26.4874316431531,2.37809488678845,0.0907278670184842,12.1928568276261,-0.0682421372817072,-0.64067316003295,24.506816488277,-5.67387974372341,-1.44262019788267,4.45552181461323
2.16,26.5482140288885,2.38320202302025,0.0875248721974589,12.2054282274746,-0.0610756076463959,-0.640529995197782,24.5162151020995,-5.72582380578153,-1.440971275759,4.51233583637328
2.165,26.6090719394981,2.3881553444981,0.0843225161519569,12.21796446431,-0.0539928768289572,-0.640417382582727,24.5257038668173,-5.77777688911465,-1.4393215727108,4.56934111943657
2.17,26.6700048698922,2.39295403281149,0.0811206500440546,12.2304661391932,-0.0469895653043186,-0.640333769756337,24.5352828783206,-5.82973883010138,-1.43767108873809,4.6265351110687
2.175,26.7310123110963,2.39759728445912,0.0779191325516927,12.2429338195736,-0.0400615023259534,-0.640277701556433,24.5449522322502,-5.88170946475087,-1.43601982384086,4.68391527682849
2.18,26.7920937503301,2.4020843102459,0.0747178294003307,12.2553680412845,-0.0332047132374112,-0.640247813040077,24.5547120239963,-5.93368862870298,-1.43436777801911,4.74147909891197
2.185,26.8532486710829,2.40641433471636,0.0715166129281153,12.2677693103917,-0.0264154076861274,-0.640242823025058,24.5645623486971,-5.9856761572283,-1.43271495127284,4.79922407461456
2.19,26.9144765531837,2.41058659562229,0.0683153616821633,12.2801381049075,-0.0196899686723805,-0.640261528169559,24.5745033012381,-6.03767188522834,-1.43106134360204,4.85714771490188
2.195,26.9757768728677,2.41460034342201,0.0651139600431232,12.2924748763803,-0.0130249423596602,-0.640302797538313,24.5845349762507,-6.08967564723563,-1.42940695500673,4.91524754308099
2.2,27.0371491028389,2.41845484080898,0.0619122978757727,12.3047800513733,-0.00641702858415316,-0.640365567608783,24.5946574681111,-6.14168727741386,-1.4277517854869,4.97352109356396
2.2,27.0371491028389,2.41845484080898,0.0619122978757727,12.3047800513733,-0.00641702858415316,-0.640365567608783,24.5946574681111,-6.14168727741387,-1.4277517854869,4.97352109356398
2.205,27.0985938866686,2.42223510001077,0.0588257415460935,12.3195612383423,0.0328257113485299,-0.59453797847995,24.6048708709392,-6.193706609558,-1.42609583504255,5.03179104880802
2.21,27.1601124188796,2.42602419817324,0.0559640123132178,12.3342508785715,0.0686491435643662,-0.550453156912258,24.6151752785975,-6.2457334770944,-1.42443910367368,5.08987260477833
2.215,27.2217049894975,2.42981838237725,0.0533181378130238,12.3488747159898,0.101125870306563,-0.508210885836531,24.62557078469,-6.29776771308097,-1.42278159138029,5.14775359521009
2.22,27.2833718768156,2.43361379402513,0.0508787021658246,12.3634549175272,0.130348907059545,-0.467888622382413,24.6360574825608,-6.34980915020731,-1.42112329816238,5.20542385959178
2.225,27.3451133441622,2.43740654020755,0.0486359593426924,12.3780102424897,0.156430130690737,-0.429540951459251,24.6466354652935,-6.40185762079481,-1.41946422401995,5.26293974131503
2.23,27.4069296374229,2.44119276293591,0.046579947110443,12.3925562626256,0.179498166620852,-0.393199884520314,24.6573048257095,-6.45391295679685,-1.417804368953,5.32057642245678
2.235,27.4688209832995,2.4449687037244,0.0447005976024004,12.407105621009,0.199695862452674,-0.358875888710258,24.6680656563672,-6.50597498979891,-1.41614373296153,5.378370798805
2.24,27.530787588253,2.44873076153834,0.0429878412085025,12.4216683171119,0.21717750127679,-0.326559504921954,24.6789180495608,-6.55804355101871,-1.41448231604554,5.4363289366377
2.245,27.5928296380525,2.45247554270152,0.041431701223184,12.4362520056947,0.232105902311004,-0.296223400603167,24.6898620973191,-6.61011847130639,-1.41282011820503,5.49445720457055
2.25,27.6549472978348,2.45619990192405,0.0400223774644378,12.4508622982152,0.244649541695377,-0.267824703466199,24.7008978914043,-6.66219958114466,-1.41115713944,5.55276209271493
2.25,27.6549472978348,2.45619990192405,0.0400223774644378,12.4508622982152,0.244649541695377,-0.267824703466199,24.7008978914043,-6.66219958114466,-1.41115713944,5.55276209271493
2.255,27.7171403827312,2.45990451603397,0.0387550969047846,12.4654286046746,0.256341859871704,-0.239405182451135,24.7120255233112,-6.71428671064893,-1.40949337975045,5.61124238948383
2.26,27.7794087132371,2.46359037860722,0.0376251969811505,12.4800345803509,0.265878208204194,-0.212862506629575,24.7232450842657,-6.7663796895675,-1.40782883913638,5.6698973462576
2.265,27.8417524329168,2.46725525073565,0.0366234507696828,12.4946816328017,0.273428764037224,-0.188132199314207,24.7345566652236,-6.81847834728171,-1.40616351759779,5.7287339970118
2.27,27.9041716667752,2.47089720217771,0.0357409751699105,12.5093700074585,0.279161591124019,-0.165141582296887,24.7459603568699,-6.8705825128061,-1.40449741513468,5.78775909768642
2.275,27.9666665221911,2.47451461616019,0.0349692664359716,12.5240990255175,0.28324076988187,-0.14381193665506,24.7574562496172,-6.92269201478861,-1.40283053174705,5.8469790390231
2.28,28.0292370899673,2.47810618764752,0.034300225386435,12.5388672946235,0.285824848534303,-0.124060463875222,24.7690444336048,-6.97480668151069,-1.4011628674349,5.90639977987845
2.285,28.0918834454465,2.48167091607835,0.0337261733739833,12.5536728918417,0.287065611918786,-0.105802017376473,24.7807249986976,-7.02692634088757,-1.39949442219823,5.96602679892949
2.29,28.1546056496547,2.4852080935866,0.0332398602010495,12.5685135195799,0.287107151839887,-0.0889505917317413,24.7924980344846,-7.07905082046832,-1.39782519603704,6.02586506250105
2.295,28.2174037504396,2.48871728969224,0.0328344651954643,12.5833866359851,0.286085213784081,-0.073420570541344,24.8043636302783,-7.13117994743614,-1.39615518895133,6.08591900620296
2.3,28.2802777835827,2.49219833337826,0.0325035926286195,12.5982895619073,0.284126789184524,-0.0591277440573571,24.816321875113,-7.18331354860848,-1.39448440094111,6.1461925281303
2.3,28.2802777835827,2.49219833337826,0.0325035926286195,12.5982895619073,0.284126789184524,-0.0591277440573571,24.816321875113,-7.18331354860848,-1.39448440094111,6.1461925281303
2.305,28.343228298145,2.49563357959359,0.0322175359477421,12.6131928253302,0.274607815242694,-0.0553461724260751,24.8283728577439,-7.23545145043725,-1.39281283200636,6.20672481760809
2.31,28.4062557762122,2.49900651137578,0.0319496334775178,12.6281037677464,0.265209144472685,-0.0518630773873717,24.8405166666461,-7.287593479009,-1.39114048214709,6.26754867777112
2.315,28.4693601464659,2.50231883044281,0.0316984370580874,12.6430216681637,0.2559473493673,-0.0486608724271909,24.8527533900132,-7.33973946004511,-1.3894673513633,6.32865811316962
2.32,28.5325413399011,2.50557223158048,0.0314625849176593,12.6579458662732,0.246837057900165,-0.0457225895944456,24.8650831157563,-7.39188921890201,-1.38779343965499,6.39004724027451
2.325,28.5957992897738,2.50876839817605,0.0312407985675965,12.6728757590201,0.237891075233305,-0.0430318844495964,24.8775059315025,-7.44404258057135,-1.38611874702217,6.45171028124206
2.33,28.6591339315461,2.51190899818428,0.0310318796717366,12.6878107970701,0.229120501432564,-0.0405730412831866,24.8900219245945,-7.49619936968024,-1.38444327346482,6.51364155845639
2.335,28.7225452028317,2.51499568050325,0.0308347068907869,12.7027504812326,0.220534845280484,-0.0383309777402403,24.9026311820884,-7.54835941049138,-1.38276701898295,6.57583548980511
2.34,28.7860330433409,2.51803007173754,0.0306482327064994,12.7176943588961,0.212142134213564,-0.0362912481869356,24.9153337907537,-7.60052252690337,-1.38108998357656,6.63828658463638
2.345,28.8495973948257,2.52101377332725,0.030471480233205,12.7326420205185,0.203949020368945,-0.0344400453318008,24.9281298370709,-7.65268854245085,-1.37941216724566,6.70098944034025
2.35,28.913238201026,2.52394835902104,0.0303035400263346,12.7475930962102,0.195960882699817,-0.0327641997664522,24.9410194072316,-7.70485728030471,-1.37773356999023,6.76393873949452
2.35,28.913238201026,2.52394835902104,0.0303035400263346,12.7475930962102,0.195960882699817,-0.0327641997664522,24.9410194072316,-7.70485728030471,-1.37773356999023,6.76393873949452
2.355,28.9769553928137,2.52683388776317,0.0301415841739606,12.762523127148,0.187616244266485,-0.0320342466245674,24.9540025871362,-7.75702856327238,-1.37605419181028,6.82713205914405
2.36,29.0407489027569,2.52967043552947,0.0299830429132154,12.7774558461936,0.179546224684732,-0.0313970950037701,24.9670794623937,-7.80920221379798,-1.37437403270582,6.8905666171751
2.365,29.1046186800202,2.53245954644615,0.0298274709233224,12.7923910562291,0.171747522821822,-0.0308453371180909,24.9802501183196,-7.86137805396256,-1.37269309267683,6.95423671249986
2.37,29.1685646756215,2.53520272028031,0.0296744589196937,12.8073285783534,0.164216340713176,-0.030371965880397,24.9935146399357,-7.91355590548431,-1.37101137172332,7.01813676471257
2.375,29.232586842378,2.53790141221154,0.0295236316585831,12.8222682499666,0.156948439114346,-0.0299703712386133,25.0068731119682,-7.96573558971887,-1.3693288698453,7.08226131083659
2.38,29.2966851348542,2.54055703276036,0.0293746459660222,12.8372099230215,0.149939190312116,-0.0296343341433229,25.0203256188468,-8.01791692765948,-1.36764558704275,7.14660500237732
2.385,29.3608595093098,2.54317094786058,0.0292271888022139,12.8521534624365,0.143183628109577,-0.0293580184521218,25.0338722447036,-8.07009973993721,-1.36596152331569,7.21116260263601
2.39,29.4251099236482,2.54574447906292,0.0290809753710828,12.8670987446602,0.136676494931359,-0.0291359610685055,25.0475130733717,-8.12228384682128,-1.3642766786641,7.27592898424338
2.395,29.4894363373662,2.54827890385804,0.0289357472827552,12.8820456563807,0.130412286031971,-0.0289630605941877,25.0612481883844,-8.17446906821922,-1.36259105308799,7.3408991268783
2.4,29.5538387115034,2.55077545610692,0.0287912707760483,12.8969940933671,0.124385290806822,-0.0288345647705771,25.0750776729737,-8.22665522367718,-1.36090464658737,7.40606811513871
2.4,29.5538387115034,2.55077545610692,0.0287912707760483,12.8969940933671,0.124385290806822,-0.0288345647705771,25.0750776729737,-8.22665522367718,-1.36090464658737,7.40606811513871
2.405,29.6183169908156,2.55323538237394,0.028647410306906,12.9119374969602,0.118611076413258,-0.0287163374119039,25.0890016100691,-8.2788421323801,-1.35921745916222,7.47143103075431
2.41,29.6828711215088,2.55565988480837,0.0285040437368982,12.9268822350599,0.113059781360425,-0.028636319657566,25.1030200822969,-8.33102961315207,-1.35752949081256,7.53698307261853
2.415,29.7475010689651,2.55805006728071,0.028360990039092,12.9418282235973,0.107725510685127,-0.0285905547169186,25.1171331719782,-8.38321748445647,-1.35584074153837,7.60271965131801
2.42,29.8122067999147,2.56040699297518,0.0282180872088236,12.9567753843546,0.102602284073118,-0.0285753878617724,25.1313409611288,-8.43540556439631,-1.35415121133967,7.66863627315824
2.425,29.876988282389,2.56273168516855,0.028075190792697,12.9717236443025,0.0976840645749158,-0.0285874506954739,25.1456435314569,-8.48759367071448,-1.35246090021644,7.73472853856933
2.43,29.9418454856753,2.56502512806022,0.0279321724962208,12.9866729350188,0.0929647847863589,-0.0286236454162425,25.1600409643627,-8.53978162079396,-1.3507698081687,7.80099214054371
2.435,30.0067783802709,2.56728826764531,0.0277889188700448,13.0016231921792,0.088438370602793,-0.0286811292123491,25.1745333409371,-8.59196923165816,-1.34907793519643,7.86742286309551
2.44,30.0717869378398,2.56952201262387,0.0276453300734394,13.0165743551135,0.0840987626681877,-0.0287572988942703,25.1891207419601,-8.64415631997113,-1.34738528129965,7.93401657973515
2.445,30.1368711311687,2.57172723533894,0.0275013187139496,13.0315263664187,0.0799399356356666,-0.0288497758659317,25.2038032479003,-8.69634270203788,-1.34569184647835,8.00076925195212
2.45,30.2020309341245,2.5739047727374,0.0273568087612,13.0464791716245,0.0759559153646677,-0.0289563915118751,25.2185809389128,-8.74852819380463,-1.34399763073252,8.06767692770198
2.45,30.2020309341245,2.5739047727374,0.0273568087612,13.0464791716245,0.0759559153646677,-0.0289563915118751,25.2185809389128,-8.74852819380464,-1.34399763073252,8.06767692770198
2.455,30.2672663038804,2.57605567701737,0.0272120682602935,13.0614283602921,0.0722359792614823,-0.0289435441772671,25.2334538948392,-8.80071261085913,-1.34230263406218,8.13473530917727
2.46,30.3325771986771,2.57818095767312,0.0270673381529799,13.0763782009808,0.068668165624054,-0.0289518045186379,25.2484221952052,-8.85289576843087,-1.34060685646731,8.20194025371387
2.465,30.3979635954718,2.58028133885121,0.0269225191530358,13.091328644969,0.0652477450043867,-0.0289787093583611,25.2634859192204,-8.90507748139141,-1.33891029794793,8.26928816072106
2.47,30.4634254721296,2.58235751498368,0.0267775237385003,13.1062796461117,0.0619700063810235,-0.0290220134763174,25.2786451457764,-8.95725756425472,-1.33721295850403,8.33677550197157
2.475,30.5289628073871,2.58441015162627,0.0266322751015207,13.1212311605897,0.0588302721270861,-0.0290796738927483,25.2938999534461,-9.00943583117737,-1.3355148381356,8.40439882069144
2.48,30.5945755808166,2.58643988630494,0.0264867061747863,13.1361831466925,0.0558239112245951,-0.0291498349538873,25.3092504204824,-9.06161209595892,-1.33381593684266,8.47215473060693
2.485,30.6602637727915,2.58844732936654,0.026340758730513,13.1511355646297,0.0529463508549346,-0.0292308142201893,25.3246966248167,-9.11378617204217,-1.3321162546252,8.54003991495172
2.49,30.726027364453,2.59043306483024,0.0261943825479861,13.1660883763684,0.0501930864897617,-0.0293210891505745,25.3402386440581,-9.16595787251345,-1.33041579148322,8.60805112543795
2.495,30.7918663376771,2.59239765123633,0.0260475346457159,13.1810415454915,0.0475596906013069,-0.029419284570339,25.355876555492,-9.21812701010299,-1.32871454741671,8.67618518119489
2.5,30.8577806750433,2.59434162248963,0.025900178574348,13.1959950370766,0.0450418201052027,-0.0295241609056176,25.3716104360792,-9.27029339718517,-1.32701252242569,8.74443896767863
2.5,30.8577806750433,2.59434162248963,0.025900178574348,13.1959950370766,0.0450418201052027,-0.0295241609056176,25.3716104360792,-9.27029339718517,-1.32701252242569,8.74443896767863
2.505,30.9237703442322,2.59626569164937,0.0257525549765549,13.2109446869239,0.0427125443061543,-0.0295276746391331,25.3874403624541,-9.32245684577886,-1.32530971651015,8.81280910060241
2.51,30.989835313653,2.59817054086434,0.0256048793177837,13.2258945548541,0.0404813059039292,-0.0295447000447768,25.4033664109242,-9.37461716754773,-1.32360612967009,8.88129231642702
2.515,31.0559755679317,2.6000566243959,0.0254570881826841,13.240844610982,0.0383449028952679,-0.0295736066268703,25.4193886574685,-9.42677417380057,-1.3219017619055,8.94988577255999
2.52,31.1221910922682,2.60192437661658,0.0253091259187461,13.2557948267106,0.0363001631373442,-0.029612917571279,25.4355071777364,-9.47892767549161,-1.3201966132164,9.01858668159746
2.525,31.1884818724102,2.6037742126532,0.0251609438997897,13.2707451746348,0.0343439529083705,-0.0296612971341032,25.4517220470464,-9.53107748322085,-1.31849068360278,9.08739231067824
2.53,31.2548478946296,2.60560652902561,0.0250124998502757,13.285695628457,0.0324731843088254,-0.0297175389208684,25.4680333403853,-9.5832234072344,-1.31678397306464,9.15629998078855
2.535,31.3212891456984,2.60742170427945,0.024863757226095,13.3006461629139,0.0306848216073866,-0.0297805550087075,25.4844411324064,-9.63536525742481,-1.31507648160198,9.22530706602326
2.54,31.387805612866,2.60922009961088,0.0247146846477367,13.3155967537126,0.0289758866283787,-0.0298493658647814,25.5009454974288,-9.68750284333138,-1.3133682092148,9.29441099280936
2.545,31.4543972838373,2.6110020594821,0.0245652553819702,13.330547377474,0.0273434632707202,-0.0299230910150327,25.517546509436,-9.73963597414051,-1.31165915590309,9.36360923909698
2.55,31.5210641467519,2.61276791222613,0.0244154468684129,13.3454980116839,0.0257847012417895,-0.0300009404186701,25.5342442420747,-9.7917644586861,-1.30994932166687,9.4328993335228
2.55,31.5210641467519,2.61276791222613,0.0244154468684129,13.3454980116839,0.0257847012417895,-0.0300009404186701,25.5342442420747,-9.79176445868611,-1.30994932166687,9.4328993335228
2.555,31.5878061774014,2.6145181131586,0.0242654307577883,13.3604449157345,0.0243510924568207,-0.0300071248686404,25.5510387686537,-9.84388810544982,-1.30823870650613,9.5022786280582
2.56,31.6546233520418,2.61625309691436,0.0241153603904748,13.3753917585493,0.0229791828447349,-0.0300224507316432,25.5679301621425,-9.89600672256146,-1.30652731042087,9.57174456203851
2.565,31.721515660092,2.61797313922852,0.0239651928507813,13.3903385217762,0.0216669514684,-0.0300458199446042,25.5849184951703,-9.94812011779936,-1.30481513341109,9.64129486493718
2.57,31.7884830913181,2.61967850307041,0.0238148904441375,13.4052851877208,0.0204123973753449,-0.0300762405220199,25.6020038400247,-10.0002280985907,-1.30310217547679,9.7109273088797
2.575,31.8555256358168,2.6213694390781,0.0236644201900967,13.4202317393128,0.0192135450256381,-0.0301128173227556,25.6191862686506,-10.0523304720119,-1.30138843661797,9.78063970810849
2.58,31.9226432840004,2.62304618598729,0.0235137533596562,13.4351781600763,0.018068448947309,-0.030154743554841,25.6364658526487,-10.1044270447889,-1.29967391683463,9.85042991841087
2.585,31.9898360265811,2.62470897105375,0.0233628650533134,13.4501244341027,0.0169751976950775,-0.0302012929649314,25.6538426632749,-10.1565176232977,-1.29795861612677,9.92029583651561
2.59,32.0571038545574,2.62635801046837,0.0232117338165648,13.4650705460271,0.0159319171815533,-0.0302518126629262,25.6713167714382,-10.2086020135644,-1.29624253449439,9.99023539946266
2.595,32.1244467591996,2.62799350976405,0.023060341289776,13.4800164810072,0.0149367734444988,-0.0303057165347315,25.6888882477005,-10.2606800212662,-1.29452567193749,10.0602465839506
2.6,32.191864732037,2.62961566421388,0.0229086718896326,13.4949622247037,0.0139879749079349,-0.0303624792002197,25.7065571622746,-10.3127514517309,-1.29280802845607,10.1303274056658
2.6,32.191864732037,2.62961566421388,0.0229086718896326,13.4949622247037,0.0139879749079349,-0.0303624792002197,25.7065571622746,-10.3127514517309,-1.29280802845607,10.1303274056658
2.605,32.2593577548433,2.63122475907423,0.0227568459903283,13.5099046722308,0.0131217832818571,-0.0303690202919197,25.7243235850233,-10.364816109938,-1.29108960405013,10.2004757651858
2.61,32.3269258096768,2.63282106605125,0.0226049709624487,13.5248468801897,0.0122939033311345,-0.0303819986056466,25.7421875854583,-10.4168738005189,-1.28937039871967,10.2706896265936
2.615,32.3945688888381,2.63440474646649,0.0224530165353363,13.5397888373496,0.0115031188093343,-0.0304006607079886,25.7601492327388,-10.4689243277571,-1.28765041246469,10.3409671547949
2.62,32.4622869848311,2.6359759536414,0.022300956020102,13.5547305328084,0.0107482217471882,-0.0304243261895397,25.7782085956704,-10.5209674955887,-1.28592964528519,10.4113065478548
2.625,32.5300800903531,2.63753483317067,0.0221487659610167,13.5696719559851,0.0100280162464935,-0.0304523811462378,25.7963657427039,-10.5730031076029,-1.28420809718117,10.4817060365401
2.63,32.5979481982853,2.63908152319187,0.0219964258181709,13.5846130966115,0.00934132174420878,-0.0304842722126091,25.8146207419339,-10.6250309670422,-1.28248576815264,10.5521638838376
2.635,32.6658913016839,2.64061615465074,0.0218439176786344,13.5995539447251,0.00868697580159175,-0.0305195011005303,25.8329736610979,-10.677050876803,-1.28076265819958,10.6226783844532
2.64,32.7339093937712,2.64213885156179,0.0216912259936744,13.6144944906625,0.00806383646678818,-0.0305576196025627,25.8514245675748,-10.7290626394358,-1.279038767322,10.6932478642944
2.645,32.8020024679269,2.64364973126337,0.0215383373400264,13.6294347250529,0.0074707842529395,-0.0305982250263888,25.8699735283839,-10.7810660571458,-1.2773140955199,10.7638706799398
2.65,32.8701705176807,2.64514890466724,0.0213852402028813,13.6443746388113,0.0069067237751521,-0.0306409560202894,25.8886206101835,-10.8330609317934,-1.27558864279328,10.8345452180979
2.65,32.8701705176807,2.64514890466724,0.0213852402028813,13.6443746388113,0.0069067237751521,-0.0306409560202894,25.8886206101835,-10.8330609317934,-1.27558864279328,10.8345452180979
2.655,32.9384135292321,2.64663655096095,0.0212320243005795,13.6593118666738,0.00639890883110232,-0.0306462590940611,25.9073658792698,-10.8850470648941,-1.27386240914214,10.9052697843812
2.66,33.0067314889522,2.64811284035308,0.0210787695533015,13.6742487406882,0.00591452372932312,-0.0306563992398772,25.9262094015759,-10.9370242576195,-1.27213539456649,10.9760427320036
2.665,33.0751243908247,2.64957786183045,0.0209254531511866,13.689185254049,0.00545288274757674,-0.0306708353114904,25.94515124267,-10.9889923107974,-1.27040759906631,11.0468625608815
2.67,33.1435922289489,2.65103169946477,0.0207720548584698,13.7041214000994,0.00501329857293854,-0.0306890779858387,25.9641914677547,-11.0409510249124,-1.26867902264161,11.1177277966898
2.675,33.2121349975332,2.65247443257363,0.0206185567662826,13.7190571723326,0.00459508525783347,-0.030710685112825,25.9833301416657,-11.0929002001061,-1.26694966529239,11.1886369904836
2.68,33.2807526908902,2.65390613588001,0.0204649430674732,13.733992564394,0.00419756079550667,-0.0307352574634769,26.0025673288705,-11.1448396361778,-1.26521952701866,11.2595887183072
2.685,33.3494453034307,2.65532687966982,0.0203111998518896,13.7489275700816,0.00382004934826701,-0.0307624348494069,26.021903093467,-11.1967691325848,-1.2634886078204,11.3305815807893
2.69,33.418212829659,2.65673672994714,0.0201573149201965,13.7638621833471,0.00346188316614368,-0.0307918925796191,26.0413374991827,-11.2486884884428,-1.26175690769762,11.4016142027291
2.695,33.4870552641676,2.65813574858687,0.0200032776145298,13.7787963982955,0.00312240422822066,-0.0308233382245091,26.0608706093731,-11.3005975025264,-1.26002442665032,11.4726852326758
2.7,33.5559726016326,2.65952399348422,0.0198490786647707,13.7937302091853,0.00280096563297684,-0.0308565086658619,26.0805024870208,-11.3524959732697,-1.25829116467851,11.5437933425003
2.7,33.5559726016326,2.65952399348422,0.0198490786647707,13.7937302091853,0.00280096563297684,-0.0308565086658619,26.0805024870208,-11.3524959732697,-1.25829116467851,11.5437933425003
2.705,33.6249648316214,2.6609015817575,0.0196947942988934,13.8086620316294,0.00252089522408761,-0.0308579549150444,26.1002331947339,-11.4043836987662,-1.25655712178217,11.6149371365405
2.71,33.6940319438051,2.66226862427475,0.0195404923242405,13.82359342555,0.00225466803006756,-0.0308634774467976,26.1200627947451,-11.4562604767702,-1.25482229796131,11.6861152567339
2.715,33.763173933124,2.6636251644156,0.0193861534449411,13.8385243869843,0.00200195808047727,-0.0308726490001459,26.1399913489104,-11.5081261046962,-1.25308669321594,11.7573264636473
2.72,33.8323907945802,2.66497124263432,0.0192317604001596,13.8534549120063,0.00176242902108344,-0.03088508220953,26.1600189187079,-11.5599803796202,-1.25135030754604,11.8285695377078
2.725,33.9016825232354,2.6663068965435,0.0190772977736309,13.8683849967345,0.00153573677172681,-0.0309004260502307,26.1801455652364,-11.6118230982797,-1.24961314095163,11.8998432789157
2.73,33.9710491142067,2.66763216099837,0.0189227518201614,13.8833146373375,0.00132153187517324,-0.0309183625927015,26.2003713492144,-11.6636540570742,-1.24787519343269,11.9711465065464
2.735,34.0404905626641,2.66894706818129,0.0187681103077134,13.8982438300395,0.00111946156611977,-0.0309386040410988,26.2206963309788,-11.7154730520661,-1.24613646498923,12.0424780588434
2.74,34.1100068638272,2.67025164768609,0.0186133623735753,13.9131725711245,0.000929171589537987,-0.0309608900289898,26.2411205704837,-11.7672798789804,-1.24439695562126,12.1138367927049
2.745,34.1795980129626,2.67154592660189,0.0184584983934557,13.9281008569403,0.000750307792512161,-0.0309849851514797,26.2616441272989,-11.819074333206,-1.24265666532876,12.1852215833649
2.75,34.2492640053812,2.67282992959612,0.0183035098624728,13.9430286839014,0.00058251751056664,-0.0310106767151335,26.2822670606092,-11.8708562097957,-1.24091559411175,12.2566313240698
2.75,34.2492640053812,2.67282992959612,0.0183035098624728,13.9430286839014,0.00058251751056664,-0.0310106767151335,26.2822670606092,-11.8708562097957,-1.24091559411175,12.2566313240698
2.755,34.3190048333127,2.67410374253292,0.0181484741300537,13.9579552599696,0.00044956674217063,-0.0310043227924782,26.3029894292129,-11.9226253034668,-1.23917374197021,12.3280648381325
2.76,34.3888204890525,2.67536744645499,0.0179934599174093,13.9728813568152,0.000324011550204329,-0.0310020004399634,26.3238112915202,-11.9743814086014,-1.23743110890416,12.3995209809349
2.765,34.458710968065,2.67662105581023,0.0178384480608778,13.987806972444,0.000205794618650309,-0.0310033181303615,26.3447327055528,-12.0261243192473,-1.23568769491358,12.4709987185401
2.77,34.5286762658454,2.67786458343884,0.0176834212648388,14.0027321048152,9.48388006417018e-05,-0.0310079196533772,26.365753728942,-12.0778538291184,-1.23394349999849,12.5424970320641
2.775,34.5987163779176,2.67909804060082,0.0175283639329036,14.017656751852,-8.95006847432772e-06,-0.0310154810185617,26.3868744189277,-12.1295697315947,-1.23219852415887,12.6140149174872
2.78,34.6688312998329,2.68032143700597,0.0173732620140685,14.0325809114515,-0.000105680652166705,-0.0310257076293792,26.4080948323571,-12.1812718197234,-1.23045276739474,12.6855513854545
2.785,34.7390210271679,2.68153478084623,0.0172181028621997,14.0475045814932,-0.000195473854075699,-0.0310383316991832,26.4294150256836,-12.2329598862194,-1.22870622970609,12.7571054610677
2.79,34.8092855555235,2.68273807882974,0.0170628751081008,14.062427759847,-0.000278460802619187,-0.031053109895298,26.4508350549657,-12.2846337234651,-1.22695891109291,12.8286761836698
2.795,34.8796248805227,2.68393133621642,0.0169075685425639,14.0773504443793,-0.00035478104696916,-0.0310698211825848,26.4723549758652,-12.336293123512,-1.22521081155522,12.9002626066247
2.8,34.9500389978095,2.68511455685453,0.0167521740099919,14.0922726329597,-0.000424580953629147,-0.0310882648588087,26.4939748436467,-12.3879378780802,-1.223461931093,12.9718637970911
2.8,34.9500389978095,2.68511455685453,0.0167521740099919,14.0922726329597,-0.000424580953629147,-0.0310882648588087,26.4939748436467,-12.3879378780802,-1.223461931093,12.9718637970911
2.805,35.0205279017874,2.68628781935391,0.0165967849341663,14.1071943237733,-0.000459145298891418,-0.0310681885928614,26.5156947131758,-12.4395677785595,-1.22171226970627,13.0434787346746
2.81,35.091091586906,2.6874511979426,0.0164414842720892,14.1221154986354,-0.000491090868218277,-0.0310528248635913,26.5375146389182,-12.49118261601,-1.21996182739502,13.1151064293394
2.815,35.1617300489027,2.6886046883742,0.016286249545548,14.1370361571186,-0.000520235262037636,-0.0310417463659404,26.5594346749384,-12.542782181162,-1.21821060415924,13.1867460122755
2.82,35.2324432835262,2.68974828573499,0.0161310603184047,14.1519562986659,-0.000546428173753271,-0.0310345630144404,26.5814548748983,-12.5943662644174,-1.21645859999895,13.2583966256637
2.825,35.3032312865368,2.69088198442398,0.0159758980186635,14.1668759226068,-0.00056954793945527,-0.0310309187430546,26.6035752920562,-12.6459346558496,-1.21470581491414,13.3300574225949
2.83,35.3740940537048,2.69200577813811,0.0158207457757081,14.1817950281714,-0.000589498410367245,-0.0310304885776917,26.6257959792655,-12.6974871452041,-1.2129522489048,13.4017275669758
2.835,35.4450315808101,2.69311965986187,0.015665588271741,14.1967136145035,-0.000606206125670958,-0.0310329759636311,26.6481169889734,-12.7490235218994,-1.21119790197095,13.4734062334243
2.84,35.5160438636416,2.69422362186099,0.0155104116057776,14.2116316806721,-0.000619617750175999,-0.0310381103184033,26.6705383732197,-12.8005435750273,-1.20944277411258,13.5450926071549
2.845,35.5871308979962,2.69531765567955,0.0153552031695477,14.2265492256821,-0.000629697761445195,-0.0310456447981151,26.6930601836356,-12.8520470933534,-1.20768686532969,13.6167858838548
2.85,35.6582926796781,2.69640175214019,0.0151999515339449,14.2414662484833,-0.000636426357295458,-0.0310553542529472,26.7156824714425,-12.9035338653178,-1.20593017562227,13.6884852695543
2.85,35.6582926796781,2.69640175214019,0.0151999515339449,14.2414662484833,-0.000636426357295458,-0.0310553542529472,26.7156824714425,-12.9035338653178,-1.20593017562227,13.6884852695543
2.855,35.7295240664936,2.69747596450379,0.0150448376395774,14.254328168663,-0.000586583527783011,-0.0309915324797285,26.7384052874506,-12.9550036790356,-1.20417270499034,13.7601872687351
2.86,35.8008199165258,2.69854034078824,0.0148900234945754,14.2671896086696,-0.00054050181278334,-0.0309353414280559,26.761228682058,-13.0064563222974,-1.20241445343389,13.8318883986948
2.865,35.8721802259988,2.69959486383908,0.0147354725932003,14.2800505706022,-0.000497564547171733,-0.0308861314478394,26.7841527052489,-13.0578915825702,-1.20065542095292,13.9035878980939
2.87,35.9436049911357,2.70063951698496,0.0145811515396074,14.2929110562567,-0.000457218423143693,-0.0308433074300279,26.8071774065931,-13.1093092469973,-1.19889560754743,13.9752850133037
2.875,36.0150942081589,2.70167428393938,0.014427029786752,14.305771067156,-0.000418967703673586,-0.030806324225947,26.8303028352442,-13.1607091023996,-1.19713501321741,14.0469789984736
2.88,36.0866478732907,2.70269914871318,0.0142730793972776,14.3186306045774,-0.000382368943673225,-0.0307746824559717,26.8535290399386,-13.2120909352758,-1.19537363796288,14.1186691155759
2.885,36.1582659827528,2.70371409553678,0.014119274824355,14.3314896695769,-0.000347026170987158,-0.0307479246710757,26.8768560689941,-13.2634545318029,-1.19361148178383,14.1903546344312
2.89,36.2299485327669,2.7047191087911,0.0139655927109306,14.3443482630117,-0.000312586490847584,-0.0307256318392917,26.900283970309,-13.3147996778372,-1.19184854468026,14.2620348327166
2.895,36.3016955195547,2.70571417294654,0.0138120117058815,14.35720638556,-0.00027873607821128,-0.0307074201300845,26.9238127913605,-13.3661261589143,-1.19008482665217,14.3337089959582
2.9,36.3735069393375,2.70669927250906,0.0136585122953707,14.3700640377394,-0.000245196518203504,-0.0306929379664035,26.9474425792036,-13.4174337602504,-1.18832032769956,14.4053764175093
2.9,36.3735069393375,2.70669927250906,0.0136585122953707,14.3700640377394,-0.000245196518203504,-0.0306929379664035,26.9474425792036,-13.4174337602504,-1.18832032769956,14.4053764175093
2.905,36.4453746038402,2.70767447366686,0.0135053381992875,14.3796481780267,-0.000138910077421698,-0.0305786120016119,26.9711733804701,-13.4687222667422,-1.18655504782243,14.4770320344534
2.91,36.5172903252072,2.70863983658543,0.0133527078619624,14.3892319281305,-4.23240007121632e-05,-0.0304752767710176,26.9950052413668,-13.5199914629679,-1.18478898702078,14.5486707927533
2.915,36.5892541002839,2.7095953379704,0.0132005686293041,14.3988152925262,4.56219725471843e-05,-0.0303820253784632,27.018938207675,-13.5712411331879,-1.18302214529461,14.6202920086376
2.92,36.6612659259091,2.71054095602412,0.0130488721930925,14.408398275209,0.000125890863176767,-0.0302980253060629,27.0429723247486,-13.6224710613451,-1.18125452264392,14.691895003459
2.925,36.7333257989161,2.71147667027125,0.012897574234632,14.4179808797397,0.000199356850224052,-0.0302225122852623,27.0671076375132,-13.6736810310656,-1.17948611906871,14.763479103896
2.93,36.8054337161338,2.71240246140093,0.0127466340977457,14.4275631092867,0.000266812957988583,-0.0301547846801091,27.0913441904649,-13.7248708256595,-1.17771693456898,14.8350436421243
2.935,36.8775896743872,2.71331831112392,0.0125960144886581,14.4371449666631,0.000328978092478187,-0.0300941983387774,27.1156820276689,-13.7760402281213,-1.17594696914473,14.9065879559599
2.94,36.9497936704981,2.71422420204368,0.0124456812005774,14.4467264543607,0.00038650348140836,-0.0300401618740755,27.1401211927584,-13.8271890211306,-1.17417622279596,14.9781113889778
2.945,37.0220457012857,2.71512011753985,0.0122956028608413,14.4563075745803,0.000439978570149002,-0.0299921323350978,27.1646617289333,-13.8783169870529,-1.17240469552267,15.0496132906075
2.95,37.094345763567,2.71600604166309,0.0121457506987665,14.4658883292598,0.000489936419360873,-0.0299496112369769,27.1893036789589,-13.92942390794,-1.17063238732486,15.1210930162091
2.95,37.094345763567,2.71600604166309,0.0121457506987665,14.4658883292598,0.000489936419360873,-0.0299496112369769,27.1893036789589,-13.92942390794,-1.17063238732486,15.1210930162091
2.955,37.1666879479805,2.71688208641562,0.0119963657951698,14.473107042538,0.000611924751468296,-0.0298065811842498,27.2140470851647,-13.9805095655306,-1.16885929820253,15.192546650554
2.96,37.2390663454788,2.71774835761477,0.0118476635002721,14.4803254420061,0.000721346293708736,-0.029676386189252,27.2388919894434,-14.0315737412512,-1.16708542815568,15.2639702998281
2.965,37.3114809533428,2.71860483208581,0.0116995822875518,14.4875435331204,0.000819491696611633,-0.0295579814455383,27.2638384332492,-14.0826162162167,-1.16531077718431,15.3353633580542
2.97,37.383931768848,2.71945148861239,0.0115520656400976,14.4947613207809,0.000907536319685632,-0.0294504067186974,27.288886457597,-14.1336367712307,-1.16353534528842,15.4067252222529
2.975,37.4564187892655,2.7202883077246,0.0114050616451959,14.5019788093848,0.000986550013430115,-0.0293527794669955,27.3140361030609,-14.1846351867865,-1.16175913246801,15.4780552927288
2.98,37.5289420118629,2.72111527150655,0.0112585226218719,14.5091960028744,0.00105750608437236,-0.0292642885304381,27.3392874097732,-14.2356112430678,-1.15998213872308,15.5493529733217
2.985,37.6015014339051,2.72193236342178,0.0111124047786639,14.5164129047803,0.00112128951197521,-0.0291841883397716,27.3646404174228,-14.2865647199491,-1.15820436405363,15.6206176716266
2.99,37.6740970526553,2.72273956815491,0.0109666678991373,14.523629518261,0.00117870448034421,-0.0291117936012524,27.3900951652543,-14.3374953969965,-1.15642580845967,15.6918487991844
2.995,37.7467288653751,2.72353687146813,0.0108212750528853,14.5308458461371,0.00123048128147371,-0.0290464744174674,27.4156516920667,-14.3884030534684,-1.15464647194118,15.7630457716471
3,37.8193968693256,2.72432426007125,0.0106761923299375,14.5380618909241,0.00127728264238995,-0.0289876518076593,27.441310036212,-14.4392874683161,-1.15286635449817,15.8342080089189
3,37.8193968693256,2.72432426007125,0.0106761923299375,14.5380618909241,0.00127728264238995,-0.0289876518076593,27.441310036212,-14.4392874683161,-1.15286635449817,15.8342080089189
3.005,37.8920967998737,2.72510188129218,0.0105316635389379,14.5435736733777,0.00139719762485264,-0.0288262996377727,27.4670702355941,-14.4901484201845,-1.15108545613064,15.9053324628247
3.01,37.9648243926223,2.72586987592755,0.0103879059831901,14.5490852031442,0.001503122667883,-0.0286789609828562,27.4929323276675,-14.5409856874128,-1.14930377683859,15.9764161144954
3.015,38.0375796451825,2.72662822330652,0.0102448524656924,14.5545964860013,0.00159648134826891,-0.0285445034054198,27.5188963494362,-14.5917990480351,-1.14752131662203,16.0474584317008
3.02,38.1103625551634,2.72737690492687,0.0101024412212271,14.5601075271428,0.00167857091582961,-0.0284218853558883,27.5449623374523,-14.6425882797814,-1.14573807548094,16.1184588833723
3.025,38.1831731201725,2.72811590422255,0.00996061548049183,14.5656183312353,0.00175057293400866,-0.0283101488485358,27.5711303278149,-14.6933531600778,-1.14395405341533,16.189416939951
3.03,38.2560113378167,2.72884520635269,0.00981932306933188,14.5711289024687,0.00181356303861266,-0.02820841273703,27.5974003561685,-14.7440934660475,-1.14216925042521,16.2603320736982
3.035,38.3288772057032,2.72956479800977,0.00967851604020185,14.5766392446022,0.00186851988841838,-0.0281158665388543,27.6237724577025,-14.7948089745116,-1.14038366651056,16.3312037589719
3.04,38.40177072144,2.73027466724566,0.00953815033322787,14.5821493610048,0.00191633337503973,-0.0280317647623933,27.6502466671491,-14.8454994619894,-1.13859730167139,16.4020314724734
3.045,38.474691882636,2.73097480331374,0.00939818546445786,14.5876592546928,0.00195781215372704,-0.0279554216945155,27.6768230187829,-14.8961647046996,-1.13681015590771,16.4728146934647
3.05,38.5476406869022,2.73166519652589,0.00925858423912205,14.593168928363,0.00199369055070611,-0.0278862066107427,27.7035015464188,-14.9468044785607,-1.1350222292195,16.5435529039611
3.05,38.5476406869022,2.73166519652589,0.00925858423912205,14.593168928363,0.00199369055070611,-0.0278862066107427,27.7035015464188,-14.9468044785607,-1.1350222292195,16.5435529039611
3.055,38.6206140564062,2.73234602175771,0.00911959615127073,14.597448933172,0.00210475995665124,-0.0277116166101104,27.7302822834116,-14.9974185591917,-1.13323352160677,16.6142437080608
3.06,38.6936089134929,2.73301744694293,0.00898144325066809,14.6017287326846,0.00220107842699857,-0.0275519234859618,27.7571652626541,-15.048006721913,-1.13144403306953,16.6848847441668
3.065,38.7666252560407,2.73367945455553,0.00884405409182086,14.6060083326939,0.002284158306239,-0.0274059283032897,27.7841505165762,-15.098568741747,-1.12965376360776,16.7554755473332
3.07,38.8396630819288,2.73433202933717,0.00870736298137091,14.6102877384047,0.00235537766646895,-0.0272725278113502,27.8112380771438,-15.1491043934189,-1.12786271322147,16.8260156521778
3.075,38.9127223890389,2.73497515805178,0.0085713095190934,14.6145669544908,0.0024159915851816,-0.027150706784663,27.8384279758572,-15.1996134513573,-1.12607088191067,16.8965045932787
3.08,38.985803175255,2.73560882926263,0.00843583817560947,14.6188459851466,0.0024671424926548,-0.0270395309866872,27.8657202437499,-15.2500956896953,-1.12427826967534,16.9669419055333
3.085,39.0589054384644,2.73623303312988,0.00830089790383524,14.6231248341337,0.00250986966626371,-0.0269381407038306,27.8931149113878,-15.3005508822706,-1.1224848765155,17.0373271244815
3.09,39.1320291765583,2.73684776122684,0.00816644178143498,14.6274035048222,0.00254511794247378,-0.0268457448020764,27.9206120088674,-15.3509788026268,-1.12069070243113,17.1076597865962
3.095,39.2051743874314,2.73745300637336,0.00803242668177249,14.6316820002283,0.0025737457112493,-0.0267616152627077,27.948211565815,-15.401379224014,-1.11889574742225,17.1779394295448
3.1,39.2783410689826,2.73804876248481,0.00789881297106103,14.6359603230482,0.00259653225214995,-0.0266850821573973,27.9759136113853,-15.4517519193895,-1.11710001148884,17.2481655924237
3.1,39.2783410689826,2.73804876248481,0.00789881297106103,14.6359603230482,0.00259653225214995,-0.0266850821573973,27.9759136113853,-15.4517519193895,-1.11710001148884,17.2481655924237
3.105,39.3515269994993,2.73863522557238,0.00776585645482699,14.6393512847506,0.00269682902947841,-0.0265002369104971,28.0037181742601,-15.5020966614186,-1.11530349463092,17.3183363692183
3.11,39.4247299574014,2.73921258431334,0.00763378458302555,14.6427420773938,0.00278193812641191,-0.0263310066306271,28.031625282647,-15.5524132224752,-1.11350619684847,17.3884498912977
3.115,39.4979499407931,2.73978082426245,0.00750252245910535,14.6461327066318,0.00285343760007571,-0.0261761373211827,28.0596349642785,-15.6027013746427,-1.11170811814151,17.4585057533927
3.12,39.5711869477837,2.74033993328989,0.00737200120376698,14.6495231775379,0.00291276493546925,-0.0260344746970346,28.0877472464106,-15.6529608897151,-1.10990925851002,17.5285035484266
3.125,39.6444409764875,2.74088990132647,0.00724215747654544,14.6529134946624,0.00296122884474323,-0.0259049562404756,28.1159621558212,-15.703191539197,-1.10810961795402,17.5984428679533
3.13,39.7177120250245,2.74143072013216,0.00711293303548394,14.6563036620835,0.00300002009550841,-0.025786603899834,28.1442797188096,-15.753393094305,-1.10630919647349,17.6683233025548
3.135,39.791000091521,2.74196238308611,0.00698427433181988,14.6596936834541,0.00303022144872997,-0.0256785173768779,28.1726999611945,-15.8035653259685,-1.10450799406845,17.7381444422032
3.14,39.8643051741091,2.74248488499607,0.00685613213686663,14.6630835620425,0.00305281677969881,-0.0255798679540396,28.2012229083135,-15.8537080048299,-1.10270601073889,17.8079058765877
3.145,39.9376272709273,2.74299822192572,0.00672846119850241,14.66647330077,0.00306869944944392,-0.0254898928167188,28.2298485850211,-15.9038209012461,-1.1009032464848,17.8776071954126
3.15,40.0109663801204,2.74350239103823,0.00660121992489178,14.6698629022442,0.00307867998824024,-0.0254078898298373,28.2585770156882,-15.9539037852887,-1.0990997013062,17.9472479886656
3.15,40.0109663801204,2.74350239103823,0.00660121992489178,14.6698629022442,0.00307867998824024,-0.0254078898298373,28.2585770156882,-15.9539037852887,-1.0990997013062,17.9472479886656
3.155,40.0843208972664,2.743997603879,0.00647466933689572,14.6726119082857,0.00316818003946755,-0.0252151578116207,28.2874082242004,-16.0039564267454,-1.09729537520308,18.0168267184591
3.16,40.1576892180412,2.74448406433646,0.00634904136864668,14.6753607729302,0.00324225355599702,-0.0250386163986512,28.3163422339568,-16.05397859512,-1.09549026817543,18.0863418860154
3.165,40.2310713407476,2.74496176074727,0.00622425835915583,14.6781095015979,0.00330252746181918,-0.0248769666694624,28.3453790678691,-16.1039700596342,-1.09368438022327,18.1557931378302
3.17,40.3044672636961,2.74543068378222,0.00610024888087347,14.6808580991448,0.00335048312642226,-0.0247290127475764,28.3745187483599,-16.1539305892275,-1.09187771134659,18.2251801174477
3.175,40.3778769852054,2.74589082618453,0.00597694724520975,14.6836065699194,0.0033874685881688,-0.024593653618067,28.403761297362,-16.2038599525584,-1.09007026154538,18.2945024659306
3.18,40.4513005036025,2.74634218253229,0.00585429304729917,14.6863549178132,0.00341470977320502,-0.0244698756038056,28.4331067363165,-16.2537579180056,-1.08826203081966,18.3637598222894
3.185,40.5247378172226,2.746784749023,0.00573223074685231,14.6891031463059,0.00343332079294664,-0.0243567454463262,28.4625550861724,-16.3036242536679,-1.08645301916942,18.4329518238743
3.19,40.5981889244094,2.74721852327816,0.00561070928219543,14.6918512585058,0.00344431339620003,-0.0242534039410636,28.4921063673845,-16.3534587273659,-1.08464322659465,18.5020781067325
3.195,40.6716538235146,2.74764350416635,0.00548968171484612,14.6945992571861,0.00344860564531412,-0.0241590600812776,28.5217605999129,-16.4032611066425,-1.08283265309537,18.5711383059343
3.2,40.7451325128982,2.74805969164301,0.00536910490218759,14.6973471448176,0.00344702987997487,-0.0240729856689081,28.5515178032214,-16.4530311587635,-1.08102129867157,18.6401320558699
3.2,40.7451325128982,2.74805969164301,0.00536910490218759,14.6973471448176,0.00344702987997487,-0.0240729856689081,28.5515178032214,-16.4530311587635,-1.08102129867157,18.6401320558699
3.205,40.8186238328976,2.74846730773038,0.00524924284232165,14.699632183887,0.00352630549778107,-0.0238747229815604,28.5813779962762,-16.5027686507189,-1.07920916332325,18.7090580960454
3.21,40.8921266239213,2.74886656656876,0.00513033000071103,14.7019171028199,0.00359007914963238,-0.0236930671073301,28.611341197545,-16.5524733492234,-1.07739624705041,18.7779152057938
3.215,40.9656408844499,2.74925745893812,0.00501228671905678,14.7042019067324,0.0036400099437029,-0.0235266860619285,28.6414074249955,-16.6021450207173,-1.07558254985304,18.8467030756773
3.22,41.0391666129746,2.7496399779485,0.00489503973153812,14.7064866002005,0.00367760787157358,-0.0233743533851139,28.6715766960942,-16.6517834313676,-1.07376807173116,18.9154213923856
3.225,41.112703807997,2.75001411877393,0.00477852165839131,14.7087711873152,0.00370424634424689,-0.0232349397782289,28.7018490278054,-16.7013883470684,-1.07195281268476,18.9840698392303
3.23,41.1862524680289,2.75037987841104,0.00466267053959422,14.7110556717312,0.00372117369864187,-0.0231074054141598,28.7322244365897,-16.7509595334423,-1.07013677271384,19.0526480965971
3.235,41.2598125915925,2.75073725546012,0.00454742940543963,14.7133400567107,0.00372952375954728,-0.0229907928637284,28.7627029384028,-16.8004967558407,-1.0683199518184,19.12115584236
3.24,41.3333841772199,2.75108624992687,0.00443274588104275,14.7156243451625,0.00373032553485094,-0.0228842205874313,28.7932845486946,-16.8499997793451,-1.06650234999844,19.1895927522615
3.245,41.4069672234528,2.75142686304285,0.00431857182207443,14.7179085396767,0.00372451211519186,-0.0227868769459865,28.8239692824075,-16.899468368768,-1.06468396725396,19.2579585002597
3.25,41.4805617288426,2.75175909710316,0.00420486297924165,14.7201926425563,0.00371292884298418,-0.0226980146873289,28.8547571539756,-16.9489022886532,-1.06286480358496,19.3262527588462
3.25,41.4805617288426,2.75175909710316,0.00420486297924165,14.7201926425563,0.00371292884298418,-0.0226980146873289,28.8547571539756,-16.9489022886532,-1.06286480358496,19.3262527588462
3.255,41.554166853807,2.75208317992727,0.00409188335827506,14.7221417705129,0.00378261414739343,-0.0224967583535614,28.8856481773232,-16.9983013032775,-1.06104485899144,19.3944744776749
3.26,41.6277817588135,2.75239933134232,0.00397986734106067,14.7240907948801,0.00383688660195737,-0.0223123386739743,28.9166423658636,-17.0476651766508,-1.0592241334734,19.4626226461419
3.265,41.7014064425046,2.75270754426464,0.00386873416765033,14.726039720413,0.00387741898981273,-0.022143404886055,28.9477397324981,-17.0969936725176,-1.05740262703084,19.5306969916696
3.27,41.7750409035352,2.7530078139139,0.00375840956088999,14.7279885513574,0.0039057330628594,-0.0219887131640982,28.9789402896146,-17.1462865543577,-1.05558033966376,19.5986972371037
3.275,41.8486851405725,2.75330013754539,0.00364882521318824,14.7299372915029,0.00392321225642231,-0.0218471181566242,29.0102440490863,-17.1955435853867,-1.05375727137216,19.6666231012226
3.28,41.9223391522957,2.75358451420727,0.00353991831387387,14.7318859442291,0.00393111335987619,-0.0217175652030204,29.0416510222707,-17.2447645285576,-1.05193342215604,19.734474299204
3.285,41.9960029373954,2.75386094452067,0.00343163111389116,14.7338345125472,0.00393057722936541,-0.0215990831729266,29.0731612200081,-17.2939491465613,-1.0501087920154,19.8022505430543
3.29,42.0696764945735,2.75412943048049,0.00332391052485252,14.735782999137,0.00392263862134988,-0.0214907778769325,29.1047746526208,-17.3430972018274,-1.04828338095024,19.8699515420031
3.295,42.1433598225427,2.75438997527524,0.00321670774970523,14.7377314063803,0.00390823521921957,-0.0213918260015532,29.1364913299115,-17.3922084565254,-1.04645718896056,19.9375770028647
3.3,42.2170529200258,2.75464258312426,0.00310997794251321,14.7396797363901,0.00388821591866228,-0.0213014695258512,29.1683112611623,-17.4412826725655,-1.04463021604636,20.0051266303706
3.3,42.2170529200258,2.75464258312426,0.00310997794251321,14.7396797363901,0.00388821591866228,-0.0213014695258512,29.1683112611623,-17.4412826725655,-1.04463021604636,20.0051266303706
3.305,42.2907551773841,2.7548874831934,0.00300398163810578,14.7413849136165,0.00394880324273051,-0.0210999798702855,29.2002344551331,-17.4903196115995,-1.04280246220764,20.0725995347861
3.31,42.3644659850113,2.75512489667098,0.00289895006124747,14.743090000344,0.00399424518369236,-0.0209153436242412,29.2322609200611,-17.5393190350217,-1.0409739274444,20.1399948653519
3.315,42.4381853416979,2.75535481835534,0.00279480237363446,14.7447950009208,0.00402620739912862,-0.0207462078809526,29.2643906636589,-17.5882807039699,-1.03914461175664,20.2073123797498
3.32,42.5119132462482,2.75557724529638,0.00269146423011851,14.7464999192229,0.00404620449017198,-0.020591326813832,29.2966236931137,-17.6372043793265,-1.03731451514436,20.2745518305875
3.325,42.5856496974799,2.75579217652952,0.00258886726476733,14.7482047587043,0.00405561273809234,-0.0204495532103038,29.3289600150859,-17.6860898217189,-1.03548363760756,20.3417129659135
3.33,42.659394694224,2.7559996128346,0.00248694861753376,14.7499095224399,0.00405568179495157,-0.0203198306841385,29.3613996357077,-17.7349367915211,-1.03365197914625,20.4087955296908
3.335,42.7331482353238,2.75619955651739,0.00238565049828543,14.7516142131646,0.00404754541454628,-0.0202011865099703,29.3939425605825,-17.7837450488543,-1.03181953976041,20.4757992622326
3.34,42.8069103196346,2.75639201121203,0.00228491978521748,14.753318833308,0.00403223130244033,-0.0200927250287224,29.4265887947832,-17.8325143535878,-1.02998631945005,20.5427239006036
3.345,42.880680946023,2.75657698170237,0.00218470765490647,14.755023385025,0.00401067015743129,-0.0199936215770131,29.4593383428508,-17.8812444653401,-1.02815231821517,20.6095691789895
3.35,42.9544601133664,2.75675447376057,0.00208496924150768,14.7567278702233,0.0039837039702146,-0.0199031168980249,29.4921912087938,-17.9299351434798,-1.02631753605577,20.6763348290358
3.35,42.9544601133664,2.75675447376057,0.00208496924150768,14.7567278702233,0.0039837039702146,-0.0199031168980249,29.4921912087938,-17.9299351434798,-1.02631753605577,20.6763348290358
3.355,43.0282473767773,2.75692471350996,0.00198595768121083,14.7582549558413,0.00403546226386605,-0.0197043963554691,29.5251473960866,-17.9785861471267,-1.02448197297186,20.7430200854538
3.36,43.1020422913868,2.75708791924643,0.00188789756560874,14.7597819615108,0.0040725408215145,-0.019522307043519,29.5582069076683,-18.0271972351525,-1.02264562896342,20.8096242205347
3.365,43.1758448561205,2.75724408745192,0.00179070912487939,14.761308891138,0.00409657491102515,-0.0193555127910268,29.5913697459417,-18.075768166182,-1.02080850403046,20.8761470162209
3.37,43.2496550699189,2.75739321678007,0.00169431900202292,14.7628357482002,0.00410905085090878,-0.0192027831883036,29.6246359127718,-18.1242986985942,-1.01897059817298,20.9425882490812
3.375,43.3234729317365,2.75753530779533,0.00159865974523733,14.7643625357907,0.00411131858993436,-0.0190629852304819,29.6580054094847,-18.1727885905226,-1.01713191139099,21.0089476908225
3.38,43.3972984405418,2.75767036273675,0.00150366934038004,14.7658892566587,0.00410460325352105,-0.0189350756296749,29.6914782368667,-18.2212375998572,-1.01529244368447,21.075225108761
3.385,43.471131595316,2.7577983853041,0.00140929078031431,14.7674159132456,0.00409001574196277,-0.0188180937405709,29.7250543951627,-18.2696454842448,-1.01345219505343,21.1414202662571
3.39,43.5449723950527,2.75791938046446,0.00131547166820143,14.7689425077156,0.00406856245835491,-0.0187111550489561,29.7587338840749,-18.3180120010899,-1.01161116549788,21.2075329231154
3.395,43.6188208387569,2.7580333542775,0.00122216385203854,14.770469041985,0.00404115423754176,-0.01861344517706,29.7925167027623,-18.3663369075564,-1.0097693550178,21.2735628359538
3.4,43.6926769254447,2.75814031373775,0.00112932308797511,14.7719955177467,0.00400861454111256,-0.0185242143638076,29.8264028498387,-18.4146199605679,-1.0079267636132,21.3395097585443
3.4,43.6926769254447,2.75814031373775,0.00112932308797511,14.7719955177467,0.00400861454111256,-0.0185242143638076,29.8264028498387,-18.4146199605679,-1.0079267636132,21.3395097585443
3.405,43.766540327822,2.75824047741383,0.00103719068337806,14.7733914963915,0.00405154451622094,-0.0183315517842149,29.8603923233719,-18.4628609168091,-1.00608339128409,21.4053730240332
3.41,43.8404107186031,2.75833405634465,0.000945980672532509,14.7747874037607,0.0040804843071532,-0.0181550314813124,29.8944851208824,-18.5110595327265,-1.00423923803045,21.4711520011224
3.415,43.9142880968362,2.7584210485527,0.000855615634100585,14.7761832432958,0.00409701270913749,-0.0179933552799084,29.9286812393424,-18.5592155645299,-1.0023943038523,21.5368464905424
3.42,43.9881724615852,2.75850145411979,0.000766024377146616,14.7775790180554,0.00410256407314976,-0.0178453277841058,29.9629806751742,-18.6073287681929,-1.00054858874962,21.602456287543
3.425,44.0620638119283,2.75857527493565,0.000677141447815267,14.7789747307564,0.0040984405260338,-0.0177098482603349,29.9973834242494,-18.6553988994544,-0.998702092722424,21.6679811823915
3.43,44.1359621469578,2.75864251447022,0.000588906674949068,14.7803703838098,0.00408582318675049,-0.0175859031690565,30.0318894818875,-18.703425713819,-0.996854815770708,21.7334209608337
3.435,44.2098674657785,2.75870317756773,0.000501264751540547,14.7817659793525,0.00406578246128154,-0.0174725592915956,30.0664988428548,-18.7514089665589,-0.995006757894473,21.798775404518
3.44,44.2837797675079,2.75875727026057,0.000414164849163139,14.783161519276,0.00403928749186385,-0.0173689574031771,30.101211501363,-18.7993484127141,-0.993157919093718,21.8640442913875
3.445,44.3576990512744,2.75880479960119,0.000327560262767132,14.7845570052512,0.00400721482963788,-0.0172743064476357,30.1360274510682,-18.8472438070939,-0.991308299368443,21.9292273960419
3.45,44.4316253162176,2.75884577351057,0.00024140808343648,14.7859524387516,0.00397035639407995,-0.0171878781730645,30.17094668507,-18.8950949042781,-0.989457898718648,21.9943244900709
3.45,44.4316253162176,2.75884577351057,0.00024140808343648,14.7859524387516,0.00397035639407995,-0.0171878781730645,30.17094668507,-18.8950949042781,-0.989457898718648,21.9943244900709
3.455,44.5055583185572,2.75888039818477,0.000155932753109069,14.7872506620178,0.00400415936853754,-0.0170049214305877,30.2059691959094,-18.9429014586175,-0.987606717144333,22.0593349868318
3.46,44.5794978145133,2.75890887275155,7.13332852092715e-05,14.7885488212842,0.00402491824728195,-0.0168373185814931,30.2410949755687,-18.9906632242354,-0.985754754645499,22.124258332542
3.465,44.6534438032451,2.75893119668404,-1.24639568009358e-05,14.789846919514,0.00403412587360687,-0.0166838334506659,30.2763240154696,-19.0383799550285,-0.983902011222144,22.1890943416586
3.47,44.7273962839271,2.75894737136468,-9.55266767050397e-05,14.7911449593375,0.00403313786113352,-0.0165433277687502,30.3116563064721,-19.086051404668,-0.98204848687427,22.253842823241
3.475,44.8013552557482,2.75895739984789,-0.0001779171154717,14.7924429430874,0.00402318422484065,-0.0164147534438561,30.3470918388737,-19.1336773266007,-0.980194181601876,22.3185035814275
3.48,44.8753207179109,2.75896128664531,-0.000259692484115708,14.7937408728308,0.00400538005651865,-0.0162971454498157,30.3826306024076,-19.18125747405,-0.978339095404962,22.3830764158746
3.485,44.9492926696301,2.75895903753162,-0.000340905362435813,14.7950387503966,0.00398073532316511,-0.0161896152802263,30.4182725862422,-19.228791600017,-0.976483228283528,22.4475611221632
3.49,45.0232711101324,2.75895065936905,-0.000421604066338386,14.7963365774008,0.00395016386009231,-0.0160913449220272,30.4540177789793,-19.2762794572817,-0.974626580237574,22.5119574921737
3.495,45.0972560386555,2.7589361599492,-0.000501832986240438,14.7976343552684,0.00391449162461753,-0.0160015813062772,30.4898661686535,-19.3237207984039,-0.972769151267101,22.5762653144324
3.5,45.1712474544473,2.75891554785037,-0.000581632898844029,14.7989320852527,0.00387446427072195,-0.0159196311974177,30.5258177427303,-19.3711153757243,-0.970910941372107,22.6404843744316
3.5,45.1712474544473,2.75891554785037,-0.000581632898844029,14.7989320852527,0.00387446427072195,-0.0159196311974177,30.5258177427303,-19.3711153757243,-0.970910941372107,22.6404843744316
3.505,45.2452451727218,2.75888901174677,-0.000660801800086968,14.8001561041293,0.00389857502029185,-0.0157504021601063,30.5618724881058,-19.4184629413659,-0.969051950552594,22.7046141534265
3.51,45.3192490086875,2.75885673388401,-0.00073916063654664,14.801380065224,0.00391087740706182,-0.0155954060717505,30.5980303911046,-19.4657632472348,-0.967192178808561,22.768654162116
3.515,45.3932589616026,2.7588187151385,-0.000816777664990184,14.8026039710191,0.00391274539870446,-0.0154534955232564,30.6342914374795,-19.5130160450212,-0.965331626140008,22.8326042239382
3.52,45.4672750307401,2.75877495810319,-0.000893715635539126,14.8038278237151,0.0039054259710159,-0.0153236140197531,30.6706556124095,-19.5602210862009,-0.963470292546935,22.8964641572096
3.525,45.5412972153864,2.75872546686951,-0.000970032228061403,14.8050516252614,0.00389004989339763,-0.0152047888083104,30.7071229004994,-19.6073781220362,-0.961608178029342,22.9602337755686
3.53,45.6153255148409,2.75867024683028,-0.00104578045414897,14.8062753773822,0.00386764162825743,-0.0150961242766083,30.743693285778,-19.6544869035769,-0.95974528258723,23.0239128883837
3.535,45.6893599284146,2.75860930450158,-0.00112100902741748,14.8074990816012,0.0038391284169377,-0.0149967958757963,30.7803667516973,-19.7015471816617,-0.957881606220597,23.0875013011321
3.54,45.7634004554296,2.75854264736191,-0.00119576270464241,14.8087227392618,0.00380534861870313,-0.0149060445248156,30.8171432811312,-19.7485587069191,-0.956017148929445,23.1509988157488
3.545,45.837447095218,2.75847028370729,-0.0012700826000447,14.8099463515459,0.00376705936382168,-0.0148231714570814,30.8540228563743,-19.7955212297685,-0.954151910713773,23.21440523095
3.55,45.9114998471215,2.75839222252073,-0.00134400647483884,14.8111699194911,0.00372494357637854,-0.0147475334739653,30.8910054591409,-19.8424345004217,-0.952285891573581,23.2777203425313
3.55,45.9114998471215,2.75839222252073,-0.00134400647483884,14.8111699194911,0.00372494357637854,-0.0147475334739653,30.8910054591409,-19.8424345004217,-0.952285891573581,23.2777203425313
3.555,45.9855585679701,2.75830862930082,-0.00141736103344549,14.8123363479067,0.00373851942505483,-0.0145965037202958,30.9280910705634,-19.8892982688835,-0.950419091508869,23.3409436920907
3.56,46.0596231145849,2.758219663955,-0.00148999274178206,14.8135027239573,0.00374185127976708,-0.0144582147596856,30.9652796711918,-19.9361122849534,-0.948551510519637,23.4040748464509
3.565,46.1336934863114,2.75812532875487,-0.00156196269666534,14.8146690496491,0.00373615728773695,-0.0143316378883227,31.002571240992,-19.9828762982263,-0.946683148605886,23.4671136334834
3.57,46.2077696825085,2.75802562744691,-0.0016333270580565,14.8158353267586,0.00372254222642927,-0.0142158259514958,31.0399657593448,-20.0295900580939,-0.944814005767615,23.5300598764137
3.575,46.2818517025475,2.75792056505969,-0.00170413744051171,14.8170015568572,0.00370200715668871,-0.014109906914808,31.0774632050449,-20.0762533137459,-0.942944082004823,23.592913394219
3.58,46.3559395458114,2.75781014772976,-0.00177444127378288,14.8181677413331,0.0036754582829039,-0.014013077945748,31.1150635562994,-20.1228658141708,-0.941073377317512,23.6556740019953
3.585,46.4300332116937,2.75769438254444,-0.00184428213501772,14.8193338814104,0.00364371508503703,-0.0139245999640428,31.1527667907269,-20.1694273081575,-0.939201891705681,23.7183415112976
3.59,46.5041326995979,2.75757327739999,-0.00191370005481184,14.8204999781663,0.00360751778200354,-0.0138437926227351,31.1905728853564,-20.2159375442963,-0.93732962516933,23.7809157304542
3.595,46.5782380089363,2.75744684087396,-0.00198273179915285,14.8216660325462,0.00356753418019115,-0.0137700296856754,31.228481816626,-20.2623962709801,-0.93545657770846,23.8433964648575
3.6,46.6523491391297,2.75731508211035,-0.00205141112915377,14.8228320453776,0.00352436595699637,-0.0137027347696546,31.2664935603814,-20.3088032364054,-0.93358274932307,23.905783517233
3.6,46.6523491391297,2.75731508211035,-0.00205141112915377,14.8228320453776,0.00352436595699637,-0.0137027347696546,31.2664935603814,-20.3088032364054,-0.93358274932307,23.905783517233
3.605,46.7264659769121,2.75717814036926,-0.00211959623304287,14.8239528301029,0.00352749737885078,-0.0135732130293966,31.3046080918757,-20.3551581885738,-0.931708140013159,23.9680764824835
3.61,46.8005884090073,2.75703615025175,-0.00218716153880581,14.8250735670752,0.00352216599866356,-0.0134546614478749,31.3428253857672,-20.401460875293,-0.929832749778729,24.0302749761855
3.615,46.8747164348355,2.75688911528333,-0.00225415964826754,14.8261942578568,0.00350940750398134,-0.013346192655297,31.381145416119,-20.4477110441779,-0.927956578619779,24.0923788269934
3.62,46.9488500538293,2.75673704019172,-0.00232063890477605,14.8273149038296,0.00349016034491826,-0.0132469896688927,31.4195681563973,-20.4939084426521,-0.926079626536309,24.1543878595447
3.625,47.0229892654316,2.7565799307436,-0.00238664373108565,14.8284355062143,0.00346527404045859,-0.013156300348527,31.4580935794708,-20.5400528179488,-0.924201893528319,24.2163018948032
3.63,47.0971340690957,2.75641779359727,-0.00245221494063663,14.8295560660875,0.00343551680253967,-0.0130734322909946,31.496721657609,-20.5861439171123,-0.922323379595809,24.2781207503771
3.635,47.1712844642839,2.75625063616971,-0.00251739002433305,14.8306765843965,0.00340158253340604,-0.0129977481275805,31.5354523624816,-20.6321814869987,-0.92044408473878,24.3398442408132
3.64,47.2454404504671,2.75607846651697,-0.00258220341470877,14.8317970619725,0.00336409724611009,-0.0129286611931614,31.5742856651569,-20.6781652742779,-0.91856400895723,24.401472177869
3.645,47.3196020271236,2.75590129322645,-0.00264668672933942,14.8329174995434,0.00332362495682233,-0.0128656315358373,31.6132215361008,-20.7240950254341,-0.916683152251161,24.4630043707645
3.65,47.393769193739,2.75571912532028,-0.00271086899512676,14.8340378977435,0.00328067309159184,-0.0128081622400054,31.6522599451759,-20.7699704867674,-0.914801514620572,24.5244406264156
3.65,47.393769193739,2.75571912532028,-0.00271086899512676,14.8340378977435,0.00328067309159184,-0.0128081622400054,31.6522599451759,-20.7699704867674,-0.914801514620572,24.5244406264156
3.655,47.4679418602407,2.75553206303598,-0.00277465585150715,14.8351223308689,0.00326996733117286,-0.0127080658206224,31.69140086164,-20.8157914043949,-0.912919096065463,24.5857805999534
3.66,47.5421199365483,2.75534020336349,-0.00283796389615735,14.8362067208081,0.0032532294012568,-0.0126165170839927,31.7306442541453,-20.8615575242521,-0.911035896585835,24.6470239605636
3.665,47.6163034221478,2.75514355143004,-0.00290083410914582,14.8372910686449,0.00323124509000907,-0.0125328222575694,31.7699900907368,-20.9072685920938,-0.909151916181686,24.7081705321549
3.67,47.6904923165343,2.75494211319363,-0.00296330414130344,14.8383753753356,0.0032047250794531,-0.0124563426662775,31.8094383388518,-20.9529243534957,-0.907267154853017,24.7692201355451
3.675,47.7646866192116,2.75473589532012,-0.00302540857874074,14.8394596417224,0.0031743114051223,-0.0123864903962577,31.8489889653182,-20.9985245538555,-0.905381612599829,24.8301725887311
3.68,47.8388863296911,2.75452490507244,-0.00308717918650446,14.840543868545,0.00314058338334524,-0.0123227243010695,31.8886419363537,-21.0440689383942,-0.903495289422121,24.8910277071395
3.685,47.9130914474915,2.75430915021102,-0.00314864513307742,14.8416280564513,0.00310406305082278,-0.0122645463219685,31.9283972175646,-21.0895572521573,-0.901608185319893,24.9517853038582
3.69,47.9873019721377,2.75408863890424,-0.00320983319727717,14.8427122060067,0.0030652201571447,-0.0122114980964286,31.9682547739445,-21.1349892400159,-0.899720300293145,25.0124451898504
3.695,48.0615179031606,2.75386337964824,-0.00327076795878205,14.8437963177027,0.00302447674270298,-0.0121631578345116,32.0082145698736,-21.1803646466684,-0.897831634341877,25.0730071741539
3.7,48.1357392400961,2.75363338119505,-0.00333147197367639,14.8448803919643,0.00298221133813432,-0.0121191374401248,32.048276569117,-21.2256832166414,-0.89594218746609,25.1334710640643
3.7,48.1357392400961,2.75363338119505,-0.00333147197367639,14.8448803919643,0.00298221133813432,-0.0121191374401248,32.048276569117,-21.2256832166414,-0.89594218746609,25.1334710640643
3.705,48.2099659154758,2.75339876110291,-0.00339182121223775,14.8459374782745,0.00297975058976956,-0.0120219932335539,32.088440734824,-21.270944694291,-0.894051959665782,25.1938365094061
3.71,48.2841978618148,2.75315963285451,-0.00345170566805563,14.8469945217985,0.00297112514461035,-0.0119331081685613,32.128707029527,-21.3161488238044,-0.892160950940955,25.2541031776294
3.715,48.3584350786358,2.75291599996943,-0.00351116494106982,14.8480515235707,0.00295710752478428,-0.011851813156013,32.1690754151399,-21.3612953492008,-0.890269161291608,25.3142708988569
3.72,48.432677565471,2.75266786683241,-0.00357023542032298,14.8491084845061,0.00293839721954304,-0.0117774922003034,32.2095458529578,-21.4063840143329,-0.888376590717741,25.3743395002218
3.725,48.5069253218607,2.75241523857212,-0.00362895053886063,14.850165405413,0.00291562693829134,-0.0117095782217619,32.2501183036549,-21.451414562888,-0.886483239219354,25.4343088061255
3.73,48.5811783473531,2.75215812095173,-0.00368734100851968,14.8512222870035,0.00288936834901044,-0.0116475492092348,32.2907927272843,-21.4963867383896,-0.884589106796447,25.4941786384768
3.735,48.6554366415033,2.75189652027028,-0.003745435036292,14.8522791299041,0.00286013734626084,-0.0115909246747681,32.3315690832763,-21.5413002841986,-0.882694193449021,25.5539488169136
3.74,48.7297002038726,2.75163044327399,-0.00380325852371609,14.8533359346636,0.00282839888688043,-0.0115392623862447,32.3724473304376,-21.5861549435143,-0.880798499177074,25.6136191590076
3.745,48.803969034028,2.75135989707655,-0.00386083525045924,14.8543927017616,0.00279457142418798,-0.0114921553586715,32.4134274269499,-21.6309504593761,-0.878902023980608,25.6731894804546
3.75,48.8782431315418,2.75108488908765,-0.0039181870435528,14.8554494316153,0.00275903097851054,-0.011449229080006,32.4545093303691,-21.6756865746648,-0.877004767859622,25.7326595952494
3.75,48.8782431315418,2.75108488908765,-0.0039181870435528,14.8554494316153,0.00275903097851054,-0.011449229080006,32.4545093303691,-21.6756865746648,-0.877004767859622,25.7326595952494
3.755,48.9525224467927,2.75080559022103,-0.00397511619173785,14.8564861860528,0.00278378103801587,-0.0113242514897435,32.4956929976241,-21.7203630321035,-0.875106730814116,25.7920291111701
3.76,49.0268069301287,2.75052216521894,-0.0040314470260336,14.8575228950007,0.0027995021325891,-0.0112097568671332,32.5369783850155,-21.7649795742595,-0.87320791284409,25.8512976632185
3.765,49.1010965810887,2.7502346135162,-0.00408722982045341,14.8585595598084,0.00280722169668047,-0.0111049004960063,32.5783654482149,-21.8095359435452,-0.871308313949544,25.9104651019165
3.77,49.1753913992238,2.74994293587204,-0.00414251079498152,14.8595961816734,0.00280787285581744,-0.011008904566901,32.6198541422633,-21.8540318822196,-0.869407934130478,25.9695312738819
3.775,49.2496913840965,2.74964713420688,-0.00419733243675107,14.8606327616578,0.00280230240765517,-0.0109210529069552,32.6614444215705,-21.8984671323897,-0.867506773386893,26.0284960221481
3.78,49.3239965352797,2.74934721145462,-0.00425173379593856,14.8616693007026,0.00279127815023917,-0.0108406861270726,32.7031362399137,-21.9428414360116,-0.865604831718788,26.0873591864602
3.785,49.3983068523552,2.74904317142895,-0.00430575075835541,14.8627057996405,0.00277549561004402,-0.0107671971529414,32.7449295504364,-21.9871545348923,-0.863702109126163,26.1461206035489
3.79,49.4726223349136,2.74873501870263,-0.00435941629656214,14.863742259207,0.00275558421811991,-0.0107000271092396,32.7868243056477,-22.0314061706904,-0.861798605609018,26.2047801073845
3.795,49.546942982553,2.74842275849846,-0.00441276070127578,14.8647786800509,0.00273211298095271,-0.0106386615274376,32.8288204574205,-22.0755960849181,-0.859894321167353,26.2633375294118
3.8,49.6212687948783,2.74810639659098,-0.00446581179457915,14.865815062743,0.00270559568584559,-0.0105826268520242,32.8709179569911,-22.1197240189422,-0.857989255801168,26.3217926987684
3.8,49.6212687948783,2.74810639659098,-0.00446581179457915,14.865815062743,0.00270559568584559,-0.0105826268520242,32.8709179569911,-22.1197240189422,-0.857989255801168,26.3217926987684
3.805,49.6955997315781,2.74778608936399,-0.00451839489299685,14.8668351676876,0.00273320155709453,-0.0104525065174337,32.9131167549578,-22.1637897139856,-0.856083409510464,26.3801452575716
3.81,49.7699357523124,2.74746198774313,-0.00457035502470805,14.8678552280977,0.00275132134327669,-0.0103332876705677,32.9554168012798,-22.2077929111285,-0.85417678229524,26.4383948722823
3.815,49.8442768566582,2.74713409083351,-0.00462174447106316,14.8688752452569,0.00276102789243448,-0.0102240919547517,32.9978180452762,-22.25173335131,-0.852269374155495,26.4965414036281
3.82,49.9186230442057,2.74680239913614,-0.00467261129796781,14.8698952203029,0.00276329574955314,-0.0101241105974164,33.040320435625,-22.2956107753293,-0.850361185091231,26.5545847081968
3.825,49.9929743145568,2.74646691437731,-0.00472299968990495,14.870915154243,0.00275900947172239,-0.0100325989263781,33.0829239203619,-22.3394249238474,-0.848452215102447,26.6125246387678
3.83,50.0673306673242,2.74612763935409,-0.0047729502576465,14.871935047969,0.00274897126290892,-0.00994887132080514,33.1256284468791,-22.3831755373878,-0.846542464189143,26.6703610446201
3.835,50.1416921021301,2.74578457779453,-0.00482250032173678,14.8729549022688,0.00273390798365477,-0.009872296561673,33.1684339619246,-22.4268623563388,-0.844631932351319,26.7280937718172
3.84,50.2160586186057,2.74543773423132,-0.00487168417362035,14.8739747178382,0.00271447758541537,-0.00980229355017563,33.2113404116008,-22.4704851209542,-0.842720619588976,26.7857226634709
3.845,50.2904302163901,2.74508711388772,-0.00492053331625333,14.8749944952901,0.00269127501803394,-0.00973832736330653,33.2543477413636,-22.5140435713549,-0.840808525902113,26.8432475599857
3.85,50.3648068951293,2.74473272257463,-0.00496907668580806,14.8760142351636,0.00266483765283739,-0.00967990561971759,33.2974558960213,-22.5575374475306,-0.83889565129073,26.9006682992858
3.85,50.3648068951293,2.74473272257463,-0.00496907668580806,14.8760142351636,0.00266483765283739,-0.00967990561971759,33.2974558960213,-22.5575374475306,-0.83889565129073,26.9006682992858
3.855,50.4391886222209,2.74437471449552,-0.00501714360250787,14.8770207394556,0.00269151070284726,-0.00954877031469503,33.3406648197335,-22.6009664893407,-0.836981995754827,26.9579845391264
3.86,50.5135753650323,2.74401323850772,-0.00506458269980241,14.8780272005972,0.00270865471834731,-0.00942862405569158,33.38397445601,-22.6443304365161,-0.835067559294403,27.0151959610194
3.865,50.58796712318,2.74364829395009,-0.00511144667783572,14.8790336197452,0.00271735054490851,-0.00931858099472201,33.4273847477099,-22.6876290286606,-0.833152341909461,27.0723024333991
3.87,50.6623638962937,2.74327988156278,-0.00515778398542369,14.8800399979223,0.00271857987346953,-0.00921782548830053,33.4708956370404,-22.730862005252,-0.831236343599998,27.1293038204609
3.875,50.736765684015,2.74290800331536,-0.00520363915704932,14.8810463360326,0.00271323363346122,-0.00912560656301923,33.5145070655559,-22.7740291056439,-0.829319564366016,27.1861999824968
3.88,50.8111724859962,2.74253266225115,-0.00524905312330402,14.8820526348747,0.00270211969879388,-0.00904123281998636,33.5582189741568,-22.817130069067,-0.827402004207513,27.2429907762059
3.885,50.8855843018992,2.74215386234641,-0.00529406349687954,14.8830588951529,0.00268596996265676,-0.00896406774253431,33.6020313030884,-22.8601646346305,-0.825483663124491,27.2996760549821
3.89,50.960001131395,2.74177160838309,-0.00533870483600095,14.8840651174881,0.00266544683135379,-0.00889352537535244,33.6459439919401,-22.9031325413235,-0.823564541116949,27.356255669181
3.895,51.034422974162,2.74138590583399,-0.00538300888714744,14.8850713024262,0.00264114918593216,-0.00882906634411183,33.6899569796441,-22.9460335280166,-0.821644638184887,27.4127294663667
3.9,51.1088498298858,2.74099676075913,-0.00542700480869825,14.8860774504465,0.0026136178548243,-0.00877019418822811,33.7340702044745,-22.9888673334634,-0.819723954328305,27.4690972915417
3.9,51.1088498298858,2.74099676075913,-0.00542700480869825,14.8860774504465,0.0026136178548243,-0.00877019418822811,33.7340702044745,-22.9888673334634,-0.819723954328305,27.4690972915417
3.905,51.1832816737789,2.74060432732835,-0.00547052246500684,14.8870734474888,0.00263910291594976,-0.00863878230630242,33.7782836040463,-23.0316336963015,-0.817802489547203,27.5253588143621
3.91,51.2577184810216,2.74020875437138,-0.00551341098742422,14.8880694026778,0.00265507433487901,-0.00851838636843888,33.8225971153141,-23.0743323550547,-0.815880243841582,27.5815137280899
3.915,51.3321602512671,2.73981004148218,-0.0055557232038748,14.889065317036,0.00266261475929526,-0.00840811788417334,33.8670106745715,-23.1169630481336,-0.813957217211441,27.6375619079024
3.92,51.4066069841815,2.73940818965258,-0.00559750767834638,14.8900611914648,0.00266270738526739,-0.00830715880551863,33.9115242174497,-23.159525513838,-0.81203340965678,27.6935032246749
3.925,51.481058679443,2.73900320110015,-0.00563880904902315,14.8910570267593,0.00265624438186731,-0.00821475597202078,33.9561376789166,-23.2020194903576,-0.810108821177598,27.7493375453179
3.93,51.5555153367404,2.73859507911226,-0.00567966833976633,14.8920528236202,0.00264403462572169,-0.00813021599641646,34.0008509932758,-23.244444715774,-0.808183451773898,27.805064733088
3.935,51.6299769557719,2.73818382790509,-0.00572012324705607,14.8930485826641,0.00262681080172553,-0.00805290055513999,34.0456640941654,-23.2868009280616,-0.806257301445677,27.8606846478778
3.94,51.7044435362447,2.73776945249623,-0.00576020840429317,14.8940443044332,0.00260523592038396,-0.00798222205169502,34.0905769145573,-23.3290878650899,-0.804330370192936,27.9161971464833
3.945,51.7789150778734,2.73735195858967,-0.00579995562530979,14.8950399894033,0.00257990930064924,-0.0079176396219043,34.135589386756,-23.3713052646243,-0.802402658015676,27.9716020828528
3.95,51.8533915803794,2.73693135247214,-0.00583939412873826,14.8960356379912,0.00255137206179501,-0.00785865545348853,34.1807014423973,-23.413452864328,-0.800474164913896,28.026899308317
3.95,51.8533915803794,2.73693135247214,-0.00583939412873826,14.8960356379912,0.00255137206179501,-0.00785865545348853,34.1807014423973,-23.413452864328,-0.800474164913896,28.026899308317
3.955,51.9278730263078,2.73650778292924,-0.00587836127662005,14.897024043979,0.0025737650672708,-0.00773007826965166,34.225913012448,-23.4555304017631,-0.798544890887595,28.0820885091241
3.96,52.0023593981716,2.73608139361768,-0.00591671288863544,14.8980124094457,0.00258693657472648,-0.00761228990293988,34.2712240272041,-23.4975376143928,-0.796614835936775,28.1371693940787
3.965,52.0768506956586,2.73565218463397,-0.00595450070175991,14.8990007352571,0.00259194381353597,-0.00750441950017251,34.3166344162903,-23.539474239582,-0.794684000061435,28.1921418431119
3.97,52.1513469184699,2.73522015742601,-0.00599177227375648,14.8999890221748,0.00258974663885036,-0.00740566528441126,34.3621441086588,-23.5813400145995,-0.792752383261575,28.2470057319006
3.975,52.2258480663176,2.73478531462498,-0.00602857131474877,14.9009772708682,0.00258121579043981,-0.00731528910683427,34.4077530325883,-23.6231346766195,-0.790819985537196,28.3017609321982
3.98,52.3003541389242,2.73434765989329,-0.00606493799265526,14.9019654819257,0.00256714047474777,-0.00723261143061348,34.4534611156831,-23.6648579627227,-0.788886806888297,28.356407312141
3.985,52.3748651360215,2.73390719778699,-0.00610090921455213,14.9029536558638,0.00254823532516644,-0.00715700671185687,34.4992682848719,-23.7065096098981,-0.786952847314877,28.4109447365318
3.99,52.4493810573495,2.73346393363161,-0.00613651888582692,14.9039417931351,0.0025251467900474,-0.0070878991462651,34.5451744664072,-23.7480893550446,-0.785018106816938,28.4653730671041
3.995,52.5239019026551,2.73301787341003,-0.00617179814895611,14.9049298941359,0.00249845899684486,-0.00702475875082351,34.5911795858636,-23.7895969349722,-0.783082585394479,28.5196921627656
4,52.5984276716923,2.7325690236615,-0.0062067756034988,14.905917959212,0.0024686991344895,-0.00696709775392829,34.6372835681376,-23.8310320864043,-0.7811462830475,28.5739018798255
4,52.5984276716923,2.7325690236615,-0.0062067756034988,14.905917959212,0.0024686991344895,-0.00696709775392829,34.6372835681376,-23.8310320864043,-0.7811462830475,28.5739018798255
4.005,52.6729583537405,2.73211752540122,-0.00624129867502509,14.9069014625299,0.00248698259659744,-0.00684392904697807,34.6834863374462,-23.8723945459782,-0.779209199776002,28.6280019220322
4.01,52.7474939380476,2.73166351480379,-0.00627523213802183,14.9078849265368,0.00249654486904795,-0.00673110916972146,34.7297878173258,-23.9136840502474,-0.777271335579983,28.6819920142968
4.015,52.8220344243336,2.73120699256871,-0.00630862561759861,14.9088683519389,0.00249839582011257,-0.00662780202460636,34.7761879306315,-23.954900335683,-0.775332690459445,28.7358720395664
4.02,52.8965798123306,2.73074796066857,-0.00634152472652366,14.9098517393555,0.00249345198886515,-0.00653323786503485,34.8226865995361,-23.9960431386753,-0.773393264414387,28.7896418766782
4.025,52.9711301017813,2.73028642218865,-0.00637397138371631,14.9108350893293,0.00248254451268117,-0.00644670806197219,34.8692837455288,-24.037112195535,-0.771453057444808,28.8433014006781
4.03,53.0456852924381,2.72982238118188,-0.00640600410763318,14.9118184023355,0.00246642640490324,-0.0063675602852223,34.9159792894145,-24.0781072424952,-0.76951206955071,28.8968504831156
4.035,53.1202453840619,2.72935584253763,-0.00643765828651304,14.9128016787899,0.0024457792349728,-0.00629519406621535,34.9627731513129,-24.1190280157129,-0.767570300732092,28.9502889923173
4.04,53.1948103764212,2.72888681186337,-0.00646896642730142,14.913784919056,0.00242121925936839,-0.00622905671171886,35.0096652506574,-24.1598742512704,-0.765627750988955,29.0036167936409
4.045,53.2693802692911,2.72841529537787,-0.00649995838501137,14.9147681234505,0.00239330304971514,-0.00616863953911289,35.0566555061939,-24.2006456851771,-0.763684420321297,29.0568337497104
4.05,53.3439550624529,2.72794129981507,-0.00653066157401359,14.9157512922489,0.00236253265759348,-0.00611347440830456,35.1037438359804,-24.2413420533708,-0.76174030872912,29.109939720635
4.05,53.3439550624529,2.72794129981507,-0.00653066157401359,14.9157512922489,0.00236253265759348,-0.00611347440830456,35.1037438359804,-24.2413420533708,-0.76174030872912,29.109939720635
4.055,53.4185347513449,2.72746495642757,-0.00656093552654817,14.9167323611382,0.00237626219888364,-0.0059977981334637,35.1509301573854,-24.2819630917196,-0.759795416212423,29.1629344282468
4.06,53.4931193313748,2.72698639198022,-0.00659065577588093,14.9177133917196,0.00238192535345362,-0.00589185643612908,35.1982143870874,-24.3225085360234,-0.757849742771206,29.2158176138755
4.065,53.5677088022906,2.72650560778541,-0.00661986899968071,14.9186943845493,0.00238046723954224,-0.00579486207914042,35.2455964410738,-24.3629781220155,-0.755903288405469,29.2685891620095
4.07,53.6423031638515,2.72602260632735,-0.00664861809782322,14.9196753401131,0.00237274528832456,-0.00570609032777972,35.2930762346399,-24.4033715853641,-0.753956053115212,29.321248953254
4.075,53.7169024158262,2.72553739111211,-0.00667694249241486,14.9206562588356,0.00235953670431468,-0.00562487402024612,35.3406536823881,-24.4436886616739,-0.752008036900435,29.3737968646318
4.08,53.7915065579924,2.72504996653207,-0.00670487840416699,14.9216371410869,0.00234154531401442,-0.00555059902835843,35.3883286982266,-24.4839290864882,-0.750059239761138,29.4262327698619
4.085,53.8661155901355,2.72456033774346,-0.00673245910694233,14.9226179871899,0.00231940785131399,-0.00548270007781615,35.4361011953689,-24.5240925952897,-0.748109661697322,29.4785565396182
4.09,53.9407295120475,2.7240685105559,-0.00675971516226481,14.9235987974254,0.0022936997270252,-0.00542065689803005,35.4839710863325,-24.5641789235027,-0.746159302708986,29.5307680417693
4.095,54.0153483235269,2.72357449133275,-0.00678667463539032,14.9245795720375,0.002264940324765,-0.00536399067485304,35.5319382829383,-24.6041878064948,-0.74420816279613,29.5828671416013
4.1,54.0899720243768,2.72307828690151,-0.00681336329427591,14.9255603112375,0.00223359785873623,-0.00531226078390671,35.5800026963094,-24.6441189795782,-0.742256241958754,29.6348537020244
4.1,54.0899720243768,2.72307828690151,-0.00681336329427591,14.9255603112375,0.00223359785873623,-0.00531226078390671,35.5800026963094,-24.6441189795782,-0.742256241958754,29.6348537020244
4.105,54.1646006156985,2.72258001761931,-0.00683965371983163,14.9265412230098,0.0022428708839082,-0.00520547366178536,35.6281642368701,-24.6839721780113,-0.740303540196858,29.686727462796
4.11,54.2392340985636,2.72207979974176,-0.00686543303005271,14.9275220972251,0.00224482127086274,-0.00510768812478682,35.6764228143452,-24.7237471370007,-0.738350057510443,29.7384881813811
4.115,54.3138724727437,2.72157763512621,-0.00689074438605916,14.9285029343079,0.00224031812916402,-0.0050181754989063,35.7247783377592,-24.7634435917027,-0.736395793899507,29.7901357427102
4.12,54.3885157380201,2.72107352668783,-0.00691562745227414,14.9294837346274,0.00223014959747037,-0.00493626498801116,35.7732307154349,-24.8030612772248,-0.734440749364052,29.8416700281173
4.125,54.463163894183,2.72056747826198,-0.00694011867425887,14.9304644985051,0.00221502974419947,-0.00486133910964974,35.8217798549929,-24.8425999286276,-0.732484923904076,29.8930909156186
4.13,54.5378169410303,2.7200594944798,-0.00696425153462748,14.9314452262201,0.00219560490163946,-0.00479282949212609,35.8704256633503,-24.8820592809262,-0.730528317519581,29.9443982801717
4.135,54.6124748783669,2.71954958065589,-0.00698805678875707,14.9324259180148,0.00217245947909361,-0.00473021300405938,35.9191680467202,-24.921439069092,-0.728570930210566,29.9955919939161
4.14,54.6871377060035,2.71903774268696,-0.00701156268198524,14.9334065740993,0.00214612129969581,-0.004673008188192,35.9680069106106,-24.9607390280546,-0.726612761977032,30.0466719263962
4.145,54.7618054237563,2.71852398696067,-0.00703479514968132,14.934387194655,0.00211706649767187,-0.00462077197631791,36.0169421598235,-24.9999588927029,-0.724653812818977,30.0976379447682
4.15,54.8364780314459,2.71800832027351,-0.00705777800144039,14.9353677798384,0.00208572400922042,-0.00457309666457045,36.0659736984538,-25.0390983978876,-0.722694082736403,30.1484899139927
4.15,54.8364780314459,2.71800832027351,-0.00705777800144039,14.9353677798384,0.00208572400922042,-0.00457309666457045,36.0659736984538,-25.0390983978876,-0.722694082736402,30.1484899139927
4.155,54.9111555354266,2.71749085207286,-0.00708039642853597,14.936350651951,0.00209117525949752,-0.00447570312662159,36.1151014298888,-25.0781572784219,-0.720733571729308,30.1992275906626
4.16,54.9858379420251,2.71697168808419,-0.00710254873425652,14.9373334869941,0.0020900575962431,-0.00438653242881856,36.164325256807,-25.1171352690841,-0.718772279797694,30.2498507473482
4.165,55.0605252510315,2.7164508305719,-0.00712427434423005,14.9383162852836,0.00208316066235819,-0.00430491833389981,36.2136450811772,-25.1560321046187,-0.71681020694156,30.3003592688131
4.17,55.1352174622446,2.71592828274393,-0.00714560948705687,14.9392990470929,0.00207120023845053,-0.00423024754296823,36.2630608042579,-25.1948475197384,-0.714847353160906,30.35075303654
4.175,55.2099145754707,2.71540404862689,-0.00716658744844267,14.9402817726591,0.00205482454766189,-0.00416195552158378,36.312572326596,-25.2335812491258,-0.712883718455732,30.4010319289871
4.18,55.2846165905234,2.7148781329533,-0.00718723880524311,14.941264462187,0.00203462004174913,-0.00409952265651629,36.3621795480262,-25.2722330274346,-0.710919302826038,30.4511958218255
4.185,55.3593235072219,2.71435054105973,-0.00720759164109807,14.9422471158538,0.00201111671275914,-0.00404247071514223,36.41188236767,-25.3108025892923,-0.708954106271825,30.50124458816
4.19,55.4340353253907,2.71382127879509,-0.00722767174512245,14.9432297338122,0.00198479296907325,-0.00399035958303899,36.461680683935,-25.3492896693009,-0.706988128793092,30.5511780987341
4.195,55.508752044859,2.71329035243799,-0.00724750279482087,14.9442123161932,0.0019560801069842,-0.00394278426033385,36.5115743945137,-25.3876940020393,-0.705021370389838,30.6009962221201
4.2,55.5834736654598,2.71275776862257,-0.00726710652466073,14.9451948631094,0.00192536641526702,-0.00389937209309128,36.5615633963828,-25.4260153220647,-0.703053831062066,30.6506988248959
4.2,55.5834736654598,2.71275776862257,-0.00726710652466073,14.9451948631094,0.00192536641526702,-0.00389937209309128,36.5615633963828,-25.4260153220647,-0.703053831062066,30.6506988248959
4.205,55.6582001984668,2.71222362773321,-0.00728637799158437,14.9461816772155,0.00192836212434978,-0.00381051975550568,36.6116475858024,-25.4642533639143,-0.701085510809773,30.7002856777471
4.21,55.7329316551277,2.71168802673725,-0.00730522423566923,14.9471684544861,0.00192543558435628,-0.00372917723500522,36.6618268583152,-25.5024078621075,-0.69911640963296,30.749756565972
4.215,55.8076680352458,2.71115096807849,-0.00732368126285823,14.948155195153,0.00191730530668324,-0.00365473567807112,36.7121011087453,-25.540478551147,-0.697146527531627,30.7991113742849
4.22,55.8824093386322,2.71061245504777,-0.00734178215746845,14.9491418994162,0.0019046224029187,-0.00358663462155298,36.7624702311976,-25.578465165521,-0.695175864505775,30.8483499844184
4.225,55.9571555651047,2.71007249166948,-0.00735955731448246,14.9501285674479,0.00188797634384873,-0.00352435817838465,36.8129341190569,-25.6163674397045,-0.693204420555402,30.8974722753583
4.23,56.0319067144873,2.70953108259909,-0.00737703465347623,14.9511151993963,0.00186790024451272,-0.00346743152523397,36.8634926649871,-25.6541851081618,-0.69123219568051,30.9464781235616
4.235,56.1066627866091,2.70898823303067,-0.00739423981578408,14.9521017953887,0.00184487571744159,-0.0034154176654542,36.9141457609302,-25.6919179053474,-0.689259189881098,30.9953674031588
4.24,56.1814237813038,2.70844394861358,-0.00741119634608674,14.9530883555344,0.0018193373256675,-0.0033679144475781,36.9648932981055,-25.7295655657084,-0.687285403157166,31.0441399861419
4.245,56.2561896984091,2.70789823537758,-0.00742792585960246,14.9540748799264,0.00179167666678398,-0.0033245518197879,37.015735167009,-25.767127823686,-0.685310835508715,31.0927957425385
4.25,56.3309605377659,2.70735109966541,-0.00744444819627288,14.9550613686441,0.00176224612419589,-0.00328498929739641,37.0666712574122,-25.804604413717,-0.683335486935743,31.1413345405744
4.25,56.3309605377659,2.70735109966541,-0.00744444819627288,14.9550613686441,0.00176224612419589,-0.00328498929739641,37.0666712574122,-25.804604413717,-0.683335486935743,31.1413345405744
4.255,56.4057363152869,2.70680263795208,-0.00746066140655668,14.9560539810064,0.00176538214373866,-0.00320152032945758,37.1177014583613,-25.8419950702364,-0.681359357438252,31.1897561592073
4.26,56.4805170468592,2.70625294340375,-0.00747647515015926,14.957046556538,0.00176293689346127,-0.0031251033544069,37.1688256581768,-25.8792995276781,-0.679382447016241,31.2380603915556
4.265,56.5553027322932,2.70570201826668,-0.0074919232380708,14.9580390954113,0.00175558613787096,-0.00305516667355701,37.220043744452,-25.9165175204778,-0.677404755669709,31.2862471236032
4.27,56.6300933714068,2.70514986558609,-0.00750703673794703,14.959031597774,0.00174394229153095,-0.00299118402257872,37.2713556040529,-25.9536487830737,-0.675426283398659,31.3343162385566
4.275,56.7048889640242,2.70459648909939,-0.0075218441921921,14.9600240637525,0.00172855982955651,-0.00293267099127335,37.3227611231168,-25.9906930499091,-0.673447030203087,31.3822676170661
4.28,56.779689509975,2.70404189313983,-0.0075363718188346,14.9610164934548,0.00170994025380335,-0.00287918172608505,37.3742601870517,-26.0276500554339,-0.671466996082997,31.43010113743
4.285,56.8544950090938,2.70348608254944,-0.00755064369668153,14.9620088869728,0.00168853665384201,-0.00283030589068,37.4258526805356,-26.0645195341064,-0.669486181038386,31.4778166757847
4.29,56.9293054612193,2.70292906260074,-0.00756468193576009,14.9630012443848,0.00166475788984633,-0.00278566586775988,37.4775384875153,-26.1013012203951,-0.667504585069256,31.5254141062817
4.295,57.0041208661937,2.70237083892613,-0.00757850683437471,14.9639935657572,0.00163897243215127,-0.00274491418018344,37.5293174912062,-26.1379948487805,-0.665522208175606,31.5728933012507
4.3,57.0789412238623,2.70181141745459,-0.00759213702383625,14.9649858511457,0.00161151188528807,-0.00270773111392441,37.5811895740909,-26.1746001537571,-0.663539050357436,31.6202541313523
4.3,57.0789412238623,2.70181141745459,-0.00759213702383625,14.9649858511457,0.00161151188528807,-0.00270773111392441,37.5811895740909,-26.1746001537571,-0.663539050357436,31.6202541313523
4.305,57.1537665545087,2.70125090167519,-0.00760545946455513,14.9659859787398,0.00161951875863392,-0.00262249245604166,37.6331546179189,-26.2111168698349,-0.661555111614746,31.6674963725166
4.31,57.2285968783881,2.70068939146684,-0.00761837390842339,14.9669860693382,0.00162163486923144,-0.00254443147800848,37.6852125037052,-26.2475447315415,-0.659570391947536,31.7146198162542
4.315,57.3034321953113,2.70012688824225,-0.0076309147711224,14.9679861230745,0.00161855641437318,-0.00247296710791592,37.7373631117303,-26.2838834734238,-0.657584891355806,31.7616243531874
4.32,57.3782725050965,2.69956339426663,-0.00764311367994702,14.9689861400614,0.00161091481293586,-0.00240756442514858,37.7896063215387,-26.3201328300499,-0.655598609839557,31.8085098711364
4.325,57.4531178075684,2.69899891254744,-0.00765499969533741,14.9699861203937,0.00159928222076161,-0.00234773102378767,37.8419420119384,-26.3562925360108,-0.653611547398787,31.8552762553418
4.33,57.5279681025575,2.69843344673472,-0.00766659951492163,14.9709860641514,0.00158417659340197,-0.00229301366352235,37.8943700610002,-26.3923623259225,-0.651623704033498,31.9019233886717
4.335,57.6028233898993,2.697867001031,-0.00767793766158834,14.9719859714014,0.00156606633629211,-0.00224299518280324,37.9468903460569,-26.4283419344275,-0.649635079743689,31.9484511518133
4.34,57.6776836694336,2.69729958011017,-0.0076890366566447,14.9729858421999,0.00154537457066723,-0.00219729165663717,37.9995027437022,-26.4642310961969,-0.64764567452936,31.9948594234511
4.345,57.7525489410039,2.69673118904426,-0.00769991717933309,14.9739856765937,0.00152248304875509,-0.00215554977795522,38.0522071297905,-26.5000295459323,-0.645655488390511,32.0411480804329
4.35,57.827419204457,2.69616183323764,-0.00771059821387966,14.9749854746216,0.00149773574899456,-0.00211744444316749,38.1050033794357,-26.5357370183674,-0.643664521327142,32.0873169979231
4.35,57.827419204457,2.69616183323764,-0.00771059821387966,14.9749854746216,0.00149773574899456,-0.00211744444316749,38.1050033794357,-26.5357370183674,-0.643664521327142,32.0873169979231
4.355,57.9022944840945,2.69559164277002,-0.00772093084736719,14.9759946329171,0.00151853398618586,-0.00201706822222003,38.1578913670105,-26.5713532482701,-0.641672773339254,32.1333659293726
4.36,57.9771748041816,2.69502074308247,-0.00773078289045081,14.9770037540829,0.00153194915713353,-0.00192509055232673,38.2108709661456,-26.6068779704443,-0.639680244426846,32.1792946485342
4.365,58.0520601645202,2.69444913373857,-0.00774019461742197,14.9780128382172,0.00153881520669919,-0.00184083338921656,38.2639420497295,-26.6423109197318,-0.637686934589917,32.225103057234
4.37,58.126950564921,2.69387681539182,-0.00774920304869419,14.9790218853981,0.00153988960352282,-0.00176367248961615,38.3171044899067,-26.677651831014,-0.635692843828469,32.2707910540295
4.375,58.2018460052031,2.69330378965282,-0.00775784220907534,14.9800308956874,0.00153585981428598,-0.00169303316910692,38.3703581580781,-26.712900439214,-0.633697972142501,32.3163585344661
4.38,58.2767464851924,2.69273005896895,-0.00776614336563562,14.9810398691334,0.00152734924732266,-0.00162838639630936,38.4237029248992,-26.7480564792984,-0.631702319532014,32.3618053913148
4.385,58.3516520047211,2.69215562651554,-0.00777413524684378,14.9820488057739,0.00151492271007691,-0.00156924519538199,38.4771386602804,-26.7831196862792,-0.629705885997006,32.4071315147929
4.39,58.4265625636268,2.69158049609746,-0.00778184424449721,14.9830577056376,0.00149909142091096,-0.00151516133135701,38.5306652333852,-26.8180897952157,-0.627708671537478,32.4523367927693
4.395,58.5014781617517,2.69100467206029,-0.0077892945996548,14.984066568746,0.00148031760762783,-0.00146572225812503,38.5842825126304,-26.8529665412163,-0.625710676153431,32.4974211109548
4.4,58.5763987989421,2.6904281592102,-0.00779650857393144,14.9850753951151,0.00145901872858886,-0.00142054830653094,38.6379903656848,-26.8877496594407,-0.623711899844864,32.5423843530788
4.4,58.5763987989421,2.6904281592102,-0.00779650857393144,14.9850753951151,0.00145901872858886,-0.00142054830653094,38.6379903656848,-26.8877496594407,-0.623711899844863,32.5423843530788
4.405,58.6513245028101,2.6898511408308,-0.00780326855751927,14.9860947339007,0.00150296345962233,-0.00128539637846969,38.6917886594686,-26.9224388851013,-0.621712342611777,32.5872262247781
4.41,58.7262553009176,2.68927379357633,-0.00780938125373553,14.9871140360809,0.00153634317497321,-0.0011614766317124,38.7456772601529,-26.9570339534658,-0.61971200445417,32.6319347247048
4.415,58.8011911930487,2.68869611391639,-0.0078149005353372,14.9881333016648,0.00156029955709379,-0.00104788615415004,38.7996560331587,-26.9915345998584,-0.617710885372043,32.6764146057015
4.42,58.8761321789996,2.68811809990483,-0.00781987594087081,14.9891525306411,0.00157587143697278,-0.000943793216021681,38.8537248431563,-27.0259405596621,-0.615708985365396,32.7206444807041
4.425,58.9510782585781,2.687539750998,-0.00782435301657686,14.9901717229841,0.00158400337720739,-0.000848431735513987,38.9078835540647,-27.0602515683208,-0.613706304434229,32.7646237084324
4.43,59.0260294316012,2.68696106789005,-0.00782837363132617,14.9911908786576,0.00158555370921811,-0.00076109597307216,38.9621320290507,-27.0944673613408,-0.611702842578544,32.8083516452415
4.435,59.1009856978949,2.68638205236397,-0.00783197626621126,14.9922099976184,0.00158130173991843,-0.000681135878171458,39.0164701305283,-27.1285876742931,-0.609698599798337,32.8518276453519
4.44,59.1759470572927,2.68580270715576,-0.0078351962828955,14.9932290798191,0.00157195420767642,-0.000607953039099783,39.070897720158,-27.1626122428149,-0.607693576093611,32.8950510610652
4.445,59.2509135096346,2.68522303583081,-0.00783806617156222,14.9942481252096,0.00155815145083495,-0.000540996631612515,39.1254146588461,-27.1965408026122,-0.605687771464365,32.9380212429666
4.45,59.3258850547663,2.68464304267226,-0.00784061577936738,14.9952671337395,0.00154047308687692,-0.000479759666075366,39.1800208067442,-27.2303730894611,-0.6036811859106,32.9807375401159
4.45,59.3258850547663,2.68464304267226,-0.00784061577936738,14.9952671337395,0.00154047308687692,-0.000479759666075366,39.1800208067442,-27.2303730894611,-0.6036811859106,32.9807375401159
4.455,59.4008617218118,2.68406297063932,-0.0078425543912761,14.9962970683728,0.00160950621442029,-0.000298292399390391,39.2347160232481,-27.2641088392102,-0.601673819432314,33.0231990493536
4.46,59.4758435398335,2.68348305398365,-0.00784362371632774,14.9973269685528,0.00166396962215921,-0.00013183631682534,39.2895001669974,-27.2977477877821,-0.599665672029509,33.0654049047938
4.465,59.550830508601,2.68290328620695,-0.00784389576445356,14.9983568340349,0.00170540519992113,2.08106176736454e-05,39.344373095875,-27.3312896711761,-0.597656743702183,33.1073545069401
4.47,59.6258226279003,2.68232366300323,-0.00784343677439519,14.9993866645631,0.00173521722839994,0.000160756105128783,39.3993346670059,-27.3647342254692,-0.595647034450338,33.1490472520252
4.475,59.7008198975312,2.68174418201383,-0.0078423076669478,15.0004164598769,0.00175468377444505,0.000289020789314791,39.4543847367572,-27.398081186819,-0.593636544273973,33.1904825323698
4.48,59.7758223173061,2.68116484260464,-0.00784056446320221,15.0014462197182,0.00176496718444368,0.000406544986063193,39.5095231607368,-27.4313302914649,-0.591625273173088,33.231659736719
4.485,59.8508298870484,2.68058564566358,-0.00783825867042929,15.0024759438346,0.00176712374423867,0.000514194903597277,39.5647497937932,-27.4644812757308,-0.589613221147683,33.2725782505567
4.49,59.9258426065912,2.68000659341687,-0.0078354376380564,15.0035056319837,0.00176211256909049,0.000612768390808351,39.6200644900147,-27.4975338760263,-0.587600388197759,33.3132374564006
4.495,60.0008604757757,2.67942768926231,-0.00783214488601166,15.0045352839343,0.00175080378275342,0.000703000248028647,39.6754671027286,-27.5304878288494,-0.585586774323314,33.353636734078
4.5,60.0758834944507,2.67884893761823,-0.00782842040754609,15.0055648994688,0.00173398604048088,0.000785567132555226,39.7309574845008,-27.563342870788,-0.58357237952435,33.3937754609844
4.5,60.0758834944507,2.67884893761823,-0.00782842040754609,15.0055648994688,0.00173398604048088,0.000785567132555226,39.7309574845008,-27.563342870788,-0.58357237952435,33.3937754609844
4.505,60.1509116885298,2.67827050499373,-0.00782408545762337,15.0066043976677,0.00177337893787508,0.000946091627535165,39.786535487135,-27.5960987385222,-0.581557203800866,33.4336528380923
4.51,60.2259450838885,2.67769255242886,-0.00781898175676205,15.0076438619354,0.00180070603939384,0.00109325378212939,39.8422009616722,-27.6287551688261,-0.579541247152862,33.4732680913584
4.515,60.3009836803333,2.67711507829192,-0.0078131733964993,15.0086832918118,0.00181730505484337,0.00122812717861926,39.8979537583899,-27.6613118985699,-0.577524509580338,33.5126206307981
4.52,60.3760274776827,2.67653808272767,-0.00780671931147963,15.0097226868565,0.00182439154707481,0.00135170206856197,39.9537937268016,-27.6937686647219,-0.575506991083295,33.5517098624702
4.525,60.4510764757656,2.67596156744417,-0.00779967368207203,15.0107620466519,0.00182306969778405,0.00146489080339185,40.0097207156562,-27.7261252043505,-0.573488691661731,33.5905351888155
4.53,60.52613067442,2.67538553552162,-0.00779208630965345,15.0118013708053,0.00181434183075872,0.00156853360170825,40.0657345729372,-27.7583812546262,-0.571469611315647,33.62909600898
4.535,60.6011900734918,2.6748099912393,-0.007784002963043,15.0128406589504,0.00179911699933303,0.00166340416652264,40.1218351458622,-27.7905365528236,-0.569449750045044,33.6673917191195
4.54,60.6762546728335,2.67423493991878,-0.00777546569794213,15.0138799107474,0.0017782188839586,0.0017502148726667,40.1780222808825,-27.8225908363236,-0.567429107849921,33.705421712684
4.545,60.7513244723034,2.67366038778211,-0.00776651315145338,15.0149191258829,0.00175239305338562,0.00182962155632671,40.2342958236821,-27.8545438426152,-0.565407684730278,33.7431853806836
4.55,60.8263994717646,2.67308634182371,-0.00775718081354987,15.0159583040696,0.00172231363786605,0.00190222793569593,40.2906556191774,-27.8863953092974,-0.563385480686115,33.7806821119376
4.55,60.8263994717646,2.67308634182371,-0.00775718081354987,15.0159583040696,0.00172231363786605,0.00190222793569593,40.2906556191774,-27.8863953092974,-0.563385480686115,33.7806821119376
4.555,60.9014796807635,2.67251217149525,-0.00774835322376193,15.0170032940616,0.00144741667815684,0.00163253636385305,40.3471015115164,-27.9181449740818,-0.561362495717433,33.8179120719362
4.56,60.9765651090578,2.67193727140001,-0.00774081964595736,15.0180482452951,0.00120073383346754,0.00138433181652238,40.4036333440783,-27.9497925747942,-0.55933872982423,33.8548753135891
4.565,61.0516557568001,2.67136168315115,-0.00773447690115459,15.0190931583932,0.000979781173875136,0.00115593423847301,40.4602509594729,-27.9813378493766,-0.557314183006508,33.8915710620353
4.57,61.1267516241058,2.67078544388161,-0.00772922988320028,15.0201380338181,0.000782278921484194,0.000945792865805478,40.5169541995398,-28.0127805358895,-0.555288855264265,33.9279985509346
4.575,61.2018527110559,2.67020858664349,-0.00772499093699083,15.0211828719023,0.000606135353062538,0.000752476478424593,40.573742905348,-28.044120372514,-0.553262746597503,33.9641570219948
4.58,61.2769590177006,2.66963114077478,-0.0077216792836381,15.0222276728741,0.0004494319255228,0.000574664360368491,40.6306169171953,-28.0753570975533,-0.551235857006221,34.0000457245313
4.585,61.3520705440619,2.66905313223594,-0.00771922048916191,15.0232724368794,0.000310409536274841,0.00041113792072688,40.6875760746078,-28.1064904494356,-0.549208186490419,34.0356639150578
4.59,61.4271872901365,2.66847458391859,-0.00771754597352031,15.0243171639988,0.000187455836091843,0.000260772930354941,40.7446202163393,-28.1375201667155,-0.547179735050098,34.0710108569043
4.595,61.5023092558981,2.66789551592862,-0.00771659255700577,15.0253618542622,7.90935175206616e-05,0.000122532332061512,40.8017491803705,-28.1684459880763,-0.545150502685256,34.1060858198628
4.6,61.5774364412996,2.66731594584561,-0.00771630204124885,15.0264065076605,-1.60304927855756e-05,-4.5404154805094e-06,40.8589628039089,-28.1992676523321,-0.543120489395895,34.1408880798566
4.6,61.5774364412996,2.66731594584561,-0.00771630204124885,15.0264065076605,-1.60304927855756e-05,-4.5404154805094e-06,40.8589628039089,-28.1992676523321,-0.543120489395895,34.1408880798566
4.605,61.6525662342557,2.6667361316717,-0.00771632369418704,15.0264056046379,-1.50464408412346e-05,-4.12606491213659e-06,40.9162609233878,-28.2299848984299,-0.541089695182014,34.1754153107637
4.61,61.7276960227217,2.66615632073772,-0.00771634335292644,15.0264047016484,-1.41272550689141e-05,-3.74233772960329e-06,40.9736433744661,-28.2605974654517,-0.539058120043613,34.2096652502858
4.615,61.8028258066964,2.66557651287496,-0.00771636116476374,15.0264037986922,-1.32684412553948e-05,-3.38693601299697e-06,41.0311099920277,-28.2911050926164,-0.537025763980692,34.2436372756348
4.62,61.8779555861787,2.66499670792568,-0.00771637726594696,15.0264028957692,-1.24658281889143e-05,-3.0577359159058e-06,41.0886606101806,-28.3215075192819,-0.534992626993251,34.2773307655513
4.625,61.9530853611677,2.66441690574242,-0.00771639178251225,15.0264019928794,-1.17155438566662e-05,-2.75277440245504e-06,41.146295062257,-28.3518044849477,-0.53295870908129,34.3107451003145
4.63,62.0282151316625,2.66383710618725,-0.00771640483105685,15.0264010900228,-1.10139934250085e-05,-2.47023699836428e-06,41.2040131808123,-28.3819957292562,-0.53092401024481,34.343879661752
4.635,62.1033448976623,2.66325730913114,-0.0077164165194533,15.0264001871994,-1.03578388675053e-05,-2.20844647834447e-06,41.2618147976245,-28.4120809919955,-0.528888530483809,34.3767338332494
4.64,62.1784746591662,2.66267751445336,-0.0077164269475092,15.0263992844093,-9.74398011619436e-06,-1.96585241811053e-06,41.3196997436944,-28.442060013101,-0.526852269798289,34.4093069997605
4.645,62.2536044161736,2.66209772204089,-0.00771643620757676,15.0263983816524,-9.16953762095432e-06,-1.74102154478562e-06,41.377667849244,-28.4719325326579,-0.524815228188249,34.4415985478167
4.65,62.3287341686838,2.66151793178793,-0.00771644438511599,15.0263974789287,-8.63183621060564e-06,-1.53262882455107e-06,41.4357189437172,-28.5016982909031,-0.52277740565369,34.4736078655367
