time,signedSatGap,x,y,yaw,vx,vy,yawRate
0.000000000000000000e+00,2.292456319732780301e+01,0.000000000000000000e+00,0.000000000000000000e+00,0.000000000000000000e+00,1.500000000000000000e+01,0.000000000000000000e+00,0.000000000000000000e+00
1.666666666666666774e-03,2.289408799109125781e+01,2.499716418296018400e-02,1.124557374215399164e-06,1.519170975024515734e-06,1.499659708344730369e+01,1.324854117375984242e-03,1.815191196017070917e-03
3.333333333333333547e-03,2.286366067466391172e+01,4.998865714054028658e-02,4.486143749335642214e-06,6.024888586632750134e-06,1.499319454321782885e+01,2.594180004151142721e-03,3.584034054244313733e-03
5.000000000000000971e-03,2.283328017334565629e+01,7.497447946917573658e-02,1.006720921033217424e-05,1.344079089557609996e-05,1.498979237707722767e+01,3.809612424142649802e-03,5.307587803118182096e-03
6.666666666666667095e-03,2.280294543775476157e+01,9.995463174365258607e-02,1.785096060181890761e-05,2.369226568523522875e-05,1.498639058224364007e+01,4.972747732734779554e-03,6.986892882462553307e-03
8.333333333333333218e-03,2.277265544338023773e+01,1.249291145177170992e-01,2.782134304880796123e-05,3.670641918242368006e-05,1.498298915543686860e+01,6.085144473914889766e-03,8.622970973770712269e-03
1.000000000000000194e-02,2.274240919013361406e+01,1.498979283246634764e-01,3.996302163124623616e-05,5.241204482112046044e-05,1.497958809292459925e+01,7.148323984113224769e-03,1.021682505176123301e-02
1.166666666666666720e-02,2.271220570190080679e+01,1.748610736778993813e-01,5.426136324164467699e-05,7.073959210789697544e-05,1.497618739056581916e+01,8.163771001059094007e-03,1.176943945535380460e-02
1.333333333333333419e-02,2.268204402609514503e+01,1.998185510714915458e-01,7.070241864961138525e-05,9.162113564084860577e-05,1.497278704385153425e+01,9.132934276148229821e-03,1.328177997652859980e-02
1.500000000000000118e-02,2.265192323321158341e+01,2.247703609806906977e-01,8.927290477227493198e-05,1.149903442916399112e-04,1.496938704794297870e+01,1.005722718974603851e-02,1.475479396587138677e-02
1.666666666666666644e-02,2.262184241638276916e+01,2.497165038624385436e-01,1.099601871593771458e-04,1.407824505773633381e-04,1.496598739770739783e+01,1.093802836858027115e-02,1.618941045371744339e-02
1.833333333333333343e-02,2.259180069093698506e+01,2.746569801558564339e-01,1.327522626847517503e-04,1.689342202184521764e-04,1.496258808775153071e+01,1.177668230503174131e-02,1.758654028604205583e-02
2.000000000000000389e-02,2.256179719395901628e+01,2.995917902827171519e-01,1.576377424823660850e-04,1.993839219549782885e-04,1.495918911245292549e+01,1.257449997629737047e-02,1.894707627336835593e-02
2.166666666666666741e-02,2.253183108385411515e+01,3.245209346478996060e-01,1.846058351230173828e-04,2.320712976245529406e-04,1.495579046598917472e+01,1.333275946308483915e-02,2.027189335182637622e-02
2.333333333333333440e-02,2.250190153991531261e+01,3.494444136398285328e-01,2.136463300364872689e-04,2.669375325178886945e-04,1.495239214236521086e+01,1.405270656716472305e-02,2.156184875532793366e-02
2.500000000000000139e-02,2.247200776189457017e+01,3.743622276308987140e-01,2.447495811858565453e-04,3.039252260325974527e-04,1.494899413543874545e+01,1.473555542708715471e-02,2.281778219795531359e-02
2.666666666666666838e-02,2.244214896957764438e+01,3.992743769778852592e-01,2.779064909855747528e-04,3.429783626180081253e-04,1.494559643894393552e+01,1.538248913197311392e-02,2.404051606589687612e-02
2.833333333333333537e-02,2.241232440236349532e+01,4.241808620223401771e-01,3.131084944888624390e-04,3.840422830613306345e-04,1.494219904651341224e+01,1.599466033192297257e-02,2.523085561761011925e-02
3.000000000000000236e-02,2.238253331884820341e+01,4.490816830909755142e-01,3.503475438408810050e-04,4.270636561163333972e-04,1.493880195169871961e+01,1.657319184478652993e-02,2.638958919153496299e-02
3.166666666666666935e-02,2.235277499641377474e+01,4.739768404960345016e-01,3.896160929987686435e-04,4.719904504827446257e-04,1.493540514798927710e+01,1.711917725886651087e-02,2.751748842060812786e-02
3.333333333333333287e-02,2.232304873082178531e+01,4.988663345356503798e-01,4.309070827229182095e-04,5.187719071497548474e-04,1.493200862882994073e+01,1.763368153100660501e-02,2.861530845278629706e-02
3.500000000000000333e-02,2.229335383581238972e+01,5.237501654941941753e-01,4.742139258395516930e-04,5.673585121105849611e-04,1.492861238763724607e+01,1.811774157972578445e-02,2.968378817698005129e-02
3.666666666666666685e-02,2.226368964270834283e+01,5.486283336426110990e-01,5.195304927716700751e-04,6.177019694473984569e-04,1.492521641781438824e+01,1.857236687317853976e-02,3.072365045379095091e-02
3.833333333333333731e-02,2.223405550002479103e+01,5.735008392387475062e-01,5.668510973505968198e-04,6.697551748135068374e-04,1.492182071276503663e+01,1.899854001110884427e-02,3.173560235020090464e-02
4.000000000000000777e-02,2.220445077308448845e+01,5.983676825276668110e-01,6.161704829036030416e-04,7.234721893100435133e-04,1.491842526590604123e+01,1.939721730067539909e-02,3.272033537773610945e-02
4.166666666666666435e-02,2.217487484363891426e+01,6.232288637419562960e-01,6.674838086175220817e-04,7.788082137616772786e-04,1.491503007067909259e+01,1.976932932585653488e-02,3.367852573356198281e-02
4.333333333333333481e-02,2.214532710949506367e+01,6.480843831020260959e-01,7.207866361782040363e-04,8.357195633956282857e-04,1.491163512056139773e+01,2.011578151015779026e-02,3.461083454399201120e-02
4.500000000000000527e-02,2.211580698414817547e+01,6.729342408163964118e-01,7.760749166858817941e-04,8.941636429283269074e-04,1.490824040907544479e+01,2.043745467234663396e-02,3.551790810990736874e-02
4.666666666666666879e-02,2.208631389642047083e+01,6.977784370819796189e-01,8.333449778464285806e-04,9.540989220645153561e-04,1.490484592979788658e+01,2.073520557495614827e-02,3.640037815363479645e-02
4.833333333333333925e-02,2.205684729010575751e+01,7.226169720843533817e-01,8.925935114326887443e-04,1.015484911401619197e-03,1.490145167636762125e+01,2.100986746555956464e-02,3.725886206694817987e-02
5.000000000000000278e-02,2.202740662362028345e+01,7.474498459980247755e-01,9.538175610256229096e-04,1.078282138761039186e-03,1.489805764249310549e+01,2.126225061014675247e-02,3.809396315952453399e-02
5.000000000000000278e-02,2.202740662362028345e+01,7.474498459980247755e-01,9.538175610256229096e-04,1.078282138761039186e-03,1.489805764249310549e+01,2.126225061014675247e-02,3.809396315952453399e-02
5.166666666666666630e-02,2.199801513681724785e+01,7.722769043561618085e-01,1.018455430078265460e-03,1.144399175860174884e-03,1.489448043590456194e+01,2.319201855445099034e-02,4.123410690789205274e-02
5.333333333333333676e-02,2.196869526967584818e+01,7.970979936811098954e-01,1.087936241301554760e-03,1.215688317882512772e-03,1.489090464682478121e+01,2.503548067576260444e-02,4.430073114204272772e-02
5.500000000000000722e-02,2.193944531760437044e+01,8.219131155694469060e-01,1.162244131962405624e-03,1.292028238446488436e-03,1.488733025658600084e+01,2.679498284001661026e-02,4.729528066659122176e-02
5.666666666666667074e-02,2.191026361047248727e+01,8.467222715473519123e-01,1.241364040365810313e-03,1.373300006240728678e-03,1.488375724518831866e+01,2.847282602704290233e-02,5.021918468341783626e-02
5.833333333333333426e-02,2.188114851226747248e+01,8.715254630718397566e-01,1.325281693218081447e-03,1.459387058547054498e-03,1.488018559142882147e+01,3.007126655253929484e-02,5.307385622211726467e-02
6.000000000000000472e-02,2.185209842073329156e+01,8.963226915319741916e-01,1.413983592661923827e-03,1.550175173880460151e-03,1.487661527302377173e+01,3.159251632290908940e-02,5.586069162194153698e-02
6.166666666666666824e-02,2.182311176699309385e+01,9.211139582500653677e-01,1.507457002959064658e-03,1.645552443748176004e-03,1.487304626672395358e+01,3.303874312328285157e-02,5.858107006435864239e-02
6.333333333333333870e-02,2.179418701515740509e+01,9.458992644828473351e-01,1.605689936903909260e-03,1.745409243683663158e-03,1.486947854842350658e+01,3.441207093493618696e-02,6.123635315320900829e-02
6.500000000000000222e-02,2.176532266191967224e+01,9.706786114226358952e-01,1.708671142011086415e-03,1.849638203649361934e-03,1.486591209326252638e+01,3.571458027973269111e-02,6.382788453992839506e-02
6.666666666666666574e-02,2.173651723614001696e+01,9.954520001984679123e-01,1.816390086490537580e-03,1.958134177855890869e-03,1.486234687572365409e+01,3.694830859033860354e-02,6.635698959186202284e-02
6.833333333333332926e-02,2.170776929841779079e+01,1.020219431877225080e+00,1.928836944999080686e-03,2.070794214006890701e-03,1.485878286972292095e+01,3.811525060601130693e-02,6.882497510243203165e-02
7.000000000000000666e-02,2.167907744065525932e+01,1.044980907464738706e+00,2.046002584255032265e-03,2.187517522128268506e-03,1.485522004869503299e+01,3.921735879003859088e-02,7.123312904022395531e-02
7.166666666666667018e-02,2.165044028561320033e+01,1.069736427906874621e+00,2.167878548531575016e-03,2.308205443024987161e-03,1.485165838567342078e+01,4.025654376748733637e-02,7.358272033493060138e-02
7.333333333333333370e-02,2.162185648645936809e+01,1.094485994090604430e+00,2.294457045044460963e-03,2.432761416411591271e-03,1.484809785336523369e+01,4.123467478203476921e-02,7.587499869846384137e-02
7.500000000000001110e-02,2.159332472631022881e+01,1.119229606845056901e+00,2.425730929229345887e-03,2.561090948726855998e-03,1.484453842422149705e+01,4.215358017146835640e-02,7.811119447992379006e-02
7.666666666666667462e-02,2.156484371776797104e+01,1.143967266942556460e+00,2.561693689980363946e-03,2.693101580765296793e-03,1.484098007050266688e+01,4.301504785848678236e-02,8.029251855182155395e-02
7.833333333333333814e-02,2.153641220245329890e+01,1.168698975099641046e+00,2.702339434857930697e-03,2.828702855151495835e-03,1.483742276433978624e+01,4.382082585584544387e-02,8.242016222587751628e-02
8.000000000000000167e-02,2.150802895053486097e+01,1.193424731978065756e+00,2.847662875286352015e-03,2.967806283705136123e-03,1.483386647779148859e+01,4.457262278445860842e-02,8.449529719669673922e-02
8.166666666666666519e-02,2.147969276025561669e+01,1.218144538185790937e+00,2.997659311731525316e-03,3.110325314695366709e-03,1.483031118289697403e+01,4.527210840431343530e-02,8.651907551231921567e-02
8.333333333333334259e-02,2.145140245745757213e+01,1.242858394277956302e+00,3.152324618913218603e-03,3.256175300084871924e-03,1.482675685172521440e+01,4.592091415549424266e-02,8.849262956936852775e-02
8.500000000000000611e-02,2.142315689510546051e+01,1.267566300757837050e+00,3.311655231064597298e-03,3.405273462796374901e-03,1.482320345642053283e+01,4.652063370827109329e-02,9.041707213134859977e-02
8.666666666666666963e-02,2.139495495281003556e+01,1.292268258077785559e+00,3.475648127252787753e-03,3.557538864031231825e-03,1.481965096924478864e+01,4.707282352117121010e-02,9.229349636855846417e-02
8.833333333333334703e-02,2.136679553635133644e+01,1.316964266640160197e+00,3.644300816766110097e-03,3.712892370663206047e-03,1.481609936261629379e+01,4.757900340633415548e-02,9.412297591854136558e-02
9.000000000000001055e-02,2.133867757720251390e+01,1.341654326798238817e+00,3.817611324578779053e-03,3.871256622730005151e-03,1.481254860914564198e+01,4.804065710123919808e-02,9.590656496570362788e-02
9.166666666666667407e-02,2.131060003205515585e+01,1.366338438857118032e+00,3.995578176929019676e-03,4.032556001093762742e-03,1.480899868166862809e+01,4.845923284488383442e-02,9.764529833841860407e-02
9.333333333333333759e-02,2.128256188234642465e+01,1.391016603074599622e+00,4.178200387011522625e-03,4.196716595277427686e-03,1.480544955327638235e+01,4.883614395791838897e-02,9.934019162254223434e-02
9.500000000000000111e-02,2.125456213378843273e+01,1.415688819662061171e+00,4.365477440797978399e-03,4.363666171505282618e-03,1.480190119734292509e+01,4.917276942574332066e-02,1.009922412900738364e-01
9.666666666666667851e-02,2.122659981590032174e+01,1.440355088785315152e+00,4.557409282990656195e-03,4.533334140965677474e-03,1.479835358755022234e+01,4.947045448395420014e-02,1.026024248420242257e-01
9.833333333333334203e-02,2.119867398154318394e+01,1.465015410565456255e+00,4.753996303115020847e-03,4.705651528307542610e-03,1.479480669791090719e+01,4.973051120549777659e-02,1.041717009644237413e-01
1.000000000000000056e-01,2.117078370645878493e+01,1.489669785079692943e+00,4.955239321778541484e-03,4.880550940425029509e-03,1.479126050278881088e+01,4.995421908801615796e-02,1.057010096960901563e-01
1.000000000000000194e-01,2.117078370645878493e+01,1.489669785079692943e+00,4.955239321778541484e-03,4.880550940425029509e-03,1.479126050278881088e+01,4.995421908801615796e-02,1.057010096960901563e-01
1.016666666666666829e-01,2.114289498291460134e+01,1.514318295550951321e+00,5.159037116332049026e-03,5.055124580066312941e-03,1.478780186226717852e+01,4.766546786077245634e-02,1.037956539247641141e-01
1.033333333333333465e-01,2.111497516349614401e+01,1.538961024740855610e+00,5.363315541870229686e-03,5.226563789257703506e-03,1.478434247348924657e+01,4.544913775555386309e-02,1.019395030988963641e-01
1.050000000000000239e-01,2.108702535983205095e+01,1.563597972005312142e+00,5.568115447799362044e-03,5.394949631054908427e-03,1.478088237260286952e+01,4.330328025150123605e-02,1.001314260596931627e-01
1.066666666666666874e-01,2.105904665538923481e+01,1.588229136704827127e+00,5.773476498992749506e-03,5.560361298554427484e-03,1.477742159405562283e+01,4.122599007460056586e-02,9.837031002431290139e-02
1.083333333333333509e-01,2.103104010605874308e+01,1.612854518205096621e+00,5.979437199928747809e-03,5.722876145639947155e-03,1.477396017067524348e+01,3.921540465648441082e-02,9.665506072229766710e-02
1.100000000000000144e-01,2.100300674073618978e+01,1.637474115877549430e+00,6.186034918697524282e-03,5.882569717890337273e-03,1.477049813374646448e+01,3.726970357744215784e-02,9.498460250096137092e-02
1.116666666666666918e-01,2.097494756189755805e+01,1.662087929099843819e+00,6.393305910920791223e-03,6.039515783696144946e-03,1.476703551308436602e+01,3.538710799266925333e-02,9.335787839975905056e-02
1.133333333333333554e-01,2.094686354616929691e+01,1.686695957256321821e+00,6.601285343520929723e-03,6.193786365477289661e-03,1.476357233710438166e+01,3.356588004489085425e-02,9.177385019621984996e-02
1.150000000000000189e-01,2.091875564489184924e+01,1.711298199738422232e+00,6.810007318289764203e-03,6.345451770912871083e-03,1.476010863288907160e+01,3.180432226608697482e-02,9.023149842591215997e-02
1.166666666666666824e-01,2.089062478467669592e+01,1.735894655945055209e+00,7.019504895267181764e-03,6.494580624180895136e-03,1.475664442625182993e+01,3.010077696880381071e-02,8.872982237759105550e-02
1.183333333333333459e-01,2.086247186795746700e+01,1.760485325282940439e+00,7.229810115953808763e-03,6.641239897229688285e-03,1.475317974179764313e+01,2.845362562680057300e-02,8.726784006400099825e-02
1.200000000000000233e-01,2.083429777353361700e+01,1.785070207166909784e+00,7.440954026272434373e-03,6.785494940943498886e-03,1.474971460298100823e+01,2.686128824892410755e-02,8.584458817129547725e-02
1.216666666666666868e-01,2.080610335710661829e+01,1.809649301020177736e+00,7.652966699280442341e-03,6.927409516190198048e-03,1.474624903216112415e+01,2.532222274699429815e-02,8.445912198843877339e-02
1.233333333333333504e-01,2.077788945180896363e+01,1.834222606274583667e+00,7.865877257636816680e-03,7.067045824743980673e-03,1.474278305065451988e+01,2.383492429819438624e-02,8.311051531747903898e-02
1.250000000000000278e-01,2.074965686872587867e+01,1.858790122370800546e+00,8.079713895831376613e-03,7.204464540082718832e-03,1.473931667878517615e+01,2.239792470233677862e-02,8.179786036557544493e-02
1.266666666666666774e-01,2.072140639740901591e+01,1.883351848758518354e+00,8.294503902113814151e-03,7.339724837956875490e-03,1.473584993593227388e+01,2.100979173697578584e-02,8.052026762113009828e-02
1.283333333333333548e-01,2.069313880638194547e+01,1.907907784896603953e+00,8.510273680133325150e-03,7.472884426733447140e-03,1.473238284057566894e+01,1.966912851069810980e-02,7.927686571499599488e-02
1.300000000000000322e-01,2.066485484363777658e+01,1.932457930253233869e+00,8.727048770282267928e-03,7.603999577495145629e-03,1.472891541033919793e+01,1.837457281539486842e-02,7.806680126777507112e-02
1.316666666666666818e-01,2.063655523712894890e+01,1.957002284306005979e+00,8.944853870761236558e-03,7.733125153911008486e-03,1.472544766203191102e+01,1.712479647742845210e-02,7.688923872373652768e-02
1.333333333333333592e-01,2.060824069524852575e+01,1.981540846542029222e+00,9.163712858316000812e-03,7.860314641795306326e-03,1.472197961168732583e+01,1.591850471013487450e-02,7.574336017335676907e-02
1.350000000000000089e-01,2.057991190727465991e+01,2.006073616458024400e+00,9.383648806793492766e-03,7.985620175834928780e-03,1.471851127464525355e+01,1.475443008525926213e-02,7.462835782567754650e-02
1.366666666666666863e-01,2.055156954331125263e+01,2.030600593560936140e+00,9.604683972771366207e-03,8.109092522006726075e-03,1.471504266582942755e+01,1.363130270096103019e-02,7.354339368174439562e-02
1.383333333333333637e-01,2.052321425406724131e+01,2.055121777368722480e+00,9.826839769753620626e-03,8.230781045646744579e-03,1.471157379956954081e+01,1.254787545123676323e-02,7.248763393812988898e-02
1.400000000000000133e-01,2.049484667135464377e+01,2.079637167410376186e+00,1.005013678893319426e-02,8.350733743359406089e-03,1.470810468950664429e+01,1.150293883695810426e-02,7.146026982079588252e-02
1.416666666666666907e-01,2.046646740868482794e+01,2.104146763225808847e+00,1.027459482676425229e-02,8.468997284105434301e-03,1.470463534862844313e+01,1.049531980307354291e-02,7.046051679407133728e-02
1.433333333333333681e-01,2.043807706184359319e+01,2.128650564365734521e+00,1.050023291158296186e-02,8.585617048897046383e-03,1.470116578930315043e+01,9.523880557352051857e-03,6.948761371923181662e-02
1.450000000000000178e-01,2.040967620944540784e+01,2.153148570391536509e+00,1.072706932928200151e-02,8.700637169108998287e-03,1.469769602331144931e+01,8.587517433819299301e-03,6.854082204856609684e-02
1.466666666666666952e-01,2.038126541346803222e+01,2.177640780875139903e+00,1.095512164809625370e-02,8.814100563492235571e-03,1.469422606187672109e+01,7.685159798086218207e-03,6.761942505264499637e-02
1.483333333333333726e-01,2.035284521976804939e+01,2.202127195398869031e+00,1.118440674251840183e-02,8.926048973918026749e-03,1.469075591569359851e+01,6.815768993375292441e-03,6.672272707957919990e-02
1.500000000000000222e-01,2.032441615857819528e+01,2.226607813555305793e+00,1.141494081638015114e-02,9.036522999906164769e-03,1.468728559495497166e+01,5.978337325402556697e-03,6.585005284467115860e-02
1.500000000000000222e-01,2.032441615857819528e+01,2.226607813555305793e+00,1.141494081638015114e-02,9.036522999906164769e-03,1.468728559495497166e+01,5.978337325402556697e-03,6.585005284467115860e-02
1.516666666666666996e-01,2.029595276766134049e+01,2.251082542888502402e+00,1.164500167397093493e-02,9.143215220401124110e-03,1.468368573389684251e+01,3.124467226964041007e-03,6.219542641541472849e-02
1.533333333333333492e-01,2.026743053062734390e+01,2.275551291926968034e+00,1.187288185280656154e-02,9.243890015634591978e-03,1.468008627781301634e+01,3.821711813610075351e-04,5.862887000035496565e-02
1.550000000000000266e-01,2.023885135337864938e+01,2.300014061721628256e+00,1.209861811060040752e-02,9.338692808142763646e-03,1.467648725442464652e+01,-2.251591487711436176e-03,5.514875178109672482e-02
1.566666666666666763e-01,2.021021710004092853e+01,2.324470853289964278e+00,1.232224581319919625e-02,9.427766306961495035e-03,1.467288868823710679e+01,-4.779806856193629175e-03,5.175344756094937826e-02
1.583333333333333537e-01,2.018152959353840714e+01,2.348921667617393183e+00,1.254379895602346362e-02,9.511250521341663156e-03,1.466929060074536117e+01,-7.205406215754040639e-03,4.844134206263029513e-02
1.600000000000000311e-01,2.015279061618140233e+01,2.373366505658579761e+00,1.276331018630656559e-02,9.589282776721158932e-03,1.466569301062972386e+01,-9.531265965923099021e-03,4.521083014304755343e-02
1.616666666666666807e-01,2.012400191026160101e+01,2.397805368338676413e+00,1.298081082587061556e-02,9.661997732541926717e-03,1.466209593394225585e+01,-1.176020757204969402e-02,4.206031793056840690e-02
1.633333333333333581e-01,2.009516517865526453e+01,2.422238256554503977e+00,1.319633089446032442e-02,9.729527401893617311e-03,1.465849938428427102e+01,-1.389499758803873844e-02,3.898822388698142127e-02
1.650000000000000355e-01,2.006628208543444458e+01,2.446665171175664621e+00,1.340989913364038118e-02,9.792001172979817800e-03,1.465490337297502776e+01,-1.593834774395788342e-02,3.599297979376441664e-02
1.666666666666666852e-01,2.003735425648217117e+01,2.471086113045597887e+00,1.362154303102754843e-02,9.849545832025907721e-03,1.465130790921199733e+01,-1.789291508863019922e-02,3.307303166886803314e-02
1.683333333333333626e-01,2.000838328011320755e+01,2.495501082982579888e+00,1.383128884494764892e-02,9.902285587730224117e-03,1.464771300022304246e+01,-1.976130218921149859e-02,3.022684061421539170e-02
1.700000000000000400e-01,1.997937070769871681e+01,2.519910081780666999e+00,1.403916162943180494e-02,9.950342097115932524e-03,1.464411865141066649e+01,-2.154605738419209174e-02,2.745288359570037529e-02
1.716666666666666896e-01,1.995031805429234240e+01,2.544313110210588480e+00,1.424518525939727151e-02,9.993834492505472220e-03,1.464052486648871643e+01,-2.324967508225146348e-02,2.474965416124696657e-02
1.733333333333333670e-01,1.992122679925916984e+01,2.568710169020588907e+00,1.444938245611041699e-02,1.003287940974654201e-02,1.463693164761183496e+01,-2.487459610970662108e-02,2.211566309629519125e-02
1.750000000000000167e-01,1.989209838690557319e+01,2.593101258937225317e+00,1.465177481280539352e-02,1.006759101747711771e-02,1.463333899549781947e+01,-2.642320810105299594e-02,1.954943901995820355e-02
1.766666666666666941e-01,1.986293422710805956e+01,2.617486380666116386e+00,1.485238282036136642e-02,1.009808104723900792e-02,1.462974690954332146e+01,-2.789784592712839240e-02,1.704952892643097837e-02
1.783333333333333437e-01,1.983373569594276375e+01,2.641865534892654299e+00,1.505122589312240557e-02,1.012445882455777560e-02,1.462615538793307302e+01,-2.930079216335717759e-02,1.461449867098403403e-02
1.800000000000000211e-01,1.980450413631326967e+01,2.666238722282672224e+00,1.524832239473232660e-02,1.014683130076851798e-02,1.462256442774285503e+01,-3.063427759224865779e-02,1.224293340426083586e-02
1.816666666666666985e-01,1.977524085857561786e+01,2.690605943483076246e+00,1.544368966391515031e-02,1.016530308544258757e-02,1.461897402503661070e+01,-3.190048173582472890e-02,9.933437958793155803e-03
1.833333333333333481e-01,1.974594714116164340e+01,2.714967199122440444e+00,1.563734404027077377e-02,1.017997647951484307e-02,1.461538417495784792e+01,-3.310153341993300746e-02,7.684637187333991440e-03
1.850000000000000255e-01,1.971662423119906293e+01,2.739322489811568229e+00,1.582930088998190515e-02,1.019095150892604731e-02,1.461179487181558656e+01,-3.423951136543208068e-02,5.495176256428611905e-03
1.866666666666667029e-01,1.968727334512692195e+01,2.763671816144023019e+00,1.601957463136675919e-02,1.019832595864377488e-02,1.460820610916515605e+01,-3.531644480219185006e-02,3.363720898853276263e-03
1.883333333333333526e-01,1.965789566930751420e+01,2.788015178696626961e+00,1.620817876033095462e-02,1.020219540713618311e-02,1.460461787988403159e+01,-3.633431410718826471e-02,1.288957624998437849e-03
1.900000000000000300e-01,1.962849236063384240e+01,2.812352578029934325e+00,1.639512587565940260e-02,1.020265326118685589e-02,1.460103017624294175e+01,-3.729505146346484556e-02,-7.304061043257568681e-04
1.916666666666666796e-01,1.959906454713110335e+01,2.836684014688673372e+00,1.658042770407114688e-02,1.019979079089714663e-02,1.459744298997247824e+01,-3.820054153559761245e-02,-2.695641740089052465e-03
1.933333333333333570e-01,1.956961332855279068e+01,2.861009489202170908e+00,1.676409512506543339e-02,1.019369716490615453e-02,1.459385631232543723e+01,-3.905262216180512003e-02,-4.607999541337261251e-03
1.950000000000000344e-01,1.954013977697168514e+01,2.885329002084745298e+00,1.694613819556133050e-02,1.018445948582245852e-02,1.459027013413508733e+01,-3.985308506206505091e-02,-6.468708504586265229e-03
1.966666666666666841e-01,1.951064493736377869e+01,2.909642553836083945e+00,1.712656617423602770e-02,1.017216282568637366e-02,1.458668444586953505e+01,-4.060367655731992459e-02,-8.278976322693459150e-03
1.983333333333333615e-01,1.948112982818551586e+01,2.933950144941596339e+00,1.730538754557021594e-02,1.015689026145477625e-02,1.458309923768246108e+01,-4.130609829895019736e-02,-1.003998937153680049e-02
2.000000000000000111e-01,1.945159544194477519e+01,2.958251775872750677e+00,1.748261004362695534e-02,1.013872291054711446e-02,1.457951449946034828e+01,-4.196200800900883043e-02,-1.175291272427345275e-02
2.000000000000000111e-01,1.945159544194477519e+01,2.958251775872750677e+00,1.748261004362695534e-02,1.013872291054711446e-02,1.457951449946034828e+01,-4.196200800900883043e-02,-1.175291272427345275e-02
2.016666666666666885e-01,1.942202904130046193e+01,2.982547399391104914e+00,1.765728595626990527e-02,1.011645104858643375e-02,1.457586156640518560e+01,-4.369834154147243799e-02,-1.495976122220664742e-02
2.033333333333333381e-01,1.939241834512742457e+01,3.006836968930827414e+00,1.782847292754654450e-02,1.008890180014910751e-02,1.457220992232161372e+01,-4.534896884769781811e-02,-1.808604071330914553e-02
2.050000000000000155e-01,1.936276498343186958e+01,3.031120485923464614e+00,1.799618539815908344e-02,1.005620812929915175e-02,1.456855954946713183e+01,-4.691650331242325223e-02,-2.113333020695970163e-02
2.066666666666666652e-01,1.933307054972957317e+01,3.055397951749907026e+00,1.816043678920711835e-02,1.001850037923890206e-02,1.456491042875456543e+01,-4.840350390314752255e-02,-2.410319562016196432e-02
2.083333333333333426e-01,1.930333660160817644e+01,3.079669367741333819e+00,1.832123952607210907e-02,9.975906294809334593e-03,1.456126253989258146e+01,-4.981247541058934220e-02,-2.699718891226975809e-02
2.100000000000000200e-01,1.927356466129398882e+01,3.103934735180127191e+00,1.847860506253682505e-02,9.928551046423489054e-03,1.455761586151817433e+01,-5.114586873942346401e-02,-2.981684728319139097e-02
2.116666666666666696e-01,1.924375621621933163e+01,3.128194055300765886e+00,1.863254390528331847e-02,9.876557255041133396e-03,1.455397037132131821e+01,-5.240608010909099390e-02,-3.256369424676710395e-02
2.133333333333333470e-01,1.921391271915009114e+01,3.152447329290430478e+00,1.878306566454969115e-02,9.820044976554696478e-03,1.455032604616662084e+01,-5.359541016214561943e-02,-3.523930375946967425e-02
2.150000000000000244e-01,1.918403558714260271e+01,3.176694558288921222e+00,1.893017917509540876e-02,9.759131576105858213e-03,1.454668286221925655e+01,-5.471605381381798583e-02,-3.784531185563048267e-02
2.166666666666666741e-01,1.915412620161374946e+01,3.200935743389214050e+00,1.907389255303603565e-02,9.693931707624996175e-03,1.454304079505208058e+01,-5.577015235277380661e-02,-4.038333192837349067e-02
2.183333333333333515e-01,1.912418590910532856e+01,3.225170885638402485e+00,1.921421321164273888e-02,9.624557359765662304e-03,1.453939981973893758e+01,-5.675979760273774238e-02,-4.285494890170730292e-02
2.200000000000000289e-01,1.909421602205391011e+01,3.249399986038627119e+00,1.935114787648696544e-02,9.551117903357962680e-03,1.453575991094159647e+01,-5.768703253797654446e-02,-4.526171920344891630e-02
2.216666666666666785e-01,1.906421781955122086e+01,3.273623045547979338e+00,1.948470260081981015e-02,9.473720138956408590e-03,1.453212104299069729e+01,-5.855385192158580471e-02,-4.760517077787771584e-02
2.233333333333333559e-01,1.903419254809320904e+01,3.297840065081381056e+00,1.961488278106246486e-02,9.392468344252339479e-03,1.452848318996104915e+01,-5.936220296062819785e-02,-4.988680313346768175e-02
2.250000000000000056e-01,1.900414142231812775e+01,3.322051045511443590e+00,1.974169317240669422e-02,9.307464321365444340e-03,1.452484632574159384e+01,-6.011398597753207090e-02,-5.210808742383344488e-02
2.266666666666666829e-01,1.897406562573450017e+01,3.346255987669304321e+00,1.986513790455328443e-02,9.218807444064530676e-03,1.452121042410025886e+01,-6.081105509854559110e-02,-5.427046656129461827e-02
2.283333333333333326e-01,1.894396631143743548e+01,3.370454892345443376e+00,1.998522049748222354e-02,9.126594704717664458e-03,1.451757545874395916e+01,-6.145521895404738172e-02,-5.637535535897938294e-02
2.300000000000000100e-01,1.891384460281297208e+01,3.394647760290477656e+00,2.010194387723398049e-02,9.030920760949604983e-03,1.451394140337409233e+01,-6.204824138928765470e-02,-5.842414069930760429e-02
2.316666666666666874e-01,1.888370159423167749e+01,3.418834592215940216e+00,2.021531039172456273e-02,8.931877982050969583e-03,1.451030823173767281e+01,-6.259184218614508022e-02,-6.041818172821081245e-02
2.333333333333333370e-01,1.885353835173055970e+01,3.443015388795035658e+00,2.032532182654731012e-02,8.829556495055046125e-03,1.450667591767437159e+01,-6.308769779335436645e-02,-6.235881007260914849e-02
2.350000000000000144e-01,1.882335591368278926e+01,3.467190150663384873e+00,2.043197942070855075e-02,8.724044230386947610e-03,1.450304443515972430e+01,-6.353744206236361380e-02,-6.424733007848325295e-02
2.366666666666666918e-01,1.879315529145560504e+01,3.491358878419743128e+00,2.053528388229429111e-02,8.615426967093492774e-03,1.449941375834469781e+01,-6.394266698827494322e-02,-6.608501906817616789e-02
2.383333333333333415e-01,1.876293747005691870e+01,3.515521572626710167e+00,2.063523540408529131e-02,8.503788377690228023e-03,1.449578386159180532e+01,-6.430492345627308870e-02,-6.787312761634418934e-02
2.400000000000000189e-01,1.873270340876977258e+01,3.539678233811419883e+00,2.073183367905452601e-02,8.389210072503225021e-03,1.449215471950800271e+01,-6.462572199012744933e-02,-6.961287984169330090e-02
2.416666666666666685e-01,1.870245404177465076e+01,3.563828862466217995e+00,2.082507791573565137e-02,8.271771643494308865e-03,1.448852630697453137e+01,-6.490653350185784931e-02,-7.130547371308276761e-02
2.433333333333333459e-01,1.867219027875992765e+01,3.587973459049318414e+00,2.091496685345343651e-02,8.151550707560531461e-03,1.448489859917392764e+01,-6.514879004178361632e-02,-7.295208136873397586e-02
2.450000000000000233e-01,1.864191300552093011e+01,3.612112023985455611e+00,2.100149877742928453e-02,8.028622949340306902e-03,1.448127157161431633e+01,-6.535388554922581805e-02,-7.455384944798695845e-02
2.466666666666666730e-01,1.861162308454690617e+01,3.636244557666513444e+00,2.108467153370991928e-02,7.903062163429218703e-03,1.447764520015119061e+01,-6.552317660110079656e-02,-7.611189943325306906e-02
2.483333333333333504e-01,1.858132135559607434e+01,3.660371060452148662e+00,2.116448254391567474e-02,7.774940296007381083e-03,1.447401946100683290e+01,-6.565798315790390138e-02,-7.762732800115718090e-02
2.500000000000000000e-01,1.855100863625891350e+01,3.684491532670394864e+00,2.124092881979455782e-02,7.644327485861036539e-03,1.447039433078753135e+01,-6.575958930612765818e-02,-7.910120738162094989e-02
2.500000000000000000e-01,1.855100863625891350e+01,3.684491532670394864e+00,2.124092881979455782e-02,7.644327485861036539e-03,1.447039433078753135e+01,-6.575958930612765818e-02,-7.910120738162094989e-02
2.516666666666666496e-01,1.852069734360538078e+01,3.708606022566416804e+00,2.131484526565165238e-02,7.512424116288350662e-03,1.446683475183005108e+01,-6.484162049320085774e-02,-7.918210687405524695e-02
2.533333333333333548e-01,1.849039941842751489e+01,3.732714578077803047e+00,2.138705660255994095e-02,7.380389520127368479e-03,1.446327501404744353e+01,-6.393379532036468083e-02,-7.925870330193443558e-02
2.550000000000000044e-01,1.846011494551888177e+01,3.756817199043275046e+00,2.145754444170462974e-02,7.248230750226227100e-03,1.445971511857288583e+01,-6.303607903978988847e-02,-7.933113866516394719e-02
2.566666666666666541e-01,1.842984400695962677e+01,3.780913885295538623e+00,2.152629062379002658e-02,7.115954626392969468e-03,1.445615506659059868e+01,-6.214843433664968969e-02,-7.939955061841705297e-02
2.583333333333333592e-01,1.839958668220226201e+01,3.805004636661421635e+00,2.159327721752318102e-02,6.983567742526470418e-03,1.445259485933280352e+01,-6.127082145355748632e-02,-7.946407260340383749e-02
2.600000000000000089e-01,1.836934304815491714e+01,3.829089452962007201e+00,2.165848651806790565e-02,6.851076473542822357e-03,1.444903449807679685e+01,-6.040319831083228175e-02,-7.952483397721724079e-02
2.616666666666666585e-01,1.833911317926187223e+01,3.853168334012765595e+00,2.172190104547230827e-02,6.718486982086690693e-03,1.444547398414214179e+01,-5.954552062239589633e-02,-7.958196013663006163e-02
2.633333333333333082e-01,1.830889714758169262e+01,3.877241279623687031e+00,2.178350354307057035e-02,6.585805225041129092e-03,1.444191331888797336e+01,-5.869774200757096189e-02,-7.963557263858134228e-02
2.650000000000000133e-01,1.827869502286239722e+01,3.901308289599406454e+00,2.184327697587183301e-02,6.453036959799472207e-03,1.443835250371042278e+01,-5.785981409817658044e-02,-7.968578931622025130e-02
2.666666666666666630e-01,1.824850687261474391e+01,3.925369363739332762e+00,2.190120452892185821e-02,6.320187750378416201e-03,1.443479154004014120e+01,-5.703168664235005320e-02,-7.973272439189199590e-02
2.683333333333333126e-01,1.821833276218321629e+01,3.949424501837770940e+00,2.195726960564250638e-02,6.187262973360525657e-03,1.443123042933992295e+01,-5.621330760491017459e-02,-7.977648858685265632e-02
2.700000000000000178e-01,1.818817275481496054e+01,3.973473703684047287e+00,2.201145582615026547e-02,6.054267823657924312e-03,1.442766917310242469e+01,-5.540462326408786276e-02,-7.981718922764459434e-02
2.716666666666666674e-01,1.815802691172601158e+01,3.997516969062627101e+00,2.206374702557087689e-02,5.921207320057018594e-03,1.442410777284798762e+01,-5.460557830399029311e-02,-7.985493034840636384e-02
2.733333333333333171e-01,1.812789529216562912e+01,4.021554297753235474e+00,2.211412725233757523e-02,5.788086310605685715e-03,1.442054623012256087e+01,-5.381611590389737132e-02,-7.988981279019471970e-02
2.750000000000000222e-01,1.809777795347906704e+01,4.045585689530973639e+00,2.216258076646424394e-02,5.654909477881923767e-03,1.441698454649568895e+01,-5.303617782509173484e-02,-7.992193429796949633e-02
2.766666666666666718e-01,1.806767495116831768e+01,4.069611144166430883e+00,2.220909203780380148e-02,5.521681344098724846e-03,1.441342272355858967e+01,-5.226570449438929650e-02,-7.995138961455464099e-02
2.783333333333333215e-01,1.803758633895032659e+01,4.093630661425804007e+00,2.225364574431733244e-02,5.388406275988245377e-03,1.440986076292232987e+01,-5.150463508348467750e-02,-7.997827057054905653e-02
2.800000000000000266e-01,1.800751216881374717e+01,4.117644241071002575e+00,2.229622677032414360e-02,5.255088489574344379e-03,1.440629866621608102e+01,-5.075290758600460583e-02,-8.000266617206802655e-02
2.816666666666666763e-01,1.797745249107440557e+01,4.141651882859759937e+00,2.233682020472712443e-02,5.121732054848077836e-03,1.440273643508542101e+01,-5.001045889250756160e-02,-8.002466268657477955e-02
2.833333333333333259e-01,1.794740735442879753e+01,4.165653586545740694e+00,2.237541133923571721e-02,4.988340900275109631e-03,1.439917407119072479e+01,-4.927722486219517778e-02,-8.004434372565578937e-02
2.850000000000000311e-01,1.791737680600504135e+01,4.189649351878648176e+00,2.241198566661544225e-02,4.854918817085011364e-03,1.439561157620565801e+01,-4.855314039061853215e-02,-8.006179032382107486e-02
2.866666666666666807e-01,1.788736089141340102e+01,4.213639178604327462e+00,2.244652887889339241e-02,4.721469463540610249e-03,1.439204895181568844e+01,-4.783813947668720534e-02,-8.007708101672465772e-02
2.883333333333333304e-01,1.785735965479527465e+01,4.237623066464863975e+00,2.247902686555275711e-02,4.587996369082395290e-03,1.438848619971668086e+01,-4.713215528716321878e-02,-8.009029191709296502e-02
2.900000000000000355e-01,1.782737313886959640e+01,4.261601015198689169e+00,2.250946571176626332e-02,4.454502938244587866e-03,1.438492332161356480e+01,-4.643512021703859877e-02,-8.010149678655209549e-02
2.916666666666666852e-01,1.779740138497836099e+01,4.285573024540675569e+00,2.253783169660831046e-02,4.320992454507619103e-03,1.438136031921906621e+01,-4.574696594854577025e-02,-8.011076710615090690e-02
2.933333333333333348e-01,1.776744443313149091e+01,4.309539094222233580e+00,2.256411129123169282e-02,4.187468084106506228e-03,1.437779719425246761e+01,-4.506762350904584130e-02,-8.011817214596821113e-02
2.949999999999999845e-01,1.773750232204924515e+01,4.333499223971410963e+00,2.258829115708355095e-02,4.053932879627603937e-03,1.437423394843844981e+01,-4.439702332511451938e-02,-8.012377903096387644e-02
2.966666666666666896e-01,1.770757508920330281e+01,4.357453413512978990e+00,2.261035814413417736e-02,3.920389783480389759e-03,1.437067058350599957e+01,-4.373509527433881022e-02,-8.012765280449118954e-02
2.983333333333333393e-01,1.767766277085764415e+01,4.381401662568533695e+00,2.263029928904531154e-02,3.786841631391593514e-03,1.436710710118732237e+01,-4.308176873709296251e-02,-8.012985649203309413e-02
2.999999999999999889e-01,1.764776540210738176e+01,4.405343970856574032e+00,2.264810181338334019e-02,3.653291155695048351e-03,1.436354350321684770e+01,-4.243697264469145636e-02,-8.013045116135106283e-02
2.999999999999999889e-01,1.764776540210738176e+01,4.405343970856574032e+00,2.264810181338334019e-02,3.653291155695048351e-03,1.436354350321684770e+01,-4.243697264469145636e-02,-8.013045116135106283e-02
3.016666666666666385e-01,1.761788847125248125e+01,4.429280092081320674e+00,2.266413912445847112e-02,3.520263441015907425e-03,1.435968618270699082e+01,-4.134477635472881552e-02,-7.950553689232388310e-02
3.033333333333333437e-01,1.758803724482221753e+01,4.453209779927598255e+00,2.267877902582423125e-02,3.388263723824063486e-03,1.435582855447996664e+01,-4.028090430922327131e-02,-7.889677907801367907e-02
3.049999999999999933e-01,1.755821143080335389e+01,4.477133034083593088e+00,2.269200090614723747e-02,3.257265448502423642e-03,1.435197062999655593e+01,-3.924461839582579076e-02,-7.830373376087478021e-02
3.066666666666666430e-01,1.752841074551651701e+01,4.501049854238944548e+00,2.270378472133658190e-02,3.127242788387592318e-03,1.434811242029723743e+01,-3.823520098379797061e-02,-7.772597009048071159e-02
3.083333333333333481e-01,1.749863491336954624e+01,4.524960240084835661e+00,2.271411097876229954e-02,2.998170624279768593e-03,1.434425393601988574e+01,-3.725195430074872832e-02,-7.716306989007173933e-02
3.099999999999999978e-01,1.746888366661888981e+01,4.548864191314061500e+00,2.272296072197287770e-02,2.870024523669573516e-03,1.434039518741663777e+01,-3.629419983117296300e-02,-7.661462723985154599e-02
3.116666666666666474e-01,1.743915674513872460e+01,4.572761707621111782e+00,2.273031551588739277e-02,2.742780720645946781e-03,1.433653618436995814e+01,-3.536127773568751437e-02,-7.608024807614523211e-02
3.133333333333332971e-01,1.740945389619746919e+01,4.596652788702225045e+00,2.273615743244528087e-02,2.616416096459392437e-03,1.433267693640794604e+01,-3.445254629013459052e-02,-7.555954980571509549e-02
3.150000000000000022e-01,1.737977487424148748e+01,4.620537434255454379e+00,2.274046903669744296e-02,2.490908160715872479e-03,1.432881745271893870e+01,-3.356738134375912563e-02,-7.505216093456468229e-02
3.166666666666666519e-01,1.735011944068559586e+01,4.644415643980717157e+00,2.274323337332300604e-02,2.366235033177728746e-03,1.432495774216542905e+01,-3.270517579570333261e-02,-7.455772071059565964e-02
3.183333333333333015e-01,1.732048736371032760e+01,4.668287417579843890e+00,2.274443395355673150e-02,2.242375426149060061e-03,1.432109781329734233e+01,-3.186533908909711804e-02,-7.407587877951406219e-02
3.200000000000000067e-01,1.729087841806548198e+01,4.692152754756619970e+00,2.274405474251269682e-02,2.119308627423950337e-03,1.431723767436470318e+01,-3.104729672205613217e-02,-7.360629485341255163e-02
3.216666666666666563e-01,1.726129238487992978e+01,4.716011655216826526e+00,2.274208014689044904e-02,1.997014483776876712e-03,1.431337733332972029e+01,-3.025048977493077079e-02,-7.314863839148406932e-02
3.233333333333333059e-01,1.723172905147732692e+01,4.739864118668271509e+00,2.273849500305045318e-02,1.875473384975512737e-03,1.430951679787832198e+01,-2.947437445317924176e-02,-7.270258829234901854e-02
3.250000000000000111e-01,1.720218821119758701e+01,4.763710144820820780e+00,2.273328456544605053e-02,1.754666248296992120e-03,1.430565607543117324e+01,-2.871842164526620250e-02,-7.226783259750373112e-02
3.266666666666666607e-01,1.717266966322391397e+01,4.787549733386422979e+00,2.272643449539983249e-02,1.634574503529480664e-03,1.430179517315418813e+01,-2.798211649501515519e-02,-7.184406820542177385e-02
3.283333333333333104e-01,1.714317321241517078e+01,4.811382884079133504e+00,2.271793085021269615e-02,1.515180078441683356e-03,1.429793409796857695e+01,-2.726495798786836289e-02,-7.143100059586261763e-02
3.300000000000000155e-01,1.711369866914337834e+01,4.835209596615133165e+00,2.270776007259435111e-02,1.396465384703630226e-03,1.429407285656044024e+01,-2.656645855053205163e-02,-7.102834356396350857e-02
3.316666666666666652e-01,1.708424584913629829e+01,4.859029870712744170e+00,2.269590898040450139e-02,1.278413304242773064e-03,1.429021145538994197e+01,-2.588614366350762419e-02,-7.063581896371065594e-02
3.333333333333333148e-01,1.705481457332469830e+01,4.882843706092441671e+00,2.268236475669433913e-02,1.161007176020084717e-03,1.428634990070007049e+01,-2.522355148603136824e-02,-7.025315646040532214e-02
3.349999999999999645e-01,1.702540466769442418e+01,4.906651102476867088e+00,2.266711494003835828e-02,1.044230783211473699e-03,1.428248819852502116e+01,-2.457823249296566329e-02,-6.988009329175812190e-02
3.366666666666666696e-01,1.699601596314282403e+01,4.930452059590834324e+00,2.265014741514695049e-02,9.280683407804287159e-04,1.427862635469820241e+01,-2.394974912320438354e-02,-6.951637403726249054e-02
3.383333333333333193e-01,1.696664829533961694e+01,4.954246577161333320e+00,2.263145040375052694e-02,8.125044834283604109e-04,1.427476437485990957e+01,-2.333767543917374121e-02,-6.916175039551425430e-02
3.399999999999999689e-01,1.693730150459190753e+01,4.978034654917538049e+00,2.261101245574632240e-02,6.975242539096693705e-04,1.427090226446464527e+01,-2.274159679702755441e-02,-6.881598096915976515e-02
3.416666666666666741e-01,1.690797543571327566e+01,5.001816292590802071e+00,2.258882244059933278e-02,5.831130916990582983e-04,1.426704002878813426e+01,-2.216110952715263233e-02,-6.847883105716964791e-02
3.433333333333333237e-01,1.687866993789677750e+01,5.025591489914662979e+00,2.256486953898922260e-02,4.692568219991138305e-04,1.426317767293404870e+01,-2.159582062461606194e-02,-6.815007245414911319e-02
3.449999999999999734e-01,1.684938486459176588e+01,5.049360246624837956e+00,2.253914323469519837e-02,3.559416450766553675e-04,1.425931520184041901e+01,-2.104534744920130013e-02,-6.782948325640866805e-02
3.466666666666666785e-01,1.682012007338433790e+01,5.073122562459214890e+00,2.251163330671132265e-02,2.431541259167685856e-04,1.425545262028580140e+01,-2.050931743469446358e-02,-6.751684767453189351e-02
3.483333333333333282e-01,1.679087542588140991e+01,5.096878437157856823e+00,2.248232982158487187e-02,1.308811841839131122e-04,1.425158993289516474e+01,-1.998736780709642682e-02,-6.721195585218853186e-02
3.499999999999999778e-01,1.676165078759807159e+01,5.120627870462986841e+00,2.245122312597159706e-02,1.911008448099542616e-05,1.424772714414553398e+01,-1.947914531147923803e-02,-6.691460369097136651e-02
3.499999999999999778e-01,1.676165078759807159e+01,5.120627870462986841e+00,2.245122312597159706e-02,1.911008448099542616e-05,1.424772714414553398e+01,-1.947914531147923803e-02,-6.691460369097136651e-02
3.516666666666666274e-01,1.673245035923402213e+01,5.144370779964807738e+00,2.241863111468913802e-02,-9.172951720124082153e-05,1.424376562868647511e+01,-1.859866351185325214e-02,-6.609671162098529340e-02
3.533333333333333326e-01,1.670327815923493375e+01,5.168107083253822509e+00,2.238486679452563952e-02,-2.012247527577206688e-04,1.423980391852213856e+01,-1.774817762530501650e-02,-6.530125749264920065e-02
3.549999999999999822e-01,1.667413379148465680e+01,5.191836780077542457e+00,2.234991385095116273e-02,-3.094124898242649278e-04,1.423584202359030648e+01,-1.692677843785935984e-02,-6.452760976688243222e-02
3.566666666666666319e-01,1.664501687142936603e+01,5.215559870187787439e+00,2.231375657338430935e-02,-4.163285592485578253e-04,1.423187995338920864e+01,-1.613358414213623970e-02,-6.377515573992512121e-02
3.583333333333333370e-01,1.661592702573183544e+01,5.239276353340695636e+00,2.227637983541947905e-02,-5.220077859609317588e-04,1.422791771699906604e+01,-1.536773946166475335e-02,-6.304330091227243471e-02
3.599999999999999867e-01,1.658686389193701771e+01,5.262986229296739538e+00,2.223776907573856570e-02,-6.264840188070909359e-04,1.422395532310248534e+01,-1.462841480701106318e-02,-6.233146838270072626e-02
3.616666666666666363e-01,1.655782711814857677e+01,5.286689497820718842e+00,2.219791027967772667e-02,-7.297901593880150653e-04,1.421999278000376421e+01,-1.391480546226007455e-02,-6.163909826613854503e-02
3.633333333333332860e-01,1.652881636271577293e+01,5.310386158681760449e+00,2.215678996142009943e-02,-8.319581899520199801e-04,1.421603009564717723e+01,-1.322613080040698809e-02,-6.096564713415945913e-02
3.649999999999999911e-01,1.649983129393042702e+01,5.334076211653306032e+00,2.211439514679181331e-02,-9.330192003734680273e-04,1.421206727763429711e+01,-1.256163352648910839e-02,-6.031058747707242901e-02
3.666666666666666408e-01,1.647087158973356935e+01,5.357759656513096935e+00,2.207071335664068795e-02,-1.033003414249596867e-03,1.420810433324039401e+01,-1.192057894740759967e-02,-5.967340718669137539e-02
3.683333333333332904e-01,1.644193693743143569e+01,5.381436493043151081e+00,2.202573259077372086e-02,-1.131940214152033462e-03,1.420414126943000177e+01,-1.130225426725701629e-02,-5.905360905878373479e-02
3.699999999999999956e-01,1.641302703342048375e+01,5.405106721029744321e+00,2.197944131243243643e-02,-1.229858166064985887e-03,1.420017809287164035e+01,-1.070596790711749076e-02,-5.845071031430636860e-02
3.716666666666666452e-01,1.638414158292102485e+01,5.428770340263374017e+00,2.193182843328599432e-02,-1.326785043040658090e-03,1.419621480995179574e+01,-1.013104884831506763e-02,-5.786424213858418208e-02
3.733333333333332948e-01,1.635528029971922237e+01,5.452427350538735062e+00,2.188288329892289566e-02,-1.422747848101093724e-03,1.419225142678816987e+01,-9.576845998203251456e-03,-5.729374923763036476e-02
3.750000000000000000e-01,1.632644290591718672e+01,5.476077751654679027e+00,2.183259567482297506e-02,-1.517772836414337878e-03,1.418828794924223402e+01,-9.042727577563962338e-03,-5.673878941084921357e-02
3.766666666666666496e-01,1.629762913169082950e+01,5.499721543414176850e+00,2.178095573279200878e-02,-1.611885536771613670e-03,1.418432438293116782e+01,-8.528080528768591795e-03,-5.619893313940103885e-02
3.783333333333332993e-01,1.626883871505520318e+01,5.523358725624281540e+00,2.172795403784218843e-02,-1.705110772391018681e-03,1.418036073323915147e+01,-8.032309943880292999e-03,-5.567376318954578990e-02
3.800000000000000044e-01,1.624007140163707419e+01,5.546989298096083765e+00,2.167358153550228914e-02,-1.797472681072159219e-03,1.417639700532810743e+01,-7.554838511916714232e-03,-5.516287423031675241e-02
3.816666666666666541e-01,1.621132694445454447e+01,5.570613260644663889e+00,2.161782953954211745e-02,-1.888994734725082600e-03,1.417243320414788599e+01,-7.095105984528579310e-03,-5.466587246490841462e-02
3.833333333333333037e-01,1.618260510370335581e+01,5.594230613089049342e+00,2.156068972009637583e-02,-1.979699758295872837e-03,1.416846933444593581e+01,-6.652568659383689340e-03,-5.418237527519347702e-02
3.850000000000000089e-01,1.615390564654977013e+01,5.617841355252162217e+00,2.150215409217384049e-02,-2.069609948110322489e-03,1.416450540077649656e+01,-6.226698880578377705e-03,-5.371201087881335295e-02
3.866666666666666585e-01,1.612522834692967422e+01,5.641445486960773081e+00,2.144221500453815168e-02,-2.158746889656194649e-03,1.416054140750931367e+01,-5.816984555429127041e-03,-5.325441799831381190e-02
3.883333333333333082e-01,1.609657298535386261e+01,5.665043008045448580e+00,2.138086512894719210e-02,-2.247131574823730150e-03,1.415657735883793578e+01,-5.422928687026167330e-03,-5.280924554182375719e-02
3.900000000000000133e-01,1.606793934871911489e+01,5.688633918340495477e+00,2.131809744973853921e-02,-2.334784418623234072e-03,1.415261325878758214e+01,-5.044048921958509298e-03,-5.237615229479935380e-02
3.916666666666666630e-01,1.603932723012500006e+01,5.712218217683914467e+00,2.125390525374894896e-02,-2.421725275397809598e-03,1.414864911122263180e+01,-4.679877112645960957e-03,-5.195480662237927233e-02
3.933333333333333126e-01,1.601073642869616265e+01,5.735795905917337123e+00,2.118828212055628643e-02,-2.507973454548556927e-03,1.414468491985374143e+01,-4.329958893738545048e-03,-5.154488618191856164e-02
3.949999999999999623e-01,1.598216674940992021e+01,5.759366982885981479e+00,2.112122191303291222e-02,-2.593547735788851588e-03,1.414072068824460970e+01,-3.993853272067302181e-03,-5.114607764528945194e-02
3.966666666666666674e-01,1.595361800292904064e+01,5.782931448438588973e+00,2.105271876819973104e-02,-2.678466383943659858e-03,1.413675641981841125e+01,-3.671132229652723181e-03,-5.075807643055707530e-02
3.983333333333333171e-01,1.592509000543939379e+01,5.806489302427369381e+00,2.098276708837081006e-02,-2.762747163309195453e-03,1.413279211786391620e+01,-3.361380339298355654e-03,-5.038058644265649283e-02
3.999999999999999667e-01,1.589658257849251122e+01,5.830040544707950190e+00,2.091136153257959832e-02,-2.846407351585901468e-03,1.412882778554131846e+01,-3.064194392357799581e-03,-5.001331982274280497e-02
3.999999999999999667e-01,1.589658257849251122e+01,5.830040544707950190e+00,2.091136153257959832e-02,-2.846407351585901468e-03,1.412882778554131846e+01,-3.064194392357799581e-03,-5.001331982274280497e-02
4.016666666666666163e-01,1.586809454536659203e+01,5.853585045158200550e+00,2.083840658718563721e-02,-2.929586529552755895e-03,1.412470776880466339e+01,-2.886203613836518019e-03,-4.980261656726649167e-02
4.033333333333333215e-01,1.583962478421095099e+01,5.877122673672269038e+00,2.076380834343959786e-02,-3.012419108051437710e-03,1.412058775406265809e+01,-2.715419265297623445e-03,-4.959737567879795445e-02
4.049999999999999711e-01,1.581117320485789612e+01,5.900653430134315869e+00,2.068756415957260716e-02,-3.094914068242771935e-03,1.411646774301313911e+01,-2.551627576964553713e-03,-4.939745048197884125e-02
4.066666666666666208e-01,1.578273971980175538e+01,5.924177314430587593e+00,2.060967152956410045e-02,-3.177080150126598314e-03,1.411234773729639258e+01,-2.394620829354380392e-03,-4.920269824423881277e-02
4.083333333333333259e-01,1.575432424412495713e+01,5.947694326449384228e+00,2.053012807903617162e-02,-3.258925859024703123e-03,1.410822773849725564e+01,-2.244197183353693198e-03,-4.901298006688465519e-02
4.099999999999999756e-01,1.572592669542615162e+01,5.971204466081019291e+00,2.044893156126909722e-02,-3.340459471884109962e-03,1.410410774814713264e+01,-2.100160515215725339e-03,-4.882816077941964233e-02
4.116666666666666252e-01,1.569754699375031315e+01,5.994707733217787826e+00,2.036607985333336451e-02,-3.421689043407610733e-03,1.409998776772591889e+01,-1.962320256289720385e-03,-4.864810883696071842e-02
4.133333333333332749e-01,1.566918506152094004e+01,6.018204127753926436e+00,2.028157095233816543e-02,-3.502622412011124810e-03,1.409586779866386408e+01,-1.830491237476316669e-03,-4.847269622074206613e-02
4.149999999999999800e-01,1.564084082347411631e+01,6.041693649585580417e+00,2.019540297179568678e-02,-3.583267205608043401e-03,1.409174784234333622e+01,-1.704493538380296574e-03,-4.830179834168357722e-02
4.166666666666666297e-01,1.561251420659435496e+01,6.065176298610768235e+00,2.010757413807996025e-02,-3.663630847254814235e-03,1.408762790010053578e+01,-1.584152340293067509e-03,-4.813529394644323195e-02
4.183333333333332793e-01,1.558420514005217861e+01,6.088652074729348662e+00,2.001808278699328605e-02,-3.743720560635906917e-03,1.408350797322713532e+01,-1.469297783534882209e-03,-4.797306502629853503e-02
4.199999999999999845e-01,1.555591355514353680e+01,6.112120977842982583e+00,1.992692736043160523e-02,-3.823543375401604327e-03,1.407938806297183909e+01,-1.359764828793090215e-03,-4.781499672861978800e-02
4.216666666666666341e-01,1.552763938523084164e+01,6.135583007855105464e+00,1.983410640314822379e-02,-3.903106132359055944e-03,1.407526817054191071e+01,-1.255393122438525945e-03,-4.766097727091581082e-02
4.233333333333332837e-01,1.549938256568580464e+01,6.159038164670890048e+00,1.973961855962433690e-02,-3.982415488502115061e-03,1.407114829710461024e+01,-1.156026866166453551e-03,-4.751089785767798751e-02
4.249999999999999889e-01,1.547114303383381007e+01,6.182486448197213491e+00,1.964346257101784107e-02,-4.061477921926169056e-03,1.406702844378858508e+01,-1.061514689792182305e-03,-4.736465259924819288e-02
4.266666666666666385e-01,1.544292072889961887e+01,6.205927858342629833e+00,1.954563727220023223e-02,-4.140299736611625057e-03,1.406290861168521822e+01,-9.717095276087011572e-04,-4.722213843296913655e-02
4.283333333333332882e-01,1.541471559195474228e+01,6.229362395017330911e+00,1.944614158887992064e-02,-4.218887067077919766e-03,1.405878880184991253e+01,-8.864684982227748417e-04,-4.708325504657592808e-02
4.299999999999999933e-01,1.538652756586625969e+01,6.252790058133124163e+00,1.934497453481320850e-02,-4.297245882905679874e-03,1.405466901530332535e+01,-8.056527879303484801e-04,-4.694790480385928333e-02
4.316666666666666430e-01,1.535835659524725472e+01,6.276210847603395315e+00,1.924213520911083677e-02,-4.375381993113084192e-03,1.405054925303255686e+01,-7.291275379615335967e-04,-4.681599267282051530e-02
4.333333333333332926e-01,1.533020262640834908e+01,6.299624763343078193e+00,1.913762279360188556e-02,-4.453301050449649454e-03,1.404642951599229939e+01,-6.567617340234205596e-04,-4.668742615526719902e-02
4.349999999999999423e-01,1.530206560731056875e+01,6.323031805268631622e+00,1.903143655027710740e-02,-4.531008555570288122e-03,1.404230980510592630e+01,-5.884280990458771836e-04,-4.656211521845414480e-02
4.366666666666666474e-01,1.527394548751957970e+01,6.346431973298000351e+00,1.892357581880636450e-02,-4.608509861097779235e-03,1.403819012126657206e+01,-5.240029889048241057e-04,-4.643997222863043700e-02
4.383333333333332971e-01,1.524584221816136775e+01,6.369825267350596398e+00,1.881404001414793692e-02,-4.685810175543449890e-03,1.403407046533813052e+01,-4.633662918749615321e-04,-4.632091188698148759e-02
4.399999999999999467e-01,1.521775575187905538e+01,6.393211687347261751e+00,1.870282862421456666e-02,-4.762914567144375770e-03,1.402995083815624078e+01,-4.064013303557762369e-04,-4.620485116699916267e-02
4.416666666666666519e-01,1.518968604279070611e+01,6.416591233210247047e+00,1.858994120759703203e-02,-4.839827967615799656e-03,1.402583124052923935e+01,-3.529947649076354698e-04,-4.609170925329285351e-02
4.433333333333333015e-01,1.516163304644829068e+01,6.439963904863181376e+00,1.847537739135642412e-02,-4.916555175799034588e-03,1.402171167323906253e+01,-3.030365010448198004e-04,-4.598140748216785617e-02
4.449999999999999512e-01,1.513359671979820931e+01,6.463329702231043861e+00,1.835913686890290955e-02,-4.993100861174303191e-03,1.401759213704212925e+01,-2.564195995504617125e-04,-4.587386928446490070e-02
4.466666666666666563e-01,1.510557702114265410e+01,6.486688625240144113e+00,1.824121939792584107e-02,-5.069469567297524119e-03,1.401347263267017418e+01,-2.130401888489383386e-04,-4.576902012968377814e-02
4.483333333333333059e-01,1.507757391010181358e+01,6.510040673818086709e+00,1.812162479836759710e-02,-5.145665715174126305e-03,1.400935316083106486e+01,-1.727973791194829919e-04,-4.566678747116799386e-02
4.499999999999999556e-01,1.504958734757721395e+01,6.533385847893751652e+00,1.800035295046034656e-02,-5.221693606536064770e-03,1.400523372220959395e+01,-1.355931789382023504e-04,-4.556710069291373955e-02
4.499999999999999556e-01,1.504958734757721395e+01,6.533385847893751652e+00,1.800035295046034656e-02,-5.221693606536064770e-03,1.400523372220959395e+01,-1.355931789382023504e-04,-4.556710069291373955e-02
4.516666666666666052e-01,1.502161925178606161e+01,6.556724024442650567e+00,1.787755811550566232e-02,-5.297349953701578455e-03,1.400096579106085137e+01,7.982329292599869494e-05,-4.522212270641640108e-02
4.533333333333333104e-01,1.499367146102652804e+01,6.580055080417038127e+00,1.775339235445828542e-02,-5.372439297058797386e-03,1.399669785587907533e+01,2.846631186268606083e-04,-4.488665167290840224e-02
4.549999999999999600e-01,1.496574382078994425e+01,6.603379015714492262e+00,1.762785244641029009e-02,-5.446977261348968924e-03,1.399242991895643584e+01,4.792751288257606412e-04,-4.456042460958124091e-02
4.566666666666666097e-01,1.493783618116448686e+01,6.626695830236051243e+00,1.750093537181518846e-02,-5.520979039118507556e-03,1.398816198249366494e+01,6.639976257963649698e-04,-4.424318582998086613e-02
4.583333333333333148e-01,1.490994839670367966e+01,6.650005523886142633e+00,1.737263830557397859e-02,-5.594459402703100444e-03,1.398389404860401797e+01,8.391586954982789819e-04,-4.393468673320786305e-02
4.599999999999999645e-01,1.488208032629870026e+01,6.673308096572507786e+00,1.724295861034298022e-02,-5.667432715865951612e-03,1.397962611931704302e+01,1.005076510027886824e-03,-4.363468559982700695e-02
4.616666666666666141e-01,1.485423183305451644e+01,6.696603548206131684e+00,1.711189383005609632e-02,-5.739912945101287821e-03,1.397535819658216916e+01,1.162059620778718152e-03,-4.334294739423432546e-02
4.633333333333332638e-01,1.482640278416949009e+01,6.719891878701168331e+00,1.697944168365437406e-02,-5.811913670613719218e-03,1.397109028227212058e+01,1.310407242627009824e-03,-4.305924357324360241e-02
4.649999999999999689e-01,1.479859305081854082e+01,6.743173087974876800e+00,1.684560005901609980e-02,-5.883448096983629784e-03,1.396682237818616912e+01,1.450409529445706837e-03,-4.278335190066455407e-02
4.666666666666666186e-01,1.477080250803972383e+01,6.766447175947543080e+00,1.671036700708081191e-02,-5.954529063528430852e-03,1.396255448605323579e+01,1.582347841238362397e-03,-4.251505626765468560e-02
4.683333333333332682e-01,1.474303103462396791e+01,6.789714142542423225e+00,1.657374073616096552e-02,-6.025169054369140624e-03,1.395828660753483064e+01,1.706495003173159799e-03,-4.225414651863632076e-02
4.699999999999999734e-01,1.471527851300811740e+01,6.812973987685665200e+00,1.643571960643507371e-02,-6.095380208211435141e-03,1.395401874422787358e+01,1.823115556786575331e-03,-4.200041828257895793e-02
4.716666666666666230e-01,1.468754482917099757e+01,6.836226711306252035e+00,1.629630212461646854e-02,-6.165174327849986570e-03,1.394975089766737497e+01,1.932466003616002551e-03,-4.175367280945578574e-02
4.733333333333332726e-01,1.465982987253244474e+01,6.859472313335930771e+00,1.615548693879206507e-02,-6.234562889404466658e-03,1.394548306932897930e+01,2.034795041507631366e-03,-4.151371681169300359e-02
4.749999999999999778e-01,1.463213353585532772e+01,6.882710793709152064e+00,1.601327283342765528e-02,-6.303557051291681403e-03,1.394121526063141836e+01,2.130343793747037535e-03,-4.128036231050018906e-02
4.766666666666666274e-01,1.460445571515028362e+01,6.905942152363006237e+00,1.586965872453031945e-02,-6.372167662949211782e-03,1.393694747293881697e+01,2.219346031431693265e-03,-4.105342648678621947e-02
4.783333333333332771e-01,1.457679630958321049e+01,6.929166389237161994e+00,1.572464365496475253e-02,-6.440405273315069970e-03,1.393267970756291874e+01,2.302028389219776434e-03,-4.083273153655388177e-02
4.799999999999999822e-01,1.454915522138543515e+01,6.952383504273806913e+00,1.557822678991963548e-02,-6.508280139068448565e-03,1.392841196576520524e+01,2.378610574620914839e-03,-4.061810453065661103e-02
4.816666666666666319e-01,1.452153235576639823e+01,6.975593497417584388e+00,1.543040741251809622e-02,-6.575802232641033557e-03,1.392414424875890866e+01,2.449305571092134232e-03,-4.040937727872932761e-02
4.833333333333332815e-01,1.449392762082882946e+01,6.998796368615541219e+00,1.528118491956791981e-02,-6.642981250005270018e-03,1.391987655771093912e+01,2.514319835124152226e-03,-4.020638619715981299e-02
4.849999999999999867e-01,1.446634092748639944e+01,7.021992117817064560e+00,1.513055881744705157e-02,-6.709826618246273085e-03,1.391560889374373389e+01,2.573853487510715035e-03,-4.000897218096317182e-02
4.866666666666666363e-01,1.443877218938362716e+01,7.045180744973828624e+00,1.497852871812076908e-02,-6.776347502922580590e-03,1.391134125793700527e+01,2.628100498954595056e-03,-3.981698047944925295e-02
4.883333333333332860e-01,1.441122132281820889e+01,7.068362250039740502e+00,1.482509433529038620e-02,-6.842552815214118442e-03,1.390707365132942819e+01,2.677248870000260329e-03,-3.963026057568933003e-02
4.899999999999999911e-01,1.438368824666544477e+01,7.091536632970883325e+00,1.467025548065875075e-02,-6.908451218883974662e-03,1.390280607492024778e+01,2.721480805964797585e-03,-3.944866606931331232e-02
4.916666666666666408e-01,1.435617288230479716e+01,7.114703893725466521e+00,1.451401206031636970e-02,-6.974051137045383063e-03,1.389853852967080350e+01,2.760972886671131908e-03,-3.927205456276366274e-02
4.933333333333332904e-01,1.432867515354856991e+01,7.137864032263772529e+00,1.435636407124298887e-02,-7.039360758741891946e-03,1.389427101650601237e+01,2.795896231216142124e-03,-3.910028755085567104e-02
4.949999999999999400e-01,1.430119498657255406e+01,7.161017048548103503e+00,1.419731159792048288e-02,-7.104388045347302845e-03,1.389000353631576345e+01,2.826416657950209070e-03,-3.893323031351683672e-02
4.966666666666666452e-01,1.427373230984870212e+01,7.184162942542735131e+00,1.403685480905423645e-02,-7.169140736789376966e-03,1.388573608995626429e+01,2.852694839784932369e-03,-3.877075181162366324e-02
4.983333333333332948e-01,1.424628705407975815e+01,7.207301714213868671e+00,1.387499395440658714e-02,-7.233626357588556800e-03,1.388146867825132880e+01,2.874886454641279159e-03,-3.861272458606936769e-02
4.999999999999999445e-01,1.421885915213576723e+01,7.230433363529576773e+00,1.371172936172957921e-02,-7.297852222734857973e-03,1.387720130199359936e+01,2.893142331624688670e-03,-3.845902465966144490e-02
4.999999999999999445e-01,1.421885915213576723e+01,7.230433363529576773e+00,1.371172936172957921e-02,-7.297852222734857973e-03,1.387720130199359936e+01,2.893142331624688670e-03,-3.845902465966144490e-02
5.016666666666665941e-01,1.419144833012536644e+01,7.253557729865142356e+00,1.354703023817230637e-02,-7.361869287019934781e-03,1.387274153001808052e+01,2.869437806717009456e-03,-3.836188570287831640e-02
5.033333333333332993e-01,1.416405433297931715e+01,7.276674652607383109e+00,1.338086634706998033e-02,-7.425726598906956695e-03,1.386828180517913189e+01,2.843683692566045806e-03,-3.826730969693151879e-02
5.049999999999998934e-01,1.413667712431726997e+01,7.299784131743925819e+00,1.321323893551764987e-02,-7.489428370126938010e-03,1.386382212788839752e+01,2.815962943616333921e-03,-3.817522514972784831e-02
5.066666666666665986e-01,1.410931666896876813e+01,7.322886167263535029e+00,1.304414928718338612e-02,-7.552978694873325669e-03,1.385936249854179181e+01,2.786355865778732035e-03,-3.808556250682967187e-02
5.083333333333333037e-01,1.408197293293863339e+01,7.345980759156082840e+00,1.287359872074729863e-02,-7.616381553015453935e-03,1.385490291752003600e+01,2.754940194593333194e-03,-3.799825409911850027e-02
5.099999999999998979e-01,1.405464588337374821e+01,7.369067907412522267e+00,1.270158858841543420e-02,-7.679640813174316676e-03,1.385044338518918927e+01,2.721791169979503443e-03,-3.791323409274708484e-02
5.116666666666666030e-01,1.402733548853071888e+01,7.392147612024857928e+00,1.252812027448066412e-02,-7.742760235719072306e-03,1.384598390190114081e+01,2.686981608937719004e-03,-3.783043844038987136e-02
5.133333333333333082e-01,1.400004171774395267e+01,7.415219872986125615e+00,1.235319519390506125e-02,-7.805743475740132588e-03,1.384152446799410185e+01,2.650581977496232339e-03,-3.774980483284379879e-02
5.149999999999999023e-01,1.397276454139489132e+01,7.438284690290359435e+00,1.217681479095921414e-02,-7.868594085919793438e-03,1.383706508379307110e+01,2.612660460117370142e-03,-3.767127265233737726e-02
5.166666666666666075e-01,1.394550393088254481e+01,7.461342063932572266e+00,1.199898053793669456e-02,-7.931315519258673799e-03,1.383260574961028055e+01,2.573283025573885018e-03,-3.759478292822963225e-02
5.183333333333333126e-01,1.391825985859425607e+01,7.484391993908728224e+00,1.181969393387445263e-02,-7.993911131810955625e-03,1.382814646574563255e+01,2.532513492832986352e-03,-3.752027829250945135e-02
5.199999999999999067e-01,1.389103229787718519e+01,7.507434480215720463e+00,1.163895650331276364e-02,-8.056384185353281102e-03,1.382368723248712428e+01,2.490413595248365270e-03,-3.744770293638684244e-02
5.216666666666666119e-01,1.386382122301127495e+01,7.530469522851346298e+00,1.145676979513055027e-02,-8.118737849904718654e-03,1.381922805011123678e+01,2.447043041157144407e-03,-3.737700256936440230e-02
5.233333333333333171e-01,1.383662660918258958e+01,7.553497121814285897e+00,1.127313538140387213e-02,-8.180975206214972234e-03,1.381476891888333292e+01,2.402459573565343242e-03,-3.730812437879135746e-02
5.249999999999999112e-01,1.380944843245698728e+01,7.576517277104078296e+00,1.108805485627714638e-02,-8.243099248245098348e-03,1.381030983905803389e+01,2.356719029498370935e-03,-3.724101698950239847e-02
5.266666666666666163e-01,1.378228666975514649e+01,7.599529988721101859e+00,1.090152983490528388e-02,-8.305112885505295736e-03,1.380585081087957988e+01,2.309875395937717804e-03,-3.717563042584887817e-02
5.283333333333333215e-01,1.375514129882833458e+01,7.622535256666551184e+00,1.071356195243596161e-02,-8.367018945319402989e-03,1.380139183458217111e+01,2.261980863911600050e-03,-3.711191607491386157e-02
5.299999999999999156e-01,1.372801229823410907e+01,7.645533080942415793e+00,1.052415286298517653e-02,-8.428820175126130673e-03,1.379693291039031777e+01,2.213085883264118581e-03,-3.704982664905392964e-02
5.316666666666666208e-01,1.370089964731326049e+01,7.668523461551463249e+00,1.033330423867932259e-02,-8.490519244643349173e-03,1.379247403851916154e+01,2.163239214184040256e-03,-3.698931615074244061e-02
5.333333333333333259e-01,1.367380332616776784e+01,7.691506398497216956e+00,1.014101776874513222e-02,-8.552118747937771659e-03,1.378801521917478112e+01,2.112487976420304552e-03,-3.693033983895797207e-02
5.349999999999999201e-01,1.364672331563830454e+01,7.714481891783935730e+00,9.947295158581344332e-03,-8.613621205558840907e-03,1.378355645255450668e+01,2.060877699804187276e-03,-3.687285419442876827e-02
5.366666666666666252e-01,1.361965959728315312e+01,7.737449941416599586e+00,9.752138128896657709e-03,-8.675029066531770444e-03,1.377909773884721112e+01,2.008452371473512087e-03,-3.681681688725245427e-02
5.383333333333333304e-01,1.359261215335793693e+01,7.760410547400884873e+00,9.555548414892858430e-03,-8.736344710259115465e-03,1.377463907823358902e+01,1.955254480871139802e-03,-3.676218674600739006e-02
5.399999999999999245e-01,1.356558096679491676e+01,7.783363709743152725e+00,9.357527765423447746e-03,-8.797570448502458479e-03,1.377018047088642838e+01,1.901325066416962792e-03,-3.670892372544930227e-02
5.416666666666666297e-01,1.353856602118369068e+01,7.806309428450427745e+00,9.158077942225334792e-03,-8.858708527201525351e-03,1.376572191697088599e+01,1.846703758417193517e-03,-3.665698887695966607e-02
5.433333333333332238e-01,1.351156730075259027e+01,7.829247703530382019e+00,8.957200719180415105e-03,-8.919761128236817008e-03,1.376126341664473074e+01,1.791428820550032943e-03,-3.660634431988484677e-02
5.449999999999999289e-01,1.348458479034947999e+01,7.852178534991319125e+00,8.754897881554066924e-03,-8.980730371269923795e-03,1.375680497005859593e+01,1.735537192980726772e-03,-3.655695321151227611e-02
5.466666666666666341e-01,1.345761847542439327e+01,7.875101922842158153e+00,8.551171225318981994e-03,-9.041618315384157556e-03,1.375234657735621902e+01,1.679064530903405950e-03,-3.650877972042994996e-02
5.483333333333333393e-01,1.343066834201209758e+01,7.898017867092415933e+00,8.346022556478321572e-03,-9.102426960745139961e-03,1.374788823867466547e+01,1.622045243378926515e-03,-3.646178899946870416e-02
5.499999999999999334e-01,1.340373437671459911e+01,7.920926367752193720e+00,8.139453690385552165e-03,-9.163158250288542736e-03,1.374342995414456681e+01,1.564512532695645948e-03,-3.641594715816376393e-02
5.499999999999999334e-01,1.340373437671459911e+01,7.920926367752193720e+00,8.139453690385552165e-03,-9.163158250288542736e-03,1.374342995414456681e+01,1.564512532695645948e-03,-3.641594715816376393e-02
5.516666666666666385e-01,1.337681777982329834e+01,7.943827274637204283e+00,7.931566181170791180e-03,-9.223681353045826148e-03,1.373879039265926139e+01,1.622464728169505706e-03,-3.621273922452934724e-02
5.533333333333332327e-01,1.334991970347796553e+01,7.966720437541830790e+00,7.722460148490368874e-03,-9.283870545690402210e-03,1.373415086425267084e+01,1.675087026057384132e-03,-3.601522781839450876e-02
5.549999999999999378e-01,1.332304006447634670e+01,7.989605856446399201e+00,7.512135339823627217e-03,-9.343735187689003810e-03,1.372951136989756371e+01,1.722573623301869566e-03,-3.582325200055339054e-02
5.566666666666666430e-01,1.329617878223011473e+01,8.012483531333577602e+00,7.300591602444150494e-03,-9.403284374020990863e-03,1.372487191052857725e+01,1.765112608534331537e-03,-3.563665530723252040e-02
5.583333333333332371e-01,1.326933577868886438e+01,8.035353462188307816e+00,7.087828879641043175e-03,-9.462526942534358471e-03,1.372023248704375042e+01,1.802886144387477307e-03,-3.545528562450438875e-02
5.599999999999999423e-01,1.324251097826635615e+01,8.058215648997753888e+00,6.873847207063987254e-03,-9.521471481094679820e-03,1.371559310030599654e+01,1.836070644354792806e-03,-3.527899506641742067e-02
5.616666666666666474e-01,1.321570430776889005e+01,8.081070091751231033e+00,6.658646709187497625e-03,-9.580126334534540267e-03,1.371095375114450476e+01,1.864836944399275937e-03,-3.510763985669509979e-02
5.633333333333332416e-01,1.318891569632569372e+01,8.103916790440152340e+00,6.442227595890752563e-03,-9.638499611408906168e-03,1.370631444035607238e+01,1.889350469466522008e-03,-3.494108021389417951e-02
5.649999999999999467e-01,1.316214507532146527e+01,8.126755745057973712e+00,6.224590159154834608e-03,-9.696599190550722960e-03,1.370167516870638913e+01,1.909771394791570306e-03,-3.477918024010522718e-02
5.666666666666666519e-01,1.313539237833075113e+01,8.149586955600133464e+00,6.005734769863895275e-03,-9.754432727452352209e-03,1.369703593693125576e+01,1.926254802636334423e-03,-3.462180781274278030e-02
5.683333333333332460e-01,1.310865754105420677e+01,8.172410422063999036e+00,5.785661874709109934e-03,-9.812007660474289170e-03,1.369239674573775289e+01,1.938950834492672928e-03,-3.446883447938292599e-02
5.699999999999999512e-01,1.308194050125665697e+01,8.195226144448817251e+00,5.564371993195516529e-03,-9.869331216878548391e-03,1.368775759580535833e+01,1.948004838733759887e-03,-3.432013535568648188e-02
5.716666666666665453e-01,1.305524119870699096e+01,8.218034122755657478e+00,5.341865714746363118e-03,-9.926410418696398827e-03,1.368311848778701467e+01,1.953557513957023071e-03,-3.417558902623014927e-02
5.733333333333332504e-01,1.302855957511979668e+01,8.240834356987363662e+00,5.118143695904661498e-03,-9.983252088429459686e-03,1.367847942231014891e+01,1.955745048012413109e-03,-3.403507744825140513e-02
5.749999999999999556e-01,1.300189557409874119e+01,8.263626847148506371e+00,4.893206657635013924e-03,-1.003986285457547818e-02,1.367384039997765655e+01,1.954699252538442695e-03,-3.389848585844878331e-02
5.766666666666665497e-01,1.297524914108147520e+01,8.286411593245325946e+00,4.667055382702582980e-03,-1.009624915702670052e-02,1.366920142136882710e+01,1.950547694136599503e-03,-3.376570268200188712e-02
5.783333333333332549e-01,1.294862022328611495e+01,8.309188595285696977e+00,4.439690713141057968e-03,-1.015241725231429658e-02,1.366456248704025001e+01,1.943413821579050840e-03,-3.363661944425938577e-02
5.799999999999999600e-01,1.292200876965920919e+01,8.331957853279075010e+00,4.211113547803503783e-03,-1.020837321870979308e-02,1.365992359752666552e+01,1.933417089340989242e-03,-3.351113068490666619e-02
5.816666666666665542e-01,1.289541473082528000e+01,8.354719367236455696e+00,3.981324839997620567e-03,-1.026412296117898242e-02,1.365528475334179248e+01,1.920673077356480291e-03,-3.338913387467998956e-02
5.833333333333332593e-01,1.286883805903805467e+01,8.377473137170325046e+00,3.750325595209819465e-03,-1.031967221617635828e-02,1.365064595497910993e+01,1.905293606744483175e-03,-3.327052933482897712e-02
5.849999999999999645e-01,1.284227870813266925e+01,8.400219163094620356e+00,3.518116868889215737e-03,-1.037502655634264977e-02,1.364600720291261737e+01,1.887386852954927620e-03,-3.315522015823886559e-02
5.866666666666665586e-01,1.281573663347944958e+01,8.422957445024691125e+00,3.284699764308029058e-03,-1.043019139506774946e-02,1.364136849759755599e+01,1.867057455485668371e-03,-3.304311213285999332e-02
5.883333333333332638e-01,1.278921179193886815e+01,8.445687982977258201e+00,3.050075430492741897e-03,-1.048517199092971475e-02,1.363672983947110140e+01,1.844406624444555999e-03,-3.293411366726468892e-02
5.899999999999999689e-01,1.276270414181812995e+01,8.468410776970364040e+00,2.814245060238218001e-03,-1.053997345198100580e-02,1.363209122895303338e+01,1.819532243293706586e-03,-3.282813571881634113e-02
5.916666666666665630e-01,1.273621364282882418e+01,8.491125827023351391e+00,2.577209888182174519e-03,-1.059460073993080328e-02,1.362745266644636999e+01,1.792528968919406994e-03,-3.272509172360769936e-02
5.933333333333332682e-01,1.270974025604564517e+01,8.513833133156810007e+00,2.338971188934281867e-03,-1.064905867423640053e-02,1.362281415233798398e+01,1.763488329314398789e-03,-3.262489752793026193e-02
5.949999999999999734e-01,1.268328394386632851e+01,8.536532695392548220e+00,2.099530275270277118e-03,-1.070335193607773600e-02,1.361817568699919079e+01,1.732498818331400106e-03,-3.252747132174028249e-02
5.966666666666665675e-01,1.265684466997295665e+01,8.559224513753557417e+00,1.858888496400886705e-03,-1.075748507219124322e-02,1.361353727078631159e+01,1.699645986952451468e-03,-3.243273357451972178e-02
5.983333333333332726e-01,1.263042239929436050e+01,8.581908588263972959e+00,1.617047236299194550e-03,-1.081146249859857474e-02,1.360889890404122049e+01,1.665012531906117895e-03,-3.234060697291640113e-02
5.999999999999999778e-01,1.260401709796937553e+01,8.604584918949043981e+00,1.374007912068738683e-03,-1.086528850427175182e-02,1.360426058709185959e+01,1.628678382563492760e-03,-3.225101635942990985e-02
5.999999999999999778e-01,1.260401709796937553e+01,8.604584918949043981e+00,1.374007912068738683e-03,-1.086528850427175182e-02,1.360426058709185959e+01,1.628678382563492760e-03,-3.225101635942990985e-02
6.016666666666666829e-01,1.257762359706496369e+01,8.627253359721903436e+00,1.129257743855176070e-03,-1.091966389071810824e-02,1.359945375354121744e+01,9.822771590329247831e-04,-3.299587332984268290e-02
6.033333333333332771e-01,1.255123696778293763e+01,8.649913764714064257e+00,8.822908059851711660e-04,-1.097526299151674670e-02,1.359464716368442616e+01,3.589661783444872412e-04,-3.371956693521981074e-02
6.049999999999999822e-01,1.252485753054719630e+01,8.672566134269061422e+00,6.331185317810224342e-04,-1.103205099751850687e-02,1.358984081320057236e+01,-2.419744729394533310e-04,-3.442265073393568214e-02
6.066666666666666874e-01,1.249848559690006056e+01,8.695210468717263552e+00,3.817519780749702423e-04,-1.108999401123915603e-02,1.358503469778239747e+01,-8.212451075257466227e-04,-3.510566519733668289e-02
6.083333333333332815e-01,1.247212146973470581e+01,8.717846768376242395e+00,1.282018360067176436e-04,-1.114905902523968990e-02,1.358022881314284902e+01,-1.379526888363253895e-03,-3.576913794827520088e-02
6.099999999999999867e-01,1.244576544352228531e+01,8.740475033551115658e+00,-1.275215584076755556e-04,-1.120921390091094393e-02,1.357542315502109176e+01,-1.917482272827644024e-03,-3.641358399931268058e-02
6.116666666666666918e-01,1.241941780453383970e+01,8.763095264534898732e+00,-3.854082139306204044e-04,-1.127042734765466847e-02,1.357061771918796822e+01,-2.435755450162119338e-03,-3.703950599040155278e-02
6.133333333333332860e-01,1.239307883105720087e+01,8.785707461608840418e+00,-6.454484739802659153e-04,-1.133266890246005867e-02,1.356581250145097606e+01,-2.934972772068872911e-03,-3.764739442576341827e-02
6.149999999999999911e-01,1.236674879360884916e+01,8.808311625042746229e+00,-9.076330067286375331e-04,-1.139590890987419308e-02,1.356100749765876401e+01,-3.415743176364461394e-03,-3.823772790970346447e-02
6.166666666666666963e-01,1.234042795514079671e+01,8.830907755095299905e+00,-1.171952795418848819e-03,-1.146011850236432553e-02,1.355620270370520508e+01,-3.878658603630196714e-03,-3.881097338112211859e-02
6.183333333333332904e-01,1.231411657124269077e+01,8.853495852014358292e+00,-1.438399128899622023e-03,-1.152526958106998151e-02,1.355139811553304874e+01,-4.324294406792502689e-03,-3.936758634649720201e-02
6.199999999999999956e-01,1.228781489033903007e+01,8.876075916037272862e+00,-1.706963592375085326e-03,-1.159133479694235240e-02,1.354659372913720183e+01,-4.753209753587121084e-03,-3.990801111113364413e-02
6.216666666666665897e-01,1.226152315388177172e+01,8.898647947391173929e+00,-1.977638058366874146e-03,-1.165828753226640611e-02,1.354178954056764184e+01,-5.165948021907184468e-03,-4.043268100850978125e-02
6.233333333333332948e-01,1.223524159653828391e+01,8.921211946293244210e+00,-2.250414677887054710e-03,-1.172610188256421708e-02,1.353698554593200676e+01,-5.563037187976738185e-03,-4.094201862752636784e-02
6.250000000000000000e-01,1.220897044637473883e+01,8.943767912951019028e+00,-2.525285871819003217e-03,-1.179475263887521178e-02,1.353218174139785823e+01,-5.944990207356237906e-03,-4.143643603751172994e-02
6.266666666666665941e-01,1.218270992503504679e+01,8.966315847562636776e+00,-2.802244322503613400e-03,-1.186421527040944744e-02,1.352737812319467814e+01,-6.312305388782626578e-03,-4.191633501084184726e-02
6.283333333333332993e-01,1.215646024791544200e+01,8.988855750317114257e+00,-3.081282965528117385e-03,-1.193446590756982659e-02,1.352257468761557035e+01,-6.665466760855220940e-03,-4.238210724304716098e-02
6.300000000000000044e-01,1.213022162433474804e+01,9.011387621394597147e+00,-3.362394981714701171e-03,-1.200548132533896424e-02,1.351777143101873513e+01,-7.004944431587513919e-03,-4.283413457029056765e-02
6.316666666666665986e-01,1.210399425770041759e+01,9.033911460966612239e+00,-3.645573789306039408e-03,-1.207723892702626881e-02,1.351296834982868234e+01,-7.331194940853293790e-03,-4.327278918411302938e-02
6.333333333333333037e-01,1.207777834567047393e+01,9.056427269196312579e+00,-3.930813036344780499e-03,-1.214971672837057183e-02,1.350816544053726354e+01,-7.644661605763042669e-03,-4.369843384335461017e-02
6.350000000000000089e-01,1.205157408031134736e+01,9.078935046238711948e+00,-4.218106593243980094e-03,-1.222289334199355010e-02,1.350336269970446956e+01,-7.945774859013718730e-03,-4.411142208316926050e-02
6.366666666666666030e-01,1.202538164825181610e+01,9.101434792240915783e+00,-4.507448545545391684e-03,-1.229674796219903075e-02,1.349856012395905935e+01,-8.234952580261420754e-03,-4.451209842106174791e-02
6.383333333333333082e-01,1.199920123083295920e+01,9.123926507342348557e+00,-4.798833186862526932e-03,-1.237126035011317134e-02,1.349375770999902358e+01,-8.512600420572514689e-03,-4.490079855988445695e-02
6.400000000000000133e-01,1.197303300425438799e+01,9.146410191674968715e+00,-5.092255012005300792e-03,-1.244641081916037992e-02,1.348895545459187062e+01,-8.779112120014170850e-03,-4.527784958774062896e-02
6.416666666666666075e-01,1.194687713971670107e+01,9.168885845363488940e+00,-5.387708710283117645e-03,-1.252218022086980936e-02,1.348415335457478292e+01,-9.034869818450367435e-03,-4.564357017474868911e-02
6.433333333333333126e-01,1.192073380356028522e+01,9.191353468525576886e+00,-5.685189158983177532e-03,-1.259854993100713826e-02,1.347935140685463473e+01,-9.280244359613892477e-03,-4.599827076663026010e-02
6.450000000000000178e-01,1.189460315740055663e+01,9.213813061272064786e+00,-5.984691417020763723e-03,-1.267550183602631809e-02,1.347454960840787663e+01,-9.515595588529095206e-03,-4.634225377509147009e-02
6.466666666666666119e-01,1.186848535825972384e+01,9.236264623707141297e+00,-6.286210718758322366e-03,-1.275301831983593863e-02,1.346974795628032062e+01,-9.741272642363804982e-03,-4.667581376497403206e-02
6.483333333333333171e-01,1.184238055869508877e+01,9.258708155928550454e+00,-6.589742467990033874e-03,-1.283108225087471049e-02,1.346494644758681858e+01,-9.957614234793757402e-03,-4.699923763815982980e-02
6.500000000000000222e-01,1.181628890692401690e+01,9.281143658027771082e+00,-6.895282232088911431e-03,-1.290967696949122702e-02,1.346014507951083594e+01,-1.016494893395165390e-02,-4.731280481420823553e-02
6.500000000000000222e-01,1.181628890692401690e+01,9.281143658027771082e+00,-6.895282232088911431e-03,-1.290967696949122702e-02,1.346014507951083594e+01,-1.016494893395165390e-02,-4.731280481420823553e-02
6.516666666666667274e-01,1.179022489315203437e+01,9.303571017244417263e+00,-7.201351430928197572e-03,-1.298679753763725894e-02,1.345518548766436240e+01,-8.626129968342863968e-03,-4.524176776896475516e-02
6.533333333333333215e-01,1.176420234872441029e+01,9.325990120801572303e+00,-7.506491671742579648e-03,-1.306051542284900058e-02,1.345022595300118340e+01,-7.149269908166683979e-03,-4.322934099754838222e-02
6.550000000000000266e-01,1.173822044708748180e+01,9.348400968760829599e+00,-7.810728168146990544e-03,-1.313092709464324173e-02,1.344526648643440225e+01,-5.732422231357506108e-03,-4.127407170627803157e-02
6.566666666666667318e-01,1.171227838361793872e+01,9.370803561183382868e+00,-8.114085147814352819e-03,-1.319812662283420188e-02,1.344030709779895538e+01,-4.373689130796585417e-03,-3.937453303428316981e-02
6.583333333333333259e-01,1.168637537520031344e+01,9.393197898130395629e+00,-8.416585876662803847e-03,-1.326220572084009681e-02,1.343534779592688544e+01,-3.071220811593573970e-03,-3.752932417646021035e-02
6.600000000000000311e-01,1.166051065980349399e+01,9.415583979663303182e+00,-8.718252682914439528e-03,-1.332325378913442118e-02,1.343038858871828012e+01,-1.823214769186632875e-03,-3.573707046313850944e-02
6.616666666666667362e-01,1.163468349605589047e+01,9.437961805844105712e+00,-9.019106981065869860e-03,-1.338135795891621203e-02,1.342542948320805607e+01,-6.279150471561912184e-04,-3.399642339621120751e-02
6.633333333333333304e-01,1.160889316282169048e+01,9.460331376735609865e+00,-9.319169295629153513e-03,-1.343660313570620851e-02,1.342047048562876554e+01,5.163885179823534104e-04,-3.230606064795269600e-02
6.650000000000000355e-01,1.158313895877803290e+01,9.482692692401661461e+00,-9.618459284662374612e-03,-1.348907204289176952e-02,1.341551160146968158e+01,1.611361064648394667e-03,-3.066468602421383235e-02
6.666666666666667407e-01,1.155742020199284426e+01,9.505045752907333778e+00,-9.916995763128721303e-03,-1.353884526529328461e-02,1.341055283553230559e+01,2.658623487788093053e-03,-2.907102939183218646e-02
6.683333333333333348e-01,1.153173622950526855e+01,9.527390558319110525e+00,-1.021479672596710062e-02,-1.358600129250537095e-02,1.340559419198246616e+01,3.659753228036891418e-03,-2.752384657561944212e-02
6.700000000000000400e-01,1.150608639690883450e+01,9.549727108705019063e+00,-1.051187937087796898e-02,-1.363061656200525128e-02,1.340063567439923808e+01,4.616285067483115803e-03,-2.602191922699903862e-02
6.716666666666666341e-01,1.148047007793683250e+01,9.572055404134779621e+00,-1.080826012086793554e-02,-1.367276550211157099e-02,1.339567728582080086e+01,5.529711933355866207e-03,-2.456405466391741940e-02
6.733333333333333393e-01,1.145488666405140243e+01,9.594375444679894116e+00,-1.110395464647481213e-02,-1.371252057462377279e-02,1.339071902878739806e+01,6.401485705251014000e-03,-2.314908568609895870e-02
6.750000000000000444e-01,1.142933556403661655e+01,9.616687230413747400e+00,-1.139897788765222193e-02,-1.374995231708590199e-02,1.338576090538158070e+01,7.233018023980054834e-03,-2.177587036816776636e-02
6.766666666666666385e-01,1.140381620359549508e+01,9.638990761411676544e+00,-1.169334407533945130e-02,-1.378512938471944914e-02,1.338080291726587490e+01,8.025681102486912841e-03,-2.044329183107374340e-02
6.783333333333333437e-01,1.137832802495110052e+01,9.661286037751031230e+00,-1.198706675270977753e-02,-1.381811859200397438e-02,1.337584506571798570e+01,8.780808537821857551e-03,-1.915025799331552050e-02
6.800000000000000488e-01,1.135287048645278318e+01,9.683573059511209280e+00,-1.228015879603867877e-02,-1.384898495377277251e-02,1.337088735166369702e+01,9.499696120708176275e-03,-1.789570130531028050e-02
6.816666666666666430e-01,1.132744306218745400e+01,9.705851826773699287e+00,-1.257263243520441616e-02,-1.387779172583752593e-02,1.336592977570759899e+01,1.018360264243545199e-02,-1.667857846813338568e-02
6.833333333333333481e-01,1.130204524159576174e+01,9.728122339622085946e+00,-1.286449927384114914e-02,-1.390460044517883610e-02,1.336097233816175134e+01,1.083375069946966238e-02,-1.549787013685329298e-02
6.850000000000000533e-01,1.127667652909368456e+01,9.750384598142066039e+00,-1.315577030911639460e-02,-1.392947096963348917e-02,1.335601503907241572e+01,1.145132749376124096e-02,-1.435258061076301675e-02
6.866666666666666474e-01,1.125133644369997832e+01,9.772638602421443110e+00,-1.344645595111139402e-02,-1.395246151702319790e-02,1.335105787824493184e+01,1.203748562709311236e-02,-1.324173751243484104e-02
6.883333333333333526e-01,1.122602451866938011e+01,9.794884352550116802e+00,-1.373656604181287821e-02,-1.397362870373206750e-02,1.334610085526691137e+01,1.259334388916861884e-02,-1.216439145666549544e-02
6.900000000000000577e-01,1.120074030113159225e+01,9.817121848620061542e+00,-1.402610987372868677e-02,-1.399302758275355538e-02,1.334114396952977266e+01,1.311998803953438354e-02,-1.111961570970901314e-02
6.916666666666666519e-01,1.117548335173619201e+01,9.839351090725303450e+00,-1.431509620811559531e-02,-1.401071168117246427e-02,1.333618722024877457e+01,1.361847158216909943e-02,-1.010650584040232933e-02
6.933333333333333570e-01,1.115025324430385467e+01,9.861572078961881260e+00,-1.460353329280065539e-02,-1.402673303703241836e-02,1.333123060648159708e+01,1.408981653129596535e-02,-9.124179364833322897e-03
6.950000000000000622e-01,1.112504956548387902e+01,9.883784813427817895e+00,-1.489142887960900885e-02,-1.404114223560737340e-02,1.332627412714558623e+01,1.453501416845934258e-02,-8.171775385220330506e-03
6.966666666666666563e-01,1.109987191441788745e+01,9.905989294223058295e+00,-1.517879024139471428e-02,-1.405398844506130021e-02,1.332131778103372355e+01,1.495502579020589924e-02,-7.248454224002476819e-03
6.983333333333333615e-01,1.107471990240976289e+01,9.928185521449437445e+00,-1.546562418869204016e-02,-1.406531945152747487e-02,1.331636156682942307e+01,1.535078344674611385e-02,-6.353397053390843173e-03
7.000000000000000666e-01,1.104959315260207120e+01,9.950373495210623531e+00,-1.575193708596387202e-02,-1.407518169354603742e-02,1.331140548312018801e+01,1.572319066995504083e-02,-5.485805522181091617e-03
7.000000000000000666e-01,1.104959315260207120e+01,9.950373495210623531e+00,-1.575193708596387202e-02,-1.407518169354603742e-02,1.331140548312018801e+01,1.572319066995504083e-02,-5.485805522181091617e-03
7.016666666666667718e-01,1.102450585179367870e+01,9.972553046475024274e+00,-1.603614487416654688e-02,-1.408147711458776138e-02,1.330621993163438788e+01,1.794768796695990834e-02,-2.083908999600953427e-03
7.033333333333333659e-01,1.099947158413442772e+01,9.994724007225947560e+00,-1.631667541338405192e-02,-1.408217823807582370e-02,1.330103563375580400e+01,2.008351945581666673e-02,1.227661007314441053e-03
7.050000000000000711e-01,1.097448909887357082e+01,1.001688637905145640e+01,-1.659355189863489025e-02,-1.407743406413850158e-02,1.329585258274570769e+01,2.213332829500701260e-02,4.450755346843404507e-03
7.066666666666667762e-01,1.094955717358836900e+01,1.003904016348815453e+01,-1.686679657404301091e-02,-1.406739051865196766e-02,1.329067076989512586e+01,2.409970357984896061e-02,7.587212093097425031e-03
7.083333333333333703e-01,1.092467461392323358e+01,1.006118536202231617e+01,-1.713643074990793200e-02,-1.405219047559396264e-02,1.328549018469804821e+01,2.598518036083133365e-02,1.063885515681507916e-02
7.100000000000000755e-01,1.089984025330710438e+01,1.008332197609097491e+01,-1.740247482043082855e-02,-1.403197378182853908e-02,1.328031081501512567e+01,2.779223973467622941e-02,1.360749299318142480e-02
7.116666666666667806e-01,1.087505295265288829e+01,1.010545000708299845e+01,-1.766494828189148908e-02,-1.400687728386242406e-02,1.327513264722813524e+01,2.952330899827004806e-02,1.649491740053665376e-02
7.133333333333333748e-01,1.085031160004014694e+01,1.012756945634010641e+01,-1.792386975126624565e-02,-1.397703485644901170e-02,1.326995566638569812e+01,3.118076166191467366e-02,1.930290272673185203e-02
7.150000000000000799e-01,1.082561511054873726e+01,1.014968032515767682e+01,-1.817925700130097050e-02,-1.394257740762385248e-02,1.326477985634286405e+01,3.276688700395537224e-02,2.203325329813156028e-02
7.166666666666667851e-01,1.080096242686802377e+01,1.017178261478443879e+01,-1.843112707178948262e-02,-1.390363276457944747e-02,1.325960519990394992e+01,3.428385912053282664e-02,2.468784831534285781e-02
7.183333333333333792e-01,1.077635251940482775e+01,1.019387632642281716e+01,-1.867949633707433055e-02,-1.386032563351779524e-02,1.325443167895010177e+01,3.573379550307202029e-02,2.726854567846391519e-02
7.200000000000000844e-01,1.075178438577174944e+01,1.021596146123003734e+01,-1.892438051640287985e-02,-1.381277765291835831e-02,1.324925927455020513e+01,3.711876557002422722e-02,2.977716880403491473e-02
7.216666666666666785e-01,1.072725705024801002e+01,1.023803802031924626e+01,-1.916579468228217509e-02,-1.376110745093853290e-02,1.324408796706426905e+01,3.844079111464784176e-02,3.221550661255794673e-02
7.233333333333333837e-01,1.070276956323954742e+01,1.026010600476060119e+01,-1.940375326951211676e-02,-1.370543070293218403e-02,1.323891773623999235e+01,3.970184678905236408e-02,3.458531356472668156e-02
7.250000000000000888e-01,1.067832100074027579e+01,1.028216541558231256e+01,-1.963827008478416167e-02,-1.364586018885067739e-02,1.323374856130277166e+01,4.090386061910464277e-02,3.688830974166499438e-02
7.266666666666666829e-01,1.065391046379581041e+01,1.030421625377167949e+01,-1.986935831674118899e-02,-1.358250585036647508e-02,1.322858042103962184e+01,4.204871454518267077e-02,3.912618096421285191e-02
7.283333333333333881e-01,1.062953707796862268e+01,1.032625852027607394e+01,-2.009703054655532367e-02,-1.351547484790973849e-02,1.322341329387720066e+01,4.313824499178052496e-02,4.130057895263043038e-02
7.300000000000000933e-01,1.060519999280667669e+01,1.034829221600391236e+01,-2.032129875889713069e-02,-1.344487161735458298e-02,1.321824715795424332e+01,4.417424345972675165e-02,4.341312152132702912e-02
7.316666666666666874e-01,1.058089838131610527e+01,1.037031734182559362e+01,-2.054217435322923738e-02,-1.337079792627533792e-02,1.321308199118881355e+01,4.515845713776713011e-02,4.546539280508581082e-02
7.333333333333333925e-01,1.055663143943735882e+01,1.039233389857439960e+01,-2.075966815546767541e-02,-1.329335292992430209e-02,1.320791777134049738e+01,4.609258953576169521e-02,4.745894351771935693e-02
7.350000000000000977e-01,1.053239838552619112e+01,1.041434188704739938e+01,-2.097379042990285200e-02,-1.321263322671112871e-02,1.320275447606788433e+01,4.697830113408428543e-02,4.939529123838583974e-02
7.366666666666666918e-01,1.050819845984029044e+01,1.043634130800629123e+01,-2.118455089132217223e-02,-1.312873291311274747e-02,1.319759208298163600e+01,4.781721004633147226e-02,5.127592072244958193e-02
7.383333333333333970e-01,1.048403092403085068e+01,1.045833216217824635e+01,-2.139195871736467025e-02,-1.304174363813348503e-02,1.319243056969330929e+01,4.861089269689632814e-02,5.310228423736298997e-02
7.400000000000001021e-01,1.045989506063999031e+01,1.048031445025672781e+01,-2.159602256103842349e-02,-1.295175465718714260e-02,1.318726991386020053e+01,4.936088450988376786e-02,5.487580192026127179e-02
7.416666666666666963e-01,1.043579017260492847e+01,1.050228817290226857e+01,-2.179675056333607933e-02,-1.285885288529652754e-02,1.318211009322645744e+01,5.006868060605734055e-02,5.659786215400603587e-02
7.433333333333334014e-01,1.041171558276849396e+01,1.052425333074325309e+01,-2.199415036595568987e-02,-1.276312294967683891e-02,1.317695108566068996e+01,5.073573650816003144e-02,5.826982196125458230e-02
7.450000000000001066e-01,1.038767063339598096e+01,1.054620992437665450e+01,-2.218822912411537451e-02,-1.266464724171419490e-02,1.317179286919022019e+01,5.136346885400268347e-02,5.989300741551902701e-02
7.466666666666667007e-01,1.036365468569957748e+01,1.056815795436877359e+01,-2.237899351938236678e-02,-1.256350596817878106e-02,1.316663542203222725e+01,5.195325611316190667e-02,6.146871406546867977e-02
7.483333333333334059e-01,1.033966711937009464e+01,1.059009742125594045e+01,-2.256644977250672410e-02,-1.245977720170331898e-02,1.316147872262199137e+01,5.250643930676689164e-02,6.299820737140014726e-02
7.500000000000001110e-01,1.031570733211581370e+01,1.061202832554520903e+01,-2.275060365626732639e-02,-1.235353693057563568e-02,1.315632274963837389e+01,5.302432273069461466e-02,6.448272315364340923e-02
7.500000000000001110e-01,1.031570733211581370e+01,1.061202832554520903e+01,-2.275060365626732639e-02,-1.235353693057563568e-02,1.315632274963837389e+01,5.302432273069461466e-02,6.448272315364340923e-02
7.516666666666668162e-01,1.029178895727809540e+01,1.063395047368360835e+01,-2.292978776235869362e-02,-1.224260388833438642e-02,1.315091046125623997e+01,5.548212769362772384e-02,6.862021878870426528e-02
7.533333333333334103e-01,1.026792509710718271e+01,1.065586367370502074e+01,-2.310233885682340046e-02,-1.212485802378795302e-02,1.314550106162447740e+01,5.784461172343005608e-02,7.265843336368141281e-02
7.550000000000001155e-01,1.024411438804042618e+01,1.067776792839051758e+01,-2.326826845187110124e-02,-1.200046319282172848e-02,1.314009451754532698e+01,6.011419497123543509e-02,7.659929907250014047e-02
7.566666666666668206e-01,1.022035549578162694e+01,1.069966324040939476e+01,-2.342758778817333534e-02,-1.186958004564297661e-02,1.313469079339468237e+01,6.229326136666234887e-02,8.044473038879525195e-02
7.583333333333334147e-01,1.019664711499424747e+01,1.072154961232067549e+01,-2.358030781980199192e-02,-1.173236605704336064e-02,1.312928985134353788e+01,6.438415817289348808e-02,8.419662313584269642e-02
7.600000000000001199e-01,1.017298796897885715e+01,1.074342704657461312e+01,-2.372643920075196908e-02,-1.158897555828176419e-02,1.312389165156843518e+01,6.638919560261614949e-02,8.785685362558663669e-02
7.616666666666668251e-01,1.014937680933742392e+01,1.076529554551420809e+01,-2.386599227289789432e-02,-1.143955977026427789e-02,1.311849615245125555e+01,6.831064648906245984e-02,9.142727786282604796e-02
7.633333333333334192e-01,1.012581241562541834e+01,1.078715511137673033e+01,-2.399897705531252312e-02,-1.128426683794986340e-02,1.311310331076882818e+01,7.015074601008984556e-02,9.490973081196973915e-02
7.650000000000001243e-01,1.010229359499181534e+01,1.080900574629525224e+01,-2.412540323496829148e-02,-1.112324186604536289e-02,1.310771308187247719e+01,7.191169146719543492e-02,9.830602572696769959e-02
7.666666666666668295e-01,1.007881918180923542e+01,1.083084745230017809e+01,-2.424528015868931269e-02,-1.095662695571149314e-02,1.310232541985786625e+01,7.359564211423919033e-02,1.016179535406389473e-01
7.683333333333334236e-01,1.005538803729525554e+01,1.085268023132077708e+01,-2.435861682627113098e-02,-1.078456124217701782e-02,1.309694027772559544e+01,7.520471903306212569e-02,1.048472823104262541e-01
7.700000000000001288e-01,1.003199904912503193e+01,1.087450408518672695e+01,-2.446542188478173160e-02,-1.060718093332173838e-02,1.309155760753273867e+01,7.674100505736852762e-02,1.079957567207206759e-01
7.716666666666667229e-01,1.000865113103674275e+01,1.089631901562963812e+01,-2.456570362394662477e-02,-1.042461934903624390e-02,1.308617736053560776e+01,7.820654474107026355e-02,1.110650976387298483e-01
7.733333333333334281e-01,9.985343222431264820e+00,1.091812502428458664e+01,-2.465946997252422071e-02,-1.023700696120918158e-02,1.308079948732422260e+01,7.960334436748153775e-02,1.140570017206156139e-01
7.750000000000001332e-01,9.962074287966199648e+00,1.093992211269164194e+01,-2.474672849565867985e-02,-1.004447143436475003e-02,1.307542393794868829e+01,8.093337199940969784e-02,1.169731410670337424e-01
7.766666666666667274e-01,9.938843317145050094e+00,1.096171028229739441e+01,-2.482748639316954137e-02,-9.847137666892684035e-03,1.307005066203779542e+01,8.219855756879643205e-02,1.198151629265177820e-01
7.783333333333334325e-01,9.915649323903066303e+00,1.098348953445646359e+01,-2.490175049867221144e-02,-9.645127832664749518e-03,1.306467960891014712e+01,8.340079300145331054e-02,1.225846894431297379e-01
7.800000000000001377e-01,9.892491346190260160e+00,1.100525987043300447e+01,-2.496952727948626577e-02,-9.438561423016255530e-03,1.305931072767823053e+01,8.454193237546499262e-02,1.252833174463992838e-01
7.816666666666667318e-01,9.869368445551661040e+00,1.102702129140221210e+01,-2.503082283733327335e-02,-9.227555289124920318e-03,1.305394396734558349e+01,8.562379211372606047e-02,1.279126182832029390e-01
7.833333333333334370e-01,9.846279706706207335e+00,1.104877379845181551e+01,-2.508564290972816260e-02,-9.012223684604834389e-03,1.304857927689737807e+01,8.664815120648206026e-02,1.304741376882033732e-01
7.850000000000001421e-01,9.823224237124849267e+00,1.107051739258355028e+01,-2.513399287200972915e-02,-8.792678308249462366e-03,1.304321660538481353e+01,8.761675146172220874e-02,1.329693956905728114e-01
7.866666666666667362e-01,9.800201166608351500e+00,1.109225207471463470e+01,-2.517587773998448269e-02,-8.569028346909649679e-03,1.303785590200350164e+01,8.853129778254216486e-02,1.353998865556664266e-01
7.883333333333334414e-01,9.777209646864921666e+00,1.111397784567923175e+01,-2.521130217316316230e-02,-8.341380518502233138e-03,1.303249711616613027e+01,8.939345847081199559e-02,1.377670787605059233e-01
7.900000000000001465e-01,9.754248851088863859e+00,1.113569470622989677e+01,-2.524027047850524799e-02,-8.109839114982199740e-03,1.302714019756967367e+01,9.020486555333948053e-02,1.400724149999484081e-01
7.916666666666667407e-01,9.731317973540669186e+00,1.115740265703900391e+01,-2.526278661463764522e-02,-7.874506045265438833e-03,1.302178509625746372e+01,9.096711512926437815e-02,1.423173122218625297e-01
7.933333333333334458e-01,9.708416229128658870e+00,1.117910169870018855e+01,-2.527885419652632637e-02,-7.635480878083861743e-03,1.301643176267631929e+01,9.168176773784320055e-02,1.445031616901454874e-01
7.950000000000001510e-01,9.685542852992577778e+00,1.120079183172974524e+01,-2.528847650057340982e-02,-7.392860884755973576e-03,1.301108014772897192e+01,9.235034874555470008e-02,1.466313290741986519e-01
7.966666666666667451e-01,9.662697100089978619e+00,1.122247305656803107e+01,-2.529165647007337175e-02,-7.146741081745106201e-03,1.300573020282204340e+01,9.297434874946104710e-02,1.487031545622543860e-01
7.983333333333334503e-01,9.639878244785608175e+00,1.124414537358084765e+01,-2.528839672100384114e-02,-6.897214273004846630e-03,1.300038187990984895e+01,9.355522399588736548e-02,1.507199529972136076e-01
8.000000000000001554e-01,9.617085580444056703e+00,1.126580878306081601e+01,-2.527869954811944389e-02,-6.644371092067829533e-03,1.299503513153418588e+01,9.409439681300221792e-02,1.526830140334892727e-01
8.000000000000001554e-01,9.617085580444056703e+00,1.126580878306081601e+01,-2.527869954811944389e-02,-6.644371092067829533e-03,1.299503513153418588e+01,9.409439681300221792e-02,1.526830140334892727e-01
8.016666666666668606e-01,9.594331915541969735e+00,1.128746289566075056e+01,-2.526085354682629236e-02,-6.385988131581094539e-03,1.298920975270538491e+01,9.661702000073400798e-02,1.573608135903776517e-01
8.033333333333334547e-01,9.571629631497296842e+00,1.130910732348300485e+01,-2.523314203898294888e-02,-6.119887077518331234e-03,1.298338871443149323e+01,9.904593157783818380e-02,1.619449577688866215e-01
8.050000000000001599e-01,9.548977412247646512e+00,1.133074206882920443e+01,-2.519555937244969540e-02,-5.846222865320375127e-03,1.297757197328223633e+01,1.013831184661423968e-01,1.664368345540684913e-01
8.066666666666668650e-01,9.526373964544299966e+00,1.135236713385308427e+01,-2.514810014267631830e-02,-5.565148118578813231e-03,1.297175948273538282e+01,1.036305484869701615e-01,1.708378300220133594e-01
8.083333333333334592e-01,9.503818017865299339e+00,1.137398252056108916e+01,-2.509075916899485351e-02,-5.276813152994539770e-03,1.296595119340263480e+01,1.057901697884933157e-01,1.751493274186599891e-01
8.100000000000001643e-01,9.481308324313253877e+00,1.139558823081301320e+01,-2.502353147207030115e-02,-4.981365981836069663e-03,1.296014705324739325e+01,1.078639103055966247e-01,1.793727062759690460e-01
8.116666666666668695e-01,9.458843658498466311e+00,1.141718426632274408e+01,-2.494641225248608180e-02,-4.678952322839081968e-03,1.295434700779449244e+01,1.098536772522080845e-01,1.835093415653302196e-01
8.133333333333334636e-01,9.436422817408299579e+00,1.143877062865902872e+01,-2.485939687043809895e-02,-4.369715606485530777e-03,1.294855100033203854e+01,1.117613566458905694e-01,1.875606028879805431e-01
8.150000000000001688e-01,9.414044620263473107e+00,1.146034731924633832e+01,-2.476248082651289623e-02,-4.053796985596731101e-03,1.294275897210536108e+01,1.135888128644526873e-01,1.915278537022676864e-01
8.166666666666668739e-01,9.391707908361933477e+00,1.148191433936575834e+01,-2.465565974353287060e-02,-3.731335346195083572e-03,1.293697086250323913e+01,1.153378882346142442e-01,1.954124505875891038e-01
8.183333333333334680e-01,9.369411544911201872e+00,1.150347169015595128e+01,-2.453892934942883755e-02,-3.402467319560693176e-03,1.293118660923650687e+01,1.170104026519277612e-01,1.992157425443455698e-01
8.200000000000001732e-01,9.347154414849816462e+00,1.152501937261415854e+01,-2.441228546111663678e-02,-3.067327295420925037e-03,1.292540614850916647e+01,1.186081532316113074e-01,2.029390703296221343e-01
8.216666666666667673e-01,9.324935424658583827e+00,1.154655738759726091e+01,-2.427572396934844084e-02,-2.726047436217823253e-03,1.291962941518215757e+01,1.201329139897871767e-01,2.065837658280084699e-01
8.233333333333334725e-01,9.302753502162330435e+00,1.156808573582287636e+01,-2.412924082450981778e-02,-2.378757692395335084e-03,1.291385634292991114e+01,1.215864355545616948e-01,2.101511514569862904e-01
8.250000000000001776e-01,9.280607596322806074e+00,1.158960441787049334e+01,-2.397283202333320984e-02,-2.025585818649278027e-03,1.290808686438984232e+01,1.229704449063336175e-01,2.136425396062614224e-01
8.266666666666667718e-01,9.258496677023325461e+00,1.161111343418266095e+01,-2.380649359649714830e-02,-1.666657391084233782e-03,1.290232091130497594e+01,1.242866451466458771e-01,2.170592321103375355e-01
8.283333333333334769e-01,9.236419734845913609e+00,1.163261278506619867e+01,-2.363022159708303913e-02,-1.302095825219156105e-03,1.289655841465978980e+01,1.255367152949067588e-01,2.204025197536941261e-01
8.300000000000001821e-01,9.214375780841285390e+00,1.165410247069345928e+01,-2.344401208986231222e-02,-9.320223947968996146e-04,1.289079930480949621e+01,1.267223101123797491e-01,2.236736818078388922e-01
8.316666666666667762e-01,9.192363846292618490e+00,1.167558249110360435e+01,-2.324786114137924325e-02,-5.565562513385143885e-04,1.288504351160293204e+01,1.278450599525065290e-01,2.268739855993597287e-01
8.333333333333334814e-01,9.170382982473293865e+00,1.169705284620392405e+01,-2.304176481080203592e-02,-1.758144443899772847e-04,1.287929096449919442e+01,1.289065706368338338e-01,2.300046861082483129e-01
8.350000000000001865e-01,9.148432260399424365e+00,1.171851353577118005e+01,-2.282571914151265008e-02,2.100880575861963486e-04,1.287354159267822595e+01,1.299084233557522006e-01,2.330670255956504844e-01
8.366666666666667806e-01,9.126510770577617393e+00,1.173996455945297157e+01,-2.259972015340621157e-02,6.010383457227977486e-04,1.286779532514552749e+01,1.308521745932289815e-01,2.360622332602019813e-01
8.383333333333334858e-01,9.104617622748383710e+00,1.176140591676913516e+01,-2.236376383587125941e-02,9.969255487101884652e-04,1.286205209083112777e+01,1.317393560747059655e-01,2.389915249220950222e-01
8.400000000000001910e-01,9.082751945625778589e+00,1.178283760711315153e+01,-2.211784614142239119e-02,1.397640810254444392e-03,1.285631181868306605e+01,1.325714747373221147e-01,2.418561027340070391e-01
8.416666666666667851e-01,9.060912886633737173e+00,1.180425962975359511e+01,-2.186196297995734311e-02,1.803077266075464764e-03,1.285057443775548691e+01,1.333500127216151188e-01,2.446571549180172056e-01
8.433333333333334902e-01,9.039099611639453968e+00,1.182567198383556928e+01,-2.159611021361097088e-02,2.213130020487625270e-03,1.284483987729158549e+01,1.340764273838525589e-01,2.473958555276289939e-01
8.450000000000001954e-01,9.017311304684346496e+00,1.184707466838219858e+01,-2.132028365217907701e-02,2.627696122604002583e-03,1.283910806680152206e+01,1.347521513281424721e-01,2.500733642340148832e-01
8.466666666666667895e-01,8.995547167712903303e+00,1.186846768229609772e+01,-2.103447904908539029e-02,3.046674542203651418e-03,1.283337893613554392e+01,1.353785924574698596e-01,2.526908261355931273e-01
8.483333333333334947e-01,8.973806420299927922e+00,1.188985102436088326e+01,-2.073869209786641590e-02,3.469966145302010984e-03,1.282765241555242675e+01,1.359571340428206432e-01,2.552493715900790439e-01
8.500000000000001998e-01,8.952088299376422142e+00,1.191122469324268174e+01,-2.043291842914630313e-02,3.897473669463368678e-03,1.282192843578345709e+01,1.364891348094667278e-01,2.577501160680685244e-01
8.500000000000001998e-01,8.952088299376422142e+00,1.191122469324268174e+01,-2.043291842914630313e-02,3.897473669463368678e-03,1.282192843578345709e+01,1.364891348094667278e-01,2.577501160680685244e-01
8.516666666666669050e-01,8.930340142680753601e+00,1.193259210606994358e+01,-2.012420356375305142e-02,4.319515006709375576e-03,1.282027195926733221e+01,1.286280230994925056e-01,2.487300213602552934e-01
8.533333333333334991e-01,8.908511446663419875e+00,1.195395668386971799e+01,-1.981954759976926189e-02,4.726675276343151981e-03,1.281861217385755225e+01,1.210025189577237509e-01,2.398926862026488915e-01
8.550000000000002043e-01,8.886604667672113322e+00,1.197531843096732196e+01,-1.951887844430522101e-02,5.119258295396141370e-03,1.281694942577017571e+01,1.136082702685632662e-01,2.312371490003872487e-01
8.566666666666669094e-01,8.864622219778288681e+00,1.199667735155516901e+01,-1.922212468494593693e-02,5.497566165430451193e-03,1.281528404080993688e+01,1.064408988185511357e-01,2.227623138592065843e-01
8.583333333333335036e-01,8.842566474486343253e+00,1.201803344969587073e+01,-1.892921567080084813e-02,5.861899053752114147e-03,1.281361632512970061e+01,9.949600576128322937e-02,2.144669565364591968e-01
8.600000000000002087e-01,8.820439760497313486e+00,1.203938672932540754e+01,-1.864008158920021224e-02,6.212554984526792029e-03,1.281194656598558268e+01,9.276917699076925317e-02,2.063497304933603338e-01
8.616666666666669139e-01,8.798244363526103839e+00,1.206073719425633861e+01,-1.835465353789212870e-02,6.549829639974065996e-03,1.281027503248675004e+01,8.625598840799468536e-02,1.984091730252201813e-01
8.633333333333335080e-01,8.775982526172562359e+00,1.208208484818102946e+01,-1.807286359260500130e-02,6.874016172021118858e-03,1.280860197633725583e+01,7.995201105937314867e-02,1.906437114356837881e-01
8.650000000000002132e-01,8.753656447842564248e+00,1.210342969467492225e+01,-1.779464487020065294e-02,7.185405024007602941e-03,1.280692763256900690e+01,7.385281614551723883e-02,1.830516692401384371e-01
8.666666666666669183e-01,8.731268284720528072e+00,1.212477173719977941e+01,-1.751993158712064624e-02,7.484283763025183396e-03,1.280525222026388832e+01,6.795397987567713960e-02,1.756312723646871465e-01
8.683333333333335124e-01,8.708820149788882858e+00,1.214611097910693971e+01,-1.724865911349534112e-02,7.770936922268292107e-03,1.280357594326399351e+01,6.225108817132406214e-02,1.683806553283516971e-01
8.700000000000002176e-01,8.686314112895733075e+00,1.216744742364054588e+01,-1.698076402260471560e-02,8.045645853967241246e-03,1.280189899086854410e+01,5.673974119602139682e-02,1.612978673784868089e-01
8.716666666666668117e-01,8.663752200866040809e+00,1.218878107394074739e+01,-1.671618413611297704e-02,8.308688592185439412e-03,1.280022153851647992e+01,5.141555771761133209e-02,1.543808785689271268e-01
8.733333333333335169e-01,8.641136397657648516e+00,1.221011193304685705e+01,-1.645485856479347517e-02,8.560339725995746302e-03,1.279854374845370302e+01,4.627417928257272078e-02,1.476275857545159553e-01
8.750000000000002220e-01,8.618468644557026437e+00,1.223144000390047914e+01,-1.619672774518777364e-02,8.800870282258056038e-03,1.279686577038410711e+01,4.131127421061673438e-02,1.410358184938525217e-01
8.766666666666668162e-01,8.595750840416103600e+00,1.225276528934856657e+01,-1.594173347195008972e-02,9.030547618455684114e-03,1.279518774210367660e+01,3.652254139199102856e-02,1.346033448371592722e-01
8.783333333333335213e-01,8.572984841925171295e+00,1.227408779214642998e+01,-1.568981892633237660e-02,9.249635324765231176e-03,1.279350979011694633e+01,3.190371389751883724e-02,1.283278769938500097e-01
8.800000000000002265e-01,8.550172463922814714e+00,1.229540751496068296e+01,-1.544092870059134669e-02,9.458393135771889226e-03,1.279183203023539939e+01,2.745056238608509919e-02,1.222070768595231449e-01
8.816666666666668206e-01,8.527315479738069470e+00,1.231672446037212332e+01,-1.519500881878058964e-02,9.657076850962375766e-03,1.279015456815726282e+01,2.315889832154198469e-02,1.162385613999420003e-01
8.833333333333335258e-01,8.504415621565739158e+00,1.233803863087852370e+01,-1.495200675373179779e-02,9.845938264376092458e-03,1.278847750002846162e+01,1.902457698557169508e-02,1.104199078741545104e-01
8.850000000000002309e-01,8.481474580869932112e+00,1.235935002889737255e+01,-1.471187144069343623e-02,1.002522510250975635e-02,1.278680091298443955e+01,1.504350030033405061e-02,1.047486588973564059e-01
8.866666666666668251e-01,8.458494008816797916e+00,1.238065865676852262e+01,-1.447455328744812024e-02,1.019518097083457753e-02,1.278512488567272420e+01,1.121161944894100843e-02,9.922232732775886077e-02
8.883333333333335302e-01,8.435475516731724355e+00,1.240196451675676137e+01,-1.424000418137735813e-02,1.035604530799461888e-02,1.278344948875615295e+01,7.524937309202071704e-03,9.383840098097888383e-02
8.900000000000002354e-01,8.412420676581847445e+00,1.242326761105430855e+01,-1.400817749330969704e-02,1.050805334802774882e-02,1.278177478539677558e+01,3.979510689990166904e-03,8.859434715808726934e-02
8.916666666666668295e-01,8.389331021479177863e+00,1.244456794178322490e+01,-1.377902807861509753e-02,1.065143608966506727e-02,1.278010083172049605e+01,5.714523869426095352e-04,8.348761699348078436e-02
8.933333333333335347e-01,8.366208046205381166e+00,1.246586551099774631e+01,-1.355251227539528910e-02,1.078642027303297439e-02,1.277842767726258444e+01,-2.703066951966563367e-03,7.851564961041176960e-02
8.950000000000002398e-01,8.343053207753570177e+00,1.248716032068652559e+01,-1.332858790022135517e-02,1.091322836281475618e-02,1.277675536539431000e+01,-5.847817133373538721e-03,7.367587609263356874e-02
8.966666666666668339e-01,8.319867925888145166e+00,1.250845237277481381e+01,-1.310721424128067497e-02,1.103207853817956066e-02,1.277508393373081752e+01,-8.866506906381467837e-03,6.896572326155396560e-02
8.983333333333335391e-01,8.296653583718237357e+00,1.252974166912653509e+01,-1.288835204936935111e-02,1.114318468854617189e-02,1.277341341452072143e+01,-1.176278261314424659e-02,6.438261726925598172e-02
9.000000000000002442e-01,8.273411528285773642e+00,1.255102821154630632e+01,-1.267196352660570832e-02,1.124675641546839071e-02,1.277174383501756694e+01,-1.454022700946487959e-02,5.992398699835366216e-02
9.000000000000002442e-01,8.273411528285773642e+00,1.255102821154630632e+01,-1.267196352660570832e-02,1.124675641546839071e-02,1.277174383501756694e+01,-1.454022700946487959e-02,5.992398699835366216e-02
9.016666666666669494e-01,8.250189592599740607e+00,1.257230673542479416e+01,-1.245128970712231289e-02,1.135216875794887656e-02,1.276384721877098194e+01,-9.178974111869566896e-03,6.655961484645236959e-02
9.033333333333335435e-01,8.227034017363370921e+00,1.259357197461604372e+01,-1.221955873146012006e-02,1.146858444922821060e-02,1.275595187959376098e+01,-3.922898784772740899e-03,7.312801481474638654e-02
9.050000000000002487e-01,8.203943737194153485e+00,1.261482392852295575e+01,-1.197671514398466856e-02,1.159589149289362055e-02,1.274805795434803635e+01,1.229204881032833077e-03,7.962924925583002300e-02
9.066666666666669538e-01,8.180917690561740230e+00,1.263606259647645302e+01,-1.172270429688291801e-02,1.173397800794178172e-02,1.274016557453533061e+01,6.278533863072983078e-03,8.606339431047033139e-02
9.083333333333335480e-01,8.157954820054589717e+00,1.265728797773465075e+01,-1.145747235603111931e-02,1.188273225168868033e-02,1.273227486636173111e+01,1.122627659959346200e-02,9.243053980110844947e-02
9.100000000000002531e-01,8.135054072640210521e+00,1.267850007148197555e+01,-1.118096630573970664e-02,1.204204264247488339e-02,1.272438595080542356e+01,1.607361335516382592e-02,9.873078911196569996e-02
9.116666666666669583e-01,8.112214399918913799e+00,1.269969887682827014e+01,-1.089313395243766622e-02,1.221179778216036939e-02,1.271649894368644063e+01,2.082171656036248611e-02,1.049642590561384453e-01
9.133333333333335524e-01,8.089434758371059075e+00,1.272088439280786965e+01,-1.059392392734420651e-02,1.239188647838047538e-02,1.270861395573854402e+01,2.547175112642622793e-02,1.111310797304024267e-01
9.150000000000002576e-01,8.066714109597707960e+00,1.274205661837866543e+01,-1.028328568817765340e-02,1.258219776655964718e-02,1.270073109268314049e+01,3.002487473599266266e-02,1.172313943582185547e-01
9.166666666666669627e-01,8.044051420554607645e+00,1.276321555242115124e+01,-9.961169519950956175e-03,1.278262093164940841e-02,1.269285045530509315e+01,3.448223811056151666e-02,1.232653591215918110e-01
9.183333333333335569e-01,8.021445663779381618e+00,1.278436119373747282e+01,-9.627526534899498792e-03,1.299304552957604789e-02,1.268497213953032698e+01,3.884498525571100647e-02,1.292331429824069289e-01
9.200000000000002620e-01,7.998895817612062586e+00,1.280549354105045801e+01,-9.282308671586742346e-03,1.321336140838731341e-02,1.267709623650512007e+01,4.311425368501269062e-02,1.351349274937526657e-01
9.216666666666668561e-01,7.976400866408679846e+00,1.282661259300266110e+01,-8.925468693230373049e-03,1.344345872908578321e-02,1.266922283267701310e+01,4.729117462352264850e-02,1.409709066017360291e-01
9.233333333333335613e-01,7.953959800748132025e+00,1.284771834815539648e+01,-8.556960185286826420e-03,1.368322798612033389e-02,1.266135200987719145e+01,5.137687319160993971e-02,1.467412864385014559e-01
9.250000000000002665e-01,7.931571617631879789e+00,1.286881080498777941e+01,-8.176737552311066567e-03,1.393256002747338997e-02,1.265348384540416227e+01,5.537246856987060317e-02,1.524462851078588754e-01
9.266666666666668606e-01,7.909235320676991421e+00,1.288988996189578629e+01,-7.784756014196806372e-03,1.419134607444630901e-02,1.264561841210873183e+01,5.927907414619520282e-02,1.580861324621068986e-01
9.283333333333335657e-01,7.886949920302285477e+00,1.291095581719132213e+01,-7.380971601819504013e-03,1.445947774105423023e-02,1.263775577848001497e+01,6.309779764560201343e-02,1.636610698716990386e-01
9.300000000000002709e-01,7.864714433907733948e+00,1.293200836910128970e+01,-6.965341152078392307e-03,1.473684705307169891e-02,1.262989600873269325e+01,6.682974124409109262e-02,1.691713499877121607e-01
9.316666666666668650e-01,7.842527886046575247e+00,1.295304761576669250e+01,-6.537822302358903964e-03,1.502334646659023859e-02,1.262203916289506722e+01,7.047600166658474219e-02,1.746172364995550730e-01
9.333333333333335702e-01,7.820389308590579347e+00,1.297407355524173234e+01,-6.098373484477512610e-03,1.531886888616545289e-02,1.261418529689792933e+01,7.403767027006870338e-02,1.799990038871362996e-01
9.350000000000002753e-01,7.798297740888800789e+00,1.299508618549295669e+01,-5.646953918286390199e-03,1.562330768262575227e-02,1.260633446266391466e+01,7.751583311286661115e-02,1.853169371659054709e-01
9.366666666666668695e-01,7.776252229919677461e+00,1.301608550439841316e+01,-5.183523604756535424e-03,1.593655671049868522e-02,1.259848670819798144e+01,8.091157101101875693e-02,1.905713316266188784e-01
9.383333333333335746e-01,7.754251830435624271e+00,1.303707150974681461e+01,-4.708043318556321376e-03,1.625851032481756900e-02,1.259064207767810295e+01,8.422595958137450711e-02,1.957624925743969846e-01
9.400000000000002798e-01,7.732295605101155545e+00,1.305804419923673976e+01,-4.220474600356930069e-03,1.658906339755734927e-02,1.258280061154618146e+01,8.746006927304414424e-02,2.008907350624552224e-01
9.416666666666668739e-01,7.710382624624877224e+00,1.307900357047588003e+01,-3.720779748915529865e-03,1.692811133376081328e-02,1.257496234659934586e+01,9.061496538844023008e-02,2.059563836193119279e-01
9.433333333333335791e-01,7.688511967884487319e+00,1.309994962098028815e+01,-3.208921812615514804e-03,1.727555008711752563e-02,1.256712731608200961e+01,9.369170809318631832e-02,2.109597719754043310e-01
9.450000000000002842e-01,7.666682722044512843e+00,1.312088234817363919e+01,-2.684864580700442073e-03,1.763127617491010851e-02,1.255929554977736018e+01,9.669135241553945825e-02,2.159012427910530496e-01
9.466666666666668783e-01,7.644893982668650168e+00,1.314180174938658041e+01,-2.148572574605785331e-03,1.799518669278770550e-02,1.255146707409865492e+01,9.961494823856653635e-02,2.207811473750802556e-01
9.483333333333335835e-01,7.623144853825529310e+00,1.316270782185606691e+01,-1.600011038699311692e-03,1.836717932902626194e-02,1.254364191218170177e+01,1.024635402825211233e-01,2.255998454034274514e-01
9.500000000000002887e-01,7.601434448186861204e+00,1.318360056272469727e+01,-1.039145930727942632e-03,1.874715237799521109e-02,1.253582008397597392e+01,1.052381680779583273e-01,2.303577046445682008e-01
9.500000000000001776e-01,7.601434448186861204e+00,1.318360056272469727e+01,-1.039145930727942632e-03,1.874715237799521109e-02,1.253582008397597392e+01,1.052381680779583273e-01,2.303577046445682008e-01
9.516666666666668828e-01,7.579762305461052563e+00,1.320447980193990922e+01,-4.658997850081581199e-04,1.913506863076223571e-02,1.252780199632091218e+01,1.079968144493859833e-01,2.351328669481978773e-01
9.533333333333334769e-01,7.558127998974084605e+00,1.322534536825327933e+01,1.198106118726391780e-04,1.953089891443810303e-02,1.251978645685221281e+01,1.106878471403012071e-01,2.398545932236729183e-01
9.550000000000001821e-01,7.536530703880638171e+00,1.324619725686843452e+01,7.180269030299051653e-04,1.993455442758881521e-02,1.251177348605757800e+01,1.133121765351659122e-01,2.445231945291602704e-01
9.566666666666668872e-01,7.514969602778547753e+00,1.326703546289025759e+01,1.328790079465895935e-03,2.034594689043213098e-02,1.250376310216231879e+01,1.158707057334145835e-01,2.491389856221987720e-01
9.583333333333334814e-01,7.493443885762978596e+00,1.328785998132491564e+01,1.952140483883798260e-03,2.076498855080478878e-02,1.249575532118474719e+01,1.183643306645942306e-01,2.537022848584409296e-01
9.600000000000001865e-01,7.471952750476848593e+00,1.330867080707991690e+01,2.588117814658457902e-03,2.119159218990329316e-02,1.248775015699051671e+01,1.207939401930137047e-01,2.582134140890054441e-01
9.616666666666668917e-01,7.450495402159692304e+00,1.332946793496423510e+01,3.236761129742730340e-03,2.162567112836411010e-02,1.247974762134743365e+01,1.231604162160458149e-01,2.626726985460905439e-01
9.633333333333334858e-01,7.429071053690707416e+00,1.335025135968835208e+01,3.898108851344529550e-03,2.206713923154351303e-02,1.247174772398068576e+01,1.254646337553768642e-01,2.670804667377393304e-01
9.650000000000001910e-01,7.407678925629355149e+00,1.337102107586435729e+01,4.572198770436351409e-03,2.251591091486981541e-02,1.246375047262668012e+01,1.277074610394825227e-01,2.714370503365317600e-01
9.666666666666668961e-01,7.386318246253766873e+00,1.339177707800609873e+01,5.259068051416041986e-03,2.297190114933556765e-02,1.245575587308806398e+01,1.298897595819471784e-01,2.757427840598557500e-01
9.683333333333334902e-01,7.364988251592984980e+00,1.341251936052923277e+01,5.958753237468123951e-03,2.343502546603404985e-02,1.244776392928799247e+01,1.320123842517345603e-01,2.799980055638683352e-01
9.700000000000001954e-01,7.343688185458743689e+00,1.343324791775140703e+01,6.671290255365568828e-03,2.390519996128286778e-02,1.243977464332342819e+01,1.340761833378991130e-01,2.842030553214219268e-01
9.716666666666669006e-01,7.322417299472746777e+00,1.345396274389239544e+01,7.396714420998550671e-03,2.438234130119524418e-02,1.243178801551992763e+01,1.360819986101927115e-01,2.883582765050414221e-01
9.733333333333334947e-01,7.301174853089746009e+00,1.347466383307421189e+01,8.135060444944958863e-03,2.486636672580016041e-02,1.242380404448419640e+01,1.380306653719066412e-01,2.924640148756765257e-01
9.750000000000001998e-01,7.279960113620296269e+00,1.349535117932135364e+01,8.886362437734746100e-03,2.535719405372957591e-02,1.241582272715742974e+01,1.399230125106915301e-01,2.965206186540563227e-01
9.766666666666667940e-01,7.258772356246831592e+00,1.351602477656090429e+01,9.650653916072043231e-03,2.585474168572802350e-02,1.240784405886843977e+01,1.417598625424170422e-01,3.005284384123870778e-01
9.783333333333334991e-01,7.237610864039822900e+00,1.353668461862278782e+01,1.042796780819832923e-02,2.635892860881223695e-02,1.239986803338481280e+01,1.435420316520057971e-01,3.044878269486090416e-01
9.800000000000002043e-01,7.216474927969297681e+00,1.355733069923997469e+01,1.121833646014699752e-02,2.686967439980179895e-02,1.239189464296618937e+01,1.452703297306321140e-01,3.083991391678075344e-01
9.816666666666667984e-01,7.195363846913210182e+00,1.357796301204865586e+01,1.202179164170421796e-02,2.738689922853917297e-02,1.238392387841422781e+01,1.469455604071388810e-01,3.122627319689522674e-01
9.833333333333335036e-01,7.174276927664880787e+00,1.359858155058859097e+01,1.283836455228881158e-02,2.791052386152308856e-02,1.237595572912431763e+01,1.485685210794865374e-01,3.160789641151890983e-01
9.850000000000002087e-01,7.153213484934504152e+00,1.361918630830322385e+01,1.366808582758543937e-02,2.844046966438022045e-02,1.236799018313570819e+01,1.501400029385041301e-01,3.198481961287945041e-01
9.866666666666668029e-01,7.132172841351561487e+00,1.363977727854010880e+01,1.451098554513974466e-02,2.897665860525761722e-02,1.236002722718068547e+01,1.516607909936099341e-01,3.235707901593491975e-01
9.883333333333335080e-01,7.111154327461058244e+00,1.366035445455105979e+01,1.536709323130646537e-02,2.951901325694727615e-02,1.235206684673490329e+01,1.531316640910405924e-01,3.272471098777113285e-01
9.900000000000002132e-01,7.090157281719921656e+00,1.368091782949256086e+01,1.623643786691346055e-02,3.006745679967965518e-02,1.234410902606424187e+01,1.545533949335107793e-01,3.308775203516006180e-01
9.916666666666668073e-01,7.069181050489088847e+00,1.370146739642602896e+01,1.711904789414580783e-02,3.062191302316651792e-02,1.233615374827476607e+01,1.559267500950404783e-01,3.344623879321625970e-01
9.933333333333335124e-01,7.048224988023708448e+00,1.372200314831815149e+01,1.801495122251272479e-02,3.118230632866373156e-02,1.232820099535783420e+01,1.572524900344197674e-01,3.380020801412869647e-01
9.950000000000002176e-01,7.027288456461366906e+00,1.374252507804128776e+01,1.892417523544364516e-02,3.174856173095666478e-02,1.232025074823875244e+01,1.585313691080350584e-01,3.414969655505836199e-01
9.966666666666668117e-01,7.006370825806609304e+00,1.376303317837373719e+01,1.984674679664770805e-02,3.232060485976621239e-02,1.231230298682093860e+01,1.597641355777268957e-01,3.449474136789359990e-01
9.983333333333335169e-01,6.985471473915072949e+00,1.378352744200026514e+01,2.078269225634717110e-02,3.289836196156747244e-02,1.230435769003244317e+01,1.609515316222446257e-01,3.483537948677242757e-01
1.000000000000000222e+00,6.964589786473165844e+00,1.380400786151232850e+01,2.173203745797856398e-02,3.348175990049291617e-02,1.229641483586970097e+01,1.620942933406762931e-01,3.517164801844250288e-01
1.000000000000000222e+00,6.964589786473165844e+00,1.380400786151232850e+01,2.173203745797856398e-02,3.348175990049291617e-02,1.229641483586970097e+01,1.620942933406762931e-01,3.517164801844250288e-01
1.001666666666666927e+00,6.943725303777679159e+00,1.382447432134859966e+01,2.269481280915858212e-02,3.407073791616313518e-02,1.228834494573469804e+01,1.632038604124997905e-01,3.550504141522722312e-01
1.003333333333333632e+00,6.922877583491246156e+00,1.384492670532112335e+01,2.367105062234667323e-02,3.466523895875723432e-02,1.228027706339027070e+01,1.642722482685378960e-01,3.583441680264351503e-01
1.005000000000000115e+00,6.902046048548992729e+00,1.386536500494362301e+01,2.466077885282792759e-02,3.526519633889417527e-02,1.227221116973442072e+01,1.653001187177589038e-01,3.615980746359465092e-01
1.006666666666666821e+00,6.881230128982075200e+00,1.388578921163919588e+01,2.566402496798948427e-02,3.587054392155587107e-02,1.226414724502664377e+01,1.662881274321743597e-01,3.648124664670966411e-01
1.008333333333333526e+00,6.860429261890804042e+00,1.390619931674102183e+01,2.668081595202154502e-02,3.648121612563341026e-02,1.225608526891954142e+01,1.672369239972362198e-01,3.679876756040311725e-01
1.010000000000000231e+00,6.839642891415433468e+00,1.392659531149289087e+01,2.771117831056479561e-02,3.709714792298789837e-02,1.224802522048716114e+01,1.681471519541704318e-01,3.711240336856012068e-01
1.011666666666666936e+00,6.818870468707064703e+00,1.394697718704997769e+01,2.875513807529850308e-02,3.771827483797288161e-02,1.223996707825535424e+01,1.690194488468665379e-01,3.742218718432333557e-01
1.013333333333333641e+00,6.798111451895501034e+00,1.396734493447932657e+01,2.981272080879072972e-02,3.834453294617495844e-02,1.223191082022952259e+01,1.698544462605744432e-01,3.772815206619528072e-01
1.015000000000000124e+00,6.777365306058040773e+00,1.398769854476068275e+01,3.088395160897063410e-02,3.897585887387791659e-02,1.222385642392363359e+01,1.706527698657376302e-01,3.803033101165861907e-01
1.016666666666666829e+00,6.756631503184664211e+00,1.400803800878695426e+01,3.196885511410570146e-02,3.961218979655669464e-02,1.221580386638726701e+01,1.714150394534680877e-01,3.832875695358329837e-01
1.018333333333333535e+00,6.735909522144698514e+00,1.402836331736508946e+01,3.306745550720274762e-02,4.025346343822239908e-02,1.220775312423337233e+01,1.721418689768397792e-01,3.862346275381660088e-01
1.020000000000000240e+00,6.715198848649709618e+00,1.404867446121651753e+01,3.417977652103481451e-02,4.089961806973228808e-02,1.219970417366446647e+01,1.728338665834821264e-01,3.891448119981389953e-01
1.021666666666666945e+00,6.694498975218003523e+00,1.406897143097807223e+01,3.530584144251968509e-02,4.155059250796477865e-02,1.219165699049927909e+01,1.734916346548131538e-01,3.920184499830536295e-01
1.023333333333333650e+00,6.673809401135564201e+00,1.408925421720242355e+01,3.644567311771730600e-02,4.220632611400289280e-02,1.218361155019789521e+01,1.741157698360827344e-01,3.948558677208311440e-01
1.025000000000000133e+00,6.653129632418302464e+00,1.410952281035901024e+01,3.759929395624099502e-02,4.286675879209116136e-02,1.217556782788746261e+01,1.747068630739213591e-01,3.976573905384439001e-01
1.026666666666666838e+00,6.632459181771388046e+00,1.412977720083450528e+01,3.876672593614104850e-02,4.353183098775159632e-02,1.216752579838609627e+01,1.752654996442304658e-01,4.004233428305770670e-01
1.028333333333333544e+00,6.611797568549306447e+00,1.415001737893374312e+01,3.994799060841303789e-02,4.420148368647124765e-02,1.215948543622782196e+01,1.757922591882388474e-01,4.031540480010106231e-01
1.030000000000000249e+00,6.591144318713826777e+00,1.417024333488020460e+01,4.114310910167769120e-02,4.487565841181461596e-02,1.215144671568503298e+01,1.762877157388077765e-01,4.058498284309375315e-01
1.031666666666666954e+00,6.570498964791834595e+00,1.419045505881693181e+01,4.235210212685470987e-02,4.555429722378827317e-02,1.214340961079285108e+01,1.767524377548667092e-01,4.085110054249490585e-01
1.033333333333333659e+00,6.549861045832251705e+00,1.421065254080708584e+01,4.357498998156141001e-02,4.623734271700900844e-02,1.213537409537004130e+01,1.771869881470631569e-01,4.111378991772354774e-01
1.035000000000000142e+00,6.529230107361744473e+00,1.423083577083478701e+01,4.481179255496962194e-02,4.692473801872551475e-02,1.212734014304271923e+01,1.775919243100683997e-01,4.137308287240152871e-01
1.036666666666666847e+00,6.508605701340588467e+00,1.425100473880576679e+01,4.606252933195779942e-02,4.761642678702067422e-02,1.211930772726396199e+01,1.779677981484055482e-01,4.162901119070384626e-01
1.038333333333333552e+00,6.487987386116678579e+00,1.427115943454814584e+01,4.732721939804809819e-02,4.831235320856976101e-02,1.211127682133658112e+01,1.783151561066712021e-01,4.188160653318178661e-01
1.040000000000000258e+00,6.467374726380199945e+00,1.429129984781315876e+01,4.860588144340270006e-02,4.901246199680135696e-02,1.210324739843164465e+01,1.786345391956661033e-01,4.213090043298799992e-01
1.041666666666666963e+00,6.446767293116216990e+00,1.431142596827589131e+01,4.989853376775699179e-02,4.971669838946612963e-02,1.209521943161020019e+01,1.789264830209555956e-01,4.237692429214797163e-01
1.043333333333333446e+00,6.426164663558299850e+00,1.433153778553605484e+01,5.120519428431209719e-02,5.042500814671029702e-02,1.208719289384080575e+01,1.791915178092431116e-01,4.261970937778767343e-01
1.045000000000000151e+00,6.405566421139774036e+00,1.435163528911869690e+01,5.252588052461354406e-02,5.113733754850223467e-02,1.207916775802014087e+01,1.794301684357290927e-01,4.285928681874978108e-01
1.046666666666666856e+00,6.384972155446334341e+00,1.437171846847501655e+01,5.386060964236809301e-02,5.185363339259442539e-02,1.207114399698959772e+01,1.796429544506218945e-01,4.309568760192104553e-01
1.048333333333333561e+00,6.364381462166324610e+00,1.439178731298305713e+01,5.520939841823972738e-02,5.257384299183694848e-02,1.206312158355477671e+01,1.798303901056012288e-01,4.332894256914009978e-01
1.050000000000000266e+00,6.343793943042197014e+00,1.441184181194855007e+01,5.657226326362652102e-02,5.329791417200349657e-02,1.205510049050128885e+01,1.799929843808101004e-01,4.355908241362073108e-01
1.050000000000000266e+00,6.343793943042197014e+00,1.441184181194855007e+01,5.657226326362652102e-02,5.329791417200349657e-02,1.205510049050128885e+01,1.799929843808101004e-01,4.355908241362073108e-01
1.051666666666666972e+00,6.323209260336376758e+00,1.443188188714820086e+01,5.794921290708638512e-02,5.402579026122085459e-02,1.204699935735294503e+01,1.801270291596995254e-01,4.378555550981658162e-01
1.053333333333333677e+00,6.302627086182091887e+00,1.445190746006097626e+01,5.934025654122884047e-02,5.475741634231597738e-02,1.203889931929355406e+01,1.802382105111994259e-01,4.400908619703454150e-01
1.055000000000000160e+00,6.282047045869628477e+00,1.447191851944114127e+01,6.074541072699687905e-02,5.549274361253665744e-02,1.203080035199516473e+01,1.803269960250362958e-01,4.422970293128049013e-01
1.056666666666666865e+00,6.261468770292221819e+00,1.449191505397532609e+01,6.216469166525758622e-02,5.623172374194887468e-02,1.202270243118425874e+01,1.803938483145643978e-01,4.444743400326024441e-01
1.058333333333333570e+00,6.240891895897647146e+00,1.451189705228356530e+01,6.359811520041089294e-02,5.697430887077976902e-02,1.201460553265382813e+01,1.804392250572682266e-01,4.466230753596038827e-01
1.060000000000000275e+00,6.220316064639781928e+00,1.453186450291988585e+01,6.504569682403879560e-02,5.772045160660671526e-02,1.200650963227481860e+01,1.804635790248291793e-01,4.487435148417712738e-01
1.061666666666666980e+00,6.199740923929237368e+00,1.455181739437328581e+01,6.650745167876004338e-02,5.847010502138928062e-02,1.199841470600824955e+01,1.804673581230210322e-01,4.508359363261168484e-01
1.063333333333333686e+00,6.179166126585194263e+00,1.457175571506845557e+01,6.798339456148137783e-02,5.922322264891478893e-02,1.199032072991510134e+01,1.804510054224347793e-01,4.529006159480149507e-01
1.065000000000000169e+00,6.158591330785302631e+00,1.459167945336661099e+01,6.947353992746078954e-02,5.997975848155173706e-02,1.198222768016835893e+01,1.804149591954797571e-01,4.549378281207184793e-01
1.066666666666666874e+00,6.138016200017514024e+00,1.461158859756635664e+01,7.097790189331981692e-02,6.073966696780479929e-02,1.197413553306177825e+01,1.803596529491719724e-01,4.569478455191018917e-01
1.068333333333333579e+00,6.117440403029696938e+00,1.463148313590438221e+01,7.249649424113913110e-02,6.150290300895867868e-02,1.196604426502143781e+01,1.802855154586869013e-01,4.589309390760676344e-01
1.070000000000000284e+00,6.096863613781192015e+00,1.465136305655645010e+01,7.402933042138108710e-02,6.226942195660128965e-02,1.195795385261375721e+01,1.801929708024778698e-01,4.608873779628103740e-01
1.071666666666666989e+00,6.076285511392473637e+00,1.467122834763798700e+01,7.557642355689224434e-02,6.303917960927965525e-02,1.194986427255631334e+01,1.800824383927131511e-01,4.628174295897884982e-01
1.073333333333333695e+00,6.055705780096310775e+00,1.469107899720514965e+01,7.713778644582627853e-02,6.381213220990916701e-02,1.194177550172531355e+01,1.799543330121648188e-01,4.647213595859275848e-01
1.075000000000000178e+00,6.035124109187734120e+00,1.471091499325536667e+01,7.871343156548771258e-02,6.458823644250168139e-02,1.193368751716556275e+01,1.798090648425287319e-01,4.665994318017472331e-01
1.076666666666666883e+00,6.014540192974717314e+00,1.473073632372842567e+01,8.030337107530358121e-02,6.536744942942593339e-02,1.192560029609752803e+01,1.796470395021204647e-01,4.684519082897555808e-01
1.078333333333333588e+00,5.993953730728513563e+00,1.475054297650700974e+01,8.190761682045950842e-02,6.614972872824415040e-02,1.191751381592634829e+01,1.794686580730849024e-01,4.702790493077229628e-01
1.080000000000000293e+00,5.973364426634041990e+00,1.477033493941777209e+01,8.352618033496385375e-02,6.693503232879964571e-02,1.190942805424863593e+01,1.792743171391745216e-01,4.720811133018827377e-01
1.081666666666666998e+00,5.952771989740551106e+00,1.479011220023189566e+01,8.515907284504049823e-02,6.772331865018410557e-02,1.190134298886045450e+01,1.790644088125200317e-01,4.738583569091253112e-01
1.083333333333333703e+00,5.932176133911791993e+00,1.480987474666613046e+01,8.680630527230179250e-02,6.851454653765272351e-02,1.189325859776393735e+01,1.788393207710112232e-01,4.756110349438118501e-01
1.085000000000000187e+00,5.911576577777079677e+00,1.482962256638339404e+01,8.846788823690189540e-02,6.930867525971090570e-02,1.188517485917423144e+01,1.785994362851768547e-01,4.773394003983579270e-01
1.086666666666666892e+00,5.890973044681359738e+00,1.484935564699375377e+01,9.014383206079597255e-02,7.010566450489034984e-02,1.187709175152593666e+01,1.783451342547207608e-01,4.790437044338951011e-01
1.088333333333333597e+00,5.870365262636560999e+00,1.486907397605508763e+01,9.183414677068663101e-02,7.090547437891989158e-02,1.186900925347909386e+01,1.780767892359933491e-01,4.807241963791633044e-01
1.090000000000000302e+00,5.849752964271750955e+00,1.488877754107399909e+01,9.353884210133033006e-02,7.170806540140971241e-02,1.186092734392538617e+01,1.777947714773243648e-01,4.823811237248960548e-01
1.091666666666667007e+00,5.829135886784847287e+00,1.490846632950652939e+01,9.525792749831821227e-02,7.251339850306476320e-02,1.185284600199327443e+01,1.774994469474433234e-01,4.840147321212123210e-01
1.093333333333333712e+00,5.808513771892855004e+00,1.492814032875902441e+01,9.699141212138828738e-02,7.332143502232460475e-02,1.184476520705390890e+01,1.771911773693739256e-01,4.856252653753905801e-01
1.095000000000000195e+00,5.787886365783865728e+00,1.494779952618889141e+01,9.873930484708062782e-02,7.413213670258134158e-02,1.183668493872549909e+01,1.768703202500213345e-01,4.872129654480995553e-01
1.096666666666666901e+00,5.767253419067699838e+00,1.496744390910540012e+01,1.005016142720183275e-01,7.494546568881638171e-02,1.182860517687889867e+01,1.765372289125183014e-01,4.887780724541198607e-01
1.098333333333333606e+00,5.746614686727991028e+00,1.498707346477050883e+01,1.022783487154712151e-01,7.576138452479246055e-02,1.182052590164129136e+01,1.761922525270676887e-01,4.903208246578167895e-01
1.100000000000000311e+00,5.725969928073407544e+00,1.500668818039958907e+01,1.040695162225751674e-01,7.657985614972336041e-02,1.181244709340141874e+01,1.758357361416500175e-01,4.918414584764018715e-01
1.100000000000000311e+00,5.725969928073407544e+00,1.500668818039958907e+01,1.040695162225751674e-01,7.657985614972336041e-02,1.181244709340141874e+01,1.758357361416500175e-01,4.918414584764018715e-01
1.101666666666667016e+00,5.705318932581178615e+00,1.502628800230649375e+01,1.058751155331355276e-01,7.740083593751197200e-02,1.180431900315912763e+01,1.754611370384724367e-01,4.933307334869124761e-01
1.103333333333333721e+00,5.684661495733500658e+00,1.504587287667453666e+01,1.076951453748078852e-01,7.822428014593935108e-02,1.179619126877351043e+01,1.750761749055179117e-01,4.947988007105958985e-01
1.105000000000000204e+00,5.663997392120776908e+00,1.506544279045689727e+01,1.095296133679987544e-01,7.905015361552009123e-02,1.178806387280311441e+01,1.746811714752954658e-01,4.962458840073736277e-01
1.106666666666666909e+00,5.643326400375077156e+00,1.508499773056463233e+01,1.113785268657264405e-01,7.987842155828872581e-02,1.177993679807350702e+01,1.742764446174861204e-01,4.976722054229989478e-01
1.108333333333333615e+00,5.622648303124375246e+00,1.510453768386756579e+01,1.132418929560739945e-01,8.070904955492964883e-02,1.177181002767900431e+01,1.738623083725852891e-01,4.990779851885636109e-01
1.110000000000000320e+00,5.601962886946648013e+00,1.512406263719487853e+01,1.151197184651061856e-01,8.154200355160649838e-02,1.176368354498611346e+01,1.734390729806119247e-01,5.004634417322694206e-01
1.111666666666667025e+00,5.581269942324425415e+00,1.514357257733608719e+01,1.170120099592416585e-01,8.237724985706461334e-02,1.175555733363452227e+01,1.730070449167701030e-01,5.018287916768529033e-01
1.113333333333333730e+00,5.560569263599578704e+00,1.516306749104159124e+01,1.189187737480426610e-01,8.321475513958274950e-02,1.174743137754024325e+01,1.725665269181818062e-01,5.031742498524397478e-01
1.115000000000000213e+00,5.539860648928158326e+00,1.518254736502365709e+01,1.208400158866313329e-01,8.405448642397125858e-02,1.173930566089634375e+01,1.721178180202429797e-01,5.045000292951329346e-01
1.116666666666666918e+00,5.519143900235910394e+00,1.520201218595695636e+01,1.227757421782988967e-01,8.489641108867038155e-02,1.173118016817555898e+01,1.716612135824114871e-01,5.058063412590685370e-01
1.118333333333333623e+00,5.498418823173423675e+00,1.522146194047952328e+01,1.247259581769987469e-01,8.574049686263915393e-02,1.172305488413095631e+01,1.711970053244742662e-01,5.070933952173961590e-01
1.120000000000000329e+00,5.477685227072335294e+00,1.524089661519332850e+01,1.266906691897600190e-01,8.658671182259482235e-02,1.171492979379789290e+01,1.707254813521406900e-01,5.083613988725791399e-01
1.121666666666667034e+00,5.456942924900872072e+00,1.526031619666517258e+01,1.286698802792536345e-01,8.743502438981987090e-02,1.170680488249472972e+01,1.702469261924891564e-01,5.096105581603469492e-01
1.123333333333333739e+00,5.436191733220766764e+00,1.527972067142731483e+01,1.306635962660345207e-01,8.828540332750060837e-02,1.169868013582409283e+01,1.697616208201218335e-01,5.108410772579018433e-01
1.125000000000000222e+00,5.415431472143250602e+00,1.529911002597829217e+01,1.326718217311437520e-01,8.913781773751071336e-02,1.169055553967367622e+01,1.692698426910641818e-01,5.120531585908786321e-01
1.126666666666666927e+00,5.394661965286484673e+00,1.531848424678360843e+01,1.346945610182264663e-01,8.999223705778693072e-02,1.168243108021683341e+01,1.687718657701564040e-01,5.132470028395768047e-01
1.128333333333333632e+00,5.373883039732305633e+00,1.533784332027648212e+01,1.367318182361207946e-01,9.084863105915556847e-02,1.167430674391345846e+01,1.682679605628350505e-01,5.144228089485888278e-01
1.130000000000000338e+00,5.353094525984058549e+00,1.535718723285858722e+01,1.387835972609030022e-01,9.170696984268499052e-02,1.166618251750995405e+01,1.677583941442127857e-01,5.155807741314785142e-01
1.131666666666667043e+00,5.332296257924070915e+00,1.537651597090072819e+01,1.408499017384159946e-01,9.256722383661131204e-02,1.165805838804016581e+01,1.672434301884449803e-01,5.167210938825029798e-01
1.133333333333333748e+00,5.311488072771894053e+00,1.539582952074364819e+01,1.429307350862857040e-01,9.342936379362429267e-02,1.164993434282480678e+01,1.667233289996284396e-01,5.178439619803303362e-01
1.135000000000000231e+00,5.290669811042644000e+00,1.541512786869861884e+01,1.450261004963544764e-01,9.429336078792581455e-02,1.164181036947238290e+01,1.661983475388094378e-01,5.189495705011668569e-01
1.136666666666666936e+00,5.269841316505583961e+00,1.543441100104830355e+01,1.471360009366961541e-01,9.515918621243275866e-02,1.163368645587816808e+01,1.656687394564479721e-01,5.200381098221703580e-01
1.138333333333333641e+00,5.249002436143303640e+00,1.545367890404729572e+01,1.492604391539385233e-01,9.602681177597162387e-02,1.162556259022504257e+01,1.651347551175182393e-01,5.211097686352708092e-01
1.140000000000000346e+00,5.228153020110724469e+00,1.547293156392299984e+01,1.513994176752864740e-01,9.689620950041195890e-02,1.161743876098215722e+01,1.645966416349088357e-01,5.221647339509321029e-01
1.141666666666667052e+00,5.207292921695046317e+00,1.549216896687615019e+01,1.535529388107310933e-01,9.776735171797674984e-02,1.160931495690556403e+01,1.640546428933513656e-01,5.232031911119743306e-01
1.143333333333333535e+00,5.186421997275299844e+00,1.551139109908167946e+01,1.557210046550877303e-01,9.864021106832683572e-02,1.160119116703670628e+01,1.635089995830500131e-01,5.242253237983118819e-01
1.145000000000000240e+00,5.165540106282975330e+00,1.553059794668923921e+01,1.579036170900803282e-01,9.951476049597841878e-02,1.159306738070274356e+01,1.629599492230036917e-01,5.252313140401264624e-01
1.146666666666666945e+00,5.144647111162147013e+00,1.554978949582405612e+01,1.601007777864085213e-01,1.003909732473459715e-01,1.158494358751499043e+01,1.624077261943910333e-01,5.262213422241007743e-01
1.148333333333333650e+00,5.123742877330840884e+00,1.556896573258744532e+01,1.623124882057029317e-01,1.012688228682548652e-01,1.157681977736885770e+01,1.618525617637431580e-01,5.271955871055054033e-01
1.150000000000000355e+00,5.102827273141706144e+00,1.558812664305763285e+01,1.645387496026149698e-01,1.021482832009795449e-01,1.156869594044236571e+01,1.612946841153239941e-01,5.281542258163123282e-01
1.150000000000000355e+00,5.102827273141706144e+00,1.558812664305763285e+01,1.645387496026149698e-01,1.021482832009795449e-01,1.156869594044236571e+01,1.612946841153239941e-01,5.281542258163123282e-01
1.151666666666667060e+00,5.081900186437678713e+00,1.560727218901226188e+01,1.667795556458758766e-01,1.030293217716588827e-01,1.156054217277656804e+01,1.607285920031355231e-01,5.290895319211009751e-01
1.153333333333333766e+00,5.060961508817076293e+00,1.562640233217832986e+01,1.690348998708252060e-01,1.039119065979373230e-01,1.155238832802403692e+01,1.601605017739627379e-01,5.300097609682955513e-01
1.155000000000000249e+00,5.040011118527676359e+00,1.564551705852594132e+01,1.713047830258992710e-01,1.047960126931668651e-01,1.154423439781663241e+01,1.595906278362058117e-01,5.309150828807833733e-01
1.156666666666666954e+00,5.019048896566538076e+00,1.566461635400540331e+01,1.735892056583828724e-01,1.056816153526992652e-01,1.153608037405746245e+01,1.590191816876727060e-01,5.318056660239086630e-01
1.158333333333333659e+00,4.998074726642908416e+00,1.568370020454797498e+01,1.758881681163944888e-01,1.065686901510788515e-01,1.152792624891885964e+01,1.584463719465526443e-01,5.326816772147353607e-01
1.160000000000000364e+00,4.977088495142311331e+00,1.570276859606638631e+01,1.782016705506378473e-01,1.074572129397368681e-01,1.151977201484151792e+01,1.578724043737289306e-01,5.335432817342827816e-01
1.161666666666667069e+00,4.956090091090079142e+00,1.572182151445558773e+01,1.805297129164127323e-01,1.083471598441588801e-01,1.151161766453248347e+01,1.572974819033526872e-01,5.343906433381533372e-01
1.163333333333333774e+00,4.935079406116049228e+00,1.574085894559329901e+01,1.828722949752694948e-01,1.092385072616259695e-01,1.150346319096386161e+01,1.567218046658439279e-01,5.352239242671179564e-01
1.165000000000000258e+00,4.914056334418845040e+00,1.575988087534068249e+01,1.852294162970050395e-01,1.101312318584493632e-01,1.149530858737104388e+01,1.561455700165142735e-01,5.360432852595556907e-01
1.166666666666666963e+00,4.893020772731073720e+00,1.577888728954295239e+01,1.876010762612690397e-01,1.110253105676864277e-01,1.148715384725093536e+01,1.555689725600529483e-01,5.368488855606181609e-01
1.168333333333333668e+00,4.871972620284402922e+00,1.579787817402997341e+01,1.899872740595015819e-01,1.119207205865022925e-01,1.147899896436044109e+01,1.549922041767024250e-01,5.376408829360290742e-01
1.170000000000000373e+00,4.850911778775241601e+00,1.581685351461692335e+01,1.923880086965318592e-01,1.128174393738118064e-01,1.147084393271422798e+01,1.544154540485501714e-01,5.384194336803062031e-01
1.171666666666667078e+00,4.829838152330665935e+00,1.583581329710482422e+01,1.948032789924250829e-01,1.137154446478040731e-01,1.146268874658345460e+01,1.538389086831432329e-01,5.391846926313603738e-01
1.173333333333333783e+00,4.808751647474540647e+00,1.585475750728124389e+01,1.972330835840988283e-01,1.146147143834918003e-01,1.145453340049313340e+01,1.532627519414620776e-01,5.399368131783236491e-01
1.175000000000000266e+00,4.787652173094237185e+00,1.587368613092078107e+01,1.996774209270665845e-01,1.155152268103985663e-01,1.144637788922101151e+01,1.526871650593536467e-01,5.406759472763703611e-01
1.176666666666666972e+00,4.766539640407298606e+00,1.589259915378578292e+01,2.021362892970754999e-01,1.164169604100357691e-01,1.143822220779468601e+01,1.521123266765521675e-01,5.414022454546806307e-01
1.178333333333333677e+00,4.745413962928878959e+00,1.591149656162680337e+01,2.046096867917523432e-01,1.173198939137178598e-01,1.143006635149048833e+01,1.515384128567558442e-01,5.421158568309391024e-01
1.180000000000000382e+00,4.724275056438933973e+00,1.593037834018332433e+01,2.070976113322593459e-01,1.182240063000030150e-01,1.142191031583050354e+01,1.509655971168482602e-01,5.428169291199598234e-01
1.181666666666667087e+00,4.703122838950438478e+00,1.594924447518419797e+01,2.096000606648416864e-01,1.191292767926096369e-01,1.141375409658133400e+01,1.503940504463462946e-01,5.435056086472945802e-01
1.183333333333333792e+00,4.681957230677110005e+00,1.596809495234835374e+01,2.121170323625047593e-01,1.200356848578438967e-01,1.140559768975116128e+01,1.498239413361867611e-01,5.441820403589973099e-01
1.185000000000000275e+00,4.660778154002258589e+00,1.598692975738524602e+01,2.146485238264689566e-01,1.209432102025881917e-01,1.139744109158827889e+01,1.492554357981687174e-01,5.448463678339787730e-01
1.186666666666666980e+00,4.639585533447192489e+00,1.600574887599552909e+01,2.171945322878550411e-01,1.218518327717540845e-01,1.138928429857830515e+01,1.486886973926688782e-01,5.454987332950824719e-01
1.188333333333333686e+00,4.618379295640654192e+00,1.602455229387153324e+01,2.197550548090693445e-01,1.227615327462966560e-01,1.138112730744240153e+01,1.481238872487180003e-01,5.461392776201378085e-01
1.190000000000000391e+00,4.597159369287886932e+00,1.604333999669787758e+01,2.223300882854700733e-01,1.236722905407432460e-01,1.137297011513472178e+01,1.475611640900291177e-01,5.467681403542381524e-01
1.191666666666667096e+00,4.575925685140589394e+00,1.606211197015198522e+01,2.249196294467151469e-01,1.245840868011825753e-01,1.136481271884027144e+01,1.470006842562670835e-01,5.473854597196835536e-01
1.193333333333333801e+00,4.554678175966781595e+00,1.608086819990465344e+01,2.275236748583780444e-01,1.254969024029174984e-01,1.135665511597262878e+01,1.464426017269201685e-01,5.479913726291623099e-01
1.195000000000000284e+00,4.533416776521168146e+00,1.609960867162059373e+01,2.301422209232899529e-01,1.264107184483865554e-01,1.134849730417142943e+01,1.458870681441145345e-01,5.485860146949158578e-01
1.196666666666666989e+00,4.512141423515782179e+00,1.611833337095895047e+01,2.327752638830787868e-01,1.273255162649737648e-01,1.134033928130038049e+01,1.453342328341248046e-01,5.491695202424309308e-01
1.198333333333333695e+00,4.490852055590842440e+00,1.613704228357386938e+01,2.354227998195281280e-01,1.282412774028414693e-01,1.133218104544439342e+01,1.447842428317669961e-01,5.497420223192118760e-01
1.200000000000000400e+00,4.469548613286089989e+00,1.615573539511497714e+01,2.380848246560260117e-01,1.291579836329032893e-01,1.132402259490783791e+01,1.442372428997110156e-01,5.503036527085810592e-01
1.200000000000000400e+00,4.469548613286089989e+00,1.615573539511497714e+01,2.380848246560260117e-01,1.291579836329032893e-01,1.132402259490783791e+01,1.442372428997110156e-01,5.503036527085810592e-01
1.201666666666667105e+00,4.448231051809674597e+00,1.617441267628916535e+01,2.407613286210593395e-01,1.300756121325021275e-01,1.131584528937050393e+01,1.436891684630652588e-01,5.508487811493267827e-01
1.203333333333333810e+00,4.426899328721709992e+00,1.619307409779077744e+01,2.434523018032662967e-01,1.309941403867649623e-01,1.130766775104636324e+01,1.431445239426745175e-01,5.513833796076552662e-01
1.205000000000000293e+00,4.405553390843461870e+00,1.621171964524578613e+01,2.461577396824049802e-01,1.319135509520094063e-01,1.129948997915483844e+01,1.426034453457539486e-01,5.519075754857826199e-01
1.206666666666666998e+00,4.384193186769412165e+00,1.623034930427807865e+01,2.488776375846475375e-01,1.328338265959650433e-01,1.129131197312064749e+01,1.420660665221289698e-01,5.524214949759279625e-01
1.208333333333333703e+00,4.362818666840055926e+00,1.624896306050996486e+01,2.516119906840458831e-01,1.337549502956268677e-01,1.128313373257132035e+01,1.415325191862124576e-01,5.529252630731231744e-01
1.210000000000000409e+00,4.341429783115039243e+00,1.626756089956268525e+01,2.543607940037668214e-01,1.346769052353451734e-01,1.127495525733460369e+01,1.410029329379192675e-01,5.534190035843709055e-01
1.211666666666667114e+00,4.320026489346624032e+00,1.628614280705687278e+01,2.571240424174762174e-01,1.355996748048486911e-01,1.126677654743633283e+01,1.404774352821065164e-01,5.539028391419378305e-01
1.213333333333333819e+00,4.298608740953273610e+00,1.630470876861307516e+01,2.599017306506053449e-01,1.365232425972314478e-01,1.125859760309749191e+01,1.399561516511817760e-01,5.543768912121369574e-01
1.215000000000000302e+00,4.277176494993824463e+00,1.632325876985219182e+01,2.626938532816391336e-01,1.374475924071485167e-01,1.125041842473236997e+01,1.394392054222810262e-01,5.548412801085702561e-01
1.216666666666667007e+00,4.255729710141579858e+00,1.634179279639599969e+01,2.655004047434140202e-01,1.383727082287200816e-01,1.124223901294538841e+01,1.389267179410591524e-01,5.552961250009188499e-01
1.218333333333333712e+00,4.234268346658996762e+00,1.636031083386757246e+01,2.683213793243218737e-01,1.392985742538585259e-01,1.123405936852940812e+01,1.384188085373775634e-01,5.557415439277760827e-01
1.220000000000000417e+00,4.212792366372351438e+00,1.637881286789181701e+01,2.711567711696259986e-01,1.402251748701380807e-01,1.122587949246248051e+01,1.379155945494052182e-01,5.561776538057978669e-01
1.221666666666667123e+00,4.191301732647044531e+00,1.639729888409584646e+01,2.740065742825925077e-01,1.411524946592078167e-01,1.121769938590615645e+01,1.374171913386550425e-01,5.566045704417287299e-01
1.223333333333333828e+00,4.169796410362746286e+00,1.641576886810953795e+01,2.768707825258154842e-01,1.420805183946674266e-01,1.120951905020230122e+01,1.369237123136335110e-01,5.570224085422751381e-01
1.225000000000000311e+00,4.148276365889223882e+00,1.643422280556590920e+01,2.797493896222893461e-01,1.430092310405237654e-01,1.120133848687129685e+01,1.364352689449504219e-01,5.574312817250486329e-01
1.226666666666667016e+00,4.126741567062101268e+00,1.645266068210161947e+01,2.826423891567249602e-01,1.439386177491190355e-01,1.119315769760902946e+01,1.359519707878183992e-01,5.578313025292889193e-01
1.228333333333333721e+00,4.105191983159151903e+00,1.647108248335738168e+01,2.855497745765889217e-01,1.448686638595780563e-01,1.118497668428487657e+01,1.354739254979318297e-01,5.582225824257311952e-01
1.230000000000000426e+00,4.083627584876623473e+00,1.648948819497843488e+01,2.884715391933816986e-01,1.457993548958433083e-01,1.117679544893897337e+01,1.350012388521637241e-01,5.586052318280348983e-01
1.231666666666667131e+00,4.062048344306049330e+00,1.650787780261495996e+01,2.914076761836754681e-01,1.467306765650597811e-01,1.116861399377991404e+01,1.345340147657962671e-01,5.589793601018054892e-01
1.233333333333333837e+00,4.040454234911102560e+00,1.652625129192252018e+01,2.943581785903249259e-01,1.476626147557628943e-01,1.116043232118234663e+01,1.340723553109589850e-01,5.593450755764206583e-01
1.235000000000000320e+00,4.018845231504844406e+00,1.654460864856251234e+01,2.973230393235309910e-01,1.485951555361639254e-01,1.115225043368435998e+01,1.336163607355172755e-01,5.597024855535459587e-01
1.236666666666667025e+00,3.997221310227217828e+00,1.656294985820254695e+01,3.003022511619639623e-01,1.495282851525128742e-01,1.114406833398543029e+01,1.331661294791496031e-01,5.600516963189966502e-01
1.238333333333333730e+00,3.975582448522711587e+00,1.658127490651692781e+01,3.032958067538658042e-01,1.504619900272791966e-01,1.113588602494350788e+01,1.327217581937713275e-01,5.603928131510881316e-01
1.240000000000000435e+00,3.953928625118386719e+00,1.659958377918701089e+01,3.063036986180853738e-01,1.513962567576737084e-01,1.112770350957324261e+01,1.322833417576410320e-01,5.607259403322154556e-01
1.241666666666667140e+00,3.932259820002030892e+00,1.661787646190167678e+01,3.093259191452094603e-01,1.523310721137602908e-01,1.111952079104291435e+01,1.318509732966777481e-01,5.610511811573095642e-01
1.243333333333333623e+00,3.910576014400685807e+00,1.663615294035768244e+01,3.123624605985289016e-01,1.532664230370837932e-01,1.111133787267277562e+01,1.314247441974485398e-01,5.613686379448842301e-01
1.245000000000000329e+00,3.888877190759274072e+00,1.665441320026013372e+01,3.154133151151802816e-01,1.542022966387682770e-01,1.110315475793197493e+01,1.310047441284908354e-01,5.616784120458506724e-01
1.246666666666667034e+00,3.867163332719623980e+00,1.667265722732281574e+01,3.184784747070577016e-01,1.551386801982010955e-01,1.109497145043688704e+01,1.305910610529917582e-01,5.619806038537495940e-01
1.248333333333333739e+00,3.845434425099618636e+00,1.669088500726865476e+01,3.215579312619469832e-01,1.560755611611747140e-01,1.108678795394818550e+01,1.301837812492256941e-01,5.622753128141662060e-01
1.250000000000000444e+00,3.823690453872579553e+00,1.670909652583006988e+01,3.246516765444285024e-01,1.570129271385223291e-01,1.107860427236893841e+01,1.297829893243688248e-01,5.625626374340589875e-01
1.250000000000000444e+00,3.823690453872579553e+00,1.670909652583006988e+01,3.246516765444285024e-01,1.570129271385223291e-01,1.107860427236893841e+01,1.297829893243688248e-01,5.625626374340589875e-01
1.251666666666667149e+00,3.801931417299172722e+00,1.672729175853863026e+01,3.277596979113708842e-01,1.579507623374377112e-01,1.107040749952362724e+01,1.293856570329773303e-01,5.628384029635044028e-01
1.253333333333333854e+00,3.780157315080060698e+00,1.674547068093252378e+01,3.308819826022400545e-01,1.588890511807641293e-01,1.106221054031089501e+01,1.289950832826033678e-01,5.631070267309731259e-01
1.255000000000000338e+00,3.758368137015224875e+00,1.676363327876964959e+01,3.340185220237205654e-01,1.598277818454167110e-01,1.105401339917818682e+01,1.286113466718410980e-01,5.633686044349477395e-01
1.256666666666667043e+00,3.736563873971991967e+00,1.678177953781910148e+01,3.371693074631206821e-01,1.607669426670803037e-01,1.104581608070352239e+01,1.282345242047087663e-01,5.636232308768550636e-01
1.258333333333333748e+00,3.714744517865607776e+00,1.679990944386151241e+01,3.403343300893666434e-01,1.617065221387237184e-01,1.103761858959337161e+01,1.278646913056270817e-01,5.638709999714689447e-01
1.260000000000000453e+00,3.692910061640048980e+00,1.681802298268945250e+01,3.435135809539499596e-01,1.626465089090464167e-01,1.102942093068013918e+01,1.275019218365617546e-01,5.641120047545563621e-01
1.261666666666667158e+00,3.671060499249062303e+00,1.683612014010776292e+01,3.467070509918269705e-01,1.635868917811766077e-01,1.102122310892038115e+01,1.271462881096465103e-01,5.643463373931340010e-01
1.263333333333333863e+00,3.649195825637423951e+00,1.685420090193395382e+01,3.499147310224118290e-01,1.645276597110151562e-01,1.101302512939207112e+01,1.267978609056778505e-01,5.645740891931118055e-01
1.265000000000000346e+00,3.627316036722380233e+00,1.687226525399850985e+01,3.531366117503968449e-01,1.654688018060667121e-01,1.100482699729303881e+01,1.264567094852017126e-01,5.647953506090913622e-01
1.266666666666667052e+00,3.605421129375351086e+00,1.689031318214530941e+01,3.563726837667677838e-01,1.664103073237422070e-01,1.099662871793815633e+01,1.261229016074416343e-01,5.650102112522286113e-01
1.268333333333333757e+00,3.583511101403836108e+00,1.690834467223189463e+01,3.596229375495712532e-01,1.673521656702567362e-01,1.098843029675785843e+01,1.257965035408321608e-01,5.652187598993315687e-01
1.270000000000000462e+00,3.561585951533491112e+00,1.692635971012989060e+01,3.628873634649276148e-01,1.682943663989543426e-01,1.098023173929539276e+01,1.254775800814408870e-01,5.654210845011681252e-01
1.271666666666667167e+00,3.539645679390442723e+00,1.694435828172530734e+01,3.661659517677710030e-01,1.692368992092100621e-01,1.097203305120526373e+01,1.251661945638332107e-01,5.656172721907076761e-01
1.273333333333333872e+00,3.517690285483837442e+00,1.696234037291889152e+01,3.694586926028329277e-01,1.701797539448381691e-01,1.096383423825070658e+01,1.248624088781707525e-01,5.658074092919146425e-01
1.275000000000000355e+00,3.495719771188525726e+00,1.698030596962645689e+01,3.727655760053865119e-01,1.711229205929346020e-01,1.095563530630193405e+01,1.245662834821919113e-01,5.659915813272216045e-01
1.276666666666667060e+00,3.473734138728008958e+00,1.699825505777922885e+01,3.760865919021679216e-01,1.720663892824295105e-01,1.094743626133392134e+01,1.242778774162925648e-01,5.661698730266075952e-01
1.278333333333333766e+00,3.451733391157560504e+00,1.701618762332416068e+01,3.794217301121573516e-01,1.730101502828155779e-01,1.093923710942437921e+01,1.239972483171923739e-01,5.663423683345787385e-01
1.280000000000000471e+00,3.429717532347527964e+00,1.703410365222426748e+01,3.827709803474116379e-01,1.739541940028846434e-01,1.093103785675190665e+01,1.237244524306322646e-01,5.665091504192154570e-01
1.281666666666667176e+00,3.407686566966905417e+00,1.705200313045894944e+01,3.861343322139005330e-01,1.748985109893204382e-01,1.092283850959369218e+01,1.234595446268538649e-01,5.666703016789801373e-01
1.283333333333333881e+00,3.385640500466958969e+00,1.706988604402431164e+01,3.895117752122452814e-01,1.758430919256147862e-01,1.091463907432398095e+01,1.232025784111021871e-01,5.668259037514407073e-01
1.285000000000000364e+00,3.363579339065218221e+00,1.708775237893348020e+01,3.929032987386010811e-01,1.767879276305571179e-01,1.090643955741159132e+01,1.229536059403898707e-01,5.669760375201411406e-01
1.286666666666667069e+00,3.341503089729485509e+00,1.710560212121691848e+01,3.963088920853255481e-01,1.777330090572691312e-01,1.089823996541857198e+01,1.227126780326754929e-01,5.671207831228252116e-01
1.288333333333333774e+00,3.319411760162211067e+00,1.712343525692274326e+01,3.997285444418776090e-01,1.786783272916656617e-01,1.089004030499769193e+01,1.224798441838765156e-01,5.672602199585328187e-01
1.290000000000000480e+00,3.297305358784853979e+00,1.714125177211700901e+01,4.031622448954463311e-01,1.796238735515310603e-01,1.088184058289113132e+01,1.222551525767829605e-01,5.673944266951427284e-01
1.291666666666667185e+00,3.275183894722644595e+00,1.715905165288405598e+01,4.066099824318367140e-01,1.805696391850246108e-01,1.087364080592809046e+01,1.220386500973201088e-01,5.675234812768464865e-01
1.293333333333333890e+00,3.253047377789311412e+00,1.717683488532676961e+01,4.100717459360910810e-01,1.815156156697252388e-01,1.086544098102337230e+01,1.218303823441511530e-01,5.676474609309561936e-01
1.295000000000000373e+00,3.230895818472184544e+00,1.719460145556690733e+01,4.135475241933280754e-01,1.824617946112525591e-01,1.085724111517524193e+01,1.216303936433139332e-01,5.677664421756887236e-01
1.296666666666667078e+00,3.208729227917320515e+00,1.721235134974538283e+01,4.170373058893923623e-01,1.834081677422109147e-01,1.084904121546379585e+01,1.214387270593104418e-01,5.678805008264194987e-01
1.298333333333333783e+00,3.186547617914918362e+00,1.723008455402257155e+01,4.205410796116115790e-01,1.843547269209887818e-01,1.084084128904916078e+01,1.212554244074359466e-01,5.679897120035104496e-01
1.300000000000000488e+00,3.164351000884863652e+00,1.724780105457858781e+01,4.240588338495042131e-01,1.853014641305578969e-01,1.083264134316959115e+01,1.210805262667596638e-01,5.680941501383723891e-01
1.300000000000000488e+00,3.164351000884863652e+00,1.724780105457858781e+01,4.240588338495042131e-01,1.853014641305578969e-01,1.083264134316959115e+01,1.210805262667596638e-01,5.680941501383723891e-01
1.301666666666667194e+00,3.142139722600855833e+00,1.726550074865438233e+01,4.275903855188977198e-01,1.862480956187486103e-01,1.082429836347633589e+01,1.207344629799180641e-01,5.678631722569281726e-01
1.303333333333333899e+00,3.119914152301170418e+00,1.728318353382825734e+01,4.311355504868080724e-01,1.871943398500494349e-01,1.081595508978139897e+01,1.204021976869750488e-01,5.676294559231667147e-01
1.305000000000000382e+00,3.097674338230383739e+00,1.730084939682479117e+01,4.346943155272088855e-01,1.881401923304782953e-01,1.080761153479904912e+01,1.200837203395062336e-01,5.673930851290467370e-01
1.306666666666667087e+00,3.075420328839928885e+00,1.731849832439995751e+01,4.382666673222934683e-01,1.890856487053631518e-01,1.079926771123824558e+01,1.197790197330798750e-01,5.671541431073749973e-01
1.308333333333333792e+00,3.053152172773021533e+00,1.733613030334128524e+01,4.418525924633200930e-01,1.900307047582187325e-01,1.079092363180100023e+01,1.194880835184450457e-01,5.669127123413125746e-01
1.310000000000000497e+00,3.030869918850005007e+00,1.735374532046798990e+01,4.454520774516325110e-01,1.909753564092875611e-01,1.078257930918044494e+01,1.192108982164806902e-01,5.666688745726008447e-01
1.311666666666667203e+00,3.008573616053574540e+00,1.737134336263114420e+01,4.490651086993925900e-01,1.919195997145913823e-01,1.077423475605943359e+01,1.189474492276976214e-01,5.664227108104085140e-01
1.313333333333333908e+00,2.986263313514651685e+00,1.738892441671377753e+01,4.526916725306528444e-01,1.928634308643841500e-01,1.076588998510854722e+01,1.186977208482092178e-01,5.661743013395087454e-01
1.315000000000000391e+00,2.963939060497875033e+00,1.740648846963106422e+01,4.563317551820072482e-01,1.938068461823246325e-01,1.075754500898487720e+01,1.184616962781190885e-01,5.659237257284419620e-01
1.316666666666667096e+00,2.941600906387908054e+00,1.742403550833040171e+01,4.599853428036857483e-01,1.947498421238915700e-01,1.074919984033003217e+01,1.182393576379762307e-01,5.656710628376240280e-01
1.318333333333333801e+00,2.919248900675281533e+00,1.744156551979159531e+01,4.636524214601600580e-01,1.956924152756165658e-01,1.074085449176902607e+01,1.180306859766882960e-01,5.654163908268801109e-01
1.320000000000000506e+00,2.896883092943152604e+00,1.745907849102692921e+01,4.673329771312244585e-01,1.966345623535215026e-01,1.073250897590835429e+01,1.178356612878307813e-01,5.651597871634578274e-01
1.321666666666667211e+00,2.874503532853424304e+00,1.747657440908134063e+01,4.710269957125908236e-01,1.975762802023533493e-01,1.072416330533492257e+01,1.176542625176841272e-01,5.649013286289608082e-01
1.323333333333333917e+00,2.852110270133881187e+00,1.749405326103249436e+01,4.747344630169248458e-01,1.985175657940964622e-01,1.071581749261424577e+01,1.174864675808568876e-01,5.646410913272471577e-01
1.325000000000000400e+00,2.829703354564731654e+00,1.751151503399094267e+01,4.784553647744631544e-01,1.994584162271549055e-01,1.070747155028937669e+01,1.173322533689920705e-01,5.643791506908432121e-01
1.326666666666667105e+00,2.807282835966020684e+00,1.752895971510019280e+01,4.821896866339731025e-01,2.003988287249911515e-01,1.069912549087925946e+01,1.171915957651879919e-01,5.641155814886208431e-01
1.328333333333333810e+00,2.784848764184612691e+00,1.754638729153685262e+01,4.859374141634241195e-01,2.013388006352046233e-01,1.069077932687760146e+01,1.170644696538777202e-01,5.638504578318519478e-01
1.330000000000000515e+00,2.762401189081806763e+00,1.756379775051072656e+01,4.896985328508430824e-01,2.022783294283413413e-01,1.068243307075145765e+01,1.169508489336094220e-01,5.635838531814992836e-01
1.331666666666667220e+00,2.739940160520877299e+00,1.758119107926489733e+01,4.934730281050654921e-01,2.032174126968290528e-01,1.067408673493998528e+01,1.168507065284800917e-01,5.633158403541034254e-01
1.333333333333333925e+00,2.717465728354810039e+00,1.759856726507586799e+01,4.972608852564676662e-01,2.041560481539849981e-01,1.066574033185326265e+01,1.167640143990093804e-01,5.630464915285208205e-01
1.335000000000000409e+00,2.694977942414350736e+00,1.761592629525360820e+01,5.010620895578099532e-01,2.050942336327919169e-01,1.065739387387095860e+01,1.166907435552794470e-01,5.627758782518064162e-01
1.336666666666667114e+00,2.672476852495904609e+00,1.763326815714170692e+01,5.048766261848451897e-01,2.060319670851009088e-01,1.064904737334135731e+01,1.166308640659286106e-01,5.625040714452886892e-01
1.338333333333333819e+00,2.649962508350125034e+00,1.765059283811739377e+01,5.087044802372433505e-01,2.069692465802692449e-01,1.064070084257994253e+01,1.165843450727844649e-01,5.622311414105244376e-01
1.340000000000000524e+00,2.627434959669937342e+00,1.766790032559169177e+01,5.125456367391025836e-01,2.079060703045129410e-01,1.063235429386862307e+01,1.165511547984333096e-01,5.619571578347142271e-01
1.341666666666667229e+00,2.604894256079600012e+00,1.768519060700943868e+01,5.164000806399156041e-01,2.088424365594724608e-01,1.062400773945427623e+01,1.165312605616738439e-01,5.616821897966818300e-01
1.343333333333333712e+00,2.582340447122927429e+00,1.770246366984944686e+01,5.202677968150353216e-01,2.097783437616282665e-01,1.061566119154807630e+01,1.165246287845318474e-01,5.614063057717404437e-01
1.345000000000000417e+00,2.559773582252734769e+00,1.771971950162448906e+01,5.241487700666292993e-01,2.107137904408868112e-01,1.060731466232411258e+01,1.165312250076172423e-01,5.611295736375896404e-01
1.346666666666667123e+00,2.537193710819405368e+00,1.773695808988144762e+01,5.280429851241519312e-01,2.116487752399677791e-01,1.059896816391871610e+01,1.165510138974671095e-01,5.608520606787502638e-01
1.348333333333333828e+00,2.514600882060513243e+00,1.775417942220134293e+01,5.319504266452297347e-01,2.125832969131093431e-01,1.059062170842924289e+01,1.165839592608438335e-01,5.605738335922325621e-01
1.350000000000000533e+00,2.498524226002100335e+00,1.777138348619942931e+01,5.358710792162246772e-01,2.135173543252870954e-01,1.058227530791328874e+01,1.166300240537941901e-01,5.602949584918539561e-01
1.350000000000000533e+00,2.498524226002100335e+00,1.777138348619942931e+01,5.358710792162246772e-01,2.135173543252870954e-01,1.058227530791328874e+01,1.166300240537941901e-01,5.602949584918539561e-01
1.351666666666667238e+00,2.484118394963321208e+00,1.778857034303452522e+01,5.398050936489272589e-01,2.144512166959478550e-01,1.057405764923119307e+01,1.168626597714394755e-01,5.603394562287311587e-01
1.353333333333333943e+00,2.469716158767184311e+00,1.780574005361004097e+01,5.437526215444534738e-01,2.153851510930331337e-01,1.056584037070338766e+01,1.171032264108491511e-01,5.603813985574833678e-01
1.355000000000000426e+00,2.455317517077318712e+00,1.782289260520290952e+01,5.477136485646099118e-01,2.163191532991900479e-01,1.055762348010008012e+01,1.173517318489502581e-01,5.604208353502498907e-01
1.356666666666667131e+00,2.440922469507082582e+00,1.784002798511570020e+01,5.516881602975128862e-01,2.172532191797036938e-01,1.054940698522194431e+01,1.176081831414908102e-01,5.604578160402704512e-01
1.358333333333333837e+00,2.426531015620010834e+00,1.785714618067683901e+01,5.556761422578432308e-01,2.181873446820487006e-01,1.054119089389966213e+01,1.178725865276816359e-01,5.604923896243788617e-01
1.360000000000000542e+00,2.412143154930411981e+00,1.787424717924078976e+01,5.596775798873884211e-01,2.191215258348279127e-01,1.053297521399267289e+01,1.181449474418114209e-01,5.605246046656811032e-01
1.361666666666667247e+00,2.397758886903822884e+00,1.789133096818828506e+01,5.636924585552640643e-01,2.200557587473729593e-01,1.052475995338877190e+01,1.184252705173766823e-01,5.605545092957052722e-01
1.363333333333333952e+00,2.383378210957502574e+00,1.790839753492652164e+01,5.677207635584108347e-01,2.209900396087708663e-01,1.051654512000301267e+01,1.187135595976255426e-01,5.605821512171480503e-01
1.365000000000000435e+00,2.369001126461014906e+00,1.792544686688934519e+01,5.717624801218870179e-01,2.219243646872997855e-01,1.050833072177709759e+01,1.190098177415731401e-01,5.606075777058825427e-01
1.366666666666667140e+00,2.354627632736619347e+00,1.794247895153747763e+01,5.758175933992391027e-01,2.228587303297074607e-01,1.050011676667863014e+01,1.193140472316798345e-01,5.606308356135034643e-01
1.368333333333333846e+00,2.340257729059853631e+00,1.795949377635870192e+01,5.798860884729205578e-01,2.237931329603739250e-01,1.049190326270017515e+01,1.196262495828952915e-01,5.606519713694873008e-01
1.370000000000000551e+00,2.325891414659928103e+00,1.797649132886806811e+01,5.839679503545208705e-01,2.247275690808669957e-01,1.048369021785887334e+01,1.199464255472623281e-01,5.606710309833004002e-01
1.371666666666667256e+00,2.311528688720315472e+00,1.799347159660807094e+01,5.880631639852738068e-01,2.256620352689111542e-01,1.047547764019529559e+01,1.202745751250468981e-01,5.606880600468102660e-01
1.373333333333333961e+00,2.297169550379109637e+00,1.801043456714888080e+01,5.921717142362334929e-01,2.265965281780372986e-01,1.046726553777316582e+01,1.206106975683318705e-01,5.607031037360318271e-01
1.375000000000000444e+00,2.282813998729583460e+00,1.802738022808851426e+01,5.962935859087545865e-01,2.275310445365980039e-01,1.045905391867832179e+01,1.209547913915644118e-01,5.607162068135862487e-01
1.376666666666667149e+00,2.268462032820622198e+00,1.804430856705302588e+01,6.004287637347344164e-01,2.284655811472686426e-01,1.045084279101825331e+01,1.213068543768055091e-01,5.607274136303602718e-01
1.378333333333333854e+00,2.254113651657146278e+00,1.806121957169672854e+01,6.045772323769631473e-01,2.294001348863183021e-01,1.044263216292140406e+01,1.216668835814303795e-01,5.607367681276945737e-01
1.380000000000000560e+00,2.239768854200658410e+00,1.807811322970234968e+01,6.087389764295033645e-01,2.303347027028145588e-01,1.043442204253637584e+01,1.220348753465920477e-01,5.607443138392849136e-01
1.381666666666667265e+00,2.225427639369570443e+00,1.809498952878126232e+01,6.129139804178858064e-01,2.312692816182014277e-01,1.042621243803159636e+01,1.224108253015837033e-01,5.607500938928547951e-01
1.383333333333333970e+00,2.211090006039775346e+00,1.811184845667363419e+01,6.171022287995896471e-01,2.322038687252818701e-01,1.041800335759430673e+01,1.227947283746505386e-01,5.607541510123651429e-01
1.385000000000000453e+00,2.196755953044966958e+00,1.812869000114865869e+01,6.213037059641823845e-01,2.331384611879008528e-01,1.040979480943035718e+01,1.231865787962355963e-01,5.607565275193310272e-01
1.386666666666667158e+00,2.182425479177165784e+00,1.814551415000471124e+01,6.255183962337667047e-01,2.340730562399813697e-01,1.040158680176328332e+01,1.235863701091523825e-01,5.607572653350157976e-01
1.388333333333333863e+00,2.168098583187099138e+00,1.816232089106955172e+01,6.297462838632017501e-01,2.350076511850312522e-01,1.039337934283390119e+01,1.239940951737308478e-01,5.607564059817918833e-01
1.390000000000000568e+00,2.153775263784631022e+00,1.817911021220052348e+01,6.339873530404004365e-01,2.359422433954704024e-01,1.038517244089976188e+01,1.244097461748334132e-01,5.607539905849115991e-01
1.391666666666667274e+00,2.139455519639206216e+00,1.819588210128471317e+01,6.382415878867052639e-01,2.368768303118085616e-01,1.037696610423438415e+01,1.248333146304798358e-01,5.607500598742598541e-01
1.393333333333333979e+00,2.125139349380212650e+00,1.821263654623916040e+01,6.425089724570272054e-01,2.378114094422893732e-01,1.036876034112706968e+01,1.252647913954954284e-01,5.607446541855247713e-01
1.395000000000000462e+00,2.110826751597450368e+00,1.822937353501102820e+01,6.467894907403102245e-01,2.387459783618651743e-01,1.036055515988195630e+01,1.257041666722259199e-01,5.607378134622668098e-01
1.396666666666667167e+00,2.096517724841508112e+00,1.824609305557779493e+01,6.510831266596442957e-01,2.396805347118916574e-01,1.035235056881787763e+01,1.261514300136604982e-01,5.607295772568368086e-01
1.398333333333333872e+00,2.082212267624111490e+00,1.826279509594745321e+01,6.553898640726530944e-01,2.406150761992385811e-01,1.034414657626762057e+01,1.266065703326623160e-01,5.607199847322350550e-01
1.400000000000000577e+00,2.067910378418623907e+00,1.827947964415864845e+01,6.597096867717329172e-01,2.415496005957189496e-01,1.033594319057748834e+01,1.270695759078641074e-01,5.607090746633340839e-01
1.400000000000000577e+00,2.067910378418623907e+00,1.827947964415864845e+01,6.597096867717329172e-01,2.415496005957189496e-01,1.033594319057748834e+01,1.270695759078641074e-01,5.607090746633340839e-01
1.401666666666667282e+00,2.053607032560268664e+00,1.829615198995113090e+01,6.640457179693951550e-01,2.424858358191251118e-01,1.033482076530107818e+01,1.296537374138621301e-01,5.627723577913903430e-01
1.403333333333333988e+00,2.039297211703431145e+00,1.831281741811071839e+01,6.684010907967351534e-01,2.434255056364743042e-01,1.033370120390506131e+01,1.322066223762309034e-01,5.648305675648795932e-01
1.405000000000000471e+00,2.024980923895245866e+00,1.832947590919358660e+01,6.727758039325688610e-01,2.443686014937765938e-01,1.033258449344777929e+01,1.347283976101921465e-01,5.668835864035406402e-01
1.406666666666667176e+00,2.010658177345266751e+00,1.834612744365673009e+01,6.771698561297683217e-01,2.453151146433286967e-01,1.033147062073377676e+01,1.372192303241528133e-01,5.689312992295200155e-01
1.408333333333333881e+00,1.996328980422472199e+00,1.836277200185838510e+01,6.815832462127403568e-01,2.462650361474884864e-01,1.033035957231650492e+01,1.396792880913903800e-01,5.709735934498147980e-01
1.410000000000000586e+00,1.981993341652117380e+00,1.837940956405864057e+01,6.860159730744271878e-01,2.472183568832625189e-01,1.032925133450151733e+01,1.421087388157853681e-01,5.730103589347922410e-01
1.411666666666667291e+00,1.967651269712849427e+00,1.839604011041983966e+01,6.904680356738996938e-01,2.481750675458842537e-01,1.032814589334925337e+01,1.445077507060051059e-01,5.750414879999770079e-01
1.413333333333333997e+00,1.953302773433506445e+00,1.841266362100720144e+01,6.949394330333803493e-01,2.491351586533891715e-01,1.032704323467835827e+01,1.468764922421666730e-01,5.770668753833774201e-01
1.415000000000000480e+00,1.938947861790289551e+00,1.842928007578925431e+01,6.994301642358532467e-01,2.500986205501612436e-01,1.032594334406864967e+01,1.492151321511709927e-01,5.790864182260367921e-01
1.416666666666667185e+00,1.924586543903611613e+00,1.844588945463844709e+01,7.039402284222201489e-01,2.510654434113029354e-01,1.032484620686444998e+01,1.515238393757300517e-01,5.811000160490583655e-01
1.418333333333333890e+00,1.910218829035244426e+00,1.846249173733162863e+01,7.084696247888278009e-01,2.520356172463258382e-01,1.032375180817778570e+01,1.538027830494188564e-01,5.831075707323036816e-01
1.420000000000000595e+00,1.895844726585281137e+00,1.847908690355061267e+01,7.130183525848313719e-01,2.530091319031810282e-01,1.032266013289168605e+01,1.560521324690405665e-01,5.851089864917791150e-01
1.421666666666667300e+00,1.881464246089205261e+00,1.849567493288273212e+01,7.175864111096073028e-01,2.539859770721563104e-01,1.032157116566362731e+01,1.582720570688349870e-01,5.871041698563326250e-01
1.423333333333334005e+00,1.867077397214984558e+00,1.851225580482136479e+01,7.221737997103263584e-01,2.549661422895572738e-01,1.032048489092877652e+01,1.604627263962163930e-01,5.890930296455137993e-01
1.425000000000000488e+00,1.852684189760093858e+00,1.852882949876654095e+01,7.267805177792751037e-01,2.559496169417775913e-01,1.031940129290365071e+01,1.626243100853078660e-01,5.910754769445502044e-01
1.426666666666667194e+00,1.838284633648711974e+00,1.854539599402542294e+01,7.314065647516041491e-01,2.569363902686825352e-01,1.031832035558934102e+01,1.647569778356185455e-01,5.930514250825043021e-01
1.428333333333333899e+00,1.823878738928740972e+00,1.856195526981297661e+01,7.360519401026006658e-01,2.579264513677849702e-01,1.031724206277532119e+01,1.668608993853351041e-01,5.950207896059549473e-01
1.430000000000000604e+00,1.809466515769077688e+00,1.857850730525242966e+01,7.407166433455725230e-01,2.589197891973976096e-01,1.031616639804269475e+01,1.689362444923957485e-01,5.969834882572186974e-01
1.431666666666667309e+00,1.795047974456593920e+00,1.859505207937596438e+01,7.454006740291090338e-01,2.599163925808451459e-01,1.031509334476999840e+01,1.709831829023326921e-01,5.989394409394430685e-01
1.433333333333334014e+00,1.780623125393518080e+00,1.861158957112521151e+01,7.501040317349919606e-01,2.609162502093266833e-01,1.031402288618189012e+01,1.730018841971168175e-01,6.008885695114850600e-01
1.435000000000000497e+00,1.766191979094035247e+00,1.862811975935225561e+01,7.548267160750827820e-01,2.619193506455115839e-01,1.031295500542694654e+01,1.749925175537089261e-01,6.028307974623166032e-01
1.436666666666667203e+00,1.751754546181459204e+00,1.864464262282040963e+01,7.595687266888382361e-01,2.629256823255307629e-01,1.031188968558820029e+01,1.769552517126801450e-01,6.047660498602991375e-01
1.438333333333333908e+00,1.737310837384782758e+00,1.866115814020536945e+01,7.643300632400623629e-01,2.639352335622924817e-01,1.031082690968016280e+01,1.788902549790968022e-01,6.066942533535232274e-01
1.440000000000000613e+00,1.722860863535775167e+00,1.867766629009596002e+01,7.691107254145317373e-01,2.649479925474171882e-01,1.030976666064570146e+01,1.807976952327792208e-01,6.086153361742098200e-01
1.441666666666667318e+00,1.708404635565685226e+00,1.869416705099528286e+01,7.739107129168470989e-01,2.659639473545903354e-01,1.030870892135344619e+01,1.826777399283085468e-01,6.105292281372257657e-01
1.443333333333333801e+00,1.693942164502452385e+00,1.871066040132141595e+01,7.787300254681697176e-01,2.669830859414802360e-01,1.030765367459500936e+01,1.845305561049209453e-01,6.124358606430102547e-01
1.445000000000000506e+00,1.679473461467328121e+00,1.872714631940855767e+01,7.835686628031747203e-01,2.680053961531082551e-01,1.030660090308277077e+01,1.863563103857659442e-01,6.143351666743653849e-01
1.446666666666667211e+00,1.664998537672300216e+00,1.874362478350770544e+01,7.884266246678972578e-01,2.690308657237504564e-01,1.030555058944745639e+01,1.881551689873371958e-01,6.162270807979544074e-01
1.448333333333333917e+00,1.650517404416753209e+00,1.876009577178774990e+01,7.933039108167916353e-01,2.700594822803023543e-01,1.030450271623626080e+01,1.899272977181967192e-01,6.181115391595639608e-01
1.450000000000000622e+00,1.636030073084839387e+00,1.877655926233617834e+01,7.982005210106458692e-01,2.710912333442317412e-01,1.030345726591078659e+01,1.916728619874280282e-01,6.199884794839889413e-01
1.450000000000000622e+00,1.636030073084839387e+00,1.877655926233617834e+01,7.982005210106458692e-01,2.710912333442317412e-01,1.030345726591078659e+01,1.916728619874280282e-01,6.199884794839889413e-01
1.451666666666667327e+00,1.621538173925124227e+00,1.879301353427630517e+01,8.031155656230835049e-01,2.721255351474086148e-01,1.030016369469869453e+01,1.929172285921958163e-01,6.211728286385556075e-01
1.453333333333334032e+00,1.607043334197989282e+00,1.880945686835032049e+01,8.080481510860557659e-01,2.731618065814890861e-01,1.029687181234469584e+01,1.941479291568896925e-01,6.223520329586692545e-01
1.455000000000000515e+00,1.592545560882228983e+00,1.882588924498398697e+01,8.129982712344038243e-01,2.742000390540256793e-01,1.029358160789722554e+01,1.953650764568679310e-01,6.235260714794605974e-01
1.456666666666667220e+00,1.578044860975953867e+00,1.884231064456401938e+01,8.179659198800826037e-01,2.752402239386854688e-01,1.029029307040374697e+01,1.965687829873432046e-01,6.246949241097081718e-01
1.458333333333333925e+00,1.563541241495716605e+00,1.885872104743824096e+01,8.229510908116314249e-01,2.762823525759960930e-01,1.028700618891195617e+01,1.977591609608871370e-01,6.258585716231781504e-01
1.460000000000000631e+00,1.549034709475105132e+00,1.887512043391618732e+01,8.279537777928990261e-01,2.773264162754455753e-01,1.028372095247143214e+01,1.989363222956064825e-01,6.270169956424607172e-01
1.461666666666667336e+00,1.534525271963868676e+00,1.889150878426938718e+01,8.329739745624061831e-01,2.783724063164642604e-01,1.028043735013477189e+01,2.001003786106796134e-01,6.281701786296396417e-01
1.463333333333334041e+00,1.520012936026773787e+00,1.890788607873175309e+01,8.380116748324237808e-01,2.794203139498697142e-01,1.027715537095913412e+01,2.012514412195004487e-01,6.293181038730837340e-01
1.465000000000000524e+00,1.505497708742446150e+00,1.892425229750010374e+01,8.430668722879494092e-01,2.804701303995683626e-01,1.027387500400755194e+01,2.023896211202415030e-01,6.304607554742059916e-01
1.466666666666667229e+00,1.490979597202542806e+00,1.894060742073433445e+01,8.481395605862011022e-01,2.815218468632628701e-01,1.027059623835018698e+01,2.035150289939878510e-01,6.315981183385673825e-01
1.468333333333333934e+00,1.476458608510451853e+00,1.895695142855807447e+01,8.532297333553822138e-01,2.825754545145240382e-01,1.026731906306586772e+01,2.046277751932621125e-01,6.327301781598038133e-01
1.470000000000000639e+00,1.461934749780471776e+00,1.897328430105887875e+01,8.583373841942011362e-01,2.836309445034951859e-01,1.026404346724316419e+01,2.057279697397182139e-01,6.338569214115602479e-01
1.471666666666667345e+00,1.447408028136749181e+00,1.898960601828871120e+01,8.634625066709084029e-01,2.846883079584432985e-01,1.026076943998191027e+01,2.068157223167756409e-01,6.349783353335085589e-01
1.473333333333334050e+00,1.432878450712184559e+00,1.900591656026439935e+01,8.686050943224312704e-01,2.857475359871995413e-01,1.025749697039438502e+01,2.078911422621333993e-01,6.360944079194467138e-01
1.475000000000000533e+00,1.418346024647703985e+00,1.902221590696784759e+01,8.737651406538887722e-01,2.868086196778423247e-01,1.025422604760656320e+01,2.089543385662655517e-01,6.372051279083628117e-01
1.476666666666667238e+00,1.403810757090965922e+00,1.903850403834669081e+01,8.789426391374282055e-01,2.878715501006740562e-01,1.025095666075955236e+01,2.100054198618023782e-01,6.383104847687202099e-01
1.478333333333333943e+00,1.389272655195703976e+00,1.905478093431446496e+01,8.841375832118254507e-01,2.889363183087929610e-01,1.024768879901060004e+01,2.110444944222406860e-01,6.394104686910732083e-01
1.480000000000000648e+00,1.374731726120696607e+00,1.907104657475110443e+01,8.893499662815755880e-01,2.900029153395741743e-01,1.024442245153457520e+01,2.120716701552640970e-01,6.405050705743047246e-01
1.481666666666667354e+00,1.360187977028676443e+00,1.908730093950341811e+01,8.945797817160914267e-01,2.910713322160182193e-01,1.024115760752504123e+01,2.130870545960152906e-01,6.415942820141481429e-01
1.483333333333334059e+00,1.345641415085783166e+00,1.910354400838526345e+01,8.998270228492935008e-01,2.921415599473162761e-01,1.023789425619546556e+01,2.140907549064726689e-01,6.426780952949132653e-01
1.485000000000000542e+00,1.331092047460316508e+00,1.911977576117821442e+01,9.050916829785120576e-01,2.932135895307335649e-01,1.023463238678056975e+01,2.150828778657274121e-01,6.437565033740314524e-01
1.486666666666667247e+00,1.316539881322068339e+00,1.913599617763177108e+01,9.103737553641144675e-01,2.942874119521551313e-01,1.023137198853727803e+01,2.160635298688452222e-01,6.448294998749476425e-01
1.488333333333333952e+00,1.301984923841438047e+00,1.915220523746378234e+01,9.156732332287352838e-01,2.953630181873314609e-01,1.022811305074609045e+01,2.170328169219671033e-01,6.458970790745508506e-01
1.490000000000000657e+00,1.287427182188444874e+00,1.916840292036098603e+01,9.209901097564520134e-01,2.964403992032944579e-01,1.022485556271213269e+01,2.179908446352802065e-01,6.469592358911603336e-01
1.491666666666667362e+00,1.272866663532138176e+00,1.918458920597915096e+01,9.263243780924828030e-01,2.975195459587475222e-01,1.022159951376625031e+01,2.189377182235155705e-01,6.480159658774693465e-01
1.493333333333334068e+00,1.258303375039503180e+00,1.920076407394374129e+01,9.316760313421809103e-01,2.986004494057971637e-01,1.021834489326629658e+01,2.198735424975570563e-01,6.490672652055922143e-01
1.495000000000000551e+00,1.243737323874860579e+00,1.921692750385016168e+01,9.370450625706047143e-01,2.996831004906365115e-01,1.021509169059802424e+01,2.207984218623024186e-01,6.501131306593709303e-01
1.496666666666667256e+00,1.229168517198999666e+00,1.923307947526411255e+01,9.424314648019815888e-01,3.007674901543737067e-01,1.021183989517632362e+01,2.217124603145978756e-01,6.511535596242727930e-01
1.498333333333333961e+00,1.214596962168336347e+00,1.924921996772217270e+01,9.478352310188221663e-01,3.018536093345848270e-01,1.020858949644627067e+01,2.226157614356214787e-01,6.521885500741796404e-01
1.500000000000000666e+00,1.200022665934262989e+00,1.926534896073200187e+01,9.532563541616173586e-01,3.029414489657359377e-01,1.020534048388412529e+01,2.235084283909964109e-01,6.532181005644922545e-01
1.500000000000000666e+00,1.200022665934262989e+00,1.926534896073200187e+01,9.532563541616173586e-01,3.029414489657359377e-01,1.020534048388412529e+01,2.235084283909964109e-01,6.532181005644922545e-01
1.501666666666667371e+00,1.185446983349443428e+00,1.928146497375204760e+01,9.586936906927222557e-01,3.040301875210030813e-01,1.020001288211811641e+01,2.236214449856790409e-01,6.532678225075205791e-01
1.503333333333334076e+00,1.170871264370337173e+00,1.929756652860107735e+01,9.641460926813888443e-01,3.051190072429690869e-01,1.019468546932963626e+01,2.237407054558175346e-01,6.533155085025864617e-01
1.505000000000000560e+00,1.156295508771428615e+00,1.931365360832547395e+01,9.696135463961608192e-01,3.062079047776274376e-01,1.018935825156431640e+01,2.238662153731658389e-01,6.533612054217144971e-01
1.506666666666667265e+00,1.141719716290083397e+00,1.932972619599780728e+01,9.750960380392056370e-01,3.072968768485379032e-01,1.018403123489080286e+01,2.239979796955968439e-01,6.534049597583759805e-01
1.508333333333333970e+00,1.127143886627120395e+00,1.934578427471693018e+01,9.805935537465712004e-01,3.083859202565384372e-01,1.017870442540032450e+01,2.241360027701225499e-01,6.534468176294524477e-01
1.510000000000000675e+00,1.112568019447401468e+00,1.936182782760815257e+01,9.861060795886712471e-01,3.094750318791384958e-01,1.017337782920583322e+01,2.242802883392023272e-01,6.534868247781537853e-01
1.511666666666667380e+00,1.097992114380573980e+00,1.937785683782324497e+01,9.916336015709666940e-01,3.105642086695178383e-01,1.016805145244064335e+01,2.244308395509383713e-01,6.535250265763238309e-01
1.513333333333334085e+00,1.083416171021561070e+00,1.939387128854060904e+01,9.971761056341439389e-01,3.116534476563928013e-01,1.016272530125820062e+01,2.245876589606216334e-01,6.535614680265238174e-01
1.515000000000000568e+00,1.068840188931250879e+00,1.940987116296536996e+01,1.002733577654754571e+00,3.127427459431371126e-01,1.015739938183089563e+01,2.247507485397885196e-01,6.535961937648796516e-01
1.516666666666667274e+00,1.054264167637111171e+00,1.942585644432940839e+01,1.008306003445732513e+00,3.138321007070357105e-01,1.015207370034906553e+01,2.249201096838240044e-01,6.536292480630380153e-01
1.518333333333333979e+00,1.039688106633747111e+00,1.944182711589153811e+01,1.013893368756592528e+00,3.149215091991389159e-01,1.014674826302074884e+01,2.250957432137402070e-01,6.536606748303663839e-01
1.520000000000000684e+00,1.025112005383501668e+00,1.945778316093755578e+01,1.019495659274165522e+00,3.160109687431972292e-01,1.014142307607028748e+01,2.252776493870397301e-01,6.536905176166531994e-01
1.521666666666667389e+00,1.010535863317141292e+00,1.947372456278029418e+01,1.025112860622952926e+00,3.171004767351868758e-01,1.013609814573770684e+01,2.254658279026314216e-01,6.537188196138394858e-01
1.523333333333334094e+00,9.959596798343000046e-01,1.948965130475979990e+01,1.030744958365405139e+00,3.181900306430353598e-01,1.013077347827830188e+01,2.256602779039716955e-01,6.537456236582505076e-01
1.525000000000000577e+00,9.813834543042219138e-01,1.950556337024332620e+01,1.036391938002676705e+00,3.192796280054991942e-01,1.012544907996122134e+01,2.258609979904133980e-01,6.537709722331550566e-01
1.526666666666667282e+00,9.668071860662408312e-01,1.952146074262544317e+01,1.042053784974842356e+00,3.203692664319318650e-01,1.012012495706914805e+01,2.260679862198034518e-01,6.537949074702961161e-01
1.528333333333333988e+00,9.522308744303558115e-01,1.953734340532817981e+01,1.047730484661316686e+00,3.214589436017679103e-01,1.011480111589760433e+01,2.262812401140365526e-01,6.538174711522360960e-01
1.530000000000000693e+00,9.376545186779097207e-01,1.955321134180098497e+01,1.053422022381526046e+00,3.225486572635154481e-01,1.010947756275372278e+01,2.265007566691999430e-01,6.538387047146141384e-01
1.531666666666667398e+00,9.230781180620297732e-01,1.956906453552090142e+01,1.059128383395056883e+00,3.236384052346567564e-01,1.010415430395607750e+01,2.267265323569812308e-01,6.538586492476098355e-01
1.533333333333334103e+00,9.085016718082457032e-01,1.958490296999262270e+01,1.064849552902215502e+00,3.247281854008821633e-01,1.009883134583372488e+01,2.269585631326508091e-01,6.538773454983843880e-01
1.535000000000000586e+00,8.939251791151221482e-01,1.960072662874848604e+01,1.070585516044567420e+00,3.258179957152891881e-01,1.009350869472525680e+01,2.271968444431348710e-01,6.538948338729831944e-01
1.536666666666667291e+00,8.793486391546707637e-01,1.961653549534866414e+01,1.076336257905079030e+00,3.269078341983105984e-01,1.008818635697865140e+01,2.274413712282879196e-01,6.539111544378113372e-01
1.538333333333333997e+00,8.647720510730110277e-01,1.963232955338115104e+01,1.082101763508782177e+00,3.279976989367516249e-01,1.008286433895013445e+01,2.276921379307058624e-01,6.539263469221178182e-01
1.540000000000000702e+00,8.501954139909315700e-01,1.964810878646182246e+01,1.087882017823171621e+00,3.290875880832207501e-01,1.007754264700351143e+01,2.279491385015587623e-01,6.539404507195759608e-01
1.541666666666667407e+00,8.356187270043342608e-01,1.966387317823456016e+01,1.093677005758388665e+00,3.301774998559990348e-01,1.007222128750996148e+01,2.282123664025276499e-01,6.539535048897828773e-01
1.543333333333333890e+00,8.210419891848452778e-01,1.967962271237127325e+01,1.099486712167938141e+00,3.312674325379628693e-01,1.006690026684681172e+01,2.284818146166266994e-01,6.539655481607535847e-01
1.545000000000000595e+00,8.064651995803728823e-01,1.969535737257192309e+01,1.105311121848958411e+00,3.323573844762370832e-01,1.006157959139712688e+01,2.287574756519474561e-01,6.539766189302027577e-01
1.546666666666667300e+00,7.918883572155550610e-01,1.971107714256467958e+01,1.111150219542486717e+00,3.334473540819228865e-01,1.005625926754936472e+01,2.290393415450022174e-01,6.539867552671223550e-01
1.548333333333334005e+00,7.773114610923741452e-01,1.972678200610587496e+01,1.117003989934160613e+00,3.345373398290278910e-01,1.005093930169619121e+01,2.293274038713822849e-01,6.539959949141743722e-01
1.550000000000000711e+00,7.627345101906328750e-01,1.974247194698010688e+01,1.122872417654394273e+00,3.356273402542905293e-01,1.004561970023426909e+01,2.296216537479717490e-01,6.540043752887422235e-01
1.550000000000000711e+00,7.627345101906328750e-01,1.974247194698010688e+01,1.122872417654394273e+00,3.356273402542905293e-01,1.004561970023426909e+01,2.296216537479717490e-01,6.540043752887422235e-01
1.551666666666667416e+00,7.481563192677676000e-01,1.975814825107231343e+01,1.128756552880777697e+00,3.367180680555726946e-01,1.004219772651465092e+01,2.306062388045643508e-01,6.548683720540457998e-01
1.553333333333334121e+00,7.335757071731912049e-01,1.977381220205452195e+01,1.134657449507872062e+00,3.378102327780964642e-01,1.003877718224788040e+01,2.315824320015797133e-01,6.557286792388413721e-01
1.555000000000000604e+00,7.189926790093501552e-01,1.978946378039787035e+01,1.140575097676619798e+00,3.389038282652356848e-01,1.003535805966532024e+01,2.325503087177068773e-01,6.565852883376441795e-01
1.556666666666667309e+00,7.044072398793979062e-01,1.980510296655356584e+01,1.146509487495516177e+00,3.399988483468666667e-01,1.003194035102391091e+01,2.335099441072668036e-01,6.574381913237768993e-01
1.558333333333334014e+00,6.898193948867366032e-01,1.982072974095305895e+01,1.152460609040298678e+00,3.410952868398616222e-01,1.002852404860661828e+01,2.344614130979489897e-01,6.582873806449367482e-01
1.560000000000000719e+00,6.752291491345836505e-01,1.983634408400828519e+01,1.158428452353593263e+00,3.421931375486090832e-01,1.002510914472309622e+01,2.354047903889888160e-01,6.591328492176089515e-01
1.561666666666667425e+00,6.606365077251616924e-01,1.985194597611219081e+01,1.164413007444121240e+00,3.432923942664298789e-01,1.002169563171040423e+01,2.363401504431029421e-01,6.599745904169960209e-01
1.563333333333334130e+00,6.460414757594108437e-01,1.986753539763887844e+01,1.170414264286504080e+00,3.443930507758480863e-01,1.001828350193342665e+01,2.372675674858429062e-01,6.608125980736389016e-01
1.565000000000000613e+00,6.314440583364628878e-01,1.988311232894388780e+01,1.176432212820818002e+00,3.454951008492964104e-01,1.001487274778557257e+01,2.381871155026309417e-01,6.616468664667208843e-01
1.566666666666667318e+00,6.168442605529094180e-01,1.989867675036471439e+01,1.182466842951892749e+00,3.465985382503840584e-01,1.001146336168938511e+01,2.390988682316731173e-01,6.624773903148878373e-01
1.568333333333334023e+00,6.022420875025531473e-01,1.991422864222090183e+01,1.188518144549165045e+00,3.477033567340648279e-01,1.000805533609698550e+01,2.400028991641069420e-01,6.633041647732974555e-01
1.570000000000000728e+00,5.876375442758359213e-01,1.992976798481439360e+01,1.194586107446168555e+00,3.488095500474883148e-01,1.000464866349075166e+01,2.408992815401499454e-01,6.641271854260517582e-01
1.571666666666667433e+00,5.730306359592098886e-01,1.994529475843002331e+01,1.200670721439922373e+00,3.499171119311105804e-01,1.000124333638386886e+01,2.417880883430409411e-01,6.649464482779555707e-01
1.573333333333334139e+00,5.584213676349136790e-01,1.996080894333556088e+01,1.206771976290811343e+00,3.510260361188108913e-01,9.997839347320763181e+00,2.426693922996306374e-01,6.657619497517355267e-01
1.575000000000000622e+00,5.438097443803364683e-01,1.997631051978216021e+01,1.212889861722038054e+00,3.521363163388320783e-01,9.994436688877783581e+00,2.435432658759996982e-01,6.665736866799242266e-01
1.576666666666667327e+00,5.291957712675063874e-01,1.999179946800475705e+01,1.219024367419088595e+00,3.532479463147600307e-01,9.991035353663663798e+00,2.444097812722745289e-01,6.673816562973978739e-01
1.578333333333334032e+00,5.145794533628489376e-01,2.000727576822216136e+01,1.225175483029625534e+00,3.543609197656122367e-01,9.987635334319989511e+00,2.452690104234696578e-01,6.681858562386747691e-01
1.580000000000000737e+00,4.999607957265794766e-01,2.002273940063749080e+01,1.231343198162931030e+00,3.554752304068178326e-01,9.984236623521828946e+00,2.461210249949084272e-01,6.689862845295375671e-01
1.581666666666667442e+00,4.853398034122271554e-01,2.003819034543857214e+01,1.237527502389426992e+00,3.565908719511021729e-01,9.980839213978160984e+00,2.469658963776771299e-01,6.697829395801150332e-01
1.583333333333334147e+00,4.707164814663862273e-01,2.005362858279802651e+01,1.243728385240578937e+00,3.577078381085573855e-01,9.977443098432324575e+00,2.478036956896256804e-01,6.705758201822586972e-01
1.585000000000000631e+00,4.560908349281866947e-01,2.006905409287370645e+01,1.249945836208349759e+00,3.588261225876184235e-01,9.974048269662636912e+00,2.486344937708735991e-01,6.713649255011487904e-01
1.586666666666667336e+00,4.414628688287827174e-01,2.008446685580909730e+01,1.256179844744755192e+00,3.599457190958894603e-01,9.970654720482762912e+00,2.494583611796739597e-01,6.721502550686844213e-01
1.588333333333334041e+00,4.268325881911749775e-01,2.009986685173338827e+01,1.262430400261777885e+00,3.610666213402027869e-01,9.967262443742173517e+00,2.502753681935048768e-01,6.729318087809484927e-01
1.590000000000000746e+00,4.121999980296422450e-01,2.011525406076193434e+01,1.268697492130846038e+00,3.621888230275587817e-01,9.963871432326714128e+00,2.510855848048598182e-01,6.737095868899867224e-01
1.591666666666667451e+00,3.975651033493434738e-01,2.013062846299662212e+01,1.274981109682413960e+00,3.633123178659152241e-01,9.960481679158947443e+00,2.518890807174002933e-01,6.744835899973682380e-01
1.593333333333334156e+00,3.829279091460833229e-01,2.014599003852596582e+01,1.281281242205882576e+00,3.644370995642380873e-01,9.957093177198606426e+00,2.526859253470911115e-01,6.752538190517437533e-01
1.595000000000000639e+00,3.682884204058112232e-01,2.016133876742554776e+01,1.287597878949108487e+00,3.655631618333990418e-01,9.953705919443109451e+00,2.534761878183138251e-01,6.760202753408370846e-01
1.596666666666667345e+00,3.536466421042128161e-01,2.017667462975840564e+01,1.293931009118014064e+00,3.666904983869156975e-01,9.950319898927896034e+00,2.542599369603665282e-01,6.767829604852737546e-01
1.598333333333334050e+00,3.390025792065145538e-01,2.019199760557510714e+01,1.300280621876493958e+00,3.678191029410353141e-01,9.946935108726849606e+00,2.550372413084332490e-01,6.775418764359132373e-01
1.600000000000000755e+00,3.243562366670005304e-01,2.020730767491422242e+01,1.306646706345950149e+00,3.689489692156038281e-01,9.943551541952780681e+00,2.558081690998449953e-01,6.782970254660918297e-01
1.600000000000000755e+00,3.243562366670005304e-01,2.020730767491422242e+01,1.306646706345950149e+00,3.689489692156038281e-01,9.943551541952780681e+00,2.558081690998449953e-01,6.782970254660918297e-01
1.601666666666667460e+00,3.097044698283077935e-01,2.022260814735322043e+01,1.313031037524902578e+00,3.700808863996428166e-01,9.944669501459893368e+00,2.571185185519942462e-01,6.800019584227976477e-01
1.603333333333334165e+00,2.950441362521232236e-01,2.023790233067239086e+01,1.319435395028663249e+00,3.712156369447791593e-01,9.945790347565292677e+00,2.584011759024038013e-01,6.816970533175540359e-01
1.605000000000000648e+00,2.803752442267786193e-01,2.025319020215380306e+01,1.325859774864047269e+00,3.723532044278142217e-01,9.946914051627654629e+00,2.596563162154438276e-01,6.833822790954068305e-01
1.606666666666667354e+00,2.656978020579359168e-01,2.026847173901074584e+01,1.332304173026732208e+00,3.734935723763135318e-01,9.948040584676904885e+00,2.608841149605501952e-01,6.850576071584526527e-01
1.608333333333334059e+00,2.510118180677061162e-01,2.028374691838737931e+01,1.338768585501202368e+00,3.746367242717141832e-01,9.949169917421929910e+00,2.620847479880497044e-01,6.867230113342575049e-01
1.610000000000000764e+00,2.363173005934093851e-01,2.029901571735897647e+01,1.345253008259980732e+00,3.757826435541878340e-01,9.950302020260286540e+00,2.632583914919016665e-01,6.883784678292603765e-01
1.611666666666667469e+00,2.216142579864417428e-01,2.031427811293199071e+01,1.351757437263181982e+00,3.769313136260655783e-01,9.951436863285568535e+00,2.644052219830296258e-01,6.900239551946706351e-01
1.613333333333334174e+00,2.069026986114721467e-01,2.032953408204381418e+01,1.358281868458309782e+00,3.780827178557321644e-01,9.952574416297135684e+00,2.655254162580177324e-01,6.916594542850259542e-01
1.615000000000000657e+00,1.921826308450000909e-01,2.034478360156328591e+01,1.364826297779338171e+00,3.792368395819022409e-01,9.953714648808224652e+00,2.666191513658867085e-01,6.932849482161050902e-01
1.616666666666667362e+00,1.774540630749044112e-01,2.036002664829019082e+01,1.371390721146844127e+00,3.803936621165251442e-01,9.954857530054674442e+00,2.676866045834691010e-01,6.949004223308424821e-01
1.618333333333334068e+00,1.627170036990719382e-01,2.037526319895575000e+01,1.377975134467088969e+00,3.815531687494330693e-01,9.956003029004438787e+00,2.687279533784205920e-01,6.965058641512099635e-01
1.620000000000000773e+00,1.479714611246194522e-01,2.039049323022247151e+01,1.384579533631862702e+00,3.827153427511272299e-01,9.957151114365080602e+00,2.697433753857446104e-01,6.981012633460744743e-01
1.621666666666667478e+00,1.332174437671689304e-01,2.040571671868407932e+01,1.391203914518148066e+00,3.838801673767026079e-01,9.958301754594009125e+00,2.707330483746602789e-01,6.996866116859153939e-01
1.623333333333334183e+00,1.184549600495685695e-01,2.042093364086598584e+01,1.397848272987339824e+00,3.850476258695009202e-01,9.959454917906180427e+00,2.716971502189232113e-01,7.012619030031250755e-01
1.625000000000000666e+00,1.036840184016085686e-01,2.043614397322476250e+01,1.404512604885433058e+00,3.862177014638181194e-01,9.960610572283291830e+00,2.726358588720469434e-01,7.028271331564824864e-01
1.626666666666667371e+00,8.890462725879899608e-02,2.045134769214873671e+01,1.411196906042091692e+00,3.873903773892083402e-01,9.961768685483152197e+00,2.735493523317262254e-01,7.043822999826805376e-01
1.628333333333334076e+00,7.411679506166279907e-02,2.046654477395781058e+01,1.417901172270568111e+00,3.885656368729150656e-01,9.962929225047124859e+00,2.744378086179232179e-01,7.059274032650246777e-01
1.630000000000000782e+00,5.932053025530592549e-02,2.048173519490338279e+01,1.424625399367427159e+00,3.897434631434321672e-01,9.964092158310469571e+00,2.753014057409787774e-01,7.074624446880327655e-01
1.631666666666667487e+00,4.451584128813124153e-02,2.049691893116893127e+01,1.431369583111742561e+00,3.909238394339087930e-01,9.965257452409906236e+00,2.761403216729904075e-01,7.089874277973517991e-01
1.633333333333334192e+00,2.970273661174971380e-02,2.051209595886943404e+01,1.438133719265349164e+00,3.921067489844460852e-01,9.966425074292597941e+00,2.769547343249774141e-01,7.105023579659300870e-01
1.635000000000000675e+00,1.488122467990748987e-02,2.052726625405195904e+01,1.444917803572007164e+00,3.932921750460386390e-01,9.967594990725713089e+00,2.777448215127185094e-01,7.120072423451287991e-01
1.636666666666667380e+00,5.131394783930431913e-05,2.054242979269569247e+01,1.451721831757157188e+00,3.944801008829028621e-01,9.968767168303413584e+00,2.785107609352660551e-01,7.135020898331762007e-01
1.638333333333334085e+00,-1.478698712788784064e-02,2.055758655071160135e+01,1.458545799527930731e+00,3.956705097752803990e-01,9.969941573456932105e+00,2.792527301473557988e-01,7.149869110341263712e-01
1.640000000000000790e+00,-2.963367009066431024e-02,2.057273650394324349e+01,1.465389702572199582e+00,3.968633850229532078e-01,9.971118172462615448e+00,2.799709065290728605e-01,7.164617182134039863e-01
1.641666666666667496e+00,-4.448872648387336426e-02,2.058787962816629502e+01,1.472253536558773002e+00,3.980587099470577206e-01,9.972296931449655233e+00,2.806654672666122341e-01,7.179265252685386178e-01
1.643333333333333979e+00,-5.935214785152354011e-02,2.060301589908878128e+01,1.479137297136921658e+00,3.992564678934062972e-01,9.973477816410188268e+00,2.813365893209106017e-01,7.193813476819833630e-01
1.645000000000000684e+00,-7.422392573916525293e-02,2.061814529235163818e+01,1.486040979935707274e+00,4.004566422351029664e-01,9.974660793205902820e+00,2.819844494042535454e-01,7.208262024857047257e-01
1.646666666666667389e+00,-8.910405169377710877e-02,2.063326778352809399e+01,1.492964580564296373e+00,4.016592163744412414e-01,9.975845827577092706e+00,2.826092239587968402e-01,7.222611082280375738e-01
1.648333333333334094e+00,-1.039925172646682938e-01,2.064838334812435860e+01,1.499908094611118514e+00,4.028641737462845818e-01,9.977032885151713160e+00,2.832110891255710250e-01,7.236860849259874051e-01
1.650000000000000799e+00,-1.188893140039937180e-01,2.066349196157973722e+01,1.506871517643624259e+00,4.040714978199216323e-01,9.978221931451628279e+00,2.837902207260699083e-01,7.251011540365088770e-01
1.650000000000000799e+00,-1.188893140039937180e-01,2.066349196157973722e+01,1.506871517643624259e+00,4.040714978199216323e-01,9.978221931451628279e+00,2.837902207260699083e-01,7.251011540365088770e-01
1.651666666666667505e+00,-1.338020663492152096e-01,2.067860000829511335e+01,1.513851435229522480e+00,4.052742386877787317e-01,9.984863357411054352e+00,2.776470246439573519e-01,7.182255746575878508e-01
1.653333333333334210e+00,-1.487383195504285993e-01,2.069371379824714197e+01,1.520844571450511662e+00,4.064657057689377018e-01,9.991474696358684682e+00,2.717433866544617382e-01,7.115708785164335248e-01
1.655000000000000693e+00,-1.636979508569318398e-01,2.070883319967507319e+01,1.527851121480162222e+00,4.076462587313561259e-01,9.998057425636730500e+00,2.660687600354941784e-01,7.051270108465418351e-01
1.656666666666667398e+00,-1.786808432061697260e-01,2.072395808650477278e+01,1.534871270193340909e+00,4.088162410210021691e-01,1.000461293067317570e+01,2.606132098234991146e-01,6.988845512555682538e-01
1.658333333333334103e+00,-1.936868848953849920e-01,2.073908833800323137e+01,1.541905192827311977e+00,4.099759808765462421e-01,1.001114251210813855e+01,2.553673666715643997e-01,6.928346634263335968e-01
1.660000000000000808e+00,-2.087159692775841791e-01,2.075422383845961249e+01,1.548953055590359229e+00,4.111257922643331564e-01,1.001764739225686895e+01,2.503223849493531050e-01,6.869690495780433892e-01
1.661666666666667513e+00,-2.237679944797044129e-01,2.076936447689061183e+01,1.556015016222789926e+00,4.122659757407556858e-01,1.002412872098268082e+01,2.454699046232189930e-01,6.812799091539816221e-01
1.663333333333334219e+00,-2.179862591698755736e-01,2.078451014676752351e+01,1.563091224515131827e+00,4.133968192495021121e-01,1.003058758104290327e+01,2.408020165101654175e-01,6.757599012788323423e-01
1.665000000000000702e+00,-1.996921289806614652e-01,2.079966074576354274e+01,1.570181822786824943e+00,4.145185988583973136e-01,1.003702499295992112e+01,2.363112305804543345e-01,6.704021106064519397e-01
1.666666666666667407e+00,-1.814552286014077254e-01,2.081481617551899177e+01,1.577286946329762074e+00,4.156315794426393984e-01,1.004344191947096299e+01,2.319904469614142428e-01,6.652000161716495885e-01
1.668333333333334112e+00,-1.632742577348693658e-01,2.082997634142338583e+01,1.584406723819033136e+00,4.167360153178306104e-01,1.004983926959356566e+01,2.278329294117542037e-01,6.601474629775582192e-01
1.670000000000000817e+00,-1.451479682491241263e-01,2.084514115241259447e+01,1.591541277694252576e+00,4.178321508279467245e-01,1.005621790234957658e+01,2.238322809914016776e-01,6.552386360100003193e-01
1.671666666666667522e+00,-1.270751614703140575e-01,2.086031052077984427e+01,1.598690724513941230e+00,4.189202208920724813e-01,1.006257863017950172e+01,2.199824217229416901e-01,6.504680364503417911e-01
1.673333333333334227e+00,-1.090546856596059655e-01,2.087548436199962509e+01,1.605855175284918612e+00,4.200004515127202520e-01,1.006892222207557985e+01,2.162775680663127920e-01,6.458304598810727937e-01
1.675000000000000711e+00,-9.108543365698906769e-02,2.089066259456318875e+01,1.613034735769240280e+00,4.210730602496851049e-01,1.007524940646348277e+01,2.127122140137011896e-01,6.413209762710943007e-01
1.676666666666667416e+00,-7.316634067958815990e-02,2.090584513982480530e+01,1.620229506770316075e+00,4.221382566619170107e-01,1.008156087385408917e+01,2.092811136675112871e-01,6.369349115859459509e-01
1.678333333333334121e+00,-5.529638226274791180e-02,2.092103192185799543e+01,1.627439584399785311e+00,4.231962427197304977e-01,1.008785727928644782e+01,2.059792651683199083e-01,6.326678308716530141e-01
1.680000000000000826e+00,-3.747457233164830370e-02,2.093622286732086835e+01,1.634665060326930597e+00,4.242472131901279808e-01,1.009413924458250200e+01,2.028018958395717275e-01,6.285155226655944061e-01
1.681666666666667531e+00,-1.969996139347429676e-02,2.095141790532978732e+01,1.641906022011960120e+00,4.252913559972762436e-01,1.010040736042982168e+01,1.997444484446092017e-01,6.244739846181051046e-01
1.683333333333334236e+00,-1.971634841961389384e-03,2.096661696734094349e+01,1.649162552924227532e+00,4.263288525597144774e-01,1.010666218830658991e+01,1.968025684664479746e-01,6.205394102230417097e-01
1.685000000000000719e+00,1.571128863505322215e-02,2.098181998703907425e+01,1.656434732746738137e+00,4.273598781063664975e-01,1.011290426226412187e+01,1.939720923114045259e-01,6.167081765485326050e-01
1.686666666666667425e+00,3.334965855275306978e-02,2.099702690023280738e+01,1.663722637567981888e+00,4.283846019729920518e-01,1.011913409057885893e+01,1.912490363594148146e-01,6.129768328833132829e-01
1.688333333333334130e+00,5.094429403766298492e-02,2.101223764475619049e+01,1.671026340061959825e+00,4.294031878803667435e-01,1.012535215728455285e+01,1.886295867928486358e-01,6.093420902220539892e-01
1.690000000000000835e+00,6.849598515363375384e-02,2.102745216037597231e+01,1.678345909657265045e+00,4.304157941955102928e-01,1.013155892359469412e+01,1.861100901393631102e-01,6.058008115184028153e-01
1.691666666666667540e+00,8.600549415158376121e-02,2.104267038870419171e+01,1.685681412696091730e+00,4.314225741773067280e-01,1.013775482922491733e+01,1.836870444660665680e-01,6.023500026369825733e-01
1.693333333333334245e+00,1.034735566483870883e-01,2.105789227311569789e+01,1.693032912583881444e+00,4.324236762076239526e-01,1.014394029362321525e+01,1.813570911740975677e-01,5.989868039487910023e-01
1.695000000000000728e+00,1.209008827397646257e-01,2.107311775867025361e+01,1.700400469930264835e+00,4.334192440089381648e-01,1.015011571711555938e+01,1.791170073449392941e-01,5.957084825161773622e-01
1.696666666666667433e+00,1.382881580515924469e-01,2.108834679203894424e+01,1.707784142681866735e+00,4.344094168493203290e-01,1.015628148197336067e+01,1.769636985973960797e-01,5.925124248220965395e-01
1.698333333333334139e+00,1.556360447338676067e-01,2.110357932143459792e+01,1.715183986247589276e+00,4.353943297357523723e-01,1.016243795340935385e+01,1.748941924123103842e-01,5.893961299970682521e-01
1.700000000000000844e+00,1.729451824013192862e-01,2.111881529654588618e+01,1.722600053616872851e+00,4.363741135965253926e-01,1.016858548050735145e+01,1.729056318900395739e-01,5.863572035054577247e-01
1.700000000000000844e+00,1.729451824013192862e-01,2.111881529654588618e+01,1.722600053616872851e+00,4.363741135965253926e-01,1.016858548050735145e+01,1.729056318900395739e-01,5.863572035054577247e-01
1.701666666666667549e+00,1.901931514225196906e-01,2.113405656597011273e+01,1.730025630448206009e+00,4.373391225552241135e-01,1.017334910210615462e+01,1.627834405022304254e-01,5.716939553386136685e-01
1.703333333333334254e+00,2.073588892147846252e-01,2.114930497081429905e+01,1.737454049114635524e+00,4.382798961648484704e-01,1.017809693291085971e+01,1.529805613504000850e-01,5.572755842581109675e-01
1.705000000000000737e+00,2.244450360910761333e-01,2.116456044962530925e+01,1.744885432419799098e+00,4.391968464354776280e-01,1.018282976512196569e+01,1.434945052048756386e-01,5.431066779316003901e-01
1.706666666666667442e+00,2.414542055494806050e-01,2.117982293977858177e+01,1.752319904898645531e+00,4.400903926695794999e-01,1.018754835977482287e+01,1.343224848388858694e-01,5.291913980211006008e-01
1.708333333333334147e+00,2.583889816882276591e-01,2.119509237764152587e+01,1.759757592498353285e+00,4.409609607447333435e-01,1.019225344721854398e+01,1.254614212449179644e-01,5.155334719648501096e-01
1.710000000000000853e+00,2.752519167246809673e-01,2.121036869873834618e+01,1.767198622259465779e+00,4.418089823850931408e-01,1.019694572764595719e+01,1.169079513290616490e-01,5.021361872831610063e-01
1.711666666666667558e+00,2.920455286268399675e-01,2.122565183791551036e+01,1.774643121998762840e+00,4.426348944248826300e-01,1.020162587167144252e+01,1.086584369946406725e-01,4.890023883599745602e-01
1.713333333333334263e+00,3.087722988688277326e-01,2.124094172950643866e+01,1.782091219996238873e+00,4.434391380690412277e-01,1.020629452095321987e+01,1.007089754898439632e-01,4.761344756265284972e-01
1.715000000000000746e+00,3.254346703165023058e-01,2.125623830749478316e+01,1.789543044687431861e+00,4.442221581540858333e-01,1.021095228885534745e+01,9.305541091921026853e-02,4.635344070709949138e-01
1.716666666666667451e+00,3.420350452514604456e-01,2.127154150567512403e+01,1.796998724363093602e+00,4.449844024136583309e-01,1.021559976114615331e+01,8.569334678365274349e-02,4.512037019583337027e-01
1.718333333333334156e+00,3.585757835376863767e-01,2.128685125781040455e+01,1.804458386877323184e+00,4.457263207517197512e-01,1.022023749672799298e+01,7.861815943605317270e-02,4.391434466523079228e-01
1.720000000000000862e+00,3.750592009366240376e-01,2.130216749778513474e+01,1.811922159365835672e+00,4.464483645274358037e-01,1.022486602839449432e+01,7.182501231104497508e-02,4.273543023961968723e-01
1.721666666666667567e+00,3.914875675726339210e-01,2.131749015975377048e+01,1.819390167975271755e+00,4.471509858543039617e-01,1.022948586361082945e+01,6.530887081198356869e-02,4.158365149175002884e-01
1.723333333333334272e+00,4.078631065515949672e-01,2.133281917828360008e+01,1.826862537604744263e+00,4.478346369167831020e-01,1.023409748531237184e+01,5.906451771910767312e-02,4.045899256991592474e-01
1.725000000000000755e+00,4.241879927335467926e-01,2.134815448849146691e+01,1.834339391660552598e+00,4.484997693070991720e-01,1.023870135271793735e+01,5.308656899201320140e-02,3.936139847568354555e-01
1.726666666666667460e+00,4.404643516588375718e-01,2.136349602617394083e+01,1.841820851824683691e+00,4.491468333843242622e-01,1.024329790215324643e+01,4.736948984892375147e-02,3.829077647640418136e-01
1.728333333333334165e+00,4.566942586269284732e-01,2.137884372793049437e+01,1.849307037837799372e+00,4.497762776580498945e-01,1.024788754788058043e+01,4.190761099873034634e-02,3.724699763547301701e-01
1.730000000000000870e+00,4.728797379258651290e-01,2.139419753127926072e+01,1.856798067297212196e+00,4.503885481985231976e-01,1.025247068293106345e+01,3.669514491194567074e-02,3.622989844366493184e-01
1.731666666666667576e+00,4.890227622093146209e-01,2.140955737476520326e+01,1.864294055470097300e+00,4.509840880746073810e-01,1.025704767993596533e+01,3.172620202749029672e-02,3.523928253547545797e-01
1.733333333333334281e+00,5.051252520173630245e-01,2.142492319806046197e+01,1.871795115122183883e+00,4.515633368209447940e-01,1.026161889195358334e+01,2.699480679257725002e-02,3.427492247406883075e-01
1.735000000000000764e+00,5.211890754369896683e-01,2.144029494205670971e+01,1.879301356362022890e+00,4.521267299353529667e-01,1.026618465328877861e+01,2.249491344331042836e-02,3.333656158920020873e-01
1.736666666666667469e+00,5.372160478970080533e-01,2.145567254894951503e+01,1.886812886500806474e+00,4.526746984072287372e-01,1.027074528030232692e+01,1.822042144132097335e-02,3.242391585304448820e-01
1.738333333333334174e+00,5.532079320918796839e-01,2.147105596231466151e+01,1.894329809927565833e+00,4.532076682773784060e-01,1.027530107220756328e+01,1.416519049281164504e-02,3.153667577988341630e-01
1.740000000000000879e+00,5.691664380285192948e-01,2.148644512717649491e+01,1.901852227999538902e+00,4.537260602296214196e-01,1.027985231185200199e+01,1.032305508082431537e-02,3.067450833597734072e-01
1.741666666666667584e+00,5.850932231896504021e-01,2.150183999006840452e+01,1.909380238947385955e+00,4.542302892142172643e-01,1.028439926648194813e+01,6.687838452715342413e-03,2.983705884716196244e-01
1.743333333333334068e+00,6.009898928071830682e-01,2.151724049908560232e+01,1.916913937794875844e+00,4.547207641030264758e-01,1.028894218848841469e+01,3.253366011606926948e-03,2.902395289247710064e-01
1.745000000000000773e+00,6.168580002386132577e-01,2.153264660393030638e+01,1.924453416292553953e+00,4.551978873760139654e-01,1.029348131613280870e+01,1.347807165516054658e-05,2.823479817342974263e-01
1.746666666666667478e+00,6.326990474394929009e-01,2.154805825594971580e+01,1.931998762864876040e+00,4.556620548386323133e-01,1.029801687425117507e+01,-3.037958057226883279e-03,2.746918634928064429e-01
1.748333333333334183e+00,6.485144855248670126e-01,2.156347540816687669e+01,1.939550062570239763e+00,4.561136553694471463e-01,1.030254907493592675e+01,-5.907036681466149193e-03,2.672669482978795030e-01
1.750000000000000888e+00,6.643057154126061903e-01,2.157889801530482998e+01,1.947107397073301494e+00,4.565530706972253383e-01,1.030707811819435271e+01,-8.599803050869716040e-03,2.600688851802306911e-01
