MATLAB 26.1.0.3276743 (R2026a) Update 3, partition 0 of 4
CASE-START speed=8 scenario=headOn
headOn: 4/1600 holds, last 0.087 s, source twoStageRealTimeIteration
headOn: 8/1600 holds, last 0.087 s, source twoStageRealTimeIteration
headOn: 12/1600 holds, last 0.074 s, source twoStageRealTimeIteration
headOn: 16/1600 holds, last 0.171 s, source twoStageRealTimeIteration
headOn: 20/1600 holds, last 0.090 s, source twoStageRealTimeIteration
headOn: 24/1600 holds, last 0.110 s, source twoStageRealTimeIteration
headOn: 28/1600 holds, last 0.098 s, source twoStageRealTimeIteration
headOn: 32/1600 holds, last 0.089 s, source twoStageRealTimeIteration
headOn: 36/1600 holds, last 0.104 s, source twoStageRealTimeIteration
headOn: 40/1600 holds, last 0.096 s, source twoStageRealTimeIteration
headOn: 44/1600 holds, last 0.086 s, source twoStageRealTimeIteration
headOn: 48/1600 holds, last 0.227 s, source twoStageRealTimeIteration
headOn: 52/1600 holds, last 0.086 s, source twoStageRealTimeIteration
headOn: 56/1600 holds, last 0.078 s, source twoStageRealTimeIteration
headOn: 60/1600 holds, last 0.076 s, source twoStageRealTimeIteration
headOn: 64/1600 holds, last 0.073 s, source twoStageRealTimeIteration
headOn: 68/1600 holds, last 0.065 s, source twoStageRealTimeIteration
headOn: 72/1600 holds, last 0.070 s, source twoStageRealTimeIteration
headOn: 76/1600 holds, last 0.077 s, source twoStageRealTimeIteration
headOn: 80/1600 holds, last 0.064 s, source twoStageRealTimeIteration
headOn: 84/1600 holds, last 0.124 s, source twoStageRealTimeIteration
headOn: 88/1600 holds, last 0.091 s, source twoStageRealTimeIteration
headOn: 92/1600 holds, last 0.080 s, source twoStageRealTimeIteration
headOn: 96/1600 holds, last 0.124 s, source twoStageRealTimeIteration
headOn: 100/1600 holds, last 0.101 s, source twoStageRealTimeIteration
Recovery at 5.00 s: e = [8.37825  0.336713 -0.615455  0.294697  0.247846], W = 6397.44
headOn: 104/1600 holds, last 0.055 s, source twoStageRealTimeIteration
headOn: 108/1600 holds, last 0.094 s, source twoStageRealTimeIteration
headOn: 112/1600 holds, last 0.138 s, source twoStageRealTimeIteration
headOn: 116/1600 holds, last 0.056 s, source twoStageRealTimeIteration
headOn: 120/1600 holds, last 0.056 s, source twoStageRealTimeIteration
headOn: 124/1600 holds, last 0.069 s, source twoStageRealTimeIteration
headOn: 128/1600 holds, last 0.058 s, source twoStageRealTimeIteration
headOn: 132/1600 holds, last 0.093 s, source twoStageRealTimeIteration
headOn: 136/1600 holds, last 0.050 s, source twoStageRealTimeIteration
headOn: 140/1600 holds, last 0.053 s, source twoStageRealTimeIteration
headOn: 144/1600 holds, last 0.203 s, source twoStageRealTimeIteration
headOn: 148/1600 holds, last 0.118 s, source twoStageRealTimeIteration
headOn: 152/1600 holds, last 0.109 s, source twoStageRealTimeIteration
headOn: 156/1600 holds, last 0.050 s, source twoStageRealTimeIteration
headOn: 160/1600 holds, last 0.051 s, source twoStageRealTimeIteration
headOn: 164/1600 holds, last 0.062 s, source twoStageRealTimeIteration
headOn: 168/1600 holds, last 0.067 s, source twoStageRealTimeIteration
headOn: 172/1600 holds, last 0.051 s, source twoStageRealTimeIteration
headOn: 176/1600 holds, last 0.070 s, source twoStageRealTimeIteration
headOn: 180/1600 holds, last 0.055 s, source twoStageRealTimeIteration
headOn: 184/1600 holds, last 0.059 s, source twoStageRealTimeIteration
headOn: 188/1600 holds, last 0.058 s, source twoStageRealTimeIteration
headOn: 192/1600 holds, last 0.062 s, source twoStageRealTimeIteration
headOn: 196/1600 holds, last 0.057 s, source twoStageRealTimeIteration
headOn: 200/1600 holds, last 0.112 s, source twoStageRealTimeIteration
Recovery at 10.00 s: e = [21.1651   0.285664  -0.811037 -0.0375426 -0.0304026], W = 35997.8
headOn: 204/1600 holds, last 0.054 s, source twoStageRealTimeIteration
headOn: 208/1600 holds, last 0.058 s, source twoStageRealTimeIteration
headOn: 212/1600 holds, last 0.129 s, source twoStageRealTimeIteration
headOn: 216/1600 holds, last 0.059 s, source twoStageRealTimeIteration
headOn: 220/1600 holds, last 0.055 s, source twoStageRealTimeIteration
headOn: 224/1600 holds, last 0.090 s, source twoStageRealTimeIteration
headOn: 228/1600 holds, last 0.052 s, source twoStageRealTimeIteration
headOn: 232/1600 holds, last 0.053 s, source twoStageRealTimeIteration
headOn: 236/1600 holds, last 0.097 s, source twoStageRealTimeIteration
headOn: 240/1600 holds, last 0.051 s, source twoStageRealTimeIteration
headOn: 244/1600 holds, last 0.056 s, source twoStageRealTimeIteration
headOn: 248/1600 holds, last 0.060 s, source twoStageRealTimeIteration
headOn: 252/1600 holds, last 0.100 s, source twoStageRealTimeIteration
headOn: 256/1600 holds, last 0.050 s, source twoStageRealTimeIteration
headOn: 260/1600 holds, last 0.053 s, source twoStageRealTimeIteration
headOn: 264/1600 holds, last 0.063 s, source twoStageRealTimeIteration
headOn: 268/1600 holds, last 0.054 s, source twoStageRealTimeIteration
headOn: 272/1600 holds, last 0.050 s, source twoStageRealTimeIteration
headOn: 276/1600 holds, last 0.053 s, source twoStageRealTimeIteration
headOn: 280/1600 holds, last 0.060 s, source twoStageRealTimeIteration
headOn: 284/1600 holds, last 0.053 s, source twoStageRealTimeIteration
headOn: 288/1600 holds, last 0.066 s, source twoStageRealTimeIteration
headOn: 292/1600 holds, last 0.050 s, source twoStageRealTimeIteration
headOn: 296/1600 holds, last 0.063 s, source twoStageRealTimeIteration
headOn: 300/1600 holds, last 0.087 s, source twoStageRealTimeIteration
Recovery at 15.00 s: e = [28.5109   0.134622  -0.703761 -0.0376767 -0.0307625], W = 62980
headOn: 304/1600 holds, last 0.048 s, source twoStageRealTimeIteration
headOn: 308/1600 holds, last 0.054 s, source twoStageRealTimeIteration
headOn: 312/1600 holds, last 0.050 s, source twoStageRealTimeIteration
headOn: 316/1600 holds, last 0.055 s, source twoStageRealTimeIteration
headOn: 320/1600 holds, last 0.047 s, source twoStageRealTimeIteration
headOn: 324/1600 holds, last 0.048 s, source twoStageRealTimeIteration
headOn: 328/1600 holds, last 0.049 s, source twoStageRealTimeIteration
headOn: 332/1600 holds, last 0.050 s, source twoStageRealTimeIteration
headOn: 336/1600 holds, last 0.048 s, source twoStageRealTimeIteration
headOn: 340/1600 holds, last 0.054 s, source twoStageRealTimeIteration
headOn: 344/1600 holds, last 0.048 s, source twoStageRealTimeIteration
headOn: 348/1600 holds, last 0.048 s, source twoStageRealTimeIteration
headOn: 352/1600 holds, last 0.048 s, source twoStageRealTimeIteration
headOn: 356/1600 holds, last 0.050 s, source twoStageRealTimeIteration
headOn: 360/1600 holds, last 0.048 s, source twoStageRealTimeIteration
headOn: 364/1600 holds, last 0.049 s, source twoStageRealTimeIteration
headOn: 368/1600 holds, last 0.048 s, source twoStageRealTimeIteration
headOn: 372/1600 holds, last 0.048 s, source twoStageRealTimeIteration
headOn: 376/1600 holds, last 0.048 s, source twoStageRealTimeIteration
headOn: 380/1600 holds, last 0.048 s, source twoStageRealTimeIteration
headOn: 384/1600 holds, last 0.048 s, source twoStageRealTimeIteration
headOn: 388/1600 holds, last 0.047 s, source twoStageRealTimeIteration
headOn: 392/1600 holds, last 0.049 s, source twoStageRealTimeIteration
headOn: 396/1600 holds, last 0.048 s, source twoStageRealTimeIteration
headOn: 400/1600 holds, last 0.051 s, source twoStageRealTimeIteration
Recovery at 20.00 s: e = [30.1238 -0.0412744  -0.317269 -0.0434722 -0.0368099], W = 68623.1
headOn: 404/1600 holds, last 0.047 s, source twoStageRealTimeIteration
headOn: 408/1600 holds, last 0.047 s, source twoStageRealTimeIteration
headOn: 412/1600 holds, last 0.047 s, source twoStageRealTimeIteration
headOn: 416/1600 holds, last 0.050 s, source twoStageRealTimeIteration
headOn: 420/1600 holds, last 0.122 s, source twoStageRealTimeIteration
headOn: 424/1600 holds, last 0.048 s, source twoStageRealTimeIteration
headOn: 428/1600 holds, last 0.047 s, source twoStageRealTimeIteration
headOn: 432/1600 holds, last 0.095 s, source twoStageRealTimeIteration
headOn: 436/1600 holds, last 0.047 s, source twoStageRealTimeIteration
headOn: 440/1600 holds, last 0.133 s, source twoStageRealTimeIteration
headOn: 444/1600 holds, last 0.049 s, source twoStageRealTimeIteration
headOn: 448/1600 holds, last 0.047 s, source twoStageRealTimeIteration
headOn: 452/1600 holds, last 0.059 s, source twoStageRealTimeIteration
headOn: 456/1600 holds, last 0.047 s, source twoStageRealTimeIteration
headOn: 460/1600 holds, last 0.050 s, source twoStageRealTimeIteration
headOn: 464/1600 holds, last 0.048 s, source twoStageRealTimeIteration
headOn: 468/1600 holds, last 0.084 s, source twoStageRealTimeIteration
headOn: 472/1600 holds, last 0.054 s, source twoStageRealTimeIteration
headOn: 476/1600 holds, last 0.057 s, source twoStageRealTimeIteration
headOn: 480/1600 holds, last 0.047 s, source twoStageRealTimeIteration
headOn: 484/1600 holds, last 0.052 s, source twoStageRealTimeIteration
headOn: 488/1600 holds, last 0.061 s, source twoStageRealTimeIteration
headOn: 492/1600 holds, last 0.068 s, source twoStageRealTimeIteration
headOn: 496/1600 holds, last 0.048 s, source twoStageRealTimeIteration
headOn: 500/1600 holds, last 0.049 s, source twoStageRealTimeIteration
Recovery at 25.00 s: e = [25.0012  -0.198517  0.0523758 -0.0337732 -0.0297802], W = 46108.5
headOn: 504/1600 holds, last 0.085 s, source twoStageRealTimeIteration
headOn: 508/1600 holds, last 0.047 s, source twoStageRealTimeIteration
headOn: 512/1600 holds, last 0.047 s, source twoStageRealTimeIteration
headOn: 516/1600 holds, last 0.047 s, source twoStageRealTimeIteration
headOn: 520/1600 holds, last 0.047 s, source twoStageRealTimeIteration
headOn: 524/1600 holds, last 0.047 s, source twoStageRealTimeIteration
headOn: 528/1600 holds, last 0.075 s, source twoStageRealTimeIteration
headOn: 532/1600 holds, last 0.137 s, source twoStageRealTimeIteration
headOn: 536/1600 holds, last 0.061 s, source twoStageRealTimeIteration
headOn: 540/1600 holds, last 0.048 s, source twoStageRealTimeIteration
headOn: 544/1600 holds, last 0.048 s, source twoStageRealTimeIteration
headOn: 548/1600 holds, last 0.048 s, source twoStageRealTimeIteration
headOn: 552/1600 holds, last 0.046 s, source twoStageRealTimeIteration
headOn: 556/1600 holds, last 0.049 s, source twoStageRealTimeIteration
headOn: 560/1600 holds, last 0.048 s, source twoStageRealTimeIteration
headOn: 564/1600 holds, last 0.047 s, source twoStageRealTimeIteration
headOn: 568/1600 holds, last 0.046 s, source twoStageRealTimeIteration
headOn: 572/1600 holds, last 0.045 s, source twoStageRealTimeIteration
headOn: 576/1600 holds, last 0.048 s, source twoStageRealTimeIteration
headOn: 580/1600 holds, last 0.047 s, source twoStageRealTimeIteration
headOn: 584/1600 holds, last 0.047 s, source twoStageRealTimeIteration
headOn: 588/1600 holds, last 0.041 s, source twoStageRealTimeIteration
headOn: 592/1600 holds, last 0.040 s, source twoStageRealTimeIteration
headOn: 596/1600 holds, last 0.041 s, source twoStageRealTimeIteration
headOn: 600/1600 holds, last 0.040 s, source twoStageRealTimeIteration
Recovery at 30.00 s: e = [15.6876 -0.212288 -0.348453 0.0132961 0.0109115], W = 17792.5
headOn: 604/1600 holds, last 0.043 s, source twoStageRealTimeIteration
headOn: 608/1600 holds, last 0.043 s, source twoStageRealTimeIteration
headOn: 612/1600 holds, last 0.042 s, source twoStageRealTimeIteration
headOn: 616/1600 holds, last 0.042 s, source twoStageRealTimeIteration
headOn: 620/1600 holds, last 0.042 s, source twoStageRealTimeIteration
headOn: 624/1600 holds, last 0.042 s, source twoStageRealTimeIteration
headOn: 628/1600 holds, last 0.043 s, source twoStageRealTimeIteration
headOn: 632/1600 holds, last 0.041 s, source twoStageRealTimeIteration
headOn: 636/1600 holds, last 0.043 s, source twoStageRealTimeIteration
headOn: 640/1600 holds, last 0.043 s, source twoStageRealTimeIteration
headOn: 644/1600 holds, last 0.042 s, source twoStageRealTimeIteration
headOn: 648/1600 holds, last 0.044 s, source twoStageRealTimeIteration
headOn: 652/1600 holds, last 0.042 s, source twoStageRealTimeIteration
headOn: 656/1600 holds, last 0.044 s, source twoStageRealTimeIteration
headOn: 660/1600 holds, last 0.043 s, source twoStageRealTimeIteration
headOn: 664/1600 holds, last 0.044 s, source twoStageRealTimeIteration
headOn: 668/1600 holds, last 0.044 s, source twoStageRealTimeIteration
headOn: 672/1600 holds, last 0.043 s, source twoStageRealTimeIteration
headOn: 676/1600 holds, last 0.047 s, source twoStageRealTimeIteration
headOn: 680/1600 holds, last 0.044 s, source twoStageRealTimeIteration
headOn: 684/1600 holds, last 0.043 s, source twoStageRealTimeIteration
headOn: 688/1600 holds, last 0.044 s, source twoStageRealTimeIteration
headOn: 692/1600 holds, last 0.043 s, source twoStageRealTimeIteration
headOn: 696/1600 holds, last 0.042 s, source twoStageRealTimeIteration
headOn: 700/1600 holds, last 0.044 s, source twoStageRealTimeIteration
Recovery at 35.00 s: e = [7.86161   -0.205943     -0.3937 -2.6716e-05   -2.17e-05], W = 4286.23
headOn: 704/1600 holds, last 0.043 s, source twoStageRealTimeIteration
headOn: 708/1600 holds, last 0.044 s, source twoStageRealTimeIteration
headOn: 712/1600 holds, last 0.051 s, source twoStageRealTimeIteration
headOn: 716/1600 holds, last 0.042 s, source twoStageRealTimeIteration
headOn: 720/1600 holds, last 0.042 s, source twoStageRealTimeIteration
headOn: 724/1600 holds, last 0.044 s, source twoStageRealTimeIteration
headOn: 728/1600 holds, last 0.043 s, source twoStageRealTimeIteration
headOn: 732/1600 holds, last 0.043 s, source twoStageRealTimeIteration
headOn: 736/1600 holds, last 0.043 s, source twoStageRealTimeIteration
headOn: 740/1600 holds, last 0.043 s, source twoStageRealTimeIteration
headOn: 744/1600 holds, last 0.048 s, source twoStageRealTimeIteration
headOn: 748/1600 holds, last 0.043 s, source twoStageRealTimeIteration
headOn: 752/1600 holds, last 0.045 s, source twoStageRealTimeIteration
headOn: 756/1600 holds, last 0.042 s, source twoStageRealTimeIteration
headOn: 760/1600 holds, last 0.043 s, source twoStageRealTimeIteration
headOn: 764/1600 holds, last 0.042 s, source twoStageRealTimeIteration
headOn: 768/1600 holds, last 0.041 s, source twoStageRealTimeIteration
headOn: 772/1600 holds, last 0.041 s, source twoStageRealTimeIteration
headOn: 776/1600 holds, last 0.042 s, source twoStageRealTimeIteration
headOn: 780/1600 holds, last 0.042 s, source twoStageRealTimeIteration
headOn: 784/1600 holds, last 0.043 s, source twoStageRealTimeIteration
headOn: 788/1600 holds, last 0.042 s, source twoStageRealTimeIteration
headOn: 792/1600 holds, last 0.044 s, source twoStageRealTimeIteration
headOn: 796/1600 holds, last 0.044 s, source twoStageRealTimeIteration
headOn: 800/1600 holds, last 0.046 s, source twoStageRealTimeIteration
Recovery at 40.00 s: e = [0.111602 -0.186602 -0.317745  0.117502  0.109132], W = 50.7545
headOn: 804/1600 holds, last 0.050 s, source twoStageRealTimeIteration
headOn: 808/1600 holds, last 0.172 s, source twoStageRealTimeIteration
headOn: 812/1600 holds, last 0.064 s, source twoStageRealTimeIteration
headOn: 816/1600 holds, last 0.104 s, source twoStageRealTimeIteration
headOn: 820/1600 holds, last 0.055 s, source twoStageRealTimeIteration
headOn: 824/1600 holds, last 0.144 s, source twoStageRealTimeIteration
headOn: 828/1600 holds, last 0.243 s, source twoStageRealTimeIteration
headOn: 832/1600 holds, last 0.179 s, source twoStageRealTimeIteration
headOn: 836/1600 holds, last 0.065 s, source twoStageRealTimeIteration
headOn: 840/1600 holds, last 0.162 s, source twoStageRealTimeIteration
headOn: 844/1600 holds, last 0.092 s, source twoStageRealTimeIteration
headOn: 848/1600 holds, last 0.055 s, source twoStageRealTimeIteration
headOn: 852/1600 holds, last 0.055 s, source twoStageRealTimeIteration
headOn: 856/1600 holds, last 0.118 s, source twoStageRealTimeIteration
headOn: 860/1600 holds, last 0.056 s, source twoStageRealTimeIteration
headOn: 864/1600 holds, last 0.047 s, source twoStageRealTimeIteration
headOn: 868/1600 holds, last 0.046 s, source twoStageRealTimeIteration
headOn: 872/1600 holds, last 0.047 s, source twoStageRealTimeIteration
headOn: 876/1600 holds, last 0.044 s, source twoStageRealTimeIteration
headOn: 880/1600 holds, last 0.043 s, source twoStageRealTimeIteration
headOn: 884/1600 holds, last 0.043 s, source twoStageRealTimeIteration
headOn: 888/1600 holds, last 0.043 s, source twoStageRealTimeIteration
headOn: 892/1600 holds, last 0.043 s, source twoStageRealTimeIteration
headOn: 896/1600 holds, last 0.047 s, source twoStageRealTimeIteration
headOn: 900/1600 holds, last 0.044 s, source twoStageRealTimeIteration
Recovery at 45.00 s: e = [-0.755256   0.0140801   -0.118358 -0.00272163 -0.00234497], W = 40.8707
headOn: 904/1600 holds, last 0.043 s, source twoStageRealTimeIteration
headOn: 908/1600 holds, last 0.043 s, source twoStageRealTimeIteration
headOn: 912/1600 holds, last 0.045 s, source twoStageRealTimeIteration
headOn: 916/1600 holds, last 0.044 s, source twoStageRealTimeIteration
headOn: 920/1600 holds, last 0.044 s, source twoStageRealTimeIteration
headOn: 924/1600 holds, last 0.043 s, source twoStageRealTimeIteration
headOn: 928/1600 holds, last 0.040 s, source twoStageRealTimeIteration
headOn: 932/1600 holds, last 0.041 s, source twoStageRealTimeIteration
headOn: 936/1600 holds, last 0.041 s, source twoStageRealTimeIteration
headOn: 940/1600 holds, last 0.041 s, source twoStageRealTimeIteration
headOn: 944/1600 holds, last 0.041 s, source twoStageRealTimeIteration
headOn: 948/1600 holds, last 0.041 s, source twoStageRealTimeIteration
headOn: 952/1600 holds, last 0.041 s, source twoStageRealTimeIteration
headOn: 956/1600 holds, last 0.041 s, source twoStageRealTimeIteration
headOn: 960/1600 holds, last 0.040 s, source twoStageRealTimeIteration
headOn: 964/1600 holds, last 0.040 s, source twoStageRealTimeIteration
headOn: 968/1600 holds, last 0.040 s, source twoStageRealTimeIteration
headOn: 972/1600 holds, last 0.040 s, source twoStageRealTimeIteration
headOn: 976/1600 holds, last 0.040 s, source twoStageRealTimeIteration
headOn: 980/1600 holds, last 0.040 s, source twoStageRealTimeIteration
headOn: 984/1600 holds, last 0.040 s, source twoStageRealTimeIteration
headOn: 988/1600 holds, last 0.040 s, source twoStageRealTimeIteration
headOn: 992/1600 holds, last 0.040 s, source twoStageRealTimeIteration
headOn: 996/1600 holds, last 0.040 s, source twoStageRealTimeIteration
headOn: 1000/1600 holds, last 0.043 s, source twoStageRealTimeIteration
Recovery at 50.00 s: e = [-0.32208  0.0121589  -0.276283 0.00257399 0.00219009], W = 8.51207
headOn: 1004/1600 holds, last 0.043 s, source twoStageRealTimeIteration
headOn: 1008/1600 holds, last 0.046 s, source twoStageRealTimeIteration
headOn: 1012/1600 holds, last 0.065 s, source twoStageRealTimeIteration
headOn: 1016/1600 holds, last 0.050 s, source twoStageRealTimeIteration
headOn: 1020/1600 holds, last 0.063 s, source twoStageRealTimeIteration
headOn: 1024/1600 holds, last 0.072 s, source twoStageRealTimeIteration
headOn: 1028/1600 holds, last 0.043 s, source twoStageRealTimeIteration
headOn: 1032/1600 holds, last 0.043 s, source twoStageRealTimeIteration
headOn: 1036/1600 holds, last 0.041 s, source twoStageRealTimeIteration
headOn: 1040/1600 holds, last 0.041 s, source twoStageRealTimeIteration
headOn: 1044/1600 holds, last 0.042 s, source twoStageRealTimeIteration
headOn: 1048/1600 holds, last 0.041 s, source twoStageRealTimeIteration
headOn: 1052/1600 holds, last 0.042 s, source twoStageRealTimeIteration
headOn: 1056/1600 holds, last 0.042 s, source twoStageRealTimeIteration
headOn: 1060/1600 holds, last 0.042 s, source twoStageRealTimeIteration
headOn: 1064/1600 holds, last 0.044 s, source twoStageRealTimeIteration
headOn: 1068/1600 holds, last 0.044 s, source twoStageRealTimeIteration
headOn: 1072/1600 holds, last 0.044 s, source twoStageRealTimeIteration
headOn: 1076/1600 holds, last 0.048 s, source twoStageRealTimeIteration
headOn: 1080/1600 holds, last 0.044 s, source twoStageRealTimeIteration
headOn: 1084/1600 holds, last 0.044 s, source twoStageRealTimeIteration
headOn: 1088/1600 holds, last 0.046 s, source twoStageRealTimeIteration
headOn: 1092/1600 holds, last 0.044 s, source twoStageRealTimeIteration
headOn: 1096/1600 holds, last 0.045 s, source twoStageRealTimeIteration
headOn: 1100/1600 holds, last 0.046 s, source twoStageRealTimeIteration
Recovery at 55.00 s: e = [-0.00240312  0.000517933   -0.0420088 -0.000888117 -0.000750246], W = 0.0366629
headOn: 1104/1600 holds, last 0.047 s, source twoStageRealTimeIteration
headOn: 1108/1600 holds, last 0.049 s, source twoStageRealTimeIteration
headOn: 1112/1600 holds, last 0.051 s, source twoStageRealTimeIteration
headOn: 1116/1600 holds, last 0.056 s, source twoStageRealTimeIteration
headOn: 1120/1600 holds, last 0.049 s, source twoStageRealTimeIteration
headOn: 1124/1600 holds, last 0.052 s, source twoStageRealTimeIteration
headOn: 1128/1600 holds, last 0.051 s, source twoStageRealTimeIteration
headOn: 1132/1600 holds, last 0.048 s, source twoStageRealTimeIteration
headOn: 1136/1600 holds, last 0.048 s, source twoStageRealTimeIteration
headOn: 1140/1600 holds, last 0.047 s, source twoStageRealTimeIteration
headOn: 1142/1600 frames, max 1.044 s, failure
CASE-END speed=8 scenario=headOn frames=1142 wall=76.927 recovered=1 max=1.043731 gap=0.603215500 failure=
CASE-START speed=8 scenario=turningCrossing
turningCrossing: 4/1600 holds, last 0.086 s, source twoStageRealTimeIteration
turningCrossing: 8/1600 holds, last 0.107 s, source twoStageRealTimeIteration
turningCrossing: 12/1600 holds, last 0.077 s, source twoStageRealTimeIteration
turningCrossing: 16/1600 holds, last 0.089 s, source twoStageRealTimeIteration
turningCrossing: 20/1600 holds, last 0.075 s, source twoStageRealTimeIteration
turningCrossing: 24/1600 holds, last 0.079 s, source twoStageRealTimeIteration
turningCrossing: 28/1600 holds, last 0.075 s, source twoStageRealTimeIteration
turningCrossing: 32/1600 holds, last 0.075 s, source twoStageRealTimeIteration
turningCrossing: 36/1600 holds, last 0.074 s, source twoStageRealTimeIteration
turningCrossing: 40/1600 holds, last 0.085 s, source twoStageRealTimeIteration
turningCrossing: 44/1600 holds, last 0.102 s, source twoStageRealTimeIteration
turningCrossing: 48/1600 holds, last 0.079 s, source twoStageRealTimeIteration
turningCrossing: 52/1600 holds, last 0.071 s, source twoStageRealTimeIteration
turningCrossing: 56/1600 holds, last 0.103 s, source twoStageRealTimeIteration
turningCrossing: 60/1600 holds, last 0.075 s, source twoStageRealTimeIteration
turningCrossing: 64/1600 holds, last 0.071 s, source twoStageRealTimeIteration
turningCrossing: 68/1600 holds, last 0.077 s, source twoStageRealTimeIteration
turningCrossing: 72/1600 holds, last 0.081 s, source twoStageRealTimeIteration
turningCrossing: 76/1600 holds, last 0.082 s, source twoStageRealTimeIteration
turningCrossing: 80/1600 holds, last 0.078 s, source twoStageRealTimeIteration
turningCrossing: 84/1600 holds, last 0.079 s, source twoStageRealTimeIteration
turningCrossing: 88/1600 holds, last 0.080 s, source twoStageRealTimeIteration
turningCrossing: 92/1600 holds, last 0.078 s, source twoStageRealTimeIteration
turningCrossing: 96/1600 holds, last 0.079 s, source twoStageRealTimeIteration
turningCrossing: 100/1600 holds, last 0.080 s, source twoStageRealTimeIteration
Recovery at 5.00 s: e = [-24.8077  -0.387707    4.14409 -0.0236413   0.491267], W = 50175.4
turningCrossing: 104/1600 holds, last 0.075 s, source twoStageRealTimeIteration
turningCrossing: 108/1600 holds, last 0.081 s, source twoStageRealTimeIteration
turningCrossing: 112/1600 holds, last 0.080 s, source twoStageRealTimeIteration
turningCrossing: 116/1600 holds, last 0.079 s, source twoStageRealTimeIteration
turningCrossing: 120/1600 holds, last 0.077 s, source twoStageRealTimeIteration
turningCrossing: 124/1600 holds, last 0.077 s, source twoStageRealTimeIteration
turningCrossing: 128/1600 holds, last 0.069 s, source twoStageRealTimeIteration
turningCrossing: 132/1600 holds, last 0.071 s, source twoStageRealTimeIteration
turningCrossing: 136/1600 holds, last 0.069 s, source twoStageRealTimeIteration
turningCrossing: 140/1600 holds, last 0.070 s, source twoStageRealTimeIteration
turningCrossing: 144/1600 holds, last 0.070 s, source twoStageRealTimeIteration
turningCrossing: 148/1600 holds, last 0.069 s, source twoStageRealTimeIteration
turningCrossing: 152/1600 holds, last 0.068 s, source twoStageRealTimeIteration
turningCrossing: 156/1600 holds, last 0.070 s, source twoStageRealTimeIteration
turningCrossing: 160/1600 holds, last 0.078 s, source twoStageRealTimeIteration
turningCrossing: 164/1600 holds, last 0.068 s, source twoStageRealTimeIteration
turningCrossing: 168/1600 holds, last 0.069 s, source twoStageRealTimeIteration
turningCrossing: 172/1600 holds, last 0.067 s, source twoStageRealTimeIteration
turningCrossing: 176/1600 holds, last 0.083 s, source twoStageRealTimeIteration
turningCrossing: 180/1600 holds, last 0.109 s, source twoStageRealTimeIteration
turningCrossing: 184/1600 holds, last 0.087 s, source twoStageRealTimeIteration
turningCrossing: 188/1600 holds, last 0.094 s, source twoStageRealTimeIteration
turningCrossing: 192/1600 holds, last 0.098 s, source twoStageRealTimeIteration
turningCrossing: 196/1600 holds, last 0.106 s, source twoStageRealTimeIteration
turningCrossing: 200/1600 holds, last 0.102 s, source twoStageRealTimeIteration
Recovery at 10.00 s: e = [14.011   2.20443   6.64017 -0.737749  0.514709], W = 32647.7
turningCrossing: 204/1600 holds, last 0.099 s, source twoStageRealTimeIteration
turningCrossing: 208/1600 holds, last 0.102 s, source twoStageRealTimeIteration
turningCrossing: 212/1600 holds, last 0.110 s, source twoStageRealTimeIteration
turningCrossing: 216/1600 holds, last 0.107 s, source twoStageRealTimeIteration
turningCrossing: 220/1600 holds, last 0.103 s, source twoStageRealTimeIteration
turningCrossing: 224/1600 holds, last 0.102 s, source twoStageRealTimeIteration
turningCrossing: 228/1600 holds, last 0.103 s, source twoStageRealTimeIteration
turningCrossing: 232/1600 holds, last 0.103 s, source twoStageRealTimeIteration
turningCrossing: 236/1600 holds, last 0.075 s, source twoStageRealTimeIteration
turningCrossing: 240/1600 holds, last 0.079 s, source twoStageRealTimeIteration
turningCrossing: 244/1600 holds, last 0.110 s, source twoStageRealTimeIteration
turningCrossing: 248/1600 holds, last 0.082 s, source twoStageRealTimeIteration
turningCrossing: 252/1600 holds, last 0.080 s, source twoStageRealTimeIteration
turningCrossing: 256/1600 holds, last 0.073 s, source twoStageRealTimeIteration
turningCrossing: 260/1600 holds, last 0.067 s, source twoStageRealTimeIteration
turningCrossing: 264/1600 holds, last 0.066 s, source twoStageRealTimeIteration
turningCrossing: 268/1600 holds, last 0.065 s, source twoStageRealTimeIteration
turningCrossing: 272/1600 holds, last 0.065 s, source twoStageRealTimeIteration
turningCrossing: 276/1600 holds, last 0.065 s, source twoStageRealTimeIteration
turningCrossing: 280/1600 holds, last 0.061 s, source twoStageRealTimeIteration
turningCrossing: 284/1600 holds, last 0.058 s, source twoStageRealTimeIteration
turningCrossing: 288/1600 holds, last 0.058 s, source twoStageRealTimeIteration
turningCrossing: 292/1600 holds, last 0.064 s, source twoStageRealTimeIteration
turningCrossing: 296/1600 holds, last 0.060 s, source twoStageRealTimeIteration
turningCrossing: 300/1600 holds, last 0.064 s, source twoStageRealTimeIteration
Recovery at 15.00 s: e = [-5.29011 -1.55279   6.6073  -2.0347 0.194463], W = 9314.41
turningCrossing: 304/1600 holds, last 0.058 s, source twoStageRealTimeIteration
turningCrossing: 308/1600 holds, last 0.061 s, source twoStageRealTimeIteration
turningCrossing: 312/1600 holds, last 0.067 s, source twoStageRealTimeIteration
turningCrossing: 316/1600 holds, last 0.065 s, source twoStageRealTimeIteration
turningCrossing: 320/1600 holds, last 0.079 s, source twoStageRealTimeIteration
turningCrossing: 324/1600 holds, last 0.047 s, source twoStageRealTimeIteration
turningCrossing: 328/1600 holds, last 0.046 s, source twoStageRealTimeIteration
turningCrossing: 332/1600 holds, last 0.053 s, source twoStageRealTimeIteration
turningCrossing: 336/1600 holds, last 0.056 s, source twoStageRealTimeIteration
turningCrossing: 340/1600 holds, last 0.055 s, source twoStageRealTimeIteration
turningCrossing: 344/1600 holds, last 0.046 s, source twoStageRealTimeIteration
turningCrossing: 348/1600 holds, last 0.047 s, source twoStageRealTimeIteration
turningCrossing: 352/1600 holds, last 0.058 s, source twoStageRealTimeIteration
turningCrossing: 356/1600 holds, last 0.055 s, source twoStageRealTimeIteration
turningCrossing: 360/1600 holds, last 0.048 s, source twoStageRealTimeIteration
turningCrossing: 364/1600 holds, last 0.048 s, source twoStageRealTimeIteration
turningCrossing: 368/1600 holds, last 0.057 s, source twoStageRealTimeIteration
turningCrossing: 372/1600 holds, last 0.057 s, source twoStageRealTimeIteration
turningCrossing: 376/1600 holds, last 0.057 s, source twoStageRealTimeIteration
turningCrossing: 380/1600 holds, last 0.049 s, source twoStageRealTimeIteration
turningCrossing: 384/1600 holds, last 0.049 s, source twoStageRealTimeIteration
turningCrossing: 388/1600 holds, last 0.048 s, source twoStageRealTimeIteration
turningCrossing: 392/1600 holds, last 0.047 s, source twoStageRealTimeIteration
turningCrossing: 396/1600 holds, last 0.048 s, source twoStageRealTimeIteration
turningCrossing: 400/1600 holds, last 0.047 s, source twoStageRealTimeIteration
Recovery at 20.00 s: e = [-44.3702  -1.21495  -1.05236  0.037242 0.0294164], W = 168035
turningCrossing: 404/1600 holds, last 0.049 s, source twoStageRealTimeIteration
turningCrossing: 408/1600 holds, last 0.049 s, source twoStageRealTimeIteration
turningCrossing: 412/1600 holds, last 0.048 s, source twoStageRealTimeIteration
turningCrossing: 416/1600 holds, last 0.047 s, source twoStageRealTimeIteration
turningCrossing: 420/1600 holds, last 0.049 s, source twoStageRealTimeIteration
turningCrossing: 424/1600 holds, last 0.048 s, source twoStageRealTimeIteration
turningCrossing: 428/1600 holds, last 0.049 s, source twoStageRealTimeIteration
turningCrossing: 432/1600 holds, last 0.048 s, source twoStageRealTimeIteration
turningCrossing: 436/1600 holds, last 0.048 s, source twoStageRealTimeIteration
turningCrossing: 440/1600 holds, last 0.049 s, source twoStageRealTimeIteration
turningCrossing: 444/1600 holds, last 0.048 s, source twoStageRealTimeIteration
turningCrossing: 448/1600 holds, last 0.048 s, source twoStageRealTimeIteration
turningCrossing: 452/1600 holds, last 0.048 s, source twoStageRealTimeIteration
turningCrossing: 456/1600 holds, last 0.074 s, source twoStageRealTimeIteration
turningCrossing: 460/1600 holds, last 0.079 s, source twoStageRealTimeIteration
turningCrossing: 464/1600 holds, last 0.047 s, source twoStageRealTimeIteration
turningCrossing: 468/1600 holds, last 0.048 s, source twoStageRealTimeIteration
turningCrossing: 472/1600 holds, last 0.050 s, source twoStageRealTimeIteration
turningCrossing: 476/1600 holds, last 0.050 s, source twoStageRealTimeIteration
turningCrossing: 480/1600 holds, last 0.049 s, source twoStageRealTimeIteration
turningCrossing: 484/1600 holds, last 0.051 s, source twoStageRealTimeIteration
turningCrossing: 488/1600 holds, last 0.050 s, source twoStageRealTimeIteration
turningCrossing: 492/1600 holds, last 0.053 s, source twoStageRealTimeIteration
turningCrossing: 496/1600 holds, last 0.050 s, source twoStageRealTimeIteration
turningCrossing: 500/1600 holds, last 0.050 s, source twoStageRealTimeIteration
Recovery at 25.00 s: e = [-75.3002  -1.05661  -1.15977 0.0397282 0.0310211], W = 456489
turningCrossing: 504/1600 holds, last 0.049 s, source twoStageRealTimeIteration
turningCrossing: 508/1600 holds, last 0.049 s, source twoStageRealTimeIteration
turningCrossing: 512/1600 holds, last 0.049 s, source twoStageRealTimeIteration
turningCrossing: 516/1600 holds, last 0.049 s, source twoStageRealTimeIteration
turningCrossing: 520/1600 holds, last 0.048 s, source twoStageRealTimeIteration
turningCrossing: 524/1600 holds, last 0.049 s, source twoStageRealTimeIteration
turningCrossing: 528/1600 holds, last 0.049 s, source twoStageRealTimeIteration
turningCrossing: 532/1600 holds, last 0.049 s, source twoStageRealTimeIteration
turningCrossing: 536/1600 holds, last 0.050 s, source twoStageRealTimeIteration
turningCrossing: 540/1600 holds, last 0.051 s, source twoStageRealTimeIteration
turningCrossing: 544/1600 holds, last 0.052 s, source twoStageRealTimeIteration
turningCrossing: 548/1600 holds, last 0.049 s, source twoStageRealTimeIteration
turningCrossing: 552/1600 holds, last 0.049 s, source twoStageRealTimeIteration
turningCrossing: 556/1600 holds, last 0.049 s, source twoStageRealTimeIteration
turningCrossing: 560/1600 holds, last 0.048 s, source twoStageRealTimeIteration
turningCrossing: 564/1600 holds, last 0.049 s, source twoStageRealTimeIteration
turningCrossing: 568/1600 holds, last 0.049 s, source twoStageRealTimeIteration
turningCrossing: 572/1600 holds, last 0.049 s, source twoStageRealTimeIteration
turningCrossing: 576/1600 holds, last 0.049 s, source twoStageRealTimeIteration
turningCrossing: 580/1600 holds, last 0.049 s, source twoStageRealTimeIteration
turningCrossing: 584/1600 holds, last 0.049 s, source twoStageRealTimeIteration
turningCrossing: 588/1600 holds, last 0.049 s, source twoStageRealTimeIteration
turningCrossing: 592/1600 holds, last 0.048 s, source twoStageRealTimeIteration
turningCrossing: 596/1600 holds, last 0.047 s, source twoStageRealTimeIteration
turningCrossing: 600/1600 holds, last 0.048 s, source twoStageRealTimeIteration
Recovery at 30.00 s: e = [-103.191 -0.891975  -1.24669 0.0434026 0.0335729], W = 838152
turningCrossing: 604/1600 holds, last 0.050 s, source twoStageRealTimeIteration
turningCrossing: 608/1600 holds, last 0.048 s, source twoStageRealTimeIteration
turningCrossing: 612/1600 holds, last 0.049 s, source twoStageRealTimeIteration
turningCrossing: 616/1600 holds, last 0.050 s, source twoStageRealTimeIteration
turningCrossing: 620/1600 holds, last 0.050 s, source twoStageRealTimeIteration
turningCrossing: 624/1600 holds, last 0.050 s, source twoStageRealTimeIteration
turningCrossing: 628/1600 holds, last 0.050 s, source twoStageRealTimeIteration
turningCrossing: 632/1600 holds, last 0.050 s, source twoStageRealTimeIteration
turningCrossing: 636/1600 holds, last 0.048 s, source twoStageRealTimeIteration
turningCrossing: 640/1600 holds, last 0.048 s, source twoStageRealTimeIteration
turningCrossing: 644/1600 holds, last 0.047 s, source twoStageRealTimeIteration
turningCrossing: 648/1600 holds, last 0.047 s, source twoStageRealTimeIteration
turningCrossing: 652/1600 holds, last 0.048 s, source twoStageRealTimeIteration
turningCrossing: 656/1600 holds, last 0.049 s, source twoStageRealTimeIteration
turningCrossing: 660/1600 holds, last 0.048 s, source twoStageRealTimeIteration
turningCrossing: 664/1600 holds, last 0.049 s, source twoStageRealTimeIteration
turningCrossing: 668/1600 holds, last 0.048 s, source twoStageRealTimeIteration
turningCrossing: 672/1600 holds, last 0.048 s, source twoStageRealTimeIteration
turningCrossing: 676/1600 holds, last 0.048 s, source twoStageRealTimeIteration
turningCrossing: 680/1600 holds, last 0.050 s, source twoStageRealTimeIteration
turningCrossing: 684/1600 holds, last 0.049 s, source twoStageRealTimeIteration
turningCrossing: 688/1600 holds, last 0.048 s, source twoStageRealTimeIteration
turningCrossing: 692/1600 holds, last 0.048 s, source twoStageRealTimeIteration
turningCrossing: 696/1600 holds, last 0.047 s, source twoStageRealTimeIteration
turningCrossing: 700/1600 holds, last 0.049 s, source twoStageRealTimeIteration
Recovery at 35.00 s: e = [-127.451 -0.726482   -1.2497 0.0448631 0.0349149], W = 1.26324e+06
turningCrossing: 704/1600 holds, last 0.047 s, source twoStageRealTimeIteration
turningCrossing: 708/1600 holds, last 0.049 s, source twoStageRealTimeIteration
turningCrossing: 712/1600 holds, last 0.048 s, source twoStageRealTimeIteration
turningCrossing: 716/1600 holds, last 0.047 s, source twoStageRealTimeIteration
turningCrossing: 720/1600 holds, last 0.047 s, source twoStageRealTimeIteration
turningCrossing: 724/1600 holds, last 0.048 s, source twoStageRealTimeIteration
turningCrossing: 728/1600 holds, last 0.048 s, source twoStageRealTimeIteration
turningCrossing: 732/1600 holds, last 0.050 s, source twoStageRealTimeIteration
turningCrossing: 736/1600 holds, last 0.049 s, source twoStageRealTimeIteration
turningCrossing: 740/1600 holds, last 0.049 s, source twoStageRealTimeIteration
turningCrossing: 744/1600 holds, last 0.048 s, source twoStageRealTimeIteration
turningCrossing: 748/1600 holds, last 0.049 s, source twoStageRealTimeIteration
turningCrossing: 752/1600 holds, last 0.050 s, source twoStageRealTimeIteration
turningCrossing: 756/1600 holds, last 0.049 s, source twoStageRealTimeIteration
turningCrossing: 760/1600 holds, last 0.048 s, source twoStageRealTimeIteration
turningCrossing: 764/1600 holds, last 0.049 s, source twoStageRealTimeIteration
turningCrossing: 768/1600 holds, last 0.049 s, source twoStageRealTimeIteration
turningCrossing: 772/1600 holds, last 0.048 s, source twoStageRealTimeIteration
turningCrossing: 776/1600 holds, last 0.048 s, source twoStageRealTimeIteration
turningCrossing: 780/1600 holds, last 0.049 s, source twoStageRealTimeIteration
turningCrossing: 784/1600 holds, last 0.049 s, source twoStageRealTimeIteration
turningCrossing: 788/1600 holds, last 0.049 s, source twoStageRealTimeIteration
turningCrossing: 792/1600 holds, last 0.049 s, source twoStageRealTimeIteration
turningCrossing: 796/1600 holds, last 0.049 s, source twoStageRealTimeIteration
turningCrossing: 800/1600 holds, last 0.048 s, source twoStageRealTimeIteration
Recovery at 40.00 s: e = [-147.44 -0.556979    -1.265 0.0460916 0.0357835], W = 1.67749e+06
turningCrossing: 804/1600 holds, last 0.047 s, source twoStageRealTimeIteration
turningCrossing: 808/1600 holds, last 0.048 s, source twoStageRealTimeIteration
turningCrossing: 812/1600 holds, last 0.050 s, source twoStageRealTimeIteration
turningCrossing: 816/1600 holds, last 0.048 s, source twoStageRealTimeIteration
turningCrossing: 820/1600 holds, last 0.050 s, source twoStageRealTimeIteration
turningCrossing: 824/1600 holds, last 0.049 s, source twoStageRealTimeIteration
turningCrossing: 828/1600 holds, last 0.048 s, source twoStageRealTimeIteration
turningCrossing: 832/1600 holds, last 0.048 s, source twoStageRealTimeIteration
turningCrossing: 836/1600 holds, last 0.049 s, source twoStageRealTimeIteration
turningCrossing: 840/1600 holds, last 0.048 s, source twoStageRealTimeIteration
turningCrossing: 844/1600 holds, last 0.049 s, source twoStageRealTimeIteration
turningCrossing: 848/1600 holds, last 0.051 s, source twoStageRealTimeIteration
turningCrossing: 852/1600 holds, last 0.049 s, source twoStageRealTimeIteration
turningCrossing: 856/1600 holds, last 0.049 s, source twoStageRealTimeIteration
turningCrossing: 860/1600 holds, last 0.051 s, source twoStageRealTimeIteration
turningCrossing: 864/1600 holds, last 0.050 s, source twoStageRealTimeIteration
turningCrossing: 868/1600 holds, last 0.050 s, source twoStageRealTimeIteration
turningCrossing: 872/1600 holds, last 0.049 s, source twoStageRealTimeIteration
turningCrossing: 876/1600 holds, last 0.049 s, source twoStageRealTimeIteration
turningCrossing: 880/1600 holds, last 0.049 s, source twoStageRealTimeIteration
turningCrossing: 884/1600 holds, last 0.048 s, source twoStageRealTimeIteration
turningCrossing: 888/1600 holds, last 0.049 s, source twoStageRealTimeIteration
turningCrossing: 892/1600 holds, last 0.049 s, source twoStageRealTimeIteration
turningCrossing: 896/1600 holds, last 0.049 s, source twoStageRealTimeIteration
turningCrossing: 900/1600 holds, last 0.049 s, source twoStageRealTimeIteration
Recovery at 45.00 s: e = [-162.624 -0.390466  -1.26021 0.0451306 0.0350479], W = 2.02963e+06
turningCrossing: 904/1600 holds, last 0.049 s, source twoStageRealTimeIteration
turningCrossing: 908/1600 holds, last 0.048 s, source twoStageRealTimeIteration
turningCrossing: 912/1600 holds, last 0.050 s, source twoStageRealTimeIteration
turningCrossing: 916/1600 holds, last 0.050 s, source twoStageRealTimeIteration
turningCrossing: 920/1600 holds, last 0.054 s, source twoStageRealTimeIteration
turningCrossing: 924/1600 holds, last 0.050 s, source twoStageRealTimeIteration
turningCrossing: 928/1600 holds, last 0.048 s, source twoStageRealTimeIteration
turningCrossing: 932/1600 holds, last 0.050 s, source twoStageRealTimeIteration
turningCrossing: 936/1600 holds, last 0.050 s, source twoStageRealTimeIteration
turningCrossing: 940/1600 holds, last 0.049 s, source twoStageRealTimeIteration
turningCrossing: 944/1600 holds, last 0.050 s, source twoStageRealTimeIteration
turningCrossing: 948/1600 holds, last 0.048 s, source twoStageRealTimeIteration
turningCrossing: 952/1600 holds, last 0.048 s, source twoStageRealTimeIteration
turningCrossing: 956/1600 holds, last 0.049 s, source twoStageRealTimeIteration
turningCrossing: 960/1600 holds, last 0.048 s, source twoStageRealTimeIteration
turningCrossing: 964/1600 holds, last 0.054 s, source twoStageRealTimeIteration
turningCrossing: 968/1600 holds, last 0.049 s, source twoStageRealTimeIteration
turningCrossing: 972/1600 holds, last 0.052 s, source twoStageRealTimeIteration
turningCrossing: 976/1600 holds, last 0.049 s, source twoStageRealTimeIteration
turningCrossing: 980/1600 holds, last 0.049 s, source twoStageRealTimeIteration
turningCrossing: 984/1600 holds, last 0.049 s, source twoStageRealTimeIteration
turningCrossing: 988/1600 holds, last 0.049 s, source twoStageRealTimeIteration
turningCrossing: 992/1600 holds, last 0.049 s, source twoStageRealTimeIteration
turningCrossing: 996/1600 holds, last 0.049 s, source twoStageRealTimeIteration
turningCrossing: 1000/1600 holds, last 0.052 s, source twoStageRealTimeIteration
Recovery at 50.00 s: e = [-172.591 -0.225868  -1.23677 0.0430604 0.0334967], W = 2.27616e+06
turningCrossing: 1004/1600 holds, last 0.054 s, source twoStageRealTimeIteration
turningCrossing: 1008/1600 holds, last 0.050 s, source twoStageRealTimeIteration
turningCrossing: 1012/1600 holds, last 0.050 s, source twoStageRealTimeIteration
turningCrossing: 1016/1600 holds, last 0.050 s, source twoStageRealTimeIteration
turningCrossing: 1020/1600 holds, last 0.051 s, source twoStageRealTimeIteration
turningCrossing: 1024/1600 holds, last 0.053 s, source twoStageRealTimeIteration
turningCrossing: 1028/1600 holds, last 0.050 s, source twoStageRealTimeIteration
turningCrossing: 1032/1600 holds, last 0.050 s, source twoStageRealTimeIteration
turningCrossing: 1036/1600 holds, last 0.049 s, source twoStageRealTimeIteration
turningCrossing: 1040/1600 holds, last 0.049 s, source twoStageRealTimeIteration
turningCrossing: 1044/1600 holds, last 0.049 s, source twoStageRealTimeIteration
turningCrossing: 1048/1600 holds, last 0.049 s, source twoStageRealTimeIteration
turningCrossing: 1052/1600 holds, last 0.050 s, source twoStageRealTimeIteration
turningCrossing: 1056/1600 holds, last 0.050 s, source twoStageRealTimeIteration
turningCrossing: 1060/1600 holds, last 0.050 s, source twoStageRealTimeIteration
turningCrossing: 1064/1600 holds, last 0.050 s, source twoStageRealTimeIteration
turningCrossing: 1068/1600 holds, last 0.050 s, source twoStageRealTimeIteration
turningCrossing: 1072/1600 holds, last 0.050 s, source twoStageRealTimeIteration
turningCrossing: 1076/1600 holds, last 0.050 s, source twoStageRealTimeIteration
turningCrossing: 1080/1600 holds, last 0.050 s, source twoStageRealTimeIteration
turningCrossing: 1084/1600 holds, last 0.049 s, source twoStageRealTimeIteration
turningCrossing: 1088/1600 holds, last 0.049 s, source twoStageRealTimeIteration
turningCrossing: 1092/1600 holds, last 0.049 s, source twoStageRealTimeIteration
turningCrossing: 1096/1600 holds, last 0.052 s, source twoStageRealTimeIteration
turningCrossing: 1100/1600 holds, last 0.048 s, source twoStageRealTimeIteration
Recovery at 55.00 s: e = [-177.121 -0.0589354   -1.22883  0.0380749   0.029621], W = 2.38803e+06
turningCrossing: 1104/1600 holds, last 0.048 s, source twoStageRealTimeIteration
turningCrossing: 1108/1600 holds, last 0.048 s, source twoStageRealTimeIteration
turningCrossing: 1112/1600 holds, last 0.049 s, source twoStageRealTimeIteration
turningCrossing: 1116/1600 holds, last 0.048 s, source twoStageRealTimeIteration
turningCrossing: 1120/1600 holds, last 0.049 s, source twoStageRealTimeIteration
turningCrossing: 1124/1600 holds, last 0.048 s, source twoStageRealTimeIteration
turningCrossing: 1128/1600 holds, last 0.049 s, source twoStageRealTimeIteration
turningCrossing: 1132/1600 holds, last 0.049 s, source twoStageRealTimeIteration
turningCrossing: 1136/1600 holds, last 0.054 s, source twoStageRealTimeIteration
turningCrossing: 1140/1600 holds, last 0.049 s, source twoStageRealTimeIteration
turningCrossing: 1144/1600 holds, last 0.048 s, source twoStageRealTimeIteration
turningCrossing: 1148/1600 holds, last 0.049 s, source twoStageRealTimeIteration
turningCrossing: 1152/1600 holds, last 0.049 s, source twoStageRealTimeIteration
turningCrossing: 1156/1600 holds, last 0.053 s, source twoStageRealTimeIteration
turningCrossing: 1160/1600 holds, last 0.050 s, source twoStageRealTimeIteration
turningCrossing: 1164/1600 holds, last 0.049 s, source twoStageRealTimeIteration
turningCrossing: 1168/1600 holds, last 0.050 s, source twoStageRealTimeIteration
turningCrossing: 1172/1600 holds, last 0.050 s, source twoStageRealTimeIteration
turningCrossing: 1176/1600 holds, last 0.049 s, source twoStageRealTimeIteration
turningCrossing: 1180/1600 holds, last 0.050 s, source twoStageRealTimeIteration
turningCrossing: 1184/1600 holds, last 0.049 s, source twoStageRealTimeIteration
turningCrossing: 1188/1600 holds, last 0.049 s, source twoStageRealTimeIteration
turningCrossing: 1192/1600 holds, last 0.048 s, source twoStageRealTimeIteration
turningCrossing: 1196/1600 holds, last 0.048 s, source twoStageRealTimeIteration
turningCrossing: 1200/1600 holds, last 0.048 s, source twoStageRealTimeIteration
Recovery at 60.00 s: e = [-176.155  0.105568 -0.547174 0.0440039 0.0364389], W = 2.35342e+06
turningCrossing: 1204/1600 holds, last 0.052 s, source twoStageRealTimeIteration
turningCrossing: 1208/1600 holds, last 0.049 s, source twoStageRealTimeIteration
turningCrossing: 1212/1600 holds, last 0.049 s, source twoStageRealTimeIteration
turningCrossing: 1216/1600 holds, last 0.048 s, source twoStageRealTimeIteration
turningCrossing: 1220/1600 holds, last 0.048 s, source twoStageRealTimeIteration
turningCrossing: 1224/1600 holds, last 0.048 s, source twoStageRealTimeIteration
turningCrossing: 1228/1600 holds, last 0.049 s, source twoStageRealTimeIteration
turningCrossing: 1232/1600 holds, last 0.049 s, source twoStageRealTimeIteration
turningCrossing: 1236/1600 holds, last 0.048 s, source twoStageRealTimeIteration
turningCrossing: 1240/1600 holds, last 0.049 s, source twoStageRealTimeIteration
turningCrossing: 1244/1600 holds, last 0.051 s, source twoStageRealTimeIteration
turningCrossing: 1248/1600 holds, last 0.048 s, source twoStageRealTimeIteration
turningCrossing: 1252/1600 holds, last 0.049 s, source twoStageRealTimeIteration
turningCrossing: 1256/1600 holds, last 0.050 s, source twoStageRealTimeIteration
turningCrossing: 1260/1600 holds, last 0.050 s, source twoStageRealTimeIteration
turningCrossing: 1264/1600 holds, last 0.049 s, source twoStageRealTimeIteration
turningCrossing: 1268/1600 holds, last 0.049 s, source twoStageRealTimeIteration
turningCrossing: 1272/1600 holds, last 0.049 s, source twoStageRealTimeIteration
turningCrossing: 1276/1600 holds, last 0.049 s, source twoStageRealTimeIteration
turningCrossing: 1280/1600 holds, last 0.052 s, source twoStageRealTimeIteration
turningCrossing: 1284/1600 holds, last 0.049 s, source twoStageRealTimeIteration
turningCrossing: 1288/1600 holds, last 0.049 s, source twoStageRealTimeIteration
turningCrossing: 1292/1600 holds, last 0.049 s, source twoStageRealTimeIteration
turningCrossing: 1296/1600 holds, last 0.049 s, source twoStageRealTimeIteration
turningCrossing: 1300/1600 holds, last 0.050 s, source twoStageRealTimeIteration
Recovery at 65.00 s: e = [-167.763  0.297556  0.630857 0.0440309 0.0417864], W = 2.12486e+06
turningCrossing: 1304/1600 holds, last 0.050 s, source twoStageRealTimeIteration
turningCrossing: 1308/1600 holds, last 0.052 s, source twoStageRealTimeIteration
turningCrossing: 1312/1600 holds, last 0.051 s, source twoStageRealTimeIteration
turningCrossing: 1316/1600 holds, last 0.051 s, source twoStageRealTimeIteration
turningCrossing: 1320/1600 holds, last 0.050 s, source twoStageRealTimeIteration
turningCrossing: 1324/1600 holds, last 0.050 s, source twoStageRealTimeIteration
turningCrossing: 1328/1600 holds, last 0.055 s, source twoStageRealTimeIteration
turningCrossing: 1332/1600 holds, last 0.049 s, source twoStageRealTimeIteration
turningCrossing: 1336/1600 holds, last 0.048 s, source twoStageRealTimeIteration
turningCrossing: 1340/1600 holds, last 0.050 s, source twoStageRealTimeIteration
turningCrossing: 1344/1600 holds, last 0.048 s, source twoStageRealTimeIteration
turningCrossing: 1348/1600 holds, last 0.056 s, source twoStageRealTimeIteration
turningCrossing: 1352/1600 holds, last 0.048 s, source twoStageRealTimeIteration
turningCrossing: 1356/1600 holds, last 0.048 s, source twoStageRealTimeIteration
turningCrossing: 1360/1600 holds, last 0.049 s, source twoStageRealTimeIteration
turningCrossing: 1364/1600 holds, last 0.050 s, source twoStageRealTimeIteration
turningCrossing: 1368/1600 holds, last 0.048 s, source twoStageRealTimeIteration
turningCrossing: 1372/1600 holds, last 0.048 s, source twoStageRealTimeIteration
turningCrossing: 1376/1600 holds, last 0.048 s, source twoStageRealTimeIteration
turningCrossing: 1380/1600 holds, last 0.049 s, source twoStageRealTimeIteration
turningCrossing: 1384/1600 holds, last 0.049 s, source twoStageRealTimeIteration
turningCrossing: 1388/1600 holds, last 0.048 s, source twoStageRealTimeIteration
turningCrossing: 1392/1600 holds, last 0.048 s, source twoStageRealTimeIteration
turningCrossing: 1396/1600 holds, last 0.048 s, source twoStageRealTimeIteration
turningCrossing: 1400/1600 holds, last 0.049 s, source twoStageRealTimeIteration
Recovery at 70.00 s: e = [-150.768  0.497349  0.643611 0.0395881 0.0375371], W = 1.70611e+06
turningCrossing: 1404/1600 holds, last 0.048 s, source twoStageRealTimeIteration
turningCrossing: 1408/1600 holds, last 0.047 s, source twoStageRealTimeIteration
turningCrossing: 1412/1600 holds, last 0.051 s, source twoStageRealTimeIteration
turningCrossing: 1416/1600 holds, last 0.051 s, source twoStageRealTimeIteration
turningCrossing: 1420/1600 holds, last 0.052 s, source twoStageRealTimeIteration
turningCrossing: 1424/1600 holds, last 0.053 s, source twoStageRealTimeIteration
turningCrossing: 1428/1600 holds, last 0.051 s, source twoStageRealTimeIteration
turningCrossing: 1432/1600 holds, last 0.051 s, source twoStageRealTimeIteration
turningCrossing: 1436/1600 holds, last 0.051 s, source twoStageRealTimeIteration
turningCrossing: 1440/1600 holds, last 0.052 s, source twoStageRealTimeIteration
turningCrossing: 1444/1600 holds, last 0.051 s, source twoStageRealTimeIteration
turningCrossing: 1448/1600 holds, last 0.051 s, source twoStageRealTimeIteration
turningCrossing: 1452/1600 holds, last 0.054 s, source twoStageRealTimeIteration
turningCrossing: 1456/1600 holds, last 0.051 s, source twoStageRealTimeIteration
turningCrossing: 1460/1600 holds, last 0.051 s, source twoStageRealTimeIteration
turningCrossing: 1464/1600 holds, last 0.054 s, source twoStageRealTimeIteration
turningCrossing: 1468/1600 holds, last 0.051 s, source twoStageRealTimeIteration
turningCrossing: 1472/1600 holds, last 0.048 s, source twoStageRealTimeIteration
turningCrossing: 1476/1600 holds, last 0.051 s, source twoStageRealTimeIteration
turningCrossing: 1480/1600 holds, last 0.052 s, source twoStageRealTimeIteration
turningCrossing: 1484/1600 holds, last 0.050 s, source twoStageRealTimeIteration
turningCrossing: 1488/1600 holds, last 0.051 s, source twoStageRealTimeIteration
turningCrossing: 1492/1600 holds, last 0.050 s, source twoStageRealTimeIteration
turningCrossing: 1496/1600 holds, last 0.048 s, source twoStageRealTimeIteration
turningCrossing: 1500/1600 holds, last 0.047 s, source twoStageRealTimeIteration
Recovery at 75.00 s: e = [-126.921   0.67226  0.500736 0.0385153 0.0359428], W = 1.19995e+06
turningCrossing: 1504/1600 holds, last 0.047 s, source twoStageRealTimeIteration
turningCrossing: 1508/1600 holds, last 0.049 s, source twoStageRealTimeIteration
turningCrossing: 1512/1600 holds, last 0.047 s, source twoStageRealTimeIteration
turningCrossing: 1516/1600 holds, last 0.047 s, source twoStageRealTimeIteration
turningCrossing: 1520/1600 holds, last 0.048 s, source twoStageRealTimeIteration
turningCrossing: 1524/1600 holds, last 0.048 s, source twoStageRealTimeIteration
turningCrossing: 1528/1600 holds, last 0.047 s, source twoStageRealTimeIteration
turningCrossing: 1532/1600 holds, last 0.048 s, source twoStageRealTimeIteration
turningCrossing: 1536/1600 holds, last 0.047 s, source twoStageRealTimeIteration
turningCrossing: 1540/1600 holds, last 0.047 s, source twoStageRealTimeIteration
turningCrossing: 1544/1600 holds, last 0.047 s, source twoStageRealTimeIteration
turningCrossing: 1548/1600 holds, last 0.047 s, source twoStageRealTimeIteration
turningCrossing: 1552/1600 holds, last 0.047 s, source twoStageRealTimeIteration
turningCrossing: 1556/1600 holds, last 0.048 s, source twoStageRealTimeIteration
turningCrossing: 1560/1600 holds, last 0.048 s, source twoStageRealTimeIteration
turningCrossing: 1564/1600 holds, last 0.049 s, source twoStageRealTimeIteration
turningCrossing: 1568/1600 holds, last 0.048 s, source twoStageRealTimeIteration
turningCrossing: 1572/1600 holds, last 0.047 s, source twoStageRealTimeIteration
turningCrossing: 1576/1600 holds, last 0.047 s, source twoStageRealTimeIteration
turningCrossing: 1580/1600 holds, last 0.048 s, source twoStageRealTimeIteration
turningCrossing: 1584/1600 holds, last 0.047 s, source twoStageRealTimeIteration
turningCrossing: 1588/1600 holds, last 0.048 s, source twoStageRealTimeIteration
turningCrossing: 1592/1600 holds, last 0.048 s, source twoStageRealTimeIteration
turningCrossing: 1596/1600 holds, last 0.048 s, source twoStageRealTimeIteration
turningCrossing: 1600/1600 holds, last 0.047 s, source twoStageRealTimeIteration
Recovery at 80.00 s: e = [-97.5368  0.853405  0.455428 0.0392291 0.0363702], W = 699603
turningCrossing: 1600/1600 frames, max 0.179 s, failure
CASE-END speed=8 scenario=turningCrossing frames=1600 wall=98.864 recovered=0 max=0.178730 gap=0.440102499 failure=
CASE-START speed=15 scenario=acceleratingHeadOn
acceleratingHeadOn: 4/1600 holds, last 0.086 s, source twoStageRealTimeIteration
acceleratingHeadOn: 8/1600 holds, last 0.102 s, source twoStageRealTimeIteration
acceleratingHeadOn: 12/1600 holds, last 0.092 s, source twoStageRealTimeIteration
acceleratingHeadOn: 16/1600 holds, last 0.172 s, source twoStageRealTimeIteration
acceleratingHeadOn: 20/1600 holds, last 0.093 s, source twoStageRealTimeIteration
acceleratingHeadOn: 24/1600 holds, last 0.090 s, source twoStageRealTimeIteration
acceleratingHeadOn: 28/1600 holds, last 0.068 s, source twoStageRealTimeIteration
acceleratingHeadOn: 32/1600 holds, last 0.075 s, source twoStageRealTimeIteration
acceleratingHeadOn: 36/1600 holds, last 0.099 s, source twoStageRealTimeIteration
acceleratingHeadOn: 40/1600 holds, last 0.090 s, source twoStageRealTimeIteration
acceleratingHeadOn: 44/1600 holds, last 0.071 s, source twoStageRealTimeIteration
acceleratingHeadOn: 48/1600 holds, last 0.090 s, source twoStageRealTimeIteration
acceleratingHeadOn: 52/1600 holds, last 0.091 s, source twoStageRealTimeIteration
acceleratingHeadOn: 56/1600 holds, last 0.053 s, source twoStageRealTimeIteration
acceleratingHeadOn: 60/1600 holds, last 0.053 s, source twoStageRealTimeIteration
acceleratingHeadOn: 64/1600 holds, last 0.057 s, source twoStageRealTimeIteration
acceleratingHeadOn: 68/1600 holds, last 0.056 s, source twoStageRealTimeIteration
acceleratingHeadOn: 72/1600 holds, last 0.053 s, source twoStageRealTimeIteration
acceleratingHeadOn: 76/1600 holds, last 0.053 s, source twoStageRealTimeIteration
acceleratingHeadOn: 80/1600 holds, last 0.058 s, source twoStageRealTimeIteration
acceleratingHeadOn: 84/1600 holds, last 0.054 s, source twoStageRealTimeIteration
acceleratingHeadOn: 88/1600 holds, last 0.053 s, source twoStageRealTimeIteration
acceleratingHeadOn: 92/1600 holds, last 0.055 s, source twoStageRealTimeIteration
acceleratingHeadOn: 96/1600 holds, last 0.055 s, source twoStageRealTimeIteration
acceleratingHeadOn: 100/1600 holds, last 0.055 s, source twoStageRealTimeIteration
Recovery at 5.00 s: e = [3.3687 -0.0244635  -0.825264 0.00158304  0.0083874], W = 629.82
acceleratingHeadOn: 104/1600 holds, last 0.055 s, source twoStageRealTimeIteration
acceleratingHeadOn: 108/1600 holds, last 0.057 s, source twoStageRealTimeIteration
acceleratingHeadOn: 112/1600 holds, last 0.055 s, source twoStageRealTimeIteration
acceleratingHeadOn: 116/1600 holds, last 0.054 s, source twoStageRealTimeIteration
acceleratingHeadOn: 120/1600 holds, last 0.055 s, source twoStageRealTimeIteration
acceleratingHeadOn: 124/1600 holds, last 0.055 s, source twoStageRealTimeIteration
acceleratingHeadOn: 128/1600 holds, last 0.058 s, source twoStageRealTimeIteration
acceleratingHeadOn: 132/1600 holds, last 0.055 s, source twoStageRealTimeIteration
acceleratingHeadOn: 136/1600 holds, last 0.054 s, source twoStageRealTimeIteration
acceleratingHeadOn: 140/1600 holds, last 0.055 s, source twoStageRealTimeIteration
acceleratingHeadOn: 144/1600 holds, last 0.055 s, source twoStageRealTimeIteration
acceleratingHeadOn: 148/1600 holds, last 0.056 s, source twoStageRealTimeIteration
acceleratingHeadOn: 152/1600 holds, last 0.055 s, source twoStageRealTimeIteration
acceleratingHeadOn: 156/1600 holds, last 0.056 s, source twoStageRealTimeIteration
acceleratingHeadOn: 160/1600 holds, last 0.054 s, source twoStageRealTimeIteration
acceleratingHeadOn: 164/1600 holds, last 0.053 s, source twoStageRealTimeIteration
acceleratingHeadOn: 168/1600 holds, last 0.053 s, source twoStageRealTimeIteration
acceleratingHeadOn: 172/1600 holds, last 0.053 s, source twoStageRealTimeIteration
acceleratingHeadOn: 176/1600 holds, last 0.056 s, source twoStageRealTimeIteration
acceleratingHeadOn: 180/1600 holds, last 0.051 s, source twoStageRealTimeIteration
acceleratingHeadOn: 184/1600 holds, last 0.051 s, source twoStageRealTimeIteration
acceleratingHeadOn: 188/1600 holds, last 0.052 s, source twoStageRealTimeIteration
acceleratingHeadOn: 192/1600 holds, last 0.053 s, source twoStageRealTimeIteration
acceleratingHeadOn: 196/1600 holds, last 0.052 s, source twoStageRealTimeIteration
acceleratingHeadOn: 200/1600 holds, last 0.051 s, source twoStageRealTimeIteration
Recovery at 10.00 s: e = [1.93413      -0.0149     -0.44379 -0.000119531   0.00113837], W = 206.333
acceleratingHeadOn: 204/1600 holds, last 0.051 s, source twoStageRealTimeIteration
acceleratingHeadOn: 208/1600 holds, last 0.050 s, source twoStageRealTimeIteration
acceleratingHeadOn: 212/1600 holds, last 0.051 s, source twoStageRealTimeIteration
acceleratingHeadOn: 216/1600 holds, last 0.050 s, source twoStageRealTimeIteration
acceleratingHeadOn: 220/1600 holds, last 0.050 s, source twoStageRealTimeIteration
acceleratingHeadOn: 224/1600 holds, last 0.052 s, source twoStageRealTimeIteration
acceleratingHeadOn: 228/1600 holds, last 0.050 s, source twoStageRealTimeIteration
acceleratingHeadOn: 232/1600 holds, last 0.050 s, source twoStageRealTimeIteration
acceleratingHeadOn: 236/1600 holds, last 0.050 s, source twoStageRealTimeIteration
acceleratingHeadOn: 240/1600 holds, last 0.050 s, source twoStageRealTimeIteration
acceleratingHeadOn: 244/1600 holds, last 0.054 s, source twoStageRealTimeIteration
acceleratingHeadOn: 248/1600 holds, last 0.052 s, source twoStageRealTimeIteration
acceleratingHeadOn: 252/1600 holds, last 0.052 s, source twoStageRealTimeIteration
acceleratingHeadOn: 256/1600 holds, last 0.050 s, source twoStageRealTimeIteration
acceleratingHeadOn: 260/1600 holds, last 0.050 s, source twoStageRealTimeIteration
acceleratingHeadOn: 264/1600 holds, last 0.051 s, source twoStageRealTimeIteration
acceleratingHeadOn: 268/1600 holds, last 0.050 s, source twoStageRealTimeIteration
acceleratingHeadOn: 272/1600 holds, last 0.051 s, source twoStageRealTimeIteration
acceleratingHeadOn: 276/1600 holds, last 0.050 s, source twoStageRealTimeIteration
acceleratingHeadOn: 280/1600 holds, last 0.051 s, source twoStageRealTimeIteration
acceleratingHeadOn: 284/1600 holds, last 0.051 s, source twoStageRealTimeIteration
acceleratingHeadOn: 288/1600 holds, last 0.057 s, source twoStageRealTimeIteration
acceleratingHeadOn: 292/1600 holds, last 0.051 s, source twoStageRealTimeIteration
acceleratingHeadOn: 296/1600 holds, last 0.051 s, source twoStageRealTimeIteration
acceleratingHeadOn: 300/1600 holds, last 0.051 s, source twoStageRealTimeIteration
Recovery at 15.00 s: e = [0.888994  -0.0160786   -0.346931 9.82845e-05 -0.00101967], W = 42.096
acceleratingHeadOn: 304/1600 holds, last 0.048 s, source twoStageRealTimeIteration
acceleratingHeadOn: 308/1600 holds, last 0.047 s, source twoStageRealTimeIteration
acceleratingHeadOn: 312/1600 holds, last 0.047 s, source twoStageRealTimeIteration
acceleratingHeadOn: 316/1600 holds, last 0.047 s, source twoStageRealTimeIteration
acceleratingHeadOn: 320/1600 holds, last 0.048 s, source twoStageRealTimeIteration
acceleratingHeadOn: 324/1600 holds, last 0.048 s, source twoStageRealTimeIteration
acceleratingHeadOn: 328/1600 holds, last 0.049 s, source twoStageRealTimeIteration
acceleratingHeadOn: 332/1600 holds, last 0.047 s, source twoStageRealTimeIteration
acceleratingHeadOn: 336/1600 holds, last 0.047 s, source twoStageRealTimeIteration
acceleratingHeadOn: 340/1600 holds, last 0.047 s, source twoStageRealTimeIteration
acceleratingHeadOn: 344/1600 holds, last 0.049 s, source twoStageRealTimeIteration
acceleratingHeadOn: 348/1600 holds, last 0.047 s, source twoStageRealTimeIteration
acceleratingHeadOn: 352/1600 holds, last 0.046 s, source twoStageRealTimeIteration
acceleratingHeadOn: 356/1600 holds, last 0.047 s, source twoStageRealTimeIteration
acceleratingHeadOn: 360/1600 holds, last 0.047 s, source twoStageRealTimeIteration
acceleratingHeadOn: 364/1600 holds, last 0.046 s, source twoStageRealTimeIteration
acceleratingHeadOn: 368/1600 holds, last 0.048 s, source twoStageRealTimeIteration
acceleratingHeadOn: 372/1600 holds, last 0.047 s, source twoStageRealTimeIteration
acceleratingHeadOn: 376/1600 holds, last 0.046 s, source twoStageRealTimeIteration
acceleratingHeadOn: 380/1600 holds, last 0.048 s, source twoStageRealTimeIteration
acceleratingHeadOn: 384/1600 holds, last 0.047 s, source twoStageRealTimeIteration
acceleratingHeadOn: 388/1600 holds, last 0.050 s, source twoStageRealTimeIteration
acceleratingHeadOn: 392/1600 holds, last 0.049 s, source twoStageRealTimeIteration
acceleratingHeadOn: 396/1600 holds, last 0.049 s, source twoStageRealTimeIteration
acceleratingHeadOn: 400/1600 holds, last 0.051 s, source twoStageRealTimeIteration
Recovery at 20.00 s: e = [0.00285698  -0.00123822   -0.0277346 -0.000690126   0.00250332], W = 0.0179895
acceleratingHeadOn: 404/1600 holds, last 0.050 s, source twoStageRealTimeIteration
acceleratingHeadOn: 408/1600 holds, last 0.053 s, source twoStageRealTimeIteration
acceleratingHeadOn: 412/1600 holds, last 0.049 s, source twoStageRealTimeIteration
acceleratingHeadOn: 416/1600 holds, last 0.049 s, source twoStageRealTimeIteration
acceleratingHeadOn: 420/1600 holds, last 0.063 s, source twoStageRealTimeIteration
acceleratingHeadOn: 424/1600 holds, last 0.063 s, source twoStageRealTimeIteration
acceleratingHeadOn: 428/1600 holds, last 0.066 s, source twoStageRealTimeIteration
acceleratingHeadOn: 432/1600 holds, last 0.054 s, source twoStageRealTimeIteration
acceleratingHeadOn: 436/1600 holds, last 0.065 s, source twoStageRealTimeIteration
acceleratingHeadOn: 440/1600 holds, last 0.060 s, source twoStageRealTimeIteration
acceleratingHeadOn: 444/1600 holds, last 0.052 s, source twoStageRealTimeIteration
acceleratingHeadOn: 448/1600 holds, last 0.052 s, source twoStageRealTimeIteration
acceleratingHeadOn: 452/1600 holds, last 0.054 s, source twoStageRealTimeIteration
acceleratingHeadOn: 456/1600 holds, last 0.053 s, source twoStageRealTimeIteration
acceleratingHeadOn: 460/1600 holds, last 0.055 s, source twoStageRealTimeIteration
acceleratingHeadOn: 464/1600 holds, last 0.050 s, source twoStageRealTimeIteration
acceleratingHeadOn: 468/1600 holds, last 0.050 s, source twoStageRealTimeIteration
acceleratingHeadOn: 472/1600 holds, last 0.047 s, source twoStageRealTimeIteration
acceleratingHeadOn: 476/1600 holds, last 0.047 s, source twoStageRealTimeIteration
acceleratingHeadOn: 480/1600 holds, last 0.047 s, source twoStageRealTimeIteration
acceleratingHeadOn: 484/1600 holds, last 0.046 s, source twoStageRealTimeIteration
acceleratingHeadOn: 488/1600 holds, last 0.047 s, source twoStageRealTimeIteration
acceleratingHeadOn: 492/1600 holds, last 0.047 s, source twoStageRealTimeIteration
acceleratingHeadOn: 496/1600 holds, last 0.046 s, source twoStageRealTimeIteration
acceleratingHeadOn: 500/1600 holds, last 0.049 s, source twoStageRealTimeIteration
Recovery at 25.00 s: e = [0.00427042 -0.000304603   -0.0415309   8.5317e-05  -0.00106505], W = 0.0358648
acceleratingHeadOn: 504/1600 holds, last 0.049 s, source twoStageRealTimeIteration
acceleratingHeadOn: 508/1600 holds, last 0.049 s, source twoStageRealTimeIteration
acceleratingHeadOn: 512/1600 holds, last 0.049 s, source twoStageRealTimeIteration
acceleratingHeadOn: 516/1600 holds, last 0.065 s, source twoStageRealTimeIteration
acceleratingHeadOn: 520/1600 holds, last 0.079 s, source twoStageRealTimeIteration
acceleratingHeadOn: 524/1600 holds, last 0.067 s, source twoStageRealTimeIteration
acceleratingHeadOn: 528/1600 holds, last 0.054 s, source twoStageRealTimeIteration
acceleratingHeadOn: 532/1600 holds, last 0.049 s, source twoStageRealTimeIteration
acceleratingHeadOn: 536/1600 holds, last 0.048 s, source twoStageRealTimeIteration
acceleratingHeadOn: 540/1600 holds, last 0.060 s, source twoStageRealTimeIteration
acceleratingHeadOn: 544/1600 holds, last 0.051 s, source twoStageRealTimeIteration
acceleratingHeadOn: 548/1600 holds, last 0.052 s, source twoStageRealTimeIteration
acceleratingHeadOn: 552/1600 holds, last 0.052 s, source twoStageRealTimeIteration
acceleratingHeadOn: 556/1600 holds, last 0.052 s, source twoStageRealTimeIteration
acceleratingHeadOn: 560/1600 holds, last 0.054 s, source twoStageRealTimeIteration
acceleratingHeadOn: 564/1600 holds, last 0.051 s, source twoStageRealTimeIteration
acceleratingHeadOn: 568/1600 holds, last 0.047 s, source twoStageRealTimeIteration
acceleratingHeadOn: 572/1600 holds, last 0.047 s, source twoStageRealTimeIteration
acceleratingHeadOn: 576/1600 holds, last 0.046 s, source twoStageRealTimeIteration
acceleratingHeadOn: 580/1600 holds, last 0.046 s, source twoStageRealTimeIteration
acceleratingHeadOn: 584/1600 holds, last 0.046 s, source twoStageRealTimeIteration
acceleratingHeadOn: 588/1600 holds, last 0.046 s, source twoStageRealTimeIteration
acceleratingHeadOn: 592/1600 holds, last 0.046 s, source twoStageRealTimeIteration
acceleratingHeadOn: 596/1600 holds, last 0.049 s, source twoStageRealTimeIteration
acceleratingHeadOn: 600/1600 holds, last 0.050 s, source twoStageRealTimeIteration
Recovery at 30.00 s: e = [0.00349641 -0.000282237   -0.0337058 -0.000210961  -0.00150925], W = 0.0235725
acceleratingHeadOn: 604/1600 holds, last 0.049 s, source twoStageRealTimeIteration
acceleratingHeadOn: 608/1600 holds, last 0.052 s, source twoStageRealTimeIteration
acceleratingHeadOn: 612/1600 holds, last 0.049 s, source twoStageRealTimeIteration
acceleratingHeadOn: 616/1600 holds, last 0.060 s, source twoStageRealTimeIteration
acceleratingHeadOn: 620/1600 holds, last 0.062 s, source twoStageRealTimeIteration
acceleratingHeadOn: 624/1600 holds, last 0.059 s, source twoStageRealTimeIteration
acceleratingHeadOn: 628/1600 holds, last 0.059 s, source twoStageRealTimeIteration
acceleratingHeadOn: 632/1600 holds, last 0.049 s, source twoStageRealTimeIteration
acceleratingHeadOn: 636/1600 holds, last 0.052 s, source twoStageRealTimeIteration
acceleratingHeadOn: 640/1600 holds, last 0.053 s, source twoStageRealTimeIteration
acceleratingHeadOn: 644/1600 holds, last 0.051 s, source twoStageRealTimeIteration
acceleratingHeadOn: 648/1600 holds, last 0.052 s, source twoStageRealTimeIteration
acceleratingHeadOn: 652/1600 holds, last 0.116 s, source twoStageRealTimeIteration
acceleratingHeadOn: 656/1600 holds, last 0.048 s, source twoStageRealTimeIteration
acceleratingHeadOn: 660/1600 holds, last 0.050 s, source twoStageRealTimeIteration
acceleratingHeadOn: 664/1600 holds, last 0.050 s, source twoStageRealTimeIteration
acceleratingHeadOn: 668/1600 holds, last 0.047 s, source twoStageRealTimeIteration
acceleratingHeadOn: 672/1600 holds, last 0.047 s, source twoStageRealTimeIteration
acceleratingHeadOn: 676/1600 holds, last 0.046 s, source twoStageRealTimeIteration
acceleratingHeadOn: 680/1600 holds, last 0.046 s, source twoStageRealTimeIteration
acceleratingHeadOn: 684/1600 holds, last 0.047 s, source twoStageRealTimeIteration
acceleratingHeadOn: 688/1600 holds, last 0.046 s, source twoStageRealTimeIteration
acceleratingHeadOn: 692/1600 holds, last 0.047 s, source twoStageRealTimeIteration
acceleratingHeadOn: 696/1600 holds, last 0.049 s, source twoStageRealTimeIteration
acceleratingHeadOn: 700/1600 holds, last 0.049 s, source twoStageRealTimeIteration
Recovery at 35.00 s: e = [0.0043553 -0.000425001   -0.0410084  0.000260753  -0.00110703], W = 0.0349126
acceleratingHeadOn: 704/1600 holds, last 0.049 s, source twoStageRealTimeIteration
acceleratingHeadOn: 708/1600 holds, last 0.050 s, source twoStageRealTimeIteration
acceleratingHeadOn: 712/1600 holds, last 0.052 s, source twoStageRealTimeIteration
acceleratingHeadOn: 716/1600 holds, last 0.051 s, source twoStageRealTimeIteration
acceleratingHeadOn: 720/1600 holds, last 0.070 s, source twoStageRealTimeIteration
acceleratingHeadOn: 724/1600 holds, last 0.078 s, source twoStageRealTimeIteration
acceleratingHeadOn: 728/1600 holds, last 0.064 s, source twoStageRealTimeIteration
acceleratingHeadOn: 732/1600 holds, last 0.078 s, source twoStageRealTimeIteration
acceleratingHeadOn: 736/1600 holds, last 0.049 s, source twoStageRealTimeIteration
acceleratingHeadOn: 740/1600 holds, last 0.060 s, source twoStageRealTimeIteration
acceleratingHeadOn: 744/1600 holds, last 0.052 s, source twoStageRealTimeIteration
acceleratingHeadOn: 748/1600 holds, last 0.053 s, source twoStageRealTimeIteration
acceleratingHeadOn: 752/1600 holds, last 0.052 s, source twoStageRealTimeIteration
acceleratingHeadOn: 756/1600 holds, last 0.053 s, source twoStageRealTimeIteration
acceleratingHeadOn: 760/1600 holds, last 0.119 s, source twoStageRealTimeIteration
acceleratingHeadOn: 764/1600 holds, last 0.050 s, source twoStageRealTimeIteration
acceleratingHeadOn: 768/1600 holds, last 0.050 s, source twoStageRealTimeIteration
acceleratingHeadOn: 772/1600 holds, last 0.049 s, source twoStageRealTimeIteration
acceleratingHeadOn: 776/1600 holds, last 0.048 s, source twoStageRealTimeIteration
acceleratingHeadOn: 780/1600 holds, last 0.046 s, source twoStageRealTimeIteration
acceleratingHeadOn: 784/1600 holds, last 0.046 s, source twoStageRealTimeIteration
acceleratingHeadOn: 788/1600 holds, last 0.046 s, source twoStageRealTimeIteration
acceleratingHeadOn: 792/1600 holds, last 0.047 s, source twoStageRealTimeIteration
acceleratingHeadOn: 796/1600 holds, last 0.046 s, source twoStageRealTimeIteration
acceleratingHeadOn: 800/1600 holds, last 0.048 s, source twoStageRealTimeIteration
Recovery at 40.00 s: e = [0.00566316 -0.000190687   -0.0602042 -9.87725e-05  -0.00129626], W = 0.075317
acceleratingHeadOn: 804/1600 holds, last 0.049 s, source twoStageRealTimeIteration
acceleratingHeadOn: 808/1600 holds, last 0.050 s, source twoStageRealTimeIteration
acceleratingHeadOn: 812/1600 holds, last 0.050 s, source twoStageRealTimeIteration
acceleratingHeadOn: 816/1600 holds, last 0.050 s, source twoStageRealTimeIteration
acceleratingHeadOn: 820/1600 holds, last 0.049 s, source twoStageRealTimeIteration
acceleratingHeadOn: 824/1600 holds, last 0.071 s, source twoStageRealTimeIteration
acceleratingHeadOn: 828/1600 holds, last 0.065 s, source twoStageRealTimeIteration
acceleratingHeadOn: 832/1600 holds, last 0.058 s, source twoStageRealTimeIteration
acceleratingHeadOn: 836/1600 holds, last 0.054 s, source twoStageRealTimeIteration
acceleratingHeadOn: 840/1600 holds, last 0.049 s, source twoStageRealTimeIteration
acceleratingHeadOn: 844/1600 holds, last 0.055 s, source twoStageRealTimeIteration
acceleratingHeadOn: 848/1600 holds, last 0.052 s, source twoStageRealTimeIteration
acceleratingHeadOn: 852/1600 holds, last 0.054 s, source twoStageRealTimeIteration
acceleratingHeadOn: 856/1600 holds, last 0.053 s, source twoStageRealTimeIteration
acceleratingHeadOn: 860/1600 holds, last 0.049 s, source twoStageRealTimeIteration
acceleratingHeadOn: 864/1600 holds, last 0.053 s, source twoStageRealTimeIteration
acceleratingHeadOn: 868/1600 holds, last 0.049 s, source twoStageRealTimeIteration
acceleratingHeadOn: 872/1600 holds, last 0.051 s, source twoStageRealTimeIteration
acceleratingHeadOn: 876/1600 holds, last 0.047 s, source twoStageRealTimeIteration
acceleratingHeadOn: 880/1600 holds, last 0.047 s, source twoStageRealTimeIteration
acceleratingHeadOn: 884/1600 holds, last 0.047 s, source twoStageRealTimeIteration
acceleratingHeadOn: 888/1600 holds, last 0.047 s, source twoStageRealTimeIteration
acceleratingHeadOn: 892/1600 holds, last 0.046 s, source twoStageRealTimeIteration
acceleratingHeadOn: 896/1600 holds, last 0.048 s, source twoStageRealTimeIteration
acceleratingHeadOn: 900/1600 holds, last 0.046 s, source twoStageRealTimeIteration
Recovery at 45.00 s: e = [0.00779006 -0.000168121   -0.0794676  0.000422047 -0.000449378], W = 0.131862
acceleratingHeadOn: 904/1600 holds, last 0.052 s, source twoStageRealTimeIteration
acceleratingHeadOn: 908/1600 holds, last 0.048 s, source twoStageRealTimeIteration
acceleratingHeadOn: 912/1600 holds, last 0.050 s, source twoStageRealTimeIteration
acceleratingHeadOn: 916/1600 holds, last 0.050 s, source twoStageRealTimeIteration
acceleratingHeadOn: 920/1600 holds, last 0.048 s, source twoStageRealTimeIteration
acceleratingHeadOn: 924/1600 holds, last 0.051 s, source twoStageRealTimeIteration
acceleratingHeadOn: 928/1600 holds, last 0.061 s, source twoStageRealTimeIteration
acceleratingHeadOn: 932/1600 holds, last 0.065 s, source twoStageRealTimeIteration
acceleratingHeadOn: 936/1600 holds, last 0.059 s, source twoStageRealTimeIteration
acceleratingHeadOn: 940/1600 holds, last 0.073 s, source twoStageRealTimeIteration
acceleratingHeadOn: 944/1600 holds, last 0.078 s, source twoStageRealTimeIteration
acceleratingHeadOn: 948/1600 holds, last 0.054 s, source twoStageRealTimeIteration
acceleratingHeadOn: 952/1600 holds, last 0.053 s, source twoStageRealTimeIteration
acceleratingHeadOn: 956/1600 holds, last 0.057 s, source twoStageRealTimeIteration
acceleratingHeadOn: 960/1600 holds, last 0.089 s, source twoStageRealTimeIteration
acceleratingHeadOn: 964/1600 holds, last 0.054 s, source twoStageRealTimeIteration
acceleratingHeadOn: 968/1600 holds, last 0.051 s, source twoStageRealTimeIteration
acceleratingHeadOn: 972/1600 holds, last 0.051 s, source twoStageRealTimeIteration
acceleratingHeadOn: 976/1600 holds, last 0.050 s, source twoStageRealTimeIteration
acceleratingHeadOn: 980/1600 holds, last 0.050 s, source twoStageRealTimeIteration
acceleratingHeadOn: 984/1600 holds, last 0.047 s, source twoStageRealTimeIteration
acceleratingHeadOn: 988/1600 holds, last 0.047 s, source twoStageRealTimeIteration
acceleratingHeadOn: 992/1600 holds, last 0.047 s, source twoStageRealTimeIteration
acceleratingHeadOn: 996/1600 holds, last 0.047 s, source twoStageRealTimeIteration
acceleratingHeadOn: 1000/1600 holds, last 0.047 s, source twoStageRealTimeIteration
Recovery at 50.00 s: e = [0.0129588 -1.46244e-05    -0.126607   0.00053446  -0.00301895], W = 0.337127
acceleratingHeadOn: 1004/1600 holds, last 0.047 s, source twoStageRealTimeIteration
acceleratingHeadOn: 1008/1600 holds, last 0.050 s, source twoStageRealTimeIteration
acceleratingHeadOn: 1012/1600 holds, last 0.051 s, source twoStageRealTimeIteration
acceleratingHeadOn: 1016/1600 holds, last 0.053 s, source twoStageRealTimeIteration
acceleratingHeadOn: 1020/1600 holds, last 0.050 s, source twoStageRealTimeIteration
acceleratingHeadOn: 1024/1600 holds, last 0.051 s, source twoStageRealTimeIteration
acceleratingHeadOn: 1028/1600 holds, last 0.053 s, source twoStageRealTimeIteration
acceleratingHeadOn: 1032/1600 holds, last 0.061 s, source twoStageRealTimeIteration
acceleratingHeadOn: 1036/1600 holds, last 0.078 s, source twoStageRealTimeIteration
acceleratingHeadOn: 1040/1600 holds, last 0.061 s, source twoStageRealTimeIteration
acceleratingHeadOn: 1044/1600 holds, last 0.053 s, source twoStageRealTimeIteration
acceleratingHeadOn: 1048/1600 holds, last 0.059 s, source twoStageRealTimeIteration
acceleratingHeadOn: 1052/1600 holds, last 0.052 s, source twoStageRealTimeIteration
acceleratingHeadOn: 1056/1600 holds, last 0.051 s, source twoStageRealTimeIteration
acceleratingHeadOn: 1060/1600 holds, last 0.053 s, source twoStageRealTimeIteration
acceleratingHeadOn: 1064/1600 holds, last 0.053 s, source twoStageRealTimeIteration
acceleratingHeadOn: 1068/1600 holds, last 0.054 s, source twoStageRealTimeIteration
acceleratingHeadOn: 1072/1600 holds, last 0.110 s, source twoStageRealTimeIteration
acceleratingHeadOn: 1076/1600 holds, last 0.050 s, source twoStageRealTimeIteration
acceleratingHeadOn: 1080/1600 holds, last 0.049 s, source twoStageRealTimeIteration
acceleratingHeadOn: 1084/1600 holds, last 0.046 s, source twoStageRealTimeIteration
acceleratingHeadOn: 1088/1600 holds, last 0.047 s, source twoStageRealTimeIteration
acceleratingHeadOn: 1092/1600 holds, last 0.047 s, source twoStageRealTimeIteration
acceleratingHeadOn: 1096/1600 holds, last 0.046 s, source twoStageRealTimeIteration
acceleratingHeadOn: 1100/1600 holds, last 0.045 s, source twoStageRealTimeIteration
Recovery at 55.00 s: e = [0.0105732   0.00107081    -0.168487 -0.000417077  -0.00333436], W = 0.594254
acceleratingHeadOn: 1104/1600 holds, last 0.046 s, source twoStageRealTimeIteration
acceleratingHeadOn: 1108/1600 holds, last 0.046 s, source twoStageRealTimeIteration
acceleratingHeadOn: 1112/1600 holds, last 0.049 s, source twoStageRealTimeIteration
acceleratingHeadOn: 1116/1600 holds, last 0.050 s, source twoStageRealTimeIteration
acceleratingHeadOn: 1120/1600 holds, last 0.046 s, source twoStageRealTimeIteration
acceleratingHeadOn: 1124/1600 holds, last 0.052 s, source twoStageRealTimeIteration
acceleratingHeadOn: 1128/1600 holds, last 0.049 s, source twoStageRealTimeIteration
acceleratingHeadOn: 1132/1600 holds, last 0.051 s, source twoStageRealTimeIteration
acceleratingHeadOn: 1136/1600 holds, last 0.052 s, source twoStageRealTimeIteration
acceleratingHeadOn: 1140/1600 holds, last 0.059 s, source twoStageRealTimeIteration
acceleratingHeadOn: 1144/1600 holds, last 0.061 s, source twoStageRealTimeIteration
acceleratingHeadOn: 1148/1600 holds, last 0.061 s, source twoStageRealTimeIteration
acceleratingHeadOn: 1152/1600 holds, last 0.285 s, source twoStageRealTimeIteration
acceleratingHeadOn: 1156/1600 holds, last 0.065 s, source twoStageRealTimeIteration
acceleratingHeadOn: 1160/1600 holds, last 0.076 s, source twoStageRealTimeIteration
acceleratingHeadOn: 1164/1600 holds, last 0.052 s, source twoStageRealTimeIteration
acceleratingHeadOn: 1168/1600 holds, last 0.052 s, source twoStageRealTimeIteration
acceleratingHeadOn: 1172/1600 holds, last 0.053 s, source twoStageRealTimeIteration
acceleratingHeadOn: 1176/1600 holds, last 0.051 s, source twoStageRealTimeIteration
acceleratingHeadOn: 1180/1600 holds, last 0.050 s, source twoStageRealTimeIteration
acceleratingHeadOn: 1184/1600 holds, last 0.049 s, source twoStageRealTimeIteration
acceleratingHeadOn: 1188/1600 holds, last 0.049 s, source twoStageRealTimeIteration
acceleratingHeadOn: 1192/1600 holds, last 0.046 s, source twoStageRealTimeIteration
acceleratingHeadOn: 1196/1600 holds, last 0.046 s, source twoStageRealTimeIteration
acceleratingHeadOn: 1200/1600 holds, last 0.046 s, source twoStageRealTimeIteration
Recovery at 60.00 s: e = [0.00422707   0.00174604    -0.250487 -0.000693639 -0.000808214], W = 1.295
acceleratingHeadOn: 1204/1600 holds, last 0.045 s, source twoStageRealTimeIteration
acceleratingHeadOn: 1208/1600 holds, last 0.046 s, source twoStageRealTimeIteration
acceleratingHeadOn: 1212/1600 holds, last 0.046 s, source twoStageRealTimeIteration
acceleratingHeadOn: 1216/1600 holds, last 0.046 s, source twoStageRealTimeIteration
acceleratingHeadOn: 1220/1600 holds, last 0.049 s, source twoStageRealTimeIteration
acceleratingHeadOn: 1224/1600 holds, last 0.050 s, source twoStageRealTimeIteration
acceleratingHeadOn: 1228/1600 holds, last 0.049 s, source twoStageRealTimeIteration
acceleratingHeadOn: 1232/1600 holds, last 0.048 s, source twoStageRealTimeIteration
acceleratingHeadOn: 1236/1600 holds, last 0.049 s, source twoStageRealTimeIteration
acceleratingHeadOn: 1240/1600 holds, last 0.049 s, source twoStageRealTimeIteration
acceleratingHeadOn: 1244/1600 holds, last 0.048 s, source twoStageRealTimeIteration
acceleratingHeadOn: 1248/1600 holds, last 0.065 s, source twoStageRealTimeIteration
acceleratingHeadOn: 1252/1600 holds, last 0.072 s, source twoStageRealTimeIteration
acceleratingHeadOn: 1256/1600 holds, last 0.059 s, source twoStageRealTimeIteration
acceleratingHeadOn: 1260/1600 holds, last 0.208 s, source twoStageRealTimeIteration
acceleratingHeadOn: 1264/1600 holds, last 0.076 s, source twoStageRealTimeIteration
acceleratingHeadOn: 1268/1600 holds, last 0.053 s, source twoStageRealTimeIteration
acceleratingHeadOn: 1272/1600 holds, last 0.052 s, source twoStageRealTimeIteration
acceleratingHeadOn: 1276/1600 holds, last 0.053 s, source twoStageRealTimeIteration
acceleratingHeadOn: 1280/1600 holds, last 0.052 s, source twoStageRealTimeIteration
acceleratingHeadOn: 1284/1600 holds, last 0.055 s, source twoStageRealTimeIteration
acceleratingHeadOn: 1288/1600 holds, last 0.050 s, source twoStageRealTimeIteration
acceleratingHeadOn: 1292/1600 holds, last 0.051 s, source twoStageRealTimeIteration
acceleratingHeadOn: 1296/1600 holds, last 0.049 s, source twoStageRealTimeIteration
acceleratingHeadOn: 1300/1600 holds, last 0.048 s, source twoStageRealTimeIteration
Recovery at 65.00 s: e = [-0.00569189     0.001277    -0.293143 -0.000493451   0.00107038], W = 1.76115
acceleratingHeadOn: 1304/1600 holds, last 0.047 s, source twoStageRealTimeIteration
acceleratingHeadOn: 1308/1600 holds, last 0.047 s, source twoStageRealTimeIteration
acceleratingHeadOn: 1312/1600 holds, last 0.046 s, source twoStageRealTimeIteration
acceleratingHeadOn: 1316/1600 holds, last 0.048 s, source twoStageRealTimeIteration
acceleratingHeadOn: 1320/1600 holds, last 0.046 s, source twoStageRealTimeIteration
acceleratingHeadOn: 1324/1600 holds, last 0.047 s, source twoStageRealTimeIteration
acceleratingHeadOn: 1328/1600 holds, last 0.049 s, source twoStageRealTimeIteration
acceleratingHeadOn: 1332/1600 holds, last 0.049 s, source twoStageRealTimeIteration
acceleratingHeadOn: 1336/1600 holds, last 0.050 s, source twoStageRealTimeIteration
acceleratingHeadOn: 1340/1600 holds, last 0.049 s, source twoStageRealTimeIteration
acceleratingHeadOn: 1344/1600 holds, last 0.049 s, source twoStageRealTimeIteration
acceleratingHeadOn: 1348/1600 holds, last 0.051 s, source twoStageRealTimeIteration
acceleratingHeadOn: 1352/1600 holds, last 0.052 s, source twoStageRealTimeIteration
acceleratingHeadOn: 1356/1600 holds, last 0.067 s, source twoStageRealTimeIteration
acceleratingHeadOn: 1360/1600 holds, last 0.061 s, source twoStageRealTimeIteration
acceleratingHeadOn: 1364/1600 holds, last 0.053 s, source twoStageRealTimeIteration
acceleratingHeadOn: 1368/1600 holds, last 0.049 s, source twoStageRealTimeIteration
acceleratingHeadOn: 1372/1600 holds, last 0.067 s, source twoStageRealTimeIteration
acceleratingHeadOn: 1376/1600 holds, last 0.052 s, source twoStageRealTimeIteration
acceleratingHeadOn: 1380/1600 holds, last 0.051 s, source twoStageRealTimeIteration
acceleratingHeadOn: 1384/1600 holds, last 0.052 s, source twoStageRealTimeIteration
acceleratingHeadOn: 1388/1600 holds, last 0.051 s, source twoStageRealTimeIteration
acceleratingHeadOn: 1392/1600 holds, last 0.060 s, source twoStageRealTimeIteration
acceleratingHeadOn: 1396/1600 holds, last 0.052 s, source twoStageRealTimeIteration
acceleratingHeadOn: 1400/1600 holds, last 0.049 s, source twoStageRealTimeIteration
Recovery at 70.00 s: e = [-0.0109154 0.000192705   -0.302233 0.000721744    0.004109], W = 1.87559
acceleratingHeadOn: 1404/1600 holds, last 0.049 s, source twoStageRealTimeIteration
acceleratingHeadOn: 1408/1600 holds, last 0.046 s, source twoStageRealTimeIteration
acceleratingHeadOn: 1412/1600 holds, last 0.047 s, source twoStageRealTimeIteration
acceleratingHeadOn: 1416/1600 holds, last 0.046 s, source twoStageRealTimeIteration
acceleratingHeadOn: 1420/1600 holds, last 0.045 s, source twoStageRealTimeIteration
acceleratingHeadOn: 1424/1600 holds, last 0.045 s, source twoStageRealTimeIteration
acceleratingHeadOn: 1428/1600 holds, last 0.046 s, source twoStageRealTimeIteration
acceleratingHeadOn: 1432/1600 holds, last 0.046 s, source twoStageRealTimeIteration
acceleratingHeadOn: 1436/1600 holds, last 0.048 s, source twoStageRealTimeIteration
acceleratingHeadOn: 1440/1600 holds, last 0.048 s, source twoStageRealTimeIteration
acceleratingHeadOn: 1444/1600 holds, last 0.049 s, source twoStageRealTimeIteration
acceleratingHeadOn: 1448/1600 holds, last 0.048 s, source twoStageRealTimeIteration
acceleratingHeadOn: 1452/1600 holds, last 0.049 s, source twoStageRealTimeIteration
acceleratingHeadOn: 1456/1600 holds, last 0.051 s, source twoStageRealTimeIteration
acceleratingHeadOn: 1460/1600 holds, last 0.062 s, source twoStageRealTimeIteration
acceleratingHeadOn: 1464/1600 holds, last 0.073 s, source twoStageRealTimeIteration
acceleratingHeadOn: 1468/1600 holds, last 0.070 s, source twoStageRealTimeIteration
acceleratingHeadOn: 1472/1600 holds, last 0.054 s, source twoStageRealTimeIteration
acceleratingHeadOn: 1476/1600 holds, last 0.071 s, source twoStageRealTimeIteration
acceleratingHeadOn: 1480/1600 holds, last 0.052 s, source twoStageRealTimeIteration
acceleratingHeadOn: 1484/1600 holds, last 0.050 s, source twoStageRealTimeIteration
acceleratingHeadOn: 1488/1600 holds, last 0.053 s, source twoStageRealTimeIteration
acceleratingHeadOn: 1492/1600 holds, last 0.051 s, source twoStageRealTimeIteration
acceleratingHeadOn: 1496/1600 holds, last 0.053 s, source twoStageRealTimeIteration
acceleratingHeadOn: 1500/1600 holds, last 0.074 s, source twoStageRealTimeIteration
Recovery at 75.00 s: e = [-0.010963 -0.000500354     -0.36241  0.000123208  0.000515309], W = 2.69721
acceleratingHeadOn: 1504/1600 holds, last 0.050 s, source twoStageRealTimeIteration
acceleratingHeadOn: 1508/1600 holds, last 0.049 s, source twoStageRealTimeIteration
acceleratingHeadOn: 1512/1600 holds, last 0.046 s, source twoStageRealTimeIteration
acceleratingHeadOn: 1516/1600 holds, last 0.046 s, source twoStageRealTimeIteration
acceleratingHeadOn: 1520/1600 holds, last 0.047 s, source twoStageRealTimeIteration
acceleratingHeadOn: 1524/1600 holds, last 0.046 s, source twoStageRealTimeIteration
acceleratingHeadOn: 1528/1600 holds, last 0.045 s, source twoStageRealTimeIteration
acceleratingHeadOn: 1532/1600 holds, last 0.046 s, source twoStageRealTimeIteration
acceleratingHeadOn: 1536/1600 holds, last 0.046 s, source twoStageRealTimeIteration
acceleratingHeadOn: 1540/1600 holds, last 0.046 s, source twoStageRealTimeIteration
acceleratingHeadOn: 1544/1600 holds, last 0.049 s, source twoStageRealTimeIteration
acceleratingHeadOn: 1548/1600 holds, last 0.049 s, source twoStageRealTimeIteration
acceleratingHeadOn: 1552/1600 holds, last 0.048 s, source twoStageRealTimeIteration
acceleratingHeadOn: 1556/1600 holds, last 0.049 s, source twoStageRealTimeIteration
acceleratingHeadOn: 1560/1600 holds, last 0.049 s, source twoStageRealTimeIteration
acceleratingHeadOn: 1564/1600 holds, last 0.049 s, source twoStageRealTimeIteration
acceleratingHeadOn: 1568/1600 holds, last 0.064 s, source twoStageRealTimeIteration
acceleratingHeadOn: 1572/1600 holds, last 0.064 s, source twoStageRealTimeIteration
acceleratingHeadOn: 1576/1600 holds, last 0.283 s, source twoStageRealTimeIteration
acceleratingHeadOn: 1580/1600 holds, last 0.070 s, source twoStageRealTimeIteration
acceleratingHeadOn: 1584/1600 holds, last 0.048 s, source twoStageRealTimeIteration
acceleratingHeadOn: 1588/1600 holds, last 0.049 s, source twoStageRealTimeIteration
acceleratingHeadOn: 1592/1600 holds, last 0.050 s, source twoStageRealTimeIteration
acceleratingHeadOn: 1596/1600 holds, last 0.052 s, source twoStageRealTimeIteration
acceleratingHeadOn: 1600/1600 holds, last 0.053 s, source twoStageRealTimeIteration
Recovery at 80.00 s: e = [-0.00668295 -0.000454217    -0.242426  6.45558e-05  9.25058e-05], W = 1.20593
acceleratingHeadOn: 1600/1600 frames, max 0.285 s, failure
CASE-END speed=15 scenario=acceleratingHeadOn frames=1600 wall=96.829 recovered=0 max=0.284534 gap=0.031405410 failure=
CASE-START speed=15 scenario=curvedHeadOn
curvedHeadOn: 4/1600 holds, last 0.095 s, source twoStageRealTimeIteration
curvedHeadOn: 8/1600 holds, last 0.081 s, source twoStageRealTimeIteration
curvedHeadOn: 12/1600 holds, last 0.087 s, source twoStageRealTimeIteration
curvedHeadOn: 16/1600 holds, last 0.089 s, source twoStageRealTimeIteration
curvedHeadOn: 20/1600 holds, last 0.164 s, source twoStageRealTimeIteration
curvedHeadOn: 24/1600 holds, last 0.118 s, source twoStageRealTimeIteration
curvedHeadOn: 28/1600 holds, last 0.110 s, source twoStageRealTimeIteration
curvedHeadOn: 32/1600 holds, last 0.097 s, source twoStageRealTimeIteration
curvedHeadOn: 36/1600 holds, last 0.089 s, source twoStageRealTimeIteration
curvedHeadOn: 40/1600 holds, last 0.078 s, source twoStageRealTimeIteration
curvedHeadOn: 44/1600 holds, last 0.084 s, source twoStageRealTimeIteration
curvedHeadOn: 48/1600 holds, last 0.085 s, source twoStageRealTimeIteration
curvedHeadOn: 52/1600 holds, last 0.073 s, source twoStageRealTimeIteration
curvedHeadOn: 56/1600 holds, last 0.076 s, source twoStageRealTimeIteration
curvedHeadOn: 60/1600 holds, last 0.069 s, source twoStageRealTimeIteration
curvedHeadOn: 64/1600 holds, last 0.072 s, source twoStageRealTimeIteration
curvedHeadOn: 68/1600 holds, last 0.059 s, source twoStageRealTimeIteration
curvedHeadOn: 72/1600 holds, last 0.058 s, source twoStageRealTimeIteration
curvedHeadOn: 76/1600 holds, last 0.063 s, source twoStageRealTimeIteration
curvedHeadOn: 80/1600 holds, last 0.049 s, source twoStageRealTimeIteration
curvedHeadOn: 84/1600 holds, last 0.050 s, source twoStageRealTimeIteration
curvedHeadOn: 88/1600 holds, last 0.048 s, source twoStageRealTimeIteration
curvedHeadOn: 92/1600 holds, last 0.055 s, source twoStageRealTimeIteration
curvedHeadOn: 96/1600 holds, last 0.049 s, source twoStageRealTimeIteration
curvedHeadOn: 100/1600 holds, last 0.048 s, source twoStageRealTimeIteration
Recovery at 5.00 s: e = [3.66714 -0.0519207  -0.820186 0.00945269 -0.0843767], W = 715.512
curvedHeadOn: 104/1600 holds, last 0.049 s, source twoStageRealTimeIteration
curvedHeadOn: 108/1600 holds, last 0.049 s, source twoStageRealTimeIteration
curvedHeadOn: 112/1600 holds, last 0.049 s, source twoStageRealTimeIteration
curvedHeadOn: 116/1600 holds, last 0.049 s, source twoStageRealTimeIteration
curvedHeadOn: 120/1600 holds, last 0.049 s, source twoStageRealTimeIteration
curvedHeadOn: 124/1600 holds, last 0.048 s, source twoStageRealTimeIteration
curvedHeadOn: 128/1600 holds, last 0.048 s, source twoStageRealTimeIteration
curvedHeadOn: 132/1600 holds, last 0.050 s, source twoStageRealTimeIteration
curvedHeadOn: 136/1600 holds, last 0.051 s, source twoStageRealTimeIteration
curvedHeadOn: 140/1600 holds, last 0.079 s, source twoStageRealTimeIteration
curvedHeadOn: 144/1600 holds, last 0.071 s, source twoStageRealTimeIteration
curvedHeadOn: 148/1600 holds, last 0.067 s, source twoStageRealTimeIteration
curvedHeadOn: 152/1600 holds, last 0.064 s, source twoStageRealTimeIteration
curvedHeadOn: 156/1600 holds, last 0.072 s, source twoStageRealTimeIteration
curvedHeadOn: 160/1600 holds, last 0.065 s, source twoStageRealTimeIteration
curvedHeadOn: 164/1600 holds, last 0.114 s, source twoStageRealTimeIteration
curvedHeadOn: 168/1600 holds, last 0.072 s, source twoStageRealTimeIteration
curvedHeadOn: 172/1600 holds, last 0.071 s, source twoStageRealTimeIteration
curvedHeadOn: 176/1600 holds, last 0.083 s, source twoStageRealTimeIteration
curvedHeadOn: 180/1600 holds, last 0.071 s, source twoStageRealTimeIteration
curvedHeadOn: 184/1600 holds, last 0.074 s, source twoStageRealTimeIteration
curvedHeadOn: 188/1600 holds, last 0.079 s, source twoStageRealTimeIteration
curvedHeadOn: 192/1600 holds, last 0.079 s, source twoStageRealTimeIteration
curvedHeadOn: 196/1600 holds, last 0.124 s, source twoStageRealTimeIteration
curvedHeadOn: 200/1600 holds, last 0.076 s, source twoStageRealTimeIteration
Recovery at 10.00 s: e = [-4.9209   -0.127375    -1.87518   0.0317618 -0.00513714], W = 1807.34
curvedHeadOn: 204/1600 holds, last 0.131 s, source twoStageRealTimeIteration
curvedHeadOn: 208/1600 holds, last 0.058 s, source twoStageRealTimeIteration
curvedHeadOn: 212/1600 holds, last 0.102 s, source twoStageRealTimeIteration
curvedHeadOn: 216/1600 holds, last 0.061 s, source twoStageRealTimeIteration
curvedHeadOn: 220/1600 holds, last 0.055 s, source twoStageRealTimeIteration
curvedHeadOn: 224/1600 holds, last 0.056 s, source twoStageRealTimeIteration
curvedHeadOn: 228/1600 holds, last 0.054 s, source twoStageRealTimeIteration
curvedHeadOn: 232/1600 holds, last 0.053 s, source twoStageRealTimeIteration
curvedHeadOn: 236/1600 holds, last 0.054 s, source twoStageRealTimeIteration
curvedHeadOn: 240/1600 holds, last 0.053 s, source twoStageRealTimeIteration
curvedHeadOn: 244/1600 holds, last 0.053 s, source twoStageRealTimeIteration
curvedHeadOn: 248/1600 holds, last 0.053 s, source twoStageRealTimeIteration
curvedHeadOn: 252/1600 holds, last 0.058 s, source twoStageRealTimeIteration
curvedHeadOn: 256/1600 holds, last 0.053 s, source twoStageRealTimeIteration
curvedHeadOn: 260/1600 holds, last 0.052 s, source twoStageRealTimeIteration
curvedHeadOn: 264/1600 holds, last 0.054 s, source twoStageRealTimeIteration
curvedHeadOn: 268/1600 holds, last 0.055 s, source twoStageRealTimeIteration
curvedHeadOn: 272/1600 holds, last 0.130 s, source twoStageRealTimeIteration
curvedHeadOn: 276/1600 holds, last 0.053 s, source twoStageRealTimeIteration
curvedHeadOn: 280/1600 holds, last 0.054 s, source twoStageRealTimeIteration
curvedHeadOn: 284/1600 holds, last 0.071 s, source twoStageRealTimeIteration
curvedHeadOn: 288/1600 holds, last 0.100 s, source twoStageRealTimeIteration
curvedHeadOn: 292/1600 holds, last 0.063 s, source twoStageRealTimeIteration
curvedHeadOn: 296/1600 holds, last 0.069 s, source twoStageRealTimeIteration
curvedHeadOn: 300/1600 holds, last 0.056 s, source twoStageRealTimeIteration
Recovery at 15.00 s: e = [-13.2849  -0.112423  -0.928064  0.0186991 0.00788498], W = 10997.5
curvedHeadOn: 304/1600 holds, last 0.053 s, source twoStageRealTimeIteration
curvedHeadOn: 308/1600 holds, last 0.053 s, source twoStageRealTimeIteration
curvedHeadOn: 312/1600 holds, last 0.124 s, source twoStageRealTimeIteration
curvedHeadOn: 316/1600 holds, last 0.064 s, source twoStageRealTimeIteration
curvedHeadOn: 320/1600 holds, last 0.072 s, source twoStageRealTimeIteration
curvedHeadOn: 324/1600 holds, last 0.056 s, source twoStageRealTimeIteration
curvedHeadOn: 328/1600 holds, last 0.057 s, source twoStageRealTimeIteration
curvedHeadOn: 332/1600 holds, last 0.056 s, source twoStageRealTimeIteration
curvedHeadOn: 336/1600 holds, last 0.056 s, source twoStageRealTimeIteration
curvedHeadOn: 340/1600 holds, last 0.121 s, source twoStageRealTimeIteration
curvedHeadOn: 344/1600 holds, last 0.073 s, source twoStageRealTimeIteration
curvedHeadOn: 348/1600 holds, last 0.114 s, source twoStageRealTimeIteration
curvedHeadOn: 352/1600 holds, last 0.099 s, source twoStageRealTimeIteration
curvedHeadOn: 356/1600 holds, last 0.057 s, source twoStageRealTimeIteration
curvedHeadOn: 360/1600 holds, last 0.118 s, source twoStageRealTimeIteration
curvedHeadOn: 364/1600 holds, last 0.113 s, source twoStageRealTimeIteration
curvedHeadOn: 368/1600 holds, last 0.056 s, source twoStageRealTimeIteration
curvedHeadOn: 372/1600 holds, last 0.055 s, source twoStageRealTimeIteration
curvedHeadOn: 376/1600 holds, last 0.056 s, source twoStageRealTimeIteration
curvedHeadOn: 380/1600 holds, last 0.155 s, source twoStageRealTimeIteration
curvedHeadOn: 384/1600 holds, last 0.073 s, source twoStageRealTimeIteration
curvedHeadOn: 388/1600 holds, last 0.128 s, source twoStageRealTimeIteration
curvedHeadOn: 392/1600 holds, last 0.061 s, source twoStageRealTimeIteration
curvedHeadOn: 396/1600 holds, last 0.064 s, source twoStageRealTimeIteration
curvedHeadOn: 400/1600 holds, last 0.076 s, source twoStageRealTimeIteration
Recovery at 20.00 s: e = [-19.2323  -0.0829204    -1.21812   0.0236712 -0.00565775], W = 22286.4
curvedHeadOn: 404/1600 holds, last 0.076 s, source twoStageRealTimeIteration
curvedHeadOn: 408/1600 holds, last 0.123 s, source twoStageRealTimeIteration
curvedHeadOn: 412/1600 holds, last 0.066 s, source twoStageRealTimeIteration
curvedHeadOn: 416/1600 holds, last 0.118 s, source twoStageRealTimeIteration
curvedHeadOn: 420/1600 holds, last 0.121 s, source twoStageRealTimeIteration
curvedHeadOn: 424/1600 holds, last 0.080 s, source twoStageRealTimeIteration
curvedHeadOn: 428/1600 holds, last 0.122 s, source twoStageRealTimeIteration
curvedHeadOn: 432/1600 holds, last 0.069 s, source twoStageRealTimeIteration
curvedHeadOn: 436/1600 holds, last 0.120 s, source twoStageRealTimeIteration
curvedHeadOn: 440/1600 holds, last 0.064 s, source twoStageRealTimeIteration
curvedHeadOn: 444/1600 holds, last 0.079 s, source twoStageRealTimeIteration
curvedHeadOn: 448/1600 holds, last 0.129 s, source twoStageRealTimeIteration
curvedHeadOn: 452/1600 holds, last 0.115 s, source twoStageRealTimeIteration
curvedHeadOn: 456/1600 holds, last 0.114 s, source twoStageRealTimeIteration
curvedHeadOn: 460/1600 holds, last 0.064 s, source twoStageRealTimeIteration
curvedHeadOn: 464/1600 holds, last 0.079 s, source twoStageRealTimeIteration
curvedHeadOn: 468/1600 holds, last 0.120 s, source twoStageRealTimeIteration
curvedHeadOn: 472/1600 holds, last 0.079 s, source twoStageRealTimeIteration
curvedHeadOn: 476/1600 holds, last 0.075 s, source twoStageRealTimeIteration
curvedHeadOn: 480/1600 holds, last 0.120 s, source twoStageRealTimeIteration
curvedHeadOn: 484/1600 holds, last 0.080 s, source twoStageRealTimeIteration
curvedHeadOn: 488/1600 holds, last 0.072 s, source twoStageRealTimeIteration
curvedHeadOn: 492/1600 holds, last 0.080 s, source twoStageRealTimeIteration
curvedHeadOn: 496/1600 holds, last 0.081 s, source twoStageRealTimeIteration
curvedHeadOn: 500/1600 holds, last 0.078 s, source twoStageRealTimeIteration
Recovery at 25.00 s: e = [-24.1931 -0.0660306   -1.68225  0.0293919 -0.0118921], W = 34831.4
curvedHeadOn: 504/1600 holds, last 0.109 s, source twoStageRealTimeIteration
curvedHeadOn: 508/1600 holds, last 0.085 s, source twoStageRealTimeIteration
curvedHeadOn: 512/1600 holds, last 0.080 s, source twoStageRealTimeIteration
curvedHeadOn: 516/1600 holds, last 0.084 s, source twoStageRealTimeIteration
curvedHeadOn: 520/1600 holds, last 0.079 s, source twoStageRealTimeIteration
curvedHeadOn: 524/1600 holds, last 0.072 s, source twoStageRealTimeIteration
curvedHeadOn: 528/1600 holds, last 0.103 s, source twoStageRealTimeIteration
curvedHeadOn: 532/1600 holds, last 0.071 s, source twoStageRealTimeIteration
curvedHeadOn: 536/1600 holds, last 0.071 s, source twoStageRealTimeIteration
curvedHeadOn: 540/1600 holds, last 0.078 s, source twoStageRealTimeIteration
curvedHeadOn: 544/1600 holds, last 0.078 s, source twoStageRealTimeIteration
curvedHeadOn: 548/1600 holds, last 0.131 s, source twoStageRealTimeIteration
curvedHeadOn: 552/1600 holds, last 0.069 s, source twoStageRealTimeIteration
curvedHeadOn: 556/1600 holds, last 0.070 s, source twoStageRealTimeIteration
curvedHeadOn: 560/1600 holds, last 0.078 s, source twoStageRealTimeIteration
curvedHeadOn: 564/1600 holds, last 0.070 s, source twoStageRealTimeIteration
curvedHeadOn: 568/1600 holds, last 0.070 s, source twoStageRealTimeIteration
curvedHeadOn: 572/1600 holds, last 0.071 s, source twoStageRealTimeIteration
curvedHeadOn: 576/1600 holds, last 0.127 s, source twoStageRealTimeIteration
curvedHeadOn: 580/1600 holds, last 0.137 s, source twoStageRealTimeIteration
curvedHeadOn: 584/1600 holds, last 0.069 s, source twoStageRealTimeIteration
curvedHeadOn: 588/1600 holds, last 0.068 s, source twoStageRealTimeIteration
curvedHeadOn: 592/1600 holds, last 0.075 s, source twoStageRealTimeIteration
curvedHeadOn: 596/1600 holds, last 0.122 s, source twoStageRealTimeIteration
curvedHeadOn: 600/1600 holds, last 0.069 s, source twoStageRealTimeIteration
Recovery at 30.00 s: e = [-27.6857 -0.0431095   -1.61893  0.0271527 -0.0133879], W = 45170.9
curvedHeadOn: 604/1600 holds, last 0.073 s, source twoStageRealTimeIteration
curvedHeadOn: 608/1600 holds, last 0.069 s, source twoStageRealTimeIteration
curvedHeadOn: 612/1600 holds, last 0.072 s, source twoStageRealTimeIteration
curvedHeadOn: 616/1600 holds, last 0.072 s, source twoStageRealTimeIteration
curvedHeadOn: 620/1600 holds, last 0.069 s, source twoStageRealTimeIteration
curvedHeadOn: 624/1600 holds, last 0.070 s, source twoStageRealTimeIteration
curvedHeadOn: 628/1600 holds, last 0.134 s, source twoStageRealTimeIteration
curvedHeadOn: 632/1600 holds, last 0.070 s, source twoStageRealTimeIteration
curvedHeadOn: 636/1600 holds, last 0.068 s, source twoStageRealTimeIteration
curvedHeadOn: 640/1600 holds, last 0.075 s, source twoStageRealTimeIteration
curvedHeadOn: 644/1600 holds, last 0.122 s, source twoStageRealTimeIteration
curvedHeadOn: 648/1600 holds, last 0.068 s, source twoStageRealTimeIteration
curvedHeadOn: 652/1600 holds, last 0.125 s, source twoStageRealTimeIteration
curvedHeadOn: 656/1600 holds, last 0.074 s, source twoStageRealTimeIteration
curvedHeadOn: 660/1600 holds, last 0.069 s, source twoStageRealTimeIteration
curvedHeadOn: 664/1600 holds, last 0.074 s, source twoStageRealTimeIteration
curvedHeadOn: 668/1600 holds, last 0.111 s, source twoStageRealTimeIteration
curvedHeadOn: 672/1600 holds, last 0.075 s, source twoStageRealTimeIteration
curvedHeadOn: 676/1600 holds, last 0.075 s, source twoStageRealTimeIteration
curvedHeadOn: 680/1600 holds, last 0.133 s, source twoStageRealTimeIteration
curvedHeadOn: 684/1600 holds, last 0.069 s, source twoStageRealTimeIteration
curvedHeadOn: 688/1600 holds, last 0.113 s, source twoStageRealTimeIteration
curvedHeadOn: 692/1600 holds, last 0.135 s, source twoStageRealTimeIteration
curvedHeadOn: 696/1600 holds, last 0.082 s, source twoStageRealTimeIteration
curvedHeadOn: 700/1600 holds, last 0.075 s, source twoStageRealTimeIteration
Recovery at 35.00 s: e = [-29.513 -0.0160817   -1.62299  0.0282314 -0.0104482], W = 50914.2
curvedHeadOn: 704/1600 holds, last 0.132 s, source twoStageRealTimeIteration
curvedHeadOn: 708/1600 holds, last 0.072 s, source twoStageRealTimeIteration
curvedHeadOn: 712/1600 holds, last 0.093 s, source twoStageRealTimeIteration
curvedHeadOn: 716/1600 holds, last 0.070 s, source twoStageRealTimeIteration
curvedHeadOn: 720/1600 holds, last 0.070 s, source twoStageRealTimeIteration
curvedHeadOn: 724/1600 holds, last 0.076 s, source twoStageRealTimeIteration
curvedHeadOn: 728/1600 holds, last 0.076 s, source twoStageRealTimeIteration
curvedHeadOn: 732/1600 holds, last 0.081 s, source twoStageRealTimeIteration
curvedHeadOn: 736/1600 holds, last 0.073 s, source twoStageRealTimeIteration
curvedHeadOn: 740/1600 holds, last 0.081 s, source twoStageRealTimeIteration
curvedHeadOn: 744/1600 holds, last 0.084 s, source twoStageRealTimeIteration
curvedHeadOn: 748/1600 holds, last 0.072 s, source twoStageRealTimeIteration
curvedHeadOn: 752/1600 holds, last 0.073 s, source twoStageRealTimeIteration
curvedHeadOn: 756/1600 holds, last 0.128 s, source twoStageRealTimeIteration
curvedHeadOn: 760/1600 holds, last 0.075 s, source twoStageRealTimeIteration
curvedHeadOn: 764/1600 holds, last 0.078 s, source twoStageRealTimeIteration
curvedHeadOn: 768/1600 holds, last 0.074 s, source twoStageRealTimeIteration
curvedHeadOn: 772/1600 holds, last 0.078 s, source twoStageRealTimeIteration
curvedHeadOn: 776/1600 holds, last 0.074 s, source twoStageRealTimeIteration
curvedHeadOn: 780/1600 holds, last 0.080 s, source twoStageRealTimeIteration
curvedHeadOn: 784/1600 holds, last 0.075 s, source twoStageRealTimeIteration
curvedHeadOn: 788/1600 holds, last 0.072 s, source twoStageRealTimeIteration
curvedHeadOn: 792/1600 holds, last 0.070 s, source twoStageRealTimeIteration
curvedHeadOn: 796/1600 holds, last 0.075 s, source twoStageRealTimeIteration
curvedHeadOn: 800/1600 holds, last 0.073 s, source twoStageRealTimeIteration
Recovery at 40.00 s: e = [-29.3722   0.014242   -1.44966  0.0258927 -0.0101741], W = 50014.3
curvedHeadOn: 804/1600 holds, last 0.123 s, source twoStageRealTimeIteration
curvedHeadOn: 808/1600 holds, last 0.071 s, source twoStageRealTimeIteration
curvedHeadOn: 812/1600 holds, last 0.072 s, source twoStageRealTimeIteration
curvedHeadOn: 816/1600 holds, last 0.062 s, source twoStageRealTimeIteration
curvedHeadOn: 820/1600 holds, last 0.077 s, source twoStageRealTimeIteration
curvedHeadOn: 824/1600 holds, last 0.125 s, source twoStageRealTimeIteration
curvedHeadOn: 828/1600 holds, last 0.070 s, source twoStageRealTimeIteration
curvedHeadOn: 832/1600 holds, last 0.072 s, source twoStageRealTimeIteration
curvedHeadOn: 836/1600 holds, last 0.057 s, source twoStageRealTimeIteration
curvedHeadOn: 840/1600 holds, last 0.072 s, source twoStageRealTimeIteration
curvedHeadOn: 844/1600 holds, last 0.072 s, source twoStageRealTimeIteration
curvedHeadOn: 848/1600 holds, last 0.064 s, source twoStageRealTimeIteration
curvedHeadOn: 852/1600 holds, last 0.071 s, source twoStageRealTimeIteration
curvedHeadOn: 856/1600 holds, last 0.117 s, source twoStageRealTimeIteration
curvedHeadOn: 860/1600 holds, last 0.071 s, source twoStageRealTimeIteration
curvedHeadOn: 864/1600 holds, last 0.122 s, source twoStageRealTimeIteration
curvedHeadOn: 868/1600 holds, last 0.071 s, source twoStageRealTimeIteration
curvedHeadOn: 872/1600 holds, last 0.056 s, source twoStageRealTimeIteration
curvedHeadOn: 876/1600 holds, last 0.058 s, source twoStageRealTimeIteration
curvedHeadOn: 880/1600 holds, last 0.071 s, source twoStageRealTimeIteration
curvedHeadOn: 884/1600 holds, last 0.060 s, source twoStageRealTimeIteration
curvedHeadOn: 888/1600 holds, last 0.074 s, source twoStageRealTimeIteration
curvedHeadOn: 892/1600 holds, last 0.058 s, source twoStageRealTimeIteration
curvedHeadOn: 896/1600 holds, last 0.071 s, source twoStageRealTimeIteration
curvedHeadOn: 900/1600 holds, last 0.077 s, source twoStageRealTimeIteration
Recovery at 45.00 s: e = [-27.2401  0.0433605   -1.31086  0.0240224 -0.0104145], W = 42645.9
curvedHeadOn: 904/1600 holds, last 0.072 s, source twoStageRealTimeIteration
curvedHeadOn: 908/1600 holds, last 0.072 s, source twoStageRealTimeIteration
curvedHeadOn: 912/1600 holds, last 0.058 s, source twoStageRealTimeIteration
curvedHeadOn: 916/1600 holds, last 0.071 s, source twoStageRealTimeIteration
curvedHeadOn: 920/1600 holds, last 0.071 s, source twoStageRealTimeIteration
curvedHeadOn: 924/1600 holds, last 0.070 s, source twoStageRealTimeIteration
curvedHeadOn: 928/1600 holds, last 0.131 s, source twoStageRealTimeIteration
curvedHeadOn: 932/1600 holds, last 0.079 s, source twoStageRealTimeIteration
curvedHeadOn: 936/1600 holds, last 0.057 s, source twoStageRealTimeIteration
curvedHeadOn: 940/1600 holds, last 0.083 s, source twoStageRealTimeIteration
curvedHeadOn: 944/1600 holds, last 0.063 s, source twoStageRealTimeIteration
curvedHeadOn: 948/1600 holds, last 0.117 s, source twoStageRealTimeIteration
curvedHeadOn: 952/1600 holds, last 0.073 s, source twoStageRealTimeIteration
curvedHeadOn: 956/1600 holds, last 0.057 s, source twoStageRealTimeIteration
curvedHeadOn: 960/1600 holds, last 0.070 s, source twoStageRealTimeIteration
curvedHeadOn: 964/1600 holds, last 0.077 s, source twoStageRealTimeIteration
curvedHeadOn: 968/1600 holds, last 0.071 s, source twoStageRealTimeIteration
curvedHeadOn: 972/1600 holds, last 0.070 s, source twoStageRealTimeIteration
curvedHeadOn: 976/1600 holds, last 0.120 s, source twoStageRealTimeIteration
curvedHeadOn: 980/1600 holds, last 0.129 s, source twoStageRealTimeIteration
curvedHeadOn: 984/1600 holds, last 0.070 s, source twoStageRealTimeIteration
curvedHeadOn: 988/1600 holds, last 0.072 s, source twoStageRealTimeIteration
curvedHeadOn: 992/1600 holds, last 0.078 s, source twoStageRealTimeIteration
curvedHeadOn: 996/1600 holds, last 0.068 s, source twoStageRealTimeIteration
curvedHeadOn: 1000/1600 holds, last 0.132 s, source twoStageRealTimeIteration
Recovery at 50.00 s: e = [-23.4558  0.0640076   -1.48633  0.0267641 -0.0109914], W = 31360.7
curvedHeadOn: 1004/1600 holds, last 0.075 s, source twoStageRealTimeIteration
curvedHeadOn: 1008/1600 holds, last 0.075 s, source twoStageRealTimeIteration
curvedHeadOn: 1012/1600 holds, last 0.114 s, source twoStageRealTimeIteration
curvedHeadOn: 1016/1600 holds, last 0.075 s, source twoStageRealTimeIteration
curvedHeadOn: 1020/1600 holds, last 0.063 s, source twoStageRealTimeIteration
curvedHeadOn: 1024/1600 holds, last 0.059 s, source twoStageRealTimeIteration
curvedHeadOn: 1028/1600 holds, last 0.114 s, source twoStageRealTimeIteration
curvedHeadOn: 1032/1600 holds, last 0.064 s, source twoStageRealTimeIteration
curvedHeadOn: 1036/1600 holds, last 0.075 s, source twoStageRealTimeIteration
curvedHeadOn: 1040/1600 holds, last 0.069 s, source twoStageRealTimeIteration
curvedHeadOn: 1044/1600 holds, last 0.121 s, source twoStageRealTimeIteration
curvedHeadOn: 1048/1600 holds, last 0.117 s, source twoStageRealTimeIteration
curvedHeadOn: 1052/1600 holds, last 0.076 s, source twoStageRealTimeIteration
curvedHeadOn: 1056/1600 holds, last 0.081 s, source twoStageRealTimeIteration
curvedHeadOn: 1060/1600 holds, last 0.126 s, source twoStageRealTimeIteration
curvedHeadOn: 1064/1600 holds, last 0.062 s, source twoStageRealTimeIteration
curvedHeadOn: 1068/1600 holds, last 0.080 s, source twoStageRealTimeIteration
curvedHeadOn: 1072/1600 holds, last 0.077 s, source twoStageRealTimeIteration
curvedHeadOn: 1076/1600 holds, last 0.077 s, source twoStageRealTimeIteration
curvedHeadOn: 1080/1600 holds, last 0.057 s, source twoStageRealTimeIteration
curvedHeadOn: 1084/1600 holds, last 0.086 s, source twoStageRealTimeIteration
curvedHeadOn: 1088/1600 holds, last 0.075 s, source twoStageRealTimeIteration
curvedHeadOn: 1092/1600 holds, last 0.062 s, source twoStageRealTimeIteration
curvedHeadOn: 1096/1600 holds, last 0.133 s, source twoStageRealTimeIteration
curvedHeadOn: 1100/1600 holds, last 0.074 s, source twoStageRealTimeIteration
Recovery at 55.00 s: e = [-18.2844  0.0869262   -1.48276  0.0259779 -0.0100806], W = 18779.2
curvedHeadOn: 1104/1600 holds, last 0.078 s, source twoStageRealTimeIteration
curvedHeadOn: 1108/1600 holds, last 0.086 s, source twoStageRealTimeIteration
curvedHeadOn: 1112/1600 holds, last 0.075 s, source twoStageRealTimeIteration
curvedHeadOn: 1116/1600 holds, last 0.096 s, source twoStageRealTimeIteration
curvedHeadOn: 1120/1600 holds, last 0.082 s, source twoStageRealTimeIteration
curvedHeadOn: 1124/1600 holds, last 0.070 s, source twoStageRealTimeIteration
curvedHeadOn: 1128/1600 holds, last 0.092 s, source twoStageRealTimeIteration
curvedHeadOn: 1132/1600 holds, last 0.063 s, source twoStageRealTimeIteration
curvedHeadOn: 1136/1600 holds, last 0.068 s, source twoStageRealTimeIteration
curvedHeadOn: 1140/1600 holds, last 0.076 s, source twoStageRealTimeIteration
curvedHeadOn: 1144/1600 holds, last 0.076 s, source twoStageRealTimeIteration
curvedHeadOn: 1148/1600 holds, last 0.066 s, source twoStageRealTimeIteration
curvedHeadOn: 1152/1600 holds, last 0.062 s, source twoStageRealTimeIteration
curvedHeadOn: 1156/1600 holds, last 0.129 s, source twoStageRealTimeIteration
curvedHeadOn: 1160/1600 holds, last 0.076 s, source twoStageRealTimeIteration
curvedHeadOn: 1164/1600 holds, last 0.068 s, source twoStageRealTimeIteration
curvedHeadOn: 1168/1600 holds, last 0.064 s, source twoStageRealTimeIteration
curvedHeadOn: 1172/1600 holds, last 0.126 s, source twoStageRealTimeIteration
curvedHeadOn: 1176/1600 holds, last 0.078 s, source twoStageRealTimeIteration
curvedHeadOn: 1180/1600 holds, last 0.121 s, source twoStageRealTimeIteration
curvedHeadOn: 1184/1600 holds, last 0.078 s, source twoStageRealTimeIteration
curvedHeadOn: 1188/1600 holds, last 0.106 s, source twoStageRealTimeIteration
curvedHeadOn: 1192/1600 holds, last 0.110 s, source twoStageRealTimeIteration
curvedHeadOn: 1196/1600 holds, last 0.080 s, source twoStageRealTimeIteration
curvedHeadOn: 1200/1600 holds, last 0.079 s, source twoStageRealTimeIteration
Recovery at 60.00 s: e = [-11.8889  0.0931152   -1.50151  0.0263814 -0.0122699], W = 7783.11
curvedHeadOn: 1204/1600 holds, last 0.081 s, source twoStageRealTimeIteration
curvedHeadOn: 1208/1600 holds, last 0.063 s, source twoStageRealTimeIteration
curvedHeadOn: 1212/1600 holds, last 0.057 s, source twoStageRealTimeIteration
curvedHeadOn: 1216/1600 holds, last 0.060 s, source twoStageRealTimeIteration
curvedHeadOn: 1220/1600 holds, last 0.062 s, source twoStageRealTimeIteration
curvedHeadOn: 1224/1600 holds, last 0.057 s, source twoStageRealTimeIteration
curvedHeadOn: 1228/1600 holds, last 0.060 s, source twoStageRealTimeIteration
curvedHeadOn: 1232/1600 holds, last 0.060 s, source twoStageRealTimeIteration
curvedHeadOn: 1236/1600 holds, last 0.056 s, source twoStageRealTimeIteration
curvedHeadOn: 1240/1600 holds, last 0.057 s, source twoStageRealTimeIteration
curvedHeadOn: 1244/1600 holds, last 0.087 s, source twoStageRealTimeIteration
curvedHeadOn: 1248/1600 holds, last 0.085 s, source twoStageRealTimeIteration
curvedHeadOn: 1252/1600 holds, last 0.075 s, source twoStageRealTimeIteration
curvedHeadOn: 1256/1600 holds, last 0.081 s, source twoStageRealTimeIteration
curvedHeadOn: 1260/1600 holds, last 0.084 s, source twoStageRealTimeIteration
curvedHeadOn: 1264/1600 holds, last 0.078 s, source twoStageRealTimeIteration
curvedHeadOn: 1268/1600 holds, last 0.075 s, source twoStageRealTimeIteration
curvedHeadOn: 1272/1600 holds, last 0.080 s, source twoStageRealTimeIteration
curvedHeadOn: 1276/1600 holds, last 0.087 s, source twoStageRealTimeIteration
curvedHeadOn: 1280/1600 holds, last 0.105 s, source twoStageRealTimeIteration
curvedHeadOn: 1284/1600 holds, last 0.072 s, source twoStageRealTimeIteration
curvedHeadOn: 1288/1600 holds, last 0.114 s, source twoStageRealTimeIteration
curvedHeadOn: 1292/1600 holds, last 0.072 s, source twoStageRealTimeIteration
curvedHeadOn: 1296/1600 holds, last 0.117 s, source twoStageRealTimeIteration
curvedHeadOn: 1300/1600 holds, last 0.102 s, source twoStageRealTimeIteration
Recovery at 65.00 s: e = [-5.20179 -0.160717  -2.67622 0.0884583 0.0971495], W = 2158.61
curvedHeadOn: 1304/1600 holds, last 0.091 s, source twoStageRealTimeIteration
curvedHeadOn: 1308/1600 holds, last 0.180 s, source twoStageRealTimeIteration
curvedHeadOn: 1312/1600 holds, last 0.069 s, source twoStageRealTimeIteration
curvedHeadOn: 1316/1600 holds, last 0.054 s, source twoStageRealTimeIteration
curvedHeadOn: 1320/1600 holds, last 0.051 s, source twoStageRealTimeIteration
curvedHeadOn: 1324/1600 holds, last 0.054 s, source twoStageRealTimeIteration
curvedHeadOn: 1328/1600 holds, last 0.055 s, source twoStageRealTimeIteration
curvedHeadOn: 1332/1600 holds, last 0.054 s, source twoStageRealTimeIteration
curvedHeadOn: 1336/1600 holds, last 0.051 s, source twoStageRealTimeIteration
curvedHeadOn: 1340/1600 holds, last 0.051 s, source twoStageRealTimeIteration
curvedHeadOn: 1344/1600 holds, last 0.052 s, source twoStageRealTimeIteration
curvedHeadOn: 1348/1600 holds, last 0.052 s, source twoStageRealTimeIteration
curvedHeadOn: 1352/1600 holds, last 0.051 s, source twoStageRealTimeIteration
curvedHeadOn: 1356/1600 holds, last 0.051 s, source twoStageRealTimeIteration
curvedHeadOn: 1360/1600 holds, last 0.063 s, source twoStageRealTimeIteration
curvedHeadOn: 1364/1600 holds, last 0.135 s, source twoStageRealTimeIteration
curvedHeadOn: 1368/1600 holds, last 0.122 s, source twoStageRealTimeIteration
curvedHeadOn: 1372/1600 holds, last 0.121 s, source twoStageRealTimeIteration
curvedHeadOn: 1376/1600 holds, last 0.051 s, source twoStageRealTimeIteration
curvedHeadOn: 1380/1600 holds, last 0.051 s, source twoStageRealTimeIteration
curvedHeadOn: 1384/1600 holds, last 0.051 s, source twoStageRealTimeIteration
curvedHeadOn: 1388/1600 holds, last 0.051 s, source twoStageRealTimeIteration
curvedHeadOn: 1392/1600 holds, last 0.051 s, source twoStageRealTimeIteration
curvedHeadOn: 1396/1600 holds, last 0.067 s, source twoStageRealTimeIteration
curvedHeadOn: 1400/1600 holds, last 0.065 s, source twoStageRealTimeIteration
Recovery at 70.00 s: e = [-14.058   -0.133906   -0.993103   0.0173483 -0.00964811], W = 12420.7
curvedHeadOn: 1404/1600 holds, last 0.052 s, source twoStageRealTimeIteration
curvedHeadOn: 1408/1600 holds, last 0.051 s, source twoStageRealTimeIteration
curvedHeadOn: 1412/1600 holds, last 0.051 s, source twoStageRealTimeIteration
curvedHeadOn: 1416/1600 holds, last 0.054 s, source twoStageRealTimeIteration
curvedHeadOn: 1420/1600 holds, last 0.053 s, source twoStageRealTimeIteration
curvedHeadOn: 1424/1600 holds, last 0.054 s, source twoStageRealTimeIteration
curvedHeadOn: 1428/1600 holds, last 0.068 s, source twoStageRealTimeIteration
curvedHeadOn: 1432/1600 holds, last 0.135 s, source twoStageRealTimeIteration
curvedHeadOn: 1436/1600 holds, last 0.055 s, source twoStageRealTimeIteration
curvedHeadOn: 1440/1600 holds, last 0.055 s, source twoStageRealTimeIteration
curvedHeadOn: 1444/1600 holds, last 0.055 s, source twoStageRealTimeIteration
curvedHeadOn: 1448/1600 holds, last 0.098 s, source twoStageRealTimeIteration
curvedHeadOn: 1452/1600 holds, last 0.056 s, source twoStageRealTimeIteration
curvedHeadOn: 1456/1600 holds, last 0.091 s, source twoStageRealTimeIteration
curvedHeadOn: 1460/1600 holds, last 0.055 s, source twoStageRealTimeIteration
curvedHeadOn: 1464/1600 holds, last 0.108 s, source twoStageRealTimeIteration
curvedHeadOn: 1468/1600 holds, last 0.115 s, source twoStageRealTimeIteration
curvedHeadOn: 1472/1600 holds, last 0.114 s, source twoStageRealTimeIteration
curvedHeadOn: 1476/1600 holds, last 0.121 s, source twoStageRealTimeIteration
curvedHeadOn: 1480/1600 holds, last 0.059 s, source twoStageRealTimeIteration
curvedHeadOn: 1484/1600 holds, last 0.056 s, source twoStageRealTimeIteration
curvedHeadOn: 1488/1600 holds, last 0.127 s, source twoStageRealTimeIteration
curvedHeadOn: 1492/1600 holds, last 0.072 s, source twoStageRealTimeIteration
curvedHeadOn: 1496/1600 holds, last 0.073 s, source twoStageRealTimeIteration
curvedHeadOn: 1500/1600 holds, last 0.060 s, source twoStageRealTimeIteration
Recovery at 75.00 s: e = [-21.1952 -0.0962562   -1.25508  0.0219813 -0.0129081], W = 27111.9
curvedHeadOn: 1504/1600 holds, last 0.117 s, source twoStageRealTimeIteration
curvedHeadOn: 1508/1600 holds, last 0.122 s, source twoStageRealTimeIteration
curvedHeadOn: 1512/1600 holds, last 0.128 s, source twoStageRealTimeIteration
curvedHeadOn: 1516/1600 holds, last 0.059 s, source twoStageRealTimeIteration
curvedHeadOn: 1520/1600 holds, last 0.064 s, source twoStageRealTimeIteration
curvedHeadOn: 1524/1600 holds, last 0.070 s, source twoStageRealTimeIteration
curvedHeadOn: 1528/1600 holds, last 0.119 s, source twoStageRealTimeIteration
curvedHeadOn: 1532/1600 holds, last 0.118 s, source twoStageRealTimeIteration
curvedHeadOn: 1536/1600 holds, last 0.086 s, source twoStageRealTimeIteration
curvedHeadOn: 1540/1600 holds, last 0.118 s, source twoStageRealTimeIteration
curvedHeadOn: 1544/1600 holds, last 0.063 s, source twoStageRealTimeIteration
curvedHeadOn: 1548/1600 holds, last 0.118 s, source twoStageRealTimeIteration
curvedHeadOn: 1552/1600 holds, last 0.119 s, source twoStageRealTimeIteration
curvedHeadOn: 1556/1600 holds, last 0.062 s, source twoStageRealTimeIteration
curvedHeadOn: 1560/1600 holds, last 0.084 s, source twoStageRealTimeIteration
curvedHeadOn: 1564/1600 holds, last 0.070 s, source twoStageRealTimeIteration
curvedHeadOn: 1568/1600 holds, last 0.078 s, source twoStageRealTimeIteration
curvedHeadOn: 1572/1600 holds, last 0.070 s, source twoStageRealTimeIteration
curvedHeadOn: 1576/1600 holds, last 0.075 s, source twoStageRealTimeIteration
curvedHeadOn: 1580/1600 holds, last 0.076 s, source twoStageRealTimeIteration
curvedHeadOn: 1584/1600 holds, last 0.160 s, source twoStageRealTimeIteration
curvedHeadOn: 1588/1600 holds, last 0.116 s, source twoStageRealTimeIteration
curvedHeadOn: 1592/1600 holds, last 0.105 s, source twoStageRealTimeIteration
curvedHeadOn: 1596/1600 holds, last 0.114 s, source twoStageRealTimeIteration
curvedHeadOn: 1600/1600 holds, last 0.076 s, source twoStageRealTimeIteration
Recovery at 80.00 s: e = [-26.9513  -0.0775444    -1.78705   0.0309635 -0.00878238], W = 43267.3
curvedHeadOn: 1600/1600 frames, max 0.205 s, failure
CASE-END speed=15 scenario=curvedHeadOn frames=1600 wall=136.193 recovered=0 max=0.204595 gap=0.853525306 failure=
PARTITION-COMPLETE 0
