MATLAB 26.1.0.3276743 (R2026a) Update 3, partition 1 of 4
CASE-START speed=8 scenario=acceleratingHeadOn
acceleratingHeadOn: 4/1600 holds, last 0.087 s, source twoStageRealTimeIteration
acceleratingHeadOn: 8/1600 holds, last 0.083 s, source twoStageRealTimeIteration
acceleratingHeadOn: 12/1600 holds, last 0.132 s, source twoStageRealTimeIteration
acceleratingHeadOn: 16/1600 holds, last 0.141 s, source twoStageRealTimeIteration
acceleratingHeadOn: 20/1600 holds, last 0.120 s, source twoStageRealTimeIteration
acceleratingHeadOn: 24/1600 holds, last 0.121 s, source twoStageRealTimeIteration
acceleratingHeadOn: 28/1600 holds, last 0.088 s, source twoStageRealTimeIteration
acceleratingHeadOn: 32/1600 holds, last 0.116 s, source twoStageRealTimeIteration
acceleratingHeadOn: 36/1600 holds, last 0.098 s, source twoStageRealTimeIteration
acceleratingHeadOn: 40/1600 holds, last 0.097 s, source twoStageRealTimeIteration
acceleratingHeadOn: 44/1600 holds, last 0.110 s, source twoStageRealTimeIteration
acceleratingHeadOn: 48/1600 holds, last 0.089 s, source twoStageRealTimeIteration
acceleratingHeadOn: 52/1600 holds, last 0.077 s, source twoStageRealTimeIteration
acceleratingHeadOn: 56/1600 holds, last 0.070 s, source twoStageRealTimeIteration
acceleratingHeadOn: 60/1600 holds, last 0.067 s, source twoStageRealTimeIteration
acceleratingHeadOn: 64/1600 holds, last 0.060 s, source twoStageRealTimeIteration
acceleratingHeadOn: 68/1600 holds, last 0.077 s, source twoStageRealTimeIteration
acceleratingHeadOn: 72/1600 holds, last 0.096 s, source twoStageRealTimeIteration
acceleratingHeadOn: 76/1600 holds, last 0.089 s, source twoStageRealTimeIteration
acceleratingHeadOn: 80/1600 holds, last 0.132 s, source twoStageRealTimeIteration
acceleratingHeadOn: 84/1600 holds, last 0.068 s, source twoStageRealTimeIteration
acceleratingHeadOn: 88/1600 holds, last 0.058 s, source twoStageRealTimeIteration
acceleratingHeadOn: 92/1600 holds, last 0.105 s, source twoStageRealTimeIteration
acceleratingHeadOn: 96/1600 holds, last 0.053 s, source twoStageRealTimeIteration
acceleratingHeadOn: 100/1600 holds, last 0.062 s, source twoStageRealTimeIteration
Recovery at 5.00 s: e = [11.0036   0.484409  -0.206264 0.00939391 0.00315863], W = 11167
acceleratingHeadOn: 104/1600 holds, last 0.054 s, source twoStageRealTimeIteration
acceleratingHeadOn: 108/1600 holds, last 0.061 s, source twoStageRealTimeIteration
acceleratingHeadOn: 112/1600 holds, last 0.060 s, source twoStageRealTimeIteration
acceleratingHeadOn: 116/1600 holds, last 0.057 s, source twoStageRealTimeIteration
acceleratingHeadOn: 120/1600 holds, last 0.051 s, source twoStageRealTimeIteration
acceleratingHeadOn: 124/1600 holds, last 0.053 s, source twoStageRealTimeIteration
acceleratingHeadOn: 128/1600 holds, last 0.052 s, source twoStageRealTimeIteration
acceleratingHeadOn: 132/1600 holds, last 0.053 s, source twoStageRealTimeIteration
acceleratingHeadOn: 136/1600 holds, last 0.054 s, source twoStageRealTimeIteration
acceleratingHeadOn: 140/1600 holds, last 0.051 s, source twoStageRealTimeIteration
acceleratingHeadOn: 144/1600 holds, last 0.054 s, source twoStageRealTimeIteration
acceleratingHeadOn: 148/1600 holds, last 0.055 s, source twoStageRealTimeIteration
acceleratingHeadOn: 152/1600 holds, last 0.102 s, source twoStageRealTimeIteration
acceleratingHeadOn: 156/1600 holds, last 0.058 s, source twoStageRealTimeIteration
acceleratingHeadOn: 160/1600 holds, last 0.053 s, source twoStageRealTimeIteration
acceleratingHeadOn: 164/1600 holds, last 0.058 s, source twoStageRealTimeIteration
acceleratingHeadOn: 168/1600 holds, last 0.055 s, source twoStageRealTimeIteration
acceleratingHeadOn: 172/1600 holds, last 0.069 s, source twoStageRealTimeIteration
acceleratingHeadOn: 176/1600 holds, last 0.052 s, source twoStageRealTimeIteration
acceleratingHeadOn: 180/1600 holds, last 0.054 s, source twoStageRealTimeIteration
acceleratingHeadOn: 184/1600 holds, last 0.051 s, source twoStageRealTimeIteration
acceleratingHeadOn: 188/1600 holds, last 0.054 s, source twoStageRealTimeIteration
acceleratingHeadOn: 192/1600 holds, last 0.053 s, source twoStageRealTimeIteration
acceleratingHeadOn: 196/1600 holds, last 0.051 s, source twoStageRealTimeIteration
acceleratingHeadOn: 200/1600 holds, last 0.057 s, source twoStageRealTimeIteration
Recovery at 10.00 s: e = [25.0783    0.33041   -1.01139  -0.039995 -0.0318144], W = 50471
acceleratingHeadOn: 204/1600 holds, last 0.052 s, source twoStageRealTimeIteration
acceleratingHeadOn: 208/1600 holds, last 0.054 s, source twoStageRealTimeIteration
acceleratingHeadOn: 212/1600 holds, last 0.053 s, source twoStageRealTimeIteration
acceleratingHeadOn: 216/1600 holds, last 0.054 s, source twoStageRealTimeIteration
acceleratingHeadOn: 220/1600 holds, last 0.054 s, source twoStageRealTimeIteration
acceleratingHeadOn: 224/1600 holds, last 0.055 s, source twoStageRealTimeIteration
acceleratingHeadOn: 228/1600 holds, last 0.111 s, source twoStageRealTimeIteration
acceleratingHeadOn: 232/1600 holds, last 0.057 s, source twoStageRealTimeIteration
acceleratingHeadOn: 236/1600 holds, last 0.057 s, source twoStageRealTimeIteration
acceleratingHeadOn: 240/1600 holds, last 0.055 s, source twoStageRealTimeIteration
acceleratingHeadOn: 244/1600 holds, last 0.053 s, source twoStageRealTimeIteration
acceleratingHeadOn: 248/1600 holds, last 0.050 s, source twoStageRealTimeIteration
acceleratingHeadOn: 252/1600 holds, last 0.056 s, source twoStageRealTimeIteration
acceleratingHeadOn: 256/1600 holds, last 0.054 s, source twoStageRealTimeIteration
acceleratingHeadOn: 260/1600 holds, last 0.055 s, source twoStageRealTimeIteration
acceleratingHeadOn: 264/1600 holds, last 0.051 s, source twoStageRealTimeIteration
acceleratingHeadOn: 268/1600 holds, last 0.053 s, source twoStageRealTimeIteration
acceleratingHeadOn: 272/1600 holds, last 0.053 s, source twoStageRealTimeIteration
acceleratingHeadOn: 276/1600 holds, last 0.053 s, source twoStageRealTimeIteration
acceleratingHeadOn: 280/1600 holds, last 0.047 s, source twoStageRealTimeIteration
acceleratingHeadOn: 284/1600 holds, last 0.053 s, source twoStageRealTimeIteration
acceleratingHeadOn: 288/1600 holds, last 0.052 s, source twoStageRealTimeIteration
acceleratingHeadOn: 292/1600 holds, last 0.053 s, source twoStageRealTimeIteration
acceleratingHeadOn: 296/1600 holds, last 0.053 s, source twoStageRealTimeIteration
acceleratingHeadOn: 300/1600 holds, last 0.050 s, source twoStageRealTimeIteration
Recovery at 15.00 s: e = [33.6049   0.173598  -0.935602 -0.0397299 -0.0317517], W = 87653.6
acceleratingHeadOn: 304/1600 holds, last 0.058 s, source twoStageRealTimeIteration
acceleratingHeadOn: 308/1600 holds, last 0.050 s, source twoStageRealTimeIteration
acceleratingHeadOn: 312/1600 holds, last 0.050 s, source twoStageRealTimeIteration
acceleratingHeadOn: 316/1600 holds, last 0.054 s, source twoStageRealTimeIteration
acceleratingHeadOn: 320/1600 holds, last 0.054 s, source twoStageRealTimeIteration
acceleratingHeadOn: 324/1600 holds, last 0.051 s, source twoStageRealTimeIteration
acceleratingHeadOn: 328/1600 holds, last 0.047 s, source twoStageRealTimeIteration
acceleratingHeadOn: 332/1600 holds, last 0.055 s, source twoStageRealTimeIteration
acceleratingHeadOn: 336/1600 holds, last 0.047 s, source twoStageRealTimeIteration
acceleratingHeadOn: 340/1600 holds, last 0.054 s, source twoStageRealTimeIteration
acceleratingHeadOn: 344/1600 holds, last 0.054 s, source twoStageRealTimeIteration
acceleratingHeadOn: 348/1600 holds, last 0.054 s, source twoStageRealTimeIteration
acceleratingHeadOn: 352/1600 holds, last 0.050 s, source twoStageRealTimeIteration
acceleratingHeadOn: 356/1600 holds, last 0.047 s, source twoStageRealTimeIteration
acceleratingHeadOn: 360/1600 holds, last 0.047 s, source twoStageRealTimeIteration
acceleratingHeadOn: 364/1600 holds, last 0.047 s, source twoStageRealTimeIteration
acceleratingHeadOn: 368/1600 holds, last 0.054 s, source twoStageRealTimeIteration
acceleratingHeadOn: 372/1600 holds, last 0.047 s, source twoStageRealTimeIteration
acceleratingHeadOn: 376/1600 holds, last 0.047 s, source twoStageRealTimeIteration
acceleratingHeadOn: 380/1600 holds, last 0.050 s, source twoStageRealTimeIteration
acceleratingHeadOn: 384/1600 holds, last 0.047 s, source twoStageRealTimeIteration
acceleratingHeadOn: 388/1600 holds, last 0.048 s, source twoStageRealTimeIteration
acceleratingHeadOn: 392/1600 holds, last 0.049 s, source twoStageRealTimeIteration
acceleratingHeadOn: 396/1600 holds, last 0.047 s, source twoStageRealTimeIteration
acceleratingHeadOn: 400/1600 holds, last 0.048 s, source twoStageRealTimeIteration
Recovery at 20.00 s: e = [36.6241 0.00176923  -0.478834  -0.043312 -0.0360966], W = 101996
acceleratingHeadOn: 404/1600 holds, last 0.047 s, source twoStageRealTimeIteration
acceleratingHeadOn: 408/1600 holds, last 0.048 s, source twoStageRealTimeIteration
acceleratingHeadOn: 412/1600 holds, last 0.047 s, source twoStageRealTimeIteration
acceleratingHeadOn: 416/1600 holds, last 0.047 s, source twoStageRealTimeIteration
acceleratingHeadOn: 420/1600 holds, last 0.048 s, source twoStageRealTimeIteration
acceleratingHeadOn: 424/1600 holds, last 0.047 s, source twoStageRealTimeIteration
acceleratingHeadOn: 428/1600 holds, last 0.047 s, source twoStageRealTimeIteration
acceleratingHeadOn: 432/1600 holds, last 0.047 s, source twoStageRealTimeIteration
acceleratingHeadOn: 436/1600 holds, last 0.047 s, source twoStageRealTimeIteration
acceleratingHeadOn: 440/1600 holds, last 0.047 s, source twoStageRealTimeIteration
acceleratingHeadOn: 444/1600 holds, last 0.047 s, source twoStageRealTimeIteration
acceleratingHeadOn: 448/1600 holds, last 0.050 s, source twoStageRealTimeIteration
acceleratingHeadOn: 452/1600 holds, last 0.050 s, source twoStageRealTimeIteration
acceleratingHeadOn: 456/1600 holds, last 0.050 s, source twoStageRealTimeIteration
acceleratingHeadOn: 460/1600 holds, last 0.051 s, source twoStageRealTimeIteration
acceleratingHeadOn: 464/1600 holds, last 0.048 s, source twoStageRealTimeIteration
acceleratingHeadOn: 468/1600 holds, last 0.047 s, source twoStageRealTimeIteration
acceleratingHeadOn: 472/1600 holds, last 0.050 s, source twoStageRealTimeIteration
acceleratingHeadOn: 476/1600 holds, last 0.048 s, source twoStageRealTimeIteration
acceleratingHeadOn: 480/1600 holds, last 0.076 s, source twoStageRealTimeIteration
acceleratingHeadOn: 484/1600 holds, last 0.048 s, source twoStageRealTimeIteration
acceleratingHeadOn: 488/1600 holds, last 0.058 s, source twoStageRealTimeIteration
acceleratingHeadOn: 492/1600 holds, last 0.046 s, source twoStageRealTimeIteration
acceleratingHeadOn: 496/1600 holds, last 0.047 s, source twoStageRealTimeIteration
acceleratingHeadOn: 500/1600 holds, last 0.048 s, source twoStageRealTimeIteration
Recovery at 25.00 s: e = [32.9619  -0.172149 -0.0165984 -0.0325672  -0.028403], W = 80961.4
acceleratingHeadOn: 504/1600 holds, last 0.055 s, source twoStageRealTimeIteration
acceleratingHeadOn: 508/1600 holds, last 0.050 s, source twoStageRealTimeIteration
acceleratingHeadOn: 512/1600 holds, last 0.047 s, source twoStageRealTimeIteration
acceleratingHeadOn: 516/1600 holds, last 0.059 s, source twoStageRealTimeIteration
acceleratingHeadOn: 520/1600 holds, last 0.049 s, source twoStageRealTimeIteration
acceleratingHeadOn: 524/1600 holds, last 0.051 s, source twoStageRealTimeIteration
acceleratingHeadOn: 528/1600 holds, last 0.054 s, source twoStageRealTimeIteration
acceleratingHeadOn: 532/1600 holds, last 0.050 s, source twoStageRealTimeIteration
acceleratingHeadOn: 536/1600 holds, last 0.054 s, source twoStageRealTimeIteration
acceleratingHeadOn: 540/1600 holds, last 0.048 s, source twoStageRealTimeIteration
acceleratingHeadOn: 544/1600 holds, last 0.265 s, source twoStageRealTimeIteration
acceleratingHeadOn: 548/1600 holds, last 0.048 s, source twoStageRealTimeIteration
acceleratingHeadOn: 552/1600 holds, last 0.059 s, source twoStageRealTimeIteration
acceleratingHeadOn: 556/1600 holds, last 0.050 s, source twoStageRealTimeIteration
acceleratingHeadOn: 560/1600 holds, last 0.056 s, source twoStageRealTimeIteration
acceleratingHeadOn: 564/1600 holds, last 0.051 s, source twoStageRealTimeIteration
acceleratingHeadOn: 568/1600 holds, last 0.085 s, source twoStageRealTimeIteration
acceleratingHeadOn: 572/1600 holds, last 0.046 s, source twoStageRealTimeIteration
acceleratingHeadOn: 576/1600 holds, last 0.050 s, source twoStageRealTimeIteration
acceleratingHeadOn: 580/1600 holds, last 0.045 s, source twoStageRealTimeIteration
acceleratingHeadOn: 584/1600 holds, last 0.045 s, source twoStageRealTimeIteration
acceleratingHeadOn: 588/1600 holds, last 0.046 s, source twoStageRealTimeIteration
acceleratingHeadOn: 592/1600 holds, last 0.046 s, source twoStageRealTimeIteration
acceleratingHeadOn: 596/1600 holds, last 0.046 s, source twoStageRealTimeIteration
acceleratingHeadOn: 600/1600 holds, last 0.044 s, source twoStageRealTimeIteration
Recovery at 30.00 s: e = [22.9601 -0.298987 -0.058776 0.0199561 0.0182063], W = 38178.7
acceleratingHeadOn: 604/1600 holds, last 0.046 s, source twoStageRealTimeIteration
acceleratingHeadOn: 608/1600 holds, last 0.048 s, source twoStageRealTimeIteration
acceleratingHeadOn: 612/1600 holds, last 0.044 s, source twoStageRealTimeIteration
acceleratingHeadOn: 616/1600 holds, last 0.044 s, source twoStageRealTimeIteration
acceleratingHeadOn: 620/1600 holds, last 0.047 s, source twoStageRealTimeIteration
acceleratingHeadOn: 624/1600 holds, last 0.044 s, source twoStageRealTimeIteration
acceleratingHeadOn: 628/1600 holds, last 0.049 s, source twoStageRealTimeIteration
acceleratingHeadOn: 632/1600 holds, last 0.041 s, source twoStageRealTimeIteration
acceleratingHeadOn: 636/1600 holds, last 0.042 s, source twoStageRealTimeIteration
acceleratingHeadOn: 640/1600 holds, last 0.043 s, source twoStageRealTimeIteration
acceleratingHeadOn: 644/1600 holds, last 0.041 s, source twoStageRealTimeIteration
acceleratingHeadOn: 648/1600 holds, last 0.043 s, source twoStageRealTimeIteration
acceleratingHeadOn: 652/1600 holds, last 0.042 s, source twoStageRealTimeIteration
acceleratingHeadOn: 656/1600 holds, last 0.042 s, source twoStageRealTimeIteration
acceleratingHeadOn: 660/1600 holds, last 0.042 s, source twoStageRealTimeIteration
acceleratingHeadOn: 664/1600 holds, last 0.041 s, source twoStageRealTimeIteration
acceleratingHeadOn: 668/1600 holds, last 0.041 s, source twoStageRealTimeIteration
acceleratingHeadOn: 672/1600 holds, last 0.043 s, source twoStageRealTimeIteration
acceleratingHeadOn: 676/1600 holds, last 0.041 s, source twoStageRealTimeIteration
acceleratingHeadOn: 680/1600 holds, last 0.042 s, source twoStageRealTimeIteration
acceleratingHeadOn: 684/1600 holds, last 0.042 s, source twoStageRealTimeIteration
acceleratingHeadOn: 688/1600 holds, last 0.042 s, source twoStageRealTimeIteration
acceleratingHeadOn: 692/1600 holds, last 0.042 s, source twoStageRealTimeIteration
acceleratingHeadOn: 696/1600 holds, last 0.042 s, source twoStageRealTimeIteration
acceleratingHeadOn: 700/1600 holds, last 0.043 s, source twoStageRealTimeIteration
Recovery at 35.00 s: e = [13.1847  -0.245608  -0.410448 0.00238892 0.00195814], W = 12349.5
acceleratingHeadOn: 704/1600 holds, last 0.043 s, source twoStageRealTimeIteration
acceleratingHeadOn: 708/1600 holds, last 0.044 s, source twoStageRealTimeIteration
acceleratingHeadOn: 712/1600 holds, last 0.042 s, source twoStageRealTimeIteration
acceleratingHeadOn: 716/1600 holds, last 0.042 s, source twoStageRealTimeIteration
acceleratingHeadOn: 720/1600 holds, last 0.042 s, source twoStageRealTimeIteration
acceleratingHeadOn: 724/1600 holds, last 0.044 s, source twoStageRealTimeIteration
acceleratingHeadOn: 728/1600 holds, last 0.043 s, source twoStageRealTimeIteration
acceleratingHeadOn: 732/1600 holds, last 0.043 s, source twoStageRealTimeIteration
acceleratingHeadOn: 736/1600 holds, last 0.042 s, source twoStageRealTimeIteration
acceleratingHeadOn: 740/1600 holds, last 0.043 s, source twoStageRealTimeIteration
acceleratingHeadOn: 744/1600 holds, last 0.044 s, source twoStageRealTimeIteration
acceleratingHeadOn: 748/1600 holds, last 0.043 s, source twoStageRealTimeIteration
acceleratingHeadOn: 752/1600 holds, last 0.043 s, source twoStageRealTimeIteration
acceleratingHeadOn: 756/1600 holds, last 0.043 s, source twoStageRealTimeIteration
acceleratingHeadOn: 760/1600 holds, last 0.043 s, source twoStageRealTimeIteration
acceleratingHeadOn: 764/1600 holds, last 0.043 s, source twoStageRealTimeIteration
acceleratingHeadOn: 768/1600 holds, last 0.043 s, source twoStageRealTimeIteration
acceleratingHeadOn: 772/1600 holds, last 0.046 s, source twoStageRealTimeIteration
acceleratingHeadOn: 776/1600 holds, last 0.044 s, source twoStageRealTimeIteration
acceleratingHeadOn: 780/1600 holds, last 0.044 s, source twoStageRealTimeIteration
acceleratingHeadOn: 784/1600 holds, last 0.047 s, source twoStageRealTimeIteration
acceleratingHeadOn: 788/1600 holds, last 0.043 s, source twoStageRealTimeIteration
acceleratingHeadOn: 792/1600 holds, last 0.044 s, source twoStageRealTimeIteration
acceleratingHeadOn: 796/1600 holds, last 0.046 s, source twoStageRealTimeIteration
acceleratingHeadOn: 800/1600 holds, last 0.043 s, source twoStageRealTimeIteration
Recovery at 40.00 s: e = [3.97449    -0.244577    -0.374143 -6.62924e-05 -5.35577e-05], W = 1008.11
acceleratingHeadOn: 804/1600 holds, last 0.043 s, source twoStageRealTimeIteration
acceleratingHeadOn: 808/1600 holds, last 0.043 s, source twoStageRealTimeIteration
acceleratingHeadOn: 812/1600 holds, last 0.043 s, source twoStageRealTimeIteration
acceleratingHeadOn: 816/1600 holds, last 0.043 s, source twoStageRealTimeIteration
acceleratingHeadOn: 820/1600 holds, last 0.043 s, source twoStageRealTimeIteration
acceleratingHeadOn: 824/1600 holds, last 0.042 s, source twoStageRealTimeIteration
acceleratingHeadOn: 828/1600 holds, last 0.043 s, source twoStageRealTimeIteration
acceleratingHeadOn: 832/1600 holds, last 0.043 s, source twoStageRealTimeIteration
acceleratingHeadOn: 836/1600 holds, last 0.041 s, source twoStageRealTimeIteration
acceleratingHeadOn: 840/1600 holds, last 0.045 s, source twoStageRealTimeIteration
acceleratingHeadOn: 844/1600 holds, last 0.051 s, source twoStageRealTimeIteration
acceleratingHeadOn: 848/1600 holds, last 0.055 s, source twoStageRealTimeIteration
acceleratingHeadOn: 852/1600 holds, last 0.053 s, source twoStageRealTimeIteration
acceleratingHeadOn: 856/1600 holds, last 0.047 s, source twoStageRealTimeIteration
acceleratingHeadOn: 860/1600 holds, last 0.046 s, source twoStageRealTimeIteration
acceleratingHeadOn: 864/1600 holds, last 0.052 s, source twoStageRealTimeIteration
acceleratingHeadOn: 868/1600 holds, last 0.052 s, source twoStageRealTimeIteration
acceleratingHeadOn: 872/1600 holds, last 0.051 s, source twoStageRealTimeIteration
acceleratingHeadOn: 876/1600 holds, last 0.199 s, source twoStageRealTimeIteration
acceleratingHeadOn: 880/1600 holds, last 0.175 s, source twoStageRealTimeIteration
acceleratingHeadOn: 884/1600 holds, last 0.219 s, source twoStageRealTimeIteration
acceleratingHeadOn: 888/1600 holds, last 0.053 s, source twoStageRealTimeIteration
acceleratingHeadOn: 892/1600 holds, last 0.181 s, source twoStageRealTimeIteration
acceleratingHeadOn: 896/1600 holds, last 0.145 s, source twoStageRealTimeIteration
acceleratingHeadOn: 900/1600 holds, last 0.056 s, source twoStageRealTimeIteration
Recovery at 45.00 s: e = [-1.72515 -0.0203852 -0.0361413  0.0345733  0.0302459], W = 237.91
acceleratingHeadOn: 904/1600 holds, last 0.154 s, source twoStageRealTimeIteration
acceleratingHeadOn: 908/1600 holds, last 0.180 s, source twoStageRealTimeIteration
acceleratingHeadOn: 912/1600 holds, last 0.204 s, source twoStageRealTimeIteration
acceleratingHeadOn: 916/1600 holds, last 0.160 s, source twoStageRealTimeIteration
acceleratingHeadOn: 920/1600 holds, last 0.315 s, source twoStageRealTimeIteration
acceleratingHeadOn: 924/1600 holds, last 0.140 s, source twoStageRealTimeIteration
acceleratingHeadOn: 928/1600 holds, last 0.195 s, source twoStageRealTimeIteration
acceleratingHeadOn: 932/1600 holds, last 0.046 s, source twoStageRealTimeIteration
acceleratingHeadOn: 936/1600 holds, last 0.047 s, source twoStageRealTimeIteration
acceleratingHeadOn: 940/1600 holds, last 0.046 s, source twoStageRealTimeIteration
acceleratingHeadOn: 944/1600 holds, last 0.047 s, source twoStageRealTimeIteration
acceleratingHeadOn: 948/1600 holds, last 0.046 s, source twoStageRealTimeIteration
acceleratingHeadOn: 952/1600 holds, last 0.046 s, source twoStageRealTimeIteration
acceleratingHeadOn: 956/1600 holds, last 0.045 s, source twoStageRealTimeIteration
acceleratingHeadOn: 960/1600 holds, last 0.044 s, source twoStageRealTimeIteration
acceleratingHeadOn: 964/1600 holds, last 0.043 s, source twoStageRealTimeIteration
acceleratingHeadOn: 968/1600 holds, last 0.044 s, source twoStageRealTimeIteration
acceleratingHeadOn: 972/1600 holds, last 0.045 s, source twoStageRealTimeIteration
acceleratingHeadOn: 976/1600 holds, last 0.044 s, source twoStageRealTimeIteration
acceleratingHeadOn: 980/1600 holds, last 0.043 s, source twoStageRealTimeIteration
acceleratingHeadOn: 984/1600 holds, last 0.043 s, source twoStageRealTimeIteration
acceleratingHeadOn: 988/1600 holds, last 0.043 s, source twoStageRealTimeIteration
acceleratingHeadOn: 992/1600 holds, last 0.046 s, source twoStageRealTimeIteration
acceleratingHeadOn: 996/1600 holds, last 0.055 s, source twoStageRealTimeIteration
acceleratingHeadOn: 1000/1600 holds, last 0.050 s, source twoStageRealTimeIteration
Recovery at 50.00 s: e = [-1.05176   0.0165353   -0.240564 -0.00363692 -0.00294995], W = 80.5908
acceleratingHeadOn: 1004/1600 holds, last 0.049 s, source twoStageRealTimeIteration
acceleratingHeadOn: 1008/1600 holds, last 0.053 s, source twoStageRealTimeIteration
acceleratingHeadOn: 1012/1600 holds, last 0.045 s, source twoStageRealTimeIteration
acceleratingHeadOn: 1016/1600 holds, last 0.048 s, source twoStageRealTimeIteration
acceleratingHeadOn: 1020/1600 holds, last 0.042 s, source twoStageRealTimeIteration
acceleratingHeadOn: 1024/1600 holds, last 0.043 s, source twoStageRealTimeIteration
acceleratingHeadOn: 1028/1600 holds, last 0.042 s, source twoStageRealTimeIteration
acceleratingHeadOn: 1032/1600 holds, last 0.040 s, source twoStageRealTimeIteration
acceleratingHeadOn: 1036/1600 holds, last 0.041 s, source twoStageRealTimeIteration
acceleratingHeadOn: 1040/1600 holds, last 0.041 s, source twoStageRealTimeIteration
acceleratingHeadOn: 1044/1600 holds, last 0.040 s, source twoStageRealTimeIteration
acceleratingHeadOn: 1048/1600 holds, last 0.041 s, source twoStageRealTimeIteration
acceleratingHeadOn: 1052/1600 holds, last 0.042 s, source twoStageRealTimeIteration
acceleratingHeadOn: 1056/1600 holds, last 0.041 s, source twoStageRealTimeIteration
acceleratingHeadOn: 1060/1600 holds, last 0.041 s, source twoStageRealTimeIteration
acceleratingHeadOn: 1064/1600 holds, last 0.043 s, source twoStageRealTimeIteration
acceleratingHeadOn: 1068/1600 holds, last 0.041 s, source twoStageRealTimeIteration
acceleratingHeadOn: 1072/1600 holds, last 0.042 s, source twoStageRealTimeIteration
acceleratingHeadOn: 1076/1600 holds, last 0.041 s, source twoStageRealTimeIteration
acceleratingHeadOn: 1080/1600 holds, last 0.041 s, source twoStageRealTimeIteration
acceleratingHeadOn: 1084/1600 holds, last 0.041 s, source twoStageRealTimeIteration
acceleratingHeadOn: 1088/1600 holds, last 0.041 s, source twoStageRealTimeIteration
acceleratingHeadOn: 1092/1600 holds, last 0.043 s, source twoStageRealTimeIteration
acceleratingHeadOn: 1096/1600 holds, last 0.041 s, source twoStageRealTimeIteration
acceleratingHeadOn: 1100/1600 holds, last 0.041 s, source twoStageRealTimeIteration
Recovery at 55.00 s: e = [-0.454001  0.0165485  -0.322481 0.00227439 0.00193418], W = 15.9875
acceleratingHeadOn: 1104/1600 holds, last 0.041 s, source twoStageRealTimeIteration
acceleratingHeadOn: 1108/1600 holds, last 0.050 s, source twoStageRealTimeIteration
acceleratingHeadOn: 1112/1600 holds, last 0.041 s, source twoStageRealTimeIteration
acceleratingHeadOn: 1116/1600 holds, last 0.045 s, source twoStageRealTimeIteration
acceleratingHeadOn: 1120/1600 holds, last 0.040 s, source twoStageRealTimeIteration
acceleratingHeadOn: 1124/1600 holds, last 0.041 s, source twoStageRealTimeIteration
acceleratingHeadOn: 1128/1600 holds, last 0.041 s, source twoStageRealTimeIteration
acceleratingHeadOn: 1132/1600 holds, last 0.046 s, source twoStageRealTimeIteration
acceleratingHeadOn: 1136/1600 holds, last 0.042 s, source twoStageRealTimeIteration
acceleratingHeadOn: 1140/1600 holds, last 0.044 s, source twoStageRealTimeIteration
acceleratingHeadOn: 1144/1600 holds, last 0.044 s, source twoStageRealTimeIteration
acceleratingHeadOn: 1148/1600 holds, last 0.042 s, source twoStageRealTimeIteration
acceleratingHeadOn: 1152/1600 holds, last 0.043 s, source twoStageRealTimeIteration
acceleratingHeadOn: 1156/1600 holds, last 0.043 s, source twoStageRealTimeIteration
acceleratingHeadOn: 1160/1600 holds, last 0.044 s, source twoStageRealTimeIteration
acceleratingHeadOn: 1164/1600 holds, last 0.043 s, source twoStageRealTimeIteration
acceleratingHeadOn: 1168/1600 holds, last 0.044 s, source twoStageRealTimeIteration
acceleratingHeadOn: 1172/1600 holds, last 0.043 s, source twoStageRealTimeIteration
acceleratingHeadOn: 1176/1600 holds, last 0.042 s, source twoStageRealTimeIteration
acceleratingHeadOn: 1180/1600 holds, last 0.042 s, source twoStageRealTimeIteration
acceleratingHeadOn: 1184/1600 holds, last 0.045 s, source twoStageRealTimeIteration
acceleratingHeadOn: 1188/1600 holds, last 0.042 s, source twoStageRealTimeIteration
acceleratingHeadOn: 1192/1600 holds, last 0.042 s, source twoStageRealTimeIteration
acceleratingHeadOn: 1196/1600 holds, last 0.044 s, source twoStageRealTimeIteration
acceleratingHeadOn: 1200/1600 holds, last 0.042 s, source twoStageRealTimeIteration
Recovery at 60.00 s: e = [0.00174487 0.000872533   -0.049692 -0.00183121 -0.00155094], W = 0.0523993
acceleratingHeadOn: 1204/1600 holds, last 0.042 s, source twoStageRealTimeIteration
acceleratingHeadOn: 1208/1600 holds, last 0.042 s, source twoStageRealTimeIteration
acceleratingHeadOn: 1212/1600 holds, last 0.044 s, source twoStageRealTimeIteration
acceleratingHeadOn: 1216/1600 holds, last 0.046 s, source twoStageRealTimeIteration
acceleratingHeadOn: 1220/1600 holds, last 0.044 s, source twoStageRealTimeIteration
acceleratingHeadOn: 1224/1600 holds, last 0.048 s, source twoStageRealTimeIteration
acceleratingHeadOn: 1228/1600 holds, last 0.049 s, source twoStageRealTimeIteration
acceleratingHeadOn: 1232/1600 holds, last 0.046 s, source twoStageRealTimeIteration
acceleratingHeadOn: 1236/1600 holds, last 0.047 s, source twoStageRealTimeIteration
acceleratingHeadOn: 1240/1600 holds, last 0.048 s, source twoStageRealTimeIteration
acceleratingHeadOn: 1244/1600 holds, last 0.045 s, source twoStageRealTimeIteration
acceleratingHeadOn: 1248/1600 holds, last 0.054 s, source twoStageRealTimeIteration
acceleratingHeadOn: 1252/1600 holds, last 0.048 s, source twoStageRealTimeIteration
acceleratingHeadOn: 1253/1600 frames, max 1.049 s, failure
CASE-END speed=8 scenario=acceleratingHeadOn frames=1253 wall=82.413 recovered=1 max=1.048530 gap=0.429677082 failure=
CASE-START speed=8 scenario=curvedHeadOn
curvedHeadOn: 4/1600 holds, last 0.076 s, source twoStageRealTimeIteration
curvedHeadOn: 8/1600 holds, last 0.080 s, source twoStageRealTimeIteration
curvedHeadOn: 12/1600 holds, last 0.089 s, source twoStageRealTimeIteration
curvedHeadOn: 16/1600 holds, last 0.085 s, source twoStageRealTimeIteration
curvedHeadOn: 20/1600 holds, last 0.109 s, source twoStageRealTimeIteration
curvedHeadOn: 24/1600 holds, last 0.087 s, source twoStageRealTimeIteration
curvedHeadOn: 28/1600 holds, last 0.129 s, source twoStageRealTimeIteration
curvedHeadOn: 32/1600 holds, last 0.115 s, source twoStageRealTimeIteration
curvedHeadOn: 36/1600 holds, last 0.093 s, source twoStageRealTimeIteration
curvedHeadOn: 40/1600 holds, last 0.094 s, source twoStageRealTimeIteration
curvedHeadOn: 44/1600 holds, last 0.091 s, source twoStageRealTimeIteration
curvedHeadOn: 48/1600 holds, last 0.104 s, source twoStageRealTimeIteration
curvedHeadOn: 52/1600 holds, last 0.112 s, source twoStageRealTimeIteration
curvedHeadOn: 56/1600 holds, last 0.097 s, source twoStageRealTimeIteration
curvedHeadOn: 60/1600 holds, last 0.082 s, source twoStageRealTimeIteration
curvedHeadOn: 64/1600 holds, last 0.077 s, source twoStageRealTimeIteration
curvedHeadOn: 68/1600 holds, last 0.081 s, source twoStageRealTimeIteration
curvedHeadOn: 72/1600 holds, last 0.069 s, source twoStageRealTimeIteration
curvedHeadOn: 76/1600 holds, last 0.085 s, source twoStageRealTimeIteration
curvedHeadOn: 80/1600 holds, last 0.074 s, source twoStageRealTimeIteration
curvedHeadOn: 84/1600 holds, last 0.081 s, source twoStageRealTimeIteration
curvedHeadOn: 88/1600 holds, last 0.107 s, source twoStageRealTimeIteration
curvedHeadOn: 92/1600 holds, last 0.089 s, source twoStageRealTimeIteration
curvedHeadOn: 96/1600 holds, last 0.075 s, source twoStageRealTimeIteration
curvedHeadOn: 100/1600 holds, last 0.130 s, source twoStageRealTimeIteration
Recovery at 5.00 s: e = [7.58377  0.225267 -0.615292  0.153843  0.159086], W = 4993.64
curvedHeadOn: 104/1600 holds, last 0.100 s, source twoStageRealTimeIteration
curvedHeadOn: 108/1600 holds, last 0.057 s, source twoStageRealTimeIteration
curvedHeadOn: 112/1600 holds, last 0.104 s, source twoStageRealTimeIteration
curvedHeadOn: 116/1600 holds, last 0.135 s, source twoStageRealTimeIteration
curvedHeadOn: 120/1600 holds, last 0.063 s, source twoStageRealTimeIteration
curvedHeadOn: 124/1600 holds, last 0.055 s, source twoStageRealTimeIteration
curvedHeadOn: 128/1600 holds, last 0.049 s, source twoStageRealTimeIteration
curvedHeadOn: 132/1600 holds, last 0.056 s, source twoStageRealTimeIteration
curvedHeadOn: 136/1600 holds, last 0.235 s, source twoStageRealTimeIteration
curvedHeadOn: 140/1600 holds, last 0.063 s, source twoStageRealTimeIteration
curvedHeadOn: 144/1600 holds, last 0.156 s, source twoStageRealTimeIteration
curvedHeadOn: 148/1600 holds, last 0.156 s, source twoStageRealTimeIteration
curvedHeadOn: 152/1600 holds, last 0.215 s, source twoStageRealTimeIteration
curvedHeadOn: 156/1600 holds, last 0.105 s, source twoStageRealTimeIteration
curvedHeadOn: 160/1600 holds, last 0.148 s, source twoStageRealTimeIteration
curvedHeadOn: 164/1600 holds, last 0.061 s, source twoStageRealTimeIteration
curvedHeadOn: 168/1600 holds, last 0.153 s, source twoStageRealTimeIteration
curvedHeadOn: 172/1600 holds, last 0.135 s, source twoStageRealTimeIteration
curvedHeadOn: 176/1600 holds, last 0.056 s, source twoStageRealTimeIteration
curvedHeadOn: 180/1600 holds, last 0.217 s, source twoStageRealTimeIteration
curvedHeadOn: 184/1600 holds, last 0.185 s, source twoStageRealTimeIteration
curvedHeadOn: 188/1600 holds, last 0.057 s, source twoStageRealTimeIteration
curvedHeadOn: 192/1600 holds, last 0.155 s, source twoStageRealTimeIteration
curvedHeadOn: 196/1600 holds, last 0.136 s, source twoStageRealTimeIteration
curvedHeadOn: 200/1600 holds, last 0.149 s, source twoStageRealTimeIteration
Recovery at 10.00 s: e = [14.7764  0.0287987  -0.199511 -0.0802875  -0.070008], W = 16741.1
curvedHeadOn: 204/1600 holds, last 0.082 s, source twoStageRealTimeIteration
curvedHeadOn: 208/1600 holds, last 0.046 s, source twoStageRealTimeIteration
curvedHeadOn: 212/1600 holds, last 0.047 s, source twoStageRealTimeIteration
curvedHeadOn: 216/1600 holds, last 0.047 s, source twoStageRealTimeIteration
curvedHeadOn: 220/1600 holds, last 0.046 s, source twoStageRealTimeIteration
curvedHeadOn: 224/1600 holds, last 0.047 s, source twoStageRealTimeIteration
curvedHeadOn: 228/1600 holds, last 0.058 s, source twoStageRealTimeIteration
curvedHeadOn: 232/1600 holds, last 0.045 s, source twoStageRealTimeIteration
curvedHeadOn: 236/1600 holds, last 0.046 s, source twoStageRealTimeIteration
curvedHeadOn: 240/1600 holds, last 0.043 s, source twoStageRealTimeIteration
curvedHeadOn: 244/1600 holds, last 0.043 s, source twoStageRealTimeIteration
curvedHeadOn: 248/1600 holds, last 0.075 s, source twoStageRealTimeIteration
curvedHeadOn: 252/1600 holds, last 0.043 s, source twoStageRealTimeIteration
curvedHeadOn: 256/1600 holds, last 0.043 s, source twoStageRealTimeIteration
curvedHeadOn: 260/1600 holds, last 0.043 s, source twoStageRealTimeIteration
curvedHeadOn: 264/1600 holds, last 0.046 s, source twoStageRealTimeIteration
curvedHeadOn: 268/1600 holds, last 0.043 s, source twoStageRealTimeIteration
curvedHeadOn: 272/1600 holds, last 0.043 s, source twoStageRealTimeIteration
curvedHeadOn: 276/1600 holds, last 0.041 s, source twoStageRealTimeIteration
curvedHeadOn: 280/1600 holds, last 0.041 s, source twoStageRealTimeIteration
curvedHeadOn: 284/1600 holds, last 0.043 s, source twoStageRealTimeIteration
curvedHeadOn: 288/1600 holds, last 0.041 s, source twoStageRealTimeIteration
curvedHeadOn: 292/1600 holds, last 0.041 s, source twoStageRealTimeIteration
curvedHeadOn: 296/1600 holds, last 0.043 s, source twoStageRealTimeIteration
curvedHeadOn: 300/1600 holds, last 0.042 s, source twoStageRealTimeIteration
Recovery at 15.00 s: e = [10.2156  -0.173328  -0.322851 -0.0342458 -0.0307065], W = 7458.83
curvedHeadOn: 304/1600 holds, last 0.042 s, source twoStageRealTimeIteration
curvedHeadOn: 308/1600 holds, last 0.042 s, source twoStageRealTimeIteration
curvedHeadOn: 312/1600 holds, last 0.042 s, source twoStageRealTimeIteration
curvedHeadOn: 316/1600 holds, last 0.042 s, source twoStageRealTimeIteration
curvedHeadOn: 320/1600 holds, last 0.042 s, source twoStageRealTimeIteration
curvedHeadOn: 324/1600 holds, last 0.042 s, source twoStageRealTimeIteration
curvedHeadOn: 328/1600 holds, last 0.043 s, source twoStageRealTimeIteration
curvedHeadOn: 332/1600 holds, last 0.043 s, source twoStageRealTimeIteration
curvedHeadOn: 336/1600 holds, last 0.044 s, source twoStageRealTimeIteration
curvedHeadOn: 340/1600 holds, last 0.044 s, source twoStageRealTimeIteration
curvedHeadOn: 344/1600 holds, last 0.044 s, source twoStageRealTimeIteration
curvedHeadOn: 348/1600 holds, last 0.044 s, source twoStageRealTimeIteration
curvedHeadOn: 352/1600 holds, last 0.044 s, source twoStageRealTimeIteration
curvedHeadOn: 356/1600 holds, last 0.043 s, source twoStageRealTimeIteration
curvedHeadOn: 360/1600 holds, last 0.045 s, source twoStageRealTimeIteration
curvedHeadOn: 364/1600 holds, last 0.047 s, source twoStageRealTimeIteration
curvedHeadOn: 368/1600 holds, last 0.043 s, source twoStageRealTimeIteration
curvedHeadOn: 372/1600 holds, last 0.044 s, source twoStageRealTimeIteration
curvedHeadOn: 376/1600 holds, last 0.043 s, source twoStageRealTimeIteration
curvedHeadOn: 380/1600 holds, last 0.044 s, source twoStageRealTimeIteration
curvedHeadOn: 384/1600 holds, last 0.048 s, source twoStageRealTimeIteration
curvedHeadOn: 388/1600 holds, last 0.043 s, source twoStageRealTimeIteration
curvedHeadOn: 392/1600 holds, last 0.045 s, source twoStageRealTimeIteration
curvedHeadOn: 396/1600 holds, last 0.044 s, source twoStageRealTimeIteration
curvedHeadOn: 400/1600 holds, last 0.060 s, source twoStageRealTimeIteration
Recovery at 20.00 s: e = [0.132817 -0.321999 -0.183677  0.132189  0.117968], W = 150.912
curvedHeadOn: 404/1600 holds, last 0.044 s, source twoStageRealTimeIteration
curvedHeadOn: 408/1600 holds, last 0.045 s, source twoStageRealTimeIteration
curvedHeadOn: 412/1600 holds, last 0.044 s, source twoStageRealTimeIteration
curvedHeadOn: 416/1600 holds, last 0.043 s, source twoStageRealTimeIteration
curvedHeadOn: 420/1600 holds, last 0.045 s, source twoStageRealTimeIteration
curvedHeadOn: 424/1600 holds, last 0.046 s, source twoStageRealTimeIteration
curvedHeadOn: 428/1600 holds, last 0.046 s, source twoStageRealTimeIteration
curvedHeadOn: 432/1600 holds, last 0.045 s, source twoStageRealTimeIteration
curvedHeadOn: 436/1600 holds, last 0.045 s, source twoStageRealTimeIteration
curvedHeadOn: 440/1600 holds, last 0.048 s, source twoStageRealTimeIteration
curvedHeadOn: 444/1600 holds, last 0.047 s, source twoStageRealTimeIteration
curvedHeadOn: 448/1600 holds, last 0.046 s, source twoStageRealTimeIteration
curvedHeadOn: 452/1600 holds, last 0.051 s, source twoStageRealTimeIteration
curvedHeadOn: 456/1600 holds, last 0.109 s, source twoStageRealTimeIteration
curvedHeadOn: 460/1600 holds, last 0.047 s, source twoStageRealTimeIteration
curvedHeadOn: 464/1600 holds, last 0.051 s, source twoStageRealTimeIteration
curvedHeadOn: 468/1600 holds, last 0.051 s, source twoStageRealTimeIteration
curvedHeadOn: 472/1600 holds, last 0.227 s, source twoStageRealTimeIteration
curvedHeadOn: 476/1600 holds, last 0.053 s, source twoStageRealTimeIteration
curvedHeadOn: 480/1600 holds, last 0.053 s, source twoStageRealTimeIteration
curvedHeadOn: 484/1600 holds, last 0.053 s, source twoStageRealTimeIteration
curvedHeadOn: 488/1600 holds, last 0.055 s, source twoStageRealTimeIteration
curvedHeadOn: 492/1600 holds, last 0.244 s, source twoStageRealTimeIteration
curvedHeadOn: 496/1600 holds, last 0.054 s, source twoStageRealTimeIteration
curvedHeadOn: 500/1600 holds, last 0.124 s, source twoStageRealTimeIteration
Recovery at 25.00 s: e = [-9.53151   -0.253291   -0.402346 -0.00875773 -0.00913578], W = 7744.49
curvedHeadOn: 504/1600 holds, last 0.065 s, source twoStageRealTimeIteration
curvedHeadOn: 508/1600 holds, last 0.217 s, source twoStageRealTimeIteration
curvedHeadOn: 512/1600 holds, last 0.058 s, source twoStageRealTimeIteration
curvedHeadOn: 516/1600 holds, last 0.096 s, source twoStageRealTimeIteration
curvedHeadOn: 520/1600 holds, last 0.136 s, source twoStageRealTimeIteration
curvedHeadOn: 524/1600 holds, last 0.082 s, source twoStageRealTimeIteration
curvedHeadOn: 528/1600 holds, last 0.086 s, source twoStageRealTimeIteration
curvedHeadOn: 532/1600 holds, last 0.079 s, source twoStageRealTimeIteration
curvedHeadOn: 536/1600 holds, last 0.089 s, source twoStageRealTimeIteration
curvedHeadOn: 540/1600 holds, last 0.100 s, source twoStageRealTimeIteration
curvedHeadOn: 544/1600 holds, last 0.127 s, source twoStageRealTimeIteration
curvedHeadOn: 548/1600 holds, last 0.055 s, source twoStageRealTimeIteration
curvedHeadOn: 552/1600 holds, last 0.097 s, source twoStageRealTimeIteration
curvedHeadOn: 556/1600 holds, last 0.095 s, source twoStageRealTimeIteration
curvedHeadOn: 560/1600 holds, last 0.051 s, source twoStageRealTimeIteration
curvedHeadOn: 564/1600 holds, last 0.055 s, source twoStageRealTimeIteration
curvedHeadOn: 568/1600 holds, last 0.058 s, source twoStageRealTimeIteration
curvedHeadOn: 572/1600 holds, last 0.059 s, source twoStageRealTimeIteration
curvedHeadOn: 576/1600 holds, last 0.061 s, source twoStageRealTimeIteration
curvedHeadOn: 580/1600 holds, last 0.091 s, source twoStageRealTimeIteration
curvedHeadOn: 584/1600 holds, last 0.050 s, source twoStageRealTimeIteration
curvedHeadOn: 588/1600 holds, last 0.053 s, source twoStageRealTimeIteration
curvedHeadOn: 592/1600 holds, last 0.057 s, source twoStageRealTimeIteration
curvedHeadOn: 596/1600 holds, last 0.051 s, source twoStageRealTimeIteration
curvedHeadOn: 600/1600 holds, last 0.055 s, source twoStageRealTimeIteration
Recovery at 30.00 s: e = [-19.4033   -0.280634   -0.773515 -0.00935905  -0.0106261], W = 30421.6
curvedHeadOn: 604/1600 holds, last 0.094 s, source twoStageRealTimeIteration
curvedHeadOn: 608/1600 holds, last 0.051 s, source twoStageRealTimeIteration
curvedHeadOn: 612/1600 holds, last 0.051 s, source twoStageRealTimeIteration
curvedHeadOn: 616/1600 holds, last 0.057 s, source twoStageRealTimeIteration
curvedHeadOn: 620/1600 holds, last 0.093 s, source twoStageRealTimeIteration
curvedHeadOn: 624/1600 holds, last 0.051 s, source twoStageRealTimeIteration
curvedHeadOn: 628/1600 holds, last 0.052 s, source twoStageRealTimeIteration
curvedHeadOn: 632/1600 holds, last 0.050 s, source twoStageRealTimeIteration
curvedHeadOn: 636/1600 holds, last 0.054 s, source twoStageRealTimeIteration
curvedHeadOn: 640/1600 holds, last 0.051 s, source twoStageRealTimeIteration
curvedHeadOn: 644/1600 holds, last 0.050 s, source twoStageRealTimeIteration
curvedHeadOn: 648/1600 holds, last 0.050 s, source twoStageRealTimeIteration
curvedHeadOn: 652/1600 holds, last 0.050 s, source twoStageRealTimeIteration
curvedHeadOn: 656/1600 holds, last 0.054 s, source twoStageRealTimeIteration
curvedHeadOn: 660/1600 holds, last 0.092 s, source twoStageRealTimeIteration
curvedHeadOn: 664/1600 holds, last 0.050 s, source twoStageRealTimeIteration
curvedHeadOn: 668/1600 holds, last 0.050 s, source twoStageRealTimeIteration
curvedHeadOn: 672/1600 holds, last 0.050 s, source twoStageRealTimeIteration
curvedHeadOn: 676/1600 holds, last 0.050 s, source twoStageRealTimeIteration
curvedHeadOn: 680/1600 holds, last 0.053 s, source twoStageRealTimeIteration
curvedHeadOn: 684/1600 holds, last 0.051 s, source twoStageRealTimeIteration
curvedHeadOn: 688/1600 holds, last 0.050 s, source twoStageRealTimeIteration
curvedHeadOn: 692/1600 holds, last 0.051 s, source twoStageRealTimeIteration
curvedHeadOn: 696/1600 holds, last 0.051 s, source twoStageRealTimeIteration
curvedHeadOn: 700/1600 holds, last 0.051 s, source twoStageRealTimeIteration
Recovery at 35.00 s: e = [-29.239   -0.278971    -1.08858 -0.00526112 -0.00822536], W = 67650.7
curvedHeadOn: 704/1600 holds, last 0.056 s, source twoStageRealTimeIteration
curvedHeadOn: 708/1600 holds, last 0.059 s, source twoStageRealTimeIteration
curvedHeadOn: 712/1600 holds, last 0.051 s, source twoStageRealTimeIteration
curvedHeadOn: 716/1600 holds, last 0.052 s, source twoStageRealTimeIteration
curvedHeadOn: 720/1600 holds, last 0.051 s, source twoStageRealTimeIteration
curvedHeadOn: 724/1600 holds, last 0.051 s, source twoStageRealTimeIteration
curvedHeadOn: 728/1600 holds, last 0.051 s, source twoStageRealTimeIteration
curvedHeadOn: 732/1600 holds, last 0.051 s, source twoStageRealTimeIteration
curvedHeadOn: 736/1600 holds, last 0.052 s, source twoStageRealTimeIteration
curvedHeadOn: 740/1600 holds, last 0.050 s, source twoStageRealTimeIteration
curvedHeadOn: 744/1600 holds, last 0.050 s, source twoStageRealTimeIteration
curvedHeadOn: 748/1600 holds, last 0.052 s, source twoStageRealTimeIteration
curvedHeadOn: 752/1600 holds, last 0.051 s, source twoStageRealTimeIteration
curvedHeadOn: 756/1600 holds, last 0.052 s, source twoStageRealTimeIteration
curvedHeadOn: 760/1600 holds, last 0.053 s, source twoStageRealTimeIteration
curvedHeadOn: 764/1600 holds, last 0.054 s, source twoStageRealTimeIteration
curvedHeadOn: 768/1600 holds, last 0.052 s, source twoStageRealTimeIteration
curvedHeadOn: 772/1600 holds, last 0.059 s, source twoStageRealTimeIteration
curvedHeadOn: 776/1600 holds, last 0.050 s, source twoStageRealTimeIteration
curvedHeadOn: 780/1600 holds, last 0.050 s, source twoStageRealTimeIteration
curvedHeadOn: 784/1600 holds, last 0.051 s, source twoStageRealTimeIteration
curvedHeadOn: 788/1600 holds, last 0.051 s, source twoStageRealTimeIteration
curvedHeadOn: 792/1600 holds, last 0.051 s, source twoStageRealTimeIteration
curvedHeadOn: 796/1600 holds, last 0.052 s, source twoStageRealTimeIteration
curvedHeadOn: 800/1600 holds, last 0.052 s, source twoStageRealTimeIteration
Recovery at 40.00 s: e = [-38.3616     -0.25732     -1.17011 -0.000773853  -0.00491263], W = 115077
curvedHeadOn: 804/1600 holds, last 0.052 s, source twoStageRealTimeIteration
curvedHeadOn: 808/1600 holds, last 0.055 s, source twoStageRealTimeIteration
curvedHeadOn: 812/1600 holds, last 0.051 s, source twoStageRealTimeIteration
curvedHeadOn: 816/1600 holds, last 0.051 s, source twoStageRealTimeIteration
curvedHeadOn: 820/1600 holds, last 0.051 s, source twoStageRealTimeIteration
curvedHeadOn: 824/1600 holds, last 0.050 s, source twoStageRealTimeIteration
curvedHeadOn: 828/1600 holds, last 0.051 s, source twoStageRealTimeIteration
curvedHeadOn: 832/1600 holds, last 0.051 s, source twoStageRealTimeIteration
curvedHeadOn: 836/1600 holds, last 0.052 s, source twoStageRealTimeIteration
curvedHeadOn: 840/1600 holds, last 0.052 s, source twoStageRealTimeIteration
curvedHeadOn: 844/1600 holds, last 0.052 s, source twoStageRealTimeIteration
curvedHeadOn: 848/1600 holds, last 0.051 s, source twoStageRealTimeIteration
curvedHeadOn: 852/1600 holds, last 0.050 s, source twoStageRealTimeIteration
curvedHeadOn: 856/1600 holds, last 0.051 s, source twoStageRealTimeIteration
curvedHeadOn: 860/1600 holds, last 0.052 s, source twoStageRealTimeIteration
curvedHeadOn: 864/1600 holds, last 0.058 s, source twoStageRealTimeIteration
curvedHeadOn: 868/1600 holds, last 0.051 s, source twoStageRealTimeIteration
curvedHeadOn: 872/1600 holds, last 0.055 s, source twoStageRealTimeIteration
curvedHeadOn: 876/1600 holds, last 0.054 s, source twoStageRealTimeIteration
curvedHeadOn: 880/1600 holds, last 0.051 s, source twoStageRealTimeIteration
curvedHeadOn: 884/1600 holds, last 0.051 s, source twoStageRealTimeIteration
curvedHeadOn: 888/1600 holds, last 0.050 s, source twoStageRealTimeIteration
curvedHeadOn: 892/1600 holds, last 0.051 s, source twoStageRealTimeIteration
curvedHeadOn: 896/1600 holds, last 0.051 s, source twoStageRealTimeIteration
curvedHeadOn: 900/1600 holds, last 0.052 s, source twoStageRealTimeIteration
Recovery at 45.00 s: e = [-46.551    -0.22918    -1.19124 -0.00603507 -0.00913572], W = 168215
curvedHeadOn: 904/1600 holds, last 0.051 s, source twoStageRealTimeIteration
curvedHeadOn: 908/1600 holds, last 0.054 s, source twoStageRealTimeIteration
curvedHeadOn: 912/1600 holds, last 0.051 s, source twoStageRealTimeIteration
curvedHeadOn: 916/1600 holds, last 0.051 s, source twoStageRealTimeIteration
curvedHeadOn: 920/1600 holds, last 0.051 s, source twoStageRealTimeIteration
curvedHeadOn: 924/1600 holds, last 0.051 s, source twoStageRealTimeIteration
curvedHeadOn: 928/1600 holds, last 0.051 s, source twoStageRealTimeIteration
curvedHeadOn: 932/1600 holds, last 0.051 s, source twoStageRealTimeIteration
curvedHeadOn: 936/1600 holds, last 0.053 s, source twoStageRealTimeIteration
curvedHeadOn: 940/1600 holds, last 0.051 s, source twoStageRealTimeIteration
curvedHeadOn: 944/1600 holds, last 0.051 s, source twoStageRealTimeIteration
curvedHeadOn: 948/1600 holds, last 0.052 s, source twoStageRealTimeIteration
curvedHeadOn: 952/1600 holds, last 0.051 s, source twoStageRealTimeIteration
curvedHeadOn: 956/1600 holds, last 0.055 s, source twoStageRealTimeIteration
curvedHeadOn: 960/1600 holds, last 0.052 s, source twoStageRealTimeIteration
curvedHeadOn: 964/1600 holds, last 0.052 s, source twoStageRealTimeIteration
curvedHeadOn: 968/1600 holds, last 0.053 s, source twoStageRealTimeIteration
curvedHeadOn: 972/1600 holds, last 0.052 s, source twoStageRealTimeIteration
curvedHeadOn: 976/1600 holds, last 0.051 s, source twoStageRealTimeIteration
curvedHeadOn: 980/1600 holds, last 0.054 s, source twoStageRealTimeIteration
curvedHeadOn: 984/1600 holds, last 0.051 s, source twoStageRealTimeIteration
curvedHeadOn: 988/1600 holds, last 0.052 s, source twoStageRealTimeIteration
curvedHeadOn: 992/1600 holds, last 0.051 s, source twoStageRealTimeIteration
curvedHeadOn: 996/1600 holds, last 0.051 s, source twoStageRealTimeIteration
curvedHeadOn: 1000/1600 holds, last 0.055 s, source twoStageRealTimeIteration
Recovery at 50.00 s: e = [-53.6987   -0.197261    -1.19197 -0.00568503 -0.00884716], W = 222699
curvedHeadOn: 1004/1600 holds, last 0.055 s, source twoStageRealTimeIteration
curvedHeadOn: 1008/1600 holds, last 0.053 s, source twoStageRealTimeIteration
curvedHeadOn: 1012/1600 holds, last 0.052 s, source twoStageRealTimeIteration
curvedHeadOn: 1016/1600 holds, last 0.051 s, source twoStageRealTimeIteration
curvedHeadOn: 1020/1600 holds, last 0.052 s, source twoStageRealTimeIteration
curvedHeadOn: 1024/1600 holds, last 0.052 s, source twoStageRealTimeIteration
curvedHeadOn: 1028/1600 holds, last 0.053 s, source twoStageRealTimeIteration
curvedHeadOn: 1032/1600 holds, last 0.053 s, source twoStageRealTimeIteration
curvedHeadOn: 1036/1600 holds, last 0.052 s, source twoStageRealTimeIteration
curvedHeadOn: 1040/1600 holds, last 0.054 s, source twoStageRealTimeIteration
curvedHeadOn: 1044/1600 holds, last 0.054 s, source twoStageRealTimeIteration
curvedHeadOn: 1048/1600 holds, last 0.054 s, source twoStageRealTimeIteration
curvedHeadOn: 1052/1600 holds, last 0.054 s, source twoStageRealTimeIteration
curvedHeadOn: 1056/1600 holds, last 0.053 s, source twoStageRealTimeIteration
curvedHeadOn: 1060/1600 holds, last 0.053 s, source twoStageRealTimeIteration
curvedHeadOn: 1064/1600 holds, last 0.054 s, source twoStageRealTimeIteration
curvedHeadOn: 1068/1600 holds, last 0.053 s, source twoStageRealTimeIteration
curvedHeadOn: 1072/1600 holds, last 0.054 s, source twoStageRealTimeIteration
curvedHeadOn: 1076/1600 holds, last 0.053 s, source twoStageRealTimeIteration
curvedHeadOn: 1080/1600 holds, last 0.054 s, source twoStageRealTimeIteration
curvedHeadOn: 1084/1600 holds, last 0.053 s, source twoStageRealTimeIteration
curvedHeadOn: 1088/1600 holds, last 0.054 s, source twoStageRealTimeIteration
curvedHeadOn: 1092/1600 holds, last 0.054 s, source twoStageRealTimeIteration
curvedHeadOn: 1096/1600 holds, last 0.052 s, source twoStageRealTimeIteration
curvedHeadOn: 1100/1600 holds, last 0.057 s, source twoStageRealTimeIteration
Recovery at 55.00 s: e = [-59.7063   -0.157481    -1.20442 -0.00596127 -0.00923663], W = 274168
curvedHeadOn: 1104/1600 holds, last 0.053 s, source twoStageRealTimeIteration
curvedHeadOn: 1108/1600 holds, last 0.052 s, source twoStageRealTimeIteration
curvedHeadOn: 1112/1600 holds, last 0.052 s, source twoStageRealTimeIteration
curvedHeadOn: 1116/1600 holds, last 0.055 s, source twoStageRealTimeIteration
curvedHeadOn: 1120/1600 holds, last 0.052 s, source twoStageRealTimeIteration
curvedHeadOn: 1124/1600 holds, last 0.052 s, source twoStageRealTimeIteration
curvedHeadOn: 1128/1600 holds, last 0.051 s, source twoStageRealTimeIteration
curvedHeadOn: 1132/1600 holds, last 0.059 s, source twoStageRealTimeIteration
curvedHeadOn: 1136/1600 holds, last 0.055 s, source twoStageRealTimeIteration
curvedHeadOn: 1140/1600 holds, last 0.052 s, source twoStageRealTimeIteration
curvedHeadOn: 1144/1600 holds, last 0.052 s, source twoStageRealTimeIteration
curvedHeadOn: 1148/1600 holds, last 0.052 s, source twoStageRealTimeIteration
curvedHeadOn: 1152/1600 holds, last 0.052 s, source twoStageRealTimeIteration
curvedHeadOn: 1156/1600 holds, last 0.052 s, source twoStageRealTimeIteration
curvedHeadOn: 1160/1600 holds, last 0.053 s, source twoStageRealTimeIteration
curvedHeadOn: 1164/1600 holds, last 0.053 s, source twoStageRealTimeIteration
curvedHeadOn: 1168/1600 holds, last 0.053 s, source twoStageRealTimeIteration
curvedHeadOn: 1172/1600 holds, last 0.054 s, source twoStageRealTimeIteration
curvedHeadOn: 1176/1600 holds, last 0.053 s, source twoStageRealTimeIteration
curvedHeadOn: 1180/1600 holds, last 0.052 s, source twoStageRealTimeIteration
curvedHeadOn: 1184/1600 holds, last 0.053 s, source twoStageRealTimeIteration
curvedHeadOn: 1188/1600 holds, last 0.053 s, source twoStageRealTimeIteration
curvedHeadOn: 1192/1600 holds, last 0.052 s, source twoStageRealTimeIteration
curvedHeadOn: 1196/1600 holds, last 0.053 s, source twoStageRealTimeIteration
curvedHeadOn: 1200/1600 holds, last 0.053 s, source twoStageRealTimeIteration
Recovery at 60.00 s: e = [-64.5895   -0.126335    -1.18313 -0.00211577 -0.00606516], W = 319967
curvedHeadOn: 1204/1600 holds, last 0.053 s, source twoStageRealTimeIteration
curvedHeadOn: 1208/1600 holds, last 0.052 s, source twoStageRealTimeIteration
curvedHeadOn: 1212/1600 holds, last 0.052 s, source twoStageRealTimeIteration
curvedHeadOn: 1216/1600 holds, last 0.053 s, source twoStageRealTimeIteration
curvedHeadOn: 1220/1600 holds, last 0.053 s, source twoStageRealTimeIteration
curvedHeadOn: 1224/1600 holds, last 0.055 s, source twoStageRealTimeIteration
curvedHeadOn: 1228/1600 holds, last 0.052 s, source twoStageRealTimeIteration
curvedHeadOn: 1232/1600 holds, last 0.051 s, source twoStageRealTimeIteration
curvedHeadOn: 1236/1600 holds, last 0.052 s, source twoStageRealTimeIteration
curvedHeadOn: 1240/1600 holds, last 0.052 s, source twoStageRealTimeIteration
curvedHeadOn: 1244/1600 holds, last 0.052 s, source twoStageRealTimeIteration
curvedHeadOn: 1248/1600 holds, last 0.052 s, source twoStageRealTimeIteration
curvedHeadOn: 1252/1600 holds, last 0.052 s, source twoStageRealTimeIteration
curvedHeadOn: 1256/1600 holds, last 0.052 s, source twoStageRealTimeIteration
curvedHeadOn: 1260/1600 holds, last 0.051 s, source twoStageRealTimeIteration
curvedHeadOn: 1264/1600 holds, last 0.051 s, source twoStageRealTimeIteration
curvedHeadOn: 1268/1600 holds, last 0.050 s, source twoStageRealTimeIteration
curvedHeadOn: 1272/1600 holds, last 0.051 s, source twoStageRealTimeIteration
curvedHeadOn: 1276/1600 holds, last 0.051 s, source twoStageRealTimeIteration
curvedHeadOn: 1280/1600 holds, last 0.052 s, source twoStageRealTimeIteration
curvedHeadOn: 1284/1600 holds, last 0.054 s, source twoStageRealTimeIteration
curvedHeadOn: 1288/1600 holds, last 0.054 s, source twoStageRealTimeIteration
curvedHeadOn: 1292/1600 holds, last 0.054 s, source twoStageRealTimeIteration
curvedHeadOn: 1296/1600 holds, last 0.053 s, source twoStageRealTimeIteration
curvedHeadOn: 1300/1600 holds, last 0.052 s, source twoStageRealTimeIteration
Recovery at 65.00 s: e = [-68.1337  -0.0849479    -1.11457 -0.00832145  -0.0108004], W = 355043
curvedHeadOn: 1304/1600 holds, last 0.053 s, source twoStageRealTimeIteration
curvedHeadOn: 1308/1600 holds, last 0.055 s, source twoStageRealTimeIteration
curvedHeadOn: 1312/1600 holds, last 0.056 s, source twoStageRealTimeIteration
curvedHeadOn: 1316/1600 holds, last 0.055 s, source twoStageRealTimeIteration
curvedHeadOn: 1320/1600 holds, last 0.053 s, source twoStageRealTimeIteration
curvedHeadOn: 1324/1600 holds, last 0.053 s, source twoStageRealTimeIteration
curvedHeadOn: 1328/1600 holds, last 0.052 s, source twoStageRealTimeIteration
curvedHeadOn: 1332/1600 holds, last 0.053 s, source twoStageRealTimeIteration
curvedHeadOn: 1336/1600 holds, last 0.054 s, source twoStageRealTimeIteration
curvedHeadOn: 1340/1600 holds, last 0.056 s, source twoStageRealTimeIteration
curvedHeadOn: 1344/1600 holds, last 0.054 s, source twoStageRealTimeIteration
curvedHeadOn: 1348/1600 holds, last 0.053 s, source twoStageRealTimeIteration
curvedHeadOn: 1352/1600 holds, last 0.054 s, source twoStageRealTimeIteration
curvedHeadOn: 1356/1600 holds, last 0.053 s, source twoStageRealTimeIteration
curvedHeadOn: 1360/1600 holds, last 0.055 s, source twoStageRealTimeIteration
curvedHeadOn: 1364/1600 holds, last 0.053 s, source twoStageRealTimeIteration
curvedHeadOn: 1368/1600 holds, last 0.053 s, source twoStageRealTimeIteration
curvedHeadOn: 1372/1600 holds, last 0.055 s, source twoStageRealTimeIteration
curvedHeadOn: 1376/1600 holds, last 0.058 s, source twoStageRealTimeIteration
curvedHeadOn: 1380/1600 holds, last 0.054 s, source twoStageRealTimeIteration
curvedHeadOn: 1384/1600 holds, last 0.057 s, source twoStageRealTimeIteration
curvedHeadOn: 1388/1600 holds, last 0.053 s, source twoStageRealTimeIteration
curvedHeadOn: 1392/1600 holds, last 0.060 s, source twoStageRealTimeIteration
curvedHeadOn: 1396/1600 holds, last 0.055 s, source twoStageRealTimeIteration
curvedHeadOn: 1400/1600 holds, last 0.055 s, source twoStageRealTimeIteration
Recovery at 70.00 s: e = [-70.6537  -0.0589743    -1.07152 -0.00617017 -0.00895055], W = 381165
curvedHeadOn: 1404/1600 holds, last 0.053 s, source twoStageRealTimeIteration
curvedHeadOn: 1408/1600 holds, last 0.057 s, source twoStageRealTimeIteration
curvedHeadOn: 1412/1600 holds, last 0.053 s, source twoStageRealTimeIteration
curvedHeadOn: 1416/1600 holds, last 0.052 s, source twoStageRealTimeIteration
curvedHeadOn: 1420/1600 holds, last 0.054 s, source twoStageRealTimeIteration
curvedHeadOn: 1424/1600 holds, last 0.053 s, source twoStageRealTimeIteration
curvedHeadOn: 1428/1600 holds, last 0.055 s, source twoStageRealTimeIteration
curvedHeadOn: 1432/1600 holds, last 0.054 s, source twoStageRealTimeIteration
curvedHeadOn: 1436/1600 holds, last 0.052 s, source twoStageRealTimeIteration
curvedHeadOn: 1440/1600 holds, last 0.053 s, source twoStageRealTimeIteration
curvedHeadOn: 1444/1600 holds, last 0.053 s, source twoStageRealTimeIteration
curvedHeadOn: 1448/1600 holds, last 0.053 s, source twoStageRealTimeIteration
curvedHeadOn: 1452/1600 holds, last 0.053 s, source twoStageRealTimeIteration
curvedHeadOn: 1456/1600 holds, last 0.058 s, source twoStageRealTimeIteration
curvedHeadOn: 1460/1600 holds, last 0.053 s, source twoStageRealTimeIteration
curvedHeadOn: 1464/1600 holds, last 0.053 s, source twoStageRealTimeIteration
curvedHeadOn: 1468/1600 holds, last 0.049 s, source twoStageRealTimeIteration
curvedHeadOn: 1472/1600 holds, last 0.053 s, source twoStageRealTimeIteration
curvedHeadOn: 1476/1600 holds, last 0.050 s, source twoStageRealTimeIteration
curvedHeadOn: 1480/1600 holds, last 0.052 s, source twoStageRealTimeIteration
curvedHeadOn: 1484/1600 holds, last 0.054 s, source twoStageRealTimeIteration
curvedHeadOn: 1488/1600 holds, last 0.052 s, source twoStageRealTimeIteration
curvedHeadOn: 1492/1600 holds, last 0.052 s, source twoStageRealTimeIteration
curvedHeadOn: 1496/1600 holds, last 0.050 s, source twoStageRealTimeIteration
curvedHeadOn: 1500/1600 holds, last 0.053 s, source twoStageRealTimeIteration
Recovery at 75.00 s: e = [-72.1176   -0.024368    -1.03429 -0.00376659 -0.00694007], W = 396343
curvedHeadOn: 1504/1600 holds, last 0.053 s, source twoStageRealTimeIteration
curvedHeadOn: 1508/1600 holds, last 0.053 s, source twoStageRealTimeIteration
curvedHeadOn: 1512/1600 holds, last 0.053 s, source twoStageRealTimeIteration
curvedHeadOn: 1516/1600 holds, last 0.052 s, source twoStageRealTimeIteration
curvedHeadOn: 1520/1600 holds, last 0.055 s, source twoStageRealTimeIteration
curvedHeadOn: 1524/1600 holds, last 0.052 s, source twoStageRealTimeIteration
curvedHeadOn: 1528/1600 holds, last 0.054 s, source twoStageRealTimeIteration
curvedHeadOn: 1532/1600 holds, last 0.049 s, source twoStageRealTimeIteration
curvedHeadOn: 1536/1600 holds, last 0.049 s, source twoStageRealTimeIteration
curvedHeadOn: 1540/1600 holds, last 0.053 s, source twoStageRealTimeIteration
curvedHeadOn: 1544/1600 holds, last 0.052 s, source twoStageRealTimeIteration
curvedHeadOn: 1548/1600 holds, last 0.050 s, source twoStageRealTimeIteration
curvedHeadOn: 1552/1600 holds, last 0.052 s, source twoStageRealTimeIteration
curvedHeadOn: 1556/1600 holds, last 0.053 s, source twoStageRealTimeIteration
curvedHeadOn: 1560/1600 holds, last 0.049 s, source twoStageRealTimeIteration
curvedHeadOn: 1564/1600 holds, last 0.052 s, source twoStageRealTimeIteration
curvedHeadOn: 1568/1600 holds, last 0.053 s, source twoStageRealTimeIteration
curvedHeadOn: 1572/1600 holds, last 0.054 s, source twoStageRealTimeIteration
curvedHeadOn: 1576/1600 holds, last 0.060 s, source twoStageRealTimeIteration
curvedHeadOn: 1580/1600 holds, last 0.054 s, source twoStageRealTimeIteration
curvedHeadOn: 1584/1600 holds, last 0.052 s, source twoStageRealTimeIteration
curvedHeadOn: 1588/1600 holds, last 0.054 s, source twoStageRealTimeIteration
curvedHeadOn: 1592/1600 holds, last 0.050 s, source twoStageRealTimeIteration
curvedHeadOn: 1596/1600 holds, last 0.053 s, source twoStageRealTimeIteration
curvedHeadOn: 1600/1600 holds, last 0.050 s, source twoStageRealTimeIteration
Recovery at 80.00 s: e = [-72.2562   0.0152921   -0.856606 -0.00724904 -0.00928318], W = 397009
curvedHeadOn: 1600/1600 frames, max 0.253 s, failure
CASE-END speed=8 scenario=curvedHeadOn frames=1600 wall=108.485 recovered=0 max=0.252724 gap=0.706625789 failure=
CASE-START speed=15 scenario=brakingLead
brakingLead: 4/1600 holds, last 0.385 s, source twoStageRealTimeIteration
brakingLead: 8/1600 holds, last 0.093 s, source twoStageRealTimeIteration
brakingLead: 12/1600 holds, last 0.115 s, source twoStageRealTimeIteration
brakingLead: 16/1600 holds, last 0.183 s, source twoStageRealTimeIteration
brakingLead: 20/1600 holds, last 0.106 s, source twoStageRealTimeIteration
brakingLead: 24/1600 holds, last 0.105 s, source twoStageRealTimeIteration
brakingLead: 28/1600 holds, last 0.111 s, source twoStageRealTimeIteration
brakingLead: 32/1600 holds, last 0.109 s, source twoStageRealTimeIteration
brakingLead: 36/1600 holds, last 0.110 s, source twoStageRealTimeIteration
brakingLead: 40/1600 holds, last 0.081 s, source twoStageRealTimeIteration
brakingLead: 44/1600 holds, last 0.083 s, source twoStageRealTimeIteration
brakingLead: 48/1600 holds, last 0.078 s, source twoStageRealTimeIteration
brakingLead: 52/1600 holds, last 0.079 s, source twoStageRealTimeIteration
brakingLead: 56/1600 holds, last 0.079 s, source twoStageRealTimeIteration
brakingLead: 60/1600 holds, last 0.083 s, source twoStageRealTimeIteration
brakingLead: 64/1600 holds, last 0.079 s, source twoStageRealTimeIteration
brakingLead: 68/1600 holds, last 0.084 s, source twoStageRealTimeIteration
brakingLead: 72/1600 holds, last 0.088 s, source twoStageRealTimeIteration
brakingLead: 76/1600 holds, last 0.125 s, source twoStageRealTimeIteration
brakingLead: 80/1600 holds, last 0.127 s, source twoStageRealTimeIteration
brakingLead: 84/1600 holds, last 0.105 s, source twoStageRealTimeIteration
brakingLead: 88/1600 holds, last 0.096 s, source twoStageRealTimeIteration
brakingLead: 92/1600 holds, last 0.103 s, source twoStageRealTimeIteration
brakingLead: 96/1600 holds, last 0.083 s, source twoStageRealTimeIteration
brakingLead: 100/1600 holds, last 0.081 s, source twoStageRealTimeIteration
Recovery at 5.00 s: e = [3.70697 -0.0115565  -0.157065   0.222902  -0.106248], W = 778.047
brakingLead: 104/1600 holds, last 0.123 s, source twoStageRealTimeIteration
brakingLead: 108/1600 holds, last 0.117 s, source twoStageRealTimeIteration
brakingLead: 112/1600 holds, last 0.142 s, source twoStageRealTimeIteration
brakingLead: 116/1600 holds, last 0.116 s, source twoStageRealTimeIteration
brakingLead: 120/1600 holds, last 0.120 s, source twoStageRealTimeIteration
brakingLead: 124/1600 holds, last 0.094 s, source twoStageRealTimeIteration
brakingLead: 128/1600 holds, last 0.092 s, source twoStageRealTimeIteration
brakingLead: 132/1600 holds, last 0.090 s, source twoStageRealTimeIteration
brakingLead: 136/1600 holds, last 0.100 s, source twoStageRealTimeIteration
brakingLead: 140/1600 holds, last 0.096 s, source twoStageRealTimeIteration
brakingLead: 144/1600 holds, last 0.095 s, source twoStageRealTimeIteration
brakingLead: 148/1600 holds, last 0.090 s, source twoStageRealTimeIteration
brakingLead: 152/1600 holds, last 0.088 s, source twoStageRealTimeIteration
brakingLead: 156/1600 holds, last 0.128 s, source twoStageRealTimeIteration
brakingLead: 160/1600 holds, last 0.107 s, source twoStageRealTimeIteration
brakingLead: 164/1600 holds, last 0.120 s, source twoStageRealTimeIteration
brakingLead: 168/1600 holds, last 0.079 s, source twoStageRealTimeIteration
brakingLead: 172/1600 holds, last 0.083 s, source twoStageRealTimeIteration
brakingLead: 176/1600 holds, last 0.083 s, source twoStageRealTimeIteration
brakingLead: 180/1600 holds, last 0.082 s, source twoStageRealTimeIteration
brakingLead: 184/1600 holds, last 0.082 s, source twoStageRealTimeIteration
brakingLead: 188/1600 holds, last 0.083 s, source twoStageRealTimeIteration
brakingLead: 192/1600 holds, last 0.085 s, source twoStageRealTimeIteration
brakingLead: 196/1600 holds, last 0.086 s, source twoStageRealTimeIteration
brakingLead: 200/1600 holds, last 0.085 s, source twoStageRealTimeIteration
Recovery at 10.00 s: e = [3.27298  0.126868  -5.78212 0.0378118 0.0707087], W = 1522.07
brakingLead: 204/1600 holds, last 0.087 s, source twoStageRealTimeIteration
brakingLead: 208/1600 holds, last 0.084 s, source twoStageRealTimeIteration
brakingLead: 212/1600 holds, last 0.085 s, source twoStageRealTimeIteration
brakingLead: 216/1600 holds, last 0.093 s, source twoStageRealTimeIteration
brakingLead: 220/1600 holds, last 0.090 s, source twoStageRealTimeIteration
brakingLead: 224/1600 holds, last 0.095 s, source twoStageRealTimeIteration
brakingLead: 228/1600 holds, last 0.125 s, source twoStageRealTimeIteration
brakingLead: 232/1600 holds, last 0.090 s, source twoStageRealTimeIteration
brakingLead: 236/1600 holds, last 0.094 s, source twoStageRealTimeIteration
brakingLead: 240/1600 holds, last 0.083 s, source twoStageRealTimeIteration
brakingLead: 244/1600 holds, last 0.082 s, source twoStageRealTimeIteration
brakingLead: 248/1600 holds, last 0.083 s, source twoStageRealTimeIteration
brakingLead: 252/1600 holds, last 0.083 s, source twoStageRealTimeIteration
brakingLead: 256/1600 holds, last 0.088 s, source twoStageRealTimeIteration
brakingLead: 260/1600 holds, last 0.089 s, source twoStageRealTimeIteration
brakingLead: 264/1600 holds, last 0.086 s, source twoStageRealTimeIteration
brakingLead: 268/1600 holds, last 0.086 s, source twoStageRealTimeIteration
brakingLead: 272/1600 holds, last 0.089 s, source twoStageRealTimeIteration
brakingLead: 276/1600 holds, last 0.082 s, source twoStageRealTimeIteration
brakingLead: 280/1600 holds, last 0.082 s, source twoStageRealTimeIteration
brakingLead: 284/1600 holds, last 0.079 s, source twoStageRealTimeIteration
brakingLead: 288/1600 holds, last 0.095 s, source twoStageRealTimeIteration
brakingLead: 292/1600 holds, last 0.090 s, source twoStageRealTimeIteration
brakingLead: 296/1600 holds, last 0.080 s, source twoStageRealTimeIteration
brakingLead: 300/1600 holds, last 0.087 s, source twoStageRealTimeIteration
Recovery at 15.00 s: e = [5.40725 0.265525  -6.6728 0.694757  1.02349], W = 3488.66
brakingLead: 304/1600 holds, last 0.088 s, source twoStageRealTimeIteration
brakingLead: 308/1600 holds, last 0.081 s, source twoStageRealTimeIteration
brakingLead: 312/1600 holds, last 0.078 s, source twoStageRealTimeIteration
brakingLead: 316/1600 holds, last 0.082 s, source twoStageRealTimeIteration
brakingLead: 320/1600 holds, last 0.088 s, source twoStageRealTimeIteration
brakingLead: 324/1600 holds, last 0.089 s, source twoStageRealTimeIteration
brakingLead: 328/1600 holds, last 0.091 s, source twoStageRealTimeIteration
brakingLead: 332/1600 holds, last 0.086 s, source twoStageRealTimeIteration
brakingLead: 336/1600 holds, last 0.077 s, source twoStageRealTimeIteration
brakingLead: 340/1600 holds, last 0.078 s, source twoStageRealTimeIteration
brakingLead: 344/1600 holds, last 0.085 s, source twoStageRealTimeIteration
brakingLead: 348/1600 holds, last 0.082 s, source twoStageRealTimeIteration
brakingLead: 352/1600 holds, last 0.084 s, source twoStageRealTimeIteration
brakingLead: 356/1600 holds, last 0.082 s, source twoStageRealTimeIteration
brakingLead: 360/1600 holds, last 0.089 s, source twoStageRealTimeIteration
brakingLead: 364/1600 holds, last 0.089 s, source twoStageRealTimeIteration
brakingLead: 368/1600 holds, last 0.085 s, source twoStageRealTimeIteration
brakingLead: 372/1600 holds, last 0.092 s, source twoStageRealTimeIteration
brakingLead: 376/1600 holds, last 0.092 s, source twoStageRealTimeIteration
brakingLead: 380/1600 holds, last 0.108 s, source twoStageRealTimeIteration
brakingLead: 384/1600 holds, last 0.103 s, source twoStageRealTimeIteration
brakingLead: 388/1600 holds, last 0.091 s, source twoStageRealTimeIteration
brakingLead: 392/1600 holds, last 0.109 s, source twoStageRealTimeIteration
brakingLead: 396/1600 holds, last 0.090 s, source twoStageRealTimeIteration
brakingLead: 400/1600 holds, last 0.091 s, source twoStageRealTimeIteration
Recovery at 20.00 s: e = [1.05722 -0.266555  -9.80368 -0.284866 -0.204405], W = 2074.88
brakingLead: 404/1600 holds, last 0.091 s, source twoStageRealTimeIteration
brakingLead: 408/1600 holds, last 0.088 s, source twoStageRealTimeIteration
brakingLead: 412/1600 holds, last 0.089 s, source twoStageRealTimeIteration
brakingLead: 416/1600 holds, last 0.090 s, source twoStageRealTimeIteration
brakingLead: 420/1600 holds, last 0.108 s, source twoStageRealTimeIteration
brakingLead: 424/1600 holds, last 0.106 s, source twoStageRealTimeIteration
brakingLead: 428/1600 holds, last 0.108 s, source twoStageRealTimeIteration
brakingLead: 432/1600 holds, last 0.105 s, source twoStageRealTimeIteration
brakingLead: 436/1600 holds, last 0.105 s, source twoStageRealTimeIteration
brakingLead: 440/1600 holds, last 0.107 s, source twoStageRealTimeIteration
brakingLead: 444/1600 holds, last 0.107 s, source twoStageRealTimeIteration
brakingLead: 448/1600 holds, last 0.091 s, source twoStageRealTimeIteration
brakingLead: 452/1600 holds, last 0.106 s, source twoStageRealTimeIteration
brakingLead: 456/1600 holds, last 0.094 s, source twoStageRealTimeIteration
brakingLead: 460/1600 holds, last 0.091 s, source twoStageRealTimeIteration
brakingLead: 464/1600 holds, last 0.094 s, source twoStageRealTimeIteration
brakingLead: 468/1600 holds, last 0.093 s, source twoStageRealTimeIteration
brakingLead: 472/1600 holds, last 0.090 s, source twoStageRealTimeIteration
brakingLead: 476/1600 holds, last 0.093 s, source twoStageRealTimeIteration
brakingLead: 480/1600 holds, last 0.100 s, source twoStageRealTimeIteration
brakingLead: 484/1600 holds, last 0.096 s, source twoStageRealTimeIteration
brakingLead: 488/1600 holds, last 0.117 s, source twoStageRealTimeIteration
brakingLead: 492/1600 holds, last 0.089 s, source twoStageRealTimeIteration
brakingLead: 496/1600 holds, last 0.091 s, source twoStageRealTimeIteration
brakingLead: 500/1600 holds, last 0.090 s, source twoStageRealTimeIteration
Recovery at 25.00 s: e = [-2.80541   0.138704   -12.2512 -0.0963584 -0.0628915], W = 3399.41
brakingLead: 504/1600 holds, last 0.091 s, source twoStageRealTimeIteration
brakingLead: 508/1600 holds, last 0.085 s, source twoStageRealTimeIteration
brakingLead: 512/1600 holds, last 0.090 s, source twoStageRealTimeIteration
brakingLead: 516/1600 holds, last 0.096 s, source twoStageRealTimeIteration
brakingLead: 520/1600 holds, last 0.091 s, source twoStageRealTimeIteration
brakingLead: 524/1600 holds, last 0.131 s, source twoStageRealTimeIteration
brakingLead: 528/1600 holds, last 0.106 s, source twoStageRealTimeIteration
brakingLead: 532/1600 holds, last 0.105 s, source twoStageRealTimeIteration
brakingLead: 536/1600 holds, last 0.101 s, source twoStageRealTimeIteration
brakingLead: 540/1600 holds, last 0.103 s, source twoStageRealTimeIteration
brakingLead: 544/1600 holds, last 0.102 s, source twoStageRealTimeIteration
brakingLead: 548/1600 holds, last 0.106 s, source twoStageRealTimeIteration
brakingLead: 552/1600 holds, last 0.095 s, source twoStageRealTimeIteration
brakingLead: 556/1600 holds, last 0.093 s, source twoStageRealTimeIteration
brakingLead: 560/1600 holds, last 0.096 s, source twoStageRealTimeIteration
brakingLead: 564/1600 holds, last 0.126 s, source twoStageRealTimeIteration
brakingLead: 568/1600 holds, last 0.090 s, source twoStageRealTimeIteration
brakingLead: 572/1600 holds, last 0.161 s, source twoStageRealTimeIteration
brakingLead: 576/1600 holds, last 0.090 s, source twoStageRealTimeIteration
brakingLead: 580/1600 holds, last 0.087 s, source twoStageRealTimeIteration
brakingLead: 584/1600 holds, last 0.083 s, source twoStageRealTimeIteration
brakingLead: 588/1600 holds, last 0.082 s, source twoStageRealTimeIteration
brakingLead: 592/1600 holds, last 0.086 s, source twoStageRealTimeIteration
brakingLead: 596/1600 holds, last 0.087 s, source twoStageRealTimeIteration
brakingLead: 600/1600 holds, last 0.080 s, source twoStageRealTimeIteration
Recovery at 30.00 s: e = [-2.75819 0.0385366  -12.8632  0.108203 0.0688766], W = 3780.76
brakingLead: 604/1600 holds, last 0.082 s, source twoStageRealTimeIteration
brakingLead: 608/1600 holds, last 0.088 s, source twoStageRealTimeIteration
brakingLead: 612/1600 holds, last 0.077 s, source twoStageRealTimeIteration
brakingLead: 616/1600 holds, last 0.076 s, source twoStageRealTimeIteration
brakingLead: 620/1600 holds, last 0.078 s, source twoStageRealTimeIteration
brakingLead: 624/1600 holds, last 0.070 s, source twoStageRealTimeIteration
brakingLead: 628/1600 holds, last 0.064 s, source twoStageRealTimeIteration
brakingLead: 632/1600 holds, last 0.067 s, source twoStageRealTimeIteration
brakingLead: 636/1600 holds, last 0.072 s, source twoStageRealTimeIteration
brakingLead: 640/1600 holds, last 0.075 s, source twoStageRealTimeIteration
brakingLead: 644/1600 holds, last 0.069 s, source twoStageRealTimeIteration
brakingLead: 648/1600 holds, last 0.070 s, source twoStageRealTimeIteration
brakingLead: 652/1600 holds, last 0.068 s, source twoStageRealTimeIteration
brakingLead: 656/1600 holds, last 0.064 s, source twoStageRealTimeIteration
brakingLead: 660/1600 holds, last 0.089 s, source twoStageRealTimeIteration
brakingLead: 664/1600 holds, last 0.097 s, source twoStageRealTimeIteration
brakingLead: 668/1600 holds, last 0.050 s, source twoStageRealTimeIteration
brakingLead: 672/1600 holds, last 0.052 s, source twoStageRealTimeIteration
brakingLead: 676/1600 holds, last 0.069 s, source twoStageRealTimeIteration
brakingLead: 680/1600 holds, last 0.069 s, source twoStageRealTimeIteration
brakingLead: 684/1600 holds, last 0.058 s, source twoStageRealTimeIteration
brakingLead: 688/1600 holds, last 0.055 s, source twoStageRealTimeIteration
brakingLead: 692/1600 holds, last 0.075 s, source twoStageRealTimeIteration
brakingLead: 696/1600 holds, last 0.074 s, source twoStageRealTimeIteration
brakingLead: 700/1600 holds, last 0.075 s, source twoStageRealTimeIteration
Recovery at 35.00 s: e = [-5.09665  0.0317198   -1.01463 0.00226701   0.061548], W = 1444.57
brakingLead: 704/1600 holds, last 0.056 s, source twoStageRealTimeIteration
brakingLead: 708/1600 holds, last 0.053 s, source twoStageRealTimeIteration
brakingLead: 712/1600 holds, last 0.052 s, source twoStageRealTimeIteration
brakingLead: 716/1600 holds, last 0.053 s, source twoStageRealTimeIteration
brakingLead: 720/1600 holds, last 0.053 s, source twoStageRealTimeIteration
brakingLead: 724/1600 holds, last 0.053 s, source twoStageRealTimeIteration
brakingLead: 728/1600 holds, last 0.055 s, source twoStageRealTimeIteration
brakingLead: 732/1600 holds, last 0.051 s, source twoStageRealTimeIteration
brakingLead: 736/1600 holds, last 0.052 s, source twoStageRealTimeIteration
brakingLead: 740/1600 holds, last 0.054 s, source twoStageRealTimeIteration
brakingLead: 744/1600 holds, last 0.052 s, source twoStageRealTimeIteration
brakingLead: 748/1600 holds, last 0.052 s, source twoStageRealTimeIteration
brakingLead: 752/1600 holds, last 0.052 s, source twoStageRealTimeIteration
brakingLead: 756/1600 holds, last 0.051 s, source twoStageRealTimeIteration
brakingLead: 760/1600 holds, last 0.051 s, source twoStageRealTimeIteration
brakingLead: 764/1600 holds, last 0.051 s, source twoStageRealTimeIteration
brakingLead: 768/1600 holds, last 0.051 s, source twoStageRealTimeIteration
brakingLead: 772/1600 holds, last 0.050 s, source twoStageRealTimeIteration
brakingLead: 776/1600 holds, last 0.050 s, source twoStageRealTimeIteration
brakingLead: 780/1600 holds, last 0.050 s, source twoStageRealTimeIteration
brakingLead: 784/1600 holds, last 0.053 s, source twoStageRealTimeIteration
brakingLead: 788/1600 holds, last 0.050 s, source twoStageRealTimeIteration
brakingLead: 792/1600 holds, last 0.050 s, source twoStageRealTimeIteration
brakingLead: 796/1600 holds, last 0.050 s, source twoStageRealTimeIteration
brakingLead: 800/1600 holds, last 0.050 s, source twoStageRealTimeIteration
Recovery at 40.00 s: e = [-2.99301    0.021642   -0.423936 0.000197706 -0.00227215], W = 489.665
brakingLead: 804/1600 holds, last 0.050 s, source twoStageRealTimeIteration
brakingLead: 808/1600 holds, last 0.052 s, source twoStageRealTimeIteration
brakingLead: 812/1600 holds, last 0.053 s, source twoStageRealTimeIteration
brakingLead: 816/1600 holds, last 0.054 s, source twoStageRealTimeIteration
brakingLead: 820/1600 holds, last 0.051 s, source twoStageRealTimeIteration
brakingLead: 824/1600 holds, last 0.051 s, source twoStageRealTimeIteration
brakingLead: 828/1600 holds, last 0.054 s, source twoStageRealTimeIteration
brakingLead: 832/1600 holds, last 0.052 s, source twoStageRealTimeIteration
brakingLead: 836/1600 holds, last 0.053 s, source twoStageRealTimeIteration
brakingLead: 840/1600 holds, last 0.051 s, source twoStageRealTimeIteration
brakingLead: 844/1600 holds, last 0.051 s, source twoStageRealTimeIteration
brakingLead: 848/1600 holds, last 0.051 s, source twoStageRealTimeIteration
brakingLead: 852/1600 holds, last 0.051 s, source twoStageRealTimeIteration
brakingLead: 856/1600 holds, last 0.051 s, source twoStageRealTimeIteration
brakingLead: 860/1600 holds, last 0.050 s, source twoStageRealTimeIteration
brakingLead: 864/1600 holds, last 0.051 s, source twoStageRealTimeIteration
brakingLead: 868/1600 holds, last 0.051 s, source twoStageRealTimeIteration
brakingLead: 872/1600 holds, last 0.052 s, source twoStageRealTimeIteration
brakingLead: 876/1600 holds, last 0.051 s, source twoStageRealTimeIteration
brakingLead: 880/1600 holds, last 0.051 s, source twoStageRealTimeIteration
brakingLead: 884/1600 holds, last 0.050 s, source twoStageRealTimeIteration
brakingLead: 888/1600 holds, last 0.050 s, source twoStageRealTimeIteration
brakingLead: 892/1600 holds, last 0.051 s, source twoStageRealTimeIteration
brakingLead: 896/1600 holds, last 0.052 s, source twoStageRealTimeIteration
brakingLead: 900/1600 holds, last 0.050 s, source twoStageRealTimeIteration
Recovery at 45.00 s: e = [-1.6541   0.0167103   -0.409061 0.000185919 0.000748063], W = 148.733
brakingLead: 904/1600 holds, last 0.053 s, source twoStageRealTimeIteration
brakingLead: 908/1600 holds, last 0.051 s, source twoStageRealTimeIteration
brakingLead: 912/1600 holds, last 0.053 s, source twoStageRealTimeIteration
brakingLead: 916/1600 holds, last 0.051 s, source twoStageRealTimeIteration
brakingLead: 920/1600 holds, last 0.050 s, source twoStageRealTimeIteration
brakingLead: 924/1600 holds, last 0.051 s, source twoStageRealTimeIteration
brakingLead: 928/1600 holds, last 0.050 s, source twoStageRealTimeIteration
brakingLead: 932/1600 holds, last 0.051 s, source twoStageRealTimeIteration
brakingLead: 936/1600 holds, last 0.050 s, source twoStageRealTimeIteration
brakingLead: 940/1600 holds, last 0.051 s, source twoStageRealTimeIteration
brakingLead: 944/1600 holds, last 0.047 s, source twoStageRealTimeIteration
brakingLead: 948/1600 holds, last 0.047 s, source twoStageRealTimeIteration
brakingLead: 952/1600 holds, last 0.047 s, source twoStageRealTimeIteration
brakingLead: 956/1600 holds, last 0.047 s, source twoStageRealTimeIteration
brakingLead: 960/1600 holds, last 0.047 s, source twoStageRealTimeIteration
brakingLead: 964/1600 holds, last 0.047 s, source twoStageRealTimeIteration
brakingLead: 968/1600 holds, last 0.047 s, source twoStageRealTimeIteration
brakingLead: 972/1600 holds, last 0.047 s, source twoStageRealTimeIteration
brakingLead: 976/1600 holds, last 0.047 s, source twoStageRealTimeIteration
brakingLead: 980/1600 holds, last 0.047 s, source twoStageRealTimeIteration
brakingLead: 984/1600 holds, last 0.047 s, source twoStageRealTimeIteration
brakingLead: 988/1600 holds, last 0.047 s, source twoStageRealTimeIteration
brakingLead: 992/1600 holds, last 0.047 s, source twoStageRealTimeIteration
brakingLead: 996/1600 holds, last 0.048 s, source twoStageRealTimeIteration
brakingLead: 1000/1600 holds, last 0.049 s, source twoStageRealTimeIteration
Recovery at 50.00 s: e = [-0.282072   0.0160568   -0.260801 7.75193e-05 -0.00495145], W = 4.54937
brakingLead: 1004/1600 holds, last 0.047 s, source twoStageRealTimeIteration
brakingLead: 1008/1600 holds, last 0.047 s, source twoStageRealTimeIteration
brakingLead: 1012/1600 holds, last 0.047 s, source twoStageRealTimeIteration
brakingLead: 1016/1600 holds, last 0.046 s, source twoStageRealTimeIteration
brakingLead: 1020/1600 holds, last 0.046 s, source twoStageRealTimeIteration
brakingLead: 1024/1600 holds, last 0.047 s, source twoStageRealTimeIteration
brakingLead: 1028/1600 holds, last 0.047 s, source twoStageRealTimeIteration
brakingLead: 1032/1600 holds, last 0.046 s, source twoStageRealTimeIteration
brakingLead: 1036/1600 holds, last 0.050 s, source twoStageRealTimeIteration
brakingLead: 1040/1600 holds, last 0.050 s, source twoStageRealTimeIteration
brakingLead: 1044/1600 holds, last 0.050 s, source twoStageRealTimeIteration
brakingLead: 1048/1600 holds, last 0.050 s, source twoStageRealTimeIteration
brakingLead: 1052/1600 holds, last 0.051 s, source twoStageRealTimeIteration
brakingLead: 1056/1600 holds, last 0.050 s, source twoStageRealTimeIteration
brakingLead: 1060/1600 holds, last 0.049 s, source twoStageRealTimeIteration
brakingLead: 1064/1600 holds, last 0.053 s, source twoStageRealTimeIteration
brakingLead: 1068/1600 holds, last 0.061 s, source twoStageRealTimeIteration
brakingLead: 1072/1600 holds, last 0.068 s, source twoStageRealTimeIteration
brakingLead: 1076/1600 holds, last 0.061 s, source twoStageRealTimeIteration
brakingLead: 1080/1600 holds, last 0.133 s, source twoStageRealTimeIteration
brakingLead: 1084/1600 holds, last 0.063 s, source twoStageRealTimeIteration
brakingLead: 1088/1600 holds, last 0.056 s, source twoStageRealTimeIteration
brakingLead: 1092/1600 holds, last 0.056 s, source twoStageRealTimeIteration
brakingLead: 1096/1600 holds, last 0.057 s, source twoStageRealTimeIteration
brakingLead: 1100/1600 holds, last 0.057 s, source twoStageRealTimeIteration
Recovery at 55.00 s: e = [0.00193713  0.000170408    -0.270121 -3.02393e-05 -4.03058e-06], W = 1.49511
brakingLead: 1104/1600 holds, last 0.087 s, source twoStageRealTimeIteration
brakingLead: 1108/1600 holds, last 0.053 s, source twoStageRealTimeIteration
brakingLead: 1112/1600 holds, last 0.051 s, source twoStageRealTimeIteration
brakingLead: 1116/1600 holds, last 0.052 s, source twoStageRealTimeIteration
brakingLead: 1120/1600 holds, last 0.048 s, source twoStageRealTimeIteration
brakingLead: 1124/1600 holds, last 0.048 s, source twoStageRealTimeIteration
brakingLead: 1128/1600 holds, last 0.047 s, source twoStageRealTimeIteration
brakingLead: 1132/1600 holds, last 0.047 s, source twoStageRealTimeIteration
brakingLead: 1136/1600 holds, last 0.047 s, source twoStageRealTimeIteration
brakingLead: 1140/1600 holds, last 0.049 s, source twoStageRealTimeIteration
brakingLead: 1144/1600 holds, last 0.047 s, source twoStageRealTimeIteration
brakingLead: 1148/1600 holds, last 0.050 s, source twoStageRealTimeIteration
brakingLead: 1152/1600 holds, last 0.050 s, source twoStageRealTimeIteration
brakingLead: 1156/1600 holds, last 0.051 s, source twoStageRealTimeIteration
brakingLead: 1160/1600 holds, last 0.050 s, source twoStageRealTimeIteration
brakingLead: 1164/1600 holds, last 0.052 s, source twoStageRealTimeIteration
brakingLead: 1168/1600 holds, last 0.058 s, source twoStageRealTimeIteration
brakingLead: 1172/1600 holds, last 0.062 s, source twoStageRealTimeIteration
brakingLead: 1176/1600 holds, last 0.067 s, source twoStageRealTimeIteration
brakingLead: 1180/1600 holds, last 0.055 s, source twoStageRealTimeIteration
brakingLead: 1184/1600 holds, last 0.073 s, source twoStageRealTimeIteration
brakingLead: 1188/1600 holds, last 0.141 s, source twoStageRealTimeIteration
brakingLead: 1192/1600 holds, last 0.056 s, source twoStageRealTimeIteration
brakingLead: 1196/1600 holds, last 0.052 s, source twoStageRealTimeIteration
brakingLead: 1200/1600 holds, last 0.057 s, source twoStageRealTimeIteration
Recovery at 60.00 s: e = [0.00259087  0.000263661     -0.27003 -5.56956e-05  3.17425e-05], W = 1.49416
brakingLead: 1204/1600 holds, last 0.057 s, source twoStageRealTimeIteration
brakingLead: 1208/1600 holds, last 0.057 s, source twoStageRealTimeIteration
brakingLead: 1212/1600 holds, last 0.053 s, source twoStageRealTimeIteration
brakingLead: 1216/1600 holds, last 0.051 s, source twoStageRealTimeIteration
brakingLead: 1220/1600 holds, last 0.048 s, source twoStageRealTimeIteration
brakingLead: 1224/1600 holds, last 0.049 s, source twoStageRealTimeIteration
brakingLead: 1228/1600 holds, last 0.051 s, source twoStageRealTimeIteration
brakingLead: 1232/1600 holds, last 0.048 s, source twoStageRealTimeIteration
brakingLead: 1236/1600 holds, last 0.048 s, source twoStageRealTimeIteration
brakingLead: 1240/1600 holds, last 0.049 s, source twoStageRealTimeIteration
brakingLead: 1244/1600 holds, last 0.050 s, source twoStageRealTimeIteration
brakingLead: 1248/1600 holds, last 0.047 s, source twoStageRealTimeIteration
brakingLead: 1252/1600 holds, last 0.050 s, source twoStageRealTimeIteration
brakingLead: 1256/1600 holds, last 0.050 s, source twoStageRealTimeIteration
brakingLead: 1260/1600 holds, last 0.051 s, source twoStageRealTimeIteration
brakingLead: 1264/1600 holds, last 0.051 s, source twoStageRealTimeIteration
brakingLead: 1268/1600 holds, last 0.051 s, source twoStageRealTimeIteration
brakingLead: 1272/1600 holds, last 0.055 s, source twoStageRealTimeIteration
brakingLead: 1276/1600 holds, last 0.067 s, source twoStageRealTimeIteration
brakingLead: 1280/1600 holds, last 0.073 s, source twoStageRealTimeIteration
brakingLead: 1284/1600 holds, last 0.056 s, source twoStageRealTimeIteration
brakingLead: 1288/1600 holds, last 0.060 s, source twoStageRealTimeIteration
brakingLead: 1292/1600 holds, last 0.062 s, source twoStageRealTimeIteration
brakingLead: 1296/1600 holds, last 0.054 s, source twoStageRealTimeIteration
brakingLead: 1300/1600 holds, last 0.056 s, source twoStageRealTimeIteration
Recovery at 65.00 s: e = [0.0025357  0.000274472    -0.200062 -3.12589e-05  0.000249786], W = 0.819989
brakingLead: 1304/1600 holds, last 0.056 s, source twoStageRealTimeIteration
brakingLead: 1308/1600 holds, last 0.056 s, source twoStageRealTimeIteration
brakingLead: 1312/1600 holds, last 0.051 s, source twoStageRealTimeIteration
brakingLead: 1316/1600 holds, last 0.052 s, source twoStageRealTimeIteration
brakingLead: 1320/1600 holds, last 0.051 s, source twoStageRealTimeIteration
brakingLead: 1324/1600 holds, last 0.048 s, source twoStageRealTimeIteration
brakingLead: 1328/1600 holds, last 0.049 s, source twoStageRealTimeIteration
brakingLead: 1332/1600 holds, last 0.048 s, source twoStageRealTimeIteration
brakingLead: 1336/1600 holds, last 0.047 s, source twoStageRealTimeIteration
brakingLead: 1340/1600 holds, last 0.047 s, source twoStageRealTimeIteration
brakingLead: 1344/1600 holds, last 0.047 s, source twoStageRealTimeIteration
brakingLead: 1348/1600 holds, last 0.047 s, source twoStageRealTimeIteration
brakingLead: 1352/1600 holds, last 0.050 s, source twoStageRealTimeIteration
brakingLead: 1356/1600 holds, last 0.049 s, source twoStageRealTimeIteration
brakingLead: 1360/1600 holds, last 0.049 s, source twoStageRealTimeIteration
brakingLead: 1364/1600 holds, last 0.051 s, source twoStageRealTimeIteration
brakingLead: 1368/1600 holds, last 0.052 s, source twoStageRealTimeIteration
brakingLead: 1372/1600 holds, last 0.064 s, source twoStageRealTimeIteration
brakingLead: 1376/1600 holds, last 0.065 s, source twoStageRealTimeIteration
brakingLead: 1380/1600 holds, last 0.061 s, source twoStageRealTimeIteration
brakingLead: 1384/1600 holds, last 0.072 s, source twoStageRealTimeIteration
brakingLead: 1388/1600 holds, last 0.050 s, source twoStageRealTimeIteration
brakingLead: 1392/1600 holds, last 0.066 s, source twoStageRealTimeIteration
brakingLead: 1396/1600 holds, last 0.054 s, source twoStageRealTimeIteration
brakingLead: 1400/1600 holds, last 0.054 s, source twoStageRealTimeIteration
Recovery at 70.00 s: e = [0.00358704   0.00032732    -0.215724 -7.21286e-05  0.000288429], W = 0.953594
brakingLead: 1404/1600 holds, last 0.054 s, source twoStageRealTimeIteration
brakingLead: 1408/1600 holds, last 0.111 s, source twoStageRealTimeIteration
brakingLead: 1412/1600 holds, last 0.051 s, source twoStageRealTimeIteration
brakingLead: 1416/1600 holds, last 0.052 s, source twoStageRealTimeIteration
brakingLead: 1420/1600 holds, last 0.051 s, source twoStageRealTimeIteration
brakingLead: 1424/1600 holds, last 0.048 s, source twoStageRealTimeIteration
brakingLead: 1428/1600 holds, last 0.048 s, source twoStageRealTimeIteration
brakingLead: 1432/1600 holds, last 0.047 s, source twoStageRealTimeIteration
brakingLead: 1436/1600 holds, last 0.047 s, source twoStageRealTimeIteration
brakingLead: 1440/1600 holds, last 0.047 s, source twoStageRealTimeIteration
brakingLead: 1444/1600 holds, last 0.047 s, source twoStageRealTimeIteration
brakingLead: 1448/1600 holds, last 0.047 s, source twoStageRealTimeIteration
brakingLead: 1452/1600 holds, last 0.050 s, source twoStageRealTimeIteration
brakingLead: 1456/1600 holds, last 0.051 s, source twoStageRealTimeIteration
brakingLead: 1460/1600 holds, last 0.051 s, source twoStageRealTimeIteration
brakingLead: 1464/1600 holds, last 0.049 s, source twoStageRealTimeIteration
brakingLead: 1468/1600 holds, last 0.050 s, source twoStageRealTimeIteration
brakingLead: 1472/1600 holds, last 0.061 s, source twoStageRealTimeIteration
brakingLead: 1476/1600 holds, last 0.065 s, source twoStageRealTimeIteration
brakingLead: 1480/1600 holds, last 0.063 s, source twoStageRealTimeIteration
brakingLead: 1484/1600 holds, last 0.055 s, source twoStageRealTimeIteration
brakingLead: 1488/1600 holds, last 0.055 s, source twoStageRealTimeIteration
brakingLead: 1492/1600 holds, last 0.063 s, source twoStageRealTimeIteration
brakingLead: 1496/1600 holds, last 0.053 s, source twoStageRealTimeIteration
brakingLead: 1500/1600 holds, last 0.054 s, source twoStageRealTimeIteration
Recovery at 75.00 s: e = [0.00411646  0.000342168    -0.210212 -8.25678e-05  0.000281271], W = 0.905623
brakingLead: 1504/1600 holds, last 0.054 s, source twoStageRealTimeIteration
brakingLead: 1508/1600 holds, last 0.053 s, source twoStageRealTimeIteration
brakingLead: 1512/1600 holds, last 0.055 s, source twoStageRealTimeIteration
brakingLead: 1516/1600 holds, last 0.050 s, source twoStageRealTimeIteration
brakingLead: 1520/1600 holds, last 0.051 s, source twoStageRealTimeIteration
brakingLead: 1524/1600 holds, last 0.048 s, source twoStageRealTimeIteration
brakingLead: 1528/1600 holds, last 0.046 s, source twoStageRealTimeIteration
brakingLead: 1532/1600 holds, last 0.047 s, source twoStageRealTimeIteration
brakingLead: 1536/1600 holds, last 0.047 s, source twoStageRealTimeIteration
brakingLead: 1540/1600 holds, last 0.047 s, source twoStageRealTimeIteration
brakingLead: 1544/1600 holds, last 0.051 s, source twoStageRealTimeIteration
brakingLead: 1548/1600 holds, last 0.047 s, source twoStageRealTimeIteration
brakingLead: 1552/1600 holds, last 0.049 s, source twoStageRealTimeIteration
brakingLead: 1556/1600 holds, last 0.050 s, source twoStageRealTimeIteration
brakingLead: 1560/1600 holds, last 0.049 s, source twoStageRealTimeIteration
brakingLead: 1564/1600 holds, last 0.055 s, source twoStageRealTimeIteration
brakingLead: 1568/1600 holds, last 0.057 s, source twoStageRealTimeIteration
brakingLead: 1572/1600 holds, last 0.078 s, source twoStageRealTimeIteration
brakingLead: 1576/1600 holds, last 0.062 s, source twoStageRealTimeIteration
brakingLead: 1580/1600 holds, last 0.076 s, source twoStageRealTimeIteration
brakingLead: 1584/1600 holds, last 0.065 s, source twoStageRealTimeIteration
brakingLead: 1588/1600 holds, last 0.050 s, source twoStageRealTimeIteration
brakingLead: 1592/1600 holds, last 0.051 s, source twoStageRealTimeIteration
brakingLead: 1596/1600 holds, last 0.054 s, source twoStageRealTimeIteration
brakingLead: 1600/1600 holds, last 0.054 s, source twoStageRealTimeIteration
Recovery at 80.00 s: e = [0.00532436  0.000394611    -0.225911 -0.000102879  0.000165325], W = 1.04647
brakingLead: 1600/1600 frames, max 0.577 s, failure
CASE-END speed=15 scenario=brakingLead frames=1600 wall=124.614 recovered=0 max=0.576775 gap=0.709513234 failure=
CASE-START speed=15 scenario=curvedCrossing
curvedCrossing: 4/1600 holds, last 0.100 s, source twoStageRealTimeIteration
curvedCrossing: 8/1600 holds, last 0.095 s, source twoStageRealTimeIteration
curvedCrossing: 12/1600 holds, last 0.102 s, source twoStageRealTimeIteration
curvedCrossing: 16/1600 holds, last 0.094 s, source twoStageRealTimeIteration
curvedCrossing: 20/1600 holds, last 0.095 s, source twoStageRealTimeIteration
curvedCrossing: 24/1600 holds, last 0.223 s, source twoStageRealTimeIteration
curvedCrossing: 28/1600 holds, last 0.131 s, source twoStageRealTimeIteration
curvedCrossing: 32/1600 holds, last 0.099 s, source twoStageRealTimeIteration
curvedCrossing: 36/1600 holds, last 0.103 s, source twoStageRealTimeIteration
curvedCrossing: 40/1600 holds, last 0.097 s, source twoStageRealTimeIteration
curvedCrossing: 44/1600 holds, last 0.104 s, source twoStageRealTimeIteration
curvedCrossing: 48/1600 holds, last 0.089 s, source twoStageRealTimeIteration
curvedCrossing: 52/1600 holds, last 0.106 s, source twoStageRealTimeIteration
curvedCrossing: 56/1600 holds, last 0.095 s, source twoStageRealTimeIteration
curvedCrossing: 60/1600 holds, last 0.093 s, source twoStageRealTimeIteration
curvedCrossing: 64/1600 holds, last 0.097 s, source twoStageRealTimeIteration
curvedCrossing: 68/1600 holds, last 0.088 s, source twoStageRealTimeIteration
curvedCrossing: 72/1600 holds, last 0.125 s, source twoStageRealTimeIteration
curvedCrossing: 76/1600 holds, last 0.180 s, source twoStageRealTimeIteration
curvedCrossing: 80/1600 holds, last 0.096 s, source twoStageRealTimeIteration
curvedCrossing: 84/1600 holds, last 0.096 s, source twoStageRealTimeIteration
curvedCrossing: 88/1600 holds, last 0.095 s, source twoStageRealTimeIteration
curvedCrossing: 92/1600 holds, last 0.090 s, source twoStageRealTimeIteration
curvedCrossing: 96/1600 holds, last 0.098 s, source twoStageRealTimeIteration
curvedCrossing: 100/1600 holds, last 0.120 s, source twoStageRealTimeIteration
Recovery at 5.00 s: e = [-29.6019   -0.6998  -1.32427 -0.101415  0.376074], W = 61558
curvedCrossing: 104/1600 holds, last 0.125 s, source twoStageRealTimeIteration
curvedCrossing: 108/1600 holds, last 0.096 s, source twoStageRealTimeIteration
curvedCrossing: 112/1600 holds, last 0.289 s, source twoStageRealTimeIteration
curvedCrossing: 116/1600 holds, last 0.097 s, source twoStageRealTimeIteration
curvedCrossing: 120/1600 holds, last 0.106 s, source twoStageRealTimeIteration
curvedCrossing: 124/1600 holds, last 0.107 s, source twoStageRealTimeIteration
curvedCrossing: 128/1600 holds, last 0.111 s, source twoStageRealTimeIteration
curvedCrossing: 132/1600 holds, last 0.099 s, source twoStageRealTimeIteration
curvedCrossing: 136/1600 holds, last 0.106 s, source twoStageRealTimeIteration
curvedCrossing: 140/1600 holds, last 0.102 s, source twoStageRealTimeIteration
curvedCrossing: 144/1600 holds, last 0.091 s, source twoStageRealTimeIteration
curvedCrossing: 148/1600 holds, last 0.123 s, source twoStageRealTimeIteration
curvedCrossing: 152/1600 holds, last 0.124 s, source twoStageRealTimeIteration
curvedCrossing: 156/1600 holds, last 0.116 s, source twoStageRealTimeIteration
curvedCrossing: 160/1600 holds, last 0.129 s, source twoStageRealTimeIteration
curvedCrossing: 164/1600 holds, last 0.092 s, source twoStageRealTimeIteration
curvedCrossing: 168/1600 holds, last 0.109 s, source twoStageRealTimeIteration
curvedCrossing: 172/1600 holds, last 0.130 s, source twoStageRealTimeIteration
curvedCrossing: 176/1600 holds, last 0.085 s, source twoStageRealTimeIteration
curvedCrossing: 180/1600 holds, last 0.093 s, source twoStageRealTimeIteration
curvedCrossing: 184/1600 holds, last 0.085 s, source twoStageRealTimeIteration
curvedCrossing: 188/1600 holds, last 0.081 s, source twoStageRealTimeIteration
curvedCrossing: 192/1600 holds, last 0.088 s, source twoStageRealTimeIteration
curvedCrossing: 196/1600 holds, last 0.080 s, source twoStageRealTimeIteration
curvedCrossing: 200/1600 holds, last 0.087 s, source twoStageRealTimeIteration
Recovery at 10.00 s: e = [-33.432  0.705397    -1.435 -0.111702  0.315724], W = 55455.4
curvedCrossing: 204/1600 holds, last 0.091 s, source twoStageRealTimeIteration
curvedCrossing: 208/1600 holds, last 0.087 s, source twoStageRealTimeIteration
curvedCrossing: 212/1600 holds, last 0.085 s, source twoStageRealTimeIteration
curvedCrossing: 216/1600 holds, last 0.086 s, source twoStageRealTimeIteration
curvedCrossing: 220/1600 holds, last 0.082 s, source twoStageRealTimeIteration
curvedCrossing: 224/1600 holds, last 0.081 s, source twoStageRealTimeIteration
curvedCrossing: 228/1600 holds, last 0.083 s, source twoStageRealTimeIteration
curvedCrossing: 232/1600 holds, last 0.090 s, source twoStageRealTimeIteration
curvedCrossing: 236/1600 holds, last 0.083 s, source twoStageRealTimeIteration
curvedCrossing: 240/1600 holds, last 0.082 s, source twoStageRealTimeIteration
curvedCrossing: 244/1600 holds, last 0.117 s, source twoStageRealTimeIteration
curvedCrossing: 248/1600 holds, last 0.098 s, source twoStageRealTimeIteration
curvedCrossing: 252/1600 holds, last 0.100 s, source twoStageRealTimeIteration
curvedCrossing: 256/1600 holds, last 0.098 s, source twoStageRealTimeIteration
curvedCrossing: 260/1600 holds, last 0.096 s, source twoStageRealTimeIteration
curvedCrossing: 264/1600 holds, last 0.131 s, source twoStageRealTimeIteration
curvedCrossing: 268/1600 holds, last 0.098 s, source twoStageRealTimeIteration
curvedCrossing: 272/1600 holds, last 0.102 s, source twoStageRealTimeIteration
curvedCrossing: 276/1600 holds, last 0.169 s, source twoStageRealTimeIteration
curvedCrossing: 280/1600 holds, last 0.102 s, source twoStageRealTimeIteration
curvedCrossing: 284/1600 holds, last 0.252 s, source twoStageRealTimeIteration
curvedCrossing: 288/1600 holds, last 0.096 s, source twoStageRealTimeIteration
curvedCrossing: 292/1600 holds, last 0.127 s, source twoStageRealTimeIteration
curvedCrossing: 296/1600 holds, last 0.116 s, source twoStageRealTimeIteration
curvedCrossing: 300/1600 holds, last 0.112 s, source twoStageRealTimeIteration
Recovery at 15.00 s: e = [33.692   2.55109   0.59152 -0.821389  0.427064], W = 120312
curvedCrossing: 304/1600 holds, last 0.125 s, source twoStageRealTimeIteration
curvedCrossing: 308/1600 holds, last 0.098 s, source twoStageRealTimeIteration
curvedCrossing: 312/1600 holds, last 0.122 s, source twoStageRealTimeIteration
curvedCrossing: 316/1600 holds, last 0.115 s, source twoStageRealTimeIteration
curvedCrossing: 320/1600 holds, last 0.117 s, source twoStageRealTimeIteration
curvedCrossing: 324/1600 holds, last 0.118 s, source twoStageRealTimeIteration
curvedCrossing: 328/1600 holds, last 0.105 s, source twoStageRealTimeIteration
curvedCrossing: 332/1600 holds, last 0.229 s, source twoStageRealTimeIteration
curvedCrossing: 336/1600 holds, last 0.078 s, source twoStageRealTimeIteration
curvedCrossing: 340/1600 holds, last 0.079 s, source twoStageRealTimeIteration
curvedCrossing: 344/1600 holds, last 0.079 s, source twoStageRealTimeIteration
curvedCrossing: 348/1600 holds, last 0.079 s, source twoStageRealTimeIteration
curvedCrossing: 352/1600 holds, last 0.079 s, source twoStageRealTimeIteration
curvedCrossing: 356/1600 holds, last 0.082 s, source twoStageRealTimeIteration
curvedCrossing: 360/1600 holds, last 0.080 s, source twoStageRealTimeIteration
curvedCrossing: 364/1600 holds, last 0.083 s, source twoStageRealTimeIteration
curvedCrossing: 368/1600 holds, last 0.081 s, source twoStageRealTimeIteration
curvedCrossing: 372/1600 holds, last 0.083 s, source twoStageRealTimeIteration
curvedCrossing: 376/1600 holds, last 0.087 s, source twoStageRealTimeIteration
curvedCrossing: 380/1600 holds, last 0.083 s, source twoStageRealTimeIteration
curvedCrossing: 384/1600 holds, last 0.084 s, source twoStageRealTimeIteration
curvedCrossing: 388/1600 holds, last 0.193 s, source twoStageRealTimeIteration
curvedCrossing: 392/1600 holds, last 0.092 s, source twoStageRealTimeIteration
curvedCrossing: 396/1600 holds, last 0.087 s, source twoStageRealTimeIteration
curvedCrossing: 400/1600 holds, last 0.089 s, source twoStageRealTimeIteration
Recovery at 20.00 s: e = [-8.44561 -1.16721  1.49297 -2.51803 0.387896], W = 12299.8
curvedCrossing: 404/1600 holds, last 0.209 s, source twoStageRealTimeIteration
curvedCrossing: 408/1600 holds, last 0.115 s, source twoStageRealTimeIteration
curvedCrossing: 412/1600 holds, last 0.087 s, source twoStageRealTimeIteration
curvedCrossing: 416/1600 holds, last 0.103 s, source twoStageRealTimeIteration
curvedCrossing: 420/1600 holds, last 0.108 s, source twoStageRealTimeIteration
curvedCrossing: 424/1600 holds, last 0.087 s, source twoStageRealTimeIteration
curvedCrossing: 428/1600 holds, last 0.105 s, source twoStageRealTimeIteration
curvedCrossing: 432/1600 holds, last 0.107 s, source twoStageRealTimeIteration
curvedCrossing: 436/1600 holds, last 0.091 s, source twoStageRealTimeIteration
curvedCrossing: 440/1600 holds, last 0.088 s, source twoStageRealTimeIteration
curvedCrossing: 444/1600 holds, last 0.086 s, source twoStageRealTimeIteration
curvedCrossing: 448/1600 holds, last 0.095 s, source twoStageRealTimeIteration
curvedCrossing: 452/1600 holds, last 0.087 s, source twoStageRealTimeIteration
curvedCrossing: 456/1600 holds, last 0.089 s, source twoStageRealTimeIteration
curvedCrossing: 460/1600 holds, last 0.101 s, source twoStageRealTimeIteration
curvedCrossing: 464/1600 holds, last 0.081 s, source twoStageRealTimeIteration
curvedCrossing: 468/1600 holds, last 0.082 s, source twoStageRealTimeIteration
curvedCrossing: 472/1600 holds, last 0.077 s, source twoStageRealTimeIteration
curvedCrossing: 476/1600 holds, last 0.083 s, source twoStageRealTimeIteration
curvedCrossing: 480/1600 holds, last 0.078 s, source twoStageRealTimeIteration
curvedCrossing: 484/1600 holds, last 0.079 s, source twoStageRealTimeIteration
curvedCrossing: 488/1600 holds, last 0.070 s, source twoStageRealTimeIteration
curvedCrossing: 492/1600 holds, last 0.087 s, source twoStageRealTimeIteration
curvedCrossing: 496/1600 holds, last 0.086 s, source twoStageRealTimeIteration
curvedCrossing: 500/1600 holds, last 0.101 s, source twoStageRealTimeIteration
Recovery at 25.00 s: e = [-35.7533 -0.430647  0.105849   1.64187 -0.591989], W = 81160.3
curvedCrossing: 504/1600 holds, last 0.158 s, source twoStageRealTimeIteration
curvedCrossing: 508/1600 holds, last 0.073 s, source twoStageRealTimeIteration
curvedCrossing: 512/1600 holds, last 0.095 s, source twoStageRealTimeIteration
curvedCrossing: 516/1600 holds, last 0.136 s, source twoStageRealTimeIteration
curvedCrossing: 520/1600 holds, last 0.070 s, source twoStageRealTimeIteration
curvedCrossing: 524/1600 holds, last 0.058 s, source twoStageRealTimeIteration
curvedCrossing: 528/1600 holds, last 0.058 s, source twoStageRealTimeIteration
curvedCrossing: 532/1600 holds, last 0.056 s, source twoStageRealTimeIteration
curvedCrossing: 536/1600 holds, last 0.061 s, source twoStageRealTimeIteration
curvedCrossing: 540/1600 holds, last 0.061 s, source twoStageRealTimeIteration
curvedCrossing: 544/1600 holds, last 0.060 s, source twoStageRealTimeIteration
curvedCrossing: 548/1600 holds, last 0.071 s, source twoStageRealTimeIteration
curvedCrossing: 552/1600 holds, last 0.110 s, source twoStageRealTimeIteration
curvedCrossing: 556/1600 holds, last 0.112 s, source twoStageRealTimeIteration
curvedCrossing: 560/1600 holds, last 0.075 s, source twoStageRealTimeIteration
curvedCrossing: 564/1600 holds, last 0.066 s, source twoStageRealTimeIteration
curvedCrossing: 568/1600 holds, last 0.069 s, source twoStageRealTimeIteration
curvedCrossing: 572/1600 holds, last 0.067 s, source twoStageRealTimeIteration
curvedCrossing: 576/1600 holds, last 0.078 s, source twoStageRealTimeIteration
curvedCrossing: 580/1600 holds, last 0.067 s, source twoStageRealTimeIteration
curvedCrossing: 584/1600 holds, last 0.078 s, source twoStageRealTimeIteration
curvedCrossing: 588/1600 holds, last 0.115 s, source twoStageRealTimeIteration
curvedCrossing: 592/1600 holds, last 0.072 s, source twoStageRealTimeIteration
curvedCrossing: 596/1600 holds, last 0.073 s, source twoStageRealTimeIteration
curvedCrossing: 600/1600 holds, last 0.091 s, source twoStageRealTimeIteration
Recovery at 30.00 s: e = [-65.4533  -0.484622   -2.67611   0.035351 -0.0277373], W = 264211
curvedCrossing: 604/1600 holds, last 0.063 s, source twoStageRealTimeIteration
curvedCrossing: 608/1600 holds, last 0.149 s, source twoStageRealTimeIteration
curvedCrossing: 612/1600 holds, last 0.072 s, source twoStageRealTimeIteration
curvedCrossing: 616/1600 holds, last 0.073 s, source twoStageRealTimeIteration
curvedCrossing: 620/1600 holds, last 0.071 s, source twoStageRealTimeIteration
curvedCrossing: 624/1600 holds, last 0.070 s, source twoStageRealTimeIteration
curvedCrossing: 628/1600 holds, last 0.070 s, source twoStageRealTimeIteration
curvedCrossing: 632/1600 holds, last 0.073 s, source twoStageRealTimeIteration
curvedCrossing: 636/1600 holds, last 0.070 s, source twoStageRealTimeIteration
curvedCrossing: 640/1600 holds, last 0.071 s, source twoStageRealTimeIteration
curvedCrossing: 644/1600 holds, last 0.076 s, source twoStageRealTimeIteration
curvedCrossing: 648/1600 holds, last 0.076 s, source twoStageRealTimeIteration
curvedCrossing: 652/1600 holds, last 0.070 s, source twoStageRealTimeIteration
curvedCrossing: 656/1600 holds, last 0.071 s, source twoStageRealTimeIteration
curvedCrossing: 660/1600 holds, last 0.078 s, source twoStageRealTimeIteration
curvedCrossing: 664/1600 holds, last 0.077 s, source twoStageRealTimeIteration
curvedCrossing: 668/1600 holds, last 0.117 s, source twoStageRealTimeIteration
curvedCrossing: 672/1600 holds, last 0.071 s, source twoStageRealTimeIteration
curvedCrossing: 676/1600 holds, last 0.077 s, source twoStageRealTimeIteration
curvedCrossing: 680/1600 holds, last 0.125 s, source twoStageRealTimeIteration
curvedCrossing: 684/1600 holds, last 0.071 s, source twoStageRealTimeIteration
curvedCrossing: 688/1600 holds, last 0.141 s, source twoStageRealTimeIteration
curvedCrossing: 692/1600 holds, last 0.133 s, source twoStageRealTimeIteration
curvedCrossing: 696/1600 holds, last 0.069 s, source twoStageRealTimeIteration
curvedCrossing: 700/1600 holds, last 0.069 s, source twoStageRealTimeIteration
Recovery at 35.00 s: e = [-91.4649    -0.4266   -3.24864  0.0423988 -0.0256813], W = 504720
curvedCrossing: 704/1600 holds, last 0.075 s, source twoStageRealTimeIteration
curvedCrossing: 708/1600 holds, last 0.075 s, source twoStageRealTimeIteration
curvedCrossing: 712/1600 holds, last 0.075 s, source twoStageRealTimeIteration
curvedCrossing: 716/1600 holds, last 0.143 s, source twoStageRealTimeIteration
curvedCrossing: 720/1600 holds, last 0.075 s, source twoStageRealTimeIteration
curvedCrossing: 724/1600 holds, last 0.072 s, source twoStageRealTimeIteration
curvedCrossing: 728/1600 holds, last 0.075 s, source twoStageRealTimeIteration
curvedCrossing: 732/1600 holds, last 0.137 s, source twoStageRealTimeIteration
curvedCrossing: 736/1600 holds, last 0.143 s, source twoStageRealTimeIteration
curvedCrossing: 740/1600 holds, last 0.134 s, source twoStageRealTimeIteration
curvedCrossing: 744/1600 holds, last 0.070 s, source twoStageRealTimeIteration
curvedCrossing: 748/1600 holds, last 0.125 s, source twoStageRealTimeIteration
curvedCrossing: 752/1600 holds, last 0.078 s, source twoStageRealTimeIteration
curvedCrossing: 756/1600 holds, last 0.121 s, source twoStageRealTimeIteration
curvedCrossing: 760/1600 holds, last 0.075 s, source twoStageRealTimeIteration
curvedCrossing: 764/1600 holds, last 0.123 s, source twoStageRealTimeIteration
curvedCrossing: 768/1600 holds, last 0.121 s, source twoStageRealTimeIteration
curvedCrossing: 772/1600 holds, last 0.064 s, source twoStageRealTimeIteration
curvedCrossing: 776/1600 holds, last 0.114 s, source twoStageRealTimeIteration
curvedCrossing: 780/1600 holds, last 0.066 s, source twoStageRealTimeIteration
curvedCrossing: 784/1600 holds, last 0.124 s, source twoStageRealTimeIteration
curvedCrossing: 788/1600 holds, last 0.122 s, source twoStageRealTimeIteration
curvedCrossing: 792/1600 holds, last 0.064 s, source twoStageRealTimeIteration
curvedCrossing: 796/1600 holds, last 0.114 s, source twoStageRealTimeIteration
curvedCrossing: 800/1600 holds, last 0.065 s, source twoStageRealTimeIteration
Recovery at 40.00 s: e = [-113.898  -0.365951   -3.34826  0.0434146 -0.0252789], W = 773602
curvedCrossing: 804/1600 holds, last 0.075 s, source twoStageRealTimeIteration
curvedCrossing: 808/1600 holds, last 0.114 s, source twoStageRealTimeIteration
curvedCrossing: 812/1600 holds, last 0.115 s, source twoStageRealTimeIteration
curvedCrossing: 816/1600 holds, last 0.118 s, source twoStageRealTimeIteration
curvedCrossing: 820/1600 holds, last 0.070 s, source twoStageRealTimeIteration
curvedCrossing: 824/1600 holds, last 0.070 s, source twoStageRealTimeIteration
curvedCrossing: 828/1600 holds, last 0.062 s, source twoStageRealTimeIteration
curvedCrossing: 832/1600 holds, last 0.069 s, source twoStageRealTimeIteration
curvedCrossing: 836/1600 holds, last 0.068 s, source twoStageRealTimeIteration
curvedCrossing: 840/1600 holds, last 0.075 s, source twoStageRealTimeIteration
curvedCrossing: 844/1600 holds, last 0.066 s, source twoStageRealTimeIteration
curvedCrossing: 848/1600 holds, last 0.068 s, source twoStageRealTimeIteration
curvedCrossing: 852/1600 holds, last 0.099 s, source twoStageRealTimeIteration
curvedCrossing: 856/1600 holds, last 0.068 s, source twoStageRealTimeIteration
curvedCrossing: 860/1600 holds, last 0.069 s, source twoStageRealTimeIteration
curvedCrossing: 864/1600 holds, last 0.073 s, source twoStageRealTimeIteration
curvedCrossing: 868/1600 holds, last 0.070 s, source twoStageRealTimeIteration
curvedCrossing: 872/1600 holds, last 0.070 s, source twoStageRealTimeIteration
curvedCrossing: 876/1600 holds, last 0.069 s, source twoStageRealTimeIteration
curvedCrossing: 880/1600 holds, last 0.110 s, source twoStageRealTimeIteration
curvedCrossing: 884/1600 holds, last 0.070 s, source twoStageRealTimeIteration
curvedCrossing: 888/1600 holds, last 0.065 s, source twoStageRealTimeIteration
curvedCrossing: 892/1600 holds, last 0.070 s, source twoStageRealTimeIteration
curvedCrossing: 896/1600 holds, last 0.119 s, source twoStageRealTimeIteration
curvedCrossing: 900/1600 holds, last 0.067 s, source twoStageRealTimeIteration
Recovery at 45.00 s: e = [-133.256  -0.302852   -3.08068  0.0413204 -0.0243228], W = 1.05094e+06
curvedCrossing: 904/1600 holds, last 0.067 s, source twoStageRealTimeIteration
curvedCrossing: 908/1600 holds, last 0.062 s, source twoStageRealTimeIteration
curvedCrossing: 912/1600 holds, last 0.138 s, source twoStageRealTimeIteration
curvedCrossing: 916/1600 holds, last 0.071 s, source twoStageRealTimeIteration
curvedCrossing: 920/1600 holds, last 0.070 s, source twoStageRealTimeIteration
curvedCrossing: 924/1600 holds, last 0.071 s, source twoStageRealTimeIteration
curvedCrossing: 928/1600 holds, last 0.070 s, source twoStageRealTimeIteration
curvedCrossing: 932/1600 holds, last 0.065 s, source twoStageRealTimeIteration
curvedCrossing: 936/1600 holds, last 0.067 s, source twoStageRealTimeIteration
curvedCrossing: 940/1600 holds, last 0.065 s, source twoStageRealTimeIteration
curvedCrossing: 944/1600 holds, last 0.072 s, source twoStageRealTimeIteration
curvedCrossing: 948/1600 holds, last 0.059 s, source twoStageRealTimeIteration
curvedCrossing: 952/1600 holds, last 0.069 s, source twoStageRealTimeIteration
curvedCrossing: 956/1600 holds, last 0.070 s, source twoStageRealTimeIteration
curvedCrossing: 960/1600 holds, last 0.071 s, source twoStageRealTimeIteration
curvedCrossing: 964/1600 holds, last 0.068 s, source twoStageRealTimeIteration
curvedCrossing: 968/1600 holds, last 0.065 s, source twoStageRealTimeIteration
curvedCrossing: 972/1600 holds, last 0.068 s, source twoStageRealTimeIteration
curvedCrossing: 976/1600 holds, last 0.061 s, source twoStageRealTimeIteration
curvedCrossing: 980/1600 holds, last 0.072 s, source twoStageRealTimeIteration
curvedCrossing: 984/1600 holds, last 0.071 s, source twoStageRealTimeIteration
curvedCrossing: 988/1600 holds, last 0.070 s, source twoStageRealTimeIteration
curvedCrossing: 992/1600 holds, last 0.141 s, source twoStageRealTimeIteration
curvedCrossing: 996/1600 holds, last 0.067 s, source twoStageRealTimeIteration
curvedCrossing: 1000/1600 holds, last 0.068 s, source twoStageRealTimeIteration
Recovery at 50.00 s: e = [-148.919  -0.236524   -3.08695  0.0402632 -0.0272156], W = 1.3054e+06
curvedCrossing: 1004/1600 holds, last 0.068 s, source twoStageRealTimeIteration
curvedCrossing: 1008/1600 holds, last 0.071 s, source twoStageRealTimeIteration
curvedCrossing: 1012/1600 holds, last 0.066 s, source twoStageRealTimeIteration
curvedCrossing: 1016/1600 holds, last 0.068 s, source twoStageRealTimeIteration
curvedCrossing: 1020/1600 holds, last 0.060 s, source twoStageRealTimeIteration
curvedCrossing: 1024/1600 holds, last 0.139 s, source twoStageRealTimeIteration
curvedCrossing: 1028/1600 holds, last 0.071 s, source twoStageRealTimeIteration
curvedCrossing: 1032/1600 holds, last 0.070 s, source twoStageRealTimeIteration
curvedCrossing: 1036/1600 holds, last 0.065 s, source twoStageRealTimeIteration
curvedCrossing: 1040/1600 holds, last 0.060 s, source twoStageRealTimeIteration
curvedCrossing: 1044/1600 holds, last 0.071 s, source twoStageRealTimeIteration
curvedCrossing: 1048/1600 holds, last 0.071 s, source twoStageRealTimeIteration
curvedCrossing: 1052/1600 holds, last 0.075 s, source twoStageRealTimeIteration
curvedCrossing: 1056/1600 holds, last 0.072 s, source twoStageRealTimeIteration
curvedCrossing: 1060/1600 holds, last 0.070 s, source twoStageRealTimeIteration
curvedCrossing: 1064/1600 holds, last 0.068 s, source twoStageRealTimeIteration
curvedCrossing: 1068/1600 holds, last 0.060 s, source twoStageRealTimeIteration
curvedCrossing: 1072/1600 holds, last 0.066 s, source twoStageRealTimeIteration
curvedCrossing: 1076/1600 holds, last 0.057 s, source twoStageRealTimeIteration
curvedCrossing: 1080/1600 holds, last 0.069 s, source twoStageRealTimeIteration
curvedCrossing: 1084/1600 holds, last 0.060 s, source twoStageRealTimeIteration
curvedCrossing: 1088/1600 holds, last 0.071 s, source twoStageRealTimeIteration
curvedCrossing: 1092/1600 holds, last 0.072 s, source twoStageRealTimeIteration
curvedCrossing: 1096/1600 holds, last 0.071 s, source twoStageRealTimeIteration
curvedCrossing: 1100/1600 holds, last 0.071 s, source twoStageRealTimeIteration
Recovery at 55.00 s: e = [-160.674  -0.164921   -2.95116  0.0379329 -0.0288748], W = 1.51286e+06
curvedCrossing: 1104/1600 holds, last 0.114 s, source twoStageRealTimeIteration
curvedCrossing: 1108/1600 holds, last 0.068 s, source twoStageRealTimeIteration
curvedCrossing: 1112/1600 holds, last 0.080 s, source twoStageRealTimeIteration
curvedCrossing: 1116/1600 holds, last 0.072 s, source twoStageRealTimeIteration
curvedCrossing: 1120/1600 holds, last 0.070 s, source twoStageRealTimeIteration
curvedCrossing: 1124/1600 holds, last 0.070 s, source twoStageRealTimeIteration
curvedCrossing: 1128/1600 holds, last 0.057 s, source twoStageRealTimeIteration
curvedCrossing: 1132/1600 holds, last 0.057 s, source twoStageRealTimeIteration
curvedCrossing: 1136/1600 holds, last 0.071 s, source twoStageRealTimeIteration
curvedCrossing: 1140/1600 holds, last 0.067 s, source twoStageRealTimeIteration
curvedCrossing: 1144/1600 holds, last 0.071 s, source twoStageRealTimeIteration
curvedCrossing: 1148/1600 holds, last 0.072 s, source twoStageRealTimeIteration
curvedCrossing: 1152/1600 holds, last 0.072 s, source twoStageRealTimeIteration
curvedCrossing: 1156/1600 holds, last 0.072 s, source twoStageRealTimeIteration
curvedCrossing: 1160/1600 holds, last 0.061 s, source twoStageRealTimeIteration
curvedCrossing: 1164/1600 holds, last 0.073 s, source twoStageRealTimeIteration
curvedCrossing: 1168/1600 holds, last 0.059 s, source twoStageRealTimeIteration
curvedCrossing: 1172/1600 holds, last 0.067 s, source twoStageRealTimeIteration
curvedCrossing: 1176/1600 holds, last 0.067 s, source twoStageRealTimeIteration
curvedCrossing: 1180/1600 holds, last 0.059 s, source twoStageRealTimeIteration
curvedCrossing: 1184/1600 holds, last 0.070 s, source twoStageRealTimeIteration
curvedCrossing: 1188/1600 holds, last 0.073 s, source twoStageRealTimeIteration
curvedCrossing: 1192/1600 holds, last 0.071 s, source twoStageRealTimeIteration
curvedCrossing: 1196/1600 holds, last 0.066 s, source twoStageRealTimeIteration
curvedCrossing: 1200/1600 holds, last 0.061 s, source twoStageRealTimeIteration
Recovery at 60.00 s: e = [-168.083 -0.0876739   -2.90688  0.0386072 -0.0261367], W = 1.64901e+06
curvedCrossing: 1204/1600 holds, last 0.071 s, source twoStageRealTimeIteration
curvedCrossing: 1208/1600 holds, last 0.071 s, source twoStageRealTimeIteration
curvedCrossing: 1212/1600 holds, last 0.071 s, source twoStageRealTimeIteration
curvedCrossing: 1216/1600 holds, last 0.145 s, source twoStageRealTimeIteration
curvedCrossing: 1220/1600 holds, last 0.072 s, source twoStageRealTimeIteration
curvedCrossing: 1224/1600 holds, last 0.070 s, source twoStageRealTimeIteration
curvedCrossing: 1228/1600 holds, last 0.142 s, source twoStageRealTimeIteration
curvedCrossing: 1232/1600 holds, last 0.061 s, source twoStageRealTimeIteration
curvedCrossing: 1236/1600 holds, last 0.066 s, source twoStageRealTimeIteration
curvedCrossing: 1240/1600 holds, last 0.071 s, source twoStageRealTimeIteration
curvedCrossing: 1244/1600 holds, last 0.071 s, source twoStageRealTimeIteration
curvedCrossing: 1248/1600 holds, last 0.070 s, source twoStageRealTimeIteration
curvedCrossing: 1252/1600 holds, last 0.128 s, source twoStageRealTimeIteration
curvedCrossing: 1256/1600 holds, last 0.062 s, source twoStageRealTimeIteration
curvedCrossing: 1260/1600 holds, last 0.069 s, source twoStageRealTimeIteration
curvedCrossing: 1264/1600 holds, last 0.071 s, source twoStageRealTimeIteration
curvedCrossing: 1268/1600 holds, last 0.071 s, source twoStageRealTimeIteration
curvedCrossing: 1272/1600 holds, last 0.071 s, source twoStageRealTimeIteration
curvedCrossing: 1276/1600 holds, last 0.069 s, source twoStageRealTimeIteration
curvedCrossing: 1280/1600 holds, last 0.072 s, source twoStageRealTimeIteration
curvedCrossing: 1284/1600 holds, last 0.071 s, source twoStageRealTimeIteration
curvedCrossing: 1288/1600 holds, last 0.061 s, source twoStageRealTimeIteration
curvedCrossing: 1292/1600 holds, last 0.057 s, source twoStageRealTimeIteration
curvedCrossing: 1296/1600 holds, last 0.069 s, source twoStageRealTimeIteration
curvedCrossing: 1300/1600 holds, last 0.071 s, source twoStageRealTimeIteration
Recovery at 65.00 s: e = [-170.863 -0.00592148     -2.6381   0.0355545  -0.0255796], W = 1.69747e+06
curvedCrossing: 1304/1600 holds, last 0.071 s, source twoStageRealTimeIteration
curvedCrossing: 1308/1600 holds, last 0.063 s, source twoStageRealTimeIteration
curvedCrossing: 1312/1600 holds, last 0.074 s, source twoStageRealTimeIteration
curvedCrossing: 1316/1600 holds, last 0.057 s, source twoStageRealTimeIteration
curvedCrossing: 1320/1600 holds, last 0.060 s, source twoStageRealTimeIteration
curvedCrossing: 1324/1600 holds, last 0.090 s, source twoStageRealTimeIteration
curvedCrossing: 1328/1600 holds, last 0.057 s, source twoStageRealTimeIteration
curvedCrossing: 1332/1600 holds, last 0.058 s, source twoStageRealTimeIteration
curvedCrossing: 1336/1600 holds, last 0.061 s, source twoStageRealTimeIteration
curvedCrossing: 1340/1600 holds, last 0.062 s, source twoStageRealTimeIteration
curvedCrossing: 1344/1600 holds, last 0.070 s, source twoStageRealTimeIteration
curvedCrossing: 1348/1600 holds, last 0.057 s, source twoStageRealTimeIteration
curvedCrossing: 1352/1600 holds, last 0.068 s, source twoStageRealTimeIteration
curvedCrossing: 1356/1600 holds, last 0.070 s, source twoStageRealTimeIteration
curvedCrossing: 1360/1600 holds, last 0.070 s, source twoStageRealTimeIteration
curvedCrossing: 1364/1600 holds, last 0.067 s, source twoStageRealTimeIteration
curvedCrossing: 1368/1600 holds, last 0.057 s, source twoStageRealTimeIteration
curvedCrossing: 1372/1600 holds, last 0.068 s, source twoStageRealTimeIteration
curvedCrossing: 1376/1600 holds, last 0.062 s, source twoStageRealTimeIteration
curvedCrossing: 1380/1600 holds, last 0.071 s, source twoStageRealTimeIteration
curvedCrossing: 1384/1600 holds, last 0.062 s, source twoStageRealTimeIteration
curvedCrossing: 1388/1600 holds, last 0.070 s, source twoStageRealTimeIteration
curvedCrossing: 1392/1600 holds, last 0.056 s, source twoStageRealTimeIteration
curvedCrossing: 1396/1600 holds, last 0.071 s, source twoStageRealTimeIteration
curvedCrossing: 1400/1600 holds, last 0.073 s, source twoStageRealTimeIteration
Recovery at 70.00 s: e = [-168.161  0.0894233   -2.16175  0.0331186 -0.0213991], W = 1.63689e+06
curvedCrossing: 1404/1600 holds, last 0.057 s, source twoStageRealTimeIteration
curvedCrossing: 1408/1600 holds, last 0.063 s, source twoStageRealTimeIteration
curvedCrossing: 1412/1600 holds, last 0.057 s, source twoStageRealTimeIteration
curvedCrossing: 1416/1600 holds, last 0.070 s, source twoStageRealTimeIteration
curvedCrossing: 1420/1600 holds, last 0.071 s, source twoStageRealTimeIteration
curvedCrossing: 1424/1600 holds, last 0.068 s, source twoStageRealTimeIteration
curvedCrossing: 1428/1600 holds, last 0.063 s, source twoStageRealTimeIteration
curvedCrossing: 1432/1600 holds, last 0.057 s, source twoStageRealTimeIteration
curvedCrossing: 1436/1600 holds, last 0.070 s, source twoStageRealTimeIteration
curvedCrossing: 1440/1600 holds, last 0.056 s, source twoStageRealTimeIteration
curvedCrossing: 1444/1600 holds, last 0.062 s, source twoStageRealTimeIteration
curvedCrossing: 1448/1600 holds, last 0.068 s, source twoStageRealTimeIteration
curvedCrossing: 1452/1600 holds, last 0.063 s, source twoStageRealTimeIteration
curvedCrossing: 1456/1600 holds, last 0.070 s, source twoStageRealTimeIteration
curvedCrossing: 1460/1600 holds, last 0.056 s, source twoStageRealTimeIteration
curvedCrossing: 1464/1600 holds, last 0.067 s, source twoStageRealTimeIteration
curvedCrossing: 1468/1600 holds, last 0.060 s, source twoStageRealTimeIteration
curvedCrossing: 1472/1600 holds, last 0.072 s, source twoStageRealTimeIteration
curvedCrossing: 1476/1600 holds, last 0.075 s, source twoStageRealTimeIteration
curvedCrossing: 1480/1600 holds, last 0.057 s, source twoStageRealTimeIteration
curvedCrossing: 1484/1600 holds, last 0.058 s, source twoStageRealTimeIteration
curvedCrossing: 1488/1600 holds, last 0.062 s, source twoStageRealTimeIteration
curvedCrossing: 1492/1600 holds, last 0.061 s, source twoStageRealTimeIteration
curvedCrossing: 1496/1600 holds, last 0.062 s, source twoStageRealTimeIteration
curvedCrossing: 1500/1600 holds, last 0.071 s, source twoStageRealTimeIteration
Recovery at 75.00 s: e = [-158.402   0.203917   -1.34118  0.0240366 -0.0134954], W = 1.44381e+06
curvedCrossing: 1504/1600 holds, last 0.070 s, source twoStageRealTimeIteration
curvedCrossing: 1508/1600 holds, last 0.090 s, source twoStageRealTimeIteration
curvedCrossing: 1512/1600 holds, last 0.068 s, source twoStageRealTimeIteration
curvedCrossing: 1516/1600 holds, last 0.061 s, source twoStageRealTimeIteration
curvedCrossing: 1520/1600 holds, last 0.061 s, source twoStageRealTimeIteration
curvedCrossing: 1524/1600 holds, last 0.061 s, source twoStageRealTimeIteration
curvedCrossing: 1528/1600 holds, last 0.062 s, source twoStageRealTimeIteration
curvedCrossing: 1532/1600 holds, last 0.060 s, source twoStageRealTimeIteration
curvedCrossing: 1536/1600 holds, last 0.061 s, source twoStageRealTimeIteration
curvedCrossing: 1540/1600 holds, last 0.071 s, source twoStageRealTimeIteration
curvedCrossing: 1544/1600 holds, last 0.072 s, source twoStageRealTimeIteration
curvedCrossing: 1548/1600 holds, last 0.065 s, source twoStageRealTimeIteration
curvedCrossing: 1552/1600 holds, last 0.060 s, source twoStageRealTimeIteration
curvedCrossing: 1556/1600 holds, last 0.060 s, source twoStageRealTimeIteration
curvedCrossing: 1560/1600 holds, last 0.071 s, source twoStageRealTimeIteration
curvedCrossing: 1564/1600 holds, last 0.070 s, source twoStageRealTimeIteration
curvedCrossing: 1568/1600 holds, last 0.065 s, source twoStageRealTimeIteration
curvedCrossing: 1572/1600 holds, last 0.070 s, source twoStageRealTimeIteration
curvedCrossing: 1576/1600 holds, last 0.070 s, source twoStageRealTimeIteration
curvedCrossing: 1580/1600 holds, last 0.120 s, source twoStageRealTimeIteration
curvedCrossing: 1584/1600 holds, last 0.070 s, source twoStageRealTimeIteration
curvedCrossing: 1588/1600 holds, last 0.071 s, source twoStageRealTimeIteration
curvedCrossing: 1592/1600 holds, last 0.065 s, source twoStageRealTimeIteration
curvedCrossing: 1596/1600 holds, last 0.060 s, source twoStageRealTimeIteration
curvedCrossing: 1600/1600 holds, last 0.068 s, source twoStageRealTimeIteration
Recovery at 80.00 s: e = [-139.65      0.3492     -1.5179   0.0257079 -0.00815563], W = 1.11164e+06
curvedCrossing: 1600/1600 frames, max 0.306 s, failure
CASE-END speed=15 scenario=curvedCrossing frames=1600 wall=144.683 recovered=0 max=0.305961 gap=0.151279639 failure=
PARTITION-COMPLETE 1
