Scenario,Variant,Seed,Estimator,completed,failureMessage,diverged,divergenceRadius,transientDuration,relativePositionRmse,fullPositionRmse,fullSpeedRmse,relativePositionMax,targetVelocityRmse,targetVelocityInertialRmse,targetAccelerationRmse,targetSpeedRmse,targetSpeedMax,relativeSpeedRmse,relativeSpeedMax,courseRmseDeg,courseMaxDeg,egoPositionRmse,egoVelocityRmse,egoYawRmseDeg,egoYawMaxDeg,egoSideslipRmseDeg,steadyStateStart,steadyRelativePositionRmse,steadyTargetVelocityRmse,steadyTargetSpeedRmse,steadyRelativeSpeedRmse,steadyCourseRmseDeg,steadyEgoYawRmseDeg,peakTransientPositionError,peakTransientVelocityError,peakTransientAccelerationError,convergenceTime,meanStepMilliseconds,maximumStepMilliseconds,integrationStep,egoBodyJerkMaximum,egoYawAccelerationMaximum,relativeRangeMaximum,loss
straightOncoming,training,101,lmi_e1.5_t1.5_y0.1,1,,0,1000,2,0.0281322177946738,0.168262562964614,2.5668787318225,0.0618179200859874,0.493457057443648,0.849797010464142,0.282838366784966,0.189945243974325,0.532399326438952,0.142168273719398,0.381144571130292,3.16063826256742,4.89847869273258,0.0318971249958312,0.231288828331754,1.51785981081515,1.84885332947499,1.66849683712853,3,0.0288694676959081,0.48818613728473,0.192795635956474,0.140957594146399,3.02737766035765,1.43173466351884,1.11803398874989,14.497464416536,7.39480538594397,5.8,0.336896666666667,4.153,0.005,0,0,95.0118413672738,1.29334031840887
straightOncoming,training,101,lmi_e1.5_t1.5_y1,1,,0,1000,2,0.0281303807121591,0.168261335559058,2.49260620447434,0.0618152405630998,0.299158540214061,0.340649734515918,0.28273786316954,0.186866262992785,0.522956709090975,0.142171276750466,0.381171310984509,1.0874883418511,2.48136722448221,0.0318971249958312,0.231288828331754,0.358613437632256,1.04606410245357,0.72296960249613,3,0.0288699637946195,0.304292391738597,0.188313867039984,0.140959348233974,0.960605464568377,0.164091529817397,1.11803398874989,14.1587217997265,7.39518593027519,1.56,0.315866666666667,1.597,0.005,0,0,95.0118413672738,0.872534001477383
straightOncoming,training,101,lmi_e1.5_t1.5_y3,1,,0,1000,2,0.0281301813757953,0.168263097755884,2.43101759154705,0.0618113858204296,0.279331355866664,0.284669116738592,0.282734391616891,0.187007999046489,0.523039522509894,0.142172353934842,0.381162134984823,0.818479555511522,2.50379149739204,0.0318971249958312,0.231288828331754,0.202828405592129,0.508876671051723,0.582121807686078,3,0.0288696402558406,0.296002215460172,0.1882332373487,0.140959746153803,0.905242515994205,0.218601466101575,1.11803398874989,13.5413222556218,7.39604672778463,1.52,0.304706666666667,0.443,0.005,0,0,95.0118413672738,0.819013722953236
straightOncoming,training,101,lmi_e1.5_t3_y0.1,1,,0,1000,2,0.0455105471787804,0.139406202412894,2.70543311037808,0.125094372461002,0.787695316980707,1.04451830186878,1.78890627574595,0.473523305416425,1.37546238363074,0.465714933152924,1.62315967818293,3.55101498283147,7.85758072969834,0.0318971249958312,0.231288828331754,1.51785981081515,1.84885332947499,1.66849683712853,3,0.0428765405245791,0.750338300442921,0.443908716776795,0.433965872869424,3.42131107036874,1.43173466351884,1.11803398874989,19.9433162217134,32.866476829401,5.84,0.30836,0.519,0.005,0,0,95.0118413672738,2.11235507918695
straightOncoming,training,101,lmi_e1.5_t3_y1,1,,0,1000,2,0.0455117027683382,0.139412228752508,2.67697888615372,0.125103687058842,0.682997204421199,0.696032578887204,1.78900175673576,0.471430035978156,1.36210529225259,0.465714571788808,1.62315000376458,1.96183556839919,5.8687257984001,0.0318971249958312,0.231288828331754,0.358613437632256,1.04606410245357,0.72296960249613,3,0.0428770514528591,0.638948332687022,0.441907133929792,0.433967247715715,1.79404389144413,0.164091529817397,1.11803398874989,19.8542968006637,32.8681474141281,5.8,0.3111,1.026,0.005,0,0,95.0118413672738,1.79034421331953
straightOncoming,training,101,lmi_e1.5_t3_y3,1,,0,1000,2,0.0455124408806076,0.139407020131831,2.64374207613706,0.125111118202584,0.67571684262454,0.672762590118251,1.78899100773008,0.471537897946546,1.36104953856981,0.465712944160074,1.62315141030837,1.83928630282088,5.47113716625244,0.0318971249958312,0.231288828331754,0.202828405592129,0.508876671051723,0.582121807686078,3,0.0428771292943686,0.631933973167873,0.442438490969231,0.433966672047513,1.7265949846773,0.218601466101575,1.11803398874989,19.6875431371644,32.8717717115504,5.62,0.303706666666667,0.415,0.005,0,0,95.0118413672738,1.76605746526334
straightOncoming,training,101,lmi_e1.5_t6_y0.1,1,,0,1000,2,0.0923262008981282,0.15647746523303,4.42343944056,0.222215232269099,2.7220876235446,2.8155668545292,14.256042621939,2.15693136500559,5.28627040118705,2.13295831906186,5.36269215997682,6.82748149824579,16.078423263493,0.0318971249958312,0.231288828331754,1.51785981081515,1.84885332947499,1.66849683712853,3,0.0856670456086305,2.60677854074473,1.93387752943426,1.89639986605444,7.09168110955058,1.43173466351884,1.11803398874989,34.4729464653173,149.080579061483,Inf,0.296173333333333,0.349,0.005,0,0,95.0118413672738,6.60262103864161
straightOncoming,training,101,lmi_e1.5_t6_y1,1,,0,1000,2,0.0923283678649854,0.156537619946706,4.3857091504831,0.222060959846717,2.68836089867947,2.69482663404292,14.2622921616437,2.14205687592173,5.26675308424014,2.13320229305027,5.36270544129514,6.29842355820247,18.0570579261855,0.0318971249958312,0.231288828331754,0.358613437632256,1.04606410245357,0.72296960249613,3,0.0856688207706035,2.57702685545816,1.91858288861926,1.8965794508053,6.65215925929915,0.164091529817397,1.11803398874989,34.4578330417049,149.082127957521,Inf,0.296266666666667,0.34,0.005,0,0,95.0118413672738,6.46708214213381
straightOncoming,training,101,lmi_e1.5_t6_y3,1,,0,1000,2,0.0923274005892024,0.15662291097431,4.3414505695843,0.222030582881701,2.68387268507144,2.68360912313425,14.2654914749796,2.13835366424363,5.25491238172878,2.13331332155533,5.36270328144283,6.28417676880949,18.5509196133475,0.0318971249958312,0.231288828331754,0.202828405592129,0.508876671051723,0.582121807686078,3,0.0856689600501547,2.57560324989553,1.9170654378401,1.89662486022161,6.65787196178596,0.218601466101575,1.11803398874989,34.4254995411051,149.085513852138,Inf,0.29599,0.341,0.005,0,0,95.0118413672738,6.45681668814118
straightOncoming,training,101,lmi_e3_t1.5_y0.1,1,,0,1000,2,0.0281215748053859,0.168323980119437,2.86226937169764,0.0617665039963646,0.87508637839215,1.17377262534069,0.282696472718076,0.547592043612908,1.58985946290587,0.142164639218106,0.381032931606633,3.9665246212235,7.37187256973411,0.0493521078845891,0.727816949108136,1.72588237228872,2.10314500169215,2.54512609181092,3,0.028865279815894,0.879757964838743,0.576593446417295,0.140950342806501,3.757550498048,1.62927296292549,1.11803398874989,21.9754040102105,7.38955760066945,Inf,0.296796666666667,0.361,0.005,0,0,95.0118413672738,2.16970475952438
straightOncoming,training,101,lmi_e3_t1.5_y1,1,,0,1000,2,0.0281282023075579,0.168299363466808,2.75111327170707,0.0617862566711777,0.763343806162447,0.800687882863054,0.282710967605358,0.544283115326335,1.60095543552148,0.142170387211128,0.381096271348291,2.25667216384574,6.4309147196945,0.0493521078845891,0.727816949108136,0.522720741355263,1.55445865332601,1.94524653962116,3,0.0288675932158514,0.781161209944444,0.572544172260649,0.140953557937188,2.07168791771914,0.240285025368722,1.11803398874989,21.4744303913328,7.38960910606092,Inf,0.296496666666667,0.327,0.005,0,0,95.0118413672738,1.8211826864974
straightOncoming,training,101,lmi_e3_t1.5_y3,1,,0,1000,2,0.0281321871926511,0.168292573098934,2.62147376551191,0.0617938496451568,0.744706103600589,0.748544739608076,0.282740255386163,0.545476804903412,1.60249149758587,0.142176183210154,0.381122262602048,1.96763865802187,6.67491762772752,0.0493521078845891,0.727816949108136,0.307282957922296,0.874625314592037,1.83398415776186,3,0.0288684615455741,0.775802571264772,0.573752184754063,0.140955449408337,2.02264011686358,0.316524118852357,1.11803398874989,20.4135121040919,7.38986922742644,Inf,0.295863333333333,0.33,0.005,0,0,95.0118413672738,1.76580321333771
straightOncoming,training,101,lmi_e3_t3_y0.1,1,,0,1000,2,0.0455135751216033,0.139643896911252,3.91104225058675,0.125151303827519,0.971481241618363,1.2435824862248,1.7891276743662,0.645538670925623,2.07572900291457,0.465722316321108,1.62316778441939,4.05718061137201,7.81363962989703,0.0493521078845891,0.727816949108136,1.72588237228872,2.10314500169215,2.54512609181092,3,0.0428767868990313,0.966009411918016,0.61761644371195,0.433972365029246,3.98480223703539,1.62927296292549,1.11803398874989,31.0270180873933,32.7786722694739,Inf,0.297426666666667,0.34,0.005,0,0,95.0118413672738,2.55764921534168
straightOncoming,training,101,lmi_e3_t3_y1,1,,0,1000,2,0.0455121281848957,0.139634750143586,3.75888187215604,0.125121900901336,0.870687948238761,0.898686469945388,1.78904792692715,0.642012614594589,2.06723759712481,0.465726265109578,1.62315947826494,2.40996506771341,5.73804854370159,0.0493521078845891,0.727816949108136,0.522720741355263,1.55445865332601,1.94524653962116,3,0.042877370585649,0.870579902164956,0.613906255618322,0.433973996520909,2.39794688747736,0.240285025368722,1.11803398874989,30.5133209903268,32.7789574956467,Inf,0.296313333333333,0.355,0.005,0,0,95.0118413672738,2.22113952458082
straightOncoming,training,101,lmi_e3_t3_y3,1,,0,1000,2,0.0455101333516246,0.139615550114631,3.57549883373008,0.125091483963032,0.861190777869206,0.865842877835067,1.78882630181291,0.642703817009477,2.06724998765683,0.465729096903545,1.62316560422616,2.2233379980027,5.98436640833859,0.0493521078845891,0.727816949108136,0.307282957922296,0.874625314592037,1.83398415776186,3,0.0428771963230337,0.86622903924124,0.615103427577629,0.433973342791948,2.3597502299145,0.316524118852357,1.11803398874989,29.4283743483141,32.779805890344,Inf,0.297793333333333,0.359,0.005,0,0,95.0118413672738,2.18517656713574
straightOncoming,training,101,lmi_e3_t6_y0.1,1,,0,1000,2,0.0923136949457022,0.156769488913882,4.94752223375381,0.222214331456154,2.8501670371166,2.96284779712808,14.2442552292509,2.2293646659581,6.12518804352754,2.13282549138382,5.3616511343586,7.36265934987751,17.82822747807,0.0493521078845891,0.727816949108136,1.72588237228872,2.10314500169215,2.54512609181092,3,0.0856596048906474,2.74330786772438,2.00302107037373,1.89641445604035,7.64101120733166,1.62927296292549,1.11803398874989,44.4405725619519,148.772212047679,Inf,0.296846666666667,0.379,0.005,0,0,95.0118413672738,6.85439815134873
straightOncoming,training,101,lmi_e3_t6_y1,1,,0,1000,2,0.0923148463142498,0.156971076305769,4.88443365158022,0.222055350032968,2.81348997320709,2.82541376173154,14.2492938488241,2.21162896391767,6.11081971940448,2.13302750642062,5.36150781749441,6.77666606320371,20.7264014893981,0.0493521078845891,0.727816949108136,0.522720741355263,1.55445865332601,1.94524653962116,3,0.0856599499127322,2.71396847152047,1.98376343048687,1.89658638238535,7.18334078345273,0.240285025368722,1.11803398874989,44.1359270060049,148.774812958651,Inf,0.299136666666667,0.382,0.005,0,0,95.0118413672738,6.70173960361859
straightOncoming,training,101,lmi_e3_t6_y3,1,,0,1000,2,0.0923135594967549,0.157012126967833,4.81517680456936,0.221977920139413,2.80433378607796,2.80268339476828,14.2539368225192,2.20552234381622,6.10088813200389,2.13320777744978,5.36174312403909,6.72605029134575,21.8057550491289,0.0493521078845891,0.727816949108136,0.307282957922296,0.874625314592037,1.83398415776186,3,0.0856589281026997,2.71294903204014,1.98096887531691,1.89666127229087,7.21344273814703,0.316524118852357,1.11803398874989,43.4895809174527,148.780657703623,Inf,0.296413333333333,0.344,0.005,0,0,95.0118413672738,6.67939034086913
straightOncoming,training,101,lmi_e6_t1.5_y0.1,1,,0,1000,2,0.0281488654210896,0.16825919671688,4.79513352656597,0.0618115210148661,2.88839958435452,3.0377122582522,0.283288561555474,1.97383779596782,6.75325520073498,0.142131613156096,0.380942378677421,8.95970593357732,28.0695179461395,0.0997519400779053,2.82355831059713,2.06456700566517,2.44889166261543,7.9968707957796,3,0.0288673319090866,2.9998611818049,2.16013047740002,0.14095421979942,8.8173407646236,1.96257829096731,1.11803398874989,39.1629192924964,7.42790877916365,Inf,0.296613333333333,0.371,0.005,0,0,95.0118413672738,6.021105432862
straightOncoming,training,101,lmi_e6_t1.5_y1,1,,0,1000,2,0.0281380340831825,0.168305270401513,4.59453208168074,0.0617962325900298,2.84467795952332,2.87360675813625,0.282917901316124,1.97632989358377,6.85784524391514,0.142155661305114,0.381037961935579,8.11328896041958,22.8906424121844,0.0997519400779053,2.82355831059713,0.911083638356603,2.2157504946003,7.77688005107067,3,0.0288678347059273,2.95493869119582,2.15949023888475,0.140957244777047,7.93282737093778,0.573175025756195,1.11803398874989,38.3017669935707,7.43008110891493,Inf,0.300536666666667,0.371,0.005,0,0,95.0118413672738,5.85669792008329
straightOncoming,training,101,lmi_e6_t1.5_y3,1,,0,1000,2,0.0281297439018157,0.168339312541425,4.4141604811959,0.0617834835085709,2.82956314484935,2.8396968078011,0.282708252976893,1.9795157048116,6.81005971315876,0.142175001180738,0.381099362647056,7.90966051026841,20.9771020844443,0.0997519400779053,2.82355831059713,0.814912517066656,2.52680932249918,7.69595157775166,3,0.0288678499551649,2.94684930744023,2.1540651947243,0.14095925998115,7.92706030334087,0.840911176948108,1.11803398874989,36.8312785638548,7.43328106737051,Inf,0.297373333333333,0.387,0.005,0,0,95.0118413672738,5.82226095069505
straightOncoming,training,101,lmi_e6_t3_y0.1,1,,0,1000,2,0.0455081417879839,0.139456898571659,5.24316639714901,0.125047032335242,2.96754467786577,3.11166960882199,1.789115639465,2.02948691059274,6.19196099080466,0.465732179000467,1.62309748813869,9.14796832423166,31.226276959834,0.0997519400779053,2.82355831059713,2.06456700566517,2.44889166261543,7.9968707957796,3,0.042878285252866,3.06127923102054,2.20336040166496,0.43396730800368,8.97524072871061,1.96257829096731,1.11803398874989,48.163987326362,32.7601708377074,Inf,0.298183333333333,0.369,0.005,0,0,95.0118413672738,6.34364890391165
straightOncoming,training,101,lmi_e6_t3_y1,1,,0,1000,2,0.0455082671176884,0.139397715756707,5.06262517518699,0.125038611765758,2.92495046837397,2.95299457568634,1.7891511646939,2.03022693960019,6.22789723256637,0.46573666612768,1.62309355919032,8.34043295703507,26.3059785635351,0.0997519400779053,2.82355831059713,0.911083638356603,2.2157504946003,7.77688005107067,3,0.042879239717454,3.01446265044889,2.20047388541598,0.433971078685552,8.1064723595851,0.573175025756195,1.11803398874989,47.215860810557,32.7626868539342,Inf,0.297396666666667,0.372,0.005,0,0,95.0118413672738,6.18362314178427
straightOncoming,training,101,lmi_e6_t3_y3,1,,0,1000,2,0.0455079613900728,0.139367021108366,4.88089919412452,0.12502985105475,2.91620327300818,2.93210593921094,1.78894641134546,2.0337702053463,6.22219332769479,0.4657412054749,1.62310781911042,8.20240648311519,24.4844791534311,0.0997519400779053,2.82355831059713,0.814912517066656,2.52680932249918,7.69595157775166,3,0.042879483750222,3.00750508620111,2.19554347861992,0.433971585335762,8.10929083297467,0.840911176948108,1.11803398874989,44.9696237679966,32.7735808987718,Inf,0.296573333333333,0.359,0.005,0,0,95.0118413672738,6.16310132121637
straightOncoming,training,101,lmi_e6_t6_y0.1,1,,0,1000,2,0.092319898427815,0.157630787358068,7.52291954326196,0.222285406012211,3.82469853339047,3.94509682859303,14.2419520924466,2.83955005391098,7.41693111972268,2.13257560126058,5.36527237285397,10.6530895753922,30.3558454483365,0.0997519400779053,2.82355831059713,2.06456700566517,2.44889166261543,7.9968707957796,3,0.0856439426637607,3.69325906657092,2.55659918064437,1.89678406899397,10.8340345442319,1.96257829096731,1.11803398874989,66.5631188945001,152.434443798116,Inf,0.297886666666667,0.387,0.005,0,0,95.0118413672738,8.73291700717854
straightOncoming,training,101,lmi_e6_t6_y1,1,,0,1000,2,0.0923242610566443,0.157753270266981,7.39479733779717,0.222170183558509,3.79347099844812,3.8183312517361,14.2483858195845,2.8347354825543,7.45576544578341,2.1327473566428,5.3655316025112,10.0534121544425,28.2023739815857,0.0997519400779053,2.82355831059713,0.911083638356603,2.2157504946003,7.77688005107067,3,0.0856466445986959,3.65516291899281,2.54098238742149,1.89687519402739,10.2662772224695,0.573175025756195,1.11803398874989,65.9301489524625,153.952955614979,Inf,0.29633,0.364,0.005,0,0,95.0118413672738,8.60339600656355
straightOncoming,training,101,lmi_e6_t6_y3,1,,0,1000,2,0.0923272613245973,0.157816335602158,7.24134748117254,0.222128243214449,3.78828904842049,3.79798780634495,14.2577909016832,2.84527602005773,7.53678035300926,2.1330064134846,5.36613464019148,9.87781119174143,28.1511646052921,0.0997519400779053,2.82355831059713,0.814912517066656,2.52680932249918,7.69595157775166,3,0.0856507970670094,3.64531421674745,2.5351937519801,1.89692014589476,10.2441732977381,0.840911176948108,1.11803398874989,64.4557346970715,154.465089207715,Inf,0.295906666666667,0.364,0.005,0,0,95.0118413672738,8.58938689170972
straightOncoming,training,101,repeated_e1.5_t1.5_y0.1,1,,0,1000,2,0.051753621222915,0.175345844861039,0.753019416177525,0.095790036124935,0.6381517405177,0.996410401254697,0.272289015454659,0.103678002113092,0.189310074854799,0.10785110343796,0.193818255007564,3.79955196033018,5.47137982634403,0.0276140511305464,0.0890430835369107,1.41113936844897,1.78268426949119,1.6994832728188,3,0.038345609623149,0.517248647939837,0.0941114736455061,0.0813444692437509,3.24088969121447,1.3125502626777,1.11803398874989,2.751581213858,0.751011933266613,1.24,0.296276666666667,0.371,0.005,0,0,95.0118413672738,1.48480260852137
straightOncoming,training,101,repeated_e1.5_t1.5_y1,1,,0,1000,2,0.0517715529580384,0.175349694283433,0.749828566305507,0.0958213403655552,0.390292875970395,0.485764909315658,0.272365872630777,0.118685052260597,0.211906309359788,0.107889320262508,0.193856972956215,1.8062853413923,4.6133495958067,0.0276140511305464,0.0890430835369107,0.437245675377327,1.4498172487521,0.660459832335814,3,0.038351984014778,0.215574045419814,0.107570655003567,0.0813979555038088,0.732821354091705,0.139733098727622,1.11803398874989,2.67858285921353,0.75131451707476,1.26,0.296723333333333,0.383,0.005,0,0,95.0118413672738,1.11634270238004
straightOncoming,training,101,repeated_e1.5_t1.5_y3,1,,0,1000,2,0.0517511133342229,0.175345529289485,0.744992900885666,0.0957979127706618,0.269678065009469,0.247975164998293,0.272240532946195,0.122588416151288,0.218340774057406,0.107947865454301,0.193941910725972,0.826168282464405,2.60968408575459,0.0276140511305464,0.0890430835369107,0.28463073777267,0.457219845975504,0.191622655559484,3,0.038325712530754,0.166438974136899,0.108792888257601,0.0814582299114857,0.306210293825162,0.27567362325776,1.11803398874989,2.56325423049595,0.751398209626909,1.26,0.296073333333333,0.38,0.005,0,0,95.0118413672738,0.927921622137686
straightOncoming,training,101,repeated_e1.5_t3_y0.1,1,,0,1000,2,0.0203337223999215,0.130588316757798,0.872743072473532,0.0574293886247179,0.466170794382708,0.831174390615512,0.11706354060712,0.0427099192409137,0.111234181304948,0.0501039393647542,0.197266666836668,3.17292514757007,4.31183115896781,0.0276140511305464,0.0890430835369107,1.41113936844897,1.78268426949119,1.6994832728188,3,0.0191972194485805,0.407915386078664,0.0421120283201911,0.0369115179873474,2.8492250435384,1.3125502626777,1.11803398874989,3.80565968048758,2.00280883918277,0.86,0.301626666666667,0.407,0.005,0,0,95.0118413672738,0.923342091995057
straightOncoming,training,101,repeated_e1.5_t3_y1,1,,0,1000,2,0.0203323033176143,0.1305881041703,0.86966913798707,0.0574154407242014,0.212456354124402,0.315780648676668,0.117037954353909,0.0486242304085198,0.125200205776785,0.0500850692033009,0.197169916427551,1.19297015600901,3.64929375359183,0.0276140511305464,0.0890430835369107,0.437245675377327,1.4498172487521,0.660459832335814,3,0.0191974085240824,0.107791630618252,0.0472205809408865,0.0369123616096666,0.422580523993575,0.139733098727622,1.11803398874989,3.78138341381098,2.00281290803621,0.84,0.299206666666667,0.374,0.005,0,0,95.0118413672738,0.539165525194985
straightOncoming,training,101,repeated_e1.5_t3_y3,1,,0,1000,2,0.0203321198618691,0.130588380126303,0.865694623213617,0.0574132333895542,0.107326537935161,0.131605180491683,0.117074417464264,0.0499636542467998,0.127577249987718,0.0500883642058355,0.197177919930304,0.465582235820152,1.67144756881986,0.0276140511305464,0.0890430835369107,0.28463073777267,0.457219845975504,0.191622655559484,3,0.0191971367046851,0.0856690718583094,0.0474158773790114,0.0369117217094116,0.40791640465562,0.27567362325776,1.11803398874989,3.73393593788256,2.00282407127715,0.86,0.296913333333333,0.375,0.005,0,0,95.0118413672738,0.396364954276321
straightOncoming,training,101,repeated_e1.5_t6_y0.1,1,,0,1000,2,0.0307398380990677,0.104145629365991,1.03359970035434,0.0759203680624704,0.477911248526212,0.829875025488493,0.355952335833944,0.131301357785905,0.447974653409478,0.122973740523449,0.386841740335051,3.12926628392575,4.60204225030813,0.0276140511305464,0.0890430835369107,1.41113936844897,1.78268426949119,1.6994832728188,3,0.0297886542756949,0.432268199926083,0.113191597504674,0.111411578677519,2.86674101247007,1.3125502626777,1.11803398874989,6.14702534391414,8.94471283984032,0.48,0.297866666666667,0.366,0.005,0,0,95.0118413672738,1.19585435334764
straightOncoming,training,101,repeated_e1.5_t6_y1,1,,0,1000,2,0.0307399837289173,0.104145073800855,1.03279721805166,0.0759217866949217,0.24621596503698,0.326245594162144,0.355957646662976,0.131535363892894,0.441393787393059,0.122974116203074,0.386840141581786,1.13862163855178,3.06760807623344,0.0276140511305464,0.0890430835369107,0.437245675377327,1.4498172487521,0.660459832335814,3,0.0297886621783557,0.184544436660928,0.114804380858077,0.111411654049742,0.583021524085085,0.139733098727622,1.11803398874989,6.14786858299214,8.94462606148219,0.48,0.299496666666667,0.371,0.005,0,0,95.0118413672738,0.798194892785317
straightOncoming,training,101,repeated_e1.5_t6_y3,1,,0,1000,2,0.0307400132067929,0.104144253321078,1.03114635299978,0.0759219404661242,0.186467791853141,0.199214043662491,0.355959675796247,0.130877197121217,0.435899113452313,0.122974436391462,0.386838842194308,0.574004758262762,1.58859432942541,0.0276140511305464,0.0890430835369107,0.28463073777267,0.457219845975504,0.191622655559484,3,0.0297886398635858,0.177533737355902,0.114919420508523,0.11141166250562,0.61490342741949,0.27567362325776,1.11803398874989,6.1477176453973,8.94445909511399,0.46,0.298486666666667,0.354,0.005,0,0,95.0118413672738,0.683955477962916
straightOncoming,training,101,repeated_e3_t1.5_y0.1,1,,0,1000,2,0.0518233699345964,0.175362703878516,0.951822827100186,0.0959115337160036,0.586321941316947,0.93670701131398,0.272652341734286,0.120209594407955,0.264715295778769,0.108114668016993,0.194218554305756,3.56423655654049,5.72333044388558,0.024406910004857,0.0804820895107285,1.395379344038,1.7182313906532,1.48835974110926,3,0.0383894353740263,0.463808126918503,0.0870434565562284,0.0815573867140596,3.03593602969079,1.31388176705576,1.11803398874989,4.3569812460745,0.751852008161775,2.14,0.298866666666667,0.391,0.005,0,0,95.0118413672738,1.47150019946997
straightOncoming,training,101,repeated_e3_t1.5_y1,1,,0,1000,2,0.0518136951526907,0.175360656821933,0.938796394716335,0.0959063808482584,0.313906870999754,0.352869888393177,0.27257194499725,0.133560547518774,0.288703616593404,0.108197251912969,0.19432837693747,1.25602388450225,3.52310148999138,0.024406910004857,0.0804820895107285,0.178077829233165,0.666452752835589,0.367996113326622,3,0.0383673085394033,0.184053633318158,0.0960035226039324,0.081646997483958,0.642711812347753,0.0592528574634887,1.11803398874989,4.18783590396102,0.752126783287463,1.24,0.299373333333333,0.512,0.005,0,0,95.0118413672738,1.0364628234649
straightOncoming,training,101,repeated_e3_t1.5_y3,1,,0,1000,2,0.0517384060827577,0.175344661011053,0.922615985835998,0.0958040550515277,0.238180481037416,0.206432822722611,0.272181290199576,0.136249490441597,0.296206589893558,0.108264801476731,0.194436521554522,0.595635404120359,1.2510223649233,0.024406910004857,0.0804820895107285,0.206313851427332,0.526510072226742,0.183030518579097,3,0.0382996432626695,0.16737267462543,0.0963378585206718,0.0817001148908103,0.496307287737795,0.0797474472273607,1.11803398874989,3.90881539767091,0.751711898406218,0.94,0.29686,0.515,0.005,0,0,95.0118413672738,0.909010122534844
straightOncoming,training,101,repeated_e3_t3_y0.1,1,,0,1000,2,0.0203349659813398,0.130583087200631,1.21118968559296,0.057442178581645,0.417222908198387,0.773275385663858,0.116909902350164,0.0765310691701825,0.279356921655131,0.0501029892925509,0.197262938192342,2.94304344189503,4.58596318223114,0.024406910004857,0.0804820895107285,1.395379344038,1.7182313906532,1.48835974110926,3,0.0191975363000062,0.36119025091795,0.0551769719626035,0.0369116562038533,2.65562217831207,1.31388176705576,1.11803398874989,5.74881376501605,2.00199497449029,1.74,0.298006666666667,0.37,0.005,0,0,95.0118413672738,0.945020486532768
straightOncoming,training,101,repeated_e3_t3_y1,1,,0,1000,2,0.0203338968162712,0.130583793963852,1.19721892312401,0.0574307338552347,0.157270495005556,0.191581458267747,0.116941384248819,0.0812696701092371,0.29854018529765,0.0500963983677384,0.197219821831471,0.665816781261717,2.38040245224115,0.024406910004857,0.0804820895107285,0.178077829233165,0.666452752835589,0.367996113326622,3,0.0191973346467178,0.106223037207348,0.0546178568952306,0.0369114336697294,0.363117922524415,0.0592528574634887,1.11803398874989,5.59802853658041,2.00204834634362,1.6,0.300093333333333,0.373,0.005,0,0,95.0118413672738,0.49904166463353
straightOncoming,training,101,repeated_e3_t3_y3,1,,0,1000,2,0.0203362505641207,0.130585000710948,1.18164955617487,0.0574555242771434,0.114018936719546,0.121210164947105,0.117034149608672,0.0826536036002487,0.307463530938691,0.0501351942281214,0.197403192313175,0.339124186899792,0.921138369193815,0.024406910004857,0.0804820895107285,0.206313851427332,0.526510072226742,0.183030518579097,3,0.0191964847294469,0.100721019393624,0.0546519809383589,0.0369088493300692,0.322756810613385,0.0797474472273607,1.11803398874989,5.35147290334974,2.00215826863586,1.2,0.300643333333333,0.374,0.005,0,0,95.0118413672738,0.436494550221663
straightOncoming,training,101,repeated_e3_t6_y0.1,1,,0,1000,2,0.030740213840601,0.104134463756482,1.39313078975375,0.0759252042485999,0.423450056987614,0.76847035113852,0.355963664407201,0.125500638270856,0.367134338512406,0.122973674451786,0.386840261310819,2.89588356415665,4.24074322589333,0.024406910004857,0.0804820895107285,1.395379344038,1.7182313906532,1.48835974110926,3,0.0297886537306285,0.389976784463247,0.118241028000416,0.111411495278701,2.67812606012127,1.31388176705576,1.11803398874989,7.9275741582145,8.93634315381931,1.2,0.296676666666667,0.357,0.005,0,0,95.0118413672738,1.13758012777905
straightOncoming,training,101,repeated_e3_t6_y1,1,,0,1000,2,0.0307403422426314,0.104133432139334,1.38266267952973,0.0759259523427167,0.197067229988899,0.217033783818316,0.355970005184427,0.125370774232559,0.357142117752765,0.12297446912752,0.386838403760475,0.677114857151914,1.78228166343987,0.024406910004857,0.0804820895107285,0.178077829233165,0.666452752835589,0.367996113326622,3,0.0297886524138232,0.187465867573257,0.117520450495706,0.111411557776932,0.566945345231227,0.0592528574634887,1.11803398874989,7.88356464226865,8.9365310142955,1.2,0.295026666666667,0.368,0.005,0,0,95.0118413672738,0.693567942321815
straightOncoming,training,101,repeated_e3_t6_y3,1,,0,1000,2,0.0307402283441877,0.104132850912665,1.3690756048121,0.0759240422873028,0.186258579716024,0.200777522738424,0.355967866884291,0.125457037854289,0.357146167097417,0.122974872957439,0.386837662061453,0.598977976873926,1.98880135012426,0.024406910004857,0.0804820895107285,0.206313851427332,0.526510072226742,0.183030518579097,3,0.0297886386792856,0.186662715318103,0.117544335510638,0.111411551618086,0.563981185085468,0.0797474472273607,1.11803398874989,7.79677987226296,8.93693028907899,0.88,0.296106666666667,0.331,0.005,0,0,95.0118413672738,0.67811195452524
straightOncoming,training,101,repeated_e6_t1.5_y0.1,1,,0,1000,2,0.0518401733118601,0.175364828957622,1.14604385719854,0.0959413664533265,0.598865961797926,0.953256853301714,0.272702239274418,0.162982331586993,0.391536496910302,0.108209834087852,0.194355474267393,3.600409183099,6.03519577610714,0.0340419046015383,0.191697092768732,1.43941127161268,1.75201377243741,1.54453476593491,3,0.0383931966841974,0.510732867575633,0.153997819881841,0.0816075368551232,3.17092648092229,1.35813961056726,1.11803398874989,7.33904046805234,0.752262926630442,2.44,0.295396666666667,0.342,0.005,0,0,95.0118413672738,1.56444823291239
straightOncoming,training,101,repeated_e6_t1.5_y1,1,,0,1000,2,0.0518092279110836,0.175358326121715,1.11769685640976,0.0959055725186808,0.351541743514281,0.405097845198007,0.272532946686645,0.170281573384511,0.389650585187303,0.108287228901397,0.19445911914999,1.41131898722694,3.98017526461224,0.0340419046015383,0.191697092768732,0.262620473671268,0.769608245642411,0.598976983036018,3,0.038358119689076,0.269553940487208,0.158167108700957,0.0816871702128978,0.919317525141118,0.123932668026288,1.11803398874989,7.10758038447259,0.752222569297552,1.16,0.294156666666667,0.334,0.005,0,0,95.0118413672738,1.14091922332525
straightOncoming,training,101,repeated_e6_t1.5_y3,1,,0,1000,2,0.0517171002941488,0.175339028463912,1.07813751320688,0.0957778431432354,0.29659412054013,0.294061896856601,0.272088873536593,0.171657453385991,0.389377229268819,0.108323174707654,0.194518606131957,0.91634444484616,2.36015574857635,0.0340419046015383,0.191697092768732,0.144695582710078,0.342343902107677,0.509406351032243,3,0.0382845210448177,0.249182760562638,0.158540113515891,0.0817125287933488,0.739507300585997,0.148793516592545,1.11803398874989,6.6662584842367,0.751374476373099,0.62,0.29597,0.347,0.005,0,0,95.0118413672738,1.0437547986827
straightOncoming,training,101,repeated_e6_t3_y0.1,1,,0,1000,2,0.0203386055759213,0.13058168591854,1.47008471635289,0.057473735415777,0.443209070701001,0.795930239341046,0.117055460682229,0.139748158328214,0.407205763156595,0.0501608810396698,0.197559352352066,2.99440210928365,4.9025994285214,0.0340419046015383,0.191697092768732,1.43941127161268,1.75201377243741,1.54453476593491,3,0.0191966144771767,0.415906132548168,0.139162839455661,0.0369089108802743,2.79389347327212,1.35813961056726,1.11803398874989,8.73868614145287,2.00133106169782,1.6,0.295783333333333,0.342,0.005,0,0,95.0118413672738,1.08176279427237
straightOncoming,training,101,repeated_e6_t3_y1,1,,0,1000,2,0.0203385536801585,0.130582482914876,1.43932335772946,0.0574746802516806,0.227094003082107,0.26311449871404,0.11708384359499,0.140046888930339,0.397403529680066,0.0501642025512022,0.197568016404269,0.85278711989121,2.84251729215148,0.0340419046015383,0.191697092768732,0.262620473671268,0.769608245642411,0.598976983036018,3,0.0191963293563374,0.212151374519003,0.137522013758147,0.0369082977600643,0.654155432312664,0.123932668026288,1.11803398874989,8.5142947573142,2.00139770022219,1.24,0.29619,0.336,0.005,0,0,95.0118413672738,0.654036738640504
straightOncoming,training,101,repeated_e6_t3_y3,1,,0,1000,2,0.0203421176631369,0.130583163862293,1.40000709856657,0.0575170129447896,0.201988955631529,0.202705926241123,0.117125578316598,0.14055492323419,0.397318963401876,0.0502071144353836,0.197779187387766,0.558054298334053,1.61648518109175,0.0340419046015383,0.191697092768732,0.144695582710078,0.342343902107677,0.509406351032243,3,0.0191956404354174,0.202821403313881,0.13758568047301,0.0369059317282812,0.572623587575692,0.148793516592545,1.11803398874989,8.08795608547468,2.00156875532541,0.8,0.298326666666667,0.368,0.005,0,0,95.0118413672738,0.596141882766559
straightOncoming,training,101,repeated_e6_t6_y0.1,1,,0,1000,2,0.0307407654640493,0.104112313879291,1.8712941688371,0.0759308653784973,0.449688444129195,0.791415292402769,0.35598810019749,0.170704123155919,0.57721220828723,0.122975443445714,0.386841424686189,2.94947977157104,4.5258231554435,0.0340419046015383,0.191697092768732,1.43941127161268,1.75201377243741,1.54453476593491,3,0.0297886706957804,0.440052526936573,0.169724453507627,0.111411440511161,2.81613078121112,1.35813961056726,1.11803398874989,11.8238982384607,8.92170369800557,1.16,0.29576,0.328,0.005,0,0,95.0118413672738,1.23871185526654
straightOncoming,training,101,repeated_e6_t6_y1,1,,0,1000,2,0.0307407903394458,0.104110950011181,1.83804339842599,0.0759299958103511,0.255951272457827,0.280136377800596,0.35599148827168,0.168774342722724,0.563633505532129,0.12297644815474,0.386839984076023,0.853635873870825,2.10242071989578,0.0340419046015383,0.191697092768732,0.262620473671268,0.769608245642411,0.598976983036018,3,0.029788671420873,0.259804348499343,0.167753730318763,0.111411517637093,0.783599220236529,0.123932668026288,1.11803398874989,11.6102338557666,8.92217022405055,1.16,0.297126666666667,0.336,0.005,0,0,95.0118413672738,0.81568376361407
straightOncoming,training,101,repeated_e6_t6_y3,1,,0,1000,2,0.0307405524532865,0.104112337142058,1.79678080463616,0.0759271974141092,0.24553566293116,0.247870263909492,0.355982949167765,0.168849657750296,0.56303950039627,0.122976145785893,0.386839094594617,0.692277507822618,2.01394949392502,0.0340419046015383,0.191697092768732,0.144695582710078,0.342343902107677,0.509406351032243,3,0.0297886569594884,0.253275650904164,0.167816972748439,0.111411525668737,0.727326989605659,0.148793516592545,1.11803398874989,11.2057155505215,8.92319360617393,0.88,0.29575,0.344,0.005,0,0,95.0118413672738,0.78356034159798
straightOncoming,training,102,lmi_e1.5_t1.5_y0.1,1,,0,1000,2,0.0298280315192472,0.173116480129881,2.57004700770442,0.0615109928602638,0.528596547692711,0.872854809461539,0.329437937575563,0.247432311487477,0.783548907130925,0.162582108349649,0.479043353048944,3.20301155606954,4.96824486060545,0.0310350276242751,0.225887054898276,1.5366230493688,1.85411142450457,1.60223459488292,3,0.0299279460068966,0.535469984360208,0.268491181327782,0.171471704145128,3.10113565299986,1.45161420637009,1.11803398874989,14.5183737870608,7.97326026698826,1.52,0.294896666666667,0.812,0.005,0,0,95.0118413672738,1.43374724938133
straightOncoming,training,102,lmi_e1.5_t1.5_y1,1,,0,1000,2,0.0298285454676771,0.173108240520529,2.49424510010208,0.0615107300269984,0.357031429977761,0.388269807285991,0.32931758792515,0.250857407209093,0.785393325116832,0.162579657464288,0.479070481435507,1.13350722877276,2.45981161336762,0.0310350276242751,0.225887054898276,0.341941642170256,0.960688415171888,0.579642062822115,3,0.0299286299974985,0.370203563751896,0.27105253889903,0.171473596986653,1.02401868073372,0.159499458850571,1.11803398874989,14.1856834537407,7.97407700223516,1.5,0.294473333333333,0.492,0.005,0,0,95.0118413672738,1.02670171484951
straightOncoming,training,102,lmi_e1.5_t1.5_y3,1,,0,1000,2,0.029829052240877,0.173106834075764,2.42926154074707,0.0615108163897137,0.342109442453509,0.342454963739347,0.329348424332531,0.251278170361209,0.784613476758402,0.162581322040414,0.479067183102721,0.888151268497138,2.32974990978846,0.0310350276242751,0.225887054898276,0.155363398641787,0.353995882720408,0.443256084718564,3,0.0299289047079803,0.363230932520958,0.271228359526521,0.171473816248442,0.934815955857533,0.117618836363227,1.11803398874989,13.6287295054198,7.97588907806509,1.44,0.292116666666667,0.321,0.005,0,0,95.0118413672738,0.978477116830615
straightOncoming,training,102,lmi_e1.5_t3_y0.1,1,,0,1000,2,0.0628092155322758,0.152075617337618,2.82863772773947,0.12858100899086,1.00488647534141,1.21295750789276,2.37400433218757,0.750936994993218,1.81785402961713,0.713185764434628,1.78797688613544,3.64311834890589,8.22101338572872,0.0310350276242751,0.225887054898276,1.5366230493688,1.85411142450457,1.60223459488292,3,0.0635873157717411,1.02160790111927,0.78095454262895,0.742999245585456,3.55068306121461,1.45161420637009,1.11803398874989,20.5052181084069,34.4274471265196,5.98,0.293553333333333,0.33,0.005,0,0,95.0118413672738,2.85858981509037
straightOncoming,training,102,lmi_e1.5_t3_y1,1,,0,1000,2,0.0628097604806664,0.15206503684623,2.80453283115357,0.128572531480524,0.93566858595932,0.945629116095996,2.37391714835266,0.751867687626556,1.8297459777479,0.713183329156859,1.78797471739325,2.19225761243938,5.30909227737347,0.0310350276242751,0.225887054898276,0.341941642170256,0.960688415171888,0.579642062822115,3,0.0635873674173686,0.95425577602984,0.781769570154468,0.742995124026471,2.12308306208493,0.159499458850571,1.11803398874989,20.377196773153,34.429050328755,5.98,0.294003333333333,0.319,0.005,0,0,95.0118413672738,2.57028450254765
straightOncoming,training,102,lmi_e1.5_t3_y3,1,,0,1000,2,0.0628098622409346,0.152037467167833,2.77335729431585,0.128572389725637,0.936225417348971,0.93995583818079,2.37391529959546,0.752409659414577,1.83318365850932,0.713181970493709,1.78797018572136,2.14908334425014,5.59180081943791,0.0310350276242751,0.225887054898276,0.155363398641787,0.353995882720408,0.443256084718564,3,0.0635872381482776,0.953510456564155,0.782403795343605,0.742993718695001,2.09820760478119,0.117618836363227,1.11803398874989,20.1235314072793,34.4325306872206,5.98,0.293593333333333,0.324,0.005,0,0,95.0118413672738,2.56273461008853
straightOncoming,training,102,lmi_e1.5_t6_y0.1,1,,0,1000,2,0.0907096500955389,0.156918351009722,4.29312898563454,0.209345741853951,2.63947741834051,2.72576597720623,13.9682262367039,1.85483950156555,5.37503511344545,1.85671766439169,5.15177816999177,7.6570854195696,19.3872284752638,0.0310350276242751,0.225887054898276,1.5366230493688,1.85411142450457,1.60223459488292,3,0.089083977801325,2.59494105126984,1.83776689389315,1.83378299827182,7.39500752286876,1.45161420637009,1.11803398874989,33.7773795954234,144.87657251951,Inf,0.29396,0.322,0.005,0,0,95.0118413672738,6.14819258800041
straightOncoming,training,102,lmi_e1.5_t6_y1,1,,0,1000,2,0.0907088475515851,0.157032901068056,4.25931455646996,0.209333312309599,2.61281915648502,2.61588926659838,13.9654906317708,1.85363829517388,5.3173454597019,1.85661592561855,5.15201135897152,7.0830541714544,19.6959322254577,0.0310350276242751,0.225887054898276,0.341941642170256,0.960688415171888,0.579642062822115,3,0.0890848008668584,2.56999608145305,1.83551408162007,1.83365864548002,6.85771975598757,0.159499458850571,1.11803398874989,33.7386272349259,144.878026664328,Inf,0.29385,0.325,0.005,0,0,95.0118413672738,6.03097590015448
straightOncoming,training,102,lmi_e1.5_t6_y3,1,,0,1000,2,0.0907068777942614,0.157186928766153,4.21834643732683,0.209328981075429,2.61334125832148,2.61460405895308,13.9645089211771,1.85459963599537,5.29535171740051,1.85658541394342,5.1520868504378,7.06455173774396,21.1458068383632,0.0310350276242751,0.225887054898276,0.155363398641787,0.353995882720408,0.443256084718564,3,0.0890850055295138,2.57039142171911,1.83641627110219,1.83364067308879,6.84941671406108,0.117618836363227,1.11803398874989,33.657695948457,144.881206161631,Inf,0.295833333333333,0.353,0.005,0,0,95.0118413672738,6.02917839748214
straightOncoming,training,102,lmi_e3_t1.5_y0.1,1,,0,1000,2,0.0298268804971113,0.17311702261786,2.84167868249167,0.0615131386317261,0.854828871572938,1.15612794314769,0.329911280452191,0.543622205507984,1.52625449608929,0.16259110110225,0.478891717400387,3.90996976444007,7.86108541736614,0.0473390014621216,0.670793312692676,1.72161218538327,2.08545944689272,2.43552051295547,3,0.0299305625422371,0.875065637602636,0.586645748027436,0.171462522061019,3.74496587172011,1.62735315366228,1.11803398874989,21.6226349158251,7.9649111836921,5.94,0.295693333333333,0.37,0.005,0,0,95.0118413672738,2.16750716887509
straightOncoming,training,102,lmi_e3_t1.5_y1,1,,0,1000,2,0.0298306295586422,0.173098574535123,2.73696035501228,0.0615124014129758,0.741349646459022,0.775833043639777,0.329683291768708,0.549421924024472,1.51972514516595,0.162584141008951,0.478957616634663,2.09416227984262,5.57415877654572,0.0473390014621216,0.670793312692676,0.50334194732517,1.49059969389689,1.81943541617794,3,0.029929887279445,0.772564176833464,0.592682291076117,0.171466376800173,1.92833798585132,0.245927282892305,1.11803398874989,20.9114798490506,7.96574481763373,5.94,0.294203333333333,0.319,0.005,0,0,95.0118413672738,1.81598259960389
straightOncoming,training,102,lmi_e3_t1.5_y3,1,,0,1000,2,0.0298330883511491,0.17309496997635,2.60759360093785,0.061512208368561,0.722798964074241,0.723483005010052,0.329626985698206,0.549932162818251,1.51972029689029,0.162581690523718,0.478978584660702,1.79569536431,4.93040785500023,0.0473390014621216,0.670793312692676,0.282682338143213,0.658061886191541,1.71386151792877,3,0.0299296932798331,0.765172993765771,0.593255287263146,0.171468161065289,1.84397906172867,0.276599451560631,1.11803398874989,19.7684994339478,7.96827848154422,5.94,0.293093333333333,0.324,0.005,0,0,95.0118413672738,1.75733428200999
straightOncoming,training,102,lmi_e3_t3_y0.1,1,,0,1000,2,0.062810424748666,0.152284972139883,4.02780863902316,0.128575591599549,1.26878099482717,1.48032192771667,2.37416215372777,0.965547040014569,2.43231511163251,0.713187724417453,1.78793243695287,4.32149317908788,9.78404569705906,0.0473390014621216,0.670793312692676,1.72161218538327,2.08545944689272,2.43552051295547,3,0.0635859523338389,1.32850747766394,1.043419618093,0.742997508494393,4.20906828709366,1.62735315366228,1.11803398874989,30.7620749662342,34.3465507992592,Inf,0.293736666666667,0.319,0.005,0,0,95.0118413672738,3.42349696333337
straightOncoming,training,102,lmi_e3_t3_y1,1,,0,1000,2,0.0628100575204753,0.152290328538136,3.87452289006833,0.128566549006659,1.20226308662887,1.21880309138117,2.37392890949647,0.972394596491166,2.4181885944992,0.713185348562367,1.78793906765391,2.82699147560246,6.8970170925995,0.0473390014621216,0.670793312692676,0.50334194732517,1.49059969389689,1.81943541617794,3,0.0635861818542673,1.27151280351883,1.0503950576068,0.742990781506593,2.77737789502103,0.245927282892305,1.11803398874989,30.243209270055,34.3468417331221,Inf,0.295453333333333,0.346,0.005,0,0,95.0118413672738,3.13828806330758
straightOncoming,training,102,lmi_e3_t3_y3,1,,0,1000,2,0.0628089619217116,0.152271042477161,3.68957266613207,0.128567041776935,1.19177123376383,1.18759706296632,2.3737563361312,0.973781279912838,2.41687522086779,0.713185489334928,1.78793533019008,2.60956938389169,6.17830994882972,0.0473390014621216,0.670793312692676,0.282682338143213,0.658061886191541,1.71386151792877,3,0.0635859340505667,1.2656655585861,1.0517611997759,0.742988663163758,2.68520634808806,0.276599451560631,1.11803398874989,29.1536999717655,34.3476640449061,Inf,0.295203333333333,0.329,0.005,0,0,95.0118413672738,3.09756605582113
straightOncoming,training,102,lmi_e3_t6_y0.1,1,,0,1000,2,0.090708849407198,0.158348864639466,4.86187765334776,0.209292781951061,2.7335079492972,2.83817880119883,13.9677931261254,1.91987243728704,5.69231578644563,1.85670754579688,5.15219884470723,8.02124828894564,21.2014544839545,0.0473390014621216,0.670793312692676,1.72161218538327,2.08545944689272,2.43552051295547,3,0.0890869292672922,2.67202050793722,1.89204891702251,1.83378217967239,7.68638312555886,1.62735315366228,1.11803398874989,44.1345248380171,144.580544071502,Inf,0.295956666666667,0.322,0.005,0,0,95.0118413672738,6.35108302643518
straightOncoming,training,102,lmi_e3_t6_y1,1,,0,1000,2,0.0907076536964499,0.158241811131642,4.80196773354441,0.209287277694861,2.70186289937233,2.70940522812782,13.9645517936525,1.91852771862158,5.62965627722949,1.85660509505081,5.15231443642877,7.35081325765866,20.0399005194278,0.0473390014621216,0.670793312692676,0.50334194732517,1.49059969389689,1.81943541617794,3,0.0890861303123486,2.64563944829962,1.88934024244331,1.83365555494838,7.08216163223863,0.245927282892305,1.11803398874989,43.8316021777101,144.583228012651,Inf,0.29626,0.332,0.005,0,0,95.0118413672738,6.2142946257394
straightOncoming,training,102,lmi_e3_t6_y3,1,,0,1000,2,0.0907049797557707,0.157884358659577,4.72347329738423,0.209291876167575,2.69849579672385,2.69874682228766,13.9630914067223,1.91833567935799,5.59380680513618,1.85658422011051,5.15231998136971,7.29145937975621,19.5103168177572,0.0473390014621216,0.670793312692676,0.282682338143213,0.658061886191541,1.71386151792877,3,0.0890850747845426,2.64645866158995,1.88837879187391,1.83365534866522,7.10341761815354,0.276599451560631,1.11803398874989,43.1907789000225,144.58924349552,Inf,0.298946666666667,0.324,0.005,0,0,95.0118413672738,6.20201303222492
straightOncoming,training,102,lmi_e6_t1.5_y0.1,1,,0,1000,2,0.0298310739128274,0.173160852479339,4.26603406978178,0.0615130035160302,2.63667819088255,2.79014741825641,0.330075926659441,1.57600566570764,4.74485280854224,0.162605657535329,0.478915365147422,8.92636688816925,24.5420746488294,0.0899867145709789,2.58429286179875,2.04767098695129,2.38839877094549,7.9014077775375,3,0.0299320971283062,2.45205547367131,1.53604224313072,0.171467720677718,8.12317996768856,1.95659152648531,1.11803398874989,38.6015820065551,7.98426358846205,Inf,0.297446666666667,0.328,0.005,0,0,95.0118413672738,5.2355954481774
straightOncoming,training,102,lmi_e6_t1.5_y1,1,,0,1000,2,0.0298301822685132,0.17316756730395,4.12179297997454,0.0615126677721009,2.59425998972636,2.62706038895339,0.329938016698987,1.60701415283029,4.7363754876984,0.162597648494302,0.478929096302053,8.00547094917287,22.2963063367994,0.0899867145709789,2.58429286179875,0.987386989496798,2.17632357406646,7.74560487745282,3,0.0299324100649123,2.40547535914639,1.56439844493431,0.171468752626964,7.08649422805611,0.67068208962795,1.11803398874989,37.7119086592699,7.9951659229808,Inf,0.29837,0.473,0.005,0,0,95.0118413672738,5.11342431818029
straightOncoming,training,102,lmi_e6_t1.5_y3,1,,0,1000,2,0.0298285868800809,0.173171001405716,3.98511169066796,0.0615124791323381,2.57738160062845,2.58470922884408,0.329810243147322,1.62115783442579,4.69620930326423,0.162589771412892,0.47894228667386,7.71960886804235,20.3248503194015,0.0899867145709789,2.58429286179875,0.802087736247919,2.71415247027253,7.68680817335559,3,0.0299328806763448,2.39422358154435,1.56765281901067,0.171470121345581,6.96924662718492,0.745868516882846,1.11803398874989,36.3595284311598,8.00823743458582,Inf,0.29423,0.348,0.005,0,0,95.0118413672738,5.08452331126085
straightOncoming,training,102,lmi_e6_t3_y0.1,1,,0,1000,2,0.0628030247995991,0.152104043643856,4.81678546317119,0.128562229035861,2.73888974062787,2.88199710297536,2.37339887968931,1.72832808370189,4.72673665570852,0.713166755722198,1.78772760044515,8.93248715860302,22.4284767145324,0.0899867145709789,2.58429286179875,2.04767098695129,2.38839877094549,7.9014077775375,3,0.0635794072872822,2.56607491155601,1.69910280205412,0.742984646280565,8.14521231815823,1.95659152648531,1.11803398874989,47.3832984005206,34.3337090482527,Inf,0.293846666666667,0.336,0.005,0,0,95.0118413672738,5.87118384712038
straightOncoming,training,102,lmi_e6_t3_y1,1,,0,1000,2,0.0628030030141715,0.152081982852845,4.69248167238657,0.128557383189748,2.70024968350574,2.72916263814355,2.37323624789764,1.75764616319325,4.72058388145007,0.713168257183111,1.78779231273789,8.02287236023342,20.1529093909854,0.0899867145709789,2.58429286179875,0.987386989496798,2.17632357406646,7.74560487745282,3,0.0635795103435729,2.52478933298281,1.72542172160125,0.742985229130281,7.13494393310191,0.67068208962795,1.11803398874989,46.3884614602495,34.3377600392267,Inf,0.296163333333333,0.662,0.005,0,0,95.0118413672738,5.7478968285749
straightOncoming,training,102,lmi_e6_t3_y3,1,,0,1000,2,0.0628019839358973,0.152061888940919,4.56004835920501,0.128561320778751,2.68640348641219,2.69345204180474,2.37307918824125,1.77226953767415,4.69607391533703,0.713169426347385,1.78783138121878,7.74799029224893,18.7850858719633,0.0899867145709789,2.58429286179875,0.802087736247919,2.71415247027253,7.68680817335559,3,0.0635786890866567,2.51510192922016,1.72905166870604,0.742985306498744,7.02134946885625,0.745868516882846,1.11803398874989,44.057503622148,34.3511218492058,Inf,0.297176666666667,0.499,0.005,0,0,95.0118413672738,5.72215697315706
straightOncoming,training,102,lmi_e6_t6_y0.1,1,,0,1000,2,0.0906861017390897,0.157689605579408,7.08007943200291,0.209547633631817,3.70797957153837,3.81480862489853,13.9498941481863,2.5157242674033,7.57305138085977,1.85665178740123,5.14893572527818,11.356752086938,30.6095416364174,0.0899867145709789,2.58429286179875,2.04767098695129,2.38839877094549,7.9014077775375,3,0.0890704599049171,3.43456842148264,2.37621373506481,1.83384780618551,10.2791006740396,1.95659152648531,1.11803398874989,65.2706849495527,145.464420361204,Inf,0.295973333333333,0.377,0.005,0,0,95.0118413672738,8.20965996958508
straightOncoming,training,102,lmi_e6_t6_y1,1,,0,1000,2,0.0906841972708518,0.157684893066362,6.97134458089943,0.209530990880512,3.68078867613926,3.69858661387675,13.9475717615878,2.53757297798171,7.68110433019003,1.8565547865656,5.14883601166586,10.6474974089647,28.2985128170639,0.0899867145709789,2.58429286179875,0.987386989496798,2.17632357406646,7.74560487745282,3,0.0890674823110527,3.40621537664219,2.38746258591956,1.83372639457116,9.57963458575148,0.67068208962795,1.11803398874989,64.6538241891144,145.970169058314,Inf,0.29796,0.418,0.005,0,0,95.0118413672738,8.11148741046488
straightOncoming,training,102,lmi_e6_t6_y3,1,,0,1000,2,0.0906790812450252,0.157586001815306,6.81032374630136,0.209543588494349,3.66621027118352,3.66346408794415,13.9460610795282,2.55719096864954,7.73132682260447,1.85649341446938,5.14846578627045,10.3120047724877,25.8549294665553,0.0899867145709789,2.58429286179875,0.802087736247919,2.71415247027253,7.68680817335559,3,0.0890672902697601,3.39564290740242,2.3903710774914,1.83370247959323,9.45558537901536,0.745868516882846,1.11803398874989,63.2178297946878,145.196127542113,Inf,0.302163333333333,0.498,0.005,0,0,95.0118413672738,8.08357370424687
straightOncoming,training,102,repeated_e1.5_t1.5_y0.1,1,,0,1000,2,0.0470282628486768,0.175545949866236,0.759366977024146,0.0838317753161114,0.608501284220094,0.970970394978939,0.246233872881702,0.112046436666637,0.232365537092127,0.107466063712701,0.199333017206342,3.69762519169136,5.36244045910671,0.0301051481072739,0.0934615606545962,1.42983310296658,1.79694378273098,1.71475247053402,3,0.0393189524918196,0.49721921786091,0.104425256336214,0.0871958791472872,3.17347966727269,1.33053751597612,1.11803398874989,2.75099503624241,0.61818915935627,1.2,0.29925,0.599,0.005,0,0,95.0118413672738,1.43390054015831
straightOncoming,training,102,repeated_e1.5_t1.5_y1,1,,0,1000,2,0.047036623802028,0.175547588811612,0.756086690341105,0.0838409181343191,0.362754284896592,0.46041759590451,0.246271471622075,0.126047659906045,0.255274690881681,0.107495241926436,0.199365438068597,1.69686153739284,4.31164006958062,0.0301051481072739,0.0934615606545962,0.444451818617546,1.48569626670914,0.684922438075853,3,0.0393251660502611,0.202668161470234,0.117084120706903,0.0872353533166721,0.65783054851942,0.12372257791657,1.11803398874989,2.66474046617769,0.618300057642481,1.2,0.298706666666667,0.459,0.005,0,0,95.0118413672738,1.06183386531094
straightOncoming,training,102,repeated_e1.5_t1.5_y3,1,,0,1000,2,0.0470263679075514,0.175545925246173,0.751211970747353,0.0838283832054831,0.243792264369438,0.227710107876984,0.246208442769806,0.129145702903695,0.26043578703133,0.107542226482099,0.199434282416384,0.717857062954587,2.37864296410279,0.0301051481072739,0.0934615606545962,0.289055977868771,0.52052687633804,0.211787715728315,3,0.0393175526911187,0.157821356592967,0.118214792506646,0.0872843799048356,0.255531371238576,0.268035770200103,1.11803398874989,2.53965457555326,0.61826792830076,1.2,0.295916666666667,0.339,0.005,0,0,95.0118413672738,0.872126497473821
straightOncoming,training,102,repeated_e1.5_t3_y0.1,1,,0,1000,2,0.0213780053545834,0.131595563659478,0.878315988044505,0.0455208386843129,0.467848490083233,0.836424835329087,0.131823522380847,0.0585211520021239,0.163367851184123,0.0585328626041712,0.160944491071721,3.19041358438868,4.44046041027875,0.0301051481072739,0.0934615606545962,1.42983310296658,1.79694378273098,1.71475247053402,3,0.0208794674965069,0.406932898246791,0.051401235647355,0.0427602634427645,2.8586848840004,1.33053751597612,1.11803398874989,3.81064578302707,2.16647335290715,0.86,0.298003333333333,0.385,0.005,0,0,95.0118413672738,0.968905074427818
straightOncoming,training,102,repeated_e1.5_t3_y1,1,,0,1000,2,0.0213774656365615,0.131595514133588,0.875260918324521,0.0455211625080708,0.220672908388433,0.325574072888527,0.131784816949532,0.0653097080355547,0.18086981985577,0.0585150221605116,0.160863783469534,1.21950134920444,3.59997862216779,0.0301051481072739,0.0934615606545962,0.444451818617546,1.48569626670914,0.684922438075853,3,0.0208794023649642,0.113448653679263,0.0563463840211614,0.0427599550744144,0.431616823210116,0.12372257791657,1.11803398874989,3.78209816545131,2.16647710649309,0.84,0.368476666666667,0.68,0.005,0,0,95.0118413672738,0.588294342277612
straightOncoming,training,102,repeated_e1.5_t3_y3,1,,0,1000,2,0.0213777510960603,0.131596055293906,0.871145095092035,0.0455211800758943,0.119193005311346,0.145946044149722,0.13180811983668,0.0666513366204409,0.183699357845921,0.0585188352829408,0.1608694598536,0.496405587069007,1.66401747193358,0.0301051481072739,0.0934615606545962,0.289055977868771,0.52052687633804,0.211787715728315,3,0.0208795695442794,0.0907752768786297,0.0566784400955192,0.042760256084255,0.404284200281597,0.268035770200103,1.11803398874989,3.74508655321774,2.16648872110534,0.86,0.302233333333333,0.398,0.005,0,0,95.0118413672738,0.446361301615286
straightOncoming,training,102,repeated_e1.5_t6_y0.1,1,,0,1000,2,0.0353854074399169,0.10925137275955,1.04969397839232,0.0720022855666131,0.488795783765692,0.840464215845468,0.407142334870797,0.15253060421571,0.373043925306746,0.147276838045947,0.4238068998404,3.15762982793417,5.17964448905715,0.0301051481072739,0.0934615606545962,1.42983310296658,1.79694378273098,1.71475247053402,3,0.0346938064031321,0.450922091926096,0.149368472794472,0.149298120267432,2.90693118213389,1.33053751597612,1.11803398874989,6.22427018825325,9.47254358964598,0.46,0.299633333333333,0.346,0.005,0,0,95.0118413672738,1.29044124841742
straightOncoming,training,102,repeated_e1.5_t6_y1,1,,0,1000,2,0.035385506718051,0.109251712448439,1.04902069631862,0.0720009454195369,0.271141742919198,0.349851851032579,0.407140586293323,0.153620140204525,0.360499876675293,0.147276772694085,0.423807206830659,1.19986499395499,3.36916137672114,0.0301051481072739,0.0934615606545962,0.444451818617546,1.48569626670914,0.684922438075853,3,0.0346938110186873,0.222079549946895,0.149833443477007,0.149297973210543,0.665643622025379,0.12372257791657,1.11803398874989,6.22545623239307,9.47244145570282,0.46,0.301963333333333,0.36,0.005,0,0,95.0118413672738,0.901068346380559
straightOncoming,training,102,repeated_e1.5_t6_y3,1,,0,1000,2,0.0353855733807969,0.109251923078913,1.04741261805407,0.0720009772410588,0.215375999860775,0.229162645489567,0.407140875114849,0.153483400132207,0.368842882048199,0.147276822693444,0.423807569715137,0.650321935763969,1.63249764985737,0.0301051481072739,0.0934615606545962,0.289055977868771,0.52052687633804,0.211787715728315,3,0.0346938009007982,0.209701740791779,0.149905759178305,0.149297991938136,0.632330172378269,0.268035770200103,1.11803398874989,6.22602277572429,9.4722455448253,0.46,0.306753333333333,0.468,0.005,0,0,95.0118413672738,0.790886921225178
straightOncoming,training,102,repeated_e3_t1.5_y0.1,1,,0,1000,2,0.0470671409784401,0.175551860886045,0.957778328557219,0.083892192164875,0.558545941384746,0.913153938859513,0.246422487134003,0.125275710274929,0.271320554485319,0.107609903260855,0.199545240141134,3.47016870060644,5.40914073294186,0.0253439147854161,0.0867252737036852,1.41427366630492,1.73508482564115,1.51106961052877,3,0.0393468565317071,0.438539245952585,0.0967085745749252,0.0873149095768723,2.95290919492944,1.33290217477196,1.11803398874989,4.29577753736069,0.618746330480175,1.82,0.300203333333333,0.388,0.005,0,0,95.0118413672738,1.41525657045555
straightOncoming,training,102,repeated_e3_t1.5_y1,1,,0,1000,2,0.0470592105680593,0.175550792868814,0.944642955509185,0.0838821608986356,0.289178290865912,0.327954856911223,0.24637007237958,0.13788333502486,0.287170806310522,0.107673118362255,0.199631046483425,1.14358935418302,3.26988665016095,0.0253439147854161,0.0867252737036852,0.180031520462138,0.710126618678109,0.401612865239767,3,0.039341305790452,0.16464875818961,0.104806952394561,0.0873840181381522,0.53218852352913,0.0579084817225477,1.11803398874989,4.08698666721009,0.618748017026831,0.94,0.303123333333333,0.527,0.005,0,0,95.0118413672738,0.975076646566917
straightOncoming,training,102,repeated_e3_t1.5_y3,1,,0,1000,2,0.0470199996438214,0.175544364945482,0.928611589176661,0.083835578234801,0.212249115079875,0.182698149270442,0.246167232517843,0.140151938755805,0.288029020607393,0.107729339058584,0.199717906910884,0.449897448270689,0.959624336415238,0.0253439147854161,0.0867252737036852,0.230766352751057,0.583487260642117,0.166578162559756,3,0.0393146304368074,0.152501223012704,0.105033580395518,0.0874330453470633,0.410867619462213,0.0552087140003096,1.11803398874989,3.82508349190594,0.618375610385254,0.94,0.302526666666667,0.514,0.005,0,0,95.0118413672738,0.840483363603963
straightOncoming,training,102,repeated_e3_t3_y0.1,1,,0,1000,2,0.0213762157805907,0.131580596553651,1.2193024226096,0.0455209489558418,0.422558460933877,0.781377394452013,0.131668900971166,0.0901023567235453,0.201825440403095,0.0585266320879884,0.160918735426833,2.96995118106173,4.65104190868079,0.0253439147854161,0.0867252737036852,1.41427366630492,1.73508482564115,1.51106961052877,3,0.0208786227328578,0.356397761660219,0.0709890288852827,0.0427601071466152,2.64947779435567,1.33290217477196,1.11803398874989,5.77351184510574,2.16538463782901,1.82,0.320966666666667,0.507,0.005,0,0,95.0118413672738,0.987957107465344
straightOncoming,training,102,repeated_e3_t3_y1,1,,0,1000,2,0.0213762265880326,0.131582054127283,1.20514207658537,0.0455212314647909,0.171176727487537,0.20565110573398,0.131673095712447,0.0960301945142488,0.219821525425177,0.0585196286735747,0.160875428853,0.697822566874024,2.54566148171705,0.0253439147854161,0.0867252737036852,0.180031520462138,0.710126618678109,0.401612865239767,3,0.0208787606818835,0.10722389567512,0.0712315934889097,0.0427602153115739,0.320153252727661,0.0579084817225477,1.11803398874989,5.64880891347148,2.16545687500703,1.5,0.325006666666667,0.578,0.005,0,0,95.0118413672738,0.545387168283629
straightOncoming,training,102,repeated_e3_t3_y3,1,,0,1000,2,0.0213773615030478,0.131585141464969,1.18939213110723,0.045521249925271,0.124590508855401,0.132473983997451,0.131760435265301,0.0973595820032067,0.228701395073497,0.0585574046594849,0.161026095459256,0.343814588550794,0.894495505015987,0.0253439147854161,0.0867252737036852,0.230766352751057,0.583487260642117,0.166578162559756,3,0.0208791101929467,0.103978394493293,0.0712581418105886,0.0427613127448683,0.285907874616394,0.0552087140003096,1.11803398874989,5.43817772365845,2.16560382840799,0.88,0.309756666666667,0.543,0.005,0,0,95.0118413672738,0.47725569674705
straightOncoming,training,102,repeated_e3_t6_y0.1,1,,0,1000,2,0.0353856089436076,0.109230315796065,1.40772286721786,0.0720021942398572,0.44215973468623,0.784087071169506,0.407148421348527,0.157930782636058,0.405937490255262,0.147276983672397,0.423805452745331,2.93560831790987,4.85933304180143,0.0253439147854161,0.0867252737036852,1.41427366630492,1.73508482564115,1.51106961052877,3,0.0346937876272671,0.405877037148051,0.157833649027897,0.149297975848129,2.70131480711759,1.33290217477196,1.11803398874989,7.98009896168564,9.46260509257376,1.2,0.299916666666667,0.409,0.005,0,0,95.0118413672738,1.25683931829017
straightOncoming,training,102,repeated_e3_t6_y1,1,,0,1000,2,0.0353857577036517,0.109231746358486,1.39742722235309,0.0720009803377498,0.23533699782394,0.25457307821667,0.407147648012393,0.159481231663821,0.4249966682573,0.147276948726731,0.423806116363536,0.758979990619904,2.05781715743407,0.0253439147854161,0.0867252737036852,0.180031520462138,0.710126618678109,0.401612865239767,3,0.0346937878340217,0.218852797943763,0.157310449372539,0.149297845200187,0.592032563296214,0.0579084817225477,1.11803398874989,7.92649032739059,9.46282715559516,1.2,0.30189,0.398,0.005,0,0,95.0118413672738,0.82461603848814
straightOncoming,training,102,repeated_e3_t6_y3,1,,0,1000,2,0.0353857886708257,0.109233534157527,1.3840142316291,0.0720009950866044,0.221196107249274,0.233991043894854,0.407147691075462,0.159760378931617,0.427364603031679,0.147276985958744,0.42380635924448,0.653459650251263,1.72541463288761,0.0253439147854161,0.0867252737036852,0.230766352751057,0.583487260642117,0.166578162559756,3,0.0346937861738934,0.217001092576158,0.157366625980375,0.149297864396555,0.570717037864156,0.0552087140003096,1.11803398874989,7.82949457991905,9.46329902434931,0.88,0.311253333333333,0.571,0.005,0,0,95.0118413672738,0.804070574621742
straightOncoming,training,102,repeated_e6_t1.5_y0.1,1,,0,1000,2,0.047065129615189,0.175550688460132,1.14703542699823,0.083893631338738,0.563800451693964,0.922989087839668,0.246413973524912,0.17019931083053,0.421436701823202,0.107642248371952,0.199587553473179,3.47846550674861,5.41403306204225,0.0332021967066473,0.182343316300583,1.45828362793058,1.76211823086364,1.5212536223109,3,0.039346247982717,0.483129530120274,0.161910290275238,0.0873312591832987,3.08220918242895,1.37800418138754,1.11803398874989,7.00103057892445,0.618747619950257,2.4,0.319543333333333,0.575,0.005,0,0,95.0118413672738,1.50674301916267
straightOncoming,training,102,repeated_e6_t1.5_y1,1,,0,1000,2,0.0470425248571168,0.175548016890268,1.11941979453184,0.0838663829676459,0.317151974351123,0.367063322121912,0.246300338382269,0.178518239921214,0.445093535426976,0.107698964831312,0.199664584417388,1.23119548907022,3.19280238384999,0.0332021967066473,0.182343316300583,0.253574074983684,0.73732102141401,0.529438493883021,3,0.0393324234809477,0.246341287454588,0.167756748217757,0.0873923788918186,0.785366127783763,0.129015665241593,1.11803398874989,6.78256234733871,0.618511249432815,1.82,0.307613333333333,0.497,0.005,0,0,95.0118413672738,1.07370082622764
straightOncoming,training,102,repeated_e6_t1.5_y3,1,,0,1000,2,0.0469964806087796,0.175541496604294,1.08140995011897,0.0838109291184875,0.265027821196889,0.260684450009317,0.246075999613594,0.179558686989302,0.447418231643422,0.107733104970529,0.199718435315837,0.725616711298366,1.99729336351891,0.0332021967066473,0.182343316300583,0.138912316059635,0.3639586825004,0.438646176290548,3,0.0393026307736666,0.231825201026934,0.168051894908673,0.0874227979638789,0.628199137803493,0.0924133054605871,1.11803398874989,6.36842134805089,0.617961601688096,0.66,0.300986666666667,0.388,0.005,0,0,95.0118413672738,0.974205522326074
straightOncoming,training,102,repeated_e6_t3_y0.1,1,,0,1000,2,0.0213779881550683,0.131569759099003,1.47948687236301,0.0455209839161025,0.441420866844886,0.79777589184562,0.1317909604366,0.155680058313084,0.419004621653885,0.0585665060917798,0.161094640225858,2.99276408188731,4.50341684855763,0.0332021967066473,0.182343316300583,1.45828362793058,1.76211823086364,1.5212536223109,3,0.0208790018318647,0.412381366210679,0.159595069938196,0.0427609698779706,2.78379707543503,1.37800418138754,1.11803398874989,8.46991895889041,2.16438678466303,1.84,0.305516666666667,0.494,0.005,0,0,95.0118413672738,1.12369281455431
straightOncoming,training,102,repeated_e6_t3_y1,1,,0,1000,2,0.0213779653881676,0.131573228302003,1.44892275954851,0.0455212713640091,0.228284156134092,0.261304421224156,0.131794187963419,0.158739646578963,0.424910741378953,0.0585679927083639,0.161090716495277,0.794861299561875,2.33952429555496,0.0332021967066473,0.182343316300583,0.253574074983684,0.73732102141401,0.529438493883021,3,0.0208791180261621,0.212957159045698,0.160674242882287,0.0427612246063717,0.58058610601971,0.129015665241593,1.11803398874989,8.2523285919292,2.16449722015758,1.22,0.302393333333333,0.55,0.005,0,0,95.0118413672738,0.690231206951977
straightOncoming,training,102,repeated_e6_t3_y3,1,,0,1000,2,0.0213786714149846,0.131579584457268,1.41012992514981,0.0455213038072418,0.205998042816563,0.206736696842559,0.131851595703039,0.159176466053251,0.425090212262882,0.0586101140965013,0.161268483523553,0.504366932799205,1.34522791491704,0.0332021967066473,0.182343316300583,0.138912316059635,0.3639586825004,0.438646176290548,3,0.020879331449717,0.208419651803913,0.160769153709979,0.0427622784325658,0.513890381636355,0.0924133054605871,1.11803398874989,7.85226972408789,2.16475609747717,0.82,0.30389,0.396,0.005,0,0,95.0118413672738,0.633013032816188
straightOncoming,training,102,repeated_e6_t6_y0.1,1,,0,1000,2,0.0353860672556145,0.10920379638185,1.89179989242049,0.0720023077348579,0.469035128809298,0.805345171497363,0.40716102344997,0.211800855631784,0.590684236963773,0.147276984769103,0.423807157602926,2.96988826013903,4.69701745419206,0.0332021967066473,0.182343316300583,1.45828362793058,1.76211823086364,1.5212536223109,3,0.0346937843047205,0.463259322383598,0.222349252667002,0.149298057300789,2.84083887279573,1.37800418138754,1.11803398874989,11.7304886715993,9.44468119342288,1.82,0.297606666666667,0.361,0.005,0,0,95.0118413672738,1.37144003584752
straightOncoming,training,102,repeated_e6_t6_y1,1,,0,1000,2,0.0353861713888537,0.10920496655216,1.85895942339353,0.0720010479789505,0.293255661952999,0.31288266515473,0.407158614443939,0.21335141630321,0.603185160062075,0.14727694807108,0.423807874630409,0.874911770995927,2.10190157217256,0.0332021967066473,0.182343316300583,0.253574074983684,0.73732102141401,0.529438493883021,3,0.0346937870602492,0.298179908848037,0.223078301293932,0.149297928655426,0.794913165885678,0.129015665241593,1.11803398874989,11.5286193779484,9.4452759348505,1.08,0.298973333333333,0.368,0.005,0,0,95.0118413672738,0.955546900694143
straightOncoming,training,102,repeated_e6_t6_y3,1,,0,1000,2,0.0353860545312634,0.109208542639813,1.81779470010605,0.0720010235093508,0.286424324526488,0.289538878291139,0.407154907024444,0.21359852665691,0.603447978192358,0.147276964952014,0.423807819398558,0.746052732686331,2.22827422075223,0.0332021967066473,0.182343316300583,0.138912316059635,0.3639586825004,0.438646176290548,3,0.0346937846894157,0.295127712404601,0.22321719256654,0.149297932504298,0.748878887862034,0.0924133054605871,1.11803398874989,11.1476250954057,9.44657072965343,0.9,0.298396666666667,0.379,0.005,0,0,95.0118413672738,0.930268145163719
circularCrossing,training,101,lmi_e1.5_t1.5_y0.1,1,,0,1000,2,0.0282107400836374,0.167734843186406,1.95628238356703,0.0618718580452117,0.493396935113779,0.853330444332338,0.289821618236605,0.227508542388291,0.769923659326547,0.136070472678606,0.383516390280768,3.1387742827557,4.75573930178093,0.0319439451680202,0.231452490909721,1.56244018570908,1.85961336445824,1.59886098095463,3,0.0290291437571827,0.495388154538435,0.242335929855507,0.136347356670299,3.04645794043632,1.50926135963894,1.11803398874989,14.2414305296115,7.51674263611004,5.12,0.376243333333333,1.024,0.005,0,0,90,1.3648793421641
circularCrossing,training,101,lmi_e1.5_t1.5_y1,1,,0,1000,2,0.028178417806599,0.167711293783245,2.11375578667731,0.0617218406606186,1.26394388357437,2.4908942897741,0.292569264829791,0.232923066558018,0.632606261610221,0.136133195480416,0.384274479938952,9.46655519111957,21.4303470872471,0.0319439451680202,0.231452490909721,4.76869950914006,10.7107195259612,4.72414091284798,3,0.0290447570741635,0.708486344388241,0.23918577653712,0.136377554533183,4.95777762446001,2.48970969635163,1.11803398874989,13.2520219483694,7.52180743132105,3.72,0.368013333333333,0.527,0.005,0,0,90,2.64094134940594
circularCrossing,training,101,lmi_e1.5_t1.5_y3,1,,0,1000,2,0.0281615374558626,0.167777935807668,2.80077850043209,0.0619490691264651,0.762431189253249,1.45729507844593,0.294827465056993,0.211869854002708,0.753959858275943,0.13628689372073,0.385248403130966,5.52792971130569,14.0943234835859,0.0319439451680202,0.231452490909721,2.77445244817186,7.32886085702178,2.74122581138372,3,0.0290579936329077,0.654120014723156,0.225450580050941,0.136438812833882,4.43155799023564,2.15043745592737,1.11803398874989,16.891739700625,7.53365339624956,5.92,0.371463333333333,0.509,0.005,0,0,90,1.81094102482518
circularCrossing,training,101,lmi_e1.5_t3_y0.1,1,,0,1000,2,0.0455256199432873,0.139326008115921,2.21418621390697,0.125314037734942,0.79374406048828,1.0584440228684,1.80168254336683,0.459164119215852,1.37430387663517,0.429892991721881,1.62030408547329,3.65090853048256,9.01080138487234,0.0319439451680202,0.231452490909721,1.56244018570908,1.85961336445824,1.59886098095463,3,0.042939473043676,0.733770340210908,0.416773629833456,0.370812891671357,3.4287162161811,1.50926135963894,1.11803398874989,19.7910848237752,33.1280662848043,5.72,0.378283333333333,0.81,0.005,0,0,90,2.10376614396109
circularCrossing,training,101,lmi_e1.5_t3_y1,1,,0,1000,2,0.0455184593539588,0.139301671507335,2.26329846026526,0.125206178012762,1.43249424257911,2.59265062210506,1.80061192163397,0.460361419555308,1.48588103840515,0.429903345758512,1.62046883837871,9.76127974317824,26.1367365663339,0.0319439451680202,0.231452490909721,4.76869950914006,10.7107195259612,4.72414091284798,3,0.042938868634863,0.888986161986741,0.414897253342755,0.370804415082576,5.19936096262477,2.48970969635163,1.11803398874989,19.3184347401167,33.1644618386795,5.44,0.36299,0.535,0.005,0,0,90,3.32816338128585
circularCrossing,training,101,lmi_e1.5_t3_y3,1,,0,1000,2,0.045513628625316,0.139289857243508,2.8680095731615,0.1251184195884,0.999697687120475,1.59919766066336,1.80024798904878,0.466123692487788,1.38536290979916,0.429907682116336,1.62044844923776,5.89073032196134,15.2385137296918,0.0319439451680202,0.231452490909721,2.77445244817186,7.32886085702178,2.74122581138372,3,0.0429392256552303,0.86088871102114,0.428995517936432,0.37081733844171,4.71992063513884,2.15043745592737,1.11803398874989,18.5082058509756,33.2446081839266,5.92,0.36405,0.554,0.005,0,0,90,2.565529735621
circularCrossing,training,101,lmi_e1.5_t6_y0.1,1,,0,1000,2,0.0923247455729222,0.157134976917856,3.85013734782643,0.221626391428825,2.69511230103909,2.77592566742557,14.2922673830989,2.06058989357569,5.30180298970101,2.0404613794523,5.48753593975302,7.31844724818265,22.4093357938882,0.0319439451680202,0.231452490909721,1.56244018570908,1.85961336445824,1.59886098095463,3,0.0857068462625239,2.5856140060916,1.78082059307711,1.7172196522271,7.78251750257159,1.50926135963894,1.11803398874989,34.388477219435,150.402511520433,6,0.36554,0.57,0.005,0,0,90,6.50811669251714
circularCrossing,training,101,lmi_e1.5_t6_y1,1,,0,1000,2,0.0923098886276847,0.157163385843692,3.81013936650037,0.22124478639208,2.91718401635613,3.59984533345033,14.3192356813428,2.01860352209273,5.39682267617125,2.04118518911804,5.49209455946502,11.7999087549625,32.9357058509618,0.0319439451680202,0.231452490909721,4.76869950914006,10.7107195259612,4.72414091284798,3,0.0857015920372935,2.64039191028255,1.75702160571227,1.71761601030362,8.97387231868074,2.48970969635163,1.11803398874989,34.1807788386909,150.490262638112,Inf,0.36618,0.618,0.005,0,0,90,7.3202876814548
circularCrossing,training,101,lmi_e1.5_t6_y3,1,,0,1000,2,0.0923091269550404,0.15730711037125,4.24837665335528,0.221524701233288,2.75555189628835,3.01656086718472,14.2987059843742,2.05114551885168,5.28146185193067,2.04070585015233,5.48801935061059,8.69732086444353,26.5866921933382,0.0319439451680202,0.231452490909721,2.77445244817186,7.32886085702178,2.74122581138372,3,0.0857008891143887,2.62844691011376,1.77854910461862,1.71742657234878,8.48668555129546,2.15043745592737,1.11803398874989,33.7866998684096,150.685677182395,Inf,0.35732,0.557,0.005,0,0,90,6.76484648014247
circularCrossing,training,101,lmi_e3_t1.5_y0.1,1,,0,1000,2,0.0282236855725801,0.167633653384017,2.34082167669926,0.061901570389625,0.893981532874013,1.22365086989085,0.289925227604374,0.575458537944826,1.74409097131906,0.136122202880795,0.383747731329219,4.1179380138981,9.07953212561107,0.0493440882155059,0.727656108715724,1.86640970347631,2.75468399652518,2.56602246405887,3,0.0290326492357368,0.950133942194076,0.612077880498715,0.136377125969519,4.40166575666538,1.98218749599449,1.11803398874989,21.9510046730982,7.48311284889599,Inf,0.35987,0.575,0.005,0,0,90,2.25674153439507
circularCrossing,training,101,lmi_e3_t1.5_y1,1,,0,1000,2,0.028171883967199,0.167692537543884,2.42436448363177,0.0617667493000164,1.85587643037362,3.48260147209837,0.294202965743174,0.719710869557559,1.91364520263759,0.136247133864998,0.384955940367448,12.8810272429846,25.9784990200313,0.0493440882155059,0.727656108715724,6.5682672565927,14.4876206287539,6.71436205774653,3,0.0290582584242828,1.72513242736009,0.787692938549468,0.13643791077832,11.4237248716515,5.8360032567142,1.11803398874989,21.3903808830422,7.48464231302097,Inf,0.35753,0.615,0.005,0,0,90,4.29734602738403
circularCrossing,training,101,lmi_e3_t1.5_y3,1,,0,1000,2,0.0281824912251133,0.167813274072411,2.90635161104161,0.0619760517895918,2.15001014880156,4.10756715457071,0.292107723733325,0.967413358889462,2.64881830869885,0.136247570068639,0.384633054142569,14.7650784567407,38.8508855193239,0.0493440882155059,0.727656108715724,7.82402724106157,21.2635683311024,7.90809786236469,3,0.0290493388767854,2.36857616483714,1.07552156069695,0.136434771422421,16.2103565262447,8.58938420071636,1.11803398874989,20.2442670799493,7.48765115658814,Inf,0.359346666666667,0.6,0.005,0,0,90,5.1696673213782
circularCrossing,training,101,lmi_e3_t3_y0.1,1,,0,1000,2,0.0455221314240872,0.139538418126711,3.28376417636965,0.125257430126651,1.06374179712284,1.35557140772125,1.80136331535975,0.703776640676632,1.71525026517079,0.429925693565499,1.6203275250374,4.41540079208936,10.087758860885,0.0493440882155059,0.727656108715724,1.86640970347631,2.75468399652518,2.56602246405887,3,0.0429408493206488,1.09626804914356,0.692377361984757,0.370818767102733,4.68621289751824,1.98218749599449,1.11803398874989,30.9499080893971,32.8360837828208,Inf,0.357216666666667,0.581,0.005,0,0,90,2.74585475401201
circularCrossing,training,101,lmi_e3_t3_y1,1,,0,1000,2,0.0455155805191578,0.139622706545827,3.35000443343129,0.125165030473669,1.97475752315962,3.56208599898632,1.80033540971424,0.833767536350235,2.20582022957269,0.429950253275305,1.62046920073229,13.1116794399365,30.89585523572,0.0493440882155059,0.727656108715724,6.5682672565927,14.4876206287539,6.71436205774653,3,0.0429406309143369,1.8133851089314,0.867732952158177,0.370823652892697,11.5176451483139,5.8360032567142,1.11803398874989,30.3753375258601,32.8403589031015,Inf,0.366493333333333,0.516,0.005,0,0,90,4.74502676587935
circularCrossing,training,101,lmi_e3_t3_y3,1,,0,1000,2,0.0455316945183912,0.139719052221908,3.8501414564603,0.125415917513249,2.25763917845723,4.17427594780215,1.80215855381532,1.08597496047349,3.1713029012509,0.429952804714833,1.62026742777164,14.9013766609311,41.3023735581684,0.0493440882155059,0.727656108715724,7.82402724106157,21.2635683311024,7.90809786236469,3,0.0429413430866343,2.44833730777923,1.15872234520027,0.370851340012282,16.2871812727126,8.58938420071636,1.11803398874989,29.2044923547249,32.8507780150375,Inf,0.366716666666667,0.656,0.005,0,0,90,5.60754219831711
circularCrossing,training,101,lmi_e3_t6_y0.1,1,,0,1000,2,0.0923109812644505,0.157143485982171,4.38714173560243,0.221632051946429,2.78834639724243,2.90582182671671,14.2801426023204,2.11458938308105,5.99889147306126,2.04030062159926,5.48605787558519,7.85426607089617,25.0643637870348,0.0493440882155059,0.727656108715724,1.86640970347631,2.75468399652518,2.56602246405887,3,0.0856985955313661,2.68384823543896,1.81893491678767,1.71717138621498,8.51390802913394,1.98218749599449,1.11803398874989,44.2865814025509,149.444129885208,Inf,0.369283333333333,0.575,0.005,0,0,90,6.72314179298584
circularCrossing,training,101,lmi_e3_t6_y1,1,,0,1000,2,0.0922988253800692,0.15704178348128,4.43850036102334,0.221393925624841,3.22964652701638,4.3704249705454,14.3037534649843,2.1058145061012,6.2031214702346,2.04080765211147,5.49211808340348,14.8905466989818,31.2218318352971,0.0493440882155059,0.727656108715724,6.5682672565927,14.4876206287539,6.71436205774653,3,0.085698003803561,3.06905542258671,1.84146384066631,1.71734145240001,13.9418463094584,5.8360032567142,1.11803398874989,43.8554313835375,149.475360389764,Inf,0.365806666666667,0.525,0.005,0,0,90,8.11272660579946
circularCrossing,training,101,lmi_e3_t6_y3,1,,0,1000,2,0.092322073517442,0.1573539945901,4.8866990018973,0.222037380745947,3.48672311016123,5.00197030259411,14.2556965191606,2.2477646054662,6.22025294200803,2.03947643745661,5.48756874880092,16.7027593976235,39.7453991465551,0.0493440882155059,0.727656108715724,7.82402724106157,21.2635683311024,7.90809786236469,3,0.0857092241909133,3.53447435116143,1.9915340641797,1.71649979917473,18.3393725168039,8.58938420071636,1.11803398874989,42.9671262467118,149.546558210729,Inf,0.357976666666667,0.636,0.005,0,0,90,8.75930182563151
circularCrossing,training,101,lmi_e6_t1.5_y0.1,1,,0,1000,2,0.0282224233855334,0.167794137285572,4.19476884571983,0.0618182441903079,2.89927451130647,3.05737585693125,0.290277978713765,1.92269492952234,5.56373038310954,0.136101647129781,0.383727181238395,9.08204204154793,27.2564371094122,0.0998073932627416,2.82521608190059,2.10897300346077,4.04806608553149,8.52419512631235,3,0.0290294703351596,2.99068664343999,2.12682443887116,0.13637400006212,8.53483033112932,1.61985775931283,1.11803398874989,39.2485671551919,7.52245158214798,Inf,0.35787,0.601,0.005,0,0,90,5.9440225012096
circularCrossing,training,101,lmi_e6_t1.5_y1,1,,0,1000,2,0.0283170425197484,0.167748595581318,6.00818107969932,0.0605914028932131,8.56258108562671,16.3081635345518,0.31805078012506,5.44723397463852,11.2930932259082,0.136399459254355,0.382439358876233,52.7922246392483,78.2483981083757,0.0998073932627416,2.82521608190059,31.3139961969804,46.1847140389716,32.4408216066155,3,0.0291870658805283,8.50587462293167,5.72495150247283,0.136741418691336,51.2279113769374,30.9638960113055,1.11803398874989,38.8137568698338,7.52285154876364,Inf,0.356303333333333,0.595,0.005,0,0,90,21.7360833023242
circularCrossing,training,101,lmi_e6_t1.5_y3,1,,0,1000,2,0.0282969134833138,0.16784800200718,6.86019162919454,0.060000341913851,9.13024189479348,17.498108136371,0.321496991467035,6.402767569221,16.239639711162,0.136591292958648,0.380212708653371,54.1354436671865,97.5335134984512,0.0998073932627416,2.82521608190059,34.1158040651529,69.6026925087014,35.0027354578532,3,0.0291679540532259,8.39710033151253,6.16710723872913,0.136972566822815,48.3020231637979,30.9173824524555,1.11803398874989,37.8687775899736,7.52131879342433,Inf,0.345826666666667,0.469,0.005,0,0,90,23.9155930067124
circularCrossing,training,101,lmi_e6_t3_y0.1,1,,0,1000,2,0.0455204536994682,0.139232365745191,4.67900679670002,0.125213867189846,3.00769335302216,3.15944280845256,1.80178252378855,1.98873004494163,5.50018873811723,0.429924526626071,1.62039346682431,9.3893053861073,29.9106620482994,0.0998073932627416,2.82521608190059,2.10897300346077,4.04806608553149,8.52419512631235,3,0.0429420593098174,3.08492334965815,2.18498090837523,0.370808658104366,8.78957604759678,1.61985775931283,1.11803398874989,48.2027113879029,32.7366995567,Inf,0.362166666666667,0.478,0.005,0,0,90,6.3105257040994
circularCrossing,training,101,lmi_e6_t3_y1,1,,0,1000,2,0.0455217246234681,0.139267215165782,6.32018005902866,0.12520586805713,8.60234089145198,16.3320867835515,1.8019822407726,5.47309998315061,10.7946198557703,0.429943624585144,1.62074831303312,52.8529116784635,79.0307539205127,0.0998073932627416,2.82521608190059,31.3139961969804,46.1847140389716,32.4408216066155,3,0.0429422341578197,8.51265626957056,5.72006838269763,0.370806314451046,51.2540806902673,30.9638960113055,1.11803398874989,47.7237696076489,32.7391803605126,Inf,0.36429,0.566,0.005,0,0,90,21.9719995482286
circularCrossing,training,101,lmi_e6_t3_y3,1,,0,1000,2,0.045524712250289,0.139373490412031,7.10625074893648,0.125208143215971,9.15682912099136,17.5070067350961,1.80295853760882,6.42753123894266,16.3782551018918,0.429912514813414,1.62016193623655,54.1269715033753,97.1613998200927,0.0998073932627416,2.82521608190059,34.1158040651529,69.6026925087014,35.0027354578532,3,0.0429442193206495,8.38007505966516,6.15122229001435,0.370797379967659,48.2456086244698,30.9173824524555,1.11803398874989,46.6735247308438,32.7460801316122,Inf,0.353186666666667,0.539,0.005,0,0,90,24.1357039010633
circularCrossing,training,101,lmi_e6_t6_y0.1,1,,0,1000,2,0.0923069798145693,0.157795145407608,7.04022841486054,0.221414688102602,3.76981686562423,3.89348724172357,14.2847740901806,2.65835419455389,6.76199574233582,2.04017673869988,5.48806759233526,11.0364377214133,28.9789931150996,0.0998073932627416,2.82521608190059,2.10897300346077,4.04806608553149,8.52419512631235,3,0.0856721958463515,3.71575160594733,2.44707948025097,1.71782660204295,11.3220515108188,1.61985775931283,1.11803398874989,66.5052615157247,153.957894254121,Inf,0.369026666666667,0.578,0.005,0,0,90,8.44706573153614
circularCrossing,training,101,lmi_e6_t6_y1,1,,0,1000,2,0.092300863264259,0.157787795440467,8.2503867055813,0.221786712877913,8.91131120111352,16.486316519869,14.272162082758,5.78007953634781,10.9417244671642,2.03972065443802,5.49797717683467,53.2311802491697,85.6294388306458,0.0998073932627416,2.82521608190059,31.3139961969804,46.1847140389716,32.4408216066155,3,0.085688280829182,8.75940129057117,5.8042575623873,1.71490280002786,51.7829354639967,30.9638960113055,1.11803398874989,66.1422905824357,153.852852854196,Inf,0.35942,0.542,0.005,0,0,90,23.1294037551721
circularCrossing,training,101,lmi_e6_t6_y3,1,,0,1000,2,0.0922904815712144,0.157696402577933,8.84608122297547,0.22195310361936,9.4881329949513,17.6933146311319,14.2495876611659,6.68846801703342,17.5821595504095,2.03946240089343,5.49563775067421,54.7086932757782,103.78774936791,0.0998073932627416,2.82521608190059,34.1158040651529,69.6026925087014,35.0027354578532,3,0.0856692576544413,8.67886523451182,6.24408445150022,1.71479172398678,49.0296166293504,30.9173824524555,1.11803398874989,65.3383376862628,153.430412547988,Inf,0.358123333333333,0.58,0.005,0,0,90,25.2415795049346
circularCrossing,training,101,repeated_e1.5_t1.5_y0.1,1,,0,1000,2,0.0532287563563785,0.172492240154956,0.911017076693655,0.0901095108737722,1.78909809729762,2.98832117383393,0.260288207148332,0.332402923001162,0.894035830676238,0.0564572561320281,0.09645761539457,11.2835560104844,16.7984554847383,0.114835638017455,0.433195210019053,4.67190544245734,6.3498149665731,6.15430279402494,3,0.0412481533069729,1.39962392189428,0.203943874487292,0.0627510997096045,9.45979590303713,4.20055618278089,1.11803398874989,3.01243611098553,0.808482172301458,5.62,0.349063333333333,0.621,0.005,0,0,90,3.45380461166299
circularCrossing,training,101,repeated_e1.5_t1.5_y1,1,,0,1000,2,0.0452102345963303,0.171033890170814,2.5716037814134,0.0811668446547986,1.79564121783772,3.06899032542053,0.218342821854017,0.555480529508125,2.29505205397457,0.0549328346956442,0.121035940740519,11.1819170288341,32.930481689724,0.114835638017455,0.433195210019053,4.95393058881601,15.8832311525461,6.34013644170834,3,0.0339291823180856,0.555079951439034,0.117465875298326,0.0341440452454831,3.52444882493028,1.67844684002876,1.11803398874989,8.03428797187194,0.719085307481888,3.26,0.343196666666667,0.532,0.005,0,0,90,3.79944681074638
circularCrossing,training,101,repeated_e1.5_t1.5_y3,1,,0,1000,2,0.0495920517990195,0.172001156478562,3.56712408467227,0.0848430923295108,0.742023707025896,1.42630840682817,0.249521523277183,0.173280588447909,0.747032964807365,0.0716384731430657,0.161290468637652,5.378711798814,15.7967527863975,0.114835638017455,0.433195210019053,3.10664354630044,6.00016290242124,2.80082879184252,3,0.0404985508742635,0.50305410381902,0.13852398484462,0.0419140438402292,4.94761491689033,3.14633772110843,1.11803398874989,10.660356172171,0.680219645382668,2.38,0.348723333333333,0.642,0.005,0,0,90,1.91822405464881
circularCrossing,training,101,repeated_e1.5_t3_y0.1,1,,0,1000,2,0.0197618619329483,0.129792824275939,0.960545065542958,0.0467369505211326,1.63503724774026,2.83319414470446,0.124700193092122,0.373624342204698,0.891830125529181,0.0420006741875513,0.122154943022551,10.679111562323,16.0105681129092,0.114835638017455,0.433195210019053,4.67190544245734,6.3498149665731,6.15430279402494,3,0.019659385477861,1.3082602921912,0.26305139513198,0.0389800359672883,9.09513126802082,4.20055618278089,1.11803398874989,3.35070629306694,2.09639660807942,5.9,0.349583333333333,0.595,0.005,0,0,90,3.08068961620349
circularCrossing,training,101,repeated_e1.5_t3_y1,1,,0,1000,2,0.0197517176161116,0.129813755232549,2.58621516185674,0.0491134615259041,1.68480882565502,2.96262771699823,0.107702139904044,0.575233635689969,2.31537645554179,0.0399198602930403,0.11812857243757,10.7383701391703,32.4158347409442,0.114835638017455,0.433195210019053,4.95393058881601,15.8832311525461,6.34013644170834,3,0.0195642539912968,0.495930045853066,0.0935677473618843,0.037705372913225,3.41345318004382,1.67844684002876,1.11803398874989,8.26868464064546,2.09823312286347,3.14,0.34837,0.567,0.005,0,0,90,3.49565847537511
circularCrossing,training,101,repeated_e1.5_t3_y3,1,,0,1000,2,0.0200597249688549,0.129894370897305,3.62378591799744,0.0501546754019136,0.752286424499908,1.49295317494372,0.113559624316787,0.16848358316045,0.820802599980821,0.0407011020414075,0.124612619439525,5.63464571807411,15.3119457146401,0.114835638017455,0.433195210019053,3.10664354630044,6.00016290242124,2.80082879184252,3,0.0198371332378866,0.610114459885219,0.100021670796792,0.0382631431636289,5.41752254727282,3.14633772110843,1.11803398874989,10.9059758566158,2.09977537635187,2.3,0.356086666666667,0.514,0.005,0,0,90,1.66449355962427
circularCrossing,training,101,repeated_e1.5_t6_y0.1,1,,0,1000,2,0.0307658731819144,0.104137863292161,1.03918500077891,0.0756012817750132,1.61444697136368,2.80998668297267,0.361899537959147,0.392668579126762,1.08186429513134,0.118767724289595,0.389334015492789,10.5868218367656,15.1178486350219,0.114835638017455,0.433195210019053,4.67190544245734,6.3498149665731,6.15430279402494,3,0.029821286362734,1.32013983484581,0.283378430816667,0.106760559202822,9.12019925964736,4.20055618278089,1.11803398874989,5.91921495234806,9.05258086495769,5.9,0.34153,0.493,0.005,0,0,90,3.21036025742579
circularCrossing,training,101,repeated_e1.5_t6_y1,1,,0,1000,2,0.0308060855819611,0.104175204784567,2.57101857747055,0.0760627644772625,1.6491263475658,2.92029501863212,0.362405908622208,0.59268780568203,2.44536076013591,0.118615652958922,0.388542311201554,10.5632217355683,31.5723698475736,0.114835638017455,0.433195210019053,4.95393058881601,15.8832311525461,6.34013644170834,3,0.0298361387034944,0.510079194154029,0.139258917941441,0.106787490118557,3.40364976615078,1.67844684002876,1.11803398874989,8.21804168184994,9.06279553020578,3.1,0.339136666666667,0.531,0.005,0,0,90,3.60608081429733
circularCrossing,training,101,repeated_e1.5_t6_y3,1,,0,1000,2,0.0308020604158264,0.104211055902938,3.59116818824937,0.0759203890088235,0.736132595409938,1.47797633167269,0.361551247169623,0.216769407880305,0.991157450895594,0.118698489761002,0.389928128305939,5.55420482146393,14.4656622641149,0.114835638017455,0.433195210019053,3.10664354630044,6.00016290242124,2.80082879184252,3,0.0298450732770562,0.633992422112713,0.139048621675761,0.106813190783127,5.46167615548279,3.14633772110843,1.11803398874989,11.0300613414867,9.07961880230769,2.3,0.35677,0.525,0.005,0,0,90,1.85240038421166
circularCrossing,training,101,repeated_e3_t1.5_y0.1,1,,0,1000,2,0.0579016168787435,0.173302761395487,0.755806826007568,0.0943795098515494,0.730863171613021,1.20740305699847,0.286085777754038,0.0645202594346042,0.193736347993173,0.0671563003125154,0.111879773762823,4.60581273091638,7.82206306627883,0.025767078992446,0.0931575648529694,1.86807904516221,2.61785899084913,2.00624791708783,3,0.0468935382112351,0.564065837529754,0.0715489256434829,0.0766015190952808,3.81287068208484,1.7104151800293,1.11803398874989,3.89086338603782,0.82707507481918,2.66,0.34681,0.558,0.005,0,0,90,1.62921923383992
circularCrossing,training,101,repeated_e3_t1.5_y1,1,,0,1000,2,0.0573543918220155,0.17328738659569,1.54420714338972,0.0919543353071413,0.333747409307477,0.85824676002748,0.291007655732409,0.140488860705373,0.286924319219306,0.0646973378605484,0.103811019838588,3.24198761147819,5.94688804561706,0.025767078992446,0.0931575648529694,2.12153162699068,3.82375273243634,1.9771618530235,3,0.0485867178063344,0.263009676674549,0.127636374641789,0.0701738948064154,2.27121838540032,1.43524022243807,1.11803398874989,5.98459108418228,0.761329256139868,1.56,0.336836666666667,0.535,0.005,0,0,90,1.50291916192654
circularCrossing,training,101,repeated_e3_t1.5_y3,1,,0,1000,2,0.0616063536696059,0.174442950301819,2.42562846656558,0.0983162010694204,0.667843253868873,1.5435164640078,0.320032151933154,0.114116319616212,0.240389035627194,0.0717440859362054,0.110066751305911,5.92531214308015,18.8804870523165,0.025767078992446,0.0931575648529694,3.43270325810327,10.4875274201239,3.21998042951184,3,0.0531000372076764,0.226367706165804,0.102772193974706,0.0758153782535618,1.6739182954421,1.04698918993824,1.11803398874989,9.55841722704266,0.757646793378707,2.58,0.33772,0.514,0.005,0,0,90,2.02935860454451
circularCrossing,training,101,repeated_e3_t3_y0.1,1,,0,1000,2,0.0199616182815265,0.129757587861762,0.942491557232567,0.0461281448740115,0.560112377539635,1.03680631022615,0.129386651415488,0.10913354526751,0.266022719736869,0.0435791434200891,0.127636432093666,3.94056741879125,6.86379072185773,0.025767078992446,0.0931575648529694,1.86807904516221,2.61785899084913,2.00624791708783,3,0.0198871498272227,0.458447714347576,0.118123498146865,0.0399953554422818,3.3863520220995,1.7104151800293,1.11803398874989,5.30809831769024,2.08922442615952,2.12,0.334106666666667,0.5,0.005,0,0,90,1.20599675710854
circularCrossing,training,101,repeated_e3_t3_y1,1,,0,1000,2,0.0201589155605375,0.129800863544703,1.65754087032606,0.0469722090780357,0.49192197250893,1.03694712738152,0.132637346402559,0.0862908270725338,0.25123413990605,0.0434665916536073,0.127942204793225,3.94840484114194,7.10465831278459,0.025767078992446,0.0931575648529694,2.12153162699068,3.82375273243634,1.9771618530235,3,0.0200635003485474,0.377301613981234,0.0808093999014822,0.040194605741228,2.81924717866777,1.43524022243807,1.11803398874989,6.3589796959603,2.09089104686055,1.6,0.344083333333333,0.498,0.005,0,0,90,1.16385177797883
circularCrossing,training,101,repeated_e3_t3_y3,1,,0,1000,2,0.020335764485949,0.129879748700312,2.56819964964488,0.047372077061505,0.802026580399383,1.69231217750161,0.145823958219667,0.0647241002064877,0.171106686379108,0.0441457213454142,0.130495079021291,6.48132767199254,19.458918753511,0.025767078992446,0.0931575648529694,3.43270325810327,10.4875274201239,3.21998042951184,3,0.0201422118776763,0.286841492351908,0.065092607077801,0.0408094438273537,2.08479374284247,1.04698918993824,1.11803398874989,9.88714621926538,2.09298838155502,2.72,0.351216666666667,0.555,0.005,0,0,90,1.62907137967097
circularCrossing,training,101,repeated_e3_t6_y0.1,1,,0,1000,2,0.0307642302541215,0.104091770369139,1.0840990742976,0.0754290778260671,0.550003323664642,1.01662497048761,0.361234833920472,0.162382045063012,0.427979148206255,0.118879266409459,0.390338864509676,3.83671209803684,5.96731448438917,0.025767078992446,0.0931575648529694,1.86807904516221,2.61785899084913,2.00624791708783,3,0.0298323395444923,0.485367624400454,0.161855586392776,0.106802117289877,3.41212326864367,1.7104151800293,1.11803398874989,7.68959921232969,9.0292884376286,1.98,0.31608,0.588,0.005,0,0,90,1.39974881227461
circularCrossing,training,101,repeated_e3_t6_y1,1,,0,1000,2,0.0307653027658733,0.104120125897941,1.66883806720929,0.0753622665749556,0.550487908878345,1.08717637133462,0.360912364421779,0.134692190678102,0.366889074027464,0.118921699358978,0.390895807213472,4.12361899904138,7.55356291726345,0.025767078992446,0.0931575648529694,2.12153162699068,3.82375273243634,1.9771618530235,3,0.0298414122532711,0.418877875362816,0.127994818016441,0.106829464686302,2.90095719197599,1.43524022243807,1.11803398874989,7.08684173447867,9.04051654066869,3.08,0.329383333333333,0.51,0.005,0,0,90,1.40176120882321
circularCrossing,training,101,repeated_e3_t6_y3,1,,0,1000,2,0.0307357754316687,0.104158395142543,2.54027478412547,0.0750157931428541,0.877272758411886,1.76190745004117,0.360318696061014,0.12794870356901,0.38146631546179,0.119012512972626,0.391375074195246,6.72357866477848,20.355052229319,0.025767078992446,0.0931575648529694,3.43270325810327,10.4875274201239,3.21998042951184,3,0.0298389430909826,0.336581471400476,0.120150127865579,0.106838743995159,2.17721506377919,1.04698918993824,1.11803398874989,10.1089705662724,9.06027424396373,2.72,0.36064,0.555,0.005,0,0,90,1.9079708944104
circularCrossing,training,101,repeated_e6_t1.5_y0.1,1,,0,1000,2,0.0634995383543282,0.174476601328118,0.788924606944248,0.10029651852654,0.481725223537857,1.01282107142448,0.318684004153226,0.252778458459844,0.712305434314262,0.0768006633149795,0.124449072241134,3.72808476262993,5.03832890749031,0.0340373256984179,0.191621831895789,2.27172755054355,2.7029238767821,2.3047969085392,3,0.05308484429269,0.521784429410534,0.279693012487089,0.0880812803927548,3.75283759572208,2.15452822598146,1.11803398874989,7.16176261111367,0.853969030520422,0.54,0.362676666666667,0.542,0.005,0,0,90,1.88616925298896
circularCrossing,training,101,repeated_e6_t1.5_y1,1,,0,1000,2,0.076756979501388,0.178215470337132,1.08204858722065,0.118387315920217,1.15762320637802,2.55389353406706,0.395835356280883,0.231251963375416,0.524832160405184,0.0961785889344145,0.148681126319651,9.7149197574068,27.2536533042384,0.0340373256984179,0.191621831895789,5.42554727725752,14.6070815165722,5.41043559822184,3,0.0653477381083248,0.521961804256815,0.248156900123914,0.110171312888261,4.13313552054741,2.45336705851329,1.11803398874989,8.62788959641084,0.937955493921374,3.22,0.360213333333333,0.532,0.005,0,0,90,3.17305767324607
circularCrossing,training,101,repeated_e6_t1.5_y3,1,,0,1000,2,0.0801523408721955,0.179287095926225,3.0182671292884,0.126246345987686,0.555285029262098,1.04102892518305,0.401778369345033,0.213853674203278,0.612802492122515,0.0976795763417715,0.153116203345125,3.89156237812753,11.5074300245252,0.0340373256984179,0.191621831895789,2.1526166626266,5.57920799598264,2.16747443524084,3,0.0652030190993096,0.584314301618483,0.22789301757201,0.111986669114583,3.78935961931728,1.85664586626512,1.11803398874989,18.1138880095217,1.03486178001526,5.86,0.362833333333333,0.523,0.005,0,0,90,2.00754323275402
circularCrossing,training,101,repeated_e6_t3_y0.1,1,,0,1000,2,0.0201775943294066,0.129707240744535,1.08289095671668,0.046061848597195,0.60154558201214,1.17150408663471,0.137860224130084,0.197607946338125,0.620630144902693,0.0447000007478639,0.130870819028711,4.39780267794384,5.92265880070715,0.0340373256984179,0.191621831895789,2.27172755054355,2.7029238767821,2.3047969085392,3,0.0200997631339257,0.596173712301485,0.215944122580186,0.0407314546839815,4.23119128474713,2.15452822598146,1.11803398874989,8.54986274164399,2.07691598553293,0.56,0.36185,0.589,0.005,0,0,90,1.47655237155908
circularCrossing,training,101,repeated_e6_t3_y1,1,,0,1000,2,0.0207356115602055,0.129928704652859,1.22927044723618,0.0498316088266448,1.36700517151805,2.77368057671059,0.16937599340789,0.215809364893583,0.547745871796318,0.0467819704027485,0.137375469169651,10.5318934094988,28.1405371303064,0.0340373256984179,0.191621831895789,5.42554727725752,14.6070815165722,5.41043559822184,3,0.0203911703754082,0.660386881831273,0.19283270141343,0.0422103026240126,4.82163473711797,2.45336705851329,1.11803398874989,7.86015386587584,2.07813285913906,3.72,0.350593333333333,0.612,0.005,0,0,90,2.74535352728899
circularCrossing,training,101,repeated_e6_t3_y3,1,,0,1000,2,0.0206927018653506,0.130155227090452,2.92544248000217,0.0525529413125909,0.569578665526608,1.10698213530833,0.166956596450146,0.178865598718699,0.647244123088168,0.04734096782197,0.138790846614299,4.18068922411099,11.708225957787,0.0340373256984179,0.191621831895789,2.1526166626266,5.57920799598264,2.16747443524084,3,0.0202197114820801,0.553999303866763,0.191641370168205,0.0424048310964062,3.80884266296186,1.85664586626512,1.11803398874989,17.2577108613926,2.08024161996861,5.86,0.358783333333333,0.585,0.005,0,0,90,1.4007960609131
circularCrossing,training,101,repeated_e6_t6_y0.1,1,,0,1000,2,0.0307568893870373,0.104000132574146,1.43581159493234,0.0752336066701353,0.648958338262094,1.2127921436769,0.360646246653028,0.220710157048289,0.60858813681493,0.118960714238077,0.390854395556261,4.54416848112964,6.51341749310697,0.0340373256984179,0.191621831895789,2.27172755054355,2.7029238767821,2.3047969085392,3,0.0298421446127898,0.623854717309731,0.234817732347723,0.106843240320071,4.29003560361066,2.15452822598146,1.11803398874989,11.6209216639024,8.97876945157854,5.12,0.342333333333333,0.526,0.005,0,0,90,1.65782290419288
circularCrossing,training,101,repeated_e6_t6_y1,1,,0,1000,2,0.0307148674032146,0.104017112646833,1.56468772284898,0.0747179549807189,1.44460852683604,2.84844716091215,0.35990360491565,0.247520724955861,0.83268800987045,0.119067903772935,0.391611194533453,10.7952292354924,28.9011137630563,0.0340373256984179,0.191621831895789,5.42554727725752,14.6070815165722,5.41043559822184,3,0.029841876976478,0.697588336245208,0.211052526150652,0.106846719860942,4.92792029238779,2.45336705851329,1.11803398874989,10.8570849073851,8.98577663073453,3.72,0.345426666666667,0.508,0.005,0,0,90,2.96123597104234
circularCrossing,training,101,repeated_e6_t6_y3,1,,0,1000,2,0.0307177501419737,0.104070998705208,2.93355765695782,0.0746819370468621,0.634408021128647,1.16778879343765,0.360152955979711,0.203688394031932,0.750608272257514,0.119106461267796,0.391172812191947,4.40080631220797,12.2344954987157,0.0340373256984179,0.191621831895789,2.1526166626266,5.57920799598264,2.16747443524084,3,0.0298393721636797,0.583940477508724,0.212500739719826,0.106848044395901,3.87654613936266,1.85664586626512,1.11803398874989,16.7384930388786,9.00077398738398,5.86,0.33598,0.54,0.005,0,0,90,1.59471555192519
circularCrossing,training,102,lmi_e1.5_t1.5_y0.1,1,,0,1000,2,0.0298335178601565,0.172687881419008,1.9483786628473,0.0616073716711139,0.514189913005688,0.83273942515282,0.336508690474722,0.236921595355185,0.547315633758092,0.165618765992604,0.478558003628059,3.04082146719194,5.28123978574648,0.0311182160552267,0.226000082278285,1.45695381550192,1.66339860121262,1.59692589429154,3,0.029935431473001,0.5052695954997,0.256737770277313,0.174336446042589,2.90320452625474,1.41442506853009,1.11803398874989,14.2047531586164,8.11489651763676,5.62,0.363876666666667,1.017,0.005,0,0,90,1.38034266275032
circularCrossing,training,102,lmi_e1.5_t1.5_y1,1,,0,1000,2,0.0298034954060068,0.17268103838288,2.08808033883723,0.0615824779293352,1.20458781939284,2.33912654774058,0.338515101704998,0.252622212551813,0.618814329982429,0.165581188121722,0.479203466801469,8.87979183136303,21.9707419580537,0.0311182160552267,0.226000082278285,4.44948389513748,11.1626252006948,4.48156757430549,3,0.0299469397337329,0.670624303608658,0.276296564479794,0.174379437316704,4.50999991278976,2.30341253464166,1.11803398874989,13.2493782305057,8.12320901453923,5.62,0.365353333333333,0.501,0.005,0,0,90,2.5792377454363
circularCrossing,training,102,lmi_e1.5_t1.5_y3,1,,0,1000,2,0.0297705036759031,0.172773233350926,8.6448766912156,0.061586233496622,0.728538572865574,1.35580349048248,0.343798512201784,0.250365906688806,0.647333666012438,0.165521077374852,0.47970339821449,5.09672583902417,16.3653715065908,0.0311182160552267,0.226000082278285,2.58167878647028,8.33346048219034,2.60613053912311,3,0.0299524929616364,0.502664003153018,0.274732240411388,0.174412853856383,3.03340375116541,1.5969894318209,1.11803398874989,30.1198760754623,8.14209564717506,5.64,0.398266666666667,0.611,0.005,0,0,90,1.81778201794148
circularCrossing,training,102,lmi_e1.5_t3_y0.1,1,,0,1000,2,0.0628210622836893,0.152068868421832,2.3408589402288,0.128587214646203,1.00305212545901,1.20823501006163,2.39000849116669,0.70556643661984,1.90098854873309,0.669640176839132,1.80090517868404,3.7428432548493,7.73390892627323,0.0311182160552267,0.226000082278285,1.45695381550192,1.66339860121262,1.59692589429154,3,0.0636815559302492,1.00405750443654,0.724249777743647,0.687030645732835,3.60899054357605,1.41442506853009,1.11803398874989,20.2623525996731,34.744170100394,5.98,0.379833333333333,0.562,0.005,0,0,90,2.78791214704643
circularCrossing,training,102,lmi_e1.5_t3_y1,1,,0,1000,2,0.0628156329186403,0.152060503018961,2.37300403454216,0.12859096438817,1.50646256745521,2.52844895437065,2.38937313900897,0.711749368298305,1.94967517056002,0.669647520518138,1.80061513383676,9.25779899220288,25.3546989223037,0.0311182160552267,0.226000082278285,4.44948389513748,11.1626252006948,4.48156757430549,3,0.0636815695243179,1.0979720082931,0.730713897447095,0.687034791847815,5.00088272602789,2.30341253464166,1.11803398874989,19.6706416602982,34.780704115913,5.98,0.394043333333333,1.317,0.005,0,0,90,3.90321486422359
circularCrossing,training,102,lmi_e1.5_t3_y3,1,,0,1000,2,0.0628139432707577,0.15207984850015,8.88762325413504,0.128591781487553,1.17133008285887,1.67548013040208,2.38904472512944,0.704194899064551,1.77162170115992,0.669656935149993,1.80079942135223,5.81858895129301,18.7829869788242,0.0311182160552267,0.226000082278285,2.58167878647028,8.33346048219034,2.60613053912311,3,0.0636805195591804,1.01299872214548,0.722615305616758,0.687045188233542,3.83588286468439,1.5969894318209,1.11803398874989,31.1263976378144,34.8612710763951,5.98,0.38436,1.016,0.005,0,0,90,3.20024702109528
circularCrossing,training,102,lmi_e1.5_t6_y0.1,1,,0,1000,2,0.0908214421468501,0.157455899934597,3.71947460551399,0.208576098966305,2.64431125071673,2.72704148231129,13.9976943123464,1.82733668712965,5.32180176795467,1.8284266046134,5.41766565265724,7.70554570768916,23.5466187937783,0.0311182160552267,0.226000082278285,1.45695381550192,1.66339860121262,1.59692589429154,3,0.0891134085154038,2.59523371305375,1.7989023325958,1.79631437444456,7.47366829267565,1.41442506853009,1.11803398874989,33.6572836101555,146.256096516939,Inf,0.358603333333333,0.88,0.005,0,0,90,6.10399693726564
circularCrossing,training,102,lmi_e1.5_t6_y1,1,,0,1000,2,0.0908020577421227,0.157408558286613,3.71038348922521,0.20857374822856,2.87345206340739,3.51533426274284,13.986941441521,1.83173463463102,5.26383893240794,1.82812553059922,5.41935584767854,11.4461884385919,37.1032079037938,0.0311182160552267,0.226000082278285,4.44948389513748,11.1626252006948,4.48156757430549,3,0.089110689375536,2.6421646671131,1.80122920634645,1.79609263823074,8.3194460519601,2.30341253464166,1.11803398874989,33.3269961533596,146.346915682979,Inf,0.36541,0.59,0.005,0,0,90,6.86072753440165
circularCrossing,training,102,lmi_e1.5_t6_y3,1,,0,1000,2,0.0907972016047446,0.157381210573088,9.29706812550993,0.208559847307695,2.71442426355733,2.96440395132875,13.9895503434098,1.81894316038655,5.26038174806915,1.82823209304044,5.41835954747117,8.98672905904598,31.3751437020216,0.0311182160552267,0.226000082278285,2.58167878647028,8.33346048219034,2.60613053912311,3,0.0891046184498615,2.60408957010771,1.79288384188878,1.79620827030501,7.68329474708771,1.5969894318209,1.11803398874989,34.8964053114528,146.549059681067,Inf,0.38144,0.827,0.005,0,0,90,6.34320414862973
circularCrossing,training,102,lmi_e3_t1.5_y0.1,1,,0,1000,2,0.0298341335425229,0.172546317645463,2.30600745441225,0.0615976773981714,0.857785648354003,1.20422570871099,0.336518722014583,0.500494069841198,1.47204151302624,0.165619584050697,0.478508961374224,4.16003393682513,8.36981854017949,0.047333328832358,0.670801454386517,1.88498704138571,2.84111365100906,2.76073955607049,3,0.0299332909713828,0.907971635373488,0.53327450891656,0.174328304591263,4.3132847682492,1.91821855051534,1.11803398874989,21.545306817084,8.07385220133327,6,0.377993333333333,0.547,0.005,0,0,90,2.13133626247265
circularCrossing,training,102,lmi_e3_t1.5_y1,1,,0,1000,2,0.0298019428782394,0.172577025851591,2.34171551274839,0.0615743482887923,1.66335821695971,3.10337260091461,0.339359914193262,0.607164847222037,1.84332139969374,0.165528318982604,0.479246188042609,11.5336082503948,30.3309561525383,0.047333328832358,0.670801454386517,5.84431776673168,14.248680772448,6.15364066193692,3,0.0299488777330908,1.46380015444365,0.666183436642355,0.17436912983767,9.43263454777221,4.76176004524495,1.11803398874989,20.826092307201,8.07672905556136,Inf,0.349103333333333,0.524,0.005,0,0,90,3.81907077330544
circularCrossing,training,102,lmi_e3_t1.5_y3,1,,0,1000,2,0.0298025754395868,0.172637251342394,2.60455751822011,0.0616082589626306,2.07534706456642,3.97220291600282,0.33954832800907,0.832798778448282,3.64275227616107,0.165385831128731,0.479284315121845,14.5004120353633,35.2049799761251,0.047333328832358,0.670801454386517,7.56828566832259,19.331926154255,7.85258145773512,3,0.0299476679246597,2.16307412567253,0.924296874482663,0.174304287629559,14.8457062699198,7.76870690701042,1.11803398874989,19.492505589145,8.08310918760641,Inf,0.398643333333333,0.665,0.005,0,0,90,4.8637057183651
circularCrossing,training,102,lmi_e3_t3_y0.1,1,,0,1000,2,0.0628188084463876,0.152316783283734,3.34563222779315,0.128566428214053,1.23255598036329,1.51053551919721,2.38952227930298,0.852810595841093,1.95350053261496,0.669649901599101,1.80089939074785,4.7409718574775,10.3304597084705,0.047333328832358,0.670801454386517,1.88498704138571,2.84111365100906,2.76073955607049,3,0.0636808397118857,1.28718233760293,0.907856959137909,0.687032778744131,4.84730076069457,1.91821855051534,1.11803398874989,30.6462892739582,34.4691705418379,6,0.40089,0.625,0.005,0,0,90,3.28200364764156
circularCrossing,training,102,lmi_e3_t3_y1,1,,0,1000,2,0.0628134481606339,0.152355548599362,3.36663886540266,0.12854472929477,1.9367408583329,3.29764967966826,2.38873133667523,0.915298824122188,2.29019229982119,0.669649713837369,1.80057958958481,12.0106750537636,32.7750823014988,0.047333328832358,0.670801454386517,5.84431776673168,14.248680772448,6.15364066193692,3,0.0636824575437023,1.75786638576534,0.988472863623072,0.687023234352209,9.87177123437083,4.76176004524495,1.11803398874989,30.0448072348352,34.4734301119386,Inf,0.4189,0.757,0.005,0,0,90,4.86086714060344
circularCrossing,training,102,lmi_e3_t3_y3,1,,0,1000,2,0.0628155928498138,0.152404240877673,3.61404790415455,0.128546235143017,2.32553525933343,4.16075283500896,2.38843070597975,1.0545788511647,3.75002661442991,0.669641855045137,1.8005451854342,15.0541748438423,36.3903500635928,0.047333328832358,0.670801454386517,7.56828566832259,19.331926154255,7.85258145773512,3,0.0636857792607666,2.38802734116565,1.12877522817235,0.687021025471159,15.3349365200403,7.76870690701042,1.11803398874989,28.828820867316,34.4838410327581,Inf,0.370043333333333,0.836,0.005,0,0,90,5.748148599596
circularCrossing,training,102,lmi_e3_t6_y0.1,1,,0,1000,2,0.0908176243523179,0.157600441374003,4.33582183109069,0.208545106044543,2.74317505958733,2.87271157069129,13.9950120507371,1.88713659462611,5.64130245480263,1.82839550638553,5.41805853923841,8.23559621758248,23.9972046892981,0.047333328832358,0.670801454386517,1.88498704138571,2.84111365100906,2.76073955607049,3,0.0891152996205351,2.68027162037209,1.84162749945383,1.79628317247182,8.06686997506796,1.91821855051534,1.11803398874989,44.006206033556,145.334123732681,Inf,0.39111,1.133,0.005,0,0,90,6.32956867629189
circularCrossing,training,102,lmi_e3_t6_y1,1,,0,1000,2,0.0908062443373722,0.157421019527961,4.36329961102174,0.208546837465443,3.10058261113283,4.0616585411484,13.9819220183429,1.93375055321659,5.59290126199498,1.82807257825977,5.41864872287994,13.5437682256196,40.0835399825643,0.047333328832358,0.670801454386517,5.84431776673168,14.248680772448,6.15364066193692,3,0.0891189052724964,2.92289979957106,1.90806311864288,1.79598250425915,11.5558696009985,4.76176004524495,1.11803398874989,43.5531109640483,145.367371296946,Inf,0.370376666666667,0.552,0.005,0,0,90,7.48431719493082
circularCrossing,training,102,lmi_e3_t6_y3,1,,0,1000,2,0.0908140955619693,0.157361041189027,4.64337705545806,0.208579847806368,3.33532547525673,4.74380381254735,13.9832336749872,2.07120575659205,6.39390633289812,1.82808285196177,5.41742898405251,15.8716321282161,39.576378020714,0.047333328832358,0.670801454386517,7.56828566832259,19.331926154255,7.85258145773512,3,0.0891218230348001,3.31731588435925,2.07306120891709,1.79594498978505,15.932295355681,7.76870690701042,1.11803398874989,42.6244208126461,145.443163268429,Inf,0.345606666666667,0.634,0.005,0,0,90,8.224878894447
circularCrossing,training,102,lmi_e6_t1.5_y0.1,1,,0,1000,2,0.0298316685813881,0.172749917723587,3.73978737630502,0.0615666182791015,3.08287111061318,4.19007571887418,0.337576928846207,1.58423006059751,4.56273763187736,0.165592985005416,0.478703014428241,14.4146230792212,33.1620602851473,0.089979071450925,2.58382219703138,6.28322856914646,8.16086648762355,10.3973025019013,3,0.0299418127998059,3.00550945594368,1.62351025865851,0.174344588414188,14.6570826771462,6.72604572840547,1.11803398874989,38.6902472999817,8.1187708870809,Inf,0.372133333333333,0.605,0.005,0,0,90,6.34970142285314
circularCrossing,training,102,lmi_e6_t1.5_y1,1,,0,1000,2,0.0301259096170112,0.172755022462758,10.7953561609491,0.0630389745846744,15.0108189246854,29.4798348805527,0.409600110343368,12.1857925977547,19.6433801425571,0.166651480046509,0.472973348313658,84.186101978585,101.121971251177,0.089979071450925,2.58382219703138,59.232622706274,70.9478135069681,59.8155731595438,3,0.0304420362804029,15.4588815720182,13.0437855689798,0.175499390111428,84.4155234814075,61.2374737569378,1.11803398874989,38.2267560657235,8.11378092321467,Inf,0.401286666666667,0.673,0.005,0,0,90,41.5100646873966
circularCrossing,training,102,lmi_e6_t1.5_y3,1,,0,1000,2,0.030199170151122,0.172847679664618,13.4302876602017,0.063082570792214,17.2265671068244,33.8839382858986,0.430378733181539,14.8989528024762,28.3073381253878,0.167148676050143,0.469378069993802,93.1966729799677,125.559440212097,0.089979071450925,2.58382219703138,70.9002618429905,121.888029767277,71.2377978720611,3,0.0305289808759735,17.3814493294783,15.5190058653765,0.175971113597984,91.491517865449,71.9338714965929,1.11803398874989,37.2232569322206,8.10582294590973,Inf,0.365936666666667,0.524,0.005,0,0,90,48.7392319024571
circularCrossing,training,102,lmi_e6_t3_y0.1,1,,0,1000,2,0.0628158217437764,0.152029014993815,4.32473064222092,0.128573771824343,3.197626787641,4.28590486825784,2.38956803898187,1.72859306494431,4.55003466010881,0.669634161665828,1.80069834157267,14.5544067232146,34.8453304018683,0.089979071450925,2.58382219703138,6.28322856914646,8.16086648762355,10.3973025019013,3,0.0636785344803811,3.12467001822995,1.77222115140244,0.687024394524504,14.7981947413127,6.72604572840547,1.11803398874989,47.4282796038037,34.3834920754437,Inf,0.40013,0.743,0.005,0,0,90,6.9962256919693
circularCrossing,training,102,lmi_e6_t3_y1,1,,0,1000,2,0.0628066181179627,0.152036952626136,10.9926925150863,0.128570440960145,15.0538333218191,29.518448974139,2.39364899727527,12.2150438423335,19.0304092721493,0.669592147713032,1.80118111782983,84.2747360289983,103.445635962046,0.089979071450925,2.58382219703138,59.232622706274,70.9478135069681,59.8155731595438,3,0.0636848654793656,15.4994279304365,13.0732744102265,0.68693839396828,84.4938883523261,61.2374737569378,1.11803398874989,46.9095033271258,34.3870057123297,Inf,0.39399,1.05,0.005,0,0,90,41.9131010716462
circularCrossing,training,102,lmi_e6_t3_y3,1,,0,1000,2,0.0628103303687457,0.152102266908943,13.6080619609965,0.128586266336239,17.2731108835987,33.9284455025571,2.39480702244802,14.933046540035,28.9342001532221,0.669617162791755,1.80280563777124,93.2812693415203,123.987049009434,0.089979071450925,2.58382219703138,70.9002618429905,121.888029767277,71.2377978720611,3,0.0636878604701788,17.4281646747458,15.5565170016926,0.686941700717719,91.5678398833149,71.9338714965929,1.11803398874989,45.777820090116,34.3958797377807,Inf,0.466386666666667,2.516,0.005,0,0,90,49.1504502520615
circularCrossing,training,102,lmi_e6_t6_y0.1,1,,0,1000,2,0.0907853492212551,0.157595262240619,6.6753895414772,0.208639125145524,3.97427714657334,4.89452453862715,13.9726838439927,2.3934720109929,7.17466438290554,1.82795881226037,5.41578363430495,15.8975991747352,37.3604112411808,0.089979071450925,2.58382219703138,6.28322856914646,8.16086648762355,10.3973025019013,3,0.0890857215625458,3.80153224286674,2.32840725662773,1.795929058626,16.0866308473563,6.72604572840547,1.11803398874989,65.2373118985321,145.666270869069,Inf,0.403523333333333,0.954,0.005,0,0,90,8.87431734914539
circularCrossing,training,102,lmi_e6_t6_y1,1,,0,1000,2,0.090772404576088,0.157620402484744,12.202414095534,0.208517430043159,15.2761252558978,29.6281937008434,13.9280239714582,12.4262888523693,19.4226302538633,1.82778435828849,5.42790922079005,84.3825338103578,99.8355487523985,0.089979071450925,2.58382219703138,59.232622706274,70.9478135069681,59.8155731595438,3,0.0891099098790768,15.6905292489269,13.2252022613248,1.79582647960161,84.6155661677475,61.2374737569378,1.11803398874989,64.8696931195372,145.553335163091,Inf,0.369753333333333,0.629,0.005,0,0,90,42.636808512571
circularCrossing,training,102,lmi_e6_t6_y3,1,,0,1000,2,0.0907648836352467,0.157688056223248,14.6072148171171,0.208524920471672,17.4800964961561,34.0395492123662,13.9215743382523,15.1211846655208,26.9262711695799,1.82780013740183,5.42796024829578,93.3838500897749,129.454800910838,0.089979071450925,2.58382219703138,70.9002618429905,121.888029767277,71.2377978720611,3,0.0890938768198452,17.6048601227005,15.6965470431005,1.79583158767324,91.6701614340781,71.9338714965929,1.11803398874989,64.0548301563651,145.199380221804,Inf,0.39372,0.935,0.005,0,0,90,49.8267881853491
circularCrossing,training,102,repeated_e1.5_t1.5_y0.1,1,,0,1000,2,0.0424271398265944,0.172326766043818,0.909663224459272,0.0822941256554622,1.75970350564582,2.96356875917754,0.229504599594348,0.329862070293029,0.890904189803592,0.0480260189530525,0.0832024610136841,11.2027725726832,16.3582960812379,0.116034678050791,0.437127166854865,4.69199865631213,6.33845627981338,6.17507521632217,3,0.0327495157761092,1.38528723064343,0.208640440724647,0.0448243178543914,9.42816144815217,4.21803664895887,1.11803398874989,2.92188794608469,0.669996593098843,5.46,0.38189,0.596,0.005,0,0,90,3.32455005338863
circularCrossing,training,102,repeated_e1.5_t1.5_y1,1,,0,1000,2,0.0374008977094185,0.171821865466375,2.55604032144447,0.0720243672779457,1.78361050613473,3.07658949372437,0.20283271452875,0.557313722967945,2.24664529938295,0.0727803277316275,0.146477490328238,11.2178395752066,32.2699028175217,0.116034678050791,0.437127166854865,5.02649641433364,15.7845612127089,6.43397799593241,3,0.0303027503600633,0.571706094734971,0.139862414056098,0.0457272497083013,3.67307551803859,1.74822276082281,1.11803398874989,7.94612107909896,0.591359429574017,3.26,0.37441,0.555,0.005,0,0,90,3.7322043380714
circularCrossing,training,102,repeated_e1.5_t1.5_y3,1,,0,1000,2,0.0421005233127892,0.172819624324377,3.55519558272773,0.0779089824514726,0.767260523222515,1.47358220027692,0.235882630433839,0.187454262620402,0.742572900820115,0.089415059499181,0.172204036783075,5.55696770559685,15.322067237642,0.116034678050791,0.437127166854865,3.13526052129988,6.04113651822578,2.93004472340212,3,0.0366735796153923,0.542741348447568,0.148180009552221,0.0541263921059089,5.16317112702074,3.21020780625101,1.11803398874989,10.7414501083349,0.575356830464257,2.4,0.36714,0.643,0.005,0,0,90,1.90730729948807
circularCrossing,training,102,repeated_e1.5_t3_y0.1,1,,0,1000,2,0.0213909618822274,0.131358682952926,0.95942031421642,0.051487082368426,1.63578471188131,2.83871021971811,0.130716729612675,0.366841623011249,0.90385763981131,0.0432608421690703,0.11842522216164,10.7077145388052,15.8199001566157,0.116034678050791,0.437127166854865,4.69199865631213,6.33845627981338,6.17507521632217,3,0.0209125255725538,1.30819563058805,0.256929233652673,0.042163450859255,9.11465900367974,4.21803664895887,1.11803398874989,3.36225416884508,2.28727471375909,5.78,0.364853333333333,0.605,0.005,0,0,90,3.08913577260581
circularCrossing,training,102,repeated_e1.5_t3_y1,1,,0,1000,2,0.0212078377078382,0.131387471741966,2.57277114403759,0.0485833355253279,1.70737033713011,3.00447022297726,0.118644056320869,0.579833661978583,2.28452635805458,0.0444647500553653,0.10966740008714,10.8990268264846,31.9843189087866,0.116034678050791,0.437127166854865,5.02649641433364,15.7845612127089,6.43397799593241,3,0.0208236218405747,0.533247318351881,0.1088136198688,0.0417715801772768,3.62485306902919,1.74822276082281,1.11803398874989,8.18974876758564,2.28949503603613,3.16,0.341093333333333,0.539,0.005,0,0,90,3.55155106633247
circularCrossing,training,102,repeated_e1.5_t3_y3,1,,0,1000,2,0.0211704860289259,0.131456343347366,3.60739298306261,0.0490125770353711,0.791472617599572,1.53931830283813,0.12288181717488,0.186290010868367,0.825264617747482,0.0445294929843842,0.114219933217605,5.8025920808526,15.0905217419366,0.116034678050791,0.437127166854865,3.13526052129988,6.04113651822578,2.93004472340212,3,0.0208138903347659,0.638316312883357,0.118504863826371,0.0420441898053209,5.57218901628684,3.21020780625101,1.11803398874989,10.9732081250749,2.29129766346062,2.36,0.37802,0.569,0.005,0,0,90,1.74480329819651
circularCrossing,training,102,repeated_e1.5_t6_y0.1,1,,0,1000,2,0.0353972993513088,0.10936445476403,1.04678514049185,0.0720069696522226,1.61816432668264,2.81759449751063,0.413359340995893,0.385194167751169,0.932096600987965,0.141204104151622,0.420838810137528,10.6246082900805,15.6475698911397,0.116034678050791,0.437127166854865,4.69199865631213,6.33845627981338,6.17507521632217,3,0.0346943482352617,1.33151288723497,0.297287092360666,0.141147472803428,9.15864997772128,4.21803664895887,1.11803398874989,5.97639680113239,9.61494044789933,5.78,0.35782,0.54,0.005,0,0,90,3.24928298703152
circularCrossing,training,102,repeated_e1.5_t6_y1,1,,0,1000,2,0.0354056152643594,0.109388063882052,2.56679965944449,0.0718420691230108,1.67622041553929,2.96689985956682,0.414151514184219,0.587692903012448,2.26397594955127,0.141315457078313,0.420279092678292,10.7581154837039,31.2384628248485,0.116034678050791,0.437127166854865,5.02649641433364,15.7845612127089,6.43397799593241,3,0.0346883069685372,0.573435639698984,0.172176349061639,0.141146066534472,3.68554880476278,1.74822276082281,1.11803398874989,8.22571382364227,9.62604924275059,3.24,0.340293333333333,0.533,0.005,0,0,90,3.68106505540927
circularCrossing,training,102,repeated_e1.5_t6_y3,1,,0,1000,2,0.0353966480949419,0.109415566927823,3.58015771137703,0.0718341095743336,0.783973965662266,1.53014110520903,0.41301552384062,0.230295836569681,0.842162317431495,0.141244715238606,0.421497504642772,5.74673354008206,14.2814925228227,0.116034678050791,0.437127166854865,3.13526052129988,6.04113651822578,2.93004472340212,3,0.0346950586909177,0.668087955818035,0.174862722178153,0.141217783707043,5.60568761516101,3.21020780625101,1.11803398874989,11.0134960091942,9.64392802833498,4.02,0.342573333333333,0.592,0.005,0,0,90,1.96390486210519
circularCrossing,training,102,repeated_e3_t1.5_y0.1,1,,0,1000,2,0.0463278957699176,0.172727772341811,0.75998731083842,0.0867978948769626,0.699196771150127,1.17478339407247,0.252617548470315,0.0706466120882326,0.237489089794318,0.0519196615841439,0.0967657919687248,4.48356392708022,7.35242942103202,0.0266228222396891,0.100230747665587,1.86472231686444,2.59595750861739,2.01913205744406,3,0.0370301179274705,0.534461706108124,0.0711975073301325,0.0549989152286182,3.69646796381482,1.70046873012027,1.11803398874989,3.77020268953152,0.688840712337213,2.6,0.355863333333333,0.61,0.005,0,0,90,1.50128496729169
circularCrossing,training,102,repeated_e3_t1.5_y1,1,,0,1000,2,0.0464652677619718,0.173032758145398,1.55063188211306,0.0806282208060572,0.348641355264542,0.863318112234357,0.262000420405126,0.131890696296172,0.244330273198463,0.0576045941970848,0.0942187049275063,3.26954500204015,5.59149129969733,0.0266228222396891,0.100230747665587,2.06989379038924,3.45673059372171,1.91915324452503,3,0.0397835747502693,0.28935916093323,0.113777865067698,0.0533748491992261,2.46264111737137,1.47631726095971,1.11803398874989,6.1620896136705,0.632649676064183,1.44,0.360973333333333,0.637,0.005,0,0,90,1.38234307062009
circularCrossing,training,102,repeated_e3_t1.5_y3,1,,0,1000,2,0.0512180110487814,0.17420056148591,2.45794587581125,0.0860762679006011,0.629543785749684,1.45370174082613,0.293355337032945,0.113774813183609,0.216743745477675,0.0664908677662281,0.104045730507053,5.57680357000222,18.3026674670408,0.0266228222396891,0.100230747665587,3.22505960889003,9.99344758826133,2.98031957263488,3,0.0447348122282971,0.234466353074817,0.0916768001727208,0.0607390074817992,1.86036381353392,1.12459390630097,1.11803398874989,9.70663926251229,0.647443202035487,2.5,0.338476666666667,0.589,0.005,0,0,90,1.85509045085548
circularCrossing,training,102,repeated_e3_t3_y0.1,1,,0,1000,2,0.021399614179581,0.131278084549051,0.94696133365844,0.0525430487853401,0.560861118274819,1.03504878639725,0.133408897055276,0.109052830997844,0.32320084720898,0.0434539554840197,0.123604241111412,3.9348766291633,6.75188987276739,0.0266228222396891,0.100230747665587,1.86472231686444,2.59595750861739,2.01913205744406,3,0.0208642953935553,0.445282736104065,0.114422957071288,0.0427678915876596,3.32787463836791,1.70046873012027,1.11803398874989,5.34604525648906,2.27950561141767,2.16,0.343376666666667,0.56,0.005,0,0,90,1.21907712962416
circularCrossing,training,102,repeated_e3_t3_y1,1,,0,1000,2,0.0213644522912985,0.131333940855341,1.65975182013038,0.0524315417071597,0.482895562754455,1.0118389693795,0.136463538509459,0.0889928529448223,0.187385627992283,0.0435343797571139,0.124378816923528,3.85397661500638,6.65983548882426,0.0266228222396891,0.100230747665587,2.06989379038924,3.45673059372171,1.91915324452503,3,0.0208644476694422,0.395333327264223,0.0863238695542272,0.0429863280860938,2.92805982517086,1.47631726095971,1.11803398874989,6.48445753216224,2.28162776483487,1.52,0.346123333333333,0.554,0.005,0,0,90,1.16242555180391
circularCrossing,training,102,repeated_e3_t3_y3,1,,0,1000,2,0.0215026468661878,0.131446410770451,2.59245499411467,0.0537254346918523,0.73948338895225,1.57478626728029,0.149371940285169,0.0678252640831093,0.163556257112782,0.0437359354292094,0.12721216917792,6.03152605226028,18.6246587850134,0.0266228222396891,0.100230747665587,3.22505960889003,9.99344758826133,2.98031957263488,3,0.0209201716474948,0.301795787398261,0.0688730943169037,0.0434316756967725,2.21986888951253,1.12459390630097,1.11803398874989,9.98991408097883,2.28421401552463,2.86,0.32751,0.611,0.005,0,0,90,1.55698220728015
circularCrossing,training,102,repeated_e3_t6_y0.1,1,,0,1000,2,0.0353905888642619,0.109305010036704,1.09287023352247,0.0719374078845145,0.559526637185307,1.02010007359532,0.412382105759747,0.172715531804988,0.491346266695043,0.141170694345958,0.421781513817834,3.84526702547231,6.39968015215022,0.0266228222396891,0.100230747665587,1.86472231686444,2.59595750861739,2.01913205744406,3,0.0346978392323668,0.486403449162079,0.175224334259597,0.141221037945709,3.37825318368962,1.70046873012027,1.11803398874989,7.69610627640204,9.58982305256622,2.48,0.321956666666667,0.585,0.005,0,0,90,1.46839035734706
circularCrossing,training,102,repeated_e3_t6_y1,1,,0,1000,2,0.0353846924253877,0.109330620995278,1.67164236951237,0.0718785482585635,0.550077615258267,1.06599331709223,0.411930434571958,0.157024188367298,0.415111984204378,0.141161647451511,0.422292632832079,4.03287182816052,7.59250852293604,0.0266228222396891,0.100230747665587,2.06989379038924,3.45673059372171,1.91915324452503,3,0.034700880835444,0.438282699210934,0.15382155425277,0.141265355587003,2.97905747026471,1.47631726095971,1.11803398874989,7.11042091587452,9.6022558140432,2.86,0.33303,0.628,0.005,0,0,90,1.47446966662058
circularCrossing,training,102,repeated_e3_t6_y3,1,,0,1000,2,0.0353713906314279,0.109369533492269,2.56096178857354,0.0718914653741621,0.820562155811961,1.64537432265154,0.411407842876348,0.148374107988013,0.390668165889087,0.141135753178219,0.422639143875479,6.27908016735098,19.50762439243,0.0266228222396891,0.100230747665587,3.22505960889003,9.99344758826133,2.98031957263488,3,0.0347031169892429,0.356860396785761,0.148557020638957,0.141288683539054,2.28242077278713,1.12459390630097,1.11803398874989,10.0995617032664,9.62362005866924,2.92,0.345673333333333,0.564,0.005,0,0,90,1.9062781557605
circularCrossing,training,102,repeated_e6_t1.5_y0.1,1,,0,1000,2,0.0516412061754769,0.173536650502376,0.785857558811891,0.0929975112098654,0.498179795353837,1.04988063434849,0.28451987958753,0.230267345248697,0.597001692975839,0.0577766871877562,0.108206630115596,3.89619170783562,5.16831761518843,0.0331923130136021,0.182378979155291,2.29574264102427,2.70858726950458,2.3540349624537,3,0.042588011119049,0.528949695490062,0.253223266063018,0.064984105231455,3.88769618763739,2.1835482893169,1.11803398874989,6.80180046959871,0.717472559520849,0.54,0.372556666666667,0.507,0.005,0,0,90,1.75618509381929
circularCrossing,training,102,repeated_e6_t1.5_y1,1,,0,1000,2,0.0631476750826816,0.176219762406403,1.06745296067634,0.107404295384617,1.08998551116516,2.38377718666086,0.352901043463565,0.193850258089181,0.50774273400798,0.0741792179609239,0.131664653114139,9.0794919466746,25.9899209869935,0.0331923130136021,0.182378979155291,5.01953781911017,13.6503650967918,5.02424995671028,3,0.0532987653302606,0.497624673360862,0.20931979905714,0.0850112334941385,3.96294527924885,2.3049174924115,1.11803398874989,7.83079334428857,0.795033356347172,3.22,0.356846666666667,0.581,0.005,0,0,90,2.8350756563401
circularCrossing,training,102,repeated_e6_t1.5_y3,1,,0,1000,2,0.0834631389316474,0.18145086246675,9.34310253975162,0.141174947086734,0.546745547122204,1.088198897024,0.447414767788348,0.211357705908673,0.476992457540812,0.120509966576687,0.230314460963434,4.10454549706042,16.820165482904,0.0331923130136021,0.182378979155291,2.36883450475389,9.10953426058614,2.39009125727945,3,0.0676682736896044,0.475342862320018,0.172710542142025,0.0879279117383443,2.94758362586767,1.42637512673382,1.11803398874989,31.2088344996776,1.04143505334313,3.52,0.345243333333333,0.575,0.005,0,0,90,2.0782559005459
circularCrossing,training,102,repeated_e6_t3_y0.1,1,,0,1000,2,0.0214776205498961,0.13119104229519,1.08991026747709,0.0536543222167785,0.612911543811996,1.19000288872099,0.140943593883006,0.19001887812776,0.533926372890081,0.0438234652933481,0.126909086395305,4.47402658693143,6.37007763957477,0.0331923130136021,0.182378979155291,2.29574264102427,2.70858726950458,2.3540349624537,3,0.0208644192517347,0.60834235177823,0.210290826114928,0.0433098111227144,4.31582901727163,2.1835482893169,1.11803398874989,8.25347423251044,2.26613820922706,0.56,0.360833333333333,0.53,0.005,0,0,90,1.48961927914077
circularCrossing,training,102,repeated_e6_t3_y1,1,,0,1000,2,0.0218708563225895,0.131378848918821,1.25577559404444,0.0565285395421439,1.2649691289991,2.56603063753381,0.168120080552725,0.183816937463172,0.470511929504729,0.0445050866924213,0.13275641231813,9.75812858168943,26.5939419732374,0.0331923130136021,0.182378979155291,5.01953781911017,13.6503650967918,5.02424995671028,3,0.0209793870613354,0.624602390244134,0.178403947760245,0.0442361149218306,4.54384782884558,2.3049174924115,1.11803398874989,7.47651372871329,2.26767135032808,3.42,0.354716666666667,0.824,0.005,0,0,90,2.53796815449012
circularCrossing,training,102,repeated_e6_t3_y3,1,,0,1000,2,0.0224558006450994,0.131960792152377,9.240955516185,0.058575957569117,0.580568288102035,1.17894603911782,0.195279983270262,0.140184697291189,0.341722686651064,0.0446353117541152,0.134396198165359,4.48038683307794,17.5038612421162,0.0331923130136021,0.182378979155291,2.36883450475389,9.10953426058614,2.39009125727945,3,0.0210445767123504,0.413847610515803,0.148613689728919,0.044630088242416,2.84271555675772,1.42637512673382,1.11803398874989,30.7808049185677,2.27034844965982,2.48,0.359393333333333,0.573,0.005,0,0,90,1.40100476764896
circularCrossing,training,102,repeated_e6_t6_y0.1,1,,0,1000,2,0.0353815437653424,0.109191294444454,1.45008375153339,0.0718354425561701,0.668989111122966,1.23561581093572,0.411750716417673,0.228206618782421,0.561869446006524,0.141170991825847,0.422298018432883,4.6267035971624,7.32786932615942,0.0331923130136021,0.182378979155291,2.29574264102427,2.70858726950458,2.3540349624537,3,0.0347012975458385,0.638948721950674,0.244558729633053,0.141285278875954,4.35906307099906,2.1835482893169,1.11803398874989,11.5095603230819,9.53438512720374,5.62,0.35736,0.636,0.005,0,0,90,1.73556939465075
circularCrossing,training,102,repeated_e6_t6_y1,1,,0,1000,2,0.0353607391086361,0.109208294883522,1.57241247562101,0.071872898150718,1.34237988357805,2.63712831835437,0.411209173773133,0.22987361795468,0.606566847010194,0.141129915098142,0.422859248929715,10.0132216968565,27.5445677383771,0.0331923130136021,0.182378979155291,5.01953781911017,13.6503650967918,5.02424995671028,3,0.0347064405264358,0.658157563980289,0.226808241054255,0.141310195255185,4.58519183318273,2.3049174924115,1.11803398874989,10.7711628223838,9.54257839394911,3.5,0.360806666666667,0.577,0.005,0,0,90,2.81599896636701
circularCrossing,training,102,repeated_e6_t6_y3,1,,0,1000,2,0.0353456432153954,0.109266993442287,9.10168856670054,0.0718924336765432,0.673816981410508,1.26193545274211,0.41064192522545,0.200195039905868,0.570405886837086,0.141126060235283,0.422697880460959,4.76303330089133,18.6469455481643,0.0331923130136021,0.182378979155291,2.36883450475389,9.10953426058614,2.39009125727945,3,0.0347028584871831,0.453590873834312,0.209033847791152,0.141300546814292,2.85901322110577,1.42637512673382,1.11803398874989,29.7560263219898,9.55983000450061,3.18,0.350013333333333,0.621,0.005,0,0,90,1.70645317214396
circularFollowing,training,101,lmi_e1.5_t1.5_y0.1,1,,0,1000,2,0.033822896145299,0.121606398915968,0.879636896363303,0.0774634343375942,0.482248093529091,0.366330152678108,0.34475289826892,0.254213000029404,0.663417944115679,0.167464742939043,0.497958054711371,0.971231343036584,2.73738783743502,0.0304193120263818,0.218986065800935,1.28535392350698,1.91098918936109,1.44468815801318,6,0.0331312801532293,0.421205889382093,0.240494784950834,0.166068108870327,0.887089795090091,1.02275091218791,1.11803398874989,14.1708726309271,8.0686472913367,5.06,0.309216666666666,0.893,0.005,0,0,33.8275916479962,1.04090123011911
circularFollowing,training,101,lmi_e1.5_t1.5_y1,1,,0,1000,2,0.0338215635298056,0.121607109310778,1.12276294980844,0.077389797540884,0.887083001025957,0.445174378210233,0.345122353343254,0.346873111232323,1.19030782232017,0.167411345786018,0.497841608560822,1.02461603594517,2.87316212483067,0.0304193120263818,0.218986065800935,3.14095487457931,11.1875888223959,3.20120590319412,6,0.0331351843553085,0.339831958476026,0.234816126632739,0.166054839864234,0.900182160644733,0.553719547442929,1.11803398874989,13.2881056251123,8.0349254602574,3.72,0.307268333333333,0.495,0.005,0,0,33.8275916479962,1.23688506495174
circularFollowing,training,101,lmi_e1.5_t1.5_y3,1,,0,1000,2,0.0338608842190556,0.121385614001173,1.34486402361293,0.0776200320825069,0.64927094407555,0.420408515562579,0.345748025469908,0.31631026590854,0.899023661233066,0.167602023967044,0.497849223195042,1.02061390334434,2.62987427732223,0.0304193120263818,0.218986065800935,2.19792534445749,7.81987057682022,2.27462103268075,6,0.0331355201335378,0.45516639575445,0.27363012583212,0.166038125100711,0.934236666835509,1.43815534491769,1.11803398874989,30.3383375853409,7.96228251251827,6.86,0.299128333333333,0.421,0.005,0,0,33.8275916479962,1.1753521546765
circularFollowing,training,101,lmi_e1.5_t3_y0.1,1,,0,1000,2,0.0544617197885817,0.109491144639244,0.814763813235692,0.150313370589756,0.867859378614913,0.810349953488082,2.06360922555099,0.584556267673907,1.68214078119653,0.569150613778615,1.78968644452213,2.06824257602411,6.85730479165075,0.0304193120263818,0.218986065800935,1.28535392350698,1.91098918936109,1.44468815801318,6,0.0565426869696982,0.886270871918272,0.634543709489745,0.602431069431938,2.078858037109,1.02275091218791,1.11803398874989,20.5414183669649,34.6356000549688,11.98,0.302743333333333,0.44,0.005,0,0,33.8275916479962,2.12737824843845
circularFollowing,training,101,lmi_e1.5_t3_y1,1,,0,1000,2,0.0544616302863819,0.109533799788965,0.990833224507624,0.150313926748253,1.14265517971928,0.846617578392524,2.06366428877564,0.629393436801579,1.91581801652025,0.56914799455176,1.7898714427827,2.08753823091718,6.74725509555852,0.0304193120263818,0.218986065800935,3.14095487457931,11.1875888223959,3.20120590319412,6,0.056542112265916,0.859358812693075,0.634371045408471,0.602428875243754,2.08391038163065,0.553719547442929,1.11803398874989,19.9435794139025,34.6287675647686,11.98,0.302141666666667,0.348,0.005,0,0,33.8275916479962,2.22091082265041
circularFollowing,training,101,lmi_e1.5_t3_y3,1,,0,1000,2,0.0544608829520447,0.109591976533009,1.21032578667924,0.150311129687915,0.982769193814075,0.834229621336032,2.06357098129316,0.614217811796236,1.6884247901795,0.569167335063244,1.78986493221041,2.08585413162732,6.72399568126528,0.0304193120263818,0.218986065800935,2.19792534445749,7.81987057682022,2.27462103268075,6,0.0565407601255784,0.928753253769688,0.650405591279954,0.602427040321614,2.09782577111536,1.43815534491769,1.11803398874989,31.3195840917721,34.6259554479122,11.98,0.302658333333333,0.521,0.005,0,0,33.8275916479962,2.19021527943838
circularFollowing,training,101,lmi_e1.5_t6_y0.1,1,,0,1000,2,0.0984094894997026,0.139518381499007,2.13773911564556,0.245381574966535,2.77901054621869,2.76262366176317,14.7001861682063,1.87448149535628,6.43827599195644,2.48310885919272,6.22306407033417,7.50825917001244,22.1605321368658,0.0304193120263818,0.218986065800935,1.28535392350698,1.91098918936109,1.44468815801318,6,0.0961638902804148,2.68266860026675,1.99469169919026,2.4212543468081,6.60634411518761,1.02275091218791,1.11803398874989,34.6382855815946,167.315941712704,Inf,0.30173,0.422,0.005,0,0,33.8275916479962,6.23470971971208
circularFollowing,training,101,lmi_e1.5_t6_y1,1,,0,1000,2,0.098414671670228,0.139538503544943,2.22635192966054,0.245378753728074,2.87446957080148,2.7719655253124,14.7014653252021,1.88652921887279,6.48337084845052,2.48321766505913,6.22389515120407,7.51556506264879,22.2449308733206,0.0304193120263818,0.218986065800935,3.14095487457931,11.1875888223959,3.20120590319412,6,0.0961638387464241,2.67350237704401,1.99112334349178,2.421262633863,6.6397319776731,0.553719547442929,1.11803398874989,34.4283685811728,167.469738093751,Inf,0.297618333333333,0.448,0.005,0,0,33.8275916479962,6.26031816697761
circularFollowing,training,101,lmi_e1.5_t6_y3,1,,0,1000,2,0.0984172253764379,0.140479614948577,2.36823648512085,0.245202397606697,2.8172796311628,2.7708228101237,14.7062528339466,1.88297540175932,6.50869874075912,2.48338938189603,6.23126375462319,7.54977855502321,22.7422434371058,0.0304193120263818,0.218986065800935,2.19792534445749,7.81987057682022,2.27462103268075,6,0.096164717632911,2.6946555777213,1.99254894961991,2.42126935034005,6.66190204993319,1.43815534491769,1.11803398874989,35.6928772859426,167.772063413301,Inf,0.298325,0.355,0.005,0,0,33.8275916479962,6.26007876828767
circularFollowing,training,101,lmi_e3_t1.5_y0.1,1,,0,1000,2,0.0338158527488351,0.121884786584838,0.77856650149742,0.0774125486934693,0.97516962005431,0.799086169610567,0.34505336903738,0.548923209271143,1.47825287052986,0.167413918340127,0.498030158891777,2.13488240564882,6.25038686447488,0.049702021069765,0.719250167609775,2.23403520928586,3.01904200490853,3.11004064153801,6,0.0331296361185229,0.934888388885026,0.55688009193522,0.166064894746577,1.90143564533278,2.18698299822449,1.11803398874989,22.3840467327305,8.32975404668593,11.96,0.299978333333333,0.339,0.005,0,0,33.8275916479962,1.8629814271604
circularFollowing,training,101,lmi_e3_t1.5_y1,1,,0,1000,2,0.0338161371612476,0.1219240447667,1.03789605485704,0.0773884776960494,1.55712986747701,0.903726094204945,0.345856803568245,0.685113558453839,2.24779863068612,0.167341751136381,0.497931888070608,2.16974252971367,6.40231114833923,0.049702021069765,0.719250167609775,4.95722547038814,14.6963956941204,5.6131350758827,6,0.0331461737838551,1.38750767555092,0.666204529120044,0.166017715658203,1.94252512844603,4.34490191863373,1.11803398874989,21.6625882839531,8.32701209056008,Inf,0.299376666666667,0.337,0.005,0,0,33.8275916479962,2.14233699446289
circularFollowing,training,101,lmi_e3_t1.5_y3,1,,0,1000,2,0.033809704504082,0.121934543601979,1.4570919773913,0.0775193711338614,2.99530224563893,1.27084987671336,0.347246499941543,1.09292381343135,3.87444328891929,0.167175410563025,0.49703332021945,2.41240979528647,9.49538375503099,0.049702021069765,0.719250167609775,10.9059069258067,44.6877391610687,11.3766418920356,6,0.0331506776375827,2.5971070291582,1.01141336728689,0.165770856838514,2.15733499576738,9.35093920771849,1.11803398874989,20.3280132781817,8.31496714234883,Inf,0.30033,0.333,0.005,0,0,33.8275916479962,3.0064266309608
circularFollowing,training,101,lmi_e3_t3_y0.1,1,,0,1000,2,0.0544606248384077,0.10938728782385,1.56962354277458,0.150296754044171,1.27002429046422,1.14228946123205,2.06359110195797,0.793313572426137,2.12748980377601,0.569136938572423,1.78949788609506,3.01500624291737,8.52201615708974,0.049702021069765,0.719250167609775,2.23403520928586,3.01904200490853,3.11004064153801,6,0.0565400605468748,1.29464555983622,0.852155919815533,0.602411383478974,2.9650122359479,2.18698299822449,1.11803398874989,31.0538572299492,35.0944280037808,Inf,0.299575,0.336,0.005,0,0,33.8275916479962,2.73423464181983
circularFollowing,training,101,lmi_e3_t3_y1,1,,0,1000,2,0.0544574954070902,0.1094012324655,1.68954443257761,0.150295746411778,1.75937597311527,1.22296120925121,2.06351607680628,0.89653284944565,2.63180984530688,0.569111315779618,1.78946905825917,3.05117707548574,8.71103896916234,0.049702021069765,0.719250167609775,4.95722547038814,14.6963956941204,5.6131350758827,6,0.0565358021681462,1.66345006885763,0.93625552079279,0.602366989380238,3.00899280709492,4.34490191863373,1.11803398874989,30.4689181477186,35.127027046278,Inf,0.300628333333333,0.351,0.005,0,0,33.8275916479962,2.94787606805935
circularFollowing,training,101,lmi_e3_t3_y3,1,,0,1000,2,0.054445114044156,0.109437670602597,1.93287715543215,0.150297411605396,3.09662652145723,1.53515964883045,2.06278070579859,1.25614270865701,4.4151537238485,0.568996393491941,1.79000043021693,3.2571072174468,10.7664137067975,0.049702021069765,0.719250167609775,10.9059069258067,44.6877391610687,11.3766418920356,6,0.056527793212805,2.75794866459277,1.21912100192,0.602301138082959,3.22909990644391,9.35093920771849,1.11803398874989,29.276742780069,35.1899788889722,Inf,0.30039,0.335,0.005,0,0,33.8275916479962,3.70815800124493
circularFollowing,training,101,lmi_e3_t6_y0.1,1,,0,1000,2,0.0984025757399067,0.139082321756319,2.48093575889174,0.245415554599543,2.90134685332143,2.84957341235625,14.6948625383284,1.92775491457493,5.88230602594036,2.48287160196097,6.21956080805849,7.70116394882201,21.1316271081694,0.049702021069765,0.719250167609775,2.23403520928586,3.01904200490853,3.11004064153801,6,0.0961524190157322,2.77734330317807,2.02545280263891,2.42093379318442,6.69251547245636,2.18698299822449,1.11803398874989,43.0774072785745,162.012767396763,Inf,0.301053333333333,0.331,0.005,0,0,33.8275916479962,6.37976837631334
circularFollowing,training,101,lmi_e3_t6_y1,1,,0,1000,2,0.0984011526654916,0.139117104705919,2.52856299283863,0.245519787868016,3.14272458561908,2.87661217501138,14.6934180563065,1.95765578156236,5.91370658836659,2.48303192461075,6.21507669005211,7.7470339075751,21.4030273891495,0.049702021069765,0.719250167609775,4.95722547038814,14.6963956941204,5.6131350758827,6,0.0961493703944848,2.98614657975355,2.04339276099596,2.42103634845442,6.77586889647338,4.34490191863373,1.11803398874989,42.6895583833512,162.13083088564,Inf,0.300441666666666,0.334,0.005,0,0,33.8275916479962,6.44872987129465
circularFollowing,training,101,lmi_e3_t6_y3,1,,0,1000,2,0.0983880042209517,0.139165431155772,2.6251592785331,0.246104369305839,4.06178017926804,3.00129503709217,14.6907207380809,2.10440292572136,6.54439245742485,2.48326779506055,6.19752998006086,7.94817067398856,22.5815525840962,0.049702021069765,0.719250167609775,10.9059069258067,44.6877391610687,11.3766418920356,6,0.0961478662759072,3.76141987667367,2.13982783348158,2.4216353473864,7.07092810829035,9.35093920771849,1.11803398874989,42.1064408028878,162.379806580703,Inf,0.300336666666667,0.348,0.005,0,0,33.8275916479962,6.78232002844995
circularFollowing,training,101,lmi_e6_t1.5_y0.1,1,,0,1000,2,0.0338201211334251,0.121567492538929,2.4564102636198,0.0772141830313734,2.67190755736851,2.64646888935936,0.344284362711151,1.74035867090628,4.46741882457694,0.167196817757237,0.497209854328476,7.37046679014875,25.0881882451323,0.092087686097422,2.63185843967492,1.61436199478197,3.74326585219233,7.965316428658,6,0.033148186887198,2.63995680455669,1.82587116724726,0.165804884548416,6.9795762722366,1.22101662173339,1.11803398874989,39.7941644127859,8.01887197117602,Inf,0.30062,0.339,0.005,0,0,33.8275916479962,5.29301191117657
circularFollowing,training,101,lmi_e6_t1.5_y1,1,,0,1000,2,0.0338429482146738,0.121607934969641,2.80230039535953,0.0773253105074251,4.73963898213856,2.97741223276086,0.349915233590473,2.14599423549932,6.52010080628582,0.166839122308445,0.496964148474232,7.83982501954103,24.1961507223245,0.092087686097422,2.63185843967492,15.189259017833,38.0237163168293,17.0928334553321,6,0.0331875337243719,5.39499558980673,2.36251450001791,0.165278526580201,7.76139458727282,18.0628007199543,1.11803398874989,39.3527126295099,8.02153293754234,Inf,0.300295,0.35,0.005,0,0,33.8275916479962,6.19838295705358
circularFollowing,training,101,lmi_e6_t1.5_y3,1,,0,1000,2,0.033890434326188,0.121630227823923,3.52409495207188,0.0776177536496312,9.12329888538882,3.93801514300638,0.34964996522955,3.06211530608325,7.36328943151363,0.166500904278864,0.495909749553426,9.27326568748552,30.1491552337687,0.092087686097422,2.63185843967492,34.5317491479367,84.361974086549,35.3974937359285,6,0.0332647304693254,9.82989622432323,3.3469689457112,0.164689665824506,9.40674930691753,37.2218585717957,1.11803398874989,38.4340179133795,8.02487051076166,Inf,0.30139,0.352,0.005,0,0,33.8275916479962,8.31778809292549
circularFollowing,training,101,lmi_e6_t3_y0.1,1,,0,1000,2,0.0544620163913905,0.109150368403984,2.78463951075069,0.150297993915692,2.76831352080253,2.7450757911929,2.06309985063838,1.80982838689323,5.09160001999468,0.569046527040354,1.78916488816812,7.60242570371143,26.1621580918898,0.092087686097422,2.63185843967492,1.61436199478197,3.74326585219233,7.965316428658,6,0.056544637372257,2.71800350045368,1.87805481777357,0.602287241406596,7.18415306979036,1.22101662173339,1.11803398874989,48.5149344423769,33.9556455149264,Inf,0.29943,0.336,0.005,0,0,33.8275916479962,5.68476207844264
circularFollowing,training,101,lmi_e6_t3_y1,1,,0,1000,2,0.0544516463105388,0.109105802378246,3.09318316285161,0.150300698075642,4.79187625071943,3.07248437218925,2.0618361620158,2.20913299024249,6.33676010331766,0.568807879208729,1.79179270377769,8.08079425210532,25.1154616009764,0.092087686097422,2.63185843967492,15.189259017833,38.0237163168293,17.0928334553321,6,0.0565309293847864,5.43619111760573,2.41491005641573,0.60202219351183,7.98468093019235,18.0628007199543,1.11803398874989,48.0262083138811,34.0030845683503,Inf,0.300851666666666,0.366,0.005,0,0,33.8275916479962,6.57894129401143
circularFollowing,training,101,lmi_e6_t3_y3,1,,0,1000,2,0.0544442061810637,0.109026962384798,3.7554479973924,0.150054704494334,9.17197076500911,4.01799810573122,2.06277196554563,3.11744045278471,7.49925229561498,0.568802360614514,1.78775679062485,9.48750291414819,34.8145453683166,0.092087686097422,2.63185843967492,34.5317491479367,84.361974086549,35.3974937359285,6,0.0565211076604734,9.87735194087113,3.38552406058205,0.602028756442088,9.61234187663619,37.2218585717957,1.11803398874989,46.9572513946757,34.0968104940065,Inf,0.299161666666667,0.454,0.005,0,0,33.8275916479962,8.6768235502097
circularFollowing,training,101,lmi_e6_t6_y0.1,1,,0,1000,2,0.098416235555218,0.139097206262186,4.97286699564098,0.245805439121216,3.85217014650094,3.83487283196252,14.7057119472182,2.64049786942758,8.64005668673304,2.48363816128628,6.23218207150778,10.3513457903173,37.6093582655808,0.092087686097422,2.63185843967492,1.61436199478197,3.74326585219233,7.965316428658,6,0.0961599188757448,3.79061523516588,2.6514464093852,2.4216240100172,10.0809264210851,1.22101662173339,1.11803398874989,67.400017903341,154.398261015597,Inf,0.299371666666667,0.483,0.005,0,0,33.8275916479962,8.3354272524708
circularFollowing,training,101,lmi_e6_t6_y1,1,,0,1000,2,0.0984058999143194,0.139095718820929,5.13228780435047,0.246785873140562,5.49851403178508,4.08656162440099,14.7061865871421,2.90841593579824,9.37755177158925,2.48380084224057,6.19154918543713,11.0232555477501,41.8283597280405,0.092087686097422,2.63185843967492,15.189259017833,38.0237163168293,17.0928334553321,6,0.0961396187254325,6.05559050533678,2.99808841858443,2.42203325710716,11.2514934831142,18.0628007199543,1.11803398874989,67.0191588031144,154.530880514372,Inf,0.300628333333333,0.39,0.005,0,0,33.8275916479962,9.00554198028969
circularFollowing,training,101,lmi_e6_t6_y3,1,,0,1000,2,0.0985021464967836,0.139161378485478,5.52439376851314,0.247754833686466,9.59379000738606,4.89551408530594,14.7280929732566,3.70420571191053,11.4216722727211,2.48617998345504,6.15079493757131,12.1701406242372,45.0750816942482,0.092087686097422,2.63185843967492,34.5317491479367,84.361974086549,35.3974937359285,6,0.0963382684754037,10.2442654845209,3.88885696261123,2.4280092222929,12.6322477145925,37.2218585717957,1.11803398874989,66.1770942213851,154.817200449332,Inf,0.30722,0.552,0.005,0,0,33.8275916479962,10.8274610136363
circularFollowing,training,101,repeated_e1.5_t1.5_y0.1,1,,0,1000,2,0.0440591708802437,0.12283344972747,0.652008615541335,0.109987514667691,1.27668943227271,0.489563386165988,0.198125989432299,0.313628612582164,0.767917948547534,0.11251929527898,0.362128763126625,1.41485003946889,4.50460594305829,0.0752736875203357,0.275964139989742,3.52210676236067,6.36311229465157,4.34664634463384,6,0.0214975910252876,0.676100737129704,0.212550052751241,0.0279034363348295,0.178598214675093,2.42356008693652,1.11803398874989,2.99945775870749,0.735398166543155,5.98,0.299666666666667,0.432,0.005,0,0,33.8275916479962,1.35081894186054
circularFollowing,training,101,repeated_e1.5_t1.5_y1,1,,0,1000,2,0.045397837104768,0.123189561248346,1.1894290482962,0.115691661222216,1.1964476851016,0.494838502692097,0.203507400068016,0.291829879203454,1.48149115846081,0.114273865038387,0.371319928212118,1.50778456708665,4.55855225482235,0.0752736875203357,0.275964139989742,3.24331222894037,15.9900398334315,4.12078019719388,6,0.0196825933533099,0.170545917040937,0.0614975629899702,0.0251592092173629,0.195041382829103,0.673925089883225,1.11803398874989,8.06540488164957,0.782765314174208,3.32,0.299556666666667,0.365,0.005,0,0,33.8275916479962,1.33919504287192
circularFollowing,training,101,repeated_e1.5_t1.5_y3,1,,0,1000,2,0.0431966915567458,0.122573509649431,1.47331794861366,0.111704986855785,0.519242330756454,0.466821338350111,0.189393002945212,0.158517178922784,0.787246698865927,0.107396306082102,0.353827362453607,1.62575708379755,4.75069779874058,0.0752736875203357,0.275964139989742,2.01697504619508,6.21516259645123,1.88159597529569,6,0.0196337285216054,0.12108850439691,0.048492906620878,0.0242907129483043,0.183006778994141,0.469600059230898,1.11803398874989,10.7349902665332,0.760536994513981,2.46,0.300086666666667,0.361,0.005,0,0,33.8275916479962,1.07415269017254
circularFollowing,training,101,repeated_e1.5_t3_y0.1,1,,0,1000,2,0.0263725297023585,0.0923980604071227,0.675215114915219,0.0595981467308344,1.1701398188461,0.426303383024448,0.109478554981831,0.333030738419143,0.791827554987782,0.0585525436360291,0.220686482413266,1.00486013799231,3.76833360514011,0.0752736875203357,0.275964139989742,3.52210676236067,6.36311229465157,4.34664634463384,6,0.0259696979004749,0.656946563435155,0.20978469793369,0.053245599673263,0.262887573070524,2.42356008693652,1.11803398874989,3.22417986134115,2.21152590146133,5.98,0.298073333333333,0.343,0.005,0,0,33.8275916479962,1.13075880146033
circularFollowing,training,101,repeated_e1.5_t3_y1,1,,0,1000,2,0.0264097741418801,0.0924085548011965,1.15466860372171,0.0607053586051439,1.10994740529989,0.429763900290502,0.111602904647992,0.328945075579522,1.49651561838351,0.0587839824173008,0.223509590489858,1.04756741039996,3.6963287534713,0.0752736875203357,0.275964139989742,3.24331222894037,15.9900398334315,4.12078019719388,6,0.0259078578021377,0.183756215233341,0.083524500392561,0.0530578950124895,0.251090407562898,0.673925089883225,1.11803398874989,8.27713589055887,2.21292045232701,3.22,0.298165,0.361,0.005,0,0,33.8275916479962,1.13150137465784
circularFollowing,training,101,repeated_e1.5_t3_y3,1,,0,1000,2,0.0263185607093538,0.0923805281087155,1.43992726038296,0.0606479047850386,0.51937205652679,0.366449945301076,0.105825285219026,0.180421966340715,0.753985294018818,0.058680237867132,0.222298808721828,1.18304000377047,3.83148323463204,0.0752736875203357,0.275964139989742,2.01697504619508,6.21516259645123,1.88159597529569,6,0.0259086912830077,0.138226069280229,0.0722484005501088,0.0530683358559709,0.244165053541049,0.469600059230898,1.11803398874989,11.0416559413165,2.22075304691543,2.38,0.300628333333333,0.392,0.005,0,0,33.8275916479962,0.860637540529064
circularFollowing,training,101,repeated_e1.5_t6_y0.1,1,,0,1000,2,0.0367092653862796,0.0787738907487109,0.716562181374067,0.0884940504740354,1.16223960979147,0.45420263032013,0.402682241371748,0.365296063538733,1.05846622499716,0.139888572374366,0.396880237488705,1.01661236326662,3.57090023368156,0.0752736875203357,0.275964139989742,3.52210676236067,6.36311229465157,4.34664634463384,6,0.0369345029788473,0.678470516882007,0.255817865074552,0.140684473841799,0.542713618726304,2.42356008693652,1.11803398874989,6.05050881604962,9.28483806817249,7.44,0.299556666666667,0.348,0.005,0,0,33.8275916479962,1.30100725359359
circularFollowing,training,101,repeated_e1.5_t6_y1,1,,0,1000,2,0.0367071338812431,0.0787415700276796,1.14367010300406,0.0885592523265526,1.09931542416613,0.464702865303572,0.402890939524287,0.370499739082429,1.55262146712234,0.139810929609072,0.39702897830762,1.05607209415029,3.58728898383281,0.0752736875203357,0.275964139989742,3.24331222894037,15.9900398334315,4.12078019719388,6,0.0369316713367191,0.268458746951689,0.167767891830796,0.140707812271722,0.524574187966029,0.673925089883225,1.11803398874989,8.12513768119864,9.27376538478216,3.26,0.299566666666666,0.384,0.005,0,0,33.8275916479962,1.31928523580735
circularFollowing,training,101,repeated_e1.5_t6_y3,1,,0,1000,2,0.0367027678769785,0.0786895395169123,1.38018092300851,0.0885559916171282,0.540195028842136,0.39716828764882,0.402647997525161,0.23451886151988,0.774355024852133,0.139739574525711,0.397026233519225,1.18688818805362,3.70520558241103,0.0752736875203357,0.275964139989742,2.01697504619508,6.21516259645123,1.88159597529569,6,0.0369318186510321,0.240217589850698,0.162840854440131,0.140712422367653,0.52140142171502,0.469600059230898,1.11803398874989,11.1403699103144,9.26390440319078,4.96,0.301123333333333,0.414,0.005,0,0,33.8275916479962,1.07344303942027
circularFollowing,training,101,repeated_e3_t1.5_y0.1,1,,0,1000,2,0.0421125752974503,0.122378469501576,0.520835987198358,0.107393212408494,0.534142950397163,0.212204679565765,0.184240578673552,0.125639473338992,0.284023867605121,0.107953175604286,0.352640148075722,0.633542901637676,2.34436825498296,0.0248305498391307,0.0754589248711055,1.48066641115546,2.64566659629665,1.54911239974532,6,0.0202917754212948,0.320100435248287,0.110009718167831,0.0254904148454308,0.239418271624169,1.10490516155204,1.11803398874989,3.74409707227028,0.718146228848357,2.56,0.30207,0.372,0.005,0,0,33.8275916479962,0.799113279980021
circularFollowing,training,101,repeated_e3_t1.5_y1,1,,0,1000,2,0.0431002828358107,0.122526242281804,0.89962011263027,0.112749816153549,0.214581504425276,0.255520116662973,0.186659846163004,0.129222230074364,0.424067781592019,0.109080165287356,0.362797943468804,0.807714740442439,2.84852495193054,0.0248305498391307,0.0754589248711055,1.3097494253193,3.637186475317,1.24196459655391,6,0.0197082969058645,0.0880236808342552,0.0488838254687958,0.0245362170044952,0.245519454646093,0.248850357531595,1.11803398874989,5.95746695662383,0.769392528479181,1.58,0.300063333333333,0.361,0.005,0,0,33.8275916479962,0.850990236595323
circularFollowing,training,101,repeated_e3_t1.5_y3,1,,0,1000,2,0.0433054888284839,0.122552211834303,1.23001241910054,0.113235053642377,0.421708273019723,0.304584887026672,0.187955459415161,0.185033367499629,0.811668530479071,0.105859425545799,0.354822577362252,0.88130817054735,3.31087395722583,0.0248305498391307,0.0754589248711055,2.15854340015182,10.2909174769733,2.04454385616012,6,0.0197566169310983,0.133129978556599,0.0671716977822494,0.0248170834342764,0.259147253655652,0.502196170196425,1.11803398874989,9.70025763279465,0.786817909441711,2.6,0.298363333333333,0.347,0.005,0,0,33.8275916479962,0.979383257393566
circularFollowing,training,101,repeated_e3_t3_y0.1,1,,0,1000,2,0.0263007443345259,0.0923895338126058,0.608921357694849,0.0600440312448979,0.441215669089004,0.167791695949445,0.104499004793656,0.131248103058795,0.299053433880776,0.0582302087354683,0.21878305311261,0.387709344901616,1.56548968095328,0.0248305498391307,0.0754589248711055,1.48066641115546,2.64566659629665,1.54911239974532,6,0.0259360882660671,0.316382761597622,0.116409109946803,0.0531485925942366,0.291146416678708,1.10490516155204,1.11803398874989,5.18405498887135,2.21416869914477,2.34,0.298726666666667,0.344,0.005,0,0,33.8275916479962,0.603045518443172
circularFollowing,training,101,repeated_e3_t3_y1,1,,0,1000,2,0.0262557963119424,0.0923657000489086,0.950358590826235,0.060449960661829,0.321181272691919,0.182032354800495,0.102361389309714,0.131594437089891,0.376846735441084,0.0581134874941923,0.218507672731657,0.46176684739346,1.95102822900696,0.0248305498391307,0.0754589248711055,1.3097494253193,3.637186475317,1.24196459655391,6,0.0259165748125095,0.113538067319208,0.0700332739286738,0.0531045298741057,0.289749796363547,0.248850357531595,1.11803398874989,6.39738441346605,2.21227235024727,1.6,0.298393333333333,0.363,0.005,0,0,33.8275916479962,0.618100206777898
circularFollowing,training,101,repeated_e3_t3_y3,1,,0,1000,2,0.0262454022763535,0.0923547237205633,1.31610015027679,0.0604288252640174,0.51305804995529,0.242535600424142,0.102553166070444,0.190371009294426,0.886449439165297,0.0578373335804365,0.215987453548597,0.546966427379506,2.68692323233151,0.0248305498391307,0.0754589248711055,2.15854340015182,10.2909174769733,2.04454385616012,6,0.0259250711063628,0.151178974662032,0.0804939848216489,0.053132809664418,0.299593361180162,0.502196170196425,1.11803398874989,10.0687030998353,2.21551902111597,2.76,0.299076666666667,0.346,0.005,0,0,33.8275916479962,0.752589326828288
circularFollowing,training,101,repeated_e3_t6_y0.1,1,,0,1000,2,0.036704082665471,0.078788244917122,0.645785080383948,0.0885231695874211,0.462927926750798,0.249701582444846,0.40246976544369,0.191586235472955,0.486585526383447,0.139827585053429,0.396962397576234,0.594144940725249,1.75750187612069,0.0248305498391307,0.0754589248711055,1.48066641115546,2.64566659629665,1.54911239974532,6,0.0369328589009321,0.369361455543385,0.188837274535019,0.140699095377299,0.560724114042941,1.10490516155204,1.11803398874989,7.82480030078405,9.30643608216739,2.34,0.299501666666667,0.333,0.005,0,0,33.8275916479962,0.869042285745669
circularFollowing,training,101,repeated_e3_t6_y1,1,,0,1000,2,0.0367000160500294,0.0787565072204532,0.899276805025299,0.0885439581824227,0.391385327084096,0.253944271190396,0.402518657939278,0.19114926966693,0.567864153974696,0.139753559723521,0.397020863884638,0.616191160117944,1.73789023955144,0.0248305498391307,0.0754589248711055,1.3097494253193,3.637186475317,1.24196459655391,6,0.0369323232432518,0.22999788504042,0.165551905745577,0.140707326061649,0.555214358125104,0.248850357531595,1.11803398874989,7.24971851642659,9.28318797854056,3.06,0.298621666666667,0.338,0.005,0,0,33.8275916479962,0.872536931857743
circularFollowing,training,101,repeated_e3_t6_y3,1,,0,1000,2,0.0366982624486749,0.0787025485629947,1.22642919501558,0.0885398947731167,0.577538455154882,0.296798368502848,0.402570771319884,0.235943350030852,0.913836774858765,0.139754420121964,0.397024143113901,0.661144214081578,2.38982294531183,0.0248305498391307,0.0754589248711055,2.15854340015182,10.2909174769733,2.04454385616012,6,0.0369332649497412,0.254788979356974,0.171285734480079,0.140706883957234,0.558260505994336,0.502196170196425,1.11803398874989,10.3824225558842,9.2477676239653,3.06,0.298075,0.342,0.005,0,0,33.8275916479962,0.971098167364768
circularFollowing,training,101,repeated_e6_t1.5_y0.1,1,,0,1000,2,0.0404712363712976,0.122120350635243,0.427688732059817,0.104408671413944,0.454033962575602,0.296964358609934,0.174233433642219,0.196369984841421,0.512504634092743,0.103133761695267,0.340571633903494,0.818461003817068,2.70917280878016,0.0337443797394111,0.185776168230544,1.82430550869308,2.7291121603709,1.91975484239129,6,0.0196503557477941,0.425912421651255,0.173023201652505,0.0245144945346093,0.530450659000719,1.43762555309195,1.11803398874989,7.05652996410678,0.698600602238776,0.54,0.300268333333333,0.531,0.005,0,0,33.8275916479962,0.961144534159232
circularFollowing,training,101,repeated_e6_t1.5_y1,1,,0,1000,2,0.0421561169909243,0.122519645202168,0.791483128389312,0.108800118897396,0.782005472200442,0.397266936327859,0.183980214158769,0.289180241918957,1.25126208443914,0.104420447379385,0.347869382343188,0.991654176280266,3.60166247517547,0.0337443797394111,0.185776168230544,3.3727536614176,14.0576330199446,3.44760349325237,6,0.0196954068532591,0.231269330622846,0.141178045336059,0.024523416256463,0.537832173920752,0.603445764368587,1.11803398874989,8.24727165983787,0.731519343313301,3.26,0.296001666666667,0.34,0.005,0,0,33.8275916479962,1.19825248900321
circularFollowing,training,101,repeated_e6_t1.5_y3,1,,0,1000,2,0.0736887992848121,0.133997902292831,1.39978920437891,0.195556289967425,0.531488021314932,0.427695990733488,0.339915119598373,0.291519889766803,1.19853693525754,0.249552123733916,0.779567242390681,1.14330405701394,3.78330946439363,0.0337443797394111,0.185776168230544,1.8757212716534,7.38211593912985,1.98905302309749,6,0.0201731597360029,0.415068618427674,0.201037976158639,0.0277806964572653,0.570848514925913,1.48926584384796,1.11803398874989,31.3646515288585,1.29818279162297,8.94,0.296883333333333,0.355,0.005,0,0,33.8275916479962,1.54858858378452
circularFollowing,training,101,repeated_e6_t3_y0.1,1,,0,1000,2,0.0262448582321595,0.0924731034551725,0.562906368001818,0.060817206292925,0.512395643954343,0.263409977575523,0.103234995034625,0.200809880952828,0.533801449145614,0.0578425796036811,0.21597660787535,0.627031572016922,1.86705294769999,0.0337443797394111,0.185776168230544,1.82430550869308,2.7291121603709,1.91975484239129,6,0.025896149412095,0.424030056557723,0.179483987322549,0.0530284655302154,0.560581773232918,1.43762555309195,1.11803398874989,8.56349431856908,2.24427840962621,3.74,0.296108333333333,0.346,0.005,0,0,33.8275916479962,0.789474658630635
circularFollowing,training,101,repeated_e6_t3_y1,1,,0,1000,2,0.0264362252089882,0.0925763196592503,0.92633909541853,0.0604772413259935,0.876742394222232,0.356427186343342,0.112241445500081,0.293325088540342,1.3048366869423,0.0588328558538922,0.229682314525721,0.739512807879799,2.7956141930877,0.0337443797394111,0.185776168230544,3.3727536614176,14.0576330199446,3.44760349325237,6,0.0259234367967946,0.236519010104514,0.147236183016159,0.0531192564894399,0.563172709092392,0.603445764368587,1.11803398874989,7.7021112566247,2.23677744929925,3.74,0.295993333333333,0.359,0.005,0,0,33.8275916479962,0.998914990746524
circularFollowing,training,101,repeated_e6_t3_y3,1,,0,1000,2,0.0276646281171456,0.0931881696397636,1.40410391036453,0.0675461963596561,0.505371082536912,0.299678166243885,0.146581053537204,0.23350261751775,0.90875542938009,0.070968614227114,0.346098506102967,0.691521288259149,2.33829218878314,0.0337443797394111,0.185776168230544,1.8757212716534,7.38211593912985,1.98905302309749,6,0.0259355283076483,0.412885669814313,0.20224852768088,0.0531319142784054,0.596544793193999,1.48926584384796,1.11803398874989,30.9262898062841,2.2251738431599,8.94,0.297556666666667,0.391,0.005,0,0,33.8275916479962,0.881955773858786
circularFollowing,training,101,repeated_e6_t6_y0.1,1,,0,1000,2,0.0366980095977156,0.0788768587657208,0.628000097465491,0.0885625217194709,0.559862865561958,0.328053540884301,0.402518735481855,0.246370134696969,0.588844792697653,0.139738833874657,0.397053337433761,0.796662214372058,2.29827560965384,0.0337443797394111,0.185776168230544,1.82430550869308,2.7291121603709,1.91975484239129,6,0.0369302966388618,0.470026630334081,0.234302786662948,0.140694298145937,0.753202008842441,1.43762555309195,1.11803398874989,11.7640362478862,9.50840371548699,5.62,0.29542,0.397,0.005,0,0,33.8275916479962,1.0190528082455
circularFollowing,training,101,repeated_e6_t6_y1,1,,0,1000,2,0.036694081125049,0.078863151000733,0.990957275113448,0.0885452777127879,0.934195399199279,0.403098031438788,0.402713262016059,0.331049314836465,1.36231879517718,0.139690847361321,0.397025913294257,0.844387077396471,2.51696156140293,0.0337443797394111,0.185776168230544,3.3727536614176,14.0576330199446,3.44760349325237,6,0.036932729377145,0.31395246294473,0.212513534226824,0.140703847954305,0.755975488988553,0.603445764368587,1.11803398874989,11.0190058717734,9.47581406388441,3.72,0.29624,0.349,0.005,0,0,33.8275916479962,1.19791685640271
circularFollowing,training,101,repeated_e6_t6_y3,1,,0,1000,2,0.0367062616486186,0.078750272790342,1.4137495540219,0.0885440944414352,0.56627957369344,0.348311745865783,0.40271826604888,0.268959174044974,0.882368210909455,0.139821673678109,0.396985668074276,0.816793228023606,2.14583479175963,0.0337443797394111,0.185776168230544,1.8757212716534,7.38211593912985,1.98905302309749,6,0.0369327950905293,0.45774978167787,0.252828039991208,0.140691136648282,0.783765542033891,1.48926584384796,1.11803398874989,30.0943163383403,9.40679677199131,8.94,0.297078333333333,0.56,0.005,0,0,33.8275916479962,1.06833961018086
circularFollowing,training,102,lmi_e1.5_t1.5_y0.1,1,,0,1000,2,0.033023034541272,0.124730160642923,0.873078824038677,0.0780352429977925,0.445141293127915,0.374225943164794,0.330683412753313,0.250776305926616,0.690311004973974,0.145434126865537,0.443480380498719,1.02438586183954,3.94560099816357,0.0339248880415723,0.248236550778723,0.989890309334313,1.48172203458036,1.1722131089399,6,0.0305077018908202,0.371191909597984,0.237128149214134,0.144896558037189,0.769559440685564,0.791530403140187,1.11803398874989,14.3133656752399,8.04382572451433,3.32,0.301796666666667,0.982,0.005,0,0,33.8275916479962,1.03666012963386
circularFollowing,training,102,lmi_e1.5_t1.5_y1,1,,0,1000,2,0.0330283827998679,0.124719608961607,1.09980817704972,0.0778574107520013,0.779078224802947,0.430068603409517,0.330688107717158,0.322581712036468,1.07396151476935,0.145324600457707,0.443392433576808,1.0462468973461,4.09175465883222,0.0339248880415723,0.248236550778723,2.65748844785197,10.6171975311587,2.73258698897135,6,0.0305173867406821,0.350210530445002,0.240200426699385,0.144866962446011,0.77611773780833,0.657174827398765,1.11803398874989,13.3742822562996,8.00017497253492,3.44,0.298861666666667,0.354,0.005,0,0,33.8275916479962,1.18469663154083
circularFollowing,training,102,lmi_e1.5_t1.5_y3,1,,0,1000,2,0.0330016886118807,0.124564755844051,1.37042565510481,0.0778880586667582,0.716634428840925,0.442623697497497,0.331084862539932,0.340549317673798,0.991661693015535,0.145564780415189,0.443266905378673,1.04364956507752,3.85016729412878,0.0339248880415723,0.248236550778723,2.30910726011355,8.85174025884338,2.45286937841988,6,0.0305261359667431,0.551823966054556,0.301912882313684,0.144843010891431,0.800645325972077,1.76446021862998,1.11803398874989,30.0111667251456,7.90566738040958,10.66,0.29798,0.355,0.005,0,0,33.8275916479962,1.21984543448191
circularFollowing,training,102,lmi_e1.5_t3_y0.1,1,,0,1000,2,0.0553099859679694,0.111749098395293,0.808931342373164,0.129144660030216,0.88410176073826,0.850106291370429,2.09728615953969,0.54778797879362,1.62946985919175,0.581884804788383,1.70764164027803,2.40070728950818,7.12035877391186,0.0339248880415723,0.248236550778723,0.989890309334313,1.48172203458036,1.1722131089399,6,0.0561020722140457,0.886447063167573,0.489550776477559,0.614915050609379,2.63001543048707,0.791530403140187,1.11803398874989,19.5070320288046,34.1762494855489,12,0.299131666666667,0.509,0.005,0,0,33.8275916479962,2.12881727516857
circularFollowing,training,102,lmi_e1.5_t3_y1,1,,0,1000,2,0.0553118567061703,0.111803197103519,0.979560477081981,0.129137652085238,1.09008897945379,0.875892574014662,2.09742391121762,0.583027204524556,1.63952169170688,0.581880801277097,1.70814970945775,2.4169483174448,7.42992689296684,0.0339248880415723,0.248236550778723,2.65748844785197,10.6171975311587,2.73258698897135,6,0.056103491674182,0.867715771797955,0.493892659261953,0.614921911259502,2.65094850761565,0.657174827398765,1.11803398874989,18.9146186644953,34.1713880781547,12,0.304495,0.498,0.005,0,0,33.8275916479962,2.20256263959978
circularFollowing,training,102,lmi_e1.5_t3_y3,1,,0,1000,2,0.0553103323208355,0.111814865142508,1.25587959529193,0.129137522952194,1.03587355989825,0.88729486677301,2.09726207458645,0.597694067014427,1.75872090870732,0.581876082590501,1.70863275921621,2.43122449404691,7.8066818339331,0.0339248880415723,0.248236550778723,2.30910726011355,8.85174025884338,2.45286937841988,6,0.0561044338186884,0.949056985636037,0.539040860503139,0.614919184996179,2.67734896516948,1.76446021862998,1.11803398874989,31.2433775663658,34.171478516348,12,0.29733,0.356,0.005,0,0,33.8275916479962,2.23473635604659
circularFollowing,training,102,lmi_e1.5_t6_y0.1,1,,0,1000,2,0.0919735698397332,0.124740443571936,1.9401643556686,0.212035382640738,2.60915732423859,2.5957340819308,13.853132967026,1.6986248392055,6.40289740080367,2.32413824728932,6.36690144217868,7.24554512711616,20.607813168507,0.0339248880415723,0.248236550778723,0.989890309334313,1.48172203458036,1.1722131089399,6,0.0939632629191757,2.67052192171721,1.83041782431934,2.4091894135212,7.18195308420968,0.791530403140187,1.11803398874989,34.6069291637572,166.078790386579,Inf,0.298543333333333,0.337,0.005,0,0,33.8275916479962,5.76609440223157
circularFollowing,training,102,lmi_e1.5_t6_y1,1,,0,1000,2,0.0919766275527867,0.124894091614601,2.05495684094068,0.212036621369823,2.70180028681255,2.60396549711783,13.8599430428325,1.72509046954707,6.38770586496123,2.32430603638521,6.36718695021705,7.20107487842456,19.3170668665416,0.0339248880415723,0.248236550778723,2.65748844785197,10.6171975311587,2.73258698897135,6,0.0939684354261394,2.66854566793674,1.83058171284035,2.40929637137773,7.20806155683737,0.657174827398765,1.11803398874989,34.3908886158917,166.231818340938,Inf,0.326038333333333,0.62,0.005,0,0,33.8275916479962,5.81016219030691
circularFollowing,training,102,lmi_e1.5_t6_y3,1,,0,1000,2,0.091978855583557,0.125209961377326,2.24772052803537,0.212048095614229,2.67655382193648,2.60783116150903,13.8574107640416,1.71399039335683,6.49231462109158,2.32425696223121,6.36746266737332,7.26947625564993,20.1462565926876,0.0339248880415723,0.248236550778723,2.30910726011355,8.85174025884338,2.45286937841988,6,0.0939746758278929,2.69820913052329,1.83754419698835,2.40940701754439,7.23207019626648,1.76446021862998,1.11803398874989,33.9766620538713,166.538701258431,12,0.301735,0.492,0.005,0,0,33.8275916479962,5.80166459367922
circularFollowing,training,102,lmi_e3_t1.5_y0.1,1,,0,1000,2,0.0330331431086311,0.124994878607847,0.800938437414608,0.0780922734644848,0.824005412692246,0.796658738969314,0.331140953514261,0.584836757538618,1.69435263052721,0.145401515093125,0.443367776777749,1.99325477780892,6.02281833254211,0.054345482382404,0.770193770254308,0.842853955066998,2.06693466029436,2.12329430842131,6,0.0305134225337064,0.830719749019253,0.624631083675212,0.144840979374444,1.91639998913306,0.670615659562728,1.11803398874989,21.923550438036,8.34044143763824,Inf,0.29946,0.365,0.005,0,0,33.8275916479962,1.89865590172533
circularFollowing,training,102,lmi_e3_t1.5_y1,1,,0,1000,2,0.0330303907266448,0.125021544498461,0.994484113808997,0.0778924624451474,1.48211650910713,0.902971755945563,0.331469768755498,0.713687611768092,1.88031593175473,0.145392649978036,0.443059818281918,2.03947342917181,6.34554456935211,0.054345482382404,0.770193770254308,4.74343952271231,13.4788169708122,5.15390286302062,6,0.0305183543961059,1.23050280048146,0.7073161770935,0.144854059410533,1.94447158253991,3.51130169426039,1.11803398874989,21.195542706421,8.33286331120758,Inf,0.298296666666667,0.35,0.005,0,0,33.8275916479962,2.16557381663699
circularFollowing,training,102,lmi_e3_t1.5_y3,1,,0,1000,2,0.0330247115044084,0.124987420703161,1.38219379113559,0.0781181065594401,2.70059133594516,1.22372181875591,0.332914560343463,1.06524274068123,3.62467092214389,0.145320806854695,0.442577167348894,2.21479522538249,9.21170638911055,0.054345482382404,0.770193770254308,9.88351934714278,37.1501348265042,10.1089218686338,6,0.0305327091370249,2.50343240098705,1.04875052801915,0.144692965923793,2.1847317943214,9.09480490205004,1.11803398874989,19.7510026558605,8.30957215532406,Inf,0.298798333333333,0.347,0.005,0,0,33.8275916479962,2.90369164148305
circularFollowing,training,102,lmi_e3_t3_y0.1,1,,0,1000,2,0.0553095420402507,0.111670851748059,1.59754201381994,0.129146582191168,1.17347974233009,1.15098403504561,2.09710832788809,0.802170300890805,2.20674992135154,0.581909678760208,1.70821093240224,3.05688069149215,9.79185972037169,0.054345482382404,0.770193770254308,0.842853955066998,2.06693466029436,2.12329430842131,6,0.0561018771682449,1.14287652516546,0.763213948719613,0.61496250546679,3.08478120361727,0.670615659562728,1.11803398874989,30.1463104135217,34.5575400864567,11.8,0.297805,0.347,0.005,0,0,33.8275916479962,2.76881216048255
circularFollowing,training,102,lmi_e3_t3_y1,1,,0,1000,2,0.0553117532067475,0.111689024797976,1.67555432263482,0.129111218784928,1.73040761751491,1.23407876085684,2.09709811291312,0.915276472002752,2.41033108582507,0.581898045417381,1.70884067116887,3.06697457580366,9.78820181459737,0.054345482382404,0.770193770254308,4.74343952271231,13.4788169708122,5.15390286302062,6,0.0561049699803787,1.45830065164863,0.845312682054006,0.614971661275347,3.09083900288796,3.51130169426039,1.11803398874989,29.556870805602,34.5893616282338,11.96,0.296855,0.423,0.005,0,0,33.8275916479962,2.99706539123371
circularFollowing,training,102,lmi_e3_t3_y3,1,,0,1000,2,0.0553129115416084,0.111714725857958,1.86871982636291,0.12906966025573,2.89387496258087,1.49025696370271,2.09684450595317,1.21616351321892,3.60428769387678,0.581897894540784,1.70909364528996,3.19330209507037,10.8369743270363,0.054345482382404,0.770193770254308,9.88351934714278,37.1501348265042,10.1089218686338,6,0.0561058930102545,2.64447211988133,1.15428962654082,0.614933741563507,3.20767547185623,9.09480490205004,1.11803398874989,28.3623673393315,34.6505618969781,12,0.29704,0.348,0.005,0,0,33.8275916479962,3.624116560868
circularFollowing,training,102,lmi_e3_t6_y0.1,1,,0,1000,2,0.0919718958723328,0.124958404495363,2.29658126793896,0.212067991496367,2.7148434251716,2.7032423793455,13.8488382074558,1.76293932317473,6.5404241914834,2.32396927925705,6.36701443500028,7.55372575197134,20.6383784601968,0.054345482382404,0.770193770254308,0.842853955066998,2.06693466029436,2.12329430842131,6,0.0939667185151913,2.75833768772829,1.86435059874016,2.40910652000513,7.50424073630737,0.670615659562728,1.11803398874989,43.7221467616296,161.323731596837,Inf,0.297366666666667,0.362,0.005,0,0,33.8275916479962,5.95634275546706
circularFollowing,training,102,lmi_e3_t6_y1,1,,0,1000,2,0.091973451569059,0.125009503215845,2.35662026733809,0.212177130500153,3.00094493281289,2.73208134570954,13.8563623717938,1.81678121128946,7.15126973536605,2.32412137876756,6.36874920620206,7.53336917008418,21.0595417251795,0.054345482382404,0.770193770254308,4.74343952271231,13.4788169708122,5.15390286302062,6,0.0939734908512414,2.89891428843575,1.8944957878049,2.40930344183249,7.52977191038481,3.51130169426039,1.11803398874989,43.2767047522367,161.438549211667,Inf,0.297535,0.348,0.005,0,0,33.8275916479962,6.05997077228635
circularFollowing,training,102,lmi_e3_t6_y3,1,,0,1000,2,0.0919647480670417,0.125125628596713,2.47805864058832,0.212246969983049,3.76063198355791,2.84367613079076,13.8526522829465,1.95359004673868,7.7647396078549,2.32388385010856,6.36886349124364,7.67356375045694,21.8909273122259,0.054345482382404,0.770193770254308,9.88351934714278,37.1501348265042,10.1089218686338,6,0.0939711385578954,3.60846984706773,2.05083632460404,2.40938299977335,7.59944923662003,9.09480490205004,1.11803398874989,42.3601655631637,161.681665483705,Inf,0.299088333333333,0.348,0.005,0,0,33.8275916479962,6.36154032423916
circularFollowing,training,102,lmi_e6_t1.5_y0.1,1,,0,1000,2,0.0330073717303315,0.124625752835268,2.22546785214742,0.0779385170279817,2.71945365815096,2.64966623484665,0.330633030748888,1.73080889877704,5.74589834112776,0.145252566835162,0.443243242478643,7.40577220486985,25.5811810354446,0.0935092636416703,2.63979654889857,2.47040267568114,4.61650540706852,8.03921339816485,6,0.0305091719976305,2.88070793306583,1.91146303446238,0.144686618848794,7.73000565982395,2.12275309779095,1.11803398874989,39.8896907071543,7.94894747940724,Inf,0.301575,0.433,0.005,0,0,33.8275916479962,5.27284595583136
circularFollowing,training,102,lmi_e6_t1.5_y1,1,,0,1000,2,0.0330118733272578,0.124661768259692,3.00092625760628,0.0777094668763825,7.6847366923837,3.54507697693414,0.332838644231642,2.75130755225997,7.8114911163563,0.144541009277069,0.441836326168376,7.80259606167089,26.1532593679699,0.0935092636416703,2.63979654889857,27.9857057286624,54.0399515704689,29.12959045961,6,0.0304907500405986,7.74143340763116,2.91725781197454,0.14420593145321,8.07763222365663,27.9506136495503,1.11803398874989,39.5881794677059,7.95338221789988,Inf,0.300651666666667,0.387,0.005,0,0,33.8275916479962,7.39325305012669
circularFollowing,training,102,lmi_e6_t1.5_y3,1,,0,1000,2,0.0330010735143482,0.124668908877974,3.24760964263876,0.0779985119603895,8.94370091605683,3.87781749716341,0.333699183409919,2.99895072752369,8.71888145482905,0.144413354518917,0.441934207114115,8.91130805130756,30.0885888961177,0.0935092636416703,2.63979654889857,33.6410343106325,83.6644171452164,34.5911874616027,6,0.0305706846518992,7.62337239725862,2.98623628065174,0.143604623019171,8.75895618796228,27.4699989711409,1.11803398874989,38.9313068978779,7.95559175467257,Inf,0.299565,0.371,0.005,0,0,33.8275916479962,8.11017380045238
circularFollowing,training,102,lmi_e6_t3_y0.1,1,,0,1000,2,0.0552994215450239,0.111504306205816,2.55500754222751,0.129125280543317,2.79084859253036,2.72203101477516,2.09585792768081,1.76326665948393,5.44871535955896,0.581698842482496,1.70598933741675,7.66282956091672,25.722230237205,0.0935092636416703,2.63979654889857,2.47040267568114,4.61650540706852,8.03921339816485,6,0.0560887740430819,2.95712126172215,1.93540545851713,0.614649189999962,8.0399060318434,2.12275309779095,1.11803398874989,47.8019959643585,33.4615436531782,Inf,0.301236666666667,0.386,0.005,0,0,33.8275916479962,5.61209344660145
circularFollowing,training,102,lmi_e6_t3_y1,1,,0,1000,2,0.0553086443654818,0.111465185049445,3.25354923278454,0.129356258792154,7.71675917355217,3.6093978197242,2.09814318157146,2.78452607128315,7.50707944919749,0.581533983824499,1.69764556147284,8.02889599821681,25.1860556831759,0.0935092636416703,2.63979654889857,27.9857057286624,54.0399515704689,29.12959045961,6,0.0560838914024975,7.78020339568417,2.95253390710902,0.614303176807215,8.33271477553457,27.9506136495503,1.11803398874989,47.3173659612045,33.5077089100308,Inf,0.300675,0.374,0.005,0,0,33.8275916479962,7.72791778586448
circularFollowing,training,102,lmi_e6_t3_y3,1,,0,1000,2,0.0553205874341086,0.111389231151084,3.46811082999482,0.129013110554145,8.98351072996493,3.92465034825806,2.09724972726148,3.0179051536158,8.36078071273644,0.581465542114138,1.70069806430609,9.10534542196045,31.9909330006744,0.0935092636416703,2.63979654889857,33.6410343106325,83.6644171452164,34.5911874616027,6,0.0561096723190945,7.66239344037885,2.98855301415545,0.614157404708683,9.00366513054449,27.4699989711409,1.11803398874989,46.2622256705756,33.5985491106829,Inf,0.301591666666667,0.372,0.005,0,0,33.8275916479962,8.41008526596478
circularFollowing,training,102,lmi_e6_t6_y0.1,1,,0,1000,2,0.0920198976740636,0.124132338497032,4.41384799824687,0.212201213206231,3.94539810290173,3.89493494037365,13.8619586733717,2.41946830063661,7.1810619731291,2.32488137331604,6.37607751968721,11.2584727381594,37.6933417946648,0.0935092636416703,2.63979654889857,2.47040267568114,4.61650540706852,8.03921339816485,6,0.0940232158651183,4.12720207240196,2.63178724695843,2.41012177657821,11.5924721739821,2.12275309779095,1.11803398874989,67.8165146198396,154.383946921748,Inf,0.300415,0.374,0.005,0,0,33.8275916479962,8.01083012564572
circularFollowing,training,102,lmi_e6_t6_y1,1,,0,1000,2,0.0920746684355723,0.124152523696185,4.89088515181785,0.212446418618708,8.19839385922169,4.52572249987564,13.873608564607,3.32766840429564,8.42377261428399,2.3261104578355,6.37169170465073,10.9024250458954,38.480238980374,0.0935092636416703,2.63979654889857,27.9857057286624,54.0399515704689,29.12959045961,6,0.0941059911483082,8.27675042395959,3.47331347385045,2.41168762934076,11.3004595150764,27.9506136495503,1.11803398874989,67.4255431698934,154.508796874193,Inf,0.301328333333333,0.371,0.005,0,0,33.8275916479962,9.75656850212608
circularFollowing,training,102,lmi_e6_t6_y3,1,,0,1000,2,0.0920088637986701,0.124111754006985,5.03763420257788,0.213140057978513,9.41014987434733,4.81307803400583,13.8602673155274,3.57051821024313,11.7795719362638,2.3247095082982,6.37502950559971,11.9422493316989,37.6729365185102,0.0935092636416703,2.63979654889857,33.6410343106325,83.6644171452164,34.5911874616027,6,0.0939794095252991,8.23652552323232,3.57421730445394,2.40877266133621,12.2733569302796,27.4699989711409,1.11803398874989,66.5640965874314,154.777914813758,Inf,0.300601666666667,0.366,0.005,0,0,33.8275916479962,10.4495749248127
circularFollowing,training,102,repeated_e1.5_t1.5_y0.1,1,,0,1000,2,0.0413174756506719,0.122118414185744,0.649477987558777,0.11320007598962,1.27564023970546,0.483163671299092,0.19342886878149,0.313675236669506,0.770102927522537,0.107114905641007,0.337653791710056,1.383307812501,4.41643598402373,0.075758862410624,0.275034173435514,3.55035719342158,6.37534313684807,4.37053942428679,6,0.0219029491016997,0.689541907804362,0.216236477842642,0.0192346069824731,0.200299283658754,2.46842963322588,1.11803398874989,2.928235651404,0.711322121973224,6.36,0.300185,0.379,0.005,0,0,33.8275916479962,1.31718679234593
circularFollowing,training,102,repeated_e1.5_t1.5_y1,1,,0,1000,2,0.0428314891540297,0.122408447461171,1.19363823003027,0.122664701347937,1.19382300532309,0.493541108380314,0.201244023781754,0.296203478593067,1.48241859352814,0.109705925121061,0.351799338108884,1.48963066104912,4.50927048267883,0.075758862410624,0.275034173435514,3.24668536173066,16.0078084028237,4.12155623481843,6,0.018391527622476,0.156814135394933,0.0589768295422098,0.0169572725130574,0.21778658772641,0.622324136418941,1.11803398874989,8.03509138447648,0.765310523863064,3.34,0.29966,0.363,0.005,0,0,33.8275916479962,1.31864798093625
circularFollowing,training,102,repeated_e1.5_t1.5_y3,1,,0,1000,2,0.0406195202741483,0.121809338895283,1.47900694629071,0.119342204425957,0.522301812514466,0.465127789252423,0.186798927661316,0.166924714998584,0.795062066088724,0.102427002388461,0.333429349148944,1.60761396180684,4.67543190850269,0.075758862410624,0.275034173435514,2.02257433886893,6.22259007246419,1.88985454318656,6,0.017864263981628,0.113613198892277,0.0479604276200411,0.0167005646562077,0.203318859546104,0.427680872031569,1.11803398874989,10.9002811694223,0.741967416360044,2.46,0.301615,0.351,0.005,0,0,33.8275916479962,1.06156742510002
circularFollowing,training,102,repeated_e1.5_t3_y0.1,1,,0,1000,2,0.0260554473112772,0.0931169355829644,0.6787882739384,0.0595993348336811,1.17693717181345,0.431462793631555,0.111753284923705,0.337746174113786,0.895461332564912,0.0462242365835647,0.207315194779945,1.01483002648048,4.03520575747072,0.075758862410624,0.275034173435514,3.55035719342158,6.37534313684807,4.37053942428679,6,0.0243435763253663,0.667506827485477,0.205318044364678,0.041975567646018,0.297365534060818,2.46842963322588,1.11803398874989,3.26399806112673,2.18127477638644,6.36,0.300545,0.357,0.005,0,0,33.8275916479962,1.13901282663644
circularFollowing,training,102,repeated_e1.5_t3_y1,1,,0,1000,2,0.0259513820575593,0.0931000182781715,1.16167379701017,0.060259626800314,1.11540872027196,0.438737552258671,0.113351346677523,0.337820699920776,1.56606649096965,0.0468066011334,0.21064573806118,1.06173085348475,3.98362509118443,0.075758862410624,0.275034173435514,3.24668536173066,16.0078084028237,4.12155623481843,6,0.0240610723659156,0.173466459741435,0.0822691274033698,0.0423925841607464,0.284208518622136,0.622324136418941,1.11803398874989,8.19296959634095,2.18266031208803,3.18,0.30078,0.384,0.005,0,0,33.8275916479962,1.14750139111409
circularFollowing,training,102,repeated_e1.5_t3_y3,1,,0,1000,2,0.0258866672733818,0.0930921457291511,1.44737406523453,0.0593883795551228,0.529562502934813,0.373757802830411,0.107813179256986,0.192227313651867,0.841848931160381,0.0465391690596517,0.208329960388934,1.19011234782426,4.04297125410919,0.075758862410624,0.275034173435514,2.02257433886893,6.22259007246419,1.88985454318656,6,0.0240619471717589,0.132842954801861,0.0708535139037305,0.0423913432568095,0.277633691461751,0.427680872031569,1.11803398874989,11.2573315888466,2.19244479008216,2.4,0.301181666666667,0.364,0.005,0,0,33.8275916479962,0.881343769602404
circularFollowing,training,102,repeated_e1.5_t6_y0.1,1,,0,1000,2,0.0358811315166285,0.0797955884342833,0.714674171968587,0.0918090880055391,1.16647015035918,0.457308507105266,0.395099043605511,0.363217470858726,1.15596478101248,0.124052519334178,0.347868946052959,1.04723415024496,3.99277952483827,0.075758862410624,0.275034173435514,3.55035719342158,6.37534313684807,4.37053942428679,6,0.034485403257113,0.682131043088479,0.232498162886349,0.120633274134109,0.598858212354637,2.46842963322588,1.11803398874989,5.79655699074825,8.66432222810211,7.72,0.303136666666667,0.391,0.005,0,0,33.8275916479962,1.29469308693273
circularFollowing,training,102,repeated_e1.5_t6_y1,1,,0,1000,2,0.0358814448432095,0.0797842642391591,1.14574057130351,0.0916867188415997,1.10168227873039,0.471042363507748,0.395273733855862,0.372438635103233,1.78149316938341,0.12405151972718,0.347300222346609,1.08697903506095,4.1140367976451,0.075758862410624,0.275034173435514,3.24668536173066,16.0078084028237,4.12155623481843,6,0.034465442125368,0.253067999959058,0.147006426175266,0.120797777016439,0.576011526088475,0.622324136418941,1.11803398874989,8.21111770442889,8.65546081832826,3.18,0.30134,0.38,0.005,0,0,33.8275916479962,1.32108752565075
circularFollowing,training,102,repeated_e1.5_t6_y3,1,,0,1000,2,0.0358772608017256,0.0797559522449459,1.38331336664395,0.0916882510812768,0.547781307606162,0.402847536783714,0.395258836784132,0.237056216762304,1.06346639976466,0.124017292743917,0.347340726386188,1.20743272540165,4.01944974907293,0.075758862410624,0.275034173435514,2.02257433886893,6.22259007246419,1.88985454318656,6,0.0344666576299569,0.226743545156316,0.140576134532564,0.1207882592986,0.573606360244676,0.427680872031569,1.11803398874989,11.3332606598592,8.64889201269331,3.96,0.301631666666667,0.394,0.005,0,0,33.8275916479962,1.07437158662219
circularFollowing,training,102,repeated_e3_t1.5_y0.1,1,,0,1000,2,0.03884793408941,0.12159406365459,0.523106602133626,0.110172295684793,0.531368764381785,0.209399810705109,0.178410705597606,0.124644623964049,0.298925820487115,0.102251884992481,0.326793899476439,0.623456589692146,2.3611128739808,0.026029381645285,0.081477442319526,1.48625860541301,2.62864551054882,1.56936142452798,6,0.0196616124928252,0.331223307813719,0.116017129169792,0.0166810754993216,0.257237246985126,1.12725879260964,1.11803398874989,3.69230213277145,0.692059913918081,3,0.299751666666667,0.391,0.005,0,0,33.8275916479962,0.762459906760628
circularFollowing,training,102,repeated_e3_t1.5_y1,1,,0,1000,2,0.0400221071696097,0.121673543369822,0.905669379454884,0.117558739832366,0.22415495190627,0.255618830725122,0.181514673740074,0.13323612887816,0.438305874399404,0.103615510196119,0.33908075013615,0.79948323178693,2.86190169785055,0.026029381645285,0.081477442319526,1.31151479469521,3.59305965078244,1.24397287488088,6,0.0182927814903393,0.101689493611695,0.0571446232064856,0.0162395326700702,0.257040929660667,0.176276029492482,1.11803398874989,6.12850892784616,0.740055708729421,1.52,0.301735,0.554,0.005,0,0,33.8275916479962,0.826589975809804
circularFollowing,training,102,repeated_e3_t1.5_y3,1,,0,1000,2,0.0404630475379666,0.121695834717697,1.24522238648303,0.119415040253751,0.408991478777849,0.298791565350318,0.18211423838435,0.180155318712742,0.732077275348832,0.0996481181746578,0.330369769897894,0.868810268359371,3.44868501747988,0.026029381645285,0.081477442319526,2.10615468452032,9.99942045416739,1.98535798223188,6,0.0185444179587171,0.140673848181837,0.0707566163920666,0.0162919170668666,0.259365263316045,0.387947171558309,1.11803398874989,9.89547918028303,0.745219955321825,2.68,0.300161666666667,0.445,0.005,0,0,33.8275916479962,0.938703166477025
circularFollowing,training,102,repeated_e3_t3_y0.1,1,,0,1000,2,0.0259751362820246,0.0931112949784295,0.6183760059349,0.059452809747593,0.447481083788075,0.176848317668565,0.106915426414667,0.131944145454412,0.319052825625581,0.0460286938104146,0.205397713437038,0.437232835465502,1.93665379697744,0.026029381645285,0.081477442319526,1.48625860541301,2.62864551054882,1.56936142452798,6,0.0242120971355842,0.325419176490408,0.113591135756092,0.0421826841646779,0.331712049375362,1.12725879260964,1.11803398874989,5.21724941916037,2.18591403266619,2.4,0.300618333333333,0.439,0.005,0,0,33.8275916479962,0.61108622082217
circularFollowing,training,102,repeated_e3_t3_y1,1,,0,1000,2,0.0259222689576583,0.0930853944078205,0.960821582987013,0.0592746337213742,0.325042385423256,0.187845559272884,0.104911383382241,0.129295888319049,0.446490153576294,0.0459609788252293,0.205180539528712,0.501248577486251,2.29707029256572,0.026029381645285,0.081477442319526,1.31151479469521,3.59305965078244,1.24397287488088,6,0.0241107608119469,0.124447758540732,0.071290245960599,0.0423464491860139,0.326079036610308,0.176276029492482,1.11803398874989,6.62100867506557,2.18287014704909,2.66,0.298655,0.395,0.005,0,0,33.8275916479962,0.618064181711931
circularFollowing,training,102,repeated_e3_t3_y3,1,,0,1000,2,0.0259807908188302,0.0930909830243367,1.33165062340069,0.0598586070966391,0.495931714898729,0.23712153459359,0.10574865570735,0.176994826585109,0.726242261279886,0.0457495968582834,0.203916735268045,0.576127621106464,2.93761288914202,0.026029381645285,0.081477442319526,2.10615468452032,9.99942045416739,1.98535798223188,6,0.0241257405153621,0.159854986907364,0.0824831494328078,0.042333549976871,0.325648250826685,0.387947171558309,1.11803398874989,10.3398198124506,2.18643403834131,2.86,0.299548333333333,0.388,0.005,0,0,33.8275916479962,0.729023085579813
circularFollowing,training,102,repeated_e3_t6_y0.1,1,,0,1000,2,0.0358734978725584,0.0798046211874353,0.650028609311029,0.0917528318770705,0.467160390523951,0.256412314944457,0.395057325697457,0.181216978952849,0.491518524208757,0.124065124910945,0.347668144704247,0.673179348877937,2.00875709207652,0.026029381645285,0.081477442319526,1.48625860541301,2.62864551054882,1.56936142452798,6,0.0344766775226247,0.36727688527594,0.160953903957185,0.120717580881173,0.617759247378756,1.12725879260964,1.11803398874989,7.66302568095436,8.68342622012626,3,0.300376666666666,0.449,0.005,0,0,33.8275916479962,0.855804806406869
circularFollowing,training,102,repeated_e3_t6_y1,1,,0,1000,2,0.0358686556209149,0.079792992880385,0.903455311601875,0.0917150945992068,0.394998880119939,0.259415159356913,0.395213062514683,0.180931916553523,0.667895215152754,0.124041669578731,0.347482000683752,0.68571089684828,2.18873114346817,0.026029381645285,0.081477442319526,1.31151479469521,3.59305965078244,1.24397287488088,6,0.0344698407807509,0.220768184400994,0.13873363072309,0.120775416590209,0.609353547815004,0.176276029492482,1.11803398874989,7.03772618656687,8.66344424525134,3.32,0.2987,0.428,0.005,0,0,33.8275916479962,0.857692568685851
circularFollowing,training,102,repeated_e3_t6_y3,1,,0,1000,2,0.0358651610274471,0.0797690129034073,1.23212949605599,0.0917276791132196,0.562193415960649,0.293586801545562,0.395286568719818,0.218125015733017,0.821818664027436,0.124058922807614,0.347517878816581,0.72285052489465,2.77890152557418,0.026029381645285,0.081477442319526,2.10615468452032,9.99942045416739,1.98535798223188,6,0.0344708490700412,0.243524424154052,0.146094900455288,0.120773277055685,0.609154634402297,0.387947171558309,1.11803398874989,10.6557753192134,8.6361750333297,2.86,0.299843333333333,0.448,0.005,0,0,33.8275916479962,0.939471746719436
circularFollowing,training,102,repeated_e6_t1.5_y0.1,1,,0,1000,2,0.0366217594628999,0.121244985901946,0.445265619463454,0.107031956337546,0.425661687538453,0.294775249351301,0.167307727216157,0.203779212449685,0.50252439479727,0.0971328630461068,0.313527057697503,0.782521196015243,2.48513683846251,0.0360023859386176,0.199395403899916,1.67200692732713,2.52147451625975,1.75855076934181,6,0.0176206138629171,0.40136115605113,0.182221238092142,0.0164558856099383,0.526418903064714,1.31134646781082,1.11803398874989,6.88899075521234,0.66984681275609,0.54,0.301228333333333,0.444,0.005,0,0,33.8275916479962,0.930280258731418
circularFollowing,training,102,repeated_e6_t1.5_y1,1,,0,1000,2,0.0382740288109834,0.121512541794427,0.788291728723268,0.112238721443104,0.704983336957466,0.377975340662764,0.173567083041782,0.278696235905286,0.988021087242309,0.0967471798990048,0.318261053290992,0.930758283270375,3.15180766361681,0.0360023859386176,0.199395403899916,3.03822505374334,12.8983118994737,3.09444715121208,6,0.0181744805185583,0.259628559238035,0.164391397662787,0.0162997247971638,0.524833620849255,0.596728454084715,1.11803398874989,7.36957760588157,0.697641885127375,3.26,0.297441666666667,0.496,0.005,0,0,33.8275916479962,1.12628441657448
circularFollowing,training,102,repeated_e6_t1.5_y3,1,,0,1000,2,0.0697902172270867,0.132830565276023,1.42543436214849,0.190989827823274,0.573128581979058,0.441066433021248,0.339022005530747,0.31335194423849,1.03748670546752,0.247451683085583,0.756009679765036,1.13249155253929,3.68658727960108,0.0360023859386176,0.199395403899916,2.07214042885573,8.894614023368,2.15591620729348,6,0.020161368048658,0.467228299172437,0.23087867928598,0.0184197179903257,0.554840656338219,1.59376543098126,1.11803398874989,31.2233801693671,1.3226193847155,10.64,0.295961666666667,0.358,0.005,0,0,33.8275916479962,1.5511043712557
circularFollowing,training,102,repeated_e6_t3_y0.1,1,,0,1000,2,0.0258927404639962,0.0931896648750135,0.582086754794175,0.0595236753057951,0.478870595051576,0.263684591590607,0.105650157824608,0.201785235862656,0.505517087060365,0.0458740250729232,0.202725385942066,0.624462876492996,1.7402111625445,0.0360023859386176,0.199395403899916,1.67200692732713,2.52147451625975,1.75855076934181,6,0.0240353373011363,0.402459379437039,0.18903883679978,0.0424802021584058,0.561219496652146,1.31134646781082,1.11803398874989,8.39839836354364,2.22263431149486,2.62,0.295776666666667,0.368,0.005,0,0,33.8275916479962,0.787390451663873
circularFollowing,training,102,repeated_e6_t3_y1,1,,0,1000,2,0.0262347043186867,0.0932875455525159,0.935604102214473,0.0622264973734684,0.790412966733397,0.335631044394465,0.113301040216676,0.272575222881465,0.941898088806809,0.0465597231455771,0.216275013383392,0.716624892343877,2.59870620045442,0.0360023859386176,0.199395403899916,3.03822505374334,12.8983118994737,3.09444715121208,6,0.0241079046160878,0.270018380146617,0.168785466323258,0.0423490429854545,0.553842926234572,0.596728454084715,1.11803398874989,7.56011924887159,2.2129231950969,3.3,0.297885,0.466,0.005,0,0,33.8275916479962,0.950822467418573
circularFollowing,training,102,repeated_e6_t3_y3,1,,0,1000,2,0.0271608278822851,0.0940135882267202,1.4319623892803,0.0754335302669714,0.557895163046324,0.315943156359547,0.149037709375787,0.252611955381827,0.70733248173687,0.0600157957038176,0.339228038117689,0.698131480707016,2.54915657525389,0.0360023859386176,0.199395403899916,2.07214042885573,8.894614023368,2.15591620729348,6,0.0241326547572827,0.475142303878187,0.232711247474284,0.0423001902071567,0.576114125589776,1.59376543098126,1.11803398874989,30.8209511631868,2.19849959544189,10.66,0.295968333333333,0.426,0.005,0,0,33.8275916479962,0.916458485727908
circularFollowing,training,102,repeated_e6_t6_y0.1,1,,0,1000,2,0.0358638115415895,0.0798847283144952,0.645575165987713,0.0916835458395598,0.531811091821079,0.330508896235693,0.395307408797024,0.238737739839542,0.660153739672008,0.124065531322939,0.347239143841731,0.841036663580636,2.57750225311046,0.0360023859386176,0.199395403899916,1.67200692732713,2.52147451625975,1.75855076934181,6,0.0344636193067513,0.444189627170145,0.223337571173165,0.120829706389289,0.765454085798677,1.31134646781082,1.11803398874989,11.3359316569671,8.86822901107118,3.2,0.297688333333333,0.466,0.005,0,0,33.8275916479962,1.00432092781111
circularFollowing,training,102,repeated_e6_t6_y1,1,,0,1000,2,0.0358685084119906,0.0798689776473197,0.979897936923086,0.0917181561654963,0.852125971441287,0.387919518339707,0.395480271705466,0.306759470447205,1.10038392110246,0.124033988120214,0.347429616071204,0.872946167173533,2.76531994177987,0.0360023859386176,0.199395403899916,3.03822505374334,12.8983118994737,3.09444715121208,6,0.03447005938765,0.329300657949891,0.205999405103644,0.12078242821955,0.762620623683059,0.596728454084715,1.11803398874989,10.5519262929741,8.83773193452661,3.42,0.297208333333333,0.344,0.005,0,0,33.8275916479962,1.14679325844902
circularFollowing,training,102,repeated_e6_t6_y3,1,,0,1000,2,0.0358721078170945,0.0798213657403615,1.44211063024964,0.0917367254260808,0.623561847323469,0.366036185666742,0.395216644416648,0.282495608913514,0.839036103972347,0.124031946296421,0.347384454755249,0.859111661263211,2.45048587999008,0.0360023859386176,0.199395403899916,2.07214042885573,8.894614023368,2.15591620729348,6,0.0344723483430777,0.51560524627648,0.26217105871625,0.120770263112511,0.776309642104071,1.59376543098126,1.11803398874989,29.7940929722859,8.77412145543531,10.66,0.297683333333333,0.46,0.005,0,0,33.8275916479962,1.09553462825061
avoidanceSwerve,training,101,lmi_e1.5_t1.5_y0.1,1,,0,1000,2,0.204813263242518,0.233666376384003,2.47360123376644,0.557131572818125,1.80983494461163,2.1108014764521,7.5750791164129,0.399775708601296,1.28592713973686,0.290291465295249,0.906356748073058,10.0582472823526,30.5245947502342,0.041100240993135,0.31971498279067,2.85752430551367,4.35901903050556,3.14303414689827,3.25,0.158958098928183,1.38154414851485,0.360814102563274,0.297229007178673,7.08142662962969,2.44693310283243,1.11803398874989,14.2720226005134,7.68466298059694,5.18,0.31272,0.85,0.005,13.0813608130245,0.82123185476894,95.0118413672738,4.8593335060983
avoidanceSwerve,training,101,lmi_e1.5_t1.5_y1,1,,0,1000,2,0.216921805711904,0.241143341338859,2.95230530139006,0.632565492015169,4.71019158904699,8.94573637171206,8.42642628633497,2.10400082209366,6.23778530058472,0.303725917828584,0.850171091378279,39.0264609671883,71.1437964191195,0.041100240993135,0.31971498279067,21.3294188844611,39.853538205308,21.6126085186996,3.25,0.157478115356699,4.7849419850296,2.43304114947062,0.287065043182967,40.9972169536534,23.7455415048728,1.11803398874989,13.9369566332219,7.68504737179897,Inf,0.305,0.47,0.005,13.0813608130245,0.82123185476894,95.0118413672738,14.182511894744
avoidanceSwerve,training,101,lmi_e1.5_t1.5_y3,1,,0,1000,2,0.223993920491247,0.245591750505051,4.18137054976604,0.667295983619517,6.36425975966019,12.3519673327354,8.89784215863929,4.1673244286501,13.0634939666538,0.318385017913294,0.929011569183942,48.8576724905175,103.450322735299,0.041100240993135,0.31971498279067,30.4656055012588,76.1319100157292,31.0433256140019,3.25,0.159021229254707,6.62796408028508,4.80888298290237,0.285149144123171,51.1211360063896,33.9671148720744,1.11803398874989,13.3942264853195,7.68595643594857,5.48,0.304969230769231,0.446,0.005,13.0813608130245,0.82123185476894,95.0118413672738,20.3461225603162
avoidanceSwerve,training,101,lmi_e1.5_t3_y0.1,1,,0,1000,2,0.0600169912095715,0.139527070308078,2.65282231087821,0.165513625882328,1.12702183643943,1.54730795649062,7.50813917449484,0.55115301943046,1.46478105424623,0.510043824500074,1.37405854159923,6.94529197723411,20.1781168466431,0.041100240993135,0.31971498279067,2.85752430551367,4.35901903050556,3.14303414689827,3.25,0.0575271548951147,0.93898569549432,0.539681124501673,0.529976336271398,5.37583696372905,2.44693310283243,1.11803398874989,20.3517870372407,33.7547463114338,6.44,0.306249230769231,0.475,0.005,13.0813608130245,0.82123185476894,95.0118413672738,3.09153434640346
avoidanceSwerve,training,101,lmi_e1.5_t3_y1,1,,0,1000,2,0.0614562840861131,0.13996233355432,3.11713560947937,0.165686209320267,4.36009221008414,8.70884363543385,8.08098986025421,2.09044561790069,5.48819914958646,0.509412023959604,1.37255657572632,37.859244968906,68.5945367623123,0.041100240993135,0.31971498279067,21.3294188844611,39.853538205308,21.6126085186996,3.25,0.0576319079646837,4.65840161263261,2.42125112773722,0.529388704105138,40.7858710262251,23.7455415048728,1.11803398874989,20.2106852661204,33.7564167516965,Inf,0.306526153846154,0.527,0.005,13.0813608130245,0.82123185476894,95.0118413672738,12.3673030704437
avoidanceSwerve,training,101,lmi_e1.5_t3_y3,1,,0,1000,2,0.0626070395972046,0.140302492616836,4.27944911479677,0.165766268110381,6.03021431445827,12.0968534937536,8.4888839319013,4.11047217748161,12.9136693808126,0.509180730738989,1.36944177317919,47.6777067499857,102.190784735006,0.041100240993135,0.31971498279067,30.4656055012588,76.1319100157292,31.0433256140019,3.25,0.0578842094421402,6.45141015895523,4.75555229842443,0.528807500924889,50.6057650783574,33.9671148720744,1.11803398874989,19.9424467773789,33.7600883632636,6.28,0.30388,0.455,0.005,13.0813608130245,0.82123185476894,95.0118413672738,18.3825561009324
avoidanceSwerve,training,101,lmi_e1.5_t6_y0.1,1,,0,1000,2,0.0889093016926051,0.157504391505928,4.30149925869169,0.226566298978696,2.65595840474563,2.84881872275514,15.8961657804098,1.68529538249183,4.30083196845356,1.65509381833022,4.32234999608253,11.3525078213089,30.13846660018,0.041100240993135,0.31971498279067,2.85752430551367,4.35901903050556,3.14303414689827,3.25,0.0881081294278547,2.55356185562289,1.52553561230584,1.55120877915404,10.7184379250047,2.44693310283243,1.11803398874989,34.1363251071715,148.12036388512,Inf,0.305396923076923,0.534,0.005,13.0813608130245,0.82123185476894,95.0118413672738,6.53018534617149
avoidanceSwerve,training,101,lmi_e1.5_t6_y1,1,,0,1000,2,0.0887908525523234,0.157445752420457,4.55409125123167,0.226002190924478,4.92496928561754,8.97142301158162,16.0683142533958,2.59047277867431,6.57901451664632,1.65249943022097,4.32838287786327,38.7589281813268,72.4746041864333,0.041100240993135,0.31971498279067,21.3294188844611,39.853538205308,21.6126085186996,3.25,0.0879358926720486,5.19429819714518,2.79673239953822,1.5487625469057,41.6821029162554,23.7455415048728,1.11803398874989,34.089557191768,146.77974984933,Inf,0.304649230769231,0.452,0.005,13.0813608130245,0.82123185476894,95.0118413672738,13.8206397191372
avoidanceSwerve,training,101,lmi_e1.5_t6_y3,1,,0,1000,2,0.0888483717857319,0.157450775866302,5.37853590692574,0.226584422622126,6.41297050015471,12.2433388274321,16.2245646222104,4.38028310302412,13.5421831651339,1.65331662337428,4.32962470767961,48.1692479381044,102.780221139147,0.041100240993135,0.31971498279067,30.4656055012588,76.1319100157292,31.0433256140019,3.25,0.088049545129936,6.83664292218848,4.96158007341369,1.55092908537742,51.2058186343013,33.9671148720744,1.11803398874989,33.9920255130508,144.680430281075,Inf,0.305264615384615,0.516,0.005,13.0813608130245,0.82123185476894,95.0118413672738,19.2828995115264
avoidanceSwerve,training,101,lmi_e3_t1.5_y0.1,1,,0,1000,2,0.202895783981513,0.232551487593223,2.79475322218262,0.543506802837911,1.75936493071329,1.88271579262189,7.45204112058584,0.660842940747927,1.60181049958212,0.290280582556545,0.923107220439071,8.62162803663916,27.7534418097255,0.0495773116355747,0.745809744395182,1.67423241146374,3.26622863143623,3.01021912574431,3.25,0.159613380986942,1.39411056503934,0.667139255174683,0.300645999680365,5.64750589502402,0.748003584179289,1.11803398874989,22.1389514217852,7.68125531520517,6.28,0.314787692307692,0.563,0.005,13.0813608130245,0.82123185476894,95.0118413672738,5.07496932863881
avoidanceSwerve,training,101,lmi_e3_t1.5_y1,1,,0,1000,2,0.211755996597576,0.237943876964031,2.71840032395069,0.599518674583807,2.77653959740383,4.40720955099156,8.07703785526038,0.795898823876569,2.24879532059888,0.298760686373614,0.889872569884673,20.612403266773,45.7415927574838,0.0495773116355747,0.745809744395182,9.04894852050038,15.4454819680555,9.45824749197824,3.25,0.158680489044743,2.27812742408085,0.840627696046616,0.294985721486119,17.5309088945959,8.55456546896474,1.11803398874989,21.6061698532312,7.68131659863565,6.38,0.308636923076923,0.537,0.005,13.0813608130245,0.82123185476894,95.0118413672738,7.83183826708349
avoidanceSwerve,training,101,lmi_e3_t1.5_y3,1,,0,1000,2,0.217749372416958,0.241662834325647,2.89133195934053,0.627984234730863,3.9362879686354,6.88141393635873,8.55567742293286,1.69059348680636,6.32668527825406,0.315001359924186,0.90708954910933,30.1273365195166,75.3495302779794,0.0495773116355747,0.745809744395182,15.0907591570968,42.5051273813201,15.3635357030644,3.25,0.160526069952046,3.26247698437566,1.56291726289871,0.301580301156221,25.5969020368439,13.5427497761848,1.11803398874989,20.477780355393,7.6815839428614,6.28,0.333024615384616,0.564,0.005,13.0813608130245,0.82123185476894,95.0118413672738,11.5841480016856
avoidanceSwerve,training,101,lmi_e3_t3_y0.1,1,,0,1000,2,0.0597744847007236,0.139941112347153,3.80476361491384,0.16552929786578,1.17469783843498,1.33670370571632,7.41795878350413,0.714034824255013,1.69434343617091,0.509855782275115,1.37368647881714,5.42817703800882,16.7517716367408,0.0495773116355747,0.745809744395182,1.67423241146374,3.26622863143623,3.01021912574431,3.25,0.0575297891765661,1.09396923195755,0.702675986656901,0.530038971711369,4.09260484844078,0.748003584179289,1.11803398874989,31.4024543106269,33.6872466311921,6.28,0.301344615384615,0.353,0.005,13.0813608130245,0.82123185476894,95.0118413672738,3.11144990311902
avoidanceSwerve,training,101,lmi_e3_t3_y1,1,,0,1000,2,0.0608042511193576,0.140174219324913,3.70084308127153,0.165482351213976,2.28498220124941,4.03606297888135,7.85935035884459,0.866050529431714,2.60003670728692,0.509208064951545,1.37386500363548,18.5948953754526,37.5470600006938,0.0495773116355747,0.745809744395182,9.04894852050038,15.4454819680555,9.45824749197824,3.25,0.0576386027696403,2.05089041962346,0.874560206072111,0.529565246192272,16.7743041580466,8.55456546896474,1.11803398874989,30.8541924389566,33.687388309971,6.44,0.299843076923077,0.34,0.005,13.0813608130245,0.82123185476894,95.0118413672738,6.05912264514753
avoidanceSwerve,training,101,lmi_e3_t3_y3,1,,0,1000,2,0.0617146900083452,0.140383311317182,3.74393866484504,0.165341187281302,3.52238846884799,6.55528650949174,8.25118270819514,1.65961187441873,6.56637560457623,0.508831287853419,1.37215784357352,28.5613723275827,73.9358621624125,0.0495773116355747,0.745809744395182,15.0907591570968,42.5051273813201,15.3635357030644,3.25,0.0578868335311967,2.94254478616838,1.45612251007111,0.529277271133216,24.5925525452555,13.5427497761848,1.11803398874989,29.6966105323303,33.6877585361048,6.36,0.299221538461538,0.343,0.005,13.0813608130245,0.82123185476894,95.0118413672738,9.64864511443745
avoidanceSwerve,training,101,lmi_e3_t6_y0.1,1,,0,1000,2,0.0889249605464856,0.158457160394559,4.76155740376491,0.226697686628895,2.63706604062327,2.70673344074476,15.8821724180056,1.74408169819334,4.76255919725729,1.65542105771981,4.31783314019594,10.0961949195704,24.8307083421548,0.0495773116355747,0.745809744395182,1.67423241146374,3.26622863143623,3.01021912574431,3.25,0.0881527145284576,2.54531603249986,1.56973583740676,1.55186007384889,9.61410883309623,0.748003584179289,1.11803398874989,44.9469006442516,160.093030598246,Inf,0.297261538461539,0.349,0.005,13.0813608130245,0.82123185476894,95.0118413672738,6.39665198576561
avoidanceSwerve,training,101,lmi_e3_t6_y1,1,,0,1000,2,0.0888831177999511,0.158373946809963,4.69485662907341,0.226573595995813,3.22352918408846,4.59089748457767,16.0375654196907,1.75221571836001,4.86128532760599,1.65452437596207,4.32610088844196,20.3653994572942,45.6003254160173,0.0495773116355747,0.745809744395182,9.04894852050038,15.4454819680555,9.45824749197824,3.25,0.0880771689016706,3.04299919641106,1.63534762748747,1.55141549333056,18.7545102291719,8.55456546896474,1.11803398874989,44.6096013643202,155.742610778489,Inf,0.299658461538462,0.35,0.005,13.0813608130245,0.82123185476894,95.0118413672738,8.46634250617838
avoidanceSwerve,training,101,lmi_e3_t6_y3,1,,0,1000,2,0.088884499713097,0.157842789587558,4.75402294443757,0.226678452995024,4.12669996000497,6.83262957050946,16.1733043649378,2.20444190748236,7.57401158742501,1.65462437622717,4.33332916174189,29.5068092524539,77.2866294241472,0.0495773116355747,0.745809744395182,15.0907591570968,42.5051273813201,15.3635357030644,3.25,0.0881039100361659,3.69871947666777,2.09844861242304,1.55181675222065,25.5397647366277,13.5427497761848,1.11803398874989,43.8937647031107,144.411678728868,Inf,0.300593846153846,0.363,0.005,13.0813608130245,0.82123185476894,95.0118413672738,11.1990906625865
avoidanceSwerve,training,101,lmi_e6_t1.5_y0.1,1,,0,1000,2,0.200951370561971,0.231336676187588,4.71247048296342,0.529664726256641,3.15528182561631,3.18119430861143,7.39034535632516,1.99120425748072,7.40280901246219,0.294994424883779,0.957239961241005,11.9463468624148,36.1724172240705,0.0964555180506704,2.75260282116397,0.542769607109326,1.60775172702388,9.84790376452163,3.25,0.160048071211062,3.06517390496923,2.15495547589071,0.309488444538791,10.6349013827978,0.403993661923778,1.11803398874989,40.1665475189083,7.67310026997086,6.5,0.300750769230769,0.43,0.005,13.0813608130245,0.82123185476894,95.0118413672738,8.38119159306411
avoidanceSwerve,training,101,lmi_e6_t1.5_y1,1,,0,1000,2,0.200717207921538,0.231266988773157,4.60354639093121,0.519306464884704,4.00349172052611,5.60216629928868,7.44481449101673,2.14418395258901,7.16740566199609,0.299878447740933,0.978807468664503,24.0370426438677,58.3712957615945,0.0964555180506704,2.75260282116397,10.2453358740267,22.6130398799532,14.4259249496437,3.25,0.162602921090008,3.776954952783,2.27068716905722,0.317548623564726,22.3431899560183,10.0400819844813,1.11803398874989,39.6264526143343,7.68989730785071,6.5,0.299110769230769,0.356,0.005,13.0813608130245,0.82123185476894,95.0118413672738,11.102948513167
avoidanceSwerve,training,101,lmi_e6_t1.5_y3,1,,0,1000,2,0.204262440586444,0.233451445509352,4.99273397267885,0.540396306729742,5.5605284582254,9.04429544150364,7.60272027767179,3.2566859044045,9.78116415715106,0.295297018680408,0.928393654249891,36.4729636281173,90.261884448164,0.0964555180506704,2.75260282116397,18.8186343883299,51.5820757989213,21.605334727113,3.25,0.163300452313926,4.60264199488011,2.93055290794281,0.30865270031493,29.6910025217301,15.992217786251,1.11803398874989,38.4006135903974,7.7077469554624,6.5,0.297953846153846,0.336,0.005,13.0813608130245,0.82123185476894,95.0118413672738,15.8505889402969
avoidanceSwerve,training,101,lmi_e6_t3_y0.1,1,,0,1000,2,0.0597365023325691,0.139531965961827,5.15318338073986,0.165503139968607,2.87375032547805,2.88767125943273,7.35877535067069,2.03791801659983,7.39137489608358,0.509740705102917,1.37155026252948,9.84470707156716,27.1555374739111,0.0964555180506704,2.75260282116397,0.542769607109326,1.60775172702388,9.84790376452163,3.25,0.0575622727976333,2.93939289244561,2.22502700675458,0.530179877423094,9.34561421468214,0.403993661923778,1.11803398874989,48.6969249511883,33.6925349896989,6.5,0.301587692307692,0.585,0.005,13.0813608130245,0.82123185476894,95.0118413672738,6.64214247083878
avoidanceSwerve,training,101,lmi_e6_t3_y1,1,,0,1000,2,0.0598303116425996,0.139514326877325,5.0442011982646,0.165423778970419,3.64226440872234,5.22916511790443,7.25197393113088,2.11332313440676,7.45026664280187,0.509981100840701,1.36950501654861,22.4472592106605,56.2548903714528,0.0964555180506704,2.75260282116397,10.2453358740267,22.6130398799532,14.4259249496437,3.25,0.0579480018662298,3.58591606854452,2.28467418785391,0.530070623964043,21.3918790795004,10.0400819844813,1.11803398874989,47.7155035527737,33.6995940989749,6.5,0.297726153846154,0.343,0.005,13.0813608130245,0.82123185476894,95.0118413672738,9.31440122737161
avoidanceSwerve,training,101,lmi_e6_t3_y3,1,,0,1000,2,0.060135644086997,0.139581931369844,5.34135113252816,0.165377591454151,5.06907450444096,8.53180415022493,7.32788498958066,3.11849883672655,9.46622657346873,0.509423167504115,1.36912746453928,34.4329881382328,90.9764689218757,0.0964555180506704,2.75260282116397,18.8186343883299,51.5820757989213,21.605334727113,3.25,0.0581296806298632,4.3225592556676,2.84912598751105,0.529636816386178,28.5542783961152,15.992217786251,1.11803398874989,45.4048754450097,33.7213567227305,6.5,0.297652307692308,0.365,0.005,13.0813608130245,0.82123185476894,95.0118413672738,13.7249517419696
avoidanceSwerve,training,101,lmi_e6_t6_y0.1,1,,0,1000,2,0.0888756165612382,0.157234198437167,7.63825854885832,0.225895555191441,3.60349545126301,3.61458330351472,15.8931858475084,2.42606362119811,7.7149475600683,1.65314619434628,4.30469715355426,12.9182029553455,37.6603182561559,0.0964555180506704,2.75260282116397,0.542769607109326,1.60775172702388,9.84790376452163,3.25,0.0880979613345547,3.55373011526436,2.31113185115029,1.55153993413824,12.9737329124356,0.403993661923778,1.11803398874989,67.186559397218,144.373355731647,Inf,0.2982,0.343,0.005,13.0813608130245,0.82123185476894,95.0118413672738,8.32452399907769
avoidanceSwerve,training,101,lmi_e6_t6_y1,1,,0,1000,2,0.0887911511765611,0.157192776798032,7.51787477378699,0.225863609957417,4.22198042744147,5.63362483406729,15.9123752678284,2.39657552156314,8.47014980693627,1.65510168802858,4.34013398975745,24.1979628413811,60.979226716271,0.0964555180506704,2.75260282116397,10.2453358740267,22.6130398799532,14.4259249496437,3.25,0.0880875531399077,4.14250367361293,2.38317906954589,1.55178531237914,23.2402334001261,10.0400819844813,1.11803398874989,66.475803584323,144.70091905999,Inf,0.298513846153846,0.345,0.005,13.0813608130245,0.82123185476894,95.0118413672738,10.5206551231681
avoidanceSwerve,training,101,lmi_e6_t6_y3,1,,0,1000,2,0.0888233724929856,0.157160230197341,7.63621359167807,0.225910956112463,5.46186202419081,8.73879724682573,16.0216221585826,3.20678408452711,9.29953612638068,1.65488940714663,4.34653352761572,35.7172031725012,90.3556220894816,0.0964555180506704,2.75260282116397,18.8186343883299,51.5820757989213,21.605334727113,3.25,0.0881118091069499,4.8525105059116,2.97729900346057,1.55166814214088,30.0071000738865,15.992217786251,1.11803398874989,64.8331403587089,145.89464779018,Inf,0.297956923076923,0.345,0.005,13.0813608130245,0.82123185476894,95.0118413672738,14.4452425284843
avoidanceSwerve,training,101,repeated_e1.5_t1.5_y0.1,1,,0,1000,2,0.856293253974534,0.73153767877433,1.61807155711177,1.41984018322548,4.89778344726776,5.64614416364444,7.60186138502628,1.74030293102357,3.0613141252594,2.50825712493535,3.95056974452906,26.7580601688512,60.4495888459104,0.309168551801663,1.43071847710436,5.99533540222438,10.4777806860111,10.4227632970545,3.25,0.93989965260248,4.91902366233275,2.02713907985532,2.93956206381911,25.8232327020749,4.59356797008311,1.11803398874989,2.76163067780695,1.38979183443982,Inf,0.297172307692308,0.353,0.005,13.0813608130245,0.82123185476894,95.0118413672738,17.3951504355627
avoidanceSwerve,training,101,repeated_e1.5_t1.5_y1,1,,0,1000,2,0.975169621988161,0.828299697892498,4.1347663207719,1.80387699693427,9.31020016318258,16.5045903315681,8.33103621878152,4.87011185055785,9.07097075232591,2.62999187710364,4.37168623298536,68.5236457373034,104.616790615075,0.309168551801663,1.43071847710436,38.2961363178177,71.7509907466212,43.7175731595546,3.25,1.08376048307633,8.32179177002634,3.87308105545235,3.07146229775257,64.3684904086493,35.7803271258069,1.11803398874989,6.45163562409238,1.38437607349382,Inf,0.299230769230769,0.341,0.005,13.0813608130245,0.82123185476894,95.0118413672738,33.196649068458
avoidanceSwerve,training,101,repeated_e1.5_t1.5_y3,1,,0,1000,2,0.822841328110273,0.704419571504639,7.79188479008658,1.61562466132896,11.4318872407891,22.6373878756773,7.52157317193094,9.19546972508326,17.4158413386386,1.89971729916277,3.20153577813237,82.6217229523596,153.127887214875,0.309168551801663,1.43071847710436,62.3110837893916,142.888332678512,67.6770681319655,3.25,0.891001547857458,9.81427534521923,8.36988095246239,2.18580829144358,77.1635506385172,62.2700887168788,1.11803398874989,12.3871378281387,1.38342059726213,5.9,0.298861538461539,0.344,0.005,13.0813608130245,0.82123185476894,95.0118413672738,43.1436973217412
avoidanceSwerve,training,101,repeated_e1.5_t3_y0.1,1,,0,1000,2,0.350562892160453,0.317428318887909,1.1459343289207,0.786431607543673,4.14207769734593,4.88797759766749,8.08027710492788,0.932008761607582,2.79055636018819,1.11866223051222,2.47837728314504,23.8784314985458,63.5165450136525,0.309168551801663,1.43071847710436,5.99533540222438,10.4777806860111,10.4227632970545,3.25,0.337409850278192,3.29763812827401,1.0562296390274,1.29229446890738,17.9058790344524,4.59356797008311,1.11803398874989,3.836078068949,1.98962217174397,5.08,0.297587692307692,0.367,0.005,13.0813608130245,0.82123185476894,95.0118413672738,10.1453327445289
avoidanceSwerve,training,101,repeated_e1.5_t3_y1,1,,0,1000,2,0.384705201754258,0.343749921956746,4.76999088434816,0.926585885085881,9.57655334583633,16.9780062044641,9.09361235457702,5.62610018173666,10.8209642297471,1.12576001619147,2.54330908724136,67.3421129919166,104.775293239228,0.309168551801663,1.43071847710436,38.2961363178177,71.7509907466212,43.7175731595546,3.25,0.37223940492952,8.23847731537442,5.05960316743127,1.30555359361026,60.4749569006166,35.7803271258069,1.11803398874989,6.21224321486119,1.98962991333697,Inf,0.297024615384615,0.341,0.005,13.0813608130245,0.82123185476894,95.0118413672738,28.5676749793992
avoidanceSwerve,training,101,repeated_e1.5_t3_y3,1,,0,1000,2,0.362430714417102,0.326537702940474,8.48023034320216,0.879320855601181,12.3098832205652,23.6431619643373,8.426934512754,10.032343933445,19.293083009663,0.867795493853814,1.96732552085415,83.6694174187494,148.610880920431,0.309168551801663,1.43071847710436,62.3110837893916,142.888332678512,67.6770681319655,3.25,0.345949773589881,10.8132160509046,9.59965078318583,0.980418334442442,76.9967089138306,62.2700887168788,1.11803398874989,12.1219499657925,1.98964880841015,5.84,0.296781538461539,0.343,0.005,13.0813608130245,0.82123185476894,95.0118413672738,40.4228784948108
avoidanceSwerve,training,101,repeated_e1.5_t6_y0.1,1,,0,1000,2,0.118074164428981,0.138754104165564,1.22384753414502,0.34345846488724,3.10240001591527,3.98088009553022,8.49708310522318,0.85465777796216,1.74490756851379,0.440562502709714,1.17605797524127,19.6444139549063,56.5069486229771,0.309168551801663,1.43071847710436,5.99533540222438,10.4777806860111,10.4227632970545,3.25,0.0907582895798041,1.71245591088288,0.86645862466649,0.406036429895288,9.85526524940152,4.59356797008311,1.11803398874989,6.04057492631174,9.06376606140065,5.64,0.29772,0.338,0.005,13.0813608130245,0.82123185476894,95.0118413672738,6.8189399911954
avoidanceSwerve,training,101,repeated_e1.5_t6_y1,1,,0,1000,2,0.131252254576397,0.146731542680318,4.76586013370145,0.399768374852387,8.98320767273689,16.5113214831003,9.54658225947242,5.58502966601504,10.5243809995559,0.40337171506373,1.07748195207267,64.8968596411801,104.628221939747,0.309168551801663,1.43071847710436,38.2961363178177,71.7509907466212,43.7175731595546,3.25,0.094004920859073,7.29373309323851,5.12831704714639,0.394646874529909,55.7086058838214,35.7803271258069,1.11803398874989,6.16456763639264,9.06365552019345,Inf,0.297049230769231,0.377,0.005,13.0813608130245,0.82123185476894,95.0118413672738,25.4619538060301
avoidanceSwerve,training,101,repeated_e1.5_t6_y3,1,,0,1000,2,0.12850915051026,0.145037059770932,8.60493664118757,0.380883142359838,12.3187073862866,23.7277152059291,9.09142358076215,10.1656518835523,19.7323265106087,0.32847779610093,0.922607443575188,83.1941852140939,147.164549686116,0.309168551801663,1.43071847710436,62.3110837893916,142.888332678512,67.6770681319655,3.25,0.0947016904830255,10.7456704766678,9.76441246835499,0.327454671213948,75.5582348200913,62.2700887168788,1.11803398874989,12.0915967453124,9.06344415992854,5.82,0.296532307692308,0.338,0.005,13.0813608130245,0.82123185476894,95.0118413672738,38.255232315026
avoidanceSwerve,training,101,repeated_e3_t1.5_y0.1,1,,0,1000,2,0.796145083913328,0.682821188734989,1.80476363851801,1.30894213740102,4.16775056674477,4.76144408413594,7.26963681621648,1.86730984522838,3.51039864989568,2.26088573222803,3.62714150790272,21.5915351788474,48.1514963040271,0.0908366274727913,0.786622890856055,5.33064390162649,9.26877885675251,6.7161215012953,3.25,0.863821067033478,4.26030588328769,2.15623280851841,2.64490009536762,20.7394475689946,3.4785571785517,1.11803398874989,4.37059618292421,1.38844369371074,Inf,0.297738461538462,0.367,0.005,13.0813608130245,0.82123185476894,95.0118413672738,16.0143775653595
avoidanceSwerve,training,101,repeated_e3_t1.5_y1,1,,0,1000,2,0.992329126498973,0.842309700147378,3.28182010637717,1.79404528737326,8.01748367212586,14.3683579188491,8.6164272903106,3.62563365162048,7.04026864602307,2.82472810396679,4.55330365201085,63.1235366427986,96.3339211803838,0.0908366274727913,0.786622890856055,34.1841677572556,55.81589460017,36.0170130252057,3.25,1.10511680849018,7.26418673157852,2.67908576042818,3.30634694731413,60.2114781161544,32.0818417437147,1.11803398874989,10.1662899568171,1.38319254866169,Inf,0.296723076923077,0.36,0.005,13.0813608130245,0.82123185476894,95.0118413672738,29.7992658967904
avoidanceSwerve,training,101,repeated_e3_t1.5_y3,1,,0,1000,2,0.928522840700887,0.790264860492209,6.29718736239164,1.71073916060125,9.16290361554196,18.1116007347822,8.29338663156298,6.6737865271189,15.8576278880391,2.55486023253457,4.29970857113387,69.8376400401674,127.714902095321,0.0908366274727913,0.786622890856055,48.5537177492011,97.8065936024945,51.1751604807824,3.25,1.02516863926039,7.98339194586243,5.86269404615952,2.98488231221093,66.3018892416655,47.9998444209296,1.11803398874989,18.6062592544867,1.3827920752364,6.44,0.297886153846154,0.347,0.005,13.0813608130245,0.82123185476894,95.0118413672738,36.6003294692801
avoidanceSwerve,training,101,repeated_e3_t3_y0.1,1,,0,1000,2,0.335594409963528,0.306007289674895,1.2830181625095,0.739744809231844,3.44014152604671,4.05071778908363,7.68944119638001,0.6283112574094,1.69224601767832,0.951850350628392,1.96640819080969,19.5523941605858,51.431031840273,0.0908366274727913,0.786622890856055,5.33064390162649,9.26877885675251,6.7161215012953,3.25,0.320683492554475,2.85307386508607,0.727311245820965,1.10130181418099,14.5804673995659,3.4785571785517,1.11803398874989,5.7656253268906,1.98888510929722,5.36,0.2976,0.345,0.005,13.0813608130245,0.82123185476894,95.0118413672738,8.52304544657124
avoidanceSwerve,training,101,repeated_e3_t3_y1,1,,0,1000,2,0.386598173366662,0.345219036485508,3.79556530336977,0.925903973961306,8.10974154329555,14.7610252397826,9.21777087666373,4.21800435692545,8.95912409033569,1.24913154233061,2.89785282981592,61.4069610532109,90.2449975751517,0.0908366274727913,0.786622890856055,34.1841677572556,55.81589460017,36.0170130252057,3.25,0.373887858659989,6.96829482597867,3.76878955727445,1.45248694647346,55.4080869259445,32.0818417437147,1.11803398874989,9.91009806837361,1.98893014929094,Inf,0.296381538461538,0.335,0.005,13.0813608130245,0.82123185476894,95.0118413672738,24.5833826581597
avoidanceSwerve,training,101,repeated_e3_t3_y3,1,,0,1000,2,0.377454649673459,0.338131101390018,6.91327428442519,0.910682439427633,9.89416332640081,19.1064426738347,9.00533170180701,7.48724570763853,16.7285156907744,1.1600596010382,2.86075279978878,70.5477256598542,126.653563749199,0.0908366274727913,0.786622890856055,48.5537177492011,97.8065936024945,51.1751604807824,3.25,0.361939265194126,8.78675568779931,7.16553028222064,1.3456254631593,65.3984973313694,47.9998444209296,1.11803398874989,18.3261587423312,1.98903406191816,5.82,0.297310769230769,0.351,0.005,13.0813608130245,0.82123185476894,95.0118413672738,32.8585830439825
avoidanceSwerve,training,101,repeated_e3_t6_y0.1,1,,0,1000,2,0.115394673385139,0.137178561497631,1.39295098111071,0.325117280970332,2.39979429715446,3.13151988934564,8.15580585067945,0.415177164856235,0.949531949176585,0.368636924249449,1.01978688759626,15.3614605358377,45.3009017176711,0.0908366274727913,0.786622890856055,5.33064390162649,9.26877885675251,6.7161215012953,3.25,0.0910793786026972,1.27634556532232,0.372495020103764,0.357857450495232,6.16814179630653,3.4785571785517,1.11803398874989,7.91489597041711,9.05214203932954,4.94,0.297027692307692,0.343,0.005,13.0813608130245,0.82123185476894,95.0118413672738,5.0565931707314
avoidanceSwerve,training,101,repeated_e3_t6_y1,1,,0,1000,2,0.131019791117477,0.146582481836304,3.87124393966409,0.401066544177303,7.64986583458105,14.4478546595699,9.6672779240992,4.24212699547257,8.43453332293486,0.454483781166414,1.2681528483834,59.4838914198734,89.307578429471,0.0908366274727913,0.786622890856055,34.1841677572556,55.81589460017,36.0170130252057,3.25,0.0940162239680351,6.22928112577146,3.883572753223,0.425293033833085,51.6199059465301,32.0818417437147,1.11803398874989,9.87213742262681,9.05242290144229,Inf,0.300873846153846,0.48,0.005,13.0813608130245,0.82123185476894,95.0118413672738,21.6912301860946
avoidanceSwerve,training,101,repeated_e3_t6_y3,1,,0,1000,2,0.132212449460855,0.147321045533409,7.06369945333183,0.399174434044125,9.96866903058683,19.2818796515165,9.73019865075475,7.64974032777656,16.6693362225781,0.44766833217479,1.24371886428656,70.5447404922747,121.435901268292,0.0908366274727913,0.786622890856055,48.5537177492011,97.8065936024945,51.1751604807824,3.25,0.0970515756495772,8.78809688529051,7.37574567679048,0.424633027024259,64.5083090400871,47.9998444209296,1.11803398874989,18.3170428899114,9.05302072120031,5.72,0.298270769230769,0.411,0.005,13.0813608130245,0.82123185476894,95.0118413672738,30.7305532486166
avoidanceSwerve,training,101,repeated_e6_t1.5_y0.1,1,,0,1000,2,0.755672971292231,0.650156868150434,2.00023688110239,1.15017874096793,3.62966991147319,3.74732667208389,7.01417721137522,2.00022711250366,3.68133238646254,2.16427567203531,3.51584716680807,15.7891735281723,32.6652156948967,0.0360149883899695,0.360681200846362,2.45480619375891,3.56743485561899,2.91824270496914,3.25,0.812513589565589,3.77036885856852,2.25509809077814,2.52988062894968,16.1457357705918,2.20749903383918,1.11803398874989,7.07850845310871,1.39034553993873,Inf,0.297076923076923,0.338,0.005,13.0813608130245,0.82123185476894,95.0118413672738,14.7150186435641
avoidanceSwerve,training,101,repeated_e6_t1.5_y1,1,,0,1000,2,0.842527772665859,0.720371401497309,1.93248414219489,1.32717821064588,4.76636944589457,7.29954669593264,7.79858363332393,1.92361882794094,3.49697741001597,2.52903283029366,4.15188183033661,34.6546446142632,69.2521586289649,0.0360149883899695,0.360681200846362,16.3104259372397,31.7102626041501,16.8049983320474,3.25,0.922465188842101,5.16043067274051,2.16788749616681,2.96051700947683,38.6006865604415,18.2996617355416,1.11803398874989,6.8429892634434,1.38798673498757,Inf,0.295790769230769,0.341,0.005,13.0813608130245,0.82123185476894,95.0118413672738,19.2034443053931
avoidanceSwerve,training,101,repeated_e6_t1.5_y3,1,,0,1000,2,0.880047085962334,0.750825787888695,2.42106430238994,1.47105108618845,4.96152678782548,8.8636240813694,8.04102052321607,2.60355053614355,6.75564755419262,2.60229788930945,4.17364989182709,39.2460417169111,89.9279760490592,0.0360149883899695,0.360681200846362,23.5678464757074,61.9664313179397,24.4723512209413,3.25,0.968725754654944,5.42871026548042,2.96555988262014,3.04644492244205,43.7428237570802,26.383022664363,1.11803398874989,7.0479697680611,1.38603519273404,Inf,0.298929230769231,0.35,0.005,13.0813608130245,0.82123185476894,95.0118413672738,21.8567802752927
avoidanceSwerve,training,101,repeated_e6_t3_y0.1,1,,0,1000,2,0.320889469803986,0.294869987166402,1.53376418464298,0.665891061787448,2.81569756028982,2.99417380085525,7.293390663453,0.686477610593676,1.47325271580561,0.860323066449585,1.55951568057981,14.2351139064091,34.8454309165084,0.0360149883899695,0.360681200846362,2.45480619375891,3.56743485561899,2.91824270496914,3.25,0.30737922850313,2.55815614385435,0.727502552480882,0.995300862662397,12.6339346470578,2.20749903383918,1.11803398874989,8.55966007271047,1.98865793720969,5.3,0.296658461538462,0.344,0.005,13.0813608130245,0.82123185476894,95.0118413672738,7.42887270050904
avoidanceSwerve,training,101,repeated_e6_t3_y1,1,,0,1000,2,0.339641947715363,0.30908727052377,1.86424912599312,0.748423019091608,4.5345406547778,7.51840256765191,8.08870429620273,1.49013918189931,4.91150654329102,1.01028536955803,1.91694548513955,33.997430124464,68.360850487268,0.0360149883899695,0.360681200846362,16.3104259372397,31.7102626041501,16.8049983320474,3.25,0.32544733154776,4.64084500540924,1.72389712159713,1.17239343475818,36.3276586879633,18.2996617355416,1.11803398874989,8.28986025161325,1.98865024582527,Inf,0.297033846153846,0.349,0.005,13.0813608130245,0.82123185476894,95.0118413672738,13.1761838658451
avoidanceSwerve,training,101,repeated_e6_t3_y3,1,,0,1000,2,0.354922455504104,0.320766631609496,2.75373506191447,0.812599290754572,5.38267173281895,9.81759132992467,8.59335283159429,2.86754055013722,9.8702001617968,1.07979311305464,2.31674598873082,40.8241200996517,94.32408772412,0.0360149883899695,0.360681200846362,23.5678464757074,61.9664313179397,24.4723512209413,3.25,0.339352984431881,5.6886255796596,3.33073777549276,1.25193264449999,44.0579991038814,26.383022664363,1.11803398874989,7.84871158467591,1.98872932507461,5.64,0.296006153846154,0.377,0.005,13.0813608130245,0.82123185476894,95.0118413672738,17.4491296752458
avoidanceSwerve,training,101,repeated_e6_t6_y0.1,1,,0,1000,2,0.111079252384827,0.134666491182224,1.83649191794427,0.294271009347512,1.75357934034522,1.99931202370204,7.66483625946056,0.353037211229756,1.22752739186588,0.329748672735596,0.957447990053751,9.63019465429626,27.3306691290184,0.0360149883899695,0.360681200846362,2.45480619375891,3.56743485561899,2.91824270496914,3.25,0.0919056158554506,1.37930445723084,0.220906843170838,0.339820135437324,7.16918984040722,2.20749903383918,1.11803398874989,11.6509767327423,9.03391088695378,5.64,0.297193846153846,0.342,0.005,13.0813608130245,0.82123185476894,95.0118413672738,3.74290587716703
avoidanceSwerve,training,101,repeated_e6_t6_y1,1,,0,1000,2,0.117520462663439,0.138402431609998,2.14672849065988,0.329247448968383,3.91313644153603,7.12007040928384,8.37599898135808,1.44244393966204,4.60119511481466,0.36601326367848,0.996966007539584,31.9464396943985,60.3235528913357,0.0360149883899695,0.360681200846362,16.3104259372397,31.7102626041501,16.8049983320474,3.25,0.0934983658956869,3.95776793538235,1.67881935771611,0.364295896496637,33.6850874770234,18.2996617355416,1.11803398874989,11.4337762696332,9.0344755481221,Inf,0.297304615384615,0.336,0.005,13.0813608130245,0.82123185476894,95.0118413672738,10.4493804448382
avoidanceSwerve,training,101,repeated_e6_t6_y3,1,,0,1000,2,0.124456802569373,0.142543621765748,3.09049528352877,0.35985037853106,5.28107056117434,9.95075235218107,9.1384063169919,3.05530765616198,10.2504249273394,0.42048653910512,1.07541182358194,40.7198496043072,89.7199952987221,0.0360149883899695,0.360681200846362,23.5678464757074,61.9664313179397,24.4723512209413,3.25,0.096737026250181,5.51817231344417,3.55678806102633,0.402214703667904,42.9883831096319,26.383022664363,1.11803398874989,11.0812762841675,9.03574003128828,5.66,0.296966153846154,0.348,0.005,13.0813608130245,0.82123185476894,95.0118413672738,15.4991532588791
avoidanceSwerve,training,102,lmi_e1.5_t1.5_y0.1,1,,0,1000,2,0.206978260826489,0.234191205477268,2.46694588501102,0.501173796073799,1.81951925915191,2.16288680002494,7.44731538854455,0.450779660759801,1.07449694408018,0.26355795186537,0.799096270333347,10.1570602130543,25.5731573012639,0.0441160118138235,0.345448434941724,3.13923184491893,4.85645130072627,3.44692269077411,3.25,0.169314826890728,1.61031392628208,0.461347013530328,0.277403204491371,9.18487456117051,3.48922487061536,1.11803398874989,14.2796407114178,7.82085901378511,Inf,0.302486153846154,0.827,0.005,13.0813608130245,0.82123185476894,95.0118413672738,5.00275397239535
avoidanceSwerve,training,102,lmi_e1.5_t1.5_y1,1,,0,1000,2,0.212993397463923,0.237905794723689,3.0690420304688,0.540355160178109,4.64705820597614,8.89905045867672,7.91999824593484,2.34985217770999,7.18227066466387,0.260044454435651,0.771140316441677,37.8924861850959,76.7642100642787,0.0441160118138235,0.345448434941724,21.4176692262443,45.1385459237017,21.7078028108908,3.25,0.168686922209591,5.05670367377077,2.75912194308706,0.271393809845152,42.3613523005147,24.8686633123281,1.11803398874989,13.9613313483468,7.82130132025663,Inf,0.3018,0.377,0.005,13.0813608130245,0.82123185476894,95.0118413672738,14.4081355670784
avoidanceSwerve,training,102,lmi_e1.5_t1.5_y3,1,,0,1000,2,0.22477208917066,0.245304004763718,4.32280907591318,0.604722758862952,6.13831471364959,11.8787757484224,8.72164601402051,4.37895357891482,13.7960676218541,0.269689340501043,0.748616145046313,45.253032213993,107.365304204013,0.0441160118138235,0.345448434941724,29.630343027871,80.4426447556864,30.3247924986382,3.25,0.17002797843437,6.56417707531278,5.11570057235878,0.267682987680429,48.4119991131993,33.7369270114197,1.11803398874989,13.3884060154855,7.82233359400268,5.44,0.303489230769231,0.367,0.005,13.0813608130245,0.82123185476894,95.0118413672738,20.0562344923348
avoidanceSwerve,training,102,lmi_e1.5_t3_y0.1,1,,0,1000,2,0.0688349874631718,0.141650433334267,2.65011996791404,0.153946875114598,1.24519643718054,1.69493391422391,7.4106242274012,0.689154831717923,1.70047727686863,0.60337780821997,1.44816461552775,7.42098420534951,16.1395177393916,0.0441160118138235,0.345448434941724,3.13923184491893,4.85645130072627,3.44692269077411,3.25,0.06382854654757,1.15290847012469,0.605440240561038,0.501678228059916,7.5127522557893,3.48922487061536,1.11803398874989,20.1658934196295,33.3105255818941,Inf,0.302175384615385,0.447,0.005,13.0813608130245,0.82123185476894,95.0118413672738,3.55085637913747
avoidanceSwerve,training,102,lmi_e1.5_t3_y1,1,,0,1000,2,0.0693580856226205,0.141789715047404,3.22289159075278,0.154297738351285,4.3226928543171,8.66405550877265,7.65148855224295,2.34952755325548,6.85000580010282,0.602906577561318,1.44831031328041,36.749885375426,73.9452523020289,0.0441160118138235,0.345448434941724,21.4176692262443,45.1385459237017,21.7078028108908,3.25,0.0639496594447185,4.88399718382633,2.71485511535653,0.501753474088956,42.0033456501133,24.8686633123281,1.11803398874989,20.0312299253904,33.312400223642,Inf,0.296609230769231,0.329,0.005,13.0813608130245,0.82123185476894,95.0118413672738,12.7426130378223
avoidanceSwerve,training,102,lmi_e1.5_t3_y3,1,,0,1000,2,0.0705793225130779,0.142147159597411,4.41373783355231,0.154771221374296,5.77417326197014,11.577883370489,8.26855342872994,4.3236839496825,13.133118277123,0.602526154626499,1.44773226952732,43.8437830901042,105.291233503469,0.0441160118138235,0.345448434941724,29.630343027871,80.4426447556864,30.3247924986382,3.25,0.0640370240057013,6.33871839594137,5.04261552128646,0.502184709615251,47.706069118639,33.7369270114197,1.11803398874989,19.7663568548781,33.3165077941222,Inf,0.299778461538462,0.394,0.005,13.0813608130245,0.82123185476894,95.0118413672738,18.1219177425166
avoidanceSwerve,training,102,lmi_e1.5_t6_y0.1,1,,0,1000,2,0.0930302573377588,0.160129424913938,4.37609890634277,0.230381023867548,2.72561026932628,2.94869120355962,15.557584836823,1.85136309736738,5.28423753564992,1.82247190253495,4.35350873735752,11.3269848654433,29.68526615174,0.0441160118138235,0.345448434941724,3.13923184491893,4.85645130072627,3.44692269077411,3.25,0.0914893591938402,2.68404969523261,1.73530935327779,1.78981030712383,11.5924556443364,3.48922487061536,1.11803398874989,33.6422491033576,152.446174059673,Inf,0.298393846153846,0.352,0.005,13.0813608130245,0.82123185476894,95.0118413672738,6.898425741201
avoidanceSwerve,training,102,lmi_e1.5_t6_y1,1,,0,1000,2,0.0930234230997991,0.160273648771847,4.70871745410093,0.231474439913291,4.90577548640759,8.93499287328781,15.6079695895827,2.89736143618634,8.3544404524667,1.82034887924116,4.34775626472366,37.5183595197097,79.1965443447128,0.0441160118138235,0.345448434941724,21.4176692262443,45.1385459237017,21.7078028108908,3.25,0.0914998117389353,5.4234322960992,3.16394898157033,1.78756762598696,42.7624607962118,24.8686633123281,1.11803398874989,33.6237753014589,150.649665568771,Inf,0.299984615384615,0.605,0.005,13.0813608130245,0.82123185476894,95.0118413672738,14.2286290073126
avoidanceSwerve,training,102,lmi_e1.5_t6_y3,1,,0,1000,2,0.0929220356986856,0.160026471380408,5.53296562526775,0.235255041536158,6.166508250461,11.7210752710775,15.8297542537882,4.60646325063522,15.2744748233587,1.81747601620474,4.35432171423236,44.3187067484268,110.082804275955,0.0441160118138235,0.345448434941724,29.630343027871,80.4426447556864,30.3247924986382,3.25,0.0914240856410817,6.72056755199056,5.26136116305432,1.78660945347625,48.2690163843218,33.7369270114197,1.11803398874989,33.5842960381993,145.579307620422,Inf,0.296886153846154,0.338,0.005,13.0813608130245,0.82123185476894,95.0118413672738,19.0058882079427
avoidanceSwerve,training,102,lmi_e3_t1.5_y0.1,1,,0,1000,2,0.207561569468895,0.234553278931622,2.75187697574461,0.504000897976532,1.81124999908506,1.95537981187913,7.42668892239231,0.643604171490809,1.74187814302901,0.263201447517283,0.795218120417296,9.01744079583977,30.0134963510755,0.0500963410625068,0.733411888770702,1.86768851182054,3.67007282552885,2.9243647466207,3.25,0.169722587120317,1.4881441904835,0.655336100077901,0.277104172181388,6.19606845776468,0.91163581479683,1.11803398874989,21.3375008797165,7.8164398952767,6.44,0.298587692307692,0.338,0.005,13.0813608130245,0.82123185476894,95.0118413672738,5.16631219683852
avoidanceSwerve,training,102,lmi_e3_t1.5_y1,1,,0,1000,2,0.213660507369661,0.238300233644469,2.79600276511128,0.544043654665351,3.44686923896065,6.10713773919573,7.94051316723197,1.22764322670613,4.421757119099,0.261905691589347,0.770947193634115,27.674024256758,55.2791368256411,0.0500963410625068,0.733411888770702,13.9022737579859,28.160765416802,14.1495407375072,3.25,0.168981427779302,3.47261971931527,1.4076305315736,0.272939509908203,29.1974644518306,15.583868746545,1.11803398874989,20.6116342339293,7.81652848756968,Inf,0.297846153846154,0.342,0.005,13.0813608130245,0.82123185476894,95.0118413672738,10.1266963784605
avoidanceSwerve,training,102,lmi_e3_t1.5_y3,1,,0,1000,2,0.219204458762955,0.241760542843901,3.41116650028829,0.573135079827747,4.79240185118592,8.97001594685108,8.39307589386598,2.68084186641088,10.5060387187637,0.268099503823282,0.781850387333751,37.1656358244913,90.3738102035722,0.0500963410625068,0.733411888770702,21.240132908546,60.8777216083324,21.5267786383871,3.25,0.170437145793468,5.0519749406938,3.11178211291396,0.275176986138203,39.8347369447122,23.9783869367554,1.11803398874989,19.4015707912216,7.81690255476754,6.44,0.297138461538462,0.326,0.005,13.0813608130245,0.82123185476894,95.0118413672738,14.9868554853496
avoidanceSwerve,training,102,lmi_e3_t3_y0.1,1,,0,1000,2,0.0687272734412883,0.141851545452602,3.75838707387121,0.153992740561633,1.28733895675421,1.47906949855878,7.38110198070219,0.861252036155651,2.09090525105815,0.603713621768628,1.44890557026939,5.88615300420356,19.3695454773229,0.0500963410625068,0.733411888770702,1.86768851182054,3.67007282552885,2.9243647466207,3.25,0.0637651230913954,1.07856617895951,0.813337475366148,0.501571719845289,3.64610613786577,0.91163581479683,1.11803398874989,30.1518307479162,33.2363735727029,Inf,0.301766153846154,0.337,0.005,13.0813608130245,0.82123185476894,95.0118413672738,3.5870074075649
avoidanceSwerve,training,102,lmi_e3_t3_y1,1,,0,1000,2,0.0692512156587032,0.142020598164411,3.73294916855249,0.154031614744073,3.08257704017219,5.84983918196388,7.68520860806882,1.31814936579441,3.64447909281811,0.603309817608831,1.4485019176082,26.3261974240665,51.9680396634056,0.0500963410625068,0.733411888770702,13.9022737579859,28.160765416802,14.1495407375072,3.25,0.0638330657384258,3.26216175665673,1.44374520259919,0.501386686418141,28.6099444161112,15.583868746545,1.11803398874989,29.6074443116264,33.2365108830271,Inf,0.302449230769231,0.379,0.005,13.0813608130245,0.82123185476894,95.0118413672738,8.59405037298916
avoidanceSwerve,training,102,lmi_e3_t3_y3,1,,0,1000,2,0.0698376121954268,0.142211171213408,4.13904993601028,0.154046988263565,4.43081835946318,8.68378716942833,7.9896799037241,2.67194803890036,9.65005695974877,0.603345146048356,1.44854159812064,35.7825356733336,86.8631103570966,0.0500963410625068,0.733411888770702,21.240132908546,60.8777216083324,21.5267786383871,3.25,0.0640162724624915,4.7967098412604,3.07553067083201,0.501837909494057,38.9408257090306,23.9783869367554,1.11803398874989,28.4671986796702,33.2369062601849,Inf,0.301883076923077,0.373,0.005,13.0813608130245,0.82123185476894,95.0118413672738,13.1987793344217
avoidanceSwerve,training,102,lmi_e3_t6_y0.1,1,,0,1000,2,0.0930348631370938,0.160972621147022,4.77623178512831,0.23030452494155,2.73918428854375,2.82644205942117,15.5741218097534,1.92666050273765,5.20240763007201,1.82258650100164,4.35597254160259,10.259450335593,30.6549044449245,0.0500963410625068,0.733411888770702,1.86768851182054,3.67007282552885,2.9243647466207,3.25,0.0915081488194224,2.68070234480385,1.84452394608547,1.78994036680591,9.55413188398108,0.91163581479683,1.11803398874989,42.7396510061469,150.025454111866,Inf,0.300003076923077,0.354,0.005,13.0813608130245,0.82123185476894,95.0118413672738,6.83555970396484
avoidanceSwerve,training,102,lmi_e3_t6_y1,1,,0,1000,2,0.0929860019338567,0.161258301717372,4.78557222926408,0.231012541486066,3.8573693631199,6.24858360358722,15.6232557381721,2.14260095825641,6.09901547145549,1.82151316943324,4.34994431802694,27.4420067724988,62.9285797084176,0.0500963410625068,0.733411888770702,13.9022737579859,28.160765416802,14.1495407375072,3.25,0.0914963173855942,4.0438292865439,2.18876996742051,1.78880177999101,29.7869654881987,15.583868746545,1.11803398874989,42.4023545151449,152.866295487939,Inf,0.302830769230769,0.36,0.005,13.0813608130245,0.82123185476894,95.0118413672738,10.7034632903512
avoidanceSwerve,training,102,lmi_e3_t6_y3,1,,0,1000,2,0.0929616404300746,0.160960591605408,5.14555171394617,0.232546894855995,4.93545207626116,8.88063624064823,15.6970318549125,3.13919782774868,11.7824917670751,1.81951617139938,4.34921574339241,36.3359993868123,91.0766755695781,0.0500963410625068,0.733411888770702,21.240132908546,60.8777216083324,21.5267786383871,3.25,0.0914720023152108,5.3122855136114,3.46304683508888,1.78766399182302,39.6488608194104,23.9783869367554,1.11803398874989,41.6888747120352,145.278360853749,Inf,0.299086153846154,0.366,0.005,13.0813608130245,0.82123185476894,95.0118413672738,14.4752119371606
avoidanceSwerve,training,102,lmi_e6_t1.5_y0.1,1,,0,1000,2,0.205735092311885,0.233399912614615,4.20985810426152,0.489540611387943,3.02072778045833,3.04588794377765,7.36382648893144,1.67031886396887,5.32711873089882,0.270340723884163,0.841604926970422,12.3993650884881,30.5440745167927,0.0901411363885436,2.56752977686314,0.830822391696294,2.18828466175147,9.4292356510028,3.25,0.170474321726221,2.8279139812742,1.63105363031673,0.287941433565273,11.2712587646115,0.464338541932125,1.11803398874989,39.7468772790549,7.83535509164999,Inf,0.301664615384615,0.375,0.005,13.0813608130245,0.82123185476894,95.0118413672738,7.87786166875421
avoidanceSwerve,training,102,lmi_e6_t1.5_y1,1,,0,1000,2,0.205125732136355,0.233056176175164,4.13308392461496,0.475696066960451,3.63237252994017,5.05636303565441,7.48861413246462,1.76042896313499,5.08212417476077,0.280391647748695,0.892596785809864,22.0224379384135,61.3690105491477,0.0901411363885436,2.56752977686314,9.65077710412979,24.0987915168883,13.2249899820095,3.25,0.173009960366658,3.65226766484602,1.78976045104408,0.30136079120121,23.3948802495003,10.7116966319866,1.11803398874989,39.2017926020676,7.84596699223405,Inf,0.302083076923077,0.353,0.005,13.0813608130245,0.82123185476894,95.0118413672738,9.97660283531623
avoidanceSwerve,training,102,lmi_e6_t1.5_y3,1,,0,1000,2,0.205304796336235,0.233188202334639,4.40023733624448,0.476276199888575,4.8350921233884,8.35065284600583,7.47262149769771,2.72940048560216,9.23963863972026,0.274603349914399,0.858131662109983,34.5171943552987,94.1291446721996,0.0901411363885436,2.56752977686314,19.4784903682518,59.1364424613252,21.2115836764477,3.25,0.173021378030885,4.85216772246967,2.8736206434571,0.294129804297299,35.7380751761339,20.8787007760965,1.11803398874989,37.9677543731597,7.85720993447088,Inf,0.299744615384615,0.387,0.005,13.0813608130245,0.82123185476894,95.0118413672738,14.4152878056264
avoidanceSwerve,training,102,lmi_e6_t3_y0.1,1,,0,1000,2,0.0687586035524396,0.141680510895717,4.67824320812783,0.153932285076612,2.70750198880491,2.73804712748145,7.35076436532657,1.72626523409138,4.88089366083247,0.602306795224739,1.44834824525854,10.2642566933767,25.8792845267448,0.0901411363885436,2.56752977686314,0.830822391696294,2.18828466175147,9.4292356510028,3.25,0.0639024678386683,2.62469659512241,1.69630223912128,0.501466838923604,9.80294615779888,0.464338541932125,1.11803398874989,46.6642008049574,33.2415744912697,Inf,0.29944,0.384,0.005,13.0813608130245,0.82123185476894,95.0118413672738,6.19296784238248
avoidanceSwerve,training,102,lmi_e6_t3_y1,1,,0,1000,2,0.068792680955048,0.141673035564269,4.61402954078663,0.153755385561305,3.35322103117616,4.82872713123856,7.35931527095927,1.78072162990793,4.70327676189007,0.602284485556481,1.4482196800498,20.9422589028365,56.0432115980361,0.0901411363885436,2.56752977686314,9.65077710412979,24.0987915168883,13.2249899820095,3.25,0.0641684833161046,3.3956508717011,1.84440882078194,0.501603076472617,22.0697080794323,10.7116966319866,1.11803398874989,46.0571949469383,33.2474362686475,Inf,0.298221538461538,0.376,0.005,13.0813608130245,0.82123185476894,95.0118413672738,8.43782184993364
avoidanceSwerve,training,102,lmi_e6_t3_y3,1,,0,1000,2,0.0688062529200514,0.141656159477022,4.86076376975018,0.153502590236988,4.72673066443651,8.31667434394702,7.38253069036596,2.75502376795814,8.66155331564392,0.601808338295481,1.44786161413947,34.3607760520507,90.2692045322856,0.0901411363885436,2.56752977686314,19.4784903682518,59.1364424613252,21.2115836764477,3.25,0.0642167217084818,4.77138668479058,2.94371590993032,0.50145042907269,35.3363225334151,20.8787007760965,1.11803398874989,44.670094197381,33.2655952982049,Inf,0.300861538461538,0.382,0.005,13.0813608130245,0.82123185476894,95.0118413672738,13.0702652755269
avoidanceSwerve,training,102,lmi_e6_t6_y0.1,1,,0,1000,2,0.0930419216944341,0.161554070564348,7.10894878757052,0.230959866113119,3.81238780600542,3.83346520361961,15.6753140146232,2.3484908348922,6.04177367407916,1.82244140480028,4.37385391231998,14.576563862863,49.6468606157151,0.0901411363885436,2.56752977686314,0.830822391696294,2.18828466175147,9.4292356510028,3.25,0.0915863846164289,3.87943675503949,2.42697305378618,1.78948886302614,14.7684917265614,0.464338541932125,1.11803398874989,66.9066191014074,145.219648764974,Inf,0.299070769230769,0.367,0.005,13.0813608130245,0.82123185476894,95.0118413672738,8.54271365930134
avoidanceSwerve,training,102,lmi_e6_t6_y1,1,,0,1000,2,0.0930497861550835,0.161536200088273,7.06340271653282,0.230466037929653,4.27312329648514,5.49193967117903,15.6309872731199,2.4740066189499,6.92032628709619,1.82196978550965,4.36971493083383,22.6612089244336,64.2971105139229,0.0901411363885436,2.56752977686314,9.65077710412979,24.0987915168883,13.2249899820095,3.25,0.0915834997058106,4.36003691168273,2.55156682724316,1.78881454202679,23.9141314637829,10.7116966319866,1.11803398874989,66.1977346219529,145.236164334713,Inf,0.29784,0.379,0.005,13.0813608130245,0.82123185476894,95.0118413672738,10.4107528843374
avoidanceSwerve,training,102,lmi_e6_t6_y3,1,,0,1000,2,0.0930124850993397,0.161227938856874,7.19174867188605,0.230359411839743,5.43668446887596,8.71967375662214,15.609659055343,3.39951735025343,10.2018346441903,1.82195827883182,4.37289187251526,34.9516637375901,81.925877856764,0.0901411363885436,2.56752977686314,19.4784903682518,59.1364424613252,21.2115836764477,3.25,0.0915169415822811,5.45482363926934,3.48871553716016,1.78878522632035,36.1077233161344,20.8787007760965,1.11803398874989,64.5621442969107,145.278184429509,Inf,0.298049230769231,0.365,0.005,13.0813608130245,0.82123185476894,95.0118413672738,14.7194922990183
avoidanceSwerve,training,102,repeated_e1.5_t1.5_y0.1,1,,0,1000,2,0.855885377445807,0.730866932250727,1.60751172378364,1.41047148302544,4.87361146874361,5.61527636089703,7.58371241809875,1.72213204003707,3.02689945529583,2.49675399116793,3.91998172882131,26.6154342114873,59.9171115314322,0.314180297541554,1.43583802327217,5.96976786783776,10.3284773630315,10.4878357322003,3.25,0.935561210366283,4.90219925064612,2.0051024981774,2.92439923410606,25.7840119273329,4.65241296246425,1.11803398874989,2.6863587937162,1.38539920230911,Inf,0.297421538461538,0.356,0.005,13.0813608130245,0.82123185476894,95.0118413672738,17.3262046968297
avoidanceSwerve,training,102,repeated_e1.5_t1.5_y1,1,,0,1000,2,0.975551624804672,0.828311655335927,4.1483454508683,1.81547381243701,9.28209459076132,16.5522231915206,8.31945080701753,4.88868399982972,9.10916229360735,2.62131036423314,4.36868733985858,68.6716706061551,105.248775745627,0.314180297541554,1.43583802327217,38.7232730886624,71.9047881852135,44.1703904495423,3.25,1.08106421399958,8.35888276936876,3.9920848890596,3.05965426166234,65.0001561696572,36.6921311926326,1.11803398874989,6.22548457073827,1.38149624154665,Inf,0.299243076923077,0.372,0.005,13.0813608130245,0.82123185476894,95.0118413672738,33.2672183689372
avoidanceSwerve,training,102,repeated_e1.5_t1.5_y3,1,,0,1000,2,0.822109328954438,0.703473898291013,7.43301721107516,1.61550741727964,11.0272361232132,21.5994917497488,7.4880493661026,8.77396348865324,16.8639619232853,1.8842667574132,3.18569547271185,78.551576420105,138.186078133829,0.314180297541554,1.43583802327217,58.215175413122,115.681674851317,63.5443083010444,3.25,0.886052077590905,9.23125520805627,7.78167391558448,2.16470442302428,71.351275135105,56.7085235848585,1.11803398874989,12.122629074005,1.38152729828645,5.9,0.299166153846154,0.372,0.005,13.0813608130245,0.82123185476894,95.0118413672738,41.4793355508719
avoidanceSwerve,training,102,repeated_e1.5_t3_y0.1,1,,0,1000,2,0.352587249670048,0.317522026502798,1.14623367065851,0.808873022193007,4.14190823902745,4.88880931767649,8.0606833671277,0.940037963617434,2.75506495588963,1.11433894885348,2.41817948352948,23.8620854741728,63.5091224180388,0.314180297541554,1.43583802327217,5.96976786783776,10.3284773630315,10.4878357322003,3.25,0.338227302328624,3.31340038906692,1.06046971999572,1.28645758153077,18.0645170658216,4.65241296246425,1.11803398874989,3.69691325949653,2.02086762149307,5.06,0.302624615384615,0.383,0.005,13.0813608130245,0.82123185476894,95.0118413672738,10.1783655187699
avoidanceSwerve,training,102,repeated_e1.5_t3_y1,1,,0,1000,2,0.388113747104323,0.345054826437758,4.82646148202751,0.948809814484269,9.62464814031349,17.1045979970981,9.12399419030628,5.69860590487213,11.123489707878,1.13420056335465,2.57891066004542,67.7119360042953,104.113976026231,0.314180297541554,1.43583802327217,38.7232730886624,71.9047881852135,44.1703904495423,3.25,0.374812448920915,8.37654902748961,5.23420000825979,1.31338745449114,61.4009071548663,36.6921311926326,1.11803398874989,6.00700688212864,2.02086983375672,Inf,0.304326153846154,0.38,0.005,13.0813608130245,0.82123185476894,95.0118413672738,28.8207364816466
avoidanceSwerve,training,102,repeated_e1.5_t3_y3,1,,0,1000,2,0.364973448884775,0.327080734455329,8.06754827176856,0.899312133358919,11.8709501651552,22.581507434034,8.4315320003841,9.54486661539612,18.7139910566513,0.867594418975785,2.00032889846711,79.9585061591007,135.594903911707,0.314180297541554,1.43583802327217,58.215175413122,115.681674851317,63.5443083010444,3.25,0.347283200712175,10.1673163583886,8.93898951683021,0.975751692368073,71.5749484710026,56.7085235848585,1.11803398874989,11.8807135102306,2.0208782288882,5.64,0.304609230769231,0.479,0.005,13.0813608130245,0.82123185476894,95.0118413672738,38.7311689514601
avoidanceSwerve,training,102,repeated_e1.5_t6_y0.1,1,,0,1000,2,0.120909401463022,0.139368243493141,1.22351465706138,0.299042638040694,3.10919360368296,3.9891400834713,8.41641771363813,0.8763618872644,1.85453267845175,0.43672651206001,1.28771189420855,19.6288726687733,55.0638598524242,0.314180297541554,1.43583802327217,5.96976786783776,10.3284773630315,10.4878357322003,3.25,0.0954520484495751,1.75722028937045,0.883188321287398,0.409394139295476,10.1859701303515,4.65241296246425,1.11803398874989,6.17424735615489,9.2991814819441,5.64,0.306455384615385,0.438,0.005,13.0813608130245,0.82123185476894,95.0118413672738,6.88759232291368
avoidanceSwerve,training,102,repeated_e1.5_t6_y1,1,,0,1000,2,0.134202942416765,0.147561566465055,4.8286718665752,0.372347112224358,9.04811969952948,16.6542854333229,9.55361711781491,5.66614483738015,10.6571488246356,0.415999700533882,1.28265424965398,65.3187584961549,103.879975340858,0.314180297541554,1.43583802327217,38.7232730886624,71.9047881852135,44.1703904495423,3.25,0.0984303596336693,7.46430010988784,5.30976761944258,0.407544222154381,56.7409253503425,36.6921311926326,1.11803398874989,6.17211354795532,9.29907745887842,Inf,0.300867692307692,0.369,0.005,13.0813608130245,0.82123185476894,95.0118413672738,25.7380707981589
avoidanceSwerve,training,102,repeated_e1.5_t6_y3,1,,0,1000,2,0.13116412488393,0.14565430185804,8.16456441150228,0.360049227204419,11.8432773733017,22.6234782821554,9.10107135377158,9.64140339749022,18.4301356038755,0.345450698253242,0.916554290166331,79.4397887689059,129.214108536252,0.314180297541554,1.43583802327217,58.215175413122,115.681674851317,63.5443083010444,3.25,0.0983540350829351,10.0282791135922,9.05084919378132,0.336620640829073,69.963059424602,56.7085235848585,1.11803398874989,11.7707624720551,9.29887889962203,5.66,0.301510769230769,0.382,0.005,13.0813608130245,0.82123185476894,95.0118413672738,36.4824057976009
avoidanceSwerve,training,102,repeated_e3_t1.5_y0.1,1,,0,1000,2,0.794447346476392,0.681083691100026,1.79914325377747,1.28436448115248,4.13305285333736,4.68414000603461,7.25548948098444,1.86002174011876,3.51800748210028,2.26027121732865,3.6237746390767,21.1893542093868,46.5375217989767,0.0932567550483753,0.79461685579196,5.03649974830618,8.75606716300415,6.57075154189839,3.25,0.85747155975004,4.24856574403643,2.14915541949645,2.64246108560716,20.59166219924,3.29955024056975,1.11803398874989,4.15147634647793,1.38413341697026,Inf,0.303646153846154,0.355,0.005,13.0813608130245,0.82123185476894,95.0118413672738,15.9023877868788
avoidanceSwerve,training,102,repeated_e3_t1.5_y1,1,,0,1000,2,0.992540817023801,0.842187270234284,3.16330510690955,1.79985039627665,7.80767473491454,13.9641351367336,8.6205160332062,3.51843058405856,7.30675541132813,2.82576329532982,4.56399354904033,61.4536349515458,98.7976897947097,0.0932567550483753,0.79461685579196,33.2643298746875,54.7961895213614,35.2179439020854,3.25,1.10239378326127,7.20909661481297,2.85048796490295,3.30692147499084,59.1732146392249,31.7870632145099,1.11803398874989,9.58196554827718,1.38108474410362,Inf,0.299713846153846,0.366,0.005,13.0813608130245,0.82123185476894,95.0118413672738,29.2529963286643
avoidanceSwerve,training,102,repeated_e3_t1.5_y3,1,,0,1000,2,0.929830386497379,0.791015836137706,6.0462767588106,1.71200419642508,8.91742265873334,17.6949673849123,8.2700493475201,6.53091105897253,15.1098186588511,2.55428223097367,4.31478054507219,68.2589498059283,128.853110270099,0.0932567550483753,0.79461685579196,47.8470259722448,99.2510991351332,50.5926492991614,3.25,1.02353123186275,7.88164053913456,5.92391847327139,2.9833091381779,65.1886134503336,47.8932062404563,1.11803398874989,18.0223067732528,1.38121157836455,Inf,0.298633846153846,0.348,0.005,13.0813608130245,0.82123185476894,95.0118413672738,36.0119159441045
avoidanceSwerve,training,102,repeated_e3_t3_y0.1,1,,0,1000,2,0.336191954305603,0.304942601597454,1.27532960046748,0.75439380634735,3.41648984683164,3.99233269014659,7.65440150415429,0.630117909443218,1.57157896568618,0.945990638676702,1.91165442589,19.24661625486,50.5619295728162,0.0932567550483753,0.79461685579196,5.03649974830618,8.75606716300415,6.57075154189839,3.25,0.319846656279568,2.87638332201171,0.726350171987494,1.09271991119868,14.7013779491379,3.29955024056975,1.11803398874989,5.53945674106991,2.01965675923491,5.36,0.299461538461539,0.358,0.005,13.0813608130245,0.82123185476894,95.0118413672738,8.47147861291446
avoidanceSwerve,training,102,repeated_e3_t3_y1,1,,0,1000,2,0.389933159942735,0.346471929708528,3.69200973926142,0.952296036169814,7.94453791342812,14.411535270053,9.25441016869631,4.12395208095671,9.52674115203943,1.26859595889961,2.96932497106278,60.0023989542929,92.7260906147812,0.0932567550483753,0.79461685579196,33.2643298746875,54.7961895213614,35.2179439020854,3.25,0.376290863993481,6.96883173919447,3.88951717279736,1.47369647902329,54.694559629618,31.7870632145099,1.11803398874989,9.35023043488175,2.01972541366063,Inf,0.298984615384615,0.351,0.005,13.0813608130245,0.82123185476894,95.0118413672738,24.1477155521993
avoidanceSwerve,training,102,repeated_e3_t3_y3,1,,0,1000,2,0.381204644563608,0.339671395339991,6.70175340209845,0.93948255722812,9.7294284368979,18.7804335305336,9.04556155867491,7.37729077055139,16.9773479347153,1.17508831886706,2.91150635501831,69.3634614120348,127.763490491361,0.0932567550483753,0.79461685579196,47.8470259722448,99.2510991351332,50.5926492991614,3.25,0.364895820635397,8.78137361523007,7.2397153919774,1.36165838235983,64.7745508623713,47.8932062404563,1.11803398874989,17.7664459750849,2.01986774672605,5.64,0.300787692307692,0.36,0.005,13.0813608130245,0.82123185476894,95.0118413672738,32.4393202691458
avoidanceSwerve,training,102,repeated_e3_t6_y0.1,1,,0,1000,2,0.117752660213048,0.137477066462507,1.38693447622098,0.281601901166185,2.36872626840133,3.05107489342359,8.05326156324316,0.456615044911171,1.11104520064594,0.367067073642693,1.00081745187619,14.9270483359118,43.4355770309356,0.0932567550483753,0.79461685579196,5.03649974830618,8.75606716300415,6.57075154189839,3.25,0.095156156335606,1.32869464344145,0.401821705198249,0.359321348318988,6.41050864484408,3.29955024056975,1.11803398874989,8.01756410913094,9.28794693008237,4.96,0.299972307692308,0.376,0.005,13.0813608130245,0.82123185476894,95.0118413672738,5.07616635913517
avoidanceSwerve,training,102,repeated_e3_t6_y1,1,,0,1000,2,0.133983506365695,0.147418335823296,3.75395718795775,0.366693609229896,7.4763554957081,14.0881652196577,9.68018714183167,4.12596670565279,9.0111266814681,0.470728380240576,1.54735650847205,58.1323534742165,86.7553604337468,0.0932567550483753,0.79461685579196,33.2643298746875,54.7961895213614,35.2179439020854,3.25,0.0989447107292398,6.23396611289214,3.96626041551002,0.442998325893008,51.0110137187501,31.7870632145099,1.11803398874989,9.21789992780932,9.28822158478237,Inf,0.301587692307693,0.364,0.005,13.0813608130245,0.82123185476894,95.0118413672738,21.2182391698058
avoidanceSwerve,training,102,repeated_e3_t6_y3,1,,0,1000,2,0.135063124137741,0.148098781512332,6.86674854479369,0.366860634415913,9.81021614451239,18.9636921948811,9.74391462842243,7.5481790162054,16.9445878607498,0.462312590891325,1.50563612108007,69.3464527915554,122.547556531611,0.0932567550483753,0.79461685579196,47.8470259722448,99.2510991351332,50.5926492991614,3.25,0.101479735101018,8.79179727007546,7.46361493343508,0.440704630211469,63.8224174220336,47.8932062404563,1.11803398874989,17.7080241644454,9.28880536837111,5.64,0.301329230769231,0.374,0.005,13.0813608130245,0.82123185476894,95.0118413672738,30.3162798320993
avoidanceSwerve,training,102,repeated_e6_t1.5_y0.1,1,,0,1000,2,0.757582516355924,0.651313826170574,1.98776685817354,1.14031442298608,3.68943649671257,3.83401979482386,7.02139813068975,1.98775301630285,3.7069395192134,2.16553235833923,3.525225267067,16.3526473302778,33.9737556800956,0.036826283358754,0.376246205078575,2.20189136985501,4.0354279290006,2.81517440636624,3.25,0.810369251903346,3.85290616677036,2.24062490499094,2.52949029614338,16.8761144478111,1.40447740822811,1.11803398874989,6.95250971287131,1.38525861615294,Inf,0.301132307692308,0.368,0.005,13.0813608130245,0.82123185476894,95.0118413672738,14.8218606622205
avoidanceSwerve,training,102,repeated_e6_t1.5_y1,1,,0,1000,2,0.855663125594628,0.73068585925048,2.07366807401946,1.36516513857958,4.89473649554218,7.48269519934611,7.87402389664142,2.10333583860715,3.60824828886691,2.55347304826507,4.15294321326926,34.8488984132758,72.2513199681456,0.036826283358754,0.376246205078575,16.5183393563523,33.7446757510617,17.0768041315934,3.25,0.934663542838565,5.25858237670836,2.36946595523857,2.98753306788119,37.9625540610651,17.9429599307998,1.11803398874989,6.68849478643048,1.380995890706,Inf,0.300935384615385,0.349,0.005,13.0813608130245,0.82123185476894,95.0118413672738,19.7330826158157
avoidanceSwerve,training,102,repeated_e6_t1.5_y3,1,,0,1000,2,0.876181225278663,0.747352967528445,3.07650503503412,1.4666124528386,5.15002694358283,9.19678461980693,8.04393062877434,2.97105488928424,7.50408790725502,2.59682796282499,4.12643086730508,39.1630317943818,93.2549021468114,0.036826283358754,0.376246205078575,24.1484432121801,62.85889358949,25.31844121777,3.25,0.959584073325575,5.56811697832165,3.37088236346848,3.03812532464404,42.5436603778208,26.5066189315842,1.11803398874989,13.6785100616531,1.38112549111078,Inf,0.299956923076923,0.348,0.005,13.0813608130245,0.82123185476894,95.0118413672738,22.5365283902315
avoidanceSwerve,training,102,repeated_e6_t3_y0.1,1,,0,1000,2,0.322969165571121,0.294866985302071,1.51989378539862,0.687083448083229,2.86733084746928,3.06395121811941,7.29615530039687,0.676497326274604,1.53869512946686,0.863001296456804,1.55807911039585,14.589902555835,35.4218652097296,0.036826283358754,0.376246205078575,2.20189136985501,4.0354279290006,2.81517440636624,3.25,0.30759386941411,2.6337597872485,0.726518486390324,0.996098870442102,13.0162639149111,1.40447740822811,1.11803398874989,8.50093918915843,2.01863065141737,5.32,0.300689230769231,0.345,0.005,13.0813608130245,0.82123185476894,95.0118413672738,7.50066681942741
avoidanceSwerve,training,102,repeated_e6_t3_y1,1,,0,1000,2,0.345913692174871,0.312387744282917,1.96936226981468,0.790860249462491,4.69154564664912,7.73728301415619,8.20968765536888,1.66356884263626,5.45273917459379,1.03452987500751,2.018013144522,34.5861859998138,71.2780714512739,0.036826283358754,0.376246205078575,16.5183393563523,33.7446757510617,17.0768041315934,3.25,0.329669352336044,4.7408822509264,1.92131974011036,1.19867799545925,35.901308646503,17.9429599307998,1.11803398874989,8.24655088236568,2.01871187381807,Inf,0.301867692307692,0.356,0.005,13.0813608130245,0.82123185476894,95.0118413672738,13.703511806984
avoidanceSwerve,training,102,repeated_e6_t3_y3,1,,0,1000,2,0.357617790527974,0.321394567763406,3.32700373708053,0.838845963619161,5.79061768399304,10.3772778565792,8.6290033356484,3.21440883398842,10.3988646203855,1.07882695916211,2.31619350515796,42.3352468657495,96.0431795510681,0.036826283358754,0.376246205078575,24.1484432121801,62.85889358949,25.31844121777,3.25,0.340246616461809,6.12593819938786,3.72042057755814,1.2488711156481,44.8660976609343,26.5066189315842,1.11803398874989,13.4824172789535,2.01891700845438,5.36,0.30224,0.433,0.005,13.0813608130245,0.82123185476894,95.0118413672738,18.4720449464065
avoidanceSwerve,training,102,repeated_e6_t6_y0.1,1,,0,1000,2,0.113893701559506,0.135194411572955,1.82431119711913,0.257367773218137,1.76464986538875,1.9887284749643,7.61788124543353,0.372600913369978,1.11262316508684,0.333157417934034,0.864564030942716,9.5641868880448,27.125229772122,0.036826283358754,0.376246205078575,2.20189136985501,4.0354279290006,2.81517440636624,3.25,0.0953562106969958,1.38332243351586,0.276293044394297,0.339224593584306,6.62011637046561,1.40447740822811,1.11803398874989,11.5487755123461,9.27077350357671,4.98,0.304356923076923,0.382,0.005,13.0813608130245,0.82123185476894,95.0118413672738,3.79697621994398
avoidanceSwerve,training,102,repeated_e6_t6_y1,1,,0,1000,2,0.121435041120207,0.139668447688112,2.2048732393196,0.297821149175511,4.02795368208717,7.28052886982276,8.4916933883585,1.55877486345745,5.10951857395204,0.379356036197017,1.06795149037923,32.4440750641798,63.462468541891,0.036826283358754,0.376246205078575,16.5183393563523,33.7446757510617,17.0768041315934,3.25,0.0970363648160319,3.95606003548425,1.81330286240594,0.373204880710342,32.854678112652,17.9429599307998,1.11803398874989,11.3418816616406,9.27130348303795,Inf,0.306449230769231,0.414,0.005,13.0813608130245,0.82123185476894,95.0118413672738,10.8207151509529
avoidanceSwerve,training,102,repeated_e6_t6_y3,1,,0,1000,2,0.127295841859443,0.143240101846878,3.60139860545015,0.319719076068988,5.57926513018369,10.3669085278577,9.16001035898815,3.36892953104249,10.3058610577379,0.426485115607063,1.29010319446651,41.5990253347984,91.5803559680101,0.036826283358754,0.376246205078575,24.1484432121801,62.85889358949,25.31844121777,3.25,0.100378239124256,5.79180702978333,3.91158460656027,0.409431554859494,42.8183202924836,26.5066189315842,1.11803398874989,13.436403183719,9.27249721032654,5.06,0.303523076923077,0.405,0.005,13.0813608130245,0.82123185476894,95.0118413672738,16.3306225476391
lowRelativeVelocity,training,101,lmi_e1.5_t1.5_y0.1,1,,0,1000,2,0.0338646355702985,0.121705625190998,1.34825027171735,0.0776029205626342,0.456240680518341,0.325656729458819,0.33838169641043,0.231093413582116,0.574775881277574,0.16780481718035,0.474595286429919,0.859157079864675,2.5464406111049,0.0304023306499405,0.219017781912283,1.21249356852448,1.85115286051346,1.34300344204603,6,0.0331513625702431,0.381848196112809,0.223406468612296,0.168083683482087,0.699386326202654,0.929255389738462,1.11803398874989,14.4538532873056,7.60923727201475,5.38,0.29986,0.867,0.005,0,0,33.600000000071,0.972664598840152
lowRelativeVelocity,training,101,lmi_e1.5_t1.5_y1,1,,0,1000,2,0.0338654594948207,0.121676962412662,1.37735103899473,0.0776042281767916,0.331050623283083,0.325503576563917,0.338377405770931,0.23087985155493,0.575871085684971,0.167809854865436,0.474595845566492,0.859071628859693,2.56040458223576,0.0304023306499405,0.219017781912283,0.235732830881298,0.951397141137363,0.620409548925602,6,0.0331513414744824,0.290479133110042,0.223322197129422,0.168083045272781,0.699130787995693,0.0685709571311352,1.11803398874989,14.1446075840777,7.59561421965529,1.52,0.300218333333333,0.485,0.005,0,0,33.600000000071,0.972228623830006
lowRelativeVelocity,training,101,lmi_e1.5_t1.5_y3,1,,0,1000,2,0.0338676294404937,0.121638151469772,1.42160649413461,0.0776080417136816,0.327130006827694,0.325544669386958,0.338592914537944,0.230863461600359,0.576563922638273,0.167815787478394,0.474595483824519,0.859343108723616,2.56159684073105,0.0304023306499405,0.219017781912283,0.178394607610629,0.506336405599864,0.562451005961576,6,0.0331513304338875,0.289217482725789,0.223330796260605,0.168082942748465,0.699440671650153,0.176381865471447,1.11803398874989,13.6153441602975,7.56770803976268,1.5,0.297695,0.35,0.005,0,0,33.600000000071,0.972271839350379
lowRelativeVelocity,training,101,lmi_e1.5_t3_y0.1,1,,0,1000,2,0.0544516651470982,0.109562969923091,1.12823554916131,0.150399078386822,0.855094027982346,0.790855790071899,2.05449184937865,0.603022705089648,1.63751335320512,0.575987190966188,1.87360299816769,1.9218510884903,6.80908491094773,0.0304023306499405,0.219017781912283,1.21249356852448,1.85115286051346,1.34300344204603,6,0.0565296026537079,0.858735115073582,0.653149418668284,0.601594644926568,1.88125769495977,0.929255389738462,1.11803398874989,20.7549410300349,33.8549156581988,11.98,0.297585,0.346,0.005,0,0,33.600000000071,2.13493227934834
lowRelativeVelocity,training,101,lmi_e1.5_t3_y1,1,,0,1000,2,0.0544518904331079,0.109573732705814,1.14169120916663,0.150395620071034,0.792954425528575,0.790727270214909,2.05453022922937,0.601574487363084,1.63093880146613,0.575989563039757,1.87365816895356,1.9274585220049,6.81549159917194,0.0304023306499405,0.219017781912283,0.235732830881298,0.951397141137363,0.620409548925602,6,0.0565300844242877,0.821166527686693,0.652073651731027,0.601595877453049,1.88498233033929,0.0685709571311352,1.11803398874989,20.61457693607,33.8513933290826,11.7,0.297131666666667,0.372,0.005,0,0,33.600000000071,2.13315958345823
lowRelativeVelocity,training,101,lmi_e1.5_t3_y3,1,,0,1000,2,0.0544518274981977,0.109587280997307,1.16614655386337,0.150395682103567,0.789592874199806,0.79064479373787,2.05453417434224,0.601621256950367,1.63129527477228,0.57598927274124,1.8736577875351,1.92681222775624,6.81579098855879,0.0304023306499405,0.219017781912283,0.178394607610629,0.506336405599864,0.562451005961576,6,0.0565301247861658,0.818500981995058,0.652169976853451,0.601596693732085,1.88475230874945,0.176381865471447,1.11803398874989,20.3366745637273,33.8582663405245,11.7,0.299311666666667,0.372,0.005,0,0,33.600000000071,2.13312323443396
lowRelativeVelocity,training,101,lmi_e1.5_t6_y0.1,1,,0,1000,2,0.0983925314193608,0.139343295847659,2.30521241436526,0.244325017402967,2.78865595598553,2.76788139176512,14.717855851666,1.93809180716853,6.1605564667893,2.49981154495996,6.27979430358893,7.46533627494843,22.3344017033553,0.0304023306499405,0.219017781912283,1.21249356852448,1.85115286051346,1.34300344204603,6,0.09616133869816,2.69918851967036,2.01073209356196,2.42041674968863,6.76637141847055,0.929255389738462,1.11803398874989,34.7494516086744,169.809012893195,Inf,0.300483333333333,0.352,0.005,0,0,33.600000000071,6.35317618352035
lowRelativeVelocity,training,101,lmi_e1.5_t6_y1,1,,0,1000,2,0.0983908722728866,0.139362386006032,2.33196342797658,0.244337611411057,2.76859293831306,2.76774713848049,14.7166585687997,1.93274103940362,6.17972155892453,2.4997614725924,6.27775763076272,7.48175959753374,22.4014605524008,0.0304023306499405,0.219017781912283,0.235732830881298,0.951397141137363,0.620409548925602,6,0.0961574756512922,2.68822854587589,2.01150513571677,2.42032229541702,6.76285399822657,0.0685709571311352,1.11803398874989,34.7332387371875,170.014155091579,Inf,0.30125,0.418,0.005,0,0,33.600000000071,6.34574272104286
lowRelativeVelocity,training,101,lmi_e1.5_t6_y3,1,,0,1000,2,0.0983910171533127,0.13937405907606,2.37219003006664,0.244340352703497,2.76682287621313,2.76772059399556,14.7166163458899,1.93204872794506,6.17458450798397,2.49975442560464,6.27743621881597,7.48402743501808,22.3988657342024,0.0304023306499405,0.219017781912283,0.178394607610629,0.506336405599864,0.562451005961576,6,0.096158150240592,2.68760770456497,2.0115147244281,2.42033651500446,6.76319253923121,0.176381865471447,1.11803398874989,34.6985668859691,170.437225870576,Inf,0.300706666666667,0.438,0.005,0,0,33.600000000071,6.34481311442686
lowRelativeVelocity,training,101,lmi_e3_t1.5_y0.1,1,,0,1000,2,0.0338498900726942,0.121988275946001,1.00165053103796,0.0775830770108439,0.842819159244162,0.764712815665504,0.337528730653774,0.552620203982844,1.75051871794282,0.167740925371419,0.474589893078871,1.98390512645826,6.53540718570842,0.0496930611239656,0.719059176830186,1.37386396559768,2.09264105689303,2.2990552230071,6,0.0331512379373441,0.772426092677742,0.544514720902686,0.168083105259598,1.76775863853797,1.05626934480144,1.11803398874989,22.4344023724902,8.01123072071947,11.94,0.30143,0.378,0.005,0,0,33.600000000071,1.84052033398428
lowRelativeVelocity,training,101,lmi_e3_t1.5_y1,1,,0,1000,2,0.0338496895285282,0.121935096123199,1.03789419971828,0.0775813354213265,0.766370331668479,0.764679856241487,0.337291465083724,0.55253663803386,1.75189514615636,0.167749581356574,0.474591768296399,1.98386396155079,6.49167225859047,0.0496930611239656,0.719059176830186,0.347924299595433,1.42737645643623,1.88496608271876,6,0.0331512131828478,0.720422843333444,0.544591412632293,0.16808244597067,1.76648979212689,0.0937213657543338,1.11803398874989,21.671144062281,8.00183655698632,11.94,0.297533333333333,0.351,0.005,0,0,33.600000000071,1.84034296366316
lowRelativeVelocity,training,101,lmi_e3_t1.5_y3,1,,0,1000,2,0.0338517689894857,0.121849671766245,1.09831801182583,0.077581972533593,0.758215036571396,0.764950166216897,0.337109892283358,0.552507973798637,1.75230486585702,0.167774626242635,0.474593571827734,1.98541149216237,6.4972611607042,0.0496930611239656,0.719059176830186,0.328635413862874,0.908015191926382,1.84188388989274,6,0.0331512082947663,0.719542544769268,0.544616005534475,0.168082543209902,1.76680246976453,0.264971401407256,1.11803398874989,20.4768898655482,7.96449904009554,11.94,0.299233333333333,0.356,0.005,0,0,33.600000000071,1.84061593592461
lowRelativeVelocity,training,101,lmi_e3_t3_y0.1,1,,0,1000,2,0.0544521077114035,0.109485912266212,1.7744398872512,0.150398182950387,1.13764389890216,1.07886272653531,2.05443496768946,0.816491864622963,2.64032160518645,0.57598714759094,1.87360273616431,2.64991334509842,8.51885362851989,0.0496930611239656,0.719059176830186,1.37386396559768,2.09264105689303,2.2990552230071,6,0.0565291497442838,1.10766779173808,0.906074137908201,0.601594872953291,2.15277649993136,1.05626934480144,1.11803398874989,31.1711027651148,34.7679603337395,11.98,0.300266666666667,0.37,0.005,0,0,33.600000000071,2.70748747537965
lowRelativeVelocity,training,101,lmi_e3_t3_y1,1,,0,1000,2,0.0544523579617444,0.109479427868134,1.79028963574706,0.150394135736976,1.08182337339523,1.07823531837464,2.05446201341887,0.815030268718404,2.63234524074477,0.575989302275264,1.87366854083954,2.65237451614379,8.46436355602567,0.0496930611239656,0.719059176830186,0.347924299595433,1.42737645643623,1.88496608271876,6,0.0565297056224918,1.07104729311401,0.904552816944949,0.601596045027253,2.15172563112885,0.0937213657543338,1.11803398874989,30.6284815792594,34.8134233040752,11.9,0.300611666666666,0.384,0.005,0,0,33.600000000071,2.70505902028301
lowRelativeVelocity,training,101,lmi_e3_t3_y3,1,,0,1000,2,0.0544523217723696,0.109484855799653,1.80708186863705,0.150394376710314,1.07825544510979,1.07830259796425,2.05445353068211,0.815071224335229,2.63327163849864,0.575988429767265,1.87366822692089,2.65256827124346,8.47130383420112,0.0496930611239656,0.719059176830186,0.328635413862874,0.908015191926382,1.84188388989274,6,0.0565297367603062,1.07217504380444,0.904721218426848,0.601595830253006,2.15106038365362,0.264971401407256,1.11803398874989,29.4813877021017,34.9085789384874,11.9,0.30274,0.358,0.005,0,0,33.600000000071,2.70517932064285
lowRelativeVelocity,training,101,lmi_e3_t6_y0.1,1,,0,1000,2,0.0983948686542809,0.139327705312702,2.63665882152905,0.244309633992878,2.89904081737382,2.87469282499099,14.7155365490894,2.01737264002969,6.34979443578,2.49977207141374,6.27824977427914,7.74720452567584,23.4240293118255,0.0496930611239656,0.719059176830186,1.37386396559768,2.09264105689303,2.2990552230071,6,0.0961692080162796,2.80912848262357,2.11105209000035,2.42050255574451,6.95730945087327,1.05626934480144,1.11803398874989,43.2280812115442,160.971878075744,Inf,0.301895,0.407,0.005,0,0,33.600000000071,6.56813487173736
lowRelativeVelocity,training,101,lmi_e3_t6_y1,1,,0,1000,2,0.0983928745017865,0.139523734755502,2.6816393941638,0.244318454011043,2.87543681907749,2.87414064337483,14.7138755515043,2.01176768327722,6.37911012012681,2.4997082935111,6.2758093150764,7.76076956949655,23.2553751199332,0.0496930611239656,0.719059176830186,0.347924299595433,1.42737645643623,1.88496608271876,6,0.0961646326679136,2.79588751412388,2.11285493407664,2.42038587065942,6.95077621768696,0.0937213657543338,1.11803398874989,42.948731877049,161.002923675786,Inf,0.30065,0.379,0.005,0,0,33.600000000071,6.55961802547162
lowRelativeVelocity,training,101,lmi_e3_t6_y3,1,,0,1000,2,0.098392995261989,0.140008007531288,2.72755713806058,0.244321851714924,2.87214451714272,2.87386337350001,14.713726817919,2.01099994131741,6.37204441352536,2.49969773934878,6.27518356649635,7.76211127739576,23.2703232636333,0.0496930611239656,0.719059176830186,0.328635413862874,0.908015191926382,1.84188388989274,6,0.0961657193848883,2.79438729902012,2.11352670439875,2.42040550020182,6.9490064903018,0.264971401407256,1.11803398874989,42.6658865124946,161.068829733207,Inf,0.30207,0.382,0.005,0,0,33.600000000071,6.55835209073386
lowRelativeVelocity,training,101,lmi_e6_t1.5_y0.1,1,,0,1000,2,0.0338534386617573,0.121820338003198,2.65076795906677,0.0775906984452167,2.68316821533842,2.64518108297665,0.337102684259168,1.93543444167604,6.9097191240702,0.167782765705919,0.474598947793752,6.80120312790285,19.1559485576604,0.0921051338913892,2.63243006590436,1.70296640877435,2.53257379165893,7.06537992142579,6,0.0331511536085325,2.65002316367056,1.87466535774735,0.168081016407834,6.91782775737092,1.37461768741445,1.11803398874989,39.7048472661166,7.79674763527742,Inf,0.304421666666667,0.375,0.005,0,0,33.600000000071,5.56964389555022
lowRelativeVelocity,training,101,lmi_e6_t1.5_y1,1,,0,1000,2,0.0338530531427213,0.121791420119931,2.65665658922642,0.0775875035388685,2.64757303491035,2.64526886126227,0.336816564666811,1.93554722984246,6.90229118908589,0.167793504189405,0.474601055468705,6.80035932458206,19.1175842099051,0.0921051338913892,2.63243006590436,0.591628371975475,2.49246736981903,6.91105138886686,6,0.0331510772052662,2.6227149672629,1.87470646037533,0.168080630398595,6.91794099524038,0.326379982128461,1.11803398874989,38.8516749203366,7.79915303474458,Inf,0.303833333333333,0.375,0.005,0,0,33.600000000071,5.56969685602854
lowRelativeVelocity,training,101,lmi_e6_t1.5_y3,1,,0,1000,2,0.0338545123351163,0.121745861917079,2.66792220017673,0.0775864552754663,2.63869233385287,2.6453943871174,0.33664040871852,1.93542021228524,6.90142433050248,0.167814458384465,0.474603664627316,6.80168954311054,19.1200562963075,0.0921051338913892,2.63243006590436,0.67164392186725,1.9767648302921,6.85733366281683,6,0.0331510980199769,2.61583517862176,1.87460878996001,0.168080937535388,6.91910671083978,0.670142849589213,1.11803398874989,37.6737237033814,7.78423560807562,Inf,0.302985,0.379,0.005,0,0,33.600000000071,5.56972345654375
lowRelativeVelocity,training,101,lmi_e6_t3_y0.1,1,,0,1000,2,0.0544518717602648,0.109131193777299,2.97245977823368,0.150390441735548,2.78002719675934,2.74239856568406,2.05458915320631,2.01661898327755,7.72726217093231,0.57600634854099,1.87346750077596,7.01635244433083,21.3507855730711,0.0921051338913892,2.63243006590436,1.70296640877435,2.53257379165893,7.06537992142579,6,0.0565293358425207,2.71701552887162,1.94546519124937,0.60162407376631,7.01552771645218,1.37461768741445,1.11803398874989,48.4667236383179,33.5541450158477,Inf,0.304551666666667,0.373,0.005,0,0,33.600000000071,5.98102717302392
lowRelativeVelocity,training,101,lmi_e6_t3_y1,1,,0,1000,2,0.0544523497155464,0.109211389698793,2.9752460363429,0.150386289710151,2.7455276054539,2.74283071391524,2.05461756254919,2.01622396116729,7.69574844725313,0.576007734788939,1.87353184370174,7.01875279222729,21.2961391886466,0.0921051338913892,2.63243006590436,0.591628371975475,2.49246736981903,6.91105138886686,6,0.0565300820716,2.69132509084116,1.9452470182743,0.601623074819593,7.01916226531795,0.326379982128461,1.11803398874989,47.4962399565863,33.6595452651783,Inf,0.30424,0.378,0.005,0,0,33.600000000071,5.9807219779355
lowRelativeVelocity,training,101,lmi_e6_t3_y3,1,,0,1000,2,0.0544527035410343,0.109291675227076,2.98014130128443,0.150385123573017,2.73634492742333,2.74301460042098,2.05459723905237,2.01621348891195,7.6918793105844,0.576010699623864,1.87352388667356,7.02007606937387,21.29962502219,0.0921051338913892,2.63243006590436,0.67164392186725,1.9767648302921,6.85733366281683,6,0.0565301220802661,2.68577910369375,1.94515094339982,0.601623096361975,7.0199400939159,0.670142849589213,1.11803398874989,45.2059359161547,34.2257358719943,Inf,0.305581666666667,0.371,0.005,0,0,33.600000000071,5.98096922710902
lowRelativeVelocity,training,101,lmi_e6_t6_y0.1,1,,0,1000,2,0.0983527962990515,0.13905742090628,5.10314747662592,0.244454217886157,3.85539199483274,3.82700600977889,14.6982572794678,2.71105294325544,8.2417674328245,2.49828039109681,6.27191411905448,10.2462806022962,28.5379939641969,0.0921051338913892,2.63243006590436,1.70296640877435,2.53257379165893,7.06537992142579,6,0.0961324373616894,3.8027563833672,2.80443354882762,2.4192009531281,9.69153496793194,1.37461768741445,1.11803398874989,67.4567649791264,153.191713795378,Inf,0.305173333333333,0.373,0.005,0,0,33.600000000071,8.45488996996064
lowRelativeVelocity,training,101,lmi_e6_t6_y1,1,,0,1000,2,0.0983516535666868,0.139047865826876,5.10911200211315,0.244474686489747,3.82518850689461,3.8261664772345,14.6971818627049,2.70881105483993,8.2258983141947,2.49824324627063,6.27024084434295,10.2468474692898,28.2630474035739,0.0921051338913892,2.63243006590436,0.591628371975475,2.49246736981903,6.91105138886686,6,0.0961279273877816,3.78014615999013,2.8042188368442,2.41907810510247,9.69086618424554,0.326379982128461,1.11803398874989,66.791483079528,153.394989271802,Inf,0.305233333333333,0.373,0.005,0,0,33.600000000071,8.4505081392047
lowRelativeVelocity,training,101,lmi_e6_t6_y3,1,,0,1000,2,0.0983511316811018,0.139065540546859,5.07695697757129,0.244473591907232,3.80900959307945,3.82447257595804,14.6974383977346,2.70725722738723,8.23528489733587,2.49821899202004,6.26995232921163,10.2434307411711,28.2825382191709,0.0921051338913892,2.63243006590436,0.67164392186725,1.9767648302921,6.85733366281683,6,0.0961274144347191,3.76626439896259,2.80316378134863,2.4190657841556,9.69351669250748,0.670142849589213,1.11803398874989,65.246099711861,153.851021566903,Inf,0.304438333333333,0.365,0.005,0,0,33.600000000071,8.44671191981969
lowRelativeVelocity,training,101,repeated_e1.5_t1.5_y0.1,1,,0,1000,2,0.0378016876208534,0.123802021021235,0.506457533709793,0.0952646588024099,0.439616287167222,0.183250824526781,0.162214291545172,0.0739418042197797,0.209348366694686,0.0921127040230096,0.270533060243461,0.625177676254603,1.9434876037417,0.022469863503389,0.0590462657204904,1.11285883201924,1.79191877520712,1.26571814205931,6,0.020114804700082,0.234923465387032,0.0257630512397112,0.0241542955694056,0.159755714309703,0.833950176921433,1.11803398874989,2.66233624932177,0.567797708358338,1.24,0.303458333333333,0.377,0.005,0,0,33.600000000071,0.650936019899014
lowRelativeVelocity,training,101,repeated_e1.5_t1.5_y1,1,,0,1000,2,0.0378066042238381,0.123803550445751,0.508488281539395,0.0952814824006832,0.236220649494284,0.186504324939987,0.162235962855684,0.0718891642556145,0.203235743996423,0.0921354753373018,0.270589214921774,0.64175978105997,1.97082467244336,0.022469863503389,0.0590462657204904,0.270440676086779,1.42107744007778,0.419599778691671,6,0.0201151886340427,0.0482454756327027,0.0257550002005641,0.0241548268786018,0.163700415124294,0.0447373341996195,1.11803398874989,2.59457131359796,0.567958304350961,1.26,0.295786666666667,0.449,0.005,0,0,33.600000000071,0.650196326961604
lowRelativeVelocity,training,101,repeated_e1.5_t1.5_y3,1,,0,1000,2,0.0377967440192698,0.123801337941234,0.511132356076705,0.0952551201127375,0.159212016708263,0.188129310318412,0.162163295456998,0.0707628308881696,0.201065641925604,0.0921312016855437,0.270553513144237,0.650113387060874,2.00051776259573,0.022469863503389,0.0590462657204904,0.179644882863267,0.430821169583652,0.123186622624363,6,0.0201155332356725,0.0482240855414134,0.0257567206167358,0.0241553970071631,0.163771243713234,0.0561190538523302,1.11803398874989,2.48557379762136,0.567832047554944,1.26,0.294508333333333,0.434,0.005,0,0,33.600000000071,0.649515779381212
lowRelativeVelocity,training,101,repeated_e1.5_t3_y0.1,1,,0,1000,2,0.0263895160555259,0.0930027168328832,0.5742265426668,0.0603745171677522,0.360467250290269,0.110670648646883,0.103772040890687,0.0566911872269362,0.154101037034328,0.0605306098762539,0.222097655016306,0.355519036814356,1.25828706677324,0.022469863503389,0.0590462657204904,1.11285883201924,1.79191877520712,1.26571814205931,6,0.0259137843807886,0.242138712877564,0.0557332907264148,0.0558118409914254,0.22508407932283,0.833950176921433,1.11803398874989,3.74768909482735,2.08391285227677,0.88,0.294325,0.335,0.005,0,0,33.600000000071,0.448381342372002
lowRelativeVelocity,training,101,repeated_e1.5_t3_y1,1,,0,1000,2,0.026388960234053,0.0930028142718144,0.575387973159062,0.0603745001111325,0.162108391740261,0.112756317242572,0.103762049949371,0.0565676167100598,0.15443264241822,0.0605219669306871,0.222008466635009,0.364847856501016,1.27624534541255,0.022469863503389,0.0590462657204904,0.270440676086779,1.42107744007778,0.419599778691671,6,0.0259138075865639,0.0803668023370869,0.0557080248186705,0.055811852877792,0.227435330520179,0.0447373341996195,1.11803398874989,3.71187993392559,2.08392134520952,0.9,0.292753333333333,0.347,0.005,0,0,33.600000000071,0.449994407060853
lowRelativeVelocity,training,101,repeated_e1.5_t3_y3,1,,0,1000,2,0.0263890961378585,0.0930031390296933,0.577510171171432,0.0603745017450079,0.101693296217093,0.11406867890539,0.10377338384448,0.0564200075721146,0.154432755103539,0.0605232005225044,0.222004321071828,0.370832093158897,1.29637991767817,0.022469863503389,0.0590462657204904,0.179644882863267,0.430821169583652,0.123186622624363,6,0.0259138079969858,0.0794390146942841,0.0557082251127021,0.055811853047992,0.227573583633007,0.0561190538523302,1.11803398874989,3.64709758004646,2.08394569251795,0.94,0.300473333333333,0.432,0.005,0,0,33.600000000071,0.450897395154593
lowRelativeVelocity,training,101,repeated_e1.5_t6_y0.1,1,,0,1000,2,0.0367067778373358,0.0788923043954563,0.669235243577575,0.0886007434641396,0.393002148151191,0.212155635889571,0.3989176003518,0.150820820621917,0.381749308282263,0.143045621785095,0.399583082189293,0.558235317834764,1.64675231475345,0.022469863503389,0.0590462657204904,1.11285883201924,1.79191877520712,1.26571814205931,6,0.0369343944796545,0.307453937717494,0.159088887081692,0.147505972098709,0.505508435182947,0.833950176921433,1.11803398874989,6.31639189708653,9.20312891163874,0.44,0.302443333333333,0.389,0.005,0,0,33.600000000071,0.780356483184145
lowRelativeVelocity,training,101,repeated_e1.5_t6_y1,1,,0,1000,2,0.0367067755448599,0.0788921054421741,0.669268321018401,0.0886006016157216,0.234626720450009,0.212973645718608,0.39891558080859,0.150654459179881,0.382782697216308,0.143046005806915,0.399582104541256,0.563192411048142,1.60790740898309,0.022469863503389,0.0590462657204904,0.270440676086779,1.42107744007778,0.419599778691671,6,0.0369344268969925,0.208177823088577,0.159093480932917,0.14750627258103,0.506106144890951,0.0447373341996195,1.11803398874989,6.31656327446912,9.20295365349876,0.44,0.302426666666667,0.372,0.005,0,0,33.600000000071,0.781015156017989
lowRelativeVelocity,training,101,repeated_e1.5_t6_y3,1,,0,1000,2,0.0367067679627196,0.0788916614260025,0.669739662712381,0.0886006007513432,0.208757708754317,0.213366993160364,0.398915155713763,0.150625639596748,0.382783114848333,0.143046099991669,0.399582155567095,0.565382877121417,1.60921502374411,0.022469863503389,0.0590462657204904,0.179644882863267,0.430821169583652,0.123186622624363,6,0.0369344284867126,0.207525654615505,0.159086116516929,0.147506273581576,0.506229247823986,0.0561190538523302,1.11803398874989,6.31519596554563,9.20262223837902,0.42,0.29864,0.38,0.005,0,0,33.600000000071,0.781395534244975
lowRelativeVelocity,training,101,repeated_e3_t1.5_y0.1,1,,0,1000,2,0.0378487571823857,0.123810368922763,0.601242862052389,0.0953920220486168,0.41002582087188,0.165677121781775,0.162452356780524,0.0896617151944044,0.309767301609801,0.0923039236053667,0.271106768226823,0.518916202618636,1.85914684153487,0.0242328243574848,0.0694949069356709,1.11232356593643,1.72223670275272,1.15675898608387,6,0.0201153488406984,0.241443083681833,0.0492866281196109,0.0241551739546706,0.199983926034482,0.850104813398068,1.11803398874989,4.26662237534326,0.568876756194996,2,0.298016666666667,0.361,0.005,0,0,33.600000000071,0.661594242736393
lowRelativeVelocity,training,101,repeated_e3_t1.5_y1,1,,0,1000,2,0.0378380439923526,0.123808812628388,0.607495069556574,0.0953653997143288,0.189242561105538,0.16826372487634,0.162378096636716,0.0874726942039112,0.301851929204837,0.0923008978590927,0.271061028255376,0.535488704018947,1.89914861227303,0.0242328243574848,0.0694949069356709,0.110581727677683,0.591652319581047,0.248557138220845,6,0.0201159167261754,0.072478953339549,0.0492424669331902,0.0241560188786032,0.201965024816109,0.0406857247414436,1.11803398874989,4.06283984814639,0.568741356697567,1.08,0.297066666666667,0.341,0.005,0,0,33.600000000071,0.660423569135138
lowRelativeVelocity,training,101,repeated_e3_t1.5_y3,1,,0,1000,2,0.0378031291673672,0.123801328837463,0.614922406252103,0.0952673839266581,0.145872483777129,0.168935771218232,0.1621664266456,0.0866136428363093,0.296798057079892,0.0922412046109377,0.270831553482037,0.54037281391414,1.92400054014006,0.0242328243574848,0.0694949069356709,0.154682628876411,0.668977813218022,0.167663381927033,6,0.0201163119212009,0.0719522276650974,0.0492466046711634,0.0241566814023872,0.202278545896565,0.0822990482638574,1.11803398874989,3.77066252799979,0.568052821777953,0.96,0.300761666666667,0.38,0.005,0,0,33.600000000071,0.659333140129118
lowRelativeVelocity,training,101,repeated_e3_t3_y0.1,1,,0,1000,2,0.0263946836353735,0.0929905823484321,0.752566125806498,0.0603745479562409,0.33688462708779,0.118903332736046,0.10388987738465,0.0803528450776618,0.312166923818165,0.0605622547436082,0.222609150452459,0.327325299705009,1.20251403092946,0.0242328243574848,0.0694949069356709,1.11232356593643,1.72223670275272,1.15675898608387,6,0.0259137860538192,0.246534252558267,0.0669610463884737,0.0558118398299202,0.240016058096059,0.850104813398068,1.11803398874989,5.63674943122379,2.07885756945158,1.84,0.300688333333333,0.391,0.005,0,0,33.600000000071,0.49011758645006
lowRelativeVelocity,training,101,repeated_e3_t3_y1,1,,0,1000,2,0.0263936119914854,0.0929915667195449,0.758865921010485,0.0603745315336639,0.132686056912838,0.11973139882239,0.103865440756743,0.079929371374084,0.309246874187812,0.0605528489707998,0.222473514055318,0.332909214698596,1.23497217298939,0.0242328243574848,0.0694949069356709,0.110581727677683,0.591652319581047,0.248557138220845,6,0.0259138098253651,0.0914439644084771,0.0668808128740131,0.0558118511759034,0.241420218456482,0.0406857247414436,1.11803398874989,5.48963922491708,2.07909626646858,1.48,0.30195,0.38,0.005,0,0,33.600000000071,0.490376705602741
lowRelativeVelocity,training,101,repeated_e3_t3_y3,1,,0,1000,2,0.0263933486602411,0.0929933622601161,0.768014860670678,0.0603745302634396,0.106671786304833,0.120314470387386,0.103853117308403,0.079650688137207,0.306026412904632,0.0605607160589976,0.222485846470885,0.336731089110307,1.26369114957738,0.0242328243574848,0.0694949069356709,0.154682628876411,0.668977813218022,0.167663381927033,6,0.0259138107665082,0.0904682005482191,0.0668795007957689,0.0558118509183756,0.24174318827745,0.0822990482638574,1.11803398874989,5.26195104430487,2.07957061134442,1.08,0.300685,0.421,0.005,0,0,33.600000000071,0.490581080698887
lowRelativeVelocity,training,101,repeated_e3_t6_y0.1,1,,0,1000,2,0.0367067294167251,0.0788816744664408,0.838245560116559,0.0886007530131253,0.370742151985785,0.214671652343749,0.398918706610647,0.15581029392861,0.409715968466179,0.143043977305237,0.399582964532987,0.552471487319287,1.68955387037791,0.0242328243574848,0.0694949069356709,1.11232356593643,1.72223670275272,1.15675898608387,6,0.0369343958184858,0.309768242993063,0.163248909234946,0.147505975915051,0.503284143976544,0.850104813398068,1.11803398874989,8.1014051137983,9.15366604832066,1.74,0.295063333333333,0.331,0.005,0,0,33.600000000071,0.789182179488329
lowRelativeVelocity,training,101,repeated_e3_t6_y1,1,,0,1000,2,0.0367067129836443,0.0788817791844834,0.842063347848291,0.0886006138815405,0.218775528290695,0.214795979045158,0.398916360140226,0.15561111272407,0.407258134495377,0.14304429715484,0.399581959419827,0.553913514134171,1.65729718273828,0.0242328243574848,0.0694949069356709,0.110581727677683,0.591652319581047,0.248557138220845,6,0.0369344301937248,0.210526556026256,0.16319165465198,0.147506292260061,0.503532074630086,0.0406857247414436,1.11803398874989,8.05623316225431,9.15400737345969,1.2,0.295143333333333,0.356,0.005,0,0,33.600000000071,0.789072058111417
lowRelativeVelocity,training,101,repeated_e3_t6_y3,1,,0,1000,2,0.0367067000761114,0.0788814333107533,0.849274976781023,0.0886006022804483,0.212232802502202,0.214962663379157,0.398915586786208,0.155584019026906,0.407346402637986,0.143044441555197,0.39958194388561,0.554918368017288,1.65796117286773,0.0242328243574848,0.0694949069356709,0.154682628876411,0.668977813218022,0.167663381927033,6,0.0369344304186992,0.209417143193559,0.163182813394105,0.147506301239961,0.503794633074039,0.0822990482638574,1.11803398874989,7.96752083980364,9.15476406003953,1.08,0.29332,0.355,0.005,0,0,33.600000000071,0.789218712418383
lowRelativeVelocity,training,101,repeated_e6_t1.5_y0.1,1,,0,1000,2,0.0378518050866372,0.123809120761055,0.643830274015529,0.0953992490461114,0.438877400076255,0.226954983893931,0.16247054042771,0.148508717682834,0.396197610594573,0.09233748105213,0.271209746736985,0.640834972425668,2.05140536868978,0.0337453689436191,0.185777477867822,1.14900749877585,1.75010943170083,1.23886692217642,6,0.0201154260615334,0.299193281015838,0.134387956988279,0.0241552994105361,0.467283946388617,0.880115446543712,1.11803398874989,7.28694746159247,0.568907091948613,2.3,0.295301666666667,0.44,0.005,0,0,33.600000000071,0.803702480717174
lowRelativeVelocity,training,101,repeated_e6_t1.5_y1,1,,0,1000,2,0.0378302992847034,0.123805875657309,0.653149313624255,0.0953424880915244,0.251098022757415,0.228533816374936,0.162340939676007,0.14745761941891,0.397271193230132,0.0923092498268494,0.271075327707432,0.651963698378109,2.08768393730653,0.0337453689436191,0.185777477867822,0.171095906027396,0.648543157496157,0.510865377284023,6,0.0201160068702574,0.183439860239191,0.134341134741968,0.024156166431163,0.46786722020475,0.0511341346182034,1.11803398874989,6.99455496294194,0.568523923384693,0.6,0.29533,0.322,0.005,0,0,33.600000000071,0.803610971360477
lowRelativeVelocity,training,101,repeated_e6_t1.5_y3,1,,0,1000,2,0.0377852490156423,0.12379725579771,0.665805297906304,0.0952170181605438,0.22665661716556,0.228845307362356,0.162084396109061,0.1471264644034,0.397383246830731,0.0922168521946356,0.270735904576682,0.654532728795183,2.10564306316431,0.0337453689436191,0.185777477867822,0.132448381000843,0.34343342997839,0.48385740184738,6,0.0201163525560245,0.182144789459965,0.134343820124936,0.0241567492070423,0.468275356858729,0.121916566144419,1.11803398874989,6.54394929025172,0.56758135938724,0.6,0.293238333333333,0.33,0.005,0,0,33.600000000071,0.80301196472226
lowRelativeVelocity,training,101,repeated_e6_t3_y0.1,1,,0,1000,2,0.0264039780579259,0.0929636638563115,0.813853405017631,0.0603746040443038,0.375068321402031,0.205228072014868,0.10418786639414,0.146399782111536,0.456718389700864,0.0606317639691454,0.223529060831548,0.538671115642686,1.43936333510076,0.0337453689436191,0.185777477867822,1.14900749877585,1.75010943170083,1.23886692217642,6,0.025913790154898,0.30141937262952,0.141784593729617,0.0558118337689975,0.469637211347326,0.880115446543712,1.11803398874989,8.81199796970936,2.06772948400854,1.74,0.299476666666667,0.523,0.005,0,0,33.600000000071,0.664573567930869
lowRelativeVelocity,training,101,repeated_e6_t3_y1,1,,0,1000,2,0.0264017851064049,0.0929654448253035,0.828405497953232,0.0603745804218702,0.213553497392293,0.205387919951606,0.104118513518447,0.146176037046746,0.457075868772835,0.0606190895269121,0.223319965588585,0.540335969484026,1.47470341119125,0.0337453689436191,0.185777477867822,0.171095906027396,0.648543157496157,0.510865377284023,6,0.0259138139287458,0.189140925217052,0.141698343783471,0.0558118439143157,0.470108007557784,0.0511341346182034,1.11803398874989,8.52730285591786,2.0680810706124,1.26,0.295335,0.348,0.005,0,0,33.600000000071,0.664437119054346
lowRelativeVelocity,training,101,repeated_e6_t3_y3,1,,0,1000,2,0.0263992121884043,0.0929689362143353,0.849947957438155,0.0603745590396607,0.203129282017584,0.205530370989758,0.104006571468655,0.146086190915514,0.457101554587917,0.0606200071604839,0.223195026424211,0.541425707844304,1.47882982513113,0.0337453689436191,0.185777477867822,0.132448381000843,0.34343342997839,0.48385740184738,6,0.0259138134084257,0.188560655352685,0.141696593029937,0.0558118435642836,0.47042891877091,0.121916566144419,1.11803398874989,8.04008840277182,2.06910495230593,0.82,0.294488333333333,0.358,0.005,0,0,33.600000000071,0.664449645283932
lowRelativeVelocity,training,101,repeated_e6_t6_y0.1,1,,0,1000,2,0.0367068039988841,0.0788599135409907,0.961081266361239,0.0886007448028418,0.407138213696682,0.274696985419187,0.398917587763877,0.198577450310003,0.559925757466385,0.143045245583076,0.399582017363463,0.710954770102822,2.17954413095445,0.0337453689436191,0.185777477867822,1.14900749877585,1.75010943170083,1.23886692217642,6,0.0369343837683609,0.349324008805421,0.205084717683614,0.147505999432367,0.603465861781472,0.880115446543712,1.11803398874989,11.9931006344433,9.12540685688046,1.08,0.297018333333333,0.36,0.005,0,0,33.600000000071,0.90641389462941
lowRelativeVelocity,training,101,repeated_e6_t6_y1,1,,0,1000,2,0.0367067876040978,0.0788545561967663,0.978027537048782,0.0886006047111353,0.276670862174297,0.274531623448909,0.398915021193532,0.198308601587378,0.556706420133878,0.143045633760222,0.399580857959653,0.711065883084737,2.14662919717892,0.0337453689436191,0.185777477867822,0.171095906027396,0.648543157496157,0.510865377284023,6,0.0369344179007893,0.26023115953702,0.204923593392802,0.14750632176368,0.603441973481717,0.0511341346182034,1.11803398874989,11.7724895967187,9.1189302363693,1.08,0.294626666666667,0.356,0.005,0,0,33.600000000071,0.905898255832681
lowRelativeVelocity,training,101,repeated_e6_t6_y3,1,,0,1000,2,0.0367067903472611,0.0788467656639035,1.0063756632436,0.0886006031910512,0.273981497530757,0.274553828147324,0.398914602372704,0.198270162528107,0.55640068510043,0.143045849720724,0.399580704441525,0.71132984598723,2.1460276737023,0.0337453689436191,0.185777477867822,0.132448381000843,0.34343342997839,0.48385740184738,6,0.0369344132286153,0.259856324025771,0.204918786721947,0.147506297230968,0.603678294201722,0.121916566144419,1.11803398874989,11.3565160010851,9.10620308521233,0.96,0.295318333333333,0.468,0.005,0,0,33.600000000071,0.90587419772627
lowRelativeVelocity,training,102,lmi_e1.5_t1.5_y0.1,1,,0,1000,2,0.0330309344460618,0.124904909380645,1.3397847163756,0.0782100971231929,0.495529402796658,0.376124357713497,0.324185690376685,0.21110613585113,0.619619530294413,0.146433330649862,0.444362983588039,1.1645238038979,3.68392422499946,0.0338539549955165,0.24793980252739,1.21927462878239,1.84924651616676,1.40551075517225,6,0.0305159541165672,0.42158066684131,0.202459107116956,0.141576226001908,1.03547688878051,0.94304131156309,1.11803398874989,14.5873076210911,7.56573109311236,9.38,0.299018333333333,0.845,0.005,0,0,33.600000000071,0.985426376942457
lowRelativeVelocity,training,102,lmi_e1.5_t1.5_y1,1,,0,1000,2,0.0330311025846323,0.124882857018898,1.36914783979574,0.0782095753786472,0.381256439490199,0.37583466397553,0.324207244374051,0.210661950000818,0.621958372477554,0.146437956685866,0.444412286369516,1.16433321197671,3.71430133544001,0.0338539549955165,0.24793980252739,0.231362502778464,1.00288080432424,0.736455835162329,6,0.0305160100746959,0.342824710427448,0.202844575583515,0.141575455092773,1.03499043267418,0.0769119307294359,1.11803398874989,14.2479006517039,7.54477748174256,3,0.304655,0.536,0.005,0,0,33.600000000071,0.984501568243303
lowRelativeVelocity,training,102,lmi_e1.5_t1.5_y3,1,,0,1000,2,0.0330338590882353,0.124849158981252,1.41232327020446,0.0782315253916939,0.366639472050238,0.376056583376002,0.324538196384818,0.210565972259778,0.621978259340498,0.146441035952375,0.444366776845107,1.16559574041481,3.72810602588016,0.0338539549955165,0.24793980252739,0.215644557877757,0.601722052962065,0.664580104862848,6,0.0305160468467522,0.338730020435548,0.20290416584139,0.14157541515045,1.03586240969058,0.210962898552107,1.11803398874989,13.6329216962038,7.50187156343499,1.46,0.306008333333333,0.381,0.005,0,0,33.600000000071,0.984589683484872
lowRelativeVelocity,training,102,lmi_e1.5_t3_y0.1,1,,0,1000,2,0.0553078010349769,0.111933498459456,1.14113099368058,0.128996833562086,0.906871198248593,0.848787112424225,2.08539517448374,0.559712851157875,1.76019114521848,0.584754943515935,1.78912702631121,2.39039930938073,6.3554747529337,0.0338539549955165,0.24793980252739,1.21927462878239,1.84924651616676,1.40551075517225,6,0.0561047102401431,0.894724765365538,0.52439032354326,0.61012647327279,2.56308393802811,0.94304131156309,1.11803398874989,19.7290023717686,33.5361628668603,11.12,0.305828333333333,0.369,0.005,0,0,33.600000000071,2.15058357454166
lowRelativeVelocity,training,102,lmi_e1.5_t3_y1,1,,0,1000,2,0.0553075100709155,0.111947040990166,1.15775499687026,0.128999790004033,0.853001454650758,0.848690133579152,2.08539111431965,0.558420925211348,1.769948728072,0.584756727174629,1.78912350168307,2.39412602296746,6.38197375102227,0.0338539549955165,0.24793980252739,0.231362502778464,1.00288080432424,0.736455835162329,6,0.0561043506437007,0.863437256277822,0.521420832685094,0.610127088143322,2.57014565982557,0.0769119307294359,1.11803398874989,19.5849365679906,33.5326673487583,11.12,0.3084,0.39,0.005,0,0,33.600000000071,2.14874215572534
lowRelativeVelocity,training,102,lmi_e1.5_t3_y3,1,,0,1000,2,0.0553075044026681,0.111972299113554,1.18438489172336,0.128998941417461,0.851728607205478,0.848751992556407,2.08538951697854,0.558361527456875,1.76936742352046,0.58475567039254,1.78911932651353,2.39457908944144,6.39172951568608,0.0338539549955165,0.24793980252739,0.215644557877757,0.601722052962065,0.664580104862848,6,0.0561041929982267,0.865122445507354,0.521318878807128,0.610124920699738,2.57050237514912,0.210962898552107,1.11803398874989,19.2999878349958,33.5248389858946,11.12,0.305916666666667,0.385,0.005,0,0,33.600000000071,2.14871391682872
lowRelativeVelocity,training,102,lmi_e1.5_t6_y0.1,1,,0,1000,2,0.0920110217894999,0.125160345080671,2.0805913646978,0.212220538138034,2.61412102296999,2.59664793329591,13.8357863748214,1.77780760045154,5.5563839268378,2.34057215889349,6.39256854789407,7.11943907441799,23.5362370797304,0.0338539549955165,0.24793980252739,1.21927462878239,1.84924651616676,1.40551075517225,6,0.0939841154935363,2.67743444479563,1.97822767879092,2.40808766186776,6.77052561834801,0.94304131156309,1.11803398874989,34.7120182962846,166.503920569312,Inf,0.308003333333333,0.403,0.005,0,0,33.600000000071,5.89961323368169
lowRelativeVelocity,training,102,lmi_e1.5_t6_y1,1,,0,1000,2,0.0920081589045886,0.125243977304397,2.09688773939622,0.212185070107573,2.59633241210623,2.59659710848451,13.8354680305852,1.77386920887616,5.6118508604492,2.34055439977321,6.39349005585519,7.13196577232513,23.405923793122,0.0338539549955165,0.24793980252739,0.231362502778464,1.00288080432424,0.736455835162329,6,0.0939833061629729,2.66401132221906,1.97359561845079,2.40811987616223,6.78878071226855,0.0769119307294359,1.11803398874989,34.6946596153995,166.506794328667,Inf,0.307465,0.45,0.005,0,0,33.600000000071,5.89421316126324
lowRelativeVelocity,training,102,lmi_e1.5_t6_y3,1,,0,1000,2,0.0920067814466793,0.125386542760223,2.12894947028618,0.212185231763961,2.5974079102552,2.59654263130084,13.835513544461,1.77362523417409,5.61059796465074,2.34054082612177,6.39457661428374,7.13159739746091,23.2480770382078,0.0338539549955165,0.24793980252739,0.215644557877757,0.601722052962065,0.664580104862848,6,0.0939827365606172,2.66431565958742,1.97374144899269,2.40810952913352,6.78823595401339,0.210962898552107,1.11803398874989,34.6575097563076,166.512932773995,Inf,0.306348333333333,0.401,0.005,0,0,33.600000000071,5.89363776230716
lowRelativeVelocity,training,102,lmi_e3_t1.5_y0.1,1,,0,1000,2,0.0330246927594281,0.125159088983588,1.0020249341821,0.0781368192629971,0.882037793524428,0.807588202731701,0.32301893542249,0.530821290494687,2.05515391794978,0.14637582258824,0.444402212343776,2.27671420293133,6.21690323121443,0.0543434236255646,0.770151649388384,1.36710237851072,2.06232955430875,2.56562413939989,6,0.0305160332692214,0.877838661929827,0.54520629851121,0.141576839900937,2.37048688620544,1.05677368044454,1.11803398874989,21.9814028690089,8.01733064999494,Inf,0.301528333333333,0.483,0.005,0,0,33.600000000071,1.84723234916992
lowRelativeVelocity,training,102,lmi_e3_t1.5_y1,1,,0,1000,2,0.0330201756851997,0.12510233948063,1.04259307324434,0.0781079212117333,0.808799972450599,0.807817921587419,0.32274366400376,0.530912795771259,2.05762065411698,0.146383653144705,0.44452472942891,2.27755065394881,6.21516474775139,0.0543434236255646,0.770151649388384,0.346868529385649,1.32514232999219,2.19815238157835,6,0.0305160892537219,0.832577568691914,0.54577703491518,0.141576005665306,2.37004244433663,0.138649718959493,1.11803398874989,21.2043669991142,7.98531934901463,Inf,0.296415,0.342,0.005,0,0,33.600000000071,1.84753747918428
lowRelativeVelocity,training,102,lmi_e3_t1.5_y3,1,,0,1000,2,0.0330135098003451,0.125000333779768,1.10860622178072,0.0780786715297623,0.793452205455403,0.808056993202187,0.322607137161145,0.530804586576739,2.05734635185808,0.146402052225635,0.444628770180654,2.27910985770094,6.21533155934965,0.0543434236255646,0.770151649388384,0.391973879259482,0.988880036377061,2.1467470816522,6,0.0305160756898704,0.821651610500417,0.545757373933486,0.141576114880843,2.37158692883532,0.400703262151549,1.11803398874989,19.7242753700933,7.88687419331882,Inf,0.294878333333333,0.479,0.005,0,0,33.600000000071,1.84756624269712
lowRelativeVelocity,training,102,lmi_e3_t3_y0.1,1,,0,1000,2,0.0553052370690902,0.111818125669691,1.79286385479963,0.128996277002501,1.2851854183329,1.23631406645676,2.08514743998149,0.77293434862274,2.38244393494138,0.584727686902523,1.78909281020923,3.61559110769856,11.0313449438348,0.0543434236255646,0.770151649388384,1.36710237851072,2.06232955430875,2.56562413939989,6,0.0561029285126653,1.31131483597085,0.709805561662843,0.610087852463138,4.00848584519129,1.05677368044454,1.11803398874989,30.2796470514913,34.2996432058489,Inf,0.29671,0.349,0.005,0,0,33.600000000071,2.82203928947609
lowRelativeVelocity,training,102,lmi_e3_t3_y1,1,,0,1000,2,0.0553046184267404,0.111820053278813,1.8161438324836,0.129000039590917,1.23612883116004,1.23584595072158,2.08512396100628,0.770870073983747,2.37190357706137,0.584726699928978,1.78907591206982,3.61944790957547,11.0465024335506,0.0543434236255646,0.770151649388384,0.346868529385649,1.32514232999219,2.19815238157835,6,0.0561024685141605,1.28327778384084,0.706639422096509,0.610087028088858,4.01539505339052,0.138649718959493,1.11803398874989,29.7249607096202,34.3458538961886,Inf,0.298331666666667,0.329,0.005,0,0,33.600000000071,2.81867591414999
lowRelativeVelocity,training,102,lmi_e3_t3_y3,1,,0,1000,2,0.0553044388063849,0.111848634968066,1.84309034132137,0.128999488758346,1.22394888645681,1.23605077939074,2.08510484584338,0.770645769217649,2.36886210403933,0.584725175764218,1.78906412125809,3.62119780910645,11.0455169557266,0.0543434236255646,0.770151649388384,0.391973879259482,0.988880036377061,2.1467470816522,6,0.056102420888769,1.27466429635471,0.706629693493457,0.610086088081194,4.01685868096152,0.400703262151549,1.11803398874989,28.5588618504878,34.4423368948746,Inf,0.298866666666667,0.334,0.005,0,0,33.600000000071,2.81857548832044
lowRelativeVelocity,training,102,lmi_e3_t6_y0.1,1,,0,1000,2,0.0920096231377273,0.125360946676103,2.33999790984219,0.212229786284474,2.74093063072333,2.72037889406158,13.8376657544477,1.85903888960718,5.68482595378437,2.34066338232597,6.39226052337363,7.4842489044795,23.5409699762704,0.0543434236255646,0.770151649388384,1.36710237851072,2.06232955430875,2.56562413939989,6,0.0939785896943904,2.80846847975341,2.07051471252154,2.40814020413822,7.13254072883194,1.05677368044454,1.11803398874989,43.8793704838873,160.353562628397,Inf,0.297165,0.332,0.005,0,0,33.600000000071,6.13502379148752
lowRelativeVelocity,training,102,lmi_e3_t6_y1,1,,0,1000,2,0.0920063727183182,0.125374737953843,2.3465088603848,0.212185006908508,2.72074512197137,2.71993516639958,13.83719244893,1.85463122005722,5.66737739011075,2.3406345530268,6.39282245352487,7.49549352937392,23.4292946685091,0.0543434236255646,0.770151649388384,0.346868529385649,1.32514232999219,2.19815238157835,6,0.0939774532767478,2.79509077110432,2.06490988177968,2.40816836432805,7.15419019341634,0.138649718959493,1.11803398874989,43.5460796146557,160.386903836563,Inf,0.296595,0.329,0.005,0,0,33.600000000071,6.12842487317241
lowRelativeVelocity,training,102,lmi_e3_t6_y3,1,,0,1000,2,0.0920045333624306,0.125377465952465,2.35286474662699,0.212168484536631,2.72321179714906,2.72003537301619,13.8374559040525,1.85487340956575,5.65891662434256,2.34060888746535,6.39369854655923,7.49403222629785,23.2280498754681,0.0543434236255646,0.770151649388384,0.391973879259482,0.988880036377061,2.1467470816522,6,0.0939770607866057,2.79826255117682,2.06478303855927,2.40815112522559,7.15462146695965,0.400703262151549,1.11803398874989,42.8397321622122,160.457977208268,Inf,0.29791,0.41,0.005,0,0,33.600000000071,6.12859859801538
lowRelativeVelocity,training,102,lmi_e6_t1.5_y0.1,1,,0,1000,2,0.0330054168440926,0.124953908498105,2.39288121593317,0.0780436294188816,2.672048941924,2.64155866268624,0.322356063092593,1.93072718082907,6.70096390291269,0.146429446335821,0.444745674779856,6.8176188644197,21.3773473993286,0.0934987994678434,2.63950803855062,1.55362035696522,2.29330271570695,7.10796698776313,6,0.0305163899168164,2.83935356333638,2.11698158655133,0.141569647643905,7.06898274357596,1.22795544955535,1.11803398874989,39.8794221565892,7.76600901990281,Inf,0.298246666666667,0.33,0.005,0,0,33.600000000071,5.55503230298301
lowRelativeVelocity,training,102,lmi_e6_t1.5_y1,1,,0,1000,2,0.0329995796924131,0.124926490400631,2.40456352613118,0.0780029538247543,2.64287246794725,2.64176205015045,0.321983252067,1.93087446067588,6.70221922934888,0.146442705751325,0.444924974125625,6.81809398024684,21.4265567782031,0.0934987994678434,2.63950803855062,0.5597878626016,1.96480803558179,6.96333927659853,6,0.0305164296113297,2.82106492038429,2.1169199045402,0.141569271139473,7.07040065522956,0.339360197921414,1.11803398874989,39.3464946371292,7.76077194363055,Inf,0.297456666666667,0.347,0.005,0,0,33.600000000071,5.55536351432526
lowRelativeVelocity,training,102,lmi_e6_t1.5_y3,1,,0,1000,2,0.0329932557764813,0.124880796899525,2.4205787000588,0.0779685929043756,2.63455948788696,2.64198570837089,0.321794551613163,1.93084063152236,6.70250782210818,0.146460928858523,0.445061616435166,6.81956213208524,21.4481049717012,0.0934987994678434,2.63950803855062,0.732891573745128,2.15615495863664,6.9173940470327,6,0.0305164479750483,2.81544347194054,2.11671818761933,0.141569475781496,7.07233641533142,0.771666970693505,1.11803398874989,38.1372262956019,7.73527175766747,Inf,0.297446666666667,0.376,0.005,0,0,33.600000000071,5.55552624722659
lowRelativeVelocity,training,102,lmi_e6_t3_y0.1,1,,0,1000,2,0.0553099252344413,0.111631200745273,2.67794158318545,0.128994087719697,2.76647473198446,2.73778960175799,2.08578834822023,1.98913121134992,6.94982707936329,0.584808968922063,1.78908703520431,7.09383667316037,24.1744033064644,0.0934987994678434,2.63950803855062,1.55362035696522,2.29330271570695,7.10796698776313,6,0.0561093333962245,2.95137352759675,2.17119335781964,0.610194210994308,7.46138942917593,1.22795544955535,1.11803398874989,47.7620719391838,33.1185980898874,Inf,0.296796666666667,0.336,0.005,0,0,33.600000000071,5.95012900967633
lowRelativeVelocity,training,102,lmi_e6_t3_y1,1,,0,1000,2,0.0553094908934554,0.111653600177278,2.68315234229183,0.128998870429958,2.73743119292976,2.73870642447088,2.08578918202321,1.98907494624165,6.94304752635195,0.584812063347417,1.78912399442548,7.09870911904269,24.2342176929707,0.0934987994678434,2.63950803855062,0.5597878626016,1.96480803558179,6.96333927659853,6,0.0561090871253946,2.93272737478454,2.17077207027847,0.610200148422921,7.468508674422,0.339360197921414,1.11803398874989,46.7882800618661,33.2263326176582,Inf,0.297518333333333,0.38,0.005,0,0,33.600000000071,5.95098662522639
lowRelativeVelocity,training,102,lmi_e6_t3_y3,1,,0,1000,2,0.0553094265616515,0.111669624984745,2.69080311923976,0.128997836784995,2.7255934424103,2.73909325183383,2.085788848463,1.98910688616666,6.94123932462327,0.584815236179665,1.7891643690525,7.10101749311187,24.2601378006318,0.0934987994678434,2.63950803855062,0.732891573745128,2.15615495863664,6.9173940470327,6,0.0561092364475792,2.92222882318053,2.17071484265159,0.610202858505199,7.47072890831687,0.771666970693505,1.11803398874989,45.0963853882336,33.4498895316015,Inf,0.297943333333333,0.337,0.005,0,0,33.600000000071,5.95151153657222
lowRelativeVelocity,training,102,lmi_e6_t6_y0.1,1,,0,1000,2,0.0919562343978971,0.12405561200754,4.60243719936696,0.211922805031121,3.90915704905651,3.89066401853628,13.8234616697891,2.72082795583761,8.96630001590199,2.33931896617469,6.40919020211478,10.6605340318089,38.2549256167961,0.0934987994678434,2.63950803855062,1.55362035696522,2.29330271570695,7.10796698776313,6,0.0938869025037979,4.08233209475551,2.99729508790512,2.40565693808446,10.6939728084909,1.22795544955535,1.11803398874989,67.8714322277099,153.229639721373,Inf,0.297073333333333,0.339,0.005,0,0,33.600000000071,8.49332506201597
lowRelativeVelocity,training,102,lmi_e6_t6_y1,1,,0,1000,2,0.0919550458151846,0.124029531355058,4.58985644902452,0.211906813664959,3.88528948962253,3.88826362163965,13.8233794645347,2.71521612633482,8.99447421947409,2.3393362620424,6.41002094832621,10.6648471138211,38.1636259058285,0.0934987994678434,2.63950803855062,0.5597878626016,1.96480803558179,6.96333927659853,6,0.0938874982406276,4.06396124296374,2.99049937896293,2.40572101751604,10.6983271062234,0.339360197921414,1.11803398874989,67.1807002538404,153.425579658597,Inf,0.297186666666667,0.337,0.005,0,0,33.600000000071,8.48295213358571
lowRelativeVelocity,training,102,lmi_e6_t6_y3,1,,0,1000,2,0.0919525541586565,0.123993278215454,4.53897863734914,0.211906710507287,3.87653672518688,3.88818043082653,13.8234469882764,2.7155639071981,8.99442339811231,2.33929458921764,6.41191281159544,10.6622471151659,38.1392571887353,0.0934987994678434,2.63950803855062,0.732891573745128,2.15615495863664,6.9173940470327,6,0.0938852863314723,4.05878386302603,2.99193661208599,2.40563774587855,10.6949744837126,0.771666970693505,1.11803398874989,65.5825214768356,153.864539748943,Inf,0.296526666666667,0.331,0.005,0,0,33.600000000071,8.48310277901594
lowRelativeVelocity,training,102,repeated_e1.5_t1.5_y0.1,1,,0,1000,2,0.0340963786129479,0.12294399119344,0.506850668893595,0.0968335382501454,0.43226607843092,0.174890806147086,0.15493166232475,0.0750385287766727,0.218306498620585,0.0850728037310626,0.248685379334822,0.589232316336352,1.85880605345344,0.0232892556860909,0.0593525519800567,1.12417549725955,1.78735682529488,1.27080546093612,6,0.0180117689008471,0.238681096688763,0.026018427111827,0.0154620098729722,0.185512043359141,0.851974158989548,1.11803398874989,2.6770256014982,0.548045432711613,1.22,0.297075,0.33,0.005,0,0,33.600000000071,0.608887306950095
lowRelativeVelocity,training,102,repeated_e1.5_t1.5_y1,1,,0,1000,2,0.0340984830711037,0.122944812019095,0.508874975923679,0.0968430533647981,0.230146124858302,0.177962497754057,0.154941882273239,0.0732421270796,0.213840847434396,0.0850877056043124,0.248713343864244,0.605031110160219,1.88432005963814,0.0232892556860909,0.0593525519800567,0.27471373355869,1.44536158805025,0.421129660209716,6,0.0180108031831439,0.0539499692207608,0.0259180295028425,0.0154634316415321,0.188054892865175,0.0416853235240895,1.11803398874989,2.58830904248835,0.548125419320108,1.22,0.29816,0.388,0.005,0,0,33.600000000071,0.608475306902281
lowRelativeVelocity,training,102,repeated_e1.5_t1.5_y3,1,,0,1000,2,0.0340898561880299,0.122943313604329,0.511402964567678,0.0968204577709205,0.155277021044519,0.179553552467497,0.154889797365661,0.072332332533817,0.211685471752761,0.0850880790986833,0.248678346445529,0.613104334375954,1.91260360543206,0.0232892556860909,0.0593525519800567,0.171042014445641,0.458626879010339,0.128618724742642,6,0.0180096261204295,0.0530669806738085,0.0259229326099204,0.0154645304885185,0.188130511543976,0.0448327545000375,1.11803398874989,2.46635052661346,0.548010636861212,1.22,0.297938333333333,0.334,0.005,0,0,33.600000000071,0.608184093823124
lowRelativeVelocity,training,102,repeated_e1.5_t3_y0.1,1,,0,1000,2,0.0258194719059205,0.0936918227470004,0.577035170725232,0.0579856484982043,0.361822220095532,0.114371859433059,0.10286662322797,0.0513629340211235,0.144113884550773,0.0469067227707748,0.205901969397555,0.382532092973479,1.32938481746507,0.0232892556860909,0.0593525519800567,1.12417549725955,1.78735682529488,1.27080546093612,6,0.024134318003936,0.243705340990212,0.0463505197926947,0.0420211055636749,0.271482063634264,0.851974158989548,1.11803398874989,3.73179791804893,2.06523215012093,0.88,0.296351666666667,0.329,0.005,0,0,33.600000000071,0.437427005696148
lowRelativeVelocity,training,102,repeated_e1.5_t3_y1,1,,0,1000,2,0.0258191330602877,0.0936916806908146,0.578164060222515,0.0579841381205353,0.168098968038506,0.116147587145006,0.102842833837339,0.0513579393781435,0.14412682061506,0.0468977973297381,0.205804586676464,0.389968260932977,1.34020212628703,0.0232892556860909,0.0593525519800567,0.27471373355869,1.44536158805025,0.421129660209716,6,0.0241343103655325,0.0852064504201905,0.0463028907017578,0.0420211192106228,0.272114776826638,0.0416853235240895,1.11803398874989,3.70778158367684,2.06525236261037,0.88,0.298011666666667,0.328,0.005,0,0,33.600000000071,0.43890086154576
lowRelativeVelocity,training,102,repeated_e1.5_t3_y3,1,,0,1000,2,0.0258190468786312,0.0936918540870035,0.580176052396332,0.0579835729254433,0.111681501873642,0.117362868152228,0.102844197909357,0.0513833982537379,0.144101478643327,0.0468990002775144,0.205797564843959,0.395003753507936,1.3691445363294,0.0232892556860909,0.0593525519800567,0.171042014445641,0.458626879010339,0.128618724742642,6,0.0241343098998358,0.084141666095684,0.046306493700862,0.0420211212512239,0.272213366094938,0.0448327545000375,1.11803398874989,3.66157453904406,2.0653011886248,0.9,0.297058333333333,0.365,0.005,0,0,33.600000000071,0.439958015995375
lowRelativeVelocity,training,102,repeated_e1.5_t6_y0.1,1,,0,1000,2,0.0358657192805665,0.0799416342025019,0.663824430731905,0.09179262065929,0.392492077352349,0.213531420273412,0.390332190202004,0.131968729420738,0.382034836583653,0.127110971820395,0.351906431598112,0.628452745579948,1.91063299973387,0.0232892556860909,0.0593525519800567,1.12417549725955,1.78735682529488,1.27080546093612,6,0.0344690070426311,0.299881082821686,0.126870398910952,0.123916177593266,0.580684626036587,0.851974158989548,1.11803398874989,6.10946623266491,8.62478292771935,0.48,0.296718333333333,0.332,0.005,0,0,33.600000000071,0.74828520076313
lowRelativeVelocity,training,102,repeated_e1.5_t6_y1,1,,0,1000,2,0.0358656767787348,0.0799414287132664,0.663924291914654,0.0917929390957167,0.237341620731848,0.214201098991664,0.390328771202638,0.131944468678464,0.38184743717604,0.12711110456723,0.351903021694704,0.631718094058769,1.93983465032291,0.0232892556860909,0.0593525519800567,0.27471373355869,1.44536158805025,0.421129660209716,6,0.0344689967591159,0.200544862348854,0.126783953774044,0.12391595698978,0.580625463840363,0.0416853235240895,1.11803398874989,6.10679589188519,8.62466390567712,0.48,0.298223333333333,0.331,0.005,0,0,33.600000000071,0.74888932395603
lowRelativeVelocity,training,102,repeated_e1.5_t6_y3,1,,0,1000,2,0.0358656513090096,0.079941080675771,0.664444563736124,0.0917929353309915,0.213454948788513,0.214559767497092,0.390328365943918,0.132041394372763,0.381468546927847,0.1271112149458,0.351903130825649,0.633151070532261,1.95449282414791,0.0232892556860909,0.0593525519800567,0.171042014445641,0.458626879010339,0.128618724742642,6,0.0344689951096603,0.200291966998689,0.126794506307653,0.123915958576518,0.580619191500287,0.0448327545000375,1.11803398874989,6.09944798008774,8.62442882350244,0.48,0.296381666666667,0.341,0.005,0,0,33.600000000071,0.749369515942075
lowRelativeVelocity,training,102,repeated_e3_t1.5_y0.1,1,,0,1000,2,0.0341277978199077,0.122946683676832,0.605603004698335,0.096934520577873,0.407051081405257,0.165006913185959,0.15508527030325,0.0904140058275893,0.282603675158466,0.0852111711266288,0.249097564565216,0.514433298759154,1.86958864980484,0.0254862343407292,0.0754290373180442,1.12367473840411,1.72305282007771,1.17299300368155,6,0.018011968217134,0.250625796461615,0.0536741624837645,0.0154630277360413,0.259100969417154,0.867773236146648,1.11803398874989,4.14395686561849,0.548774423305606,0.92,0.297466666666667,0.356,0.005,0,0,33.600000000071,0.624992649606087
lowRelativeVelocity,training,102,repeated_e3_t1.5_y1,1,,0,1000,2,0.0341168665284407,0.122945608078977,0.611634654380833,0.0969040448966598,0.190044109881102,0.167313198476278,0.155025951106457,0.0884480402287801,0.274700022641531,0.0852092381572648,0.249040948824058,0.529382524876451,1.89940333713861,0.0254862343407292,0.0754290373180442,0.117150170024319,0.661989586791054,0.272455215729644,6,0.0180101717109476,0.0866028019578901,0.0536041464093926,0.0154650102870506,0.260560169572863,0.0346026506653939,1.11803398874989,3.99304427941084,0.548622521833194,0.96,0.29651,0.436,0.005,0,0,33.600000000071,0.623941250717257
lowRelativeVelocity,training,102,repeated_e3_t1.5_y3,1,,0,1000,2,0.0340887118380399,0.122941041661644,0.61875611844146,0.0968166087240913,0.145668815765091,0.168037427763293,0.154876546162342,0.0876906814399274,0.270026354118665,0.0851716680076405,0.248858645542651,0.534329628511459,1.92801838530594,0.0254862343407292,0.0754290373180442,0.14088424805136,0.547472711324612,0.174731392310585,6,0.0180084276204007,0.0837254535111658,0.0536082870781411,0.0154662687413985,0.260972179426258,0.0736199828378928,1.11803398874989,3.74687357548673,0.548111714278913,0.94,0.293958333333333,0.34,0.005,0,0,33.600000000071,0.623134406962546
lowRelativeVelocity,training,102,repeated_e3_t3_y0.1,1,,0,1000,2,0.0258245286935975,0.0936782078800798,0.759846686746136,0.058011678500695,0.343637025542372,0.132085242402826,0.102936177993107,0.0721510714393378,0.234854362391497,0.0469355603533581,0.20637375502713,0.413615960017326,1.66621886158983,0.0254862343407292,0.0754290373180442,1.12367473840411,1.72305282007771,1.17299300368155,6,0.0241343196276852,0.257248631795741,0.0659220012572965,0.0420211039749694,0.346806434763704,0.867773236146648,1.11803398874989,5.64807619394877,2.05923345217358,1.56,0.293705,0.338,0.005,0,0,33.600000000071,0.485270621818116
lowRelativeVelocity,training,102,repeated_e3_t3_y1,1,,0,1000,2,0.0258232086735401,0.093678920967579,0.765892010152281,0.0580019127381668,0.147873787461356,0.132592442091584,0.102896982169765,0.0716822023698779,0.231978918861035,0.0469257111149937,0.206224474255833,0.416996716916602,1.69704128151525,0.0254862343407292,0.0754290373180442,0.117150170024319,0.661989586791054,0.272455215729644,6,0.0241343121983201,0.112516335568003,0.0657742175823844,0.0420211196925308,0.347101856150119,0.0346026506653939,1.11803398874989,5.51686233866861,2.0595394827096,1.44,0.294056666666666,0.374,0.005,0,0,33.600000000071,0.484995834858478
lowRelativeVelocity,training,102,repeated_e3_t3_y3,1,,0,1000,2,0.0258216440324155,0.0936808813121538,0.774702521982733,0.0579874682991257,0.118947825219973,0.133150472267085,0.102886937836918,0.0714234796270564,0.22902084782003,0.0469321380531271,0.206216375437084,0.420091486076284,1.72960962124444,0.0254862343407292,0.0754290373180442,0.14088424805136,0.547472711324612,0.174731392310585,6,0.0241343115731152,0.109275468789403,0.0657816929881172,0.0420211241353866,0.347506434121597,0.0736199828378928,1.11803398874989,5.297819132229,2.0601441575305,0.94,0.293591666666666,0.348,0.005,0,0,33.600000000071,0.485081696793525
lowRelativeVelocity,training,102,repeated_e3_t6_y0.1,1,,0,1000,2,0.0358660029731146,0.0799373543516873,0.839578598674283,0.0917926775274672,0.378380683669647,0.22716010379337,0.39033806010654,0.13722258182517,0.394120335082505,0.127111241328313,0.351907510794516,0.677388790224448,1.99739860000591,0.0254862343407292,0.0754290373180442,1.12367473840411,1.72305282007771,1.17299300368155,6,0.0344690076696537,0.314885306081774,0.136024558726464,0.123916320128747,0.644366362809647,0.867773236146648,1.11803398874989,7.97935179907373,8.597983222206,1.38,0.293538333333333,0.334,0.005,0,0,33.600000000071,0.768582951426375
lowRelativeVelocity,training,102,repeated_e3_t6_y1,1,,0,1000,2,0.0358659396120547,0.0799378646169328,0.843290152532739,0.0917929716690053,0.233150872348913,0.227064327574054,0.390334650486342,0.137035079863799,0.389300309177839,0.127111440578797,0.351904343257641,0.677460434993098,1.9566114076111,0.0254862343407292,0.0754290373180442,0.117150170024319,0.661989586791054,0.272455215729644,6,0.0344689950047066,0.219208610995538,0.13580402311299,0.123916124766515,0.644258491525461,0.0346026506653939,1.11803398874989,7.91837391092449,8.59815259545474,1.38,0.294333333333333,0.334,0.005,0,0,33.600000000071,0.768221642846766
lowRelativeVelocity,training,102,repeated_e3_t6_y3,1,,0,1000,2,0.0358658875394908,0.0799383089153753,0.850340689996557,0.0917929781210323,0.225283663602784,0.227194329485085,0.390333887776487,0.137054687627863,0.389936605020893,0.12711152054904,0.351904485910163,0.678018032621946,1.94129044733875,0.0254862343407292,0.0754290373180442,0.14088424805136,0.547472711324612,0.174731392310585,6,0.0344689938699774,0.217876932583188,0.135823544256607,0.123916092883137,0.644387716283173,0.0736199828378928,1.11803398874989,7.80226840698275,8.5985237734821,0.9,0.294495,0.334,0.005,0,0,33.600000000071,0.768371857175023
lowRelativeVelocity,training,102,repeated_e6_t1.5_y0.1,1,,0,1000,2,0.0341237158135591,0.122945047889637,0.652629151722006,0.0969135115097956,0.441185610066504,0.237269904981987,0.155078586731914,0.151069369623258,0.405244958965184,0.08522219339596,0.249115496908654,0.684058284630854,1.88637063517347,0.0360023763174002,0.199333428448231,1.15905681937936,1.75079929317605,1.2729665734439,6,0.018011999015727,0.319774076053402,0.139040293380686,0.0154630883183434,0.5817586340866,0.89655359513913,1.11803398874989,7.10503842985165,0.548691289984677,1.98,0.293108333333333,0.325,0.005,0,0,33.600000000071,0.780187554308279
lowRelativeVelocity,training,102,repeated_e6_t1.5_y1,1,,0,1000,2,0.0341042052236945,0.122943058360021,0.661661088499162,0.0968533507960205,0.260108666545709,0.238661650943258,0.15497967419995,0.150212036020066,0.400636746943791,0.0852027047663386,0.248992393690311,0.693401403078535,1.92404173438896,0.0360023763174002,0.199333428448231,0.172902951841093,0.705722241968495,0.571015498860342,6,0.0180099888842467,0.207620132504758,0.139102379204993,0.0154651300467619,0.582504828032244,0.0529772420653452,1.11803398874989,6.8230437166367,0.548364679851842,0.58,0.294733333333333,0.342,0.005,0,0,33.600000000071,0.780146404892784
lowRelativeVelocity,training,102,repeated_e6_t1.5_y3,1,,0,1000,2,0.034069518231605,0.122938222505411,0.673874146838765,0.0967426132060825,0.233980007892788,0.239075267924467,0.154802349734823,0.149935651030393,0.399369954050835,0.0851432392631391,0.248738985598449,0.696230694211355,1.93405110992953,0.0360023763174002,0.199333428448231,0.141458328559637,0.370118276209481,0.533195125149275,6,0.0180081920913933,0.203878918821323,0.139102111099921,0.0154662972728577,0.583147401328068,0.139137988424271,1.11803398874989,6.44666882373445,0.547704428072368,0.6,0.294915,0.341,0.005,0,0,33.600000000071,0.779812623219107
lowRelativeVelocity,training,102,repeated_e6_t3_y0.1,1,,0,1000,2,0.0258323347113367,0.0936554966630309,0.825776322942903,0.0580724353079095,0.388316191539046,0.226673203850172,0.103184525519268,0.144014399806938,0.433456227369883,0.0469988947468152,0.207218804885648,0.655689939161797,1.92819898167976,0.0360023763174002,0.199333428448231,1.15905681937936,1.75079929317605,1.2729665734439,6,0.024134336471155,0.32732091743842,0.144032041008764,0.0420210872364203,0.644054378134982,0.89655359513913,1.11803398874989,8.62990201658034,2.04796914920965,1.4,0.295111666666666,0.37,0.005,0,0,33.600000000071,0.677490134559603
lowRelativeVelocity,training,102,repeated_e6_t3_y1,1,,0,1000,2,0.0258293437995582,0.0936570491526912,0.839975520429378,0.058047808397058,0.234957807990361,0.22679341186801,0.10311006392625,0.143852344749379,0.433842603464711,0.0469853105332535,0.20698882575765,0.656754332076548,1.94638036222377,0.0360023763174002,0.199333428448231,0.172902951841093,0.705722241968495,0.571015498860342,6,0.0241343289718598,0.222831258058138,0.144055206661507,0.0420211045259904,0.644399503054315,0.0529772420653452,1.11803398874989,8.35680733638337,2.04828469313648,1.38,0.295843333333333,0.329,0.005,0,0,33.600000000071,0.677348993909649
lowRelativeVelocity,training,102,repeated_e6_t3_y3,1,,0,1000,2,0.0258243102679918,0.093660988358679,0.860886745978827,0.0580013737892437,0.219491647101169,0.227058210795558,0.103019806226353,0.143798570553108,0.433866501519507,0.0469832614776708,0.206821089692819,0.658201412643969,1.94813803514039,0.0360023763174002,0.199333428448231,0.141458328559637,0.370118276209481,0.533195125149275,6,0.024134327015663,0.218131925598879,0.144059552303476,0.0420211100346364,0.645111893495322,0.139137988424271,1.11803398874989,7.86261609531443,2.04938801056946,0.82,0.297645,0.334,0.005,0,0,33.600000000071,0.677480526314927
lowRelativeVelocity,training,102,repeated_e6_t6_y0.1,1,,0,1000,2,0.0358657880195653,0.0799216729250941,0.971109415836951,0.0917927362979892,0.431070039463898,0.30947811836795,0.390335104998882,0.189126418238404,0.536845687394067,0.127110974575589,0.351913981039939,0.916739441589819,2.80220380778556,0.0360023763174002,0.199333428448231,1.15905681937936,1.75079929317605,1.2729665734439,6,0.034469008823347,0.383683826925968,0.185078375977797,0.123916699055453,0.9049685390005,0.89655359513913,1.11803398874989,11.5729971919324,8.56406857004437,3,0.298868333333333,0.419,0.005,0,0,33.600000000071,0.920258604990424
lowRelativeVelocity,training,102,repeated_e6_t6_y1,1,,0,1000,2,0.0358657255406264,0.0799191569444607,0.987818286813823,0.0917930317496287,0.311326536513748,0.3091839810405,0.390331571543076,0.188735081470304,0.535325421584849,0.127111176359171,0.351910982840999,0.916446424899398,2.76596927311313,0.0360023763174002,0.199333428448231,0.172902951841093,0.705722241968495,0.571015498860342,6,0.034468997536445,0.303312710988414,0.184835747099355,0.123916495076182,0.90529787508465,0.0529772420653452,1.11803398874989,11.3119771140879,8.56188154619186,1.32,0.294008333333333,0.34,0.005,0,0,33.600000000071,0.919416703326753
lowRelativeVelocity,training,102,repeated_e6_t6_y3,1,,0,1000,2,0.0358657361972602,0.0799149344656406,1.01573028261734,0.0917930291774858,0.303983987295539,0.30929580297164,0.390331430547626,0.188723272552128,0.535285114136862,0.127111248164497,0.351911346233611,0.917008630421636,2.75716708158601,0.0360023763174002,0.199333428448231,0.141458328559637,0.370118276209481,0.533195125149275,6,0.0344689973173051,0.299146289727724,0.184842400766169,0.123916441783554,0.905902881965964,0.139137988424271,1.11803398874989,10.8876866137234,8.55757833890019,0.9,0.2951,0.356,0.005,0,0,33.600000000071,0.919505633161185
aggressiveEgo,training,101,lmi_e1.5_t1.5_y0.1,1,,0,1000,2,0.0578597979693701,0.135161796527803,1.05198933612028,0.136641717080768,1.37121834786534,0.544554813642491,2.49964843263037,0.288936230705892,0.954739523295569,0.270725996353403,0.750534641506693,2.00994420546786,5.01900152363944,0.0345991704377133,0.239832812597687,7.05800135453136,15.3921751777656,7.06354827472835,6,0.0629527808960507,1.6329425702316,0.319617462998803,0.27896982928174,2.2660429561648,8.85793699871886,1.11803398874989,14.8766244299437,8.30877240372145,Inf,0.297285,0.844,0.005,2.82101445280952,0.234,43.1119226957838,1.55845928219906
aggressiveEgo,training,101,lmi_e1.5_t1.5_y1,1,,0,1000,2,0.057483912197068,0.134802788650389,1.49010963332014,0.136316696142909,5.59951449581478,1.83466134074424,2.39990838736756,0.948985963349615,3.2681269638302,0.273070415687275,0.767276583715203,7.09352511839046,13.5697692748319,0.0345991704377133,0.239832812597687,28.6093075928045,64.6159710889742,28.6862136648889,6,0.0621899130561675,5.17210729073727,1.18718233478523,0.282305531872944,8.35439854462523,31.0107426411226,1.11803398874989,13.054092017161,8.42923645839677,Inf,0.296323333333333,0.338,0.005,2.82101445280952,0.234,43.1119226957838,3.891516072348
aggressiveEgo,training,101,lmi_e1.5_t1.5_y3,1,,0,1000,2,0.0586283575149918,0.134466906272309,1.95804529617068,0.136322002837788,7.47166223091008,2.41928809951004,2.35367459507513,1.55594041317684,5.24381815115315,0.286522968853777,0.820767150934332,8.58655321608532,19.0218873089256,0.0345991704377133,0.239832812597687,38.1785402672095,124.782986955528,38.348978583978,6,0.0634436184078931,5.91745910664232,1.9391892887327,0.300650819172351,9.80273058713045,36.4697146927553,1.11803398874989,25.7145198733036,8.96355941125042,Inf,0.296733333333333,0.343,0.005,2.82101445280952,0.234,43.1119226957838,5.41547504472067
aggressiveEgo,training,101,lmi_e1.5_t3_y0.1,1,,0,1000,2,0.0549804821481863,0.110969798121507,0.911435839740223,0.158210979389607,1.4803493732023,0.92127554526973,3.7664772897653,0.62253517326899,1.58160107101981,0.530075341920483,1.74475083283335,2.97100547887668,8.42611569455693,0.0345991704377133,0.239832812597687,7.05800135453136,15.3921751777656,7.06354827472835,6,0.0573646473986773,1.72685624570134,0.686344911813476,0.56075969569206,3.23890042216586,8.85793699871886,1.11803398874989,21.0292320754426,35.8307589374731,Inf,0.295713333333333,0.33,0.005,2.82101445280952,0.234,43.1119226957838,2.38907626379518
aggressiveEgo,training,101,lmi_e1.5_t3_y1,1,,0,1000,2,0.0549828402554031,0.111170972271987,1.28192923185121,0.158197062027375,5.59610462034816,1.98812386701043,3.74313462410445,1.09447212374506,3.67774111876756,0.530111565514932,1.73004839475157,7.47924632309817,19.6301670857901,0.0345991704377133,0.239832812597687,28.6093075928045,64.6159710889742,28.6862136648889,6,0.0573737558462961,5.17474137478017,1.33438435162415,0.560882081052448,8.81348584399763,31.0107426411226,1.11803398874989,19.823630959432,36.2529265786015,Inf,0.295648333333333,0.332,0.005,2.82101445280952,0.234,43.1119226957838,4.23462191466378
aggressiveEgo,training,101,lmi_e1.5_t3_y3,1,,0,1000,2,0.054991784549478,0.111442191720199,1.82880512162314,0.158232535982993,7.48898130260477,2.4998820486003,3.69600726383844,1.61619431221354,6.00200380494921,0.530691780728476,1.77058402388759,8.81490933355664,26.7784686254323,0.0345991704377133,0.239832812597687,38.1785402672095,124.782986955528,38.348978583978,6,0.0573610923477242,5.95006094507823,1.98771735651659,0.561603859717634,10.0213409860955,36.4697146927553,1.11803398874989,31.0000866385882,37.5318778811354,Inf,0.295915,0.342,0.005,2.82101445280952,0.234,43.1119226957838,5.5452883366332
aggressiveEgo,training,101,lmi_e1.5_t6_y0.1,1,,0,1000,2,0.0986162927146769,0.139346332220946,2.31395125825144,0.244472400372417,3.02783387210551,2.813889854604,15.2699973756629,1.93302278417318,5.64727011463909,1.85824669507717,5.6311339405561,9.14270240293455,29.2497443931897,0.0345991704377133,0.239832812597687,7.05800135453136,15.3921751777656,7.06354827472835,6,0.0966272966798095,3.07823385234642,2.01233301884141,1.80819252616883,8.38911078233546,8.85793699871886,1.11803398874989,34.800308266666,170.693328020625,Inf,0.29822,0.336,0.005,2.82101445280952,0.234,43.1119226957838,6.68074897608004
aggressiveEgo,training,101,lmi_e1.5_t6_y1,1,,0,1000,2,0.0986913590802489,0.139478924243191,2.55808809328699,0.250108944666236,6.18169489112448,3.33430737069234,15.2476291406734,2.11457585157982,5.61656707653446,1.86055638047622,5.63457517330452,11.6325034975767,35.9574172814803,0.0345991704377133,0.239832812597687,28.6093075928045,64.6159710889742,28.6862136648889,6,0.0966759600299645,5.75735503327478,2.32260580946681,1.80976273285747,12.0107430472235,31.0107426411226,1.11803398874989,34.3657020760667,170.655876784018,Inf,0.29948,0.49,0.005,2.82101445280952,0.234,43.1119226957838,7.54256599347747
aggressiveEgo,training,101,lmi_e1.5_t6_y3,1,,1,1000,2,3.49148848247619e+28,3.1878086202635e+28,4.54281569663902e+30,3.60198271862506e+29,4.97557744903648e+30,4.97557744903648e+30,8.90734615995817e+32,4.97557744903648e+30,5.13273815777588e+31,4.97365103571078e+30,5.13083569818867e+31,103.903912686954,179.630602645106,0.0345991704377133,0.239832812597687,38.1785402672095,124.782986955528,38.348978583978,6,4.50449624155872e+28,6.41917337870582e+30,6.41917337870582e+30,6.41668804283007e+30,104.284202836879,36.4697146927553,3747.55543927716,526141.162641921,91989650.5403496,Inf,0.299465,0.378,0.005,2.82101445280952,0.234,43.1119226957838,Inf
aggressiveEgo,training,101,lmi_e3_t1.5_y0.1,1,,0,1000,2,0.057892925409367,0.135351526715727,0.869643151046531,0.136461690685517,0.897414725104057,0.789881214323451,2.49635348277373,0.526492675605457,1.88509451862737,0.271336260979958,0.753575754725626,2.58768728168375,8.53034066919776,0.0497762682403646,0.719982423033624,2.03025794315907,4.39437445459902,3.34865276675041,6,0.0629801544219394,0.883268819869216,0.523463926462922,0.279742145400271,2.36055832722965,2.2022581742764,1.11803398874989,22.7924353405503,8.3442640149415,Inf,0.300748333333333,0.362,0.005,2.82101445280952,0.234,43.1119226957838,2.14945206164133
aggressiveEgo,training,101,lmi_e3_t1.5_y1,1,,0,1000,2,0.0578218750387227,0.135282407433484,0.992243136592239,0.136334463721904,3.2452491168284,1.25339075804162,2.48886713110474,0.661193973407706,2.17111973236879,0.270355123109609,0.75221032127569,4.66605050349966,11.9215424894634,0.0497762682403646,0.719982423033624,16.8881632757754,36.1977618732454,17.146358566769,6,0.0627116806492517,3.4151369343364,0.685647938175049,0.277396668685395,5.47799452120162,19.3984292003585,1.11803398874989,21.281271183426,8.33138010229963,Inf,0.30508,0.37,0.005,2.82101445280952,0.234,43.1119226957838,2.83381679790257
aggressiveEgo,training,101,lmi_e3_t1.5_y3,1,,0,1000,2,0.0577424331936587,0.135214290962013,1.25003857023288,0.136724202335142,4.5706533069147,1.67236498595978,2.45692816901606,0.946056214738781,3.20148164130834,0.271120526632044,0.755356759550439,6.201020578014,21.3061455795962,0.0497762682403646,0.719982423033624,24.0961464032883,70.3887817717452,24.3695559488782,6,0.0625490896429427,4.41290160974813,1.09365512631493,0.278329109311966,7.54669401996066,26.3998564291676,1.11803398874989,18.5760350016818,8.29555834613778,12,0.296063333333333,0.349,0.005,2.82101445280952,0.234,43.1119226957838,3.70974087701695
aggressiveEgo,training,101,lmi_e3_t3_y0.1,1,,0,1000,2,0.0549852790614833,0.110593224805477,1.81076960915171,0.158178847905957,1.1742840353165,1.10885720258914,3.75508150776908,0.824543172918415,2.68960184105451,0.530201987565706,1.74902555229898,3.26760301398434,10.4591294897171,0.0497762682403646,0.719982423033624,2.03025794315907,4.39437445459902,3.34865276675041,6,0.0573658923580602,1.17580546579146,0.928375889334027,0.560835443319263,2.7447839168493,2.2022581742764,1.11803398874989,31.3940566071535,34.745184642903,11.78,0.297676666666667,0.365,0.005,2.82101445280952,0.234,43.1119226957838,2.85245973924853
aggressiveEgo,training,101,lmi_e3_t3_y1,1,,0,1000,2,0.0549943133253755,0.110576338856329,1.83114851309839,0.158199524411391,3.31585885426957,1.51335798793989,3.77581284436764,0.912406910506299,2.93138762700198,0.53024360125296,1.73893942788233,5.30171708748067,15.5335459780464,0.0497762682403646,0.719982423033624,16.8881632757754,36.1977618732454,17.146358566769,6,0.0573675170547518,3.43208225646321,1.02553595774003,0.560747082720243,5.9347342793875,19.3984292003585,1.11803398874989,30.1359926324652,34.8970191702158,Inf,0.298308333333333,0.351,0.005,2.82101445280952,0.234,43.1119226957838,3.43510037176249
aggressiveEgo,training,101,lmi_e3_t3_y3,1,,0,1000,2,0.0550000075126746,0.110570708508957,1.91323209609952,0.158268913660939,4.63575578328428,1.88613046080077,3.76620696673033,1.16130463158756,3.88754632327606,0.530195958822638,1.73248687668878,6.69730887419749,23.0452017955014,0.0497762682403646,0.719982423033624,24.0961464032883,70.3887817717452,24.3695559488782,6,0.0573695402966742,4.4307388794834,1.35960705311779,0.560564234371275,7.85738302481298,26.3998564291676,1.11803398874989,27.3601862278393,35.2057149814386,12,0.301786666666667,0.472,0.005,2.82101445280952,0.234,43.1119226957838,4.21207111314137
aggressiveEgo,training,101,lmi_e3_t6_y0.1,1,,0,1000,2,0.0986001192981462,0.139198226024154,2.74431526046802,0.24435547355913,2.90219245410661,2.87620735136759,15.2790338067834,2.00746732144625,5.65706786274865,1.8580971327531,5.62450053852749,9.17705236659612,26.645631917628,0.0497762682403646,0.719982423033624,2.03025794315907,4.39437445459902,3.34865276675041,6,0.0966093276875091,2.79025681032095,2.0644908072202,1.80811534030821,8.18502524756855,2.2022581742764,1.11803398874989,43.2929129982087,161.72948343314,Inf,0.302478333333333,0.665,0.005,2.82101445280952,0.234,43.1119226957838,6.83634630919318
aggressiveEgo,training,101,lmi_e3_t6_y1,1,,0,1000,2,0.0986167205091992,0.139191881349745,2.82993236564481,0.244413221445967,4.25904931112604,3.07760038908934,15.2562545640875,2.07001535443808,5.7702218593539,1.85680278252402,5.63029790094304,10.1690006190558,30.5804796468164,0.0497762682403646,0.719982423033624,16.8881632757754,36.1977618732454,17.146358566769,6,0.0966521909465462,4.2634152175189,2.13446710446453,1.80892551654034,9.96350144281262,19.3984292003585,1.11803398874989,42.5137148994482,161.213578867663,Inf,0.29541,0.408,0.005,2.82101445280952,0.234,43.1119226957838,7.15999803777932
aggressiveEgo,training,101,lmi_e3_t6_y3,1,,0,1000,2,0.0985849088881309,0.140172612285746,2.95987026298309,0.244448117962272,5.36103079946607,3.29483280903263,15.2133638399958,2.25159691251506,7.05573622924251,1.85410106826365,5.64891049039884,10.935830240338,35.8178419725798,0.0497762682403646,0.719982423033624,24.0961464032883,70.3887817717452,24.3695559488782,6,0.0965887350907329,5.09293012210465,2.33559915418104,1.80630094307068,11.3743200934323,26.3998564291676,1.11803398874989,41.2203428390573,159.990860130127,Inf,0.292955,0.336,0.005,2.82101445280952,0.234,43.1119226957838,7.67620896197902
aggressiveEgo,training,101,lmi_e6_t1.5_y0.1,1,,0,1000,2,0.057826203249223,0.135101621259079,2.63121975514132,0.136300787424455,2.77421307589691,2.66595527980154,2.47652046460206,1.74899648381206,6.37596629609069,0.271486630489899,0.756044610357385,8.89243908771157,28.170194740219,0.0920645216778672,2.63107486700545,4.35434909367235,6.83878953611018,11.2930768677101,6,0.0628950138167291,2.78010282910381,1.71007688682948,0.280109855578661,8.85921090124157,5.04310768685974,1.11803398874989,39.9686337808863,8.26222280368497,Inf,0.295021666666667,0.34,0.005,2.82101445280952,0.234,43.1119226957838,5.85474281765866
aggressiveEgo,training,101,lmi_e6_t1.5_y1,1,,0,1000,2,0.0576525218187059,0.135070853092181,2.68752453379592,0.135235662771505,4.22182036152126,2.8568201196991,2.50170345649357,1.86383055171903,6.32124432218256,0.269908452756028,0.753879709803558,9.44618861440981,28.6197897184862,0.0920645216778672,2.63107486700545,17.0533555977199,36.2665564449384,20.0378308966579,6,0.0626731769307346,4.64061462721691,1.87994606513556,0.277932494172277,9.73911304230806,20.7970460262928,1.11803398874989,39.033299191386,8.27214355814171,Inf,0.295735,0.331,0.005,2.82101445280952,0.234,43.1119226957838,6.19342404450708
aggressiveEgo,training,101,lmi_e6_t1.5_y3,1,,0,1000,2,0.05833671335152,0.135335145655613,3.09190554150928,0.138699600953094,8.53281918780408,3.76891000426354,2.43719363119399,2.51788115419185,7.81967954618404,0.277450637902998,0.767039500518981,13.2213260709929,37.3942124332814,0.0920645216778672,2.63107486700545,43.3838666834604,92.6532690563959,44.554367092679,6,0.0639288905706468,8.64147835252994,2.80387528480007,0.291836256771538,14.9333038341282,47.9972333735162,1.11803398874989,37.4156807858863,8.26608555650263,Inf,0.296483333333333,0.327,0.005,2.82101445280952,0.234,43.1119226957838,8.26339465609747
aggressiveEgo,training,101,lmi_e6_t3_y0.1,1,,0,1000,2,0.0549832900812101,0.110007112376144,3.0077507543415,0.158149811580117,2.85336445564972,2.74831781873992,3.73818083380323,1.8404358395819,7.44919076041958,0.530109360947704,1.75014541601504,9.00539854844899,31.0977771275626,0.0920645216778672,2.63107486700545,4.35434909367235,6.83878953611018,11.2930768677101,6,0.0573752895952187,2.82733708079388,1.78747258044719,0.560830861583628,8.86455137879059,5.04310768685974,1.11803398874989,48.7023051724985,33.4873873434166,Inf,0.29695,0.419,0.005,2.82101445280952,0.234,43.1119226957838,6.0317842896657
aggressiveEgo,training,101,lmi_e6_t3_y1,1,,0,1000,2,0.0549924437410484,0.110095189353118,3.0553887576707,0.158084206334144,4.20786194209832,2.9689802402361,3.76977015355452,1.95150446786374,7.37704466915451,0.53038758876679,1.74750354303054,9.72464111206401,31.4361616583041,0.0920645216778672,2.63107486700545,17.0533555977199,36.2665564449384,20.0378308966579,6,0.0573863983706307,4.59424172525748,1.95790508750054,0.561148827512686,10.0495491253156,20.7970460262928,1.11803398874989,47.6244556847072,33.6171726281233,Inf,0.297008333333333,0.346,0.005,2.82101445280952,0.234,43.1119226957838,6.39786159555077
aggressiveEgo,training,101,lmi_e6_t3_y3,1,,0,1000,2,0.0550818158206637,0.110367013690036,3.36380329934709,0.157980171829077,8.52643896363778,3.8026995231929,3.71673453174603,2.52026568560485,7.49731736394742,0.531928018879016,1.74970528888224,13.3487829151805,38.2974651801794,0.0920645216778672,2.63107486700545,43.3838666834604,92.6532690563959,44.554367092679,6,0.0575245625837283,8.66154389975562,2.7772968352397,0.563633549265225,15.0378997809892,47.9972333735162,1.11803398874989,44.9637071485582,33.8875031924464,Inf,0.298273333333333,0.348,0.005,2.82101445280952,0.234,43.1119226957838,8.26110611245245
aggressiveEgo,training,101,lmi_e6_t6_y0.1,1,,0,1000,2,0.0985407118531576,0.139298981871179,5.28841339750798,0.244608915571857,3.92956704205942,3.85075364439179,15.2622815392452,2.6567875501042,9.17012518727285,1.85571973588422,5.63960739611821,12.3603512521767,37.9302152087242,0.0920645216778672,2.63107486700545,4.35434909367235,6.83878953611018,11.2930768677101,6,0.0965460162151813,3.87294629008348,2.71258637660383,1.80539517676091,11.5823262593588,5.04310768685974,1.11803398874989,67.5515894400748,152.350095018233,Inf,0.298643333333333,0.407,0.005,2.82101445280952,0.234,43.1119226957838,8.77105246917532
aggressiveEgo,training,101,lmi_e6_t6_y1,1,,0,1000,2,0.0986130876655109,0.139334897654676,5.30627894627906,0.244606794330236,4.9853828142708,4.02154943807591,15.3243120822963,2.74012113947612,8.88072052975605,1.85697545741561,5.63808011678591,12.9211569476148,40.2280411146657,0.0920645216778672,2.63107486700545,17.0533555977199,36.2665564449384,20.0378308966579,6,0.0966422599737691,5.25146741953689,2.81616635760379,1.80822999299445,12.4981042099308,20.7970460262928,1.11803398874989,66.6765527861473,152.689970198762,Inf,0.294676666666666,0.43,0.005,2.82101445280952,0.234,43.1119226957838,9.05060454513031
aggressiveEgo,training,101,lmi_e6_t6_y3,1,,0,1000,2,0.0987132531785726,0.139396367073398,5.44213792414655,0.245380580685675,8.98200070704265,4.72334198295742,15.2637970576185,3.18796200361637,10.3473827574655,1.86139717840287,5.69244398342229,16.3031594933456,44.1767025066937,0.0920645216778672,2.63107486700545,43.3838666834604,92.6532690563959,44.554367092679,6,0.0966505395513392,9.05886349879216,3.37818973615439,1.81356791297009,17.6696168122891,47.9972333735162,1.11803398874989,64.5477074711382,153.463992596517,Inf,0.295156666666667,0.337,0.005,2.82101445280952,0.234,43.1119226957838,10.6236884376876
aggressiveEgo,training,101,repeated_e1.5_t1.5_y0.1,1,,0,1000,2,0.795282556335822,0.774385897240856,2.39405390240469,1.37983262556008,5.00468759812473,3.30663956239564,2.55271884024803,2.48297628311117,5.23929100063298,2.65067705635061,5.70031949518902,10.3320523163828,19.3070004543951,0.285955137054463,1.23245888464345,16.4402069279109,38.1184156033095,18.7386921085194,6,0.908114043059206,5.74014174904342,3.14356044736316,2.78445288683483,9.85057646872049,20.6719965726176,1.11803398874989,4.22365324976373,1.49272052410535,Inf,0.295313333333333,0.349,0.005,2.82101445280952,0.234,43.1119226957838,14.9851885928571
aggressiveEgo,training,101,repeated_e1.5_t1.5_y1,1,,0,1000,2,0.770359845084926,0.753703554763544,4.39423592086719,1.30559579357491,12.8876554809942,6.56667451154305,2.25247957506036,4.52680773881936,10.8629999475669,2.61041026683278,5.61817107032305,22.9614663666697,45.3770988713547,0.285955137054463,1.23245888464345,70.804675542774,109.753178563944,73.5586862554103,6,0.878331975855636,11.1336554076989,5.61296160257483,2.76961368593585,27.285813833189,77.0897523170712,1.11803398874989,10.0165209233629,1.29012926039894,Inf,0.296731666666667,0.337,0.005,2.82101445280952,0.234,43.1119226957838,21.3495072018219
aggressiveEgo,training,101,repeated_e1.5_t1.5_y3,1,,0,1000,2,0.769062273559678,0.753811340567017,4.9325163490152,1.24246917489015,15.0098249714761,7.25316207793852,2.27253748303186,5.08950717198264,11.146866129426,2.58624938859902,5.24432081813552,30.8634148101909,78.3562802580523,0.285955137054463,1.23245888464345,86.6276813192346,178.926270975234,89.2244463266256,6,0.854985511690861,12.3369498598533,5.80424872200659,2.63461006673352,38.8549725941047,87.2261638790093,1.11803398874989,14.8235049004466,1.54992693247875,Inf,0.29644,0.335,0.005,2.82101445280952,0.234,43.1119226957838,24.0423200416002
aggressiveEgo,training,101,repeated_e1.5_t3_y0.1,1,,0,1000,2,0.177767692293704,0.19782625393844,1.18458477805289,0.34284329920336,3.87197035865417,1.74063954275675,2.75822418283812,1.02422520867636,2.30357252771826,1.04792515775894,2.1779591855287,6.26208726815344,14.8025242548953,0.285955137054463,1.23245888464345,16.4402069279109,38.1184156033095,18.7386921085194,6,0.196602227592983,4.58201543382629,1.19750527498513,1.02821234784823,5.46817654225805,20.6719965726176,1.11803398874989,5.03219145953354,3.34518047101586,Inf,0.29703,0.335,0.005,2.82101445280952,0.234,43.1119226957838,5.07854479392044
aggressiveEgo,training,101,repeated_e1.5_t3_y1,1,,0,1000,2,0.176636716504153,0.196901328380698,3.46374249954302,0.311251034179426,12.5415597212124,4.95141791312007,2.71067683712655,3.58154174939433,7.6109109839302,1.12392224025094,2.22574936128757,17.7013531223003,36.636388894877,0.285955137054463,1.23245888464345,70.804675542774,109.753178563944,73.5586862554103,6,0.194448349454966,10.9435942473134,4.44882273328926,1.15665359763668,21.1921893045014,77.0897523170712,1.11803398874989,11.5426795815594,2.98821426949129,Inf,0.296618333333333,0.33,0.005,2.82101445280952,0.234,43.1119226957838,12.4697212882903
aggressiveEgo,training,101,repeated_e1.5_t3_y3,1,,0,1000,2,0.166625590485452,0.190083256267721,4.56070257808921,0.283946107106811,14.4249473691503,5.57024406442712,2.13739076401759,4.79191820025138,10.3103152985924,1.00494410451352,1.91068842993284,15.3061263294789,32.3061011569483,0.285955137054463,1.23245888464345,86.6276813192346,178.926270975234,89.2244463266256,6,0.176754235017841,12.2802772241393,5.77834318052683,0.918253904736531,19.0725510433782,87.2261638790093,1.11803398874989,15.4422322921452,2.97855192453918,Inf,0.296335,0.336,0.005,2.82101445280952,0.234,43.1119226957838,14.311317571253
aggressiveEgo,training,101,repeated_e1.5_t6_y0.1,1,,0,1000,2,0.0463555615035526,0.0853525274368228,1.08560965549216,0.118862208741669,3.33597494906982,1.53464638112503,3.12916082099524,0.871118510489744,1.69811244441935,0.320969951685268,0.932110711988136,5.60004604972522,12.0310988794134,0.285955137054463,1.23245888464345,16.4402069279109,38.1184156033095,18.7386921085194,6,0.0495010178652986,4.04608083342428,0.949949436057608,0.335402905593242,6.05933581009908,20.6719965726176,1.11803398874989,6.62981015849146,9.22392706206144,Inf,0.297445,0.339,0.005,2.82101445280952,0.234,43.1119226957838,3.32580184596006
aggressiveEgo,training,101,repeated_e1.5_t6_y1,1,,0,1000,2,0.0477176313508309,0.085922723699616,3.17132185278166,0.12951672334896,12.5354524808095,4.34074166040364,3.14571308921397,3.32794697155574,7.13883961966598,0.405158409324909,1.22406508270105,14.1764788720723,27.7546575354505,0.285955137054463,1.23245888464345,70.804675542774,109.753178563944,73.5586862554103,6,0.0516430191419788,11.2468311809219,4.19173142516688,0.464073017865924,16.6160785155062,77.0897523170712,1.11803398874989,12.5691717320486,9.21493102133514,Inf,0.296143333333333,0.331,0.005,2.82101445280952,0.234,43.1119226957838,9.96836603103424
aggressiveEgo,training,101,repeated_e1.5_t6_y3,1,,0,1000,2,0.0475988042776603,0.0859522110662215,4.28547006175823,0.118782731041395,14.3379352921487,5.14949779876524,2.93448821318803,4.53351769495026,9.98758437282934,0.347079605748462,1.02536460856894,12.7364311017314,28.0228734170194,0.285955137054463,1.23245888464345,86.6276813192346,178.926270975234,89.2244463266256,6,0.0512479921054849,12.2865484346826,5.51657565528715,0.372026201518928,15.5838641112314,87.2261638790093,1.11803398874989,15.8826279420267,9.35490446136897,Inf,0.295606666666667,0.33,0.005,2.82101445280952,0.234,43.1119226957838,12.0903096530234
aggressiveEgo,training,101,repeated_e3_t1.5_y0.1,1,,0,1000,2,0.806292122305477,0.783936861629324,2.37604491788723,1.42498249572187,4.32315494337591,3.41280717040432,2.70564547415448,2.51100799777413,5.2244427302284,2.67746225835843,5.76870657919023,11.1179044200448,23.7077130379863,0.0638449559528561,0.47730020556337,10.7645742250266,22.1945437996672,10.9914676945409,6,0.924900249659461,5.03146074764746,3.12660498484461,2.81928402297755,12.2008575190723,13.1945556917371,1.11803398874989,5.28238964191173,1.53244772636614,Inf,0.296325,0.33,0.005,2.82101445280952,0.234,43.1119226957838,15.308518102612
aggressiveEgo,training,101,repeated_e3_t1.5_y1,1,,0,1000,2,0.784471816147105,0.765138163558348,3.53758988374794,1.34802026477623,8.29729553587502,4.83944196623544,2.40891117181212,3.63291469124253,9.3120373162156,2.66517673941675,5.7315706226621,15.451919921821,26.8141549245839,0.0638449559528561,0.47730020556337,39.8679779877782,78.4190479847605,40.5787296814374,6,0.890098662206051,7.91744252505443,4.56178443271551,2.79213111381939,17.2928398789845,42.7809323196743,1.11803398874989,7.95067036238743,1.59304016698198,Inf,0.29672,0.345,0.005,2.82101445280952,0.234,43.1119226957838,18.2009315283203
aggressiveEgo,training,101,repeated_e3_t1.5_y3,1,,0,1000,2,0.79178164187759,0.772270912341,4.23043071493966,1.34725907169667,10.4785345169283,5.55160190646434,2.48212361727692,4.33633366461298,11.2976257294574,2.70437735236629,5.74624853694668,17.1276759482508,44.9973087215985,0.0638449559528561,0.47730020556337,52.3132382650636,128.167606581739,53.3933230370644,6,0.890908041362708,8.9333024673864,5.46293448320275,2.8002438216222,18.8218407235781,50.3180465576176,1.11803398874989,14.589816155559,1.85983019415849,Inf,0.29607,0.33,0.005,2.82101445280952,0.234,43.1119226957838,20.016018937652
aggressiveEgo,training,101,repeated_e3_t3_y0.1,1,,0,1000,2,0.179518220400735,0.199117235661504,1.12616605394184,0.350379215548363,2.75233096889911,1.31767528223221,2.81511524908291,0.94307677841893,2.23606020572869,1.0531779338797,2.19351208069816,4.15210181896376,8.69802005036958,0.0638449559528561,0.47730020556337,10.7645742250266,22.1945437996672,10.9914676945409,6,0.198871542126893,3.11250967638144,1.16392245254862,1.03435675905924,3.93367662538882,13.1945556917371,1.11803398874989,6.36146496821102,3.32531940745024,Inf,0.29627,0.33,0.005,2.82101445280952,0.234,43.1119226957838,4.51175612463796
aggressiveEgo,training,101,repeated_e3_t3_y1,1,,0,1000,2,0.177914750827181,0.197877057490932,2.09610416625299,0.330095173997045,7.9115447379432,2.99137751063144,2.44746248947872,1.91180665187825,5.28928316344062,1.15176940121802,2.51645484200435,10.5182795120275,20.4207723114478,0.0638449559528561,0.47730020556337,39.8679779877782,78.4190479847605,40.5787296814374,6,0.195248392245399,7.1640342161319,2.33787561661007,1.19260756773622,12.1706078500376,42.7809323196743,1.11803398874989,8.84550009587098,3.26443295664157,Inf,0.295691666666666,0.367,0.005,2.82101445280952,0.234,43.1119226957838,7.70641671443381
aggressiveEgo,training,101,repeated_e3_t3_y3,1,,0,1000,2,0.186043687683747,0.204504148830456,2.98444326804509,0.34271140985983,9.89993820846132,3.99254937510804,2.96500252229351,2.89087353069336,8.32719311725825,1.19584358365146,2.5024192171963,12.8376076227259,29.0203418342578,0.0638449559528561,0.47730020556337,52.3132382650636,128.167606581739,53.3933230370644,6,0.206128644629387,7.80210514844421,3.55898715813266,1.2445130586017,15.1358916564196,50.3180465576176,1.11803398874989,15.2420958151156,3.21095116722061,Inf,0.296343333333333,0.334,0.005,2.82101445280952,0.234,43.1119226957838,10.2097054627694
aggressiveEgo,training,101,repeated_e3_t6_y0.1,1,,0,1000,2,0.0464460281470172,0.0853822265062159,0.857622388675533,0.11886962975594,2.15439820722965,0.864055521350721,3.13310672988699,0.468606669896595,1.39362705023101,0.324358284193188,0.944369697118674,3.18234528715254,7.39607537888459,0.0638449559528561,0.47730020556337,10.7645742250266,22.1945437996672,10.9914676945409,6,0.0495867898076659,2.45199861620922,0.582949478467077,0.340310363637315,3.43395357243299,13.1945556917371,1.11803398874989,8.40414758980312,9.24017498506632,Inf,0.296186666666667,0.337,0.005,2.82101445280952,0.234,43.1119226957838,2.03814267869387
aggressiveEgo,training,101,repeated_e3_t6_y1,1,,0,1000,2,0.0461460215310556,0.0851944668990326,1.71387296554883,0.118727593714533,7.79658426128027,2.54410064899523,3.02498820764808,1.52013659997982,4.34055222994777,0.337251165870617,1.01648688942834,9.34098347305318,16.9795676317577,0.0638449559528561,0.47730020556337,39.8679779877782,78.4190479847605,40.5787296814374,6,0.0490713625804842,7.0487763458525,1.90991203187251,0.360472206639737,10.7923823030816,42.7809323196743,1.11803398874989,10.146987258603,9.17569334106368,Inf,0.297006666666667,0.333,0.005,2.82101445280952,0.234,43.1119226957838,5.36993010988083
aggressiveEgo,training,101,repeated_e3_t6_y3,1,,0,1000,2,0.0490111330764421,0.0864636099278245,2.56377803348906,0.126266987114943,9.95593202946396,3.38853246546832,3.32558076785562,2.43884306459256,7.23909411940647,0.411836546839425,1.18025825641102,11.2069097048362,24.8093439017821,0.0638449559528561,0.47730020556337,52.3132382650636,128.167606581739,53.3933230370644,6,0.0532478474975369,7.86534549669395,3.0104979254166,0.46688461478416,13.0458804727991,50.3180465576176,1.11803398874989,15.4914817382004,9.25137239220803,Inf,0.29727,0.362,0.005,2.82101445280952,0.234,43.1119226957838,7.60917940091679
aggressiveEgo,training,101,repeated_e6_t1.5_y0.1,1,,0,1000,2,0.815212869623061,0.791640251873067,2.06287059211664,1.46362869483316,3.72405735522175,3.45544214982841,2.81533902006556,2.19589437779153,5.16168035446518,2.70107997780565,5.86059223147161,12.0949588173853,23.5770548241949,0.0351333108314658,0.232947892707916,3.90305791304938,8.88935532505663,3.93846563642123,6,0.93570220788526,4.44946041845865,2.70212549470762,2.85073771890128,13.0825346700934,4.82800360648144,1.11803398874989,7.79147313239987,1.58031124552943,Inf,0.2962,0.334,0.005,2.82101445280952,0.234,43.1119226957838,14.9629092152907
aggressiveEgo,training,101,repeated_e6_t1.5_y1,1,,0,1000,2,0.801493210455943,0.77939556103613,2.81428965823279,1.40257177007765,4.74959985626627,3.91009548147641,2.67081767319154,2.96351837408191,6.63016669171946,2.68244607487129,5.73567736175503,13.0107169425261,30.0377579504102,0.0351333108314658,0.232947892707916,19.056910440488,34.9566194247953,19.2619632052873,6,0.910867876249258,5.78610933901114,3.67194431801616,2.79023235605822,14.7587562761586,22.038696552272,1.11803398874989,7.36765617769239,1.74992728557277,Inf,0.295486666666667,0.334,0.005,2.82101445280952,0.234,43.1119226957838,16.5441122412285
aggressiveEgo,training,101,repeated_e6_t1.5_y3,1,,0,1000,2,0.816876799023307,0.792997177958063,3.49554965922079,1.40784942009767,5.56820511818071,4.29844657332752,2.76718208699057,3.4244355615732,9.15881136738918,2.74856903712113,5.73250847315361,13.663192772904,29.8236492850795,0.0351333108314658,0.232947892707916,23.6425997094716,49.4361464278261,23.9293700183658,6,0.915140135511536,6.26392057266217,4.30090412229627,2.80246689181445,15.2538750433253,26.0719598988284,1.11803398874989,28.4569177107521,2.17066673457297,Inf,0.29603,0.341,0.005,2.82101445280952,0.234,43.1119226957838,17.7502776679603
aggressiveEgo,training,101,repeated_e6_t3_y0.1,1,,0,1000,2,0.179916022005918,0.199526899293839,0.931158689928138,0.356462735205219,1.65748903815911,1.22927261638424,2.84476936644405,0.755021835180732,1.62314229623376,1.05532681158369,2.2198581855793,4.24987418933136,8.52971808922711,0.0351333108314658,0.232947892707916,3.90305791304938,8.88935532505663,3.93846563642123,6,0.199887614365414,2.01251765541083,0.869523636869671,1.04007989493843,4.45471517524699,4.82800360648144,1.11803398874989,9.27119759324741,3.28598363503496,Inf,0.295323333333333,0.343,0.005,2.82101445280952,0.234,43.1119226957838,4.15917872828691
aggressiveEgo,training,101,repeated_e6_t3_y1,1,,0,1000,2,0.177640957824401,0.197688234482614,1.47559020039994,0.343903614238271,3.80578935458463,1.69102976634033,2.68369075152959,1.25633525293724,3.39039466276639,1.05877829266844,2.22401329479628,5.3008745618429,13.3150373513864,0.0351333108314658,0.232947892707916,19.056910440488,34.9566194247953,19.2619632052873,6,0.196318035698357,4.40454688188254,1.49690914601193,1.04438904938032,6.30524284783292,22.038696552272,1.11803398874989,7.53918937969576,3.23630130019527,Inf,0.295298333333333,0.417,0.005,2.82101445280952,0.234,43.1119226957838,5.34925499648708
aggressiveEgo,training,101,repeated_e6_t3_y3,1,,0,1000,2,0.179707823811036,0.199584546548816,2.03157259231484,0.345892050857949,4.63908414411554,2.15367076194026,2.64936521894169,1.72073447377986,5.39083934900701,1.08613870087501,2.30467310773667,6.37543505615821,16.8938472581785,0.0351333108314658,0.232947892707916,23.6425997094716,49.4361464278261,23.9293700183658,6,0.198530996805612,4.92677067522486,2.15843163957007,1.08174547951689,7.67449924613359,26.0719598988284,1.11803398874989,27.6664562986765,3.40126604748213,Inf,0.29565,0.353,0.005,2.82101445280952,0.234,43.1119226957838,6.51363419690172
aggressiveEgo,training,101,repeated_e6_t6_y0.1,1,,0,1000,2,0.0464224811014661,0.0855649225513337,0.723782432790234,0.118796222161357,0.912691963815608,0.424764533149045,3.12230937134209,0.271790077830559,0.791607884170103,0.327515047008299,0.957792979761974,1.43045485992828,3.90010978216843,0.0351333108314658,0.232947892707916,3.90305791304938,8.88935532505663,3.93846563642123,6,0.049514878358035,1.07177221883297,0.2946802572267,0.344379935710298,1.44770229161626,4.82800360648144,1.11803398874989,12.329704554869,9.59280121961877,Inf,0.295661666666666,0.347,0.005,2.82101445280952,0.234,43.1119226957838,1.29389593866144
aggressiveEgo,training,101,repeated_e6_t6_y1,1,,0,1000,2,0.0464370435883388,0.0854427442394922,1.15061603371959,0.118729084362849,3.6248666795649,1.22615125630155,3.10147957704752,0.744409910062231,2.60647791868384,0.323547509806311,0.943651308643322,4.32563696146125,9.34836045543208,0.0351333108314658,0.232947892707916,19.056910440488,34.9566194247953,19.2619632052873,6,0.0494481084526136,3.89075949073509,0.890414670851866,0.336928839220996,5.40254730249283,22.038696552272,1.11803398874989,10.8433719227811,9.45874323932069,Inf,0.295806666666667,0.345,0.005,2.82101445280952,0.234,43.1119226957838,2.8183176483001
aggressiveEgo,training,101,repeated_e6_t6_y3,1,,0,1000,2,0.0464509904672248,0.0849548906876862,1.63721768566563,0.118830437510562,4.50393541034012,1.64608654163183,3.0367638470684,1.17137208737138,3.99462486488756,0.330512001092216,0.965732723765262,5.33795137248431,13.1315211373328,0.0351333108314658,0.232947892707916,23.6425997094716,49.4361464278261,23.9293700183658,6,0.04937350513374,4.4455374042717,1.46472554069969,0.344968912729163,6.7199374551135,26.0719598988284,1.11803398874989,25.7379875710677,9.19158060678967,11.94,0.297186666666666,0.348,0.005,2.82101445280952,0.234,43.1119226957838,3.87484435391187
aggressiveEgo,training,102,lmi_e1.5_t1.5_y0.1,1,,0,1000,2,0.0583683006699239,0.138333863095541,1.03817089003375,0.126647933100753,1.11226526529907,0.477268731765098,2.49443307817691,0.238082378069578,0.800636915883169,0.253365243791176,0.772188907944208,1.81127144279437,4.59097469583143,0.0362021945382422,0.265991863373869,5.42625106225644,12.388224933692,5.46754875744912,6,0.0609675393286504,1.32749999676336,0.230035562656665,0.249438244332385,1.86270880507259,6.78527954725821,1.11803398874989,15.0297476501445,8.21091250051958,Inf,0.297133333333333,0.843,0.005,2.82101445280952,0.234,43.1119226957838,1.42210205139727
aggressiveEgo,training,102,lmi_e1.5_t1.5_y1,1,,0,1000,2,0.0578718605880972,0.137960184539722,1.47851986877091,0.126307621482607,4.33317963672199,1.72184374738896,2.38971126295247,0.928941252253229,2.81223222462641,0.255665287005062,0.770789674218104,6.55495733733082,15.496395328784,0.0362021945382422,0.265991863373869,24.6907310551211,45.6084816569902,24.7866780800587,6,0.0599215661769928,5.13277327132782,1.1576492773834,0.252147994072966,8.26738460100065,30.5721506609819,1.11803398874989,13.1370583212278,8.21428815388091,Inf,0.297686666666667,0.334,0.005,2.82101445280952,0.234,43.1119226957838,3.74759257785359
aggressiveEgo,training,102,lmi_e1.5_t1.5_y3,1,,0,1000,2,0.0590122111091053,0.137764171000982,1.96273674304747,0.126640358148812,7.83827943467681,2.43315358257784,2.33079311451364,1.56773708722443,5.11772214589472,0.269061323294122,0.772968682258695,8.59260814356372,20.3646064515134,0.0362021945382422,0.265991863373869,39.9049909754448,140.053011345445,40.0250406681639,6,0.0612781245208958,5.82503904897308,1.90650654118559,0.271074106859938,9.80402868537913,35.8291596309726,1.11803398874989,25.8868575980806,8.69617397057487,Inf,0.296636666666667,0.336,0.005,2.82101445280952,0.234,43.1119226957838,5.44411791425266
aggressiveEgo,training,102,lmi_e1.5_t3_y0.1,1,,0,1000,2,0.0562215871190268,0.113426655329293,0.920871233642619,0.130960207193034,1.31082435076589,0.91900562531666,3.74890599132522,0.590613142322921,1.68952615170459,0.554695807859952,1.66113400309481,3.0745526013538,10.0099009171596,0.0362021945382422,0.265991863373869,5.42625106225644,12.388224933692,5.46754875744912,6,0.0570397755324301,1.47555988930756,0.575137962669013,0.5882479589572,3.38145265921215,6.78527954725821,1.11803398874989,19.9942173040303,35.2980203772402,Inf,0.297228333333333,0.325,0.005,2.82101445280952,0.234,43.1119226957838,2.35835267610687
aggressiveEgo,training,102,lmi_e1.5_t3_y1,1,,0,1000,2,0.0561286948856024,0.113589016348417,1.28385906745504,0.131551360089851,4.39538280410453,1.90861852535157,3.72531115823935,1.05320681159502,3.61033860330004,0.554209333661255,1.64119800083516,7.17715935281539,20.4058618369434,0.0362021945382422,0.265991863373869,24.6907310551211,45.6084816569902,24.7866780800587,6,0.0568772697543084,5.15079860302076,1.24247682560438,0.58743438217027,8.94160229664075,30.5721506609819,1.11803398874989,18.7686845030982,35.4970403496014,Inf,0.296815,0.338,0.005,2.82101445280952,0.234,43.1119226957838,4.10313244260915
aggressiveEgo,training,102,lmi_e1.5_t3_y3,1,,0,1000,2,0.0561140270288775,0.114405715230254,1.83725894643367,0.130598340566621,7.87955595883132,2.52624319169327,3.66925640217521,1.60264580869642,5.33346164581282,0.554243716676037,1.66544852410512,8.98730923564184,24.4221523215363,0.0362021945382422,0.265991863373869,39.9049909754448,140.053011345445,40.0250406681639,6,0.0568477411130586,5.87782471802092,1.90322744220918,0.587647872305553,10.243746742061,35.8291596309726,1.11803398874989,30.9071016757855,36.1221458549373,Inf,0.296201666666667,0.337,0.005,2.82101445280952,0.234,43.1119226957838,5.56389373480998
aggressiveEgo,training,102,lmi_e1.5_t6_y0.1,1,,0,1000,2,0.0923338849938528,0.125309704991897,2.09469630072455,0.212833193337197,2.78066797094301,2.63661976886087,14.5108649455907,1.78396899190552,4.88410054176081,1.87137056465423,5.05444728883536,8.52244347432397,29.2697434043135,0.0362021945382422,0.265991863373869,5.42625106225644,12.388224933692,5.46754875744912,6,0.0943871147161644,2.92155727268013,1.96951604478888,1.96144533297821,8.19414100641585,6.78527954725821,1.11803398874989,34.7723313670614,163.061333823352,Inf,0.29601,0.416,0.005,2.82101445280952,0.234,43.1119226957838,6.19576552861436
aggressiveEgo,training,102,lmi_e1.5_t6_y1,1,,0,1000,2,0.092305303119333,0.12592387922171,2.26000052433161,0.212923097328702,5.01495904485275,3.1450906562448,14.4879933284304,1.9046132490344,6.62227304086333,1.87258914174189,5.07156024480311,11.1010614781679,33.5207118548539,0.0362021945382422,0.265991863373869,24.6907310551211,45.6084816569902,24.7866780800587,6,0.0943656065608697,5.70523416407054,2.1236552591474,1.96419247477971,12.2621118210897,30.5721506609819,1.11803398874989,34.3168700648177,163.035014054924,Inf,0.296325,0.32,0.005,2.82101445280952,0.234,43.1119226957838,6.95249182489571
aggressiveEgo,training,102,lmi_e1.5_t6_y3,1,,1,1000,2,1.27321047944067e+29,1.16247020780441e+29,1.6538596108835e+31,1.31623891081298e+30,1.81141105721553e+31,1.81141105721553e+31,3.23722432977388e+33,1.81141105721553e+31,1.87277256605971e+32,1.8121013714906e+31,1.87342375759706e+32,104.136856868015,179.950271017375,0.0362021945382422,0.265991863373869,39.9049909754448,140.053011345445,40.0250406681639,6,1.64261513338467e+29,2.33696726771342e+31,2.33696726771342e+31,2.33785786725948e+31,103.912317554791,35.8291596309726,11191.9640471287,1683453.18681029,322064020.053352,Inf,0.294958333333333,0.343,0.005,2.82101445280952,0.234,43.1119226957838,Inf
aggressiveEgo,training,102,lmi_e3_t1.5_y0.1,1,,0,1000,2,0.0584270843593095,0.138490583292063,0.876792943337721,0.126987271804365,0.925986901983284,0.831033351005032,2.48682991363901,0.562039220359071,1.73514619585793,0.253814430537931,0.774208388385133,2.68725921034272,7.89521759267505,0.0542593465571108,0.770832297162629,1.98189648516461,4.3970154849117,3.45709646079151,6,0.0610708497796347,0.994142394267326,0.590109725641599,0.250305737362761,2.75081164112458,2.51183278218986,1.11803398874989,22.3396546221877,8.34547295612306,11.88,0.296981666666667,0.329,0.005,2.82101445280952,0.234,43.1119226957838,2.24580112637978
aggressiveEgo,training,102,lmi_e3_t1.5_y1,1,,0,1000,2,0.0584937816632661,0.138460673230997,1.0073778438699,0.127087905133677,2.0976820159985,1.04033579163175,2.4759440367699,0.682805495193894,2.12374009951291,0.253888834099966,0.774792002455785,3.48051897762421,10.5380165940097,0.0542593465571108,0.770832297162629,9.05977664916283,19.8838972062558,9.53516350551936,6,0.0609555461798948,1.80652690564455,0.742710658649475,0.249704267154433,3.72905992434396,9.16948268610579,1.11803398874989,20.7762245339105,8.36891131257202,11.88,0.299965,0.339,0.005,2.82101445280952,0.234,43.1119226957838,2.64665260254529
aggressiveEgo,training,102,lmi_e3_t1.5_y3,1,,0,1000,2,0.0585898867081225,0.138376640229605,1.26466967130681,0.127091488139304,3.86535658076229,1.45081918529367,2.44424251103929,0.945107429926352,3.3212620132245,0.25523076959655,0.775114485022073,4.98261382775782,16.4167583848536,0.0542593465571108,0.770832297162629,17.3864305414279,54.5400859647643,17.6243079561088,6,0.0608990791014448,2.77263994102128,1.10940735306269,0.251490258868003,5.33145246278168,15.732996028459,1.11803398874989,17.7553558576479,8.36655661321094,11.98,0.297655,0.328,0.005,2.82101445280952,0.234,43.1119226957838,3.47263649248549
aggressiveEgo,training,102,lmi_e3_t3_y0.1,1,,0,1000,2,0.056238527908103,0.113048535725489,1.81456585816481,0.131121069040602,1.2721397745098,1.2201324842185,3.74838254146558,0.780707478376182,2.51354119120062,0.554811120694803,1.66187468522627,4.11462137544328,14.1763160596387,0.0542593465571108,0.770832297162629,1.98189648516461,4.3970154849117,3.45709646079151,6,0.057063852873099,1.3257009445354,0.715872226132785,0.58839537005474,4.44876569600159,2.51183278218986,1.11803398874989,30.4978037902636,34.2518641297336,11.96,0.297203333333333,0.342,0.005,2.82101445280952,0.234,43.1119226957838,2.94672451092205
aggressiveEgo,training,102,lmi_e3_t3_y1,1,,0,1000,2,0.0562247547717636,0.11302143052465,1.8400927371645,0.131583367903648,2.27855088575279,1.36541567323482,3.75529891453848,0.852444073575218,2.62813776479961,0.554555812843971,1.65451556789814,4.70592881188888,15.6526648070879,0.0542593465571108,0.770832297162629,9.05977664916283,19.8838972062558,9.53516350551936,6,0.0570259407401606,2.02911620240232,0.825056748209482,0.587968295290869,5.13893366504703,9.16948268610579,1.11803398874989,29.1972117443172,34.4045131490868,11.92,0.298331666666667,0.334,0.005,2.82101445280952,0.234,43.1119226957838,3.20832145724585
aggressiveEgo,training,102,lmi_e3_t3_y3,1,,0,1000,2,0.0562087751010765,0.113011730451812,1.89591831355187,0.131931218993023,3.96897341801224,1.67311427120992,3.73459015774806,1.0405784934412,3.752428622286,0.554657558855872,1.65236935915272,5.87178888366101,18.2678382568881,0.0542593465571108,0.770832297162629,17.3864305414279,54.5400859647643,17.6243079561088,6,0.0570026442944301,2.92426220689779,1.11831120250424,0.588027505722739,6.37693302563367,15.732996028459,1.11803398874989,26.3674194919311,34.7127774219999,11.98,0.298763333333333,0.338,0.005,2.82101445280952,0.234,43.1119226957838,3.81760251462537
aggressiveEgo,training,102,lmi_e3_t6_y0.1,1,,0,1000,2,0.0923272609680689,0.126009700759953,2.51369654703473,0.212734376756355,2.75283584516358,2.73414130086703,14.5039813421494,1.85760638735324,4.96764872915003,1.87092717331619,5.04427276985068,8.87255820682398,28.7338383695295,0.0542593465571108,0.770832297162629,1.98189648516461,4.3970154849117,3.45709646079151,6,0.0943751460910514,2.83313689926638,2.05240178742083,1.96091121697958,8.39794181010287,2.51183278218986,1.11803398874989,43.9514612241811,158.241431129799,Inf,0.299081666666667,0.376,0.005,2.82101445280952,0.234,43.1119226957838,6.41299702575197
aggressiveEgo,training,102,lmi_e3_t6_y1,1,,0,1000,2,0.0923175618145707,0.126202894321304,2.49583780012631,0.212594123197919,3.33987775710174,2.79497500852583,14.5252769070478,1.83987811731989,5.11358854278132,1.87095165500843,5.05962366824136,9.29934497598173,28.8305735779499,0.0542593465571108,0.770832297162629,9.05977664916283,19.8838972062558,9.53516350551936,6,0.0943854714768671,3.22566311837611,2.03891687363762,1.96212449194283,8.94328574295497,9.16948268610579,1.11803398874989,42.9469504917841,158.454935593668,Inf,0.299231666666667,0.365,0.005,2.82101445280952,0.234,43.1119226957838,6.46280084798184
aggressiveEgo,training,102,lmi_e3_t6_y3,1,,0,1000,2,0.0922990119080331,0.127043305096583,2.50583057404737,0.2125679492732,4.66344580690948,2.93779651737556,14.5202040118095,1.90281646779512,5.23445276589186,1.87116438689719,5.06962524345283,9.93403417464986,28.6616057235956,0.0542593465571108,0.770832297162629,17.3864305414279,54.5400859647643,17.6243079561088,6,0.0943920416898885,3.90606778375967,2.11266809457511,1.96311954205369,9.81706361000625,15.732996028459,1.11803398874989,41.1868893681245,158.865222973775,Inf,0.297331666666667,0.338,0.005,2.82101445280952,0.234,43.1119226957838,6.71542988960054
aggressiveEgo,training,102,lmi_e6_t1.5_y0.1,1,,0,1000,2,0.0583937338133947,0.138231186196604,2.42349468506436,0.12681329972619,2.69501038267923,2.66126880268378,2.48313156287611,1.84519008289049,6.78498077735545,0.253609643373885,0.773137747419567,8.42088656917571,24.0934767628751,0.0935019303629688,2.63996909607044,2.94473969207016,5.78667194319529,10.4209695538033,6,0.0610125584712394,2.8922402798595,2.08011735592882,0.25005330030932,8.45400022080132,3.72532010981527,1.11803398874989,40.0152026211451,8.09660997053217,Inf,0.295996666666667,0.337,0.005,2.82101445280952,0.234,43.1119226957838,5.95849481775006
aggressiveEgo,training,102,lmi_e6_t1.5_y1,1,,0,1000,2,0.0583076140186423,0.138212373217736,2.47308120044281,0.125544950796213,3.79709566847986,2.83274275494788,2.47741693416101,1.92523030975187,7.72334035908563,0.253309663707835,0.76688462344189,9.08122804323519,27.3059917918988,0.0935019303629688,2.63996909607044,13.7142287583479,28.3440035110093,16.8651122172741,6,0.0607856449565011,3.95843575021269,2.19172090146376,0.249865272818421,9.34828509534619,15.5782909365344,1.11803398874989,39.365714196466,8.08795830791383,Inf,0.296186666666667,0.327,0.005,2.82101445280952,0.234,43.1119226957838,6.24978236833721
aggressiveEgo,training,102,lmi_e6_t1.5_y3,1,,0,1000,2,0.0579560623424606,0.138085410651013,2.57083353909705,0.121988832597781,6.38793684231457,3.33594088931642,2.48148185921794,2.07326815380575,8.80896395000337,0.250751101873021,0.751283495491473,11.2292603600817,35.4881385914406,0.0935019303629688,2.63996909607044,29.3338364429778,97.303596424174,30.8329276825369,6,0.0601163115317833,6.53757605789637,2.38512334877252,0.24511650126004,12.4283184687857,32.8456265613506,1.11803398874989,37.851906625444,8.09592039244249,Inf,0.29576,0.338,0.005,2.82101445280952,0.234,43.1119226957838,6.97194900305245
aggressiveEgo,training,102,lmi_e6_t3_y0.1,1,,0,1000,2,0.0562229017455726,0.112737456558858,2.79914053255964,0.130854061185283,2.76051323531226,2.72295126179648,3.74574809203924,1.89521099445949,7.30134227494425,0.554534515283728,1.66018448363252,8.59557061811625,25.1175449002927,0.0935019303629688,2.63996909607044,2.94473969207016,5.78667194319529,10.4209695538033,6,0.0570370079517565,2.96469840554047,2.12453922822415,0.587954742764693,8.68788770087038,3.72532010981527,1.11803398874989,47.9992300294548,33.0288511255959,Inf,0.297481666666667,0.447,0.005,2.82101445280952,0.234,43.1119226957838,6.07176512999795
aggressiveEgo,training,102,lmi_e6_t3_y1,1,,0,1000,2,0.0562434503343552,0.112815286114039,2.83710585293533,0.13045546319865,3.84220671315524,2.89497035699209,3.73652413373028,1.97614571363914,8.2348994379437,0.554805319510428,1.66528322080529,9.26862808310418,25.7234979867615,0.0935019303629688,2.63996909607044,13.7142287583479,28.3440035110093,16.8651122172741,6,0.0570650625252722,3.99599323580588,2.24480753002125,0.588390497970814,9.53793703877412,15.5782909365344,1.11803398874989,46.9089447249465,33.1623607595392,Inf,0.297343333333333,0.353,0.005,2.82101445280952,0.234,43.1119226957838,6.36845154724266
aggressiveEgo,training,102,lmi_e6_t3_y3,1,,0,1000,2,0.0562510475936744,0.11286228866117,2.89412041253213,0.130696796093895,6.3959058062092,3.41534478014051,3.72666409040709,2.11553082463915,9.08541246998184,0.554876485615389,1.6598081338016,11.5300954786437,38.417902850792,0.0935019303629688,2.63996909607044,29.3338364429778,97.303596424174,30.8329276825369,6,0.0570656845851296,6.51374502638997,2.4246043085983,0.588327077034569,12.782002095574,32.8456265613506,1.11803398874989,44.6425896295281,33.4364541250913,Inf,0.296673333333333,0.467,0.005,2.82101445280952,0.234,43.1119226957838,7.09959122094377
aggressiveEgo,training,102,lmi_e6_t6_y0.1,1,,0,1000,2,0.0922221167276969,0.124449131863157,4.80480191848471,0.212077442325564,3.96178817989477,3.93400518147691,14.4466756915272,2.69617572147881,8.2590515398964,1.86765849813665,5.01767267125197,12.7192978902665,39.8074067971619,0.0935019303629688,2.63996909607044,2.94473969207016,5.78667194319529,10.4209695538033,6,0.0941981346312076,4.1822165264749,3.03325806407118,1.95544643259611,12.4759951906463,3.72532010981527,1.11803398874989,67.9686768585186,152.475271108929,Inf,0.29819,0.361,0.005,2.82101445280952,0.234,43.1119226957838,8.8584321882879
aggressiveEgo,training,102,lmi_e6_t6_y1,1,,0,1000,2,0.0922127705224295,0.124406580539884,4.82726445546266,0.212670343699145,4.77581390713913,4.05799612561374,14.4271701900842,2.80499112817752,8.15211127958366,1.8671983869241,5.01919289182476,12.9828962579384,38.4802910614041,0.0935019303629688,2.63996909607044,13.7142287583479,28.3440035110093,16.8651122172741,6,0.0941587919632157,4.97690252721613,3.19344560707359,1.95449595243468,12.7877633574721,15.5782909365344,1.11803398874989,67.0515592175738,152.80535518203,Inf,0.299346666666667,0.364,0.005,2.82101445280952,0.234,43.1119226957838,9.12868921316702
aggressiveEgo,training,102,lmi_e6_t6_y3,1,,0,1000,2,0.0922506178292276,0.124366482612369,4.82557174132493,0.213290721038304,6.98629143990018,4.46934620626126,14.3820512671294,2.95954672849375,9.7715171915155,1.86866964081323,5.02412195774769,14.7500268049092,45.6483257936634,0.0935019303629688,2.63996909607044,29.3338364429778,97.303596424174,30.8329276825369,6,0.0941944588764138,7.1562682726449,3.39382454941478,1.95622327135097,15.5413474349546,32.8456265613506,1.11803398874989,64.8349022090964,153.555894739426,Inf,0.303398333333333,0.531,0.005,2.82101445280952,0.234,43.1119226957838,9.79160499626162
aggressiveEgo,training,102,repeated_e1.5_t1.5_y0.1,1,,0,1000,2,0.786368649444562,0.767507442913414,2.3426478427411,1.36027629629352,4.92367271745198,3.23326566010551,2.55701742178471,2.42358200599729,5.02891242632694,2.63587913554371,5.68767853692154,10.0821222858075,18.5497027108774,0.284367586950771,1.23271426928974,15.8178623601159,37.1093289456693,18.0845318797386,6,0.897009425921295,5.65759996202226,3.07202898947141,2.76904618771476,9.45778771736708,19.7677103217532,1.11803398874989,4.19480993931659,1.51761498024073,Inf,0.298471666666666,0.375,0.005,2.82101445280952,0.234,43.1119226957838,14.7272749636017
aggressiveEgo,training,102,repeated_e1.5_t1.5_y1,1,,0,1000,2,0.760589723063929,0.746098431506788,4.38580476793211,1.277057008504,12.7183982925853,6.53699556105497,2.24704007642382,4.51472799077074,10.8526549614618,2.595452887981,5.58213803337271,22.7929614937225,45.1599941729311,0.284367586950771,1.23271426928974,70.1753566606126,109.585340402457,72.9344589867485,6,0.865903125161145,11.1304573170564,5.60916288685979,2.75368949566491,27.1396089330342,77.064517180239,1.11803398874989,10.0790326002428,1.3143443663204,Inf,0.301258333333333,0.374,0.005,2.82101445280952,0.234,43.1119226957838,21.1939455109253
aggressiveEgo,training,102,repeated_e1.5_t1.5_y3,1,,0,1000,2,0.759520528591214,0.746466558132886,4.92556848674476,1.23369785790738,14.9964185809524,7.2459328491012,2.26640795672642,5.08407519844388,11.1346527583461,2.57729408362202,5.23069584229376,30.8717777872412,78.3432943515203,0.284367586950771,1.23271426928974,86.6111432424372,179.575880122854,89.1986290805789,6,0.843324972837599,12.344134801424,5.80438535765401,2.62597619444945,38.8627843665281,87.2523837741892,1.11803398874989,15.0280020296182,1.59214194992206,Inf,0.300341666666667,0.398,0.005,2.82101445280952,0.234,43.1119226957838,23.9377112402481
aggressiveEgo,training,102,repeated_e1.5_t3_y0.1,1,,0,1000,2,0.176545807857063,0.197035344289288,1.15713495941945,0.352458164943721,3.77986100601009,1.70723047451799,2.7624636779068,0.982174897556712,2.25611879539699,1.03509023579436,2.11448861354432,6.20201224913508,14.9915074621242,0.284367586950771,1.23271426928974,15.8178623601159,37.1093289456693,18.0845318797386,6,0.192760329091412,4.47493320187369,1.14141601407592,1.00717535434421,5.36595851800575,19.7677103217532,1.11803398874989,5.08747484810252,3.35646032060974,Inf,0.299186666666666,0.383,0.005,2.82101445280952,0.234,43.1119226957838,4.97021032351107
aggressiveEgo,training,102,repeated_e1.5_t3_y1,1,,0,1000,2,0.173962813790282,0.19509630998662,3.45602741324109,0.307251238739773,12.3753530883818,4.92818745602814,2.7031686411527,3.57086320356887,7.58328898871295,1.10865551103419,2.15090821970551,17.6008041294387,36.5502173430311,0.284367586950771,1.23271426928974,70.1753566606126,109.585340402457,72.9344589867485,6,0.188824824882425,10.9486887198291,4.44444040325978,1.13483054652688,21.1093172366591,77.064517180239,1.11803398874989,11.4621787353819,3.04010546981013,Inf,0.29886,0.37,0.005,2.82101445280952,0.234,43.1119226957838,12.4015153709283
aggressiveEgo,training,102,repeated_e1.5_t3_y3,1,,0,1000,2,0.163698296571877,0.188216359298849,4.55825458741569,0.277386522565425,14.4158871457777,5.56214093720232,2.12067181695339,4.79126987959979,10.2903447600474,0.99342372768037,1.90877881998622,15.1640385145194,31.8671087270171,0.284367586950771,1.23271426928974,86.6111432424372,179.575880122854,89.1986290805789,6,0.170547115375636,12.2978141086465,5.7824426530583,0.899773628200358,18.8766877609419,87.2523837741892,1.11803398874989,15.6644811583376,3.03111832402799,Inf,0.300306666666666,0.439,0.005,2.82101445280952,0.234,43.1119226957838,14.2523304278222
aggressiveEgo,training,102,repeated_e1.5_t6_y0.1,1,,0,1000,2,0.046554815767109,0.0862217761686596,1.07530931081499,0.0940376532274138,3.25058423644739,1.51164605081211,3.12150119943909,0.85731339361712,1.55159759547207,0.30793710995945,0.783162453692591,5.51551560735168,11.6281160881583,0.284367586950771,1.23271426928974,15.8178623601159,37.1093289456693,18.0845318797386,6,0.047116447326019,3.93069710759748,0.926184615943564,0.313247090996234,5.94048906175042,19.7677103217532,1.11803398874989,6.46235479718658,8.65292862545619,Inf,0.300801666666667,0.377,0.005,2.82101445280952,0.234,43.1119226957838,3.28327806637567
aggressiveEgo,training,102,repeated_e1.5_t6_y1,1,,0,1000,2,0.0486337351747827,0.0871427919686844,3.16126878284859,0.106317470781985,12.3756239718128,4.31949052627103,3.13456523313207,3.31604773472228,7.25956996336891,0.390935074767288,1.05096560739995,14.0819598131459,27.3149332243957,0.284367586950771,1.23271426928974,70.1753566606126,109.585340402457,72.9344589867485,6,0.0504414618089705,11.2572459518679,4.1839034301043,0.442411852362077,16.5337781907706,77.064517180239,1.11803398874989,12.39633177968,8.64935097891315,Inf,0.301503333333333,0.384,0.005,2.82101445280952,0.234,43.1119226957838,9.93482478382157
aggressiveEgo,training,102,repeated_e1.5_t6_y3,1,,0,1000,2,0.0474398989716134,0.0868786574081482,4.28889100198146,0.0938886076210221,14.3349207073517,5.14574853694586,2.92439499347352,4.53836454329002,10.110603557514,0.336197372693444,0.833406280366788,12.5800777434105,27.6949574378332,0.284367586950771,1.23271426928974,86.6111432424372,179.575880122854,89.1986290805789,6,0.0483394892876882,12.3071662383007,5.52377568589022,0.354227198090355,15.3629231738708,87.2523837741892,1.11803398874989,16.0529051800829,8.75487586225353,Inf,0.305713333333333,0.512,0.005,2.82101445280952,0.234,43.1119226957838,12.0671436249783
aggressiveEgo,training,102,repeated_e3_t1.5_y0.1,1,,0,1000,2,0.797261290836249,0.776951698019817,2.35913117081275,1.40351169660185,4.29325430162283,3.39111514797342,2.69765037596291,2.49060687078384,5.28867814670714,2.66282557390238,5.75359178747153,11.0519778827261,23.6516821311852,0.0616781035988939,0.47901671151757,10.5613467382133,22.0102524701478,10.7925190668221,6,0.913734102756815,4.99814827028923,3.10514299072412,2.8042135635588,12.1011667887389,12.9660958642763,1.11803398874989,5.23611971215597,1.55496482040242,Inf,0.299145,0.394,0.005,2.82101445280952,0.234,43.1119226957838,15.1642222264754
aggressiveEgo,training,102,repeated_e3_t1.5_y1,1,,0,1000,2,0.774795304153675,0.757575498214729,3.53567428721946,1.31777355527458,8.26865483981852,4.81876094335168,2.4012040605453,3.62566457246699,9.26266725099702,2.64908636403531,5.70641310959674,15.3566910013013,25.9765870691509,0.0616781035988939,0.47901671151757,39.6682370629507,79.9607182270132,40.3859794510774,6,0.877926501443664,7.91399116131301,4.55771604590282,2.77489035379761,17.1616862863176,42.6192225058742,1.11803398874989,8.10624242881858,1.61416550828071,Inf,0.297941666666667,0.385,0.005,2.82101445280952,0.234,43.1119226957838,18.070620386731
aggressiveEgo,training,102,repeated_e3_t1.5_y3,1,,0,1000,2,0.782679641688349,0.76522793671305,4.23437682457995,1.31694435499834,10.4602109320195,5.54294409205625,2.47726085079553,4.33884327121144,11.2761923647105,2.6916634817691,5.72563317593726,17.0503055619525,44.9865929240624,0.0616781035988939,0.47901671151757,52.2969211541665,131.531581489174,53.3761827531298,6,0.879290918452202,8.92754613258903,5.45856638098879,2.7859376751551,18.76540768169,50.2075313719534,1.11803398874989,14.8902791856015,1.88834051243385,Inf,0.297285,0.399,0.005,2.82101445280952,0.234,43.1119226957838,19.9145440716969
aggressiveEgo,training,102,repeated_e3_t3_y0.1,1,,0,1000,2,0.178268168548856,0.198311822346929,1.11748561682498,0.358825620213754,2.72102498327016,1.30837778981354,2.8073731846361,0.921119179806975,2.18234837327944,1.04160917531779,2.13223983922185,4.18358142059368,9.25147207306503,0.0616781035988939,0.47901671151757,10.5613467382133,22.0102524701478,10.7925190668221,6,0.195029512343627,3.07607288424851,1.14183849068424,1.01570200873264,3.91096821649681,12.9660958642763,1.11803398874989,6.32076519456807,3.3394312528783,Inf,0.297248333333333,0.381,0.005,2.82101445280952,0.234,43.1119226957838,4.46163632922125
aggressiveEgo,training,102,repeated_e3_t3_y1,1,,0,1000,2,0.175243849879094,0.196022184794773,2.09775515800106,0.316972605904401,7.88272988232305,2.97712497595488,2.43831273037228,1.90766710578291,5.29105464776597,1.13738492616213,2.46096313118695,10.4509061918408,20.9247364676643,0.0616781035988939,0.47901671151757,39.6682370629507,79.9607182270132,40.3859794510774,6,0.189234245411682,7.15589614729121,2.334936540289,1.17047438677588,12.0758320651827,42.6192225058742,1.11803398874989,9.07944067714362,3.26717572361545,Inf,0.296765,0.405,0.005,2.82101445280952,0.234,43.1119226957838,7.65795394872492
aggressiveEgo,training,102,repeated_e3_t3_y3,1,,0,1000,2,0.183428827293775,0.202700260352363,2.98169952277613,0.343513540985572,9.88053811850495,3.98666432358657,2.96720547945479,2.890188288819,8.42484154032392,1.18203827391854,2.42698247592259,12.8058692197914,29.0010924117163,0.0616781035988939,0.47901671151757,52.2969211541665,131.531581489174,53.3761827531298,6,0.200492236772103,7.79343441776984,3.55071379122297,1.22382088436219,15.138703217258,50.2075313719534,1.11803398874989,15.550027253214,3.23668593581962,Inf,0.298245,0.402,0.005,2.82101445280952,0.234,43.1119226957838,10.175838694534
aggressiveEgo,training,102,repeated_e3_t6_y0.1,1,,0,1000,2,0.0467482545015773,0.086303216895288,0.854581015920638,0.0942509841041488,2.12453647683062,0.856178241550002,3.12373411992906,0.448147062876666,1.34781513257865,0.311203253008954,0.789406877401497,3.19942072758439,7.22464371084588,0.0616781035988939,0.47901671151757,10.5613467382133,22.0102524701478,10.7925190668221,6,0.0473156942224171,2.42152690102493,0.559996362196636,0.318225229665954,3.40195727780948,12.9660958642763,1.11803398874989,8.34772863524623,8.65546034736754,Inf,0.297926666666667,0.373,0.005,2.82101445280952,0.234,43.1119226957838,2.00366081628598
aggressiveEgo,training,102,repeated_e3_t6_y1,1,,0,1000,2,0.0464022256743149,0.0861078619922127,1.71109477165118,0.0939201056761573,7.76898418115249,2.53813394038057,3.01348956095319,1.51309086389592,4.26759595801304,0.323415781874249,0.794113829311559,9.32554488234662,17.8705386498728,0.0616781035988939,0.47901671151757,39.6682370629507,79.9607182270132,40.3859794510774,6,0.0466437798273271,7.03676450097634,1.90405935800102,0.338265401978524,10.7546166886191,42.6192225058742,1.11803398874989,10.3577463422831,8.62889593998662,Inf,0.300033333333333,0.424,0.005,2.82101445280952,0.234,43.1119226957838,5.35531296100431
aggressiveEgo,training,102,repeated_e3_t6_y3,1,,0,1000,2,0.0503249880280194,0.0879857257970455,2.56403637940922,0.12469234387934,9.94067055386328,3.39049903914228,3.3284553399924,2.44166452158665,7.3216140965215,0.401689476851365,0.998332506854087,11.2259889606787,24.2469359276895,0.0616781035988939,0.47901671151757,52.2969211541665,131.531581489174,53.3761827531298,6,0.0527906233396987,7.85011833639352,3.00653148806538,0.451620062342752,13.1257149585374,50.2075313719534,1.11803398874989,15.8015652201146,8.67256587968164,Inf,0.301355,0.379,0.005,2.82101445280952,0.234,43.1119226957838,7.63177671558925
aggressiveEgo,training,102,repeated_e6_t1.5_y0.1,1,,0,1000,2,0.806463479909166,0.784882297891173,2.03742082242152,1.44349648776027,3.69121411941668,3.43359936887878,2.80959866766767,2.1635166275823,5.35630199988105,2.68699851641039,5.84921726666676,12.0482232124505,24.7082182343086,0.0364148718614938,0.243312355449092,3.77245439364241,8.09627144083485,3.84473969139875,6,0.924749897325923,4.41058884884644,2.66621376239117,2.83647874266827,13.0147539479089,4.55715305690479,1.11803398874989,7.61116078924853,1.60165234577508,Inf,0.299663333333333,0.363,0.005,2.82101445280952,0.234,43.1119226957838,14.8013126967464
aggressiveEgo,training,102,repeated_e6_t1.5_y1,1,,0,1000,2,0.793880331976939,0.773568618940516,2.82306584990223,1.38359948901277,4.73390170884616,3.90498556850816,2.67878265720216,2.96859441064744,6.80826498329685,2.67065977369508,5.72347812697548,12.9950746084018,32.1151546093749,0.0364148718614938,0.243312355449092,18.7984281325412,34.8571106116479,19.007043768707,6,0.900767444564315,5.75124898770273,3.68845542203358,2.77808373486254,14.7166970228994,21.654188712586,1.11803398874989,7.5047758830274,1.77238566311941,Inf,0.299775,0.373,0.005,2.82101445280952,0.234,43.1119226957838,16.4750070627446
aggressiveEgo,training,102,repeated_e6_t1.5_y3,1,,0,1000,2,0.798019150093851,0.777301270049556,3.39786858823208,1.38889898286368,5.70147448323264,4.28867944507209,2.69517906117446,3.46944789644356,9.64345166758615,2.69284095868154,5.71794668861193,13.345630518047,32.5830399214295,0.0364148718614938,0.243312355449092,24.0605220813421,68.2059050822007,24.3367886187214,6,0.904759221438066,6.25632805323037,4.3303820222284,2.78778721898285,15.0466852409846,25.8697405366174,1.11803398874989,13.7581013281089,1.84698845118611,Inf,0.299163333333333,0.367,0.005,2.82101445280952,0.234,43.1119226957838,17.588213397435
aggressiveEgo,training,102,repeated_e6_t3_y0.1,1,,0,1000,2,0.178611287633903,0.198692327547886,0.927069293753039,0.362408172502186,1.62033470549706,1.22046124239638,2.835943216298,0.731659144704079,1.55347198923246,1.04370922618694,2.15888011961366,4.27063530690541,9.53117009907147,0.0364148718614938,0.243312355449092,3.77245439364241,8.09627144083485,3.84473969139875,6,0.196011289359289,1.97251473378034,0.840797125284184,1.02142655731692,4.46109493163383,4.55715305690479,1.11803398874989,9.09392812037003,3.30226571544727,Inf,0.299326666666667,0.373,0.005,2.82101445280952,0.234,43.1119226957838,4.10355822712827
aggressiveEgo,training,102,repeated_e6_t3_y1,1,,0,1000,2,0.17618516133323,0.196746604134402,1.49989750242292,0.351474263539792,3.75932704186469,1.70032544017112,2.67914362160461,1.27567848953219,3.64351590718974,1.04730622542914,2.16397042952969,5.28510434992644,15.2901162236465,0.0364148718614938,0.243312355449092,18.7984281325412,34.8571106116479,19.007043768707,6,0.192243649251703,4.3412329472149,1.52352326518423,1.02605023780315,6.30177210214624,21.654188712586,1.11803398874989,7.43520789275168,3.27261088865838,Inf,0.298961666666667,0.383,0.005,2.82101445280952,0.234,43.1119226957838,5.37022946238197
aggressiveEgo,training,102,repeated_e6_t3_y3,1,,0,1000,2,0.178103470162465,0.198380433125561,2.03337978671831,0.352664719604626,4.86222155428962,2.21035592604079,2.66054382510678,1.75699445386637,5.83067178721161,1.06815831551598,2.24035180825555,6.5769707043003,19.0248019041126,0.0364148718614938,0.243312355449092,24.0605220813421,68.2059050822007,24.3367886187214,6,0.194573614943384,4.89921864881057,2.20788800823062,1.06034359226615,7.56784596787536,25.8697405366174,1.11803398874989,14.6880723742386,3.26216220002935,Inf,0.298076666666667,0.405,0.005,2.82101445280952,0.234,43.1119226957838,6.61041775021745
aggressiveEgo,training,102,repeated_e6_t6_y0.1,1,,0,1000,2,0.0467754364299068,0.086532602465812,0.737980961741941,0.0940807217764724,0.904561995882275,0.435416597024231,3.11303690424289,0.25557974354799,0.855358406289758,0.314492519010967,0.795243416353387,1.54554490040075,3.68847848880781,0.0364148718614938,0.243312355449092,3.77245439364241,8.09627144083485,3.84473969139875,6,0.0473659231721469,1.04497634254542,0.265847519740743,0.322666896697382,1.57227925432973,4.55715305690479,1.11803398874989,11.9648892071313,8.93362005215016,Inf,0.29769,0.388,0.005,2.82101445280952,0.234,43.1119226957838,1.2880228314752
aggressiveEgo,training,102,repeated_e6_t6_y1,1,,0,1000,2,0.0465934798598976,0.0863648306142532,1.17172805054186,0.0939704611072005,3.59179161890391,1.23231228408806,3.08913831074099,0.756140084360066,2.5938358226124,0.310543907912027,0.800769554542898,4.33135556385197,11.3845311100339,0.0364148718614938,0.243312355449092,18.7984281325412,34.8571106116479,19.007043768707,6,0.046992827537605,3.8314435139902,0.909138549853076,0.315373493858937,5.39488517151916,21.654188712586,1.11803398874989,10.3816255944678,8.82761743209126,Inf,0.299865,0.388,0.005,2.82101445280952,0.234,43.1119226957838,2.8444860800895
aggressiveEgo,training,102,repeated_e6_t6_y3,1,,0,1000,2,0.0466821366448238,0.0860713084422662,1.65300832102321,0.0941949087047445,4.70600056525278,1.70637357092966,3.02696570145889,1.199684175959,4.4893046974372,0.316659701470062,0.806584883734196,5.61114177597593,16.335134428443,0.0364148718614938,0.243312355449092,24.0605220813421,68.2059050822007,24.3367886187214,6,0.0470772775338633,4.40030461758537,1.50985715287031,0.32430882073279,6.76659863311753,25.8697405366174,1.11803398874989,15.1753203713072,8.62161674861766,11.96,0.299946666666667,0.401,0.005,2.82101445280952,0.234,43.1119226957838,3.98841807356142
