Scenario,Variant,Seed,Estimator,completed,failureMessage,diverged,divergenceRadius,transientDuration,relativePositionRmse,fullPositionRmse,fullSpeedRmse,relativePositionMax,targetVelocityRmse,targetVelocityInertialRmse,targetAccelerationRmse,targetSpeedRmse,targetSpeedMax,relativeSpeedRmse,relativeSpeedMax,courseRmseDeg,courseMaxDeg,egoPositionRmse,egoVelocityRmse,egoYawRmseDeg,egoYawMaxDeg,egoSideslipRmseDeg,steadyStateStart,steadyRelativePositionRmse,steadyTargetVelocityRmse,steadyTargetSpeedRmse,steadyRelativeSpeedRmse,steadyCourseRmseDeg,steadyEgoYawRmseDeg,peakTransientPositionError,peakTransientVelocityError,peakTransientAccelerationError,convergenceTime,meanStepMilliseconds,maximumStepMilliseconds,integrationStep,egoBodyJerkMaximum,egoYawAccelerationMaximum,relativeRangeMaximum
straightOncoming,nominal,201,structured,1,,0,1000,2,0.0262660250518518,0.123686317285759,0.621300508993938,0.0598203016021188,0.101367687214523,0.106047712332531,0.130007597785639,0.0590317501931315,0.156649518944239,0.0561084417699262,0.142973910593337,0.336603204765702,0.895071477326473,0.0398714793468346,0.0163887469109462,0.0499753414482459,0.162113274603035,0.0354634159824633,3,0.0252858293355258,0.0912431204349514,0.0567527284281013,0.0570924572744076,0.276301955136072,0.0141264493842486,1.11803398874989,3.11343658439789,3.62889794443592,0.52,2.36925,6.714,0.005,0,0,95.0118413672738
straightOncoming,nominal,201,sharmaMatchedPredictor,1,,0,1000,2,0.0502906732170795,0.142425827433079,2.46757520030818,0.112812452984633,0.773960786207578,0.785892408554188,2.00188221891619,0.591938706309416,1.50262567321023,0.572214063972872,1.69731115741562,1.97947042995599,5.67189859573405,0.0273338974201362,0.161411681560676,0.241229008090358,0.692864900565289,0.415542097841497,3,0.0498281554568249,0.773309533769875,0.597528346982485,0.583067179741946,1.88565026233708,0.103051426086482,1.11803398874989,18.1046780481577,34.2506121145293,Inf,0.321806666666667,1.304,0.005,0,0,95.0118413672738
straightOncoming,nominal,201,sharmaCertifiedHold,1,,0,1000,2,0.340135773802443,0.344457339661354,3.30784818813208,0.471908974546206,3.24739228884818,3.24991183873979,23.1130506849744,2.63106577575316,5.97788704948582,2.68710239989513,6.04388512547765,7.94666043030514,18.3602818069156,0.156926198352114,0.122518277842392,0.233832193167349,0.821388037927394,0.423755092230076,3,0.340710245903544,3.23013226003525,2.61876387323614,2.68486298591121,7.89615723737836,0.102046465308226,1.11803398874989,23.7530544406267,130.889136295161,Inf,0.308513333333333,0.377,0.005,0,0,95.0118413672738
straightOncoming,nominal,201,sharmaCertifiedPredictor,1,,1,1000,2,6.0234938116378e+21,4.92224525972641e+21,6.82264363080734e+23,4.68364302905764e+22,8.34906623313246e+23,8.34906623313246e+23,1.54682862067137e+26,8.34906623313246e+23,6.40439826786649e+24,8.34904580858933e+23,6.40437685854172e+24,103.347772898309,177.151418901542,0.0239394968713097,0.136635282227318,0.224907432309112,0.812280519520639,0.442526786006195,3,6.94957143729242e+21,9.63268728021877e+23,9.63268728021877e+23,9.63266371551928e+23,103.683799642476,0.103694949697189,8370813.99267474,1082814439.27981,181623162665.167,Inf,0.313003333333333,0.542,0.005,0,0,95.0118413672738
straightOncoming,nominal,201,sharmaTunedPredictor,1,,0,1000,2,0.0344682662048336,0.105067637805691,1.87685509490736,0.0778643920974224,0.480286578821582,0.813029285273459,0.379291004102956,0.203300759894985,0.576021596008582,0.131565130355312,0.371061552272252,3.00418545684086,5.49694206593471,0.0317305279166939,0.177333784071761,1.4407835146849,1.76462200282794,1.53913342890869,3,0.033816943345678,0.44179095987475,0.198989087173967,0.134027415832479,2.77568885038493,1.35668065127017,1.11803398874989,11.5353315618754,9.1854418378078,2.24,0.293563333333333,0.501,0.005,0,0,95.0118413672738
straightOncoming,nominal,201,sharmaTunedCorrectedPredictor,1,,0,1000,2,0.0344682560003414,0.105067634521018,1.87685512425264,0.0778644774053889,0.480286523001676,0.813029216044364,0.379291166093452,0.203300680343268,0.576019856781835,0.131565155587082,0.371063230319603,3.00418542641946,5.49694241042634,0.0317305279166939,0.177333784071761,1.4407835146849,1.76462200282794,1.53913342890869,3,0.0338169315395261,0.441790877577375,0.198988971375746,0.134027341825029,2.7756887793517,1.35668065127017,1.11803398874989,11.5353315599368,9.18544157821219,2.24,0.292816666666667,0.923,0.005,0,0,95.0118413672738
straightOncoming,nominal,202,structured,1,,0,1000,2,0.0265451600574611,0.121470359313615,0.609424997466962,0.0673481471151869,0.0907433441274411,0.0951318135238473,0.125759673024357,0.0664541085780924,0.171037346843748,0.0675502252147118,0.170031374488651,0.260063435030687,0.799903274235413,0.0385280666507934,0.0144281101125871,0.0521022038346743,0.16450518658685,0.0340610617389127,3,0.0288432440912722,0.0928991201525448,0.0717258939046396,0.0712525338961315,0.225649166416372,0.0188603029073209,1.11803398874989,3.1325279744131,3.68918697992515,0.52,2.08775333333333,5.288,0.005,0,0,95.0118413672738
straightOncoming,nominal,202,sharmaMatchedPredictor,1,,0,1000,2,0.0500633484396668,0.146681441059663,2.55139361785597,0.116219619799176,0.744597901056857,0.750374052105525,1.90244372823689,0.585230246841485,1.40574259169172,0.57093764541991,1.40919230717515,1.79232487173732,5.094824126554,0.0279704420655407,0.15615949692786,0.229860225120277,0.548835613032211,0.407731293726622,3,0.0492938929357448,0.705131811285313,0.563793501530581,0.532162822801787,1.60786547645428,0.0898744128347045,1.11803398874989,18.5837468692032,34.3555388847835,5.78,0.299,0.802,0.005,0,0,95.0118413672738
straightOncoming,nominal,202,sharmaCertifiedHold,1,,0,1000,2,0.34628546687654,0.353338283053677,3.29804239505233,0.45343579588119,3.16228886365219,3.16382840340975,22.5459069398183,2.47329363628177,5.41222749020701,2.53832718991324,5.34967388592215,8.19815499084521,24.6934258530659,0.153615250201175,0.136572288141564,0.214701284151476,0.749129430240217,0.431154675167817,3,0.3491708469016,3.16365857952733,2.46509814834103,2.52316192453686,8.18667291667327,0.0858650648483432,1.11803398874989,26.289125568283,157.661139443075,Inf,0.296913333333333,0.365,0.005,0,0,95.0118413672738
straightOncoming,nominal,202,sharmaCertifiedPredictor,1,,0,1000,2,0.116930758361583,0.218004543742232,5.76421432471292,0.26684413030515,4.24577658160434,4.24686714063969,29.5562694198174,2.91270925499779,7.27815444041074,2.93387891736205,7.47608325008775,11.9980872619527,35.5405259795461,0.0311401058497222,0.155460925524173,0.205920498105458,0.735469188444407,0.473455005868164,3,0.114404055506654,4.10398633039031,2.73208389113055,2.74483419056445,11.7923260931395,0.0900315290669327,1.1746488195892,49.4839456094658,416.597657716119,Inf,0.299376666666667,0.388,0.005,0,0,95.0118413672738
straightOncoming,nominal,202,sharmaTunedPredictor,1,,0,1000,2,0.0341644198126692,0.101314999304413,1.84198337742272,0.0761990940058849,0.476635473506848,0.820279779336743,0.384072193319791,0.206119892903519,0.495209964147515,0.13614575814325,0.327301721398634,3.02945637481925,4.7196937009516,0.0339772042259023,0.187699150979826,1.46026685211809,1.75746366397217,1.5414850649123,3,0.0362059462795838,0.455345322844983,0.214795742589042,0.137745022728176,2.8411177454923,1.38241886875261,1.11803398874989,11.5662291401817,9.54357081027598,1.12,0.292026666666667,0.49,0.005,0,0,95.0118413672738
straightOncoming,nominal,202,sharmaTunedCorrectedPredictor,1,,0,1000,2,0.0341644390989374,0.10131500471214,1.84198335913985,0.0761991021885166,0.476635402062181,0.820279726411905,0.38407135340152,0.206119677755761,0.495207950231256,0.136145595347297,0.327299650963816,3.02945656273729,4.71969423425205,0.0339772042259023,0.187699150979826,1.46026685211809,1.75746366397217,1.5414850649123,3,0.0362059738534793,0.455345301139501,0.214795704390124,0.137744963483453,2.84111781410654,1.38241886875261,1.11803398874989,11.5662290716993,9.54356916800289,1.12,0.29025,0.34,0.005,0,0,95.0118413672738
straightOncoming,nominal,203,structured,1,,0,1000,2,0.0319367468073855,0.126006977843975,0.615931623170174,0.0621472879928587,0.110486690750118,0.11065387071726,0.148655361926863,0.0828658656181109,0.219322927510474,0.0830706103367396,0.215170019644027,0.280325294121633,0.767628672536773,0.0375835375296562,0.0154468481417068,0.0527391516801226,0.161704258232705,0.0393882393350803,3,0.0311702424317655,0.107150355952425,0.0873840410283095,0.0875309804920589,0.237407645087716,0.0204314426385538,1.11803398874989,3.04232050055615,3.53330879329832,0.5,2.19082666666667,5.251,0.005,0,0,95.0118413672738
straightOncoming,nominal,203,sharmaMatchedPredictor,1,,0,1000,2,0.0547526528695218,0.136756924538038,2.40992592301494,0.12856184128105,0.815121040202388,0.823950333241001,2.11113714121764,0.431714010693185,1.45470221017678,0.403868702307517,1.31272040187551,2.6868982929002,6.3568312357236,0.0354401878471381,0.201846026714371,0.262660989895234,0.637477785564778,0.667709448022189,3,0.0548274210365502,0.814875363388555,0.394317016873986,0.369474147040361,2.73184269583951,0.12850334519732,1.11803398874989,17.7553622203815,33.6803866920874,Inf,0.312456666666667,0.811,0.005,0,0,95.0118413672738
straightOncoming,nominal,203,sharmaCertifiedHold,1,,0,1000,2,0.339484311870076,0.347511184240652,3.10400375927031,0.451909680553429,3.13877665013837,3.14230270406069,22.3945819199938,2.42011993008181,5.39433241337795,2.48414993240047,5.48727598359946,8.29673592159428,22.0263555775614,0.153579349143858,0.170515238805441,0.249697742623428,0.852853416414103,0.618050063131593,3,0.338730465450402,3.05217804144963,2.38081546144226,2.44891536890383,7.89711914336314,0.1094619369233,1.11803398874989,23.0819337593406,123.504704135236,Inf,0.301133333333333,0.346,0.005,0,0,95.0118413672738
straightOncoming,nominal,203,sharmaCertifiedPredictor,1,,1,1000,2,5.19603725858484e+21,4.24606890373426e+21,5.88361909789112e+23,4.0414743213046e+22,7.19995476782703e+23,7.19995476782703e+23,1.333341696779e+26,7.19995476782703e+23,5.52483163699469e+24,7.19992021433814e+23,5.52476576129688e+24,103.434255179432,178.116424788478,0.0341860771957089,0.194708961213605,0.244791930570078,0.851483246485949,0.68829455811818,3,5.9948981851033e+21,8.30690651787737e+23,8.30690651787737e+23,8.30686665198776e+23,103.766615614035,0.118094769952084,7246089.76613463,934884364.539896,156028594302.779,Inf,0.308736666666667,0.37,0.005,0,0,95.0118413672738
straightOncoming,nominal,203,sharmaTunedPredictor,1,,0,1000,2,0.037489443759424,0.105096576159402,1.83724020391572,0.0866719362733995,0.480216852822746,0.816669572896957,0.395477718988868,0.173100883361735,0.440313305600791,0.134089267059924,0.377544915320598,3.0506632661713,5.26253374718801,0.0367718626677608,0.205638278996646,1.45612713596427,1.75430934845568,1.57684966602448,3,0.0369355663290774,0.468413873096731,0.181965761558234,0.134321476989184,2.90301100171346,1.37435400062193,1.11803398874989,11.5330405021365,9.00784336579633,3.96,0.301003333333333,0.52,0.005,0,0,95.0118413672738
straightOncoming,nominal,203,sharmaTunedCorrectedPredictor,1,,0,1000,2,0.0374894294593301,0.105096573309241,1.83724017490614,0.086672033232222,0.480216828811657,0.816669542139701,0.395478005487608,0.173100830820376,0.440311720646225,0.134089277952662,0.377546642688689,3.05066339092311,5.26253451214205,0.0367718626677608,0.205638278996646,1.45612713596427,1.75430934845568,1.57684966602448,3,0.0369355530167121,0.468413909571589,0.181965597342015,0.134321332336397,2.90301160278172,1.37435400062193,1.11803398874989,11.5330404428877,9.00784254219441,3.96,0.299993333333333,0.598,0.005,0,0,95.0118413672738
straightOncoming,nominal,204,structured,1,,0,1000,2,0.0276286819437231,0.125110847657232,0.622224579064077,0.0586959499540556,0.102412163342272,0.105657022834722,0.139808875665823,0.0682736901153305,0.183555262016187,0.0689662255074317,0.161728474534918,0.307744588997909,0.83948117772177,0.0428518490225406,0.015439082585344,0.0487689404079514,0.153425523216305,0.0329023251983225,3,0.026808116891951,0.0988186539851399,0.0665746523069305,0.0664103102730901,0.280619136445476,0.0142261225762631,1.11803398874989,3.1246696943516,3.66961860717296,0.5,2.05518333333333,5.164,0.005,0,0,95.0118413672738
straightOncoming,nominal,204,sharmaMatchedPredictor,1,,0,1000,2,0.0572494871847504,0.143198188912041,2.48558818830836,0.130267099315482,0.833311421230218,0.838526812672427,2.13400849872899,0.569476092177414,1.51666719105606,0.543306474734672,1.47098787748642,2.34909318792181,6.54689550762682,0.0336522472041857,0.177899050607306,0.238015964694724,0.622051489958067,0.563192369639951,3,0.0533085471733779,0.772563051010859,0.567918597776032,0.545229775013614,2.00518487880524,0.129302743913861,1.11803398874989,17.7739489031024,32.7095105915232,5.74,0.30317,0.803,0.005,0,0,95.0118413672738
straightOncoming,nominal,204,sharmaCertifiedHold,1,,0,1000,2,0.339416667008279,0.345259631212451,3.13434726405718,0.459641471601591,3.27585565428861,3.27763708965983,23.3346757505248,2.57823764415295,6.42198333044517,2.6538472283661,6.38131912065162,8.48319169516316,21.2297675620033,0.153462895651955,0.153408565104241,0.226020359864672,0.80920586406087,0.544201745833468,3,0.34088558710935,3.26452235759184,2.57868371125586,2.66517516686955,8.39352005160587,0.110916216595216,1.11803398874989,23.7415580824706,147.308836687059,Inf,0.291506666666667,0.362,0.005,0,0,95.0118413672738
straightOncoming,nominal,204,sharmaCertifiedPredictor,1,,0,1000,2,0.133621779032344,0.209076968442339,5.6507362302419,0.315007042333465,4.94728129096677,4.94763872050322,35.1948094397619,3.3506114930794,9.53458597120908,3.40961462896566,9.27520167167895,14.4679245019263,45.3782512505407,0.0342863149108164,0.172524404399683,0.219716412522161,0.804091435855982,0.596343311973736,3,0.129619596652115,4.78371770154175,3.49718259600168,3.56658396169002,13.2449902241507,0.11903465745611,1.11803398874989,44.2707663562635,409.152042437179,Inf,0.30083,0.391,0.005,0,0,95.0118413672738
straightOncoming,nominal,204,sharmaTunedPredictor,1,,0,1000,2,0.0366990575919212,0.105112128321465,1.85327828841893,0.0804972585030942,0.463913970852964,0.803647167298618,0.413253318113689,0.185660314619473,0.542990703261962,0.144411906857654,0.344519036455527,2.984192766266,4.79542328529245,0.0343377190770094,0.181610169204989,1.44560254920879,1.75712562650902,1.53851691136889,3,0.0356899691647311,0.444195319513177,0.195949303747049,0.141992729148566,2.80159306548709,1.36413409308184,1.11803398874989,11.4026854385425,9.15528695009565,1.08,0.29193,0.499,0.005,0,0,95.0118413672738
straightOncoming,nominal,204,sharmaTunedCorrectedPredictor,1,,0,1000,2,0.0366990485598187,0.105112127354007,1.85327830551473,0.0804973572223748,0.463913800474095,0.803646975643046,0.413253527871823,0.185660198291291,0.542993461803318,0.144411993940498,0.344521790998861,2.98419228622195,4.79542322723969,0.0343377190770094,0.181610169204989,1.44560254920879,1.75712562650902,1.53851691136889,3,0.0356899642827005,0.444195128189027,0.195949192617548,0.141992899588295,2.80159250311508,1.36413409308184,1.11803398874989,11.4026853557448,9.15528606150279,1.08,0.290176666666667,0.332,0.005,0,0,95.0118413672738
straightOncoming,nominal,205,structured,1,,0,1000,2,0.0269270026514974,0.12570030675188,0.617435806057612,0.0588081121583283,0.102485284116638,0.105576160508381,0.134796772102889,0.0817543976999912,0.203481036776374,0.0790391294615759,0.226544085714774,0.255460665228565,0.762307020854964,0.0415065891125994,0.0180500004383228,0.0561474231047371,0.166811743030346,0.0406097507883899,3,0.023317144797711,0.0874471328570635,0.0638662708889049,0.0622941056849729,0.229582562770109,0.0229146441155172,1.11803398874989,3.12505076693273,3.59685352982248,0.5,2.10286,5.053,0.005,0,0,95.0118413672738
straightOncoming,nominal,205,sharmaMatchedPredictor,1,,0,1000,2,0.0534892192667964,0.141794834627123,2.43127590827368,0.115886000213952,0.821013629995936,0.830402106915414,2.07148622976254,0.592639634027385,1.5644521476724,0.568505247596471,1.67842378536611,2.22347479049791,6.87878721697397,0.0320421582009173,0.192719986613372,0.254551767381241,0.686856924214529,0.627067614196186,3,0.0535176006688751,0.837694005852999,0.58851890532801,0.557873538783803,2.28654907170321,0.145359706693705,1.11803398874989,17.8514554848506,33.1462321919411,5.94,0.308303333333333,0.802,0.005,0,0,95.0118413672738
straightOncoming,nominal,205,sharmaCertifiedHold,1,,0,1000,2,0.343181673348648,0.348073137643117,3.33763169108098,0.476157143523627,3.40860316042295,3.41049061813076,24.3632512123906,2.7887555501212,6.94351076352283,2.84091538725286,7.03145362528792,8.08241073607794,18.8624968312814,0.14890214351089,0.133203266772383,0.239980058604874,0.857117934914148,0.51368665569726,3,0.34268447604776,3.4468628596806,2.80725376816273,2.86285045144732,8.23279599871587,0.117432769597356,1.11803398874989,23.4851935385512,125.93846003845,Inf,0.30244,0.496,0.005,0,0,95.0118413672738
straightOncoming,nominal,205,sharmaCertifiedPredictor,1,,1,1000,2,4.83434824709119e+21,3.95050588366773e+21,5.4615312103857e+23,3.79147449593729e+22,6.68343361859493e+23,6.68343361859493e+23,1.23129899308732e+26,6.68343361859493e+23,5.22049862044152e+24,6.68341693941298e+23,5.22049860623824e+24,103.64038161976,179.051771404936,0.0272277840618208,0.143951149448549,0.229818574153881,0.852378935521852,0.541449870351485,3,5.57760156256799e+21,7.71097320446955e+23,7.71097320446955e+23,7.71095396095903e+23,103.660542130212,0.118634192812476,7029345.06187084,917306081.007962,154320164747.738,Inf,0.302216666666667,0.36,0.005,0,0,95.0118413672738
straightOncoming,nominal,205,sharmaTunedPredictor,1,,0,1000,2,0.0359529147917081,0.106867615983485,1.86130288343511,0.0753807309986988,0.479450221540903,0.828344643894528,0.40440589831632,0.191073854195167,0.523018801408183,0.155390747141214,0.447687411215142,3.0746364818913,4.79568493911693,0.0359096174708372,0.200960927208077,1.47813217332167,1.76652931429105,1.59369252453747,3,0.0336617866630415,0.451679133805986,0.17325877768267,0.14261343658856,2.90173233405109,1.40297684486005,1.11803398874989,11.7286611475891,9.00455122637221,1.28,0.2952,0.506,0.005,0,0,95.0118413672738
straightOncoming,nominal,205,sharmaTunedCorrectedPredictor,1,,0,1000,2,0.0359529168090326,0.106867616979122,1.86130291599317,0.0753808667710768,0.479450210797912,0.828344639254435,0.404405665724625,0.191073644606437,0.523017351302473,0.155390730988658,0.447685855276553,3.07463685699321,4.79568747350956,0.0359096174708372,0.200960927208077,1.47813217332167,1.76652931429105,1.59369252453747,3,0.0336617877323706,0.451679150090564,0.173258667166707,0.142613490530963,2.90173263912847,1.40297684486005,1.11803398874989,11.728661117283,9.00455065085087,1.28,0.29174,0.383,0.005,0,0,95.0118413672738
straightOncoming,nominal,206,structured,1,,0,1000,2,0.0246129586131689,0.120495076314759,0.602075909358322,0.0537864114001563,0.0959252482962294,0.100486301593542,0.121238980642569,0.0629162451546251,0.177241276704194,0.0585264052971592,0.158121492610611,0.29942703117837,0.877763867481359,0.03921223385098,0.0161530283254617,0.0500784667255686,0.165678150822462,0.0360540391012394,3,0.0232002180099797,0.0841499091210204,0.0558487866154025,0.0568095997326295,0.24133179733195,0.0192491181129281,1.11803398874989,3.11370482730054,3.59396108342967,0.5,2.10734333333333,5.245,0.005,0,0,95.0118413672738
straightOncoming,nominal,206,sharmaMatchedPredictor,1,,0,1000,2,0.0477851209514277,0.143850699837244,2.46636367498491,0.0981216415058532,0.755086244041584,0.759224040921513,1.87939893472707,0.534405794366675,1.44205587679638,0.499014937864572,1.27196509251457,2.06200232930494,6.66913102701547,0.0319656696903696,0.188587933761398,0.209649521511683,0.539056647663754,0.455163835635123,3,0.0497329193643305,0.801464436622337,0.564905561578911,0.517609777002797,2.17392246022273,0.0982477403380318,1.11803398874989,18.5054219586715,34.5410794198771,5.9,0.305576666666667,0.848,0.005,0,0,95.0118413672738
straightOncoming,nominal,206,sharmaCertifiedHold,1,,0,1000,2,0.346613477632544,0.349890210080569,3.18677502829486,0.463764733280414,3.2376830750352,3.23889751575198,23.0526640601125,2.54972437214799,6.1852478303791,2.60885157954333,6.36955835400918,8.27282745079668,23.7743504586858,0.154552970699374,0.158700980659496,0.207401531359895,0.810343350985489,0.487626477632019,3,0.346609994694231,3.11493124041802,2.52641058912155,2.58092131167739,7.53488528711996,0.0909482116258417,1.11803398874989,24.0286348256065,132.776986454747,6,0.29293,0.335,0.005,0,0,95.0118413672738
straightOncoming,nominal,206,sharmaCertifiedPredictor,1,,1,1000,2,5.27021402351017e+21,4.30668426102575e+21,6.00241086865932e+23,4.07854010505878e+22,7.345323691629e+23,7.345323691629e+23,1.37185730295332e+26,7.345323691629e+23,5.60926004847833e+24,7.34537824568481e+23,5.60929342376172e+24,104.379562333691,179.322244746808,0.0340658999317014,0.175496656122789,0.198399793417249,0.805625717851119,0.534727734779078,3,6.08047920219338e+21,8.47462507994715e+23,8.47462507994715e+23,8.47468802137615e+23,104.074978189059,0.0940930536699019,7320757.64784331,973705103.998167,174023366192.589,Inf,0.29984,0.341,0.005,0,0,95.0118413672738
straightOncoming,nominal,206,sharmaTunedPredictor,1,,0,1000,2,0.032693304796398,0.102236893988473,1.86518336694766,0.0731450398572764,0.493306882947516,0.832896812353264,0.357575976377226,0.20699887569374,0.535701269505992,0.124799499146337,0.362043867559375,3.08007338723391,5.10401852220993,0.0402703113883254,0.223411339526077,1.46498077003786,1.76791161004596,1.57873795755725,3,0.0314341010554806,0.474458565377037,0.211572547812725,0.12391690135066,2.90534727656668,1.38874895325958,1.11803398874989,11.8403801736687,9.42142771444218,1.12,0.29076,0.521,0.005,0,0,95.0118413672738
straightOncoming,nominal,206,sharmaTunedCorrectedPredictor,1,,0,1000,2,0.0326933237715147,0.102236897473917,1.86518339569174,0.0731449736159382,0.493306623121992,0.832896506620991,0.35757609000295,0.206998768301564,0.535702971519001,0.124799550313493,0.362042309120199,3.08007246543582,5.10401850976831,0.0402703113883254,0.223411339526077,1.46498077003786,1.76791161004596,1.57873795755725,3,0.0314341234381972,0.474458326749687,0.211572398051156,0.123916824277818,2.90534655480081,1.38874895325958,1.11803398874989,11.8403801663484,9.42142712594713,1.12,0.289476666666667,0.339,0.005,0,0,95.0118413672738
straightOncoming,nominal,207,structured,1,,0,1000,2,0.0289627313617262,0.125766549821177,0.623242519444184,0.0630395951897217,0.104929100202069,0.106968329262966,0.140067361955561,0.0649872161919913,0.16337415228141,0.0653027710441832,0.150568029056465,0.324795406068805,0.839796088550262,0.0409895997262824,0.0161662386999725,0.0536417259299776,0.156487007270384,0.0423654204698894,3,0.0255053423387645,0.0974485150690566,0.0667640700227739,0.0661653280723609,0.265195338186877,0.0226028530448965,1.11803398874989,3.21903266959403,3.77563051073169,0.5,2.06466666666667,5.163,0.005,0,0,95.0118413672738
straightOncoming,nominal,207,sharmaMatchedPredictor,1,,0,1000,2,0.0473518640868246,0.148432955017698,2.52391863084511,0.11406076997065,0.631318965494474,0.640829004081172,1.69595103481518,0.422290231084291,1.06866557391816,0.430174784098554,1.35117146697659,1.84303786305442,5.54677029692571,0.0280713831405442,0.163506759191688,0.242694060780866,0.666062114846329,0.459767153373718,3,0.043428959574971,0.598795871085621,0.443321012391101,0.442830439987662,1.54468140820844,0.0909978781272566,1.11803398874989,18.7608539773065,33.5619283260826,5.8,0.307026666666667,0.797,0.005,0,0,95.0118413672738
straightOncoming,nominal,207,sharmaCertifiedHold,1,,0,1000,2,0.343122051055432,0.349380101549626,3.14345190406639,0.454480411357685,3.2414568531797,3.2445145171232,23.1349397660628,2.58823487378197,5.70449921426503,2.65235788254086,5.92067894281961,8.06881412871453,19.7993660933971,0.148930567690529,0.131941545722933,0.233142277851337,0.858403133640184,0.441720303459874,3,0.345470154388665,3.25065522138217,2.63743386586239,2.70652734190104,7.87958009920683,0.0781513942212137,1.11803398874989,22.1174581069387,125.943403626791,Inf,0.29251,0.372,0.005,0,0,95.0118413672738
straightOncoming,nominal,207,sharmaCertifiedPredictor,1,,0,1000,2,0.143929372684222,0.203461637491615,5.81210642104082,0.319942365921299,5.27274006390636,5.27483613069831,37.6653292240364,3.53747123238497,9.44918173452247,3.54135216270521,8.3634926470725,15.1567358731193,45.9677289117237,0.0269110082045537,0.14581767596703,0.222410180983527,0.854885071869697,0.469651240424026,3,0.149456054255966,5.4060232044832,3.7674065234499,3.7867243892943,15.1494822298801,0.0792166867960961,1.11803398874989,43.344063658237,343.158036309361,Inf,0.29903,0.341,0.005,0,0,95.0118413672738
straightOncoming,nominal,207,sharmaTunedPredictor,1,,0,1000,2,0.0361396331397506,0.1090986389083,1.89884253037348,0.0754104852979184,0.494387221868352,0.836514805779418,0.395980991110543,0.201770966885155,0.555462381783217,0.134623724632115,0.284905393177542,3.10060694087007,5.32501979394787,0.0357881379342791,0.201475367496846,1.46653277332068,1.76126316202516,1.58240876359875,3,0.0345096223292829,0.466067625553776,0.210276249613238,0.139590948708571,2.87966906123276,1.38838646007001,1.11803398874989,11.8244684636917,9.54260813625337,1.04,0.290933333333333,0.647,0.005,0,0,95.0118413672738
straightOncoming,nominal,207,sharmaTunedCorrectedPredictor,1,,0,1000,2,0.0361396397320011,0.109098639669211,1.8988424908119,0.0754104733623385,0.494387088517959,0.836514657677626,0.395981563609267,0.201770800389819,0.555463603429107,0.134623766141322,0.284906513532505,3.10060670107871,5.32502063623523,0.0357881379342791,0.201475367496846,1.46653277332068,1.76126316202516,1.58240876359875,3,0.0345096365046121,0.466067471875762,0.210276130669354,0.139591000609876,2.87966866761074,1.38838646007001,1.11803398874989,11.8244682786209,9.542605816951,1.04,0.288226666666667,0.314,0.005,0,0,95.0118413672738
straightOncoming,nominal,208,structured,1,,0,1000,2,0.0264653909873185,0.124000432963839,0.611624806800258,0.0541443366219391,0.0980637509398109,0.100446119210943,0.132362108167965,0.0707901532805166,0.202772153047405,0.0694327194247029,0.196321655597743,0.27207965093309,0.725346747794536,0.038655942291087,0.0164616928856484,0.0476421599299251,0.150665508409044,0.0305993625426027,3,0.0274021302850997,0.100261828129032,0.0739531161219101,0.0738995722287573,0.260036402758693,0.0166230019311086,1.11803398874989,3.0231542763131,3.57083465663201,0.52,2.04153666666667,5.151,0.005,0,0,95.0118413672738
straightOncoming,nominal,208,sharmaMatchedPredictor,1,,0,1000,2,0.0551108268270862,0.141675666373131,2.45518308362189,0.102726762971619,0.812360428972105,0.817597270686012,2.11201361720935,0.609999132153873,1.66102006555203,0.585676322928116,1.69289019288329,2.0788322005747,6.24193652906541,0.0357642110379233,0.213933502137687,0.262080849536089,0.653273173357177,0.612716243932613,3,0.0568659646584854,0.83844466241229,0.672522174291027,0.65022185825478,1.92186502264331,0.132228918555884,1.11803398874989,17.916780789766,32.1711790826906,5.68,0.300246666666667,0.811,0.005,0,0,95.0118413672738
straightOncoming,nominal,208,sharmaCertifiedHold,1,,0,1000,2,0.338031784156242,0.346271190088499,3.11949664010111,0.433642666041402,3.1382260498434,3.13942693137426,22.3127006599728,2.50850230128646,6.32984517413827,2.55752602318296,6.51347993281107,7.73198452462065,20.9171907105424,0.15047273554084,0.132564138738305,0.244992322508095,0.820542396585303,0.47891302070298,3,0.335930564745059,3.20632861979531,2.53182191767665,2.59186286887912,8.06403162898168,0.111247292675146,1.11803398874989,24.3507287354536,140.841374423898,Inf,0.291296666666667,0.328,0.005,0,0,95.0118413672738
straightOncoming,nominal,208,sharmaCertifiedPredictor,1,,0,1000,2,0.132252163173821,0.231051732046372,6.21650101889588,0.30086841584235,4.77407492090295,4.77390294446652,33.7499332889735,3.47348496717252,8.08080102497389,3.48087865726694,8.21163188307668,12.7104203648548,32.0367914342198,0.0270855092119698,0.139649221500726,0.234592694787243,0.820583008364798,0.496526189280836,3,0.140829998444259,5.09617279716598,3.76568188679194,3.76443408574745,13.2963187297334,0.112108592605177,1.11803398874989,45.7384385872379,864.003129820924,Inf,0.29951,0.339,0.005,0,0,95.0118413672738
straightOncoming,nominal,208,sharmaTunedPredictor,1,,0,1000,2,0.0357204123782031,0.103560850527031,1.85225646830661,0.0774576014765569,0.487857538630538,0.820112851689626,0.398741764175227,0.205039436364836,0.585277846403184,0.148441858291313,0.399470581687122,3.03317267601199,5.11100178390139,0.0363109565934213,0.201596952175863,1.44485369290452,1.74926341847739,1.5638313148373,3,0.0365430281246002,0.477949618406316,0.221646791311351,0.157186317798986,2.89021741060804,1.36584021783235,1.11803398874989,11.394365747,9.16370986893647,1.38,0.29157,0.484,0.005,0,0,95.0118413672738
straightOncoming,nominal,208,sharmaTunedCorrectedPredictor,1,,0,1000,2,0.0357204005742527,0.103560850083757,1.8522564807552,0.0774576873878832,0.487857339160331,0.820112624201075,0.398741898209012,0.205039302117802,0.585279229689988,0.148441821054755,0.399471961635186,3.03317207722252,5.11100167995883,0.0363109565934213,0.201596952175863,1.44485369290452,1.74926341847739,1.5638313148373,3,0.036543010348945,0.477949336603471,0.221646572024742,0.157186172162793,2.89021660620144,1.36584021783235,1.11803398874989,11.3943656883647,9.16370850614477,1.38,0.289863333333333,0.409,0.005,0,0,95.0118413672738
straightOncoming,nominal,209,structured,1,,0,1000,2,0.0226758965271677,0.125017592518918,0.628940937665116,0.0559737102645113,0.0864739171408324,0.0883797438236046,0.117426058440925,0.0644063602586364,0.198900538499862,0.0625242493033313,0.207889293186639,0.231209628878266,0.576469284306599,0.0405802968557399,0.0168549468010035,0.0483340660320694,0.155472796408449,0.0325166266199099,3,0.0233366272841225,0.0892875004437116,0.0680474931964133,0.067427744806304,0.224483121339008,0.0110234449834763,1.11803398874989,3.19515198970279,3.745901085026,0.5,2.04144666666667,5.593,0.005,0,0,95.0118413672738
straightOncoming,nominal,209,sharmaMatchedPredictor,1,,0,1000,2,0.0514404661376686,0.14829643171323,2.5070921852876,0.115095244239786,0.768130159551439,0.780152391747529,2.04433433451223,0.515936079091304,1.33025705702886,0.531041660404227,1.37947664541471,2.24653057210119,6.57199287389174,0.0250527542113035,0.148796784706016,0.228623225791618,0.695393448249626,0.478398737183775,3,0.0490451661740122,0.702535140341545,0.526183162323088,0.542326021525057,1.78924743501523,0.100381700547181,1.11803398874989,18.0150511493857,33.3180014277418,5.9,0.301523333333333,0.79,0.005,0,0,95.0118413672738
straightOncoming,nominal,209,sharmaCertifiedHold,1,,0,1000,2,0.33733667143534,0.345165483395502,3.20607684756586,0.45531349970284,3.05083868238113,3.05137157730669,21.6089733510081,2.57836389151341,6.19912911243094,2.61501216924621,6.23149445019041,6.76210506490293,20.0221108852415,0.150121987098987,0.13574115379387,0.230580381640868,0.867337893153342,0.455158560093473,3,0.337522858442542,3.01383796572097,2.53431543298764,2.58416089072601,6.76371488775017,0.0860014556426114,1.11803398874989,24.6196467459314,137.714395600572,Inf,0.291243333333333,0.327,0.005,0,0,95.0118413672738
straightOncoming,nominal,209,sharmaCertifiedPredictor,1,,0,1000,2,0.117233509191569,0.210788884131063,6.40323469475804,0.244851991889886,4.20975352029157,4.21091497277166,29.6426978369162,3.23375067118731,9.01123769341146,3.26594468394475,9.23636410129409,10.7726103760835,33.7893688784593,0.0266247737320419,0.153435791405003,0.221682516938572,0.870072935716772,0.484379238626749,3,0.106068427640033,3.85049400284959,2.77032114931135,2.78880852077078,10.4301577357535,0.0883451708567343,1.11803398874989,46.0835738695418,497.578330341171,Inf,0.300036666666667,0.351,0.005,0,0,95.0118413672738
straightOncoming,nominal,209,sharmaTunedPredictor,1,,0,1000,2,0.0315004712647231,0.106234433018,1.88109345927408,0.0700606423429423,0.454093379318885,0.794166558850451,0.363472897075399,0.174256734453127,0.42836151441036,0.132287359806775,0.354411716078364,2.96078385891387,4.66572605880689,0.032117995389221,0.182289074146732,1.43383662306708,1.75035267997461,1.51667332509114,3,0.0318139273104988,0.429788379845155,0.17670960277328,0.138190297907361,2.7635192096565,1.34978176885102,1.11803398874989,11.5867182613625,9.03448204192046,1.18,0.287236666666667,0.495,0.005,0,0,95.0118413672738
straightOncoming,nominal,209,sharmaTunedCorrectedPredictor,1,,0,1000,2,0.0315004576970498,0.106234429494672,1.88109342612166,0.0700605026445401,0.454093681768134,0.794166887729697,0.363473144299901,0.174256696907448,0.428363336354414,0.132287381248155,0.354409717427909,2.96078534817252,4.66572933885833,0.032117995389221,0.182289074146732,1.43383662306708,1.75035267997461,1.51667332509114,3,0.0318139158268907,0.429788589732657,0.176709566294676,0.138190314908754,2.76352032016429,1.34978176885102,1.11803398874989,11.586718179102,9.03448007369435,1.18,0.28624,0.321,0.005,0,0,95.0118413672738
straightOncoming,nominal,210,structured,1,,0,1000,2,0.0227179477457547,0.124900233831485,0.611427741990847,0.0533491000807762,0.0827309525187094,0.0836761146750958,0.1095679674727,0.0556330767481471,0.159489584804954,0.0517113099811627,0.157021857229562,0.238790112445065,0.588628316375813,0.0336407511282052,0.0171641765325729,0.055762049214105,0.168946354969922,0.0348149641109199,3,0.0239489685719404,0.0828576348736249,0.0543898809594068,0.0537235947560454,0.243259736982216,0.0218818239210082,1.11803398874989,3.16243686272675,3.64023977510378,0.5,2.03842,5.07,0.005,0,0,95.0118413672738
straightOncoming,nominal,210,sharmaMatchedPredictor,1,,0,1000,2,0.0361459283285705,0.137530067709556,2.42873533616004,0.0780767159294207,0.551444887565383,0.557777707949959,1.41121585360576,0.405572386835139,1.09973980756582,0.386669726374129,0.999798781269227,1.45877210679562,3.79831431737576,0.0284875396642631,0.172712628943836,0.236565324570475,0.593913288800946,0.515297164423748,3,0.0364430218321229,0.537621388055001,0.377327049951887,0.382895101887353,1.46047034591915,0.109846560978778,1.11803398874989,17.8723707789409,32.318773396607,5.98,0.300773333333333,0.799,0.005,0,0,95.0118413672738
straightOncoming,nominal,210,sharmaCertifiedHold,1,,0,1000,2,0.344928417579117,0.350047705477245,3.29433014764215,0.465862301083403,3.30249434013737,3.30414299388293,23.2216705709247,2.79661278307785,6.1374812497673,2.84404720363456,6.20865037441165,7.35302696449877,26.8490068474934,0.156543405553555,0.119830384973675,0.215524907780779,0.699063891807576,0.428424029395443,3,0.34684087051066,3.28752860430243,2.78911409146321,2.84581710621593,7.29190490006293,0.0951320694903659,1.11803398874989,22.8090015971978,129.009996266033,Inf,0.29118,0.324,0.005,0,0,95.0118413672738
straightOncoming,nominal,210,sharmaCertifiedPredictor,1,,0,1000,2,0.135782558630459,0.19976648812629,6.38126147705888,0.290441665373314,5.01854422037923,5.01964219410971,34.819656921563,4.18745662205185,9.87757178391054,4.22252450611974,9.8356246148402,11.1233831180784,42.6259277293469,0.0243011529016928,0.134051249222577,0.206810296292532,0.691320152511603,0.470836264652825,3,0.138655747120981,5.07402087551189,4.19686666293799,4.23344170604068,11.4723512845476,0.0972190966114952,1.11803398874989,44.5502382692676,361.634262877764,Inf,0.29983,0.391,0.005,0,0,95.0118413672738
straightOncoming,nominal,210,sharmaTunedPredictor,1,,0,1000,2,0.0301163144924933,0.10418889649035,1.85734341992522,0.0650315847086611,0.458604428101891,0.809850277105276,0.335538021990695,0.165834760361734,0.475263227867698,0.11382931766426,0.339479236678496,3.02941861297396,4.62459319408135,0.0339964043502666,0.190493599961443,1.4738637371144,1.76241163932702,1.55341355849405,3,0.0308238653803307,0.451129010389475,0.170469850676473,0.112998431791146,2.91502898728276,1.39574559550962,1.11803398874989,11.8855868562409,8.74851613380199,1.16,0.29285,0.497,0.005,0,0,95.0118413672738
straightOncoming,nominal,210,sharmaTunedCorrectedPredictor,1,,0,1000,2,0.0301163288290289,0.104188897978461,1.85734337329322,0.0650316921395302,0.45860453682559,0.809850347039771,0.335539036861628,0.165834856901289,0.475261828934,0.113829498267128,0.339477833251948,3.02941897400277,4.62459290742971,0.0339964043502666,0.190493599961443,1.4738637371144,1.76241163932702,1.55341355849405,3,0.0308238851911097,0.451129141389999,0.170469898019478,0.112998564469853,2.91502950901066,1.39574559550962,1.11803398874989,11.8855866339896,8.74851237018498,1.16,0.290446666666667,0.39,0.005,0,0,95.0118413672738
straightOncoming,nominal,211,structured,1,,0,1000,2,0.0298297171414831,0.12379222670225,0.608061903989767,0.0583928953856844,0.107904688399141,0.108963824235411,0.143843104285672,0.0716850895607537,0.170589232312926,0.0692178673490205,0.170365410905891,0.313498430667069,0.87746944124409,0.0389145859760337,0.0155537081403188,0.045265366415109,0.147114649666515,0.0336923225308916,3,0.0279318228872836,0.0993071289159919,0.0678698065822938,0.067854163401505,0.277219094617244,0.0108597698654546,1.11803398874989,3.11370470562798,3.57963769006327,0.52,2.04157666666667,5.075,0.005,0,0,95.0118413672738
straightOncoming,nominal,211,sharmaMatchedPredictor,1,,0,1000,2,0.0561103778090065,0.145871885601641,2.48011452256352,0.116065812810562,0.801944023254787,0.80799195161935,2.13549680605792,0.641882353833602,1.55484013697958,0.643913128040689,1.56170585428525,1.87333566371517,5.00439286289136,0.0339926746070427,0.194239514664464,0.225974153018017,0.544902665397266,0.615565777170199,3,0.0558320686352669,0.765310752423203,0.610212831735722,0.619265080961918,1.7671367633963,0.151169372158393,1.11803398874989,18.1521294484573,33.6612883739721,5.92,0.29911,0.778,0.005,0,0,95.0118413672738
straightOncoming,nominal,211,sharmaCertifiedHold,1,,0,1000,2,0.343398302884048,0.350514505076728,3.27501502853399,0.444935707372745,3.11250525936722,3.11391550166515,22.0761453175066,2.54149810376686,6.08245143992513,2.5872078376765,5.97339373050598,7.42262289357407,20.1522182872311,0.151798563641882,0.139368110948904,0.207516344888708,0.731248040717185,0.511971427642729,3,0.342552250420827,3.07701100178936,2.52684848432979,2.57142736993348,7.21024762100578,0.132831503716363,1.11803398874989,26.1642742737193,141.040799252394,6,0.290733333333333,0.326,0.005,0,0,95.0118413672738
straightOncoming,nominal,211,sharmaCertifiedPredictor,1,,1,1000,2,5.84010934546244e+21,4.7723881589197e+21,6.65985069791123e+23,4.51755288756543e+22,8.14985181529328e+23,8.14985181529328e+23,1.52463862740124e+26,8.14985181529328e+23,6.2269766968856e+24,8.14983303203987e+23,6.22693754571191e+24,104.499657429106,179.4840162589,0.0315183120584934,0.149837588560832,0.19790733497943,0.719290711177571,0.531464272398729,3,6.73799266124833e+21,9.40284478823561e+23,9.40284478823561e+23,9.40282311716471e+23,104.505900406383,0.13544845236237,8144673.20203597,1092761037.01031,198768865936.722,Inf,0.29814,0.332,0.005,0,0,95.0118413672738
straightOncoming,nominal,211,sharmaTunedPredictor,1,,0,1000,2,0.0362490880417974,0.104595034462567,1.83489936813158,0.0796980129531491,0.491875458763455,0.818404850618421,0.387720634558224,0.200167575911261,0.468068361801514,0.135371832321547,0.349904846421175,3.03220021815633,5.19423232536369,0.0375240124224337,0.201535018312161,1.43183087571986,1.73832183450098,1.55065364867906,3,0.0355242978839379,0.457685508960435,0.198613280804115,0.139785598668937,2.82306511220176,1.35369966524671,1.11803398874989,11.6126661801644,9.29395951933889,1.56,0.288853333333333,0.483,0.005,0,0,95.0118413672738
straightOncoming,nominal,211,sharmaTunedCorrectedPredictor,1,,0,1000,2,0.036249092965163,0.104595034578765,1.83489933635225,0.0796980928715439,0.491875287982187,0.818404660296466,0.387720246377505,0.200167458031964,0.468069967191846,0.135371771232486,0.349906454764419,3.03219974099566,5.19423127586238,0.0375240124224337,0.201535018312161,1.43183087571986,1.73832183450098,1.55065364867906,3,0.0355243039833527,0.457685373789888,0.198613313096872,0.139785709120331,2.82306446786268,1.35369966524671,1.11803398874989,11.6126660806897,9.29395785307235,1.56,0.28776,0.337,0.005,0,0,95.0118413672738
straightOncoming,nominal,212,structured,1,,0,1000,2,0.0307297268634852,0.122144638719742,0.605903826420963,0.0563477704539494,0.111319077956082,0.110251560793625,0.156895968037505,0.0736377869115595,0.191012942663585,0.0732853691836212,0.18795444278701,0.313539513608111,0.882659451032934,0.0399406851256124,0.0146915855596321,0.0490157230404525,0.156252979284929,0.0353905597684106,3,0.0308863096005173,0.11349715415338,0.0738126085710732,0.0740749580461016,0.332149280764426,0.0130200732955058,1.11803398874989,3.10177766405503,3.65143720768748,0.52,2.04863,5.033,0.005,0,0,95.0118413672738
straightOncoming,nominal,212,sharmaMatchedPredictor,1,,0,1000,2,0.055099461224348,0.145057646226114,2.51859978243317,0.108407892862098,0.77603320783771,0.781045821789887,2.02136370799361,0.580750126024078,1.57682273892584,0.572527531233845,1.54218604580425,1.99647978094541,5.64668016097175,0.0276987461123798,0.154790085620221,0.227763970454318,0.555095553043102,0.422333019569577,3,0.0559539460447454,0.803353783853258,0.571400546453052,0.55721759846714,2.16325610505084,0.11721425946923,1.11803398874989,18.591852849645,34.2563750097936,5.68,0.303726666666667,0.803,0.005,0,0,95.0118413672738
straightOncoming,nominal,212,sharmaCertifiedHold,1,,0,1000,2,0.344625169178003,0.351173911695416,3.26024707009876,0.452392320490243,3.23757433062893,3.23916878540086,23.1214013425487,2.55547316877592,6.55767520624093,2.61688975122401,6.54768629275718,8.26168153137949,23.5498548220666,0.152503716863813,0.147568888396108,0.215425090162242,0.737744408863755,0.468388268717988,3,0.344539221673775,3.34071338252499,2.55881273297513,2.62480233183433,8.89592777743661,0.116157524938289,1.11803398874989,24.6024628151492,141.81618991923,Inf,0.292106666666667,0.331,0.005,0,0,95.0118413672738
straightOncoming,nominal,212,sharmaCertifiedPredictor,1,,1,1000,2,2.56797555514302e+21,2.09848401918738e+21,2.92162116235808e+23,2.0206811162811e+22,3.57527227166087e+23,3.57527227166087e+23,6.63493788149018e+25,3.57527227166087e+23,2.84711438997874e+24,3.57526026075431e+23,2.84709458037995e+24,103.47958698536,178.31806553265,0.0337004207988745,0.16746678124251,0.209163824487313,0.727819628329322,0.515201132540981,3,2.96278706806451e+21,4.12494987737392e+23,4.12494987737392e+23,4.12493601985937e+23,103.660223535775,0.119080836649746,3861574.10176995,554605833.654339,105385789903.988,Inf,0.301926666666667,0.49,0.005,0,0,95.0118413672738
straightOncoming,nominal,212,sharmaTunedPredictor,1,,0,1000,2,0.0393745571073898,0.103014051241137,1.87912525707317,0.0720438735299648,0.476755948753714,0.809832244104657,0.433001998017988,0.21378752449293,0.54612823091926,0.148581349043348,0.396601364256686,2.98176355631356,5.06991554231657,0.035557517916389,0.19409911366388,1.44428593402043,1.73841294400412,1.50826204504797,3,0.040393223391813,0.479030432376692,0.221922639607248,0.150661406811943,2.89612554793244,1.36539271349269,1.11803398874989,11.919651506488,9.50198131172942,1.24,0.289656666666667,0.506,0.005,0,0,95.0118413672738
straightOncoming,nominal,212,sharmaTunedCorrectedPredictor,1,,0,1000,2,0.0393745608185885,0.103014054116714,1.87912528312678,0.0720439045876459,0.476755939802098,0.80983222687786,0.433002021850711,0.213787472741327,0.546130562999315,0.148581278036742,0.39659891348197,2.98176371336616,5.06991543065157,0.035557517916389,0.19409911366388,1.44428593402043,1.73841294400412,1.50826204504797,3,0.0403932236828994,0.479030392954419,0.221922638886697,0.150661306425467,2.89612546435555,1.36539271349269,1.11803398874989,11.919651495137,9.50197990633136,1.24,0.287626666666667,0.323,0.005,0,0,95.0118413672738
straightOncoming,nominal,213,structured,1,,0,1000,2,0.0267175983605757,0.125642687122041,0.616330792498611,0.0580887446218653,0.09641286872021,0.0982675507550848,0.132893737001017,0.0626674639043961,0.165457487740596,0.0637806323830118,0.169853073936565,0.289171994320335,0.768450696475301,0.0351906090146381,0.0155206644207491,0.0487782790523703,0.145925521016367,0.0331069792064096,3,0.0266684808590029,0.101646902852033,0.0656187255129895,0.0647391596809418,0.303518181199631,0.0176550710974627,1.11803398874989,3.17239757862236,3.59612986682526,0.52,2.06291,5.315,0.005,0,0,95.0118413672738
straightOncoming,nominal,213,sharmaMatchedPredictor,1,,0,1000,2,0.0545822441031497,0.147392397121642,2.52127826826672,0.108713381590017,0.795168295811387,0.8029291130675,2.03154769218551,0.549625473248987,1.2768291482933,0.535519760920452,1.36700757499615,2.24173554441645,5.61353637193869,0.0292842643258884,0.16839199654539,0.236164624306682,0.549555287819652,0.552546712781749,3,0.0573469858977142,0.842647752560168,0.576062596626297,0.56338314455271,2.37728295711266,0.10167756438313,1.11803398874989,18.3088343159646,33.539373879464,5.7,0.30232,0.794,0.005,0,0,95.0118413672738
straightOncoming,nominal,213,sharmaCertifiedHold,1,,0,1000,2,0.342307328588699,0.352193404193613,3.23196833888551,0.429456904676824,3.17349710807154,3.17464445139417,22.6552979592043,2.5031059746111,5.92194081002975,2.54758893650617,5.97290079882729,8.03666819546874,22.3164617792237,0.155836920926233,0.163271250542445,0.224731463819087,0.801261406805488,0.515677784636832,3,0.344706747186372,3.10849964745475,2.48499505464434,2.54031497500799,7.72009452828694,0.0893786817803697,1.11803398874989,24.7606653167546,153.770740302755,Inf,0.294336666666667,0.371,0.005,0,0,95.0118413672738
straightOncoming,nominal,213,sharmaCertifiedPredictor,1,,1,1000,2,2.97739583366184e+21,2.43305181126869e+21,3.39032611083862e+23,2.30410301673577e+22,4.14884006596729e+23,4.14884006596729e+23,7.74671597363985e+25,4.14884006596729e+23,3.16718257209919e+24,4.14883661037752e+23,3.16714209598685e+24,104.200483265808,179.815386230445,0.0329890142477995,0.188207065869301,0.217744998757936,0.797220979096789,0.569652243067751,3,3.43515336616635e+21,4.78670043034393e+23,4.78670043034393e+23,4.78669644347705e+23,104.290760353889,0.0929741807905058,4137041.80705965,549129196.278162,97761400738.2431,Inf,0.30494,0.537,0.005,0,0,95.0118413672738
straightOncoming,nominal,213,sharmaTunedPredictor,1,,0,1000,2,0.0359902537540938,0.105970609864249,1.8762712054384,0.0780490634714638,0.481066531324064,0.809721845920025,0.402995886476491,0.175259925713064,0.481360458566188,0.133859138470612,0.353072535103856,3.01909709699966,5.51542885030984,0.0328145105528654,0.18466092294727,1.435653333311,1.72894520519391,1.5378658403194,3,0.0360094866369924,0.485256256303397,0.177524213684149,0.136414026183217,2.92807118986417,1.35715504685538,1.11803398874989,11.6593748972407,9.52314126482661,4.5,0.293023333333333,0.517,0.005,0,0,95.0118413672738
straightOncoming,nominal,213,sharmaTunedCorrectedPredictor,1,,0,1000,2,0.0359902549098469,0.105970611445753,1.87627118557658,0.0780490746922558,0.481066547019448,0.809721879753353,0.402995784962119,0.17525982812897,0.481358681356788,0.133859162868208,0.353070611094079,3.01909748267256,5.51542914731381,0.0328145105528654,0.18466092294727,1.435653333311,1.72894520519391,1.5378658403194,3,0.036009502297746,0.485256251882059,0.177524206573007,0.136414229907497,2.92807134071242,1.35715504685538,1.11803398874989,11.6593747382685,9.52313984611478,4.5,0.29154,0.331,0.005,0,0,95.0118413672738
straightOncoming,nominal,214,structured,1,,0,1000,2,0.0250500532394662,0.121085691566672,0.602578478713912,0.0599936367674319,0.0880335238727681,0.0880323924490573,0.124164619083744,0.0630010345422607,0.203428460370592,0.0626159954408999,0.180715582219417,0.23488526417397,0.707838254789459,0.0430112470188355,0.0157029638681428,0.0470849389967282,0.146715386856162,0.034010278000927,3,0.0226893286122498,0.0811976782173704,0.0592723655642153,0.0580538686640014,0.211434934335973,0.0158417071386735,1.11803398874989,3.07355432840311,3.58584117347814,0.5,2.12352,5.188,0.005,0,0,95.0118413672738
straightOncoming,nominal,214,sharmaMatchedPredictor,1,,0,1000,2,0.051076115565593,0.141116190561685,2.46900142437518,0.118690765300378,0.747443725162314,0.751933681214196,1.94978179414854,0.603361208250162,1.5543541007612,0.603754634202222,1.47018294990894,1.7082113525688,4.34789752260726,0.0379037540977736,0.20053988206387,0.224735112640938,0.510968830175793,0.542494561685058,3,0.0459574859664606,0.701425718125169,0.579159466015586,0.576381985907774,1.50844333897983,0.123261399769354,1.11803398874989,18.1197088183998,33.8082376996706,5.88,0.31466,0.798,0.005,0,0,95.0118413672738
straightOncoming,nominal,214,sharmaCertifiedHold,1,,0,1000,2,0.336871991062541,0.34909146154198,3.23882742569517,0.45389645161793,3.20826921186375,3.20933141387478,22.9499836352016,2.56185324908582,6.32245955695514,2.63348472303461,6.81797441801686,8.02249498479713,24.6000516179842,0.152338249996287,0.168140580669271,0.212067947645941,0.738650418199186,0.518867832636423,3,0.339740949233415,3.14164694529315,2.55131667176094,2.62419858486181,7.62587932401562,0.105705702147321,1.11803398874989,22.3420460847058,137.92176568346,Inf,0.29546,0.355,0.005,0,0,95.0118413672738
straightOncoming,nominal,214,sharmaCertifiedPredictor,1,,1,1000,2,1.23827174224848e+21,1.01188403344246e+21,1.41907874112743e+23,9.59157733346277e+21,1.73656767681726e+23,1.73656767681726e+23,3.26679930079667e+25,1.73656767681726e+23,1.34044279369919e+24,1.73658095678265e+23,1.34046171279882e+24,103.870223019862,178.83298862833,0.0391843980540678,0.190822759184589,0.206815238520117,0.737547731005406,0.579350288644219,3,1.42864892048366e+21,2.00355499700481e+23,2.00355499700481e+23,2.00357031868871e+23,103.684353740305,0.111295167822563,1768930.83898555,250677303.380185,49375463907.844,Inf,0.307226666666667,0.385,0.005,0,0,95.0118413672738
straightOncoming,nominal,214,sharmaTunedPredictor,1,,0,1000,2,0.0337128038083575,0.102607950209258,1.86393610667095,0.0813671802613626,0.459193135881169,0.78794989408019,0.386558891654802,0.223112504465282,0.622931935022159,0.138709975213757,0.455813060293529,2.88273386609049,5.07120113194801,0.0362057276037146,0.193791111315737,1.42544411485317,1.72261329603458,1.49000109356128,3,0.0309037827989681,0.440316438087156,0.214178377919491,0.130884463501436,2.74314076354755,1.34433566657829,1.11803398874989,11.5484202612849,9.01512260566711,1.12,0.29613,0.53,0.005,0,0,95.0118413672738
straightOncoming,nominal,214,sharmaTunedCorrectedPredictor,1,,0,1000,2,0.0337127920820272,0.102607951001061,1.8639361123208,0.0813671449948608,0.459193078311759,0.787949846491589,0.386559158081259,0.223112373996729,0.622933453149697,0.138709952379134,0.45581457460467,2.88273397560119,5.0712021001285,0.0362057276037146,0.193791111315737,1.42544411485317,1.72261329603458,1.49000109356128,3,0.0309037767079921,0.440316414953995,0.21417829562703,0.13088450835836,2.74314092783134,1.34433566657829,1.11803398874989,11.5484202490909,9.01512163525383,1.12,0.29159,0.342,0.005,0,0,95.0118413672738
straightOncoming,nominal,215,structured,1,,0,1000,2,0.0278530446385729,0.126207450519766,0.624163519995528,0.0552798056769313,0.100332836928256,0.101971723640179,0.136070337521771,0.0761517944247409,0.168428931176798,0.0748258539084651,0.170109202148758,0.259022522266927,0.774721560969155,0.0358790083863598,0.0169179581062089,0.0532927426693414,0.151586144297697,0.0331800253352827,3,0.0287859225116764,0.102054963692608,0.0782213535991551,0.0786372111859611,0.25038008655483,0.0205595777098547,1.11803398874989,3.15570221844487,3.63472310588123,0.5,2.07957,5.36,0.005,0,0,95.0118413672738
straightOncoming,nominal,215,sharmaMatchedPredictor,1,,0,1000,2,0.0608785061123797,0.146695792755591,2.50923539668492,0.13274415750347,0.929189400165459,0.936824685180998,2.28194969692319,0.764932112972033,1.87139032639875,0.718531223558682,1.59514671520121,2.07564658399692,6.36259369184846,0.0380370946470128,0.219922397872183,0.262481140080845,0.643146925869832,0.575953478996385,3,0.0646926198281578,0.962110682874444,0.808460531604207,0.76885120490976,2.02132695748039,0.12081881528707,1.11803398874989,18.4165229540664,33.2899034968577,6,0.303563333333333,0.808,0.005,0,0,95.0118413672738
straightOncoming,nominal,215,sharmaCertifiedHold,1,,0,1000,2,0.342473968522809,0.34845808493202,3.28053303750696,0.454865235042356,3.14042608452472,3.14318514558697,22.425925750128,2.49329128055034,5.40282195459189,2.55806945643422,5.7397431399012,7.88856221425497,20.5600686835903,0.157791541920239,0.142510774013663,0.243821265533484,0.770908287406351,0.496544185967999,3,0.343360542877947,3.14451544328762,2.50214705867454,2.57687652815838,7.87079351378854,0.113264640791473,1.11803398874989,25.3438597934522,136.169043287719,6,0.29582,0.334,0.005,0,0,95.0118413672738
straightOncoming,nominal,215,sharmaCertifiedPredictor,1,,1,1000,2,2.11684096722117e+21,1.72982835914394e+21,2.41453414107558e+23,1.66297727251937e+22,2.95473522535635e+23,2.95473522535635e+23,5.50261641261826e+25,2.95473522535635e+23,2.35196292897299e+24,2.95472174034882e+23,2.35194399571387e+24,104.235041473363,179.523929937161,0.0311179026476978,0.152748167505335,0.235060415957635,0.762286163414416,0.531801432324564,3,2.44229312474229e+21,3.40900881930432e+23,3.40900881930432e+23,3.40899326105422e+23,104.461569209535,0.11787005266532,3157541.88711466,462225899.99169,90184544013.4279,Inf,0.301386666666667,0.354,0.005,0,0,95.0118413672738
straightOncoming,nominal,215,sharmaTunedPredictor,1,,0,1000,2,0.0377486945250187,0.107509881053129,1.89552487694371,0.0788441359622451,0.510638720406487,0.840740851525359,0.430924794762316,0.211243741206924,0.588342156107201,0.161463568995029,0.361222955869732,3.1053957913622,5.36921092809278,0.0407659475019898,0.216920410609545,1.46347549690006,1.74092081819519,1.62055494993944,3,0.0391038749559909,0.50319142524148,0.221470460511139,0.168446434141207,2.97319526991288,1.38603077383116,1.11803398874989,12.0169407003375,9.06443224737765,1.22,0.294216666666667,0.524,0.005,0,0,95.0118413672738
straightOncoming,nominal,215,sharmaTunedCorrectedPredictor,1,,0,1000,2,0.0377486915320422,0.1075098805561,1.89552486585285,0.078844196499849,0.510638841020582,0.840741006459877,0.430924600843754,0.211243582768838,0.588339992275872,0.161463546224065,0.36122079432986,3.10539672637341,5.36921229734498,0.0407659475019898,0.216920410609545,1.46347549690006,1.74092081819519,1.62055494993944,3,0.0391038698080412,0.503191563215967,0.221470260237916,0.168446362116606,2.9731964328224,1.38603077383116,1.11803398874989,12.0169405766179,9.0644297999821,1.22,0.290323333333333,0.341,0.005,0,0,95.0118413672738
straightOncoming,nominal,216,structured,1,,0,1000,2,0.0222944643847624,0.12300321077797,0.613361684344371,0.0500648080090018,0.0808758408618789,0.0812100651475716,0.115607787307451,0.0470760777340821,0.142425783206926,0.0448902747580955,0.135239797139477,0.252836260597092,0.731096190254841,0.0409642765758158,0.0147895447379447,0.05431815087733,0.167186018075227,0.0410109292548782,3,0.0230900557845448,0.0819767351387934,0.0462651121914614,0.0465590859145462,0.260750575906818,0.0186997853021196,1.11803398874989,3.25637721486348,3.77114135721367,0.48,2.08308333333333,5.333,0.005,0,0,95.0118413672738
straightOncoming,nominal,216,sharmaMatchedPredictor,1,,0,1000,2,0.0503469231060347,0.149511217371911,2.49711158450861,0.121896821500665,0.74561502670083,0.750512285388876,1.9417248994847,0.414831909309669,1.13047831590097,0.394558574194022,1.17265609252311,2.39200647367214,6.9710395713961,0.0267718302820217,0.157250716262078,0.238364171634351,0.619130945262462,0.38346840552251,3,0.0527684170335374,0.773303416026953,0.410709663799136,0.391868403194264,2.5176903682518,0.111673972986634,1.11803398874989,18.4061173906933,33.9803653896272,Inf,0.302686666666667,0.803,0.005,0,0,95.0118413672738
straightOncoming,nominal,216,sharmaCertifiedHold,1,,0,1000,2,0.344231307475327,0.348511788227784,3.04962635573112,0.436066641596305,3.07711098857187,3.07918233249241,22.0118298012487,2.37867775855218,5.6844367697089,2.4297742021336,5.56773648785551,7.98919844632151,19.7020190461299,0.153897345192583,0.122581904280539,0.229984898316071,0.799256339993749,0.443198911211362,3,0.345506989840058,3.09125588960309,2.34027671609191,2.40165604870752,8.26195644057248,0.112791945129199,1.11803398874989,22.2521934992391,137.192630197539,Inf,0.295296666666667,0.339,0.005,0,0,95.0118413672738
straightOncoming,nominal,216,sharmaCertifiedPredictor,1,,0,1000,2,0.117919223360217,0.21598633670544,5.75259859480839,0.245370285816206,4.29760445940137,4.30007630158845,30.7199288264485,2.62212877412746,8.21726638197324,2.60104083791613,8.17121109578323,12.9554637591195,34.2380091255499,0.0278602623782507,0.133404694088004,0.221017010048915,0.787339504292734,0.477602991276072,3,0.116725222343529,4.21517700970569,2.36460757596051,2.33961373028299,13.2689038496339,0.115228893174937,1.11803398874989,43.1570395328812,738.939422204691,Inf,0.30504,0.361,0.005,0,0,95.0118413672738
straightOncoming,nominal,216,sharmaTunedPredictor,1,,0,1000,2,0.031333809662284,0.106419320063989,1.8697003186968,0.0799059338705686,0.455914445609173,0.80283958073712,0.357023353725209,0.174110727910949,0.457390195975588,0.102165043376683,0.31846634246395,2.99292283881604,4.73625168740313,0.0346465419446632,0.191850767364227,1.46457812244267,1.7670304598046,1.53226492096471,3,0.0322683521841473,0.453571696507354,0.175617676474652,0.103335917587441,2.89174023461001,1.38385559323764,1.11803398874989,11.6360301334217,9.32737788422041,1.4,0.294493333333333,0.504,0.005,0,0,95.0118413672738
straightOncoming,nominal,216,sharmaTunedCorrectedPredictor,1,,0,1000,2,0.0313338257851176,0.106419322915151,1.86970032174402,0.0799059036083969,0.455914772702684,0.802839925863362,0.357023323723352,0.174110744323649,0.457387945665749,0.102165103732136,0.31846834262382,2.99292435994334,4.73625298539563,0.0346465419446632,0.191850767364227,1.46457812244267,1.7670304598046,1.53226492096471,3,0.0322683701003392,0.453572032743621,0.17561774261944,0.103335941549245,2.89174172952378,1.38385559323764,1.11803398874989,11.6360301047023,9.32737720253103,1.4,0.293163333333333,0.364,0.005,0,0,95.0118413672738
straightOncoming,nominal,217,structured,1,,0,1000,2,0.0239903573202818,0.125748740270264,0.617744563143956,0.0627933693559083,0.090301607229001,0.0929809299788088,0.125482631343293,0.0549120786994857,0.17690337742847,0.0553291836812368,0.162064150570242,0.28680032680177,0.799457828613287,0.0376597491105233,0.015233843194377,0.050334486932952,0.155006885881996,0.0375316919371289,3,0.0223001253810803,0.0839124687821283,0.0497073610448184,0.0510274961565208,0.264558066464331,0.017806252940476,1.11803398874989,3.09530953216778,3.60737445842463,0.52,2.08782,5.15,0.005,0,0,95.0118413672738
straightOncoming,nominal,217,sharmaMatchedPredictor,1,,0,1000,2,0.0530912417208715,0.140518791410363,2.4897504966791,0.130174261742941,0.797478621813209,0.799798422123089,2.11085796138574,0.579507512159766,1.69813265609837,0.564308139350254,1.9123905573918,2.10222406382233,6.13669624871336,0.0308926151982988,0.181170351424851,0.217424791435785,0.579906939355553,0.471906965589791,3,0.0514046310016242,0.798477794658402,0.545362586539328,0.519816508014405,2.22669421429307,0.114007235356927,1.11803398874989,17.9622030609103,32.9601199738745,5.68,0.305933333333333,0.806,0.005,0,0,95.0118413672738
straightOncoming,nominal,217,sharmaCertifiedHold,1,,0,1000,2,0.343668033864779,0.348934689455009,3.12647895713782,0.454721499749165,3.30397903723246,3.30670514528437,23.8311627403244,2.51534754492919,6.13537113555243,2.59163126497312,6.2936056718785,8.87285533995229,24.419306975823,0.151019237552453,0.150081730493012,0.215298042049406,0.815919592929253,0.476110476649529,3,0.344679446463932,3.41685931175409,2.60621217143148,2.6915017489276,9.14409049991596,0.105157926367015,1.11803398874989,22.2189210749711,137.084847554703,Inf,0.297713333333333,0.362,0.005,0,0,95.0118413672738
straightOncoming,nominal,217,sharmaCertifiedPredictor,1,,1,1000,2,7.95586801139654e+20,6.50133208910157e+20,9.09972336346504e+22,6.1529668068425e+21,1.11355945255142e+23,1.11355945255142e+23,2.09092387945104e+25,1.11355945255142e+23,8.5377324501176e+23,1.11355821411328e+23,8.53765148727327e+23,103.556534567885,177.874209585329,0.0290159674977501,0.169000303497484,0.2056108919494,0.814727866403237,0.512096162728633,3,9.17903708708823e+20,1.28476283153583e+23,1.28476283153583e+23,1.28476140269492e+23,103.637602322234,0.106798274603124,1127598.15919291,154680958.87054,29297411814.6989,Inf,0.306296666666667,0.414,0.005,0,0,95.0118413672738
straightOncoming,nominal,217,sharmaTunedPredictor,1,,0,1000,2,0.0330370933194679,0.104575957882512,1.86201454585322,0.078524092698093,0.479992265263908,0.812597090027481,0.377771753091024,0.226040553253673,0.64097936466416,0.125542864596742,0.354289772476523,2.97955164342152,4.75491759842715,0.036332756437021,0.204558912468543,1.4496046309162,1.7380571437657,1.55144479115895,3,0.0318691090324119,0.483671110236593,0.229115386098506,0.11773724746253,2.91458146618025,1.37258123435959,1.11803398874989,11.5796093576524,9.05749861128387,1.94,0.2948,0.554,0.005,0,0,95.0118413672738
straightOncoming,nominal,217,sharmaTunedCorrectedPredictor,1,,0,1000,2,0.0330370991262451,0.104575961309439,1.86201459649656,0.0785241777895171,0.479992195354231,0.812596993143427,0.377771962855558,0.226040518758653,0.640978056474966,0.12554291452546,0.354291391539086,2.97955144252672,4.75491857601903,0.036332756437021,0.204558912468543,1.4496046309162,1.7380571437657,1.55144479115895,3,0.0318691131041397,0.483670968846858,0.229115295579476,0.117737221490508,2.91458103916584,1.37258123435959,1.11803398874989,11.5796093333859,9.05749835399521,1.94,0.295283333333333,0.387,0.005,0,0,95.0118413672738
straightOncoming,nominal,218,structured,1,,0,1000,2,0.0284752502837659,0.123465948106234,0.612312007313767,0.0656171639795748,0.108771553865518,0.11384924384406,0.147145439967853,0.0730439741712375,0.169376776543771,0.0739507707752023,0.167069677972009,0.333566354103015,0.967678238222141,0.0349996717152315,0.0153154067874775,0.0587308332816374,0.167800758407099,0.0432607342427226,3,0.0262848846916412,0.0969054107005438,0.078874012065522,0.0788859799396735,0.221978407430045,0.0263425246773274,1.11803398874989,3.18941754855172,3.6866023490582,0.52,2.05863333333333,5.154,0.005,0,0,95.0118413672738
straightOncoming,nominal,218,sharmaMatchedPredictor,1,,0,1000,2,0.0469387131068655,0.145045018149111,2.45885893596223,0.0920101423453746,0.682861046403516,0.69219298807623,1.72713555836207,0.479894445449723,1.38859403939608,0.463800116474945,1.33001674697626,1.90835400542339,4.77050021080426,0.033964860759409,0.196450269053412,0.235188402413997,0.616730498510811,0.482762199764915,3,0.0454233104336442,0.656880339506361,0.477595980599781,0.478395252083747,1.73711270479438,0.102983367579918,1.11803398874989,17.7931137016329,32.7249247032894,Inf,0.30172,0.817,0.005,0,0,95.0118413672738
straightOncoming,nominal,218,sharmaCertifiedHold,1,,0,1000,2,0.342646304330792,0.349562032075697,3.33161982340801,0.450317545773991,3.24098795604037,3.2423055555827,23.0261274505523,2.618578243419,6.71894329916706,2.66415067358037,6.56257399980905,7.91404804440451,22.1173107955616,0.15220887895916,0.172912971015854,0.222864604414594,0.811952201508987,0.474166322990584,3,0.341365916581683,3.22469472241472,2.55357163827362,2.62102534119652,8.16116452423622,0.091376635833078,1.11803398874989,24.6199196870439,152.194757677194,Inf,0.291976666666667,0.334,0.005,0,0,95.0118413672738
straightOncoming,nominal,218,sharmaCertifiedPredictor,1,,1,1000,2,5.18152812874669e+21,4.23421241349755e+21,5.85513412365378e+23,4.0689942281678e+22,7.16509688143785e+23,7.16509688143785e+23,1.31990699602523e+26,7.16509688143785e+23,5.6173016816079e+24,7.16512519014075e+23,5.61728682354208e+24,104.251263084984,179.709771695325,0.0365502728468304,0.18996550357045,0.212348876422119,0.797975318294426,0.513532194329405,3,5.97815835976998e+21,8.26668943138405e+23,8.26668943138405e+23,8.26672209238765e+23,104.642339588972,0.0932928823425391,7604405.5913227,1001436641.6548,170373169434.198,Inf,0.30014,0.338,0.005,0,0,95.0118413672738
straightOncoming,nominal,218,sharmaTunedPredictor,1,,0,1000,2,0.0372620828201818,0.104810651404271,1.86461285452757,0.0804083661030661,0.525573873796397,0.858797349665249,0.412924990519539,0.241667799921125,0.585126226882544,0.147853121795259,0.334449485641215,3.15029900826518,5.56317118277081,0.0370887524396448,0.20685562823496,1.47206772938701,1.75625860565125,1.59067386779028,3,0.0354831517611159,0.507125234873851,0.239082625026511,0.155034699953828,3.0177850682466,1.39871084140729,1.11803398874989,11.6909338745106,9.03534968744632,5.9,0.292023333333333,0.501,0.005,0,0,95.0118413672738
straightOncoming,nominal,218,sharmaTunedCorrectedPredictor,1,,0,1000,2,0.0372620818874584,0.104810654210224,1.86461287385475,0.0804083418316839,0.525573740734683,0.858797165543329,0.412925172175521,0.241667802988114,0.585124386463802,0.147853100584679,0.334447595173692,3.15029845886381,5.56316997321808,0.0370887524396448,0.20685562823496,1.47206772938701,1.75625860565125,1.59067386779028,3,0.0354831496925493,0.507125142981735,0.239082607728377,0.155034715616966,3.01778473957388,1.39871084140729,1.11803398874989,11.6909337373727,9.03534870660107,5.9,0.290183333333333,0.332,0.005,0,0,95.0118413672738
straightOncoming,nominal,219,structured,1,,0,1000,2,0.0259214987540915,0.124592959762111,0.610690834414566,0.0499439014180387,0.0987765365777089,0.102093060757567,0.131554537376453,0.0674192368508998,0.174111945252617,0.0666408633325958,0.174276315408825,0.292751091570337,0.687636831412692,0.0422647520442225,0.0163699368667755,0.0510526103586593,0.155544422909429,0.0304692223107997,3,0.0248421736463133,0.0944893832342396,0.0676029325597013,0.0666929062703181,0.258578242258656,0.0207517964379911,1.11803398874989,3.13871718998933,3.58823517551294,0.5,2.07093,5.229,0.005,0,0,95.0118413672738
straightOncoming,nominal,219,sharmaMatchedPredictor,1,,0,1000,2,0.0508467019190588,0.14088058005609,2.46210167367597,0.138185247381477,0.767152585369975,0.773621047171781,1.96843273753645,0.568507422170386,1.79782950806621,0.562880466679729,1.83225435933769,2.00798538905622,5.54764558768716,0.0287980568244543,0.144768414804361,0.243118567568786,0.59821287827971,0.427929901173467,3,0.0509028392862546,0.779243770552603,0.610557451238156,0.610696443279743,1.8619983346038,0.118117672372864,1.11803398874989,17.9955489580078,32.6136073451616,5.96,0.30148,0.789,0.005,0,0,95.0118413672738
straightOncoming,nominal,219,sharmaCertifiedHold,1,,0,1000,2,0.341574278733256,0.347248075065605,3.15840577521446,0.454360967801409,3.2805071454415,3.28114838185251,23.3729919148476,2.58981866862844,5.89316616213527,2.65111024238766,6.24816960699486,8.32819004215779,24.7036931252841,0.15494802053981,0.159456878203506,0.238103026156557,0.805552111545508,0.500704668895941,3,0.343654092706855,3.29313091888187,2.58289338051608,2.65535506548596,8.42554171646769,0.122328156159468,1.11803398874989,23.474658536033,140.480329000954,Inf,0.294773333333333,0.453,0.005,0,0,95.0118413672738
straightOncoming,nominal,219,sharmaCertifiedPredictor,1,,1,1000,2,4.32606583380922e+21,3.53515048070448e+21,4.90378909402877e+23,3.40637395231139e+22,6.00090846816135e+23,6.00090846816135e+23,1.10862155057258e+26,6.00090846816135e+23,4.76033114198062e+24,6.00090564764118e+23,4.76034019910449e+24,103.457859836039,177.574480786575,0.0361318172985392,0.180636428142076,0.232268271460001,0.799317094643712,0.547493453902982,3,4.99117364350917e+21,6.92351372679521e+23,6.92351372679521e+23,6.92351047263624e+23,103.719607362572,0.125546473288934,6503596.0290733,900056815.33758,162985814189.446,Inf,0.305086666666667,0.497,0.005,0,0,95.0118413672738
straightOncoming,nominal,219,sharmaTunedPredictor,1,,0,1000,2,0.0337258906265956,0.103607462662684,1.85080782830556,0.0767462472330111,0.476091701616783,0.813873687468367,0.381326629157531,0.190626351077855,0.498109354519514,0.136255817757041,0.399820420887025,3.02115217016597,5.01416844136047,0.0347564277106286,0.185129930630374,1.4477963720534,1.74026074039667,1.53955961554346,3,0.0326583345203177,0.45047356268873,0.179298109223013,0.139635014431879,2.86273668774586,1.37347544692565,1.11803398874989,11.607066631005,9.15529201737433,1.08,0.291306666666667,0.507,0.005,0,0,95.0118413672738
straightOncoming,nominal,219,sharmaTunedCorrectedPredictor,1,,0,1000,2,0.0337258884893308,0.103607462870995,1.8508078282154,0.0767463412660707,0.476091594412286,0.813873575101008,0.381326763278298,0.190626205057719,0.498111044709805,0.136255855994155,0.3998218084323,3.02115203589323,5.01416838750671,0.0347564277106286,0.185129930630374,1.4477963720534,1.74026074039667,1.53955961554346,3,0.0326583391215508,0.450473350847977,0.179297785310168,0.139634982273596,2.86273634946892,1.37347544692565,1.11803398874989,11.6070665866861,9.15529125745616,1.08,0.29004,0.356,0.005,0,0,95.0118413672738
straightOncoming,nominal,220,structured,1,,0,1000,2,0.0280976248874786,0.124894194507843,0.622399073454966,0.0660504956532025,0.0960995960183842,0.0983828975725279,0.128336091536072,0.0649628634581778,0.169104311578847,0.0633413286970529,0.159934109479156,0.282372741963282,0.689984314815929,0.0397167745250859,0.0160449035679788,0.0519139996002692,0.150335216665789,0.0307916521007931,3,0.0287863118400446,0.0936883146907953,0.0628316389695383,0.0639325515992668,0.266576768026369,0.0224557196692605,1.11803398874989,3.10391183635927,3.50499325326001,0.5,2.08013,5.209,0.005,0,0,95.0118413672738
straightOncoming,nominal,220,sharmaMatchedPredictor,1,,0,1000,2,0.0543996850065043,0.134883477580561,2.40373601590266,0.1132519441327,0.785312774123407,0.79202201034152,2.0603144395037,0.492078574006484,1.29231332231569,0.487123048755874,1.29862746618383,2.37068833111145,5.93185940928404,0.0311199380264204,0.173206804976063,0.213059060121009,0.597366430673037,0.507744762477749,3,0.0519177494574767,0.731040717200943,0.434558019447224,0.445320978283354,2.25970412250489,0.0895065871976348,1.11803398874989,17.814462509135,32.7122506687501,5.98,0.303113333333333,0.807,0.005,0,0,95.0118413672738
straightOncoming,nominal,220,sharmaCertifiedHold,1,,0,1000,2,0.332406963589784,0.342101870562358,3.37498400568205,0.4347420548765,3.15065408378746,3.15345293204002,22.4854682071029,2.51724723490418,5.47241918906299,2.57067942287947,5.5865791389881,7.8110120953483,21.1939377705511,0.151289165215477,0.166099171335016,0.213361653180278,0.841491949582198,0.629127904083731,3,0.330962383110368,3.04547526588229,2.49513703855456,2.5544842543391,7.20401338399985,0.108226011464831,1.11803398874989,25.0313515731962,155.124081795877,6,0.293006666666667,0.332,0.005,0,0,95.0118413672738
straightOncoming,nominal,220,sharmaCertifiedPredictor,1,,1,1000,2,4.40655546678663e+21,3.60092455249229e+21,5.00539135595028e+23,3.46974713350107e+22,6.1252420930906e+23,6.1252420930906e+23,1.13435917953197e+26,6.1252420930906e+23,4.87442335090868e+24,6.12522604251544e+23,4.87445023324461e+24,104.629154793154,178.89110404362,0.0354955131137687,0.188358710291771,0.210241401816467,0.832126482376952,0.703118054489768,3,5.08403809590674e+21,7.06696293343901e+23,7.06696293343901e+23,7.06694441517998e+23,104.60097481702,0.113764665581328,6666563.61268978,945213723.35681,176520176845.104,Inf,0.298636666666667,0.339,0.005,0,0,95.0118413672738
straightOncoming,nominal,220,sharmaTunedPredictor,1,,0,1000,2,0.0365973498819341,0.103940329882949,1.86137328383145,0.0804444053694552,0.478395575647511,0.815084350198719,0.389610679639156,0.191702172795508,0.603087357495326,0.13388140633932,0.325522503400272,3.02362485888159,5.32633296340775,0.036305045464326,0.201347193469952,1.45224247788449,1.74715891111383,1.56867623330668,3,0.0364670374831201,0.460490103236366,0.203042216628314,0.136025440843068,2.86260738711162,1.37608480559537,1.11803398874989,11.5836650794292,8.88808099333219,1.9,0.291003333333333,0.501,0.005,0,0,95.0118413672738
straightOncoming,nominal,220,sharmaTunedCorrectedPredictor,1,,0,1000,2,0.0365973187514492,0.103940321314889,1.86137323021466,0.0804443699771864,0.478395575309212,0.8150843346197,0.389611292268937,0.191702068023071,0.603088850407014,0.133881460333681,0.325521177736544,3.02362506849575,5.32633233459443,0.036305045464326,0.201347193469952,1.45224247788449,1.74715891111383,1.56867623330668,3,0.036466998883554,0.460490132938236,0.203042016310314,0.136025400946679,2.86260794376765,1.37608480559537,1.11803398874989,11.5836649830752,8.88807785372834,1.9,0.290096666666667,0.327,0.005,0,0,95.0118413672738
straightOncoming,noiseFree,201,structured,1,,0,1000,2,0.000825423252505787,0.121005798002487,0.612333184197198,0.00415103355994852,0.014913700583504,0.0236835740804377,0.0385779114602205,0.0135259179495095,0.0621133555352706,0.00480424999323571,0.0166270645908142,0.0743417575559454,0.267111482965483,0.0380064695792276,0.0155041881484874,0.0510128388972844,0.156465967753029,0.0339390892630958,3,0.000420073458191496,0.00252541919988896,0.00220089720915803,0.00297778326663885,0.0224713660419398,0.0177515010726625,1.11803398874989,3.14946690674591,3.6702774193195,0.5,2.03766333333333,5.224,0.005,0,0,95.0118413672738
straightOncoming,noiseFree,201,sharmaTunedPredictor,1,,0,1000,2,6.902565972656e-05,0.0991401639154391,1.8585136692503,0.000373211701154313,0.380774573667135,0.761231930905836,0.00332166096976285,0.00930727592668168,0.0117079205856125,0.000807336544485087,0.00436050293644286,2.9068858136137,3.5183043277044,7.52459540064457e-05,0.000890077506394149,1.45328740304627,1.7517341820577,1.45428351264287,3,1.56201862486583e-06,0.359807258737027,0.00874092718519752,1.81980035872066e-05,2.74795122604587,1.37436659637422,1.11803398874989,11.7349252499774,9.26576225817294,1,0.293343333333333,0.8,0.005,0,0,95.0118413672738
straightOncoming,noiseFree,201,sharmaTunedCorrectedPredictor,1,,0,1000,2,6.902565972656e-05,0.0991401639154391,1.8585136692503,0.000373211701154313,0.380774573667135,0.761231930905836,0.00332166096976285,0.00930727592668168,0.0117079205856125,0.000807336544485087,0.00436050293644286,2.9068858136137,3.5183043277044,7.52459540064457e-05,0.000890077506394149,1.45328740304627,1.7517341820577,1.45428351264287,3,1.56201862486583e-06,0.359807258737027,0.00874092718519752,1.81980035872066e-05,2.74795122604587,1.37436659637422,1.11803398874989,11.7349252499774,9.26576225817294,1,0.288823333333333,0.327,0.005,0,0,95.0118413672738
straightOncoming,sample20Hz,201,structured,1,,0,1000,2,0.0475113910326799,0.151356594317633,0.654968170443747,0.0963979527412796,0.161455090630088,0.161732895773796,0.21710065622173,0.113391784950162,0.281001590020754,0.113749175834142,0.26731063058736,0.440638598734795,1.05336353765213,0.040315678666768,0.0152602345769453,0.0499077198364123,0.146200512582089,0.0353143382196272,3,0.0458669176905488,0.160425691159731,0.120188297076277,0.118252762732854,0.402326307969365,0.0179206518624276,1.11803398874989,3.12786494174126,3.68174387601358,0.55,3.19646666666667,6.513,0.005,0,0,95.0118413672738
straightOncoming,sample20Hz,201,sharmaTunedPredictor,1,,0,1000,2,0.0597948903298872,0.139487775266246,2.0155684475655,0.107259641901909,0.593474114391157,0.882117135825027,0.621704187850754,0.30661190053546,0.652960225406851,0.230052372693971,0.553105884385751,3.15875090680146,5.68419027165589,0.0551980336392613,0.302593997030382,1.44572853969665,1.72356562392719,1.68253395233196,3,0.0566786433037961,0.572815032101791,0.299776919251555,0.232139612808669,3.01176989096524,1.36999560405503,1.11803398874989,12.4457369957687,10.039123015283,3.85,0.637091666666667,1.112,0.005,0,0,95.0118413672738
straightOncoming,sample20Hz,201,sharmaTunedCorrectedPredictor,1,,0,1000,2,0.0597948816195615,0.139487769697297,2.01556841137797,0.107259653939468,0.59347429892426,0.882117417401186,0.621703703898364,0.306611755568089,0.65295792272051,0.230052276080144,0.55310352305834,3.15875241274631,5.68419369368042,0.0551980336392613,0.302593997030382,1.44572853969665,1.72356562392719,1.68253395233196,3,0.0566786521806562,0.572815378467353,0.299776821493904,0.232139645390198,3.01177209639198,1.36999560405503,1.11803398874989,12.4457368741381,10.039121408917,3.85,0.630591666666667,0.69,0.005,0,0,95.0118413672738
straightOncoming,sample20Hz,202,structured,1,,0,1000,2,0.0426219634660681,0.148711506559909,0.663017341295951,0.0771766698427389,0.155118147743996,0.156911798335906,0.203298833600078,0.120157019564553,0.288658268447966,0.117990809761272,0.291254021707388,0.385891024998636,0.803123480667162,0.040771621824611,0.0160128051934949,0.055575280984238,0.167100126777417,0.0397265823320182,3,0.0407516156224974,0.145098303804091,0.118617056063162,0.118228418816901,0.324897502462345,0.0170232933498405,1.11803398874989,3.48243990351472,3.97164890870491,0.5,3.21285833333333,6.611,0.005,0,0,95.0118413672738
straightOncoming,sample20Hz,202,sharmaTunedPredictor,1,,0,1000,2,0.0580120071330488,0.14648146176192,2.04467840087538,0.0991101750084185,0.619874395681489,0.910701245225291,0.628968834091182,0.335482919864846,0.841776191170812,0.236994193339519,0.535576541589084,3.24255109016098,5.72912119067686,0.0612501578959215,0.336988739460304,1.47234421854448,1.78299019718305,1.74947496200859,3,0.0550348121595601,0.587152334666541,0.308631714869861,0.240640633054883,3.13159647238296,1.38682732941482,1.11803398874989,12.9515108707684,10.5257410844251,5.65,0.637783333333333,1.108,0.005,0,0,95.0118413672738
straightOncoming,sample20Hz,202,sharmaTunedCorrectedPredictor,1,,0,1000,2,0.0580119922450243,0.146481459515283,2.04467844153338,0.0991103059854978,0.619874705355123,0.910701603348109,0.628968964924481,0.335483039327911,0.841778240916023,0.236994290886048,0.53557738244054,3.24255251867822,5.72912260147692,0.0612501578959215,0.336988739460304,1.47234421854448,1.78299019718305,1.74947496200859,3,0.0550347962936734,0.58715260929334,0.308631759593369,0.240640705624437,3.13159784968297,1.38682732941482,1.11803398874989,12.9515109193961,10.5257415293168,5.65,0.632808333333333,0.721,0.005,0,0,95.0118413672738
straightOncoming,sample20Hz,203,structured,1,,0,1000,2,0.0476734363112685,0.151930227983583,0.67228980845384,0.0819359818464862,0.168284774011685,0.170766717255219,0.221495998045136,0.136682312517406,0.299849980338598,0.136942622902993,0.303250615648381,0.391175273961432,0.965741535396021,0.042826338377772,0.0160071198176065,0.0568819013966803,0.168080461352388,0.0411635898798138,3,0.0492859596780161,0.178484362845156,0.145644288607077,0.145415119923711,0.389994597457349,0.0232506601334201,1.11803398874989,3.34108862928891,3.84176628619126,0.55,3.21375,6.556,0.005,0,0,95.0118413672738
straightOncoming,sample20Hz,203,sharmaTunedPredictor,1,,0,1000,2,0.0590951971853486,0.143225256049582,2.04197553064276,0.106210493277552,0.63197084453575,0.924555025495565,0.611226466762398,0.379461961111407,1.05050568155528,0.243789307679118,0.546939326290147,3.21653256111146,6.0789576547809,0.0581851665575678,0.326618656877641,1.49446033932899,1.80099247588105,1.71964501562726,3,0.06018871180132,0.608316177293451,0.375866838240203,0.24740131278596,3.0050995954733,1.41202549809811,1.11803398874989,12.2907557337826,9.45536928279762,5.9,0.646391666666667,1.144,0.005,0,0,95.0118413672738
straightOncoming,sample20Hz,203,sharmaTunedCorrectedPredictor,1,,0,1000,2,0.059095185327502,0.143225260544421,2.04197554576396,0.106210309658903,0.63197065455382,0.924554756443979,0.611226386573038,0.37946192278638,1.05050784066463,0.243789200308917,0.546937025050347,3.21653165003541,6.07895469081568,0.0581851665575678,0.326618656877641,1.49446033932899,1.80099247588105,1.71964501562726,3,0.060188693586765,0.608315929694691,0.375866777389953,0.247401211257984,3.00509839924968,1.41202549809811,1.11803398874989,12.2907557000778,9.45536919283678,5.9,0.630391666666667,0.729,0.005,0,0,95.0118413672738
straightOncoming,sample20Hz,204,structured,1,,0,1000,2,0.0421831773990882,0.147563661830279,0.662333508403667,0.080330717539285,0.152908793715723,0.155648889229233,0.198336050790185,0.12149574830567,0.271689744068293,0.121280091361096,0.259103576308547,0.37173788555228,0.986499430701721,0.0425470288921282,0.0150080013774214,0.0566052916546116,0.163075697453543,0.0355902734797372,3,0.0379339518757683,0.143874153620535,0.112830995916369,0.112908087313185,0.350092160874279,0.0227671889044945,1.11803398874989,3.35580424842245,3.84025400540367,0.5,3.22916666666667,6.497,0.005,0,0,95.0118413672738
straightOncoming,sample20Hz,204,sharmaTunedPredictor,1,,0,1000,2,0.0547004963475234,0.143088066993957,2.02718568141652,0.103739624386859,0.625093075948796,0.923050393114263,0.580411168015911,0.371787775361977,0.926565189875134,0.224327197073694,0.583990702274257,3.22050160694541,5.89040971450937,0.0612844090171024,0.334400715480229,1.47343720678389,1.78252039338355,1.73876431520767,3,0.0524051475601073,0.628278244581342,0.381590135708009,0.217837095146717,3.12305778541995,1.38875174404753,1.11803398874989,12.5572014821661,9.98749668838469,3.7,0.6322,1.116,0.005,0,0,95.0118413672738
straightOncoming,sample20Hz,204,sharmaTunedCorrectedPredictor,1,,0,1000,2,0.0547004970801879,0.143088067474421,2.02718563753578,0.103739475891916,0.625093138889959,0.923050394967908,0.580412276362234,0.371787924607637,0.926567993278741,0.22432749542486,0.583993495746935,3.22050159906098,5.89040925681555,0.0612844090171024,0.334400715480229,1.47343720678389,1.78252039338355,1.73876431520767,3,0.0524051610741709,0.628278262645542,0.381590164752263,0.217837198507552,3.12305794604091,1.38875174404753,1.11803398874989,12.5572011889504,9.98749315958517,3.7,0.629683333333333,0.679,0.005,0,0,95.0118413672738
straightOncoming,sample20Hz,205,structured,1,,0,1000,2,0.0465925638658809,0.152550964865434,0.65955375302126,0.094791734466902,0.165738290040145,0.167253694606943,0.216790085184064,0.116793769397519,0.253352156155213,0.115853039241795,0.263054647777892,0.457940262831805,1.05809354423128,0.0398672407441415,0.0183917700436258,0.060579895999341,0.159354845796286,0.0420062819185936,3,0.0475663685498649,0.173359631443338,0.124935571163721,0.124059294692037,0.464612789832624,0.0316131581691536,1.11803398874989,3.34039007276294,3.78073168640985,0.55,3.248525,6.783,0.005,0,0,95.0118413672738
straightOncoming,sample20Hz,205,sharmaTunedPredictor,1,,0,1000,2,0.0629964897298153,0.143808164700129,1.98570711133077,0.126019042836865,0.633600581343727,0.929584372071852,0.678638043725859,0.325095616536195,0.727916529451251,0.240575810096416,0.591362762522294,3.32942840230753,5.76563541602161,0.0614087423209751,0.337807264721179,1.48927812041409,1.75212007819539,1.75156017546372,3,0.0641064146387184,0.622512030269801,0.313124399977574,0.24457902363332,3.217996443372,1.42036285492956,1.11803398874989,12.2608171994247,10.0849974278438,5.4,0.632533333333333,1.129,0.005,0,0,95.0118413672738
straightOncoming,sample20Hz,205,sharmaTunedCorrectedPredictor,1,,0,1000,2,0.0629964849972296,0.143808166221932,1.985707144365,0.126019010701109,0.6336007296322,0.929584542442878,0.678638057391402,0.32509560616041,0.727917649898856,0.240575894100876,0.591362342163908,3.32942926419841,5.76563739863121,0.0614087423209751,0.337807264721179,1.48927812041409,1.75212007819539,1.75156017546372,3,0.0641064149645096,0.622511980827,0.313124311606261,0.244579071385267,3.2179963975442,1.42036285492956,1.11803398874989,12.2608171606126,10.0849963710587,5.4,0.628008333333334,0.68,0.005,0,0,95.0118413672738
straightOncoming,sample100Hz,201,structured,1,,0,1000,2,0.0205215154422408,0.117716363431952,0.611234799027443,0.0647465730106513,0.0771847057739489,0.0799211906615227,0.103976760890047,0.0580287353993479,0.178513699821528,0.0558373354074803,0.181299187370261,0.209937838130226,0.644667095656344,0.0365942880816451,0.0151838766317427,0.0491695754847099,0.151406850618412,0.0352428677894359,3,0.0220437087266769,0.0793515782665789,0.0587278270173511,0.0592491518959243,0.205563787614967,0.0160834692007883,1.11803398874989,3.13914083523363,3.61896663193051,0.5,1.73904166666667,4.598,0.005,0,0,95.0118413672738
straightOncoming,sample100Hz,201,sharmaTunedPredictor,1,,0,1000,2,0.0271353435430669,0.0956313211302211,1.8296494344417,0.0804708455193546,0.433762247931123,0.788174469685223,0.305018065911119,0.128219900293409,0.396068196662002,0.111967616734239,0.304350315410765,2.97024390845227,4.7626072776062,0.0230096936646238,0.128712232894102,1.45226672408102,1.75406103991237,1.51070350380731,3,0.0283261168785911,0.413201626171908,0.126701818243737,0.114077789024412,2.79750962342335,1.37304408042304,1.11803398874989,11.6309268798329,9.31718261461959,1.18,0.179155,0.665,0.005,0,0,95.0118413672738
straightOncoming,sample100Hz,201,sharmaTunedCorrectedPredictor,1,,0,1000,2,0.0271353328782698,0.0956313199113688,1.82964944258283,0.0804707460648744,0.433762298086068,0.788174505760194,0.305018583172418,0.128219866700552,0.396066418997213,0.111967714175325,0.304351754715096,2.97024423269364,4.76260887712115,0.0230096936646238,0.128712232894102,1.45226672408102,1.75406103991237,1.51070350380731,3,0.0283261031760344,0.413201619212581,0.126701779373374,0.114077858365206,2.79750970893351,1.37304408042304,1.11803398874989,11.630926846568,9.31718199643478,1.18,0.176116666666667,0.249,0.005,0,0,95.0118413672738
straightOncoming,sample100Hz,202,structured,1,,0,1000,2,0.0194184991352405,0.114651683343882,0.599585283978481,0.0360694236762293,0.0767479591262224,0.0804647750954599,0.099398769297694,0.0532841651991865,0.145156228611222,0.0489302227807097,0.126120483157685,0.230464242768374,0.59680889123469,0.038582650999,0.015453489844751,0.052280304826442,0.15724519490766,0.0363733674318827,3,0.0195132775765254,0.0718619187013139,0.0468823399073877,0.0482235981036848,0.206467370501637,0.0184104008294707,1.11803398874989,3.14991357514826,3.65719704822557,0.49,1.7397,4.816,0.005,0,0,95.0118413672738
straightOncoming,sample100Hz,202,sharmaTunedPredictor,1,,0,1000,2,0.0252375883883278,0.0932658406078767,1.82358478359094,0.0565999477497114,0.439051371011114,0.790740250700919,0.284720860805607,0.142653233106375,0.406933906859861,0.0962988819093918,0.250278455329632,2.97064339833252,4.86144621121883,0.0236257553761573,0.132099982432561,1.44812318455548,1.74317175519265,1.49404395630791,3,0.0249766882550837,0.414886099316181,0.141972288392888,0.0954724344599291,2.78731117085323,1.36989089415354,1.11803398874989,11.5526952065924,9.13472321381438,1.04,0.177166666666667,0.662,0.005,0,0,95.0118413672738
straightOncoming,sample100Hz,202,sharmaTunedCorrectedPredictor,1,,0,1000,2,0.0252375884559784,0.0932658390347895,1.82358475414803,0.0566000042456588,0.439051313995558,0.790740184470282,0.284721083173628,0.142653151458916,0.406932569485065,0.0962989474021483,0.250276878402815,2.9706433421986,4.86144609410775,0.0236257553761573,0.132099982432561,1.44812318455548,1.74317175519265,1.49404395630791,3,0.0249766822975336,0.414886070377255,0.141972156877932,0.0954724580594446,2.78731130878065,1.36989089415354,1.11803398874989,11.552695138138,9.13472107075929,1.04,0.173688333333333,0.221,0.005,0,0,95.0118413672738
straightOncoming,sample100Hz,203,structured,1,,0,1000,2,0.0215372784994803,0.116187766389655,0.604880249436642,0.0539080133669793,0.0730566813287135,0.0764181425938312,0.100147896694861,0.0518679691142362,0.155039490705725,0.0510188677564035,0.160652083996197,0.214518573775975,0.873486563628222,0.0369626869190001,0.016462433297529,0.0497306406400389,0.154144154651586,0.029442742483287,3,0.0231239023195596,0.0741648156197375,0.051772796024174,0.0525289267286176,0.203994510107116,0.0197521487697341,1.11803398874989,3.06821759423004,3.56868275991049,0.51,1.73639666666667,4.699,0.005,0,0,95.0118413672738
straightOncoming,sample100Hz,203,sharmaTunedPredictor,1,,0,1000,2,0.0280020459613066,0.0923253063306019,1.80398009285271,0.062610128061891,0.432093044918632,0.784747392521811,0.30562398566752,0.144167961577665,0.424011017595607,0.110745045585198,0.327026786009938,2.94773983901407,4.982756326708,0.0265140940280679,0.149169297362155,1.45078329268438,1.73655954653611,1.47767867572367,3,0.0293590298575631,0.427497836443718,0.153244406974829,0.11187983890061,2.83988161396581,1.37353609107242,1.11803398874989,11.3124764454462,9.0028018132869,1.11,0.17633,0.683,0.005,0,0,95.0118413672738
straightOncoming,sample100Hz,203,sharmaTunedCorrectedPredictor,1,,0,1000,2,0.0280020538523198,0.0923253083271422,1.80398010703901,0.0626102385126361,0.432093164455139,0.784747513278617,0.305623911214867,0.144167932241888,0.424009291137795,0.11074512276571,0.327024772486361,2.94774050103602,4.98275745701063,0.0265140940280679,0.149169297362155,1.45078329268438,1.73655954653611,1.47767867572367,3,0.0293590429137172,0.427497982958371,0.153244470345377,0.111879964975711,2.83988226793171,1.37353609107242,1.11803398874989,11.312476445233,9.00280108869677,1.11,0.17495,0.206,0.005,0,0,95.0118413672738
straightOncoming,sample100Hz,204,structured,1,,0,1000,2,0.0183465492405209,0.112652068781438,0.593035787428768,0.0403644603931107,0.0701926065044834,0.0713006321495591,0.0938416809563185,0.050670102338672,0.172565097110935,0.0452534488175564,0.133822523353921,0.191619493474059,0.51538332454976,0.0376266904318867,0.0154200416761494,0.0514611798080073,0.159254491063615,0.0362361145587166,3,0.0176074653768478,0.0625666667174087,0.0417876203714454,0.0432421969966999,0.178217630718431,0.0164289970620212,1.11803398874989,3.07310514806508,3.59943350252602,0.49,1.73757666666667,4.71,0.005,0,0,95.0118413672738
straightOncoming,sample100Hz,204,sharmaTunedPredictor,1,,0,1000,2,0.0238592107866014,0.0900776953361369,1.79855677990116,0.0539007169133574,0.437853016827845,0.789471755595055,0.272442873959216,0.153552748358338,0.404283618023653,0.0930794080253538,0.258388621194115,2.95708672666953,4.47712694448817,0.0266682444150152,0.14947884804838,1.44183414185479,1.74696395146423,1.51892202412531,3,0.0219118645609177,0.411271326159924,0.148650430841182,0.0883076608232161,2.77684646424757,1.36083786868971,1.11803398874989,11.459283031793,9.31448367281183,1.12,0.176395,0.681,0.005,0,0,95.0118413672738
straightOncoming,sample100Hz,204,sharmaTunedCorrectedPredictor,1,,0,1000,2,0.0238592137638565,0.0900776965934158,1.79855677123665,0.0539008207966719,0.437852947287853,0.789471664231165,0.272443291489752,0.153552702594327,0.404285029296288,0.0930794627194695,0.258390648008803,2.95708658687083,4.47712728116245,0.0266682444150152,0.14947884804838,1.44183414185479,1.74696395146423,1.51892202412531,3,0.0219118493021161,0.411271258338346,0.148650307333876,0.0883075458863384,2.77684644250016,1.36083786868971,1.11803398874989,11.4592829975406,9.31448306630834,1.12,0.176106666666667,0.251,0.005,0,0,95.0118413672738
straightOncoming,sample100Hz,205,structured,1,,0,1000,2,0.0178223747707688,0.116678998569462,0.61074031015801,0.037937635212397,0.0708836532852572,0.0739011554696176,0.0970025640628952,0.0528771013129622,0.140079843475538,0.0496756994862473,0.142054368997933,0.197291994246361,0.481932224960761,0.0366003678565963,0.0158061232272104,0.0548181699808621,0.161544587399101,0.0390694320029464,3,0.0178404414370466,0.0679812196691638,0.0453766705503487,0.0451815508588489,0.196048429645364,0.0228550643175456,1.11803398874989,3.15685450345553,3.63589501854628,0.5,1.736665,4.654,0.005,0,0,95.0118413672738
straightOncoming,sample100Hz,205,sharmaTunedPredictor,1,,0,1000,2,0.0242944814212858,0.0937409734279778,1.83320750471519,0.0529378505183043,0.445039408815735,0.805559216162,0.280082008578006,0.128933821660452,0.319029913403712,0.105326566025532,0.275737683863117,3.03728251900981,4.69102167080026,0.0256280133069977,0.14102162273995,1.46354769044018,1.75633090950064,1.5387806342473,3,0.0238632167440712,0.420767171742458,0.120485478490418,0.0967287459847596,2.86667969189497,1.38733866394104,1.11803398874989,11.4255904146348,8.94217109901508,1.09,0.177538333333333,0.676,0.005,0,0,95.0118413672738
straightOncoming,sample100Hz,205,sharmaTunedCorrectedPredictor,1,,0,1000,2,0.0242944884257193,0.0937409738415389,1.83320749293817,0.0529379134861961,0.445039440935227,0.80555924985422,0.280081952139799,0.128933688322285,0.319028392069676,0.10532655930458,0.275739772486908,3.03728289147183,4.69102240350571,0.0256280133069977,0.14102162273995,1.46354769044018,1.75633090950064,1.5387806342473,3,0.0238632226050515,0.420767173488952,0.120485305957566,0.096728731152663,2.86667998755034,1.38733866394104,1.11803398874989,11.4255903417781,8.94216958513131,1.09,0.175555,0.225,0.005,0,0,95.0118413672738
straightOncoming,noise2x,201,structured,1,,0,1000,2,0.0526372938361558,0.133172048085785,0.635723613807688,0.120182985517017,0.199001497974387,0.203249926984432,0.256437249642949,0.114978521851967,0.305730159444337,0.112595366111062,0.288209707876536,0.640212166259248,1.61788869952397,0.0428291653803662,0.0175010763204856,0.0499689394190217,0.167762923746328,0.03938763409407,3,0.0506153824452168,0.182436500155673,0.113592752566313,0.113851473020348,0.550221541831231,0.0147279385069767,1.11803398874989,3.09611941255736,3.61642023449852,0.52,2.06752333333333,5.269,0.005,0,0,95.0118413672738
straightOncoming,noise2x,201,sharmaTunedPredictor,1,,0,1000,2,0.0689364019564935,0.122122202413942,1.91777496328809,0.155788791957917,0.697391266287052,0.955266310461008,0.758159521319114,0.406691689655709,1.14213889425748,0.263100648792229,0.74050465991661,3.29259961224216,7.48072770517303,0.0634623087037385,0.354646185604207,1.42723642359298,1.77668493348922,1.75479192799802,3,0.0676301652912263,0.640518951809586,0.397429821122037,0.268011831490178,2.98083634407179,1.33787549114052,1.11803398874989,11.4552631177872,9.3413110121378,4.46,0.291203333333333,0.774,0.005,0,0,95.0118413672738
straightOncoming,noise2x,201,sharmaTunedCorrectedPredictor,1,,0,1000,2,0.0689363604439214,0.12212217312498,1.91777506942361,0.155789133214606,0.697391121492865,0.955266077681321,0.758160317957736,0.406691478553151,1.14213193186065,0.263100746672975,0.74051137308842,3.29259974309548,7.4807295398159,0.0634623087037385,0.354646185604207,1.42723642359298,1.77668493348922,1.75479192799802,3,0.0676301177564889,0.640518687971099,0.397429464207741,0.268011538358879,2.98083631468451,1.33787549114052,1.11803398874989,11.4552631428123,9.34130975611196,4.46,0.290783333333333,0.341,0.005,0,0,95.0118413672738
straightOncoming,noise2x,202,structured,1,,0,1000,2,0.053103967080262,0.128032085513034,0.614705328549434,0.134777356967465,0.180249847547424,0.183811036393077,0.243119577540232,0.133212326582382,0.342225215137272,0.134731593672983,0.339594942108569,0.483787885181708,1.44773087615981,0.0398213894330958,0.0142530732575121,0.0536189591856911,0.172539751490675,0.0350366362943827,3,0.0577495072261504,0.185652409819379,0.14319679046586,0.142720210942676,0.45099386569954,0.0212597513123742,1.11803398874989,3.16018162525845,3.7079602866981,1.1,2.07001666666667,5.155,0.005,0,0,95.0118413672738
straightOncoming,noise2x,202,sharmaTunedPredictor,1,,0,1000,2,0.0683371994379579,0.11532084690045,1.8510037682172,0.152398387658265,0.676222931265413,0.956263986733024,0.768838162439224,0.411694736026295,0.980774140947043,0.272498317019752,0.654401672839036,3.28882001821955,7.00169229242167,0.0679548198012355,0.375463373529125,1.46742321306657,1.76326172989573,1.75817754034783,3,0.0724193392191671,0.662957347609268,0.430011482539351,0.275387073870414,3.07910996340533,1.39066731415856,1.11803398874989,11.5826985488427,9.83591075074625,Inf,0.29269,0.795,0.005,0,0,95.0118413672738
straightOncoming,noise2x,202,sharmaTunedCorrectedPredictor,1,,0,1000,2,0.0683372764977756,0.115320881895787,1.85100365701678,0.152398420663418,0.676222577545658,0.95626369456339,0.768834938873095,0.411694005850675,0.98076605345492,0.272497654561222,0.654393355789885,3.28882090191557,7.00169194736349,0.0679548198012355,0.375463373529125,1.46742321306657,1.76326172989573,1.75817754034783,3,0.0724194493401814,0.662957337355102,0.430011444364809,0.275386829148114,3.07911039352841,1.39066731415856,1.11803398874989,11.5826982914825,9.8359045667317,Inf,0.28892,0.322,0.005,0,0,95.0118413672738
straightOncoming,noise2x,203,structured,1,,0,1000,2,0.0638967890563037,0.138012266230405,0.629211681014943,0.125159714693458,0.22164008020097,0.220958332652575,0.291702950631333,0.165725505785886,0.436193987423463,0.166603705818392,0.432511537167652,0.558893610433407,1.41794088730795,0.0381847796957008,0.0157590126632307,0.0548363973835397,0.166942635216091,0.0462200857563551,3,0.062336389876167,0.214300314766742,0.174698061057184,0.174846600072375,0.474685317542061,0.0239604079802065,1.11803398874989,2.93806039375795,3.39829538962802,0.52,2.05981333333333,5.33,0.005,0,0,95.0118413672738
straightOncoming,noise2x,203,sharmaTunedPredictor,1,,0,1000,2,0.074994969896078,0.122838064697088,1.83304832126962,0.17338165421511,0.697425828605086,0.961691075286462,0.791284697914652,0.346416693517192,0.881382412684799,0.268242721503149,0.752191020341815,3.43415461446614,7.7636143156406,0.0735442489791414,0.411261006943944,1.45891315410032,1.75682712214214,1.8951971453311,3,0.0738732454373362,0.696305354033268,0.363467239784556,0.268509928566571,3.30641055802835,1.37430625526266,1.11803398874989,11.3321784226476,8.97255911455077,Inf,0.29644,0.786,0.005,0,0,95.0118413672738
straightOncoming,noise2x,203,sharmaTunedCorrectedPredictor,1,,0,1000,2,0.0749949125634681,0.122838045471981,1.83304817467542,0.17338204309591,0.697425770106499,0.961690977960434,0.791286032389801,0.34641662784417,0.881389481752421,0.268242759855105,0.752197929984053,3.43415521227626,7.7636188139911,0.0735442489791414,0.411261006943944,1.45891315410032,1.75682712214214,1.8951971453311,3,0.073873193007079,0.696305347072261,0.363466699441255,0.268509354828678,3.30641288406922,1.37430625526266,1.11803398874989,11.3321781807462,8.97255577495648,Inf,0.289686666666667,0.353,0.005,0,0,95.0118413672738
straightOncoming,noise2x,204,structured,1,,0,1000,2,0.055278001455957,0.135071840869374,0.638601236541522,0.117795626829753,0.203976555675525,0.206744027221556,0.271192069207881,0.136995967706941,0.356326464341116,0.138085476167431,0.332813689852681,0.59036004527488,1.50919281869825,0.0490339480803523,0.015715887847688,0.0472152170635632,0.150377948202285,0.0327729295564764,3,0.0535809128595686,0.197598972071315,0.133092492971422,0.132886845148823,0.560779713852926,0.0133076231770252,1.11803398874989,3.11640874573181,3.70403913035597,0.52,2.07198333333333,5.195,0.005,0,0,95.0118413672738
straightOncoming,noise2x,204,sharmaTunedPredictor,1,,0,1000,2,0.0734032917734852,0.122251957873458,1.86522047553598,0.161037280196411,0.654271254111072,0.924906541809454,0.826301427222589,0.370892579138435,1.09172942728013,0.289013600136545,0.689667842313867,3.2294148190445,6.1862839286118,0.0686731370147564,0.363212804630036,1.43821993110271,1.76290472201573,1.77425564741876,3,0.0713823831124328,0.640715141057253,0.391453299685691,0.284096778677183,3.02370600018632,1.35417458964612,1.11803398874989,11.2792881511007,9.27128110384725,5.94,0.29406,0.782,0.005,0,0,95.0118413672738
straightOncoming,noise2x,204,sharmaTunedCorrectedPredictor,1,,0,1000,2,0.0734032559325387,0.122251946022323,1.8652205307265,0.161037672265229,0.654270742259022,0.924905850372401,0.826302463459458,0.370892246172939,1.09174044415845,0.289013946926894,0.689678859221939,3.22941321808822,6.18628404714054,0.0686731370147564,0.363212804630036,1.43821993110271,1.76290472201573,1.77425564741876,3,0.0713823640703914,0.640714574727037,0.391452984860817,0.284097464182029,3.02370408899897,1.35417458964612,1.11803398874989,11.2792878143542,9.27127515618481,5.94,0.2923,0.367,0.005,0,0,95.0118413672738
straightOncoming,noise2x,205,structured,1,,0,1000,2,0.0537262302801134,0.135500832413051,0.631127872385881,0.118400300627033,0.200723876861906,0.203142879322218,0.262848449912492,0.159261692670943,0.418008104763096,0.157058866677462,0.443913679141371,0.482316635796545,1.35930616154828,0.0463141625357695,0.0210573458482468,0.0618643611414022,0.177165073686735,0.04810302994766,3,0.0466060983861839,0.174503655662623,0.127166480153428,0.125173405851532,0.457355139854741,0.0292160935891725,1.11803398874989,3.12441086573874,3.55216977441263,0.52,2.08784,5.315,0.005,0,0,95.0118413672738
straightOncoming,noise2x,205,sharmaTunedPredictor,1,,0,1000,2,0.0718960935036309,0.124972096532689,1.88536800400333,0.150836536351272,0.67887729980318,0.968943048302176,0.808547190767904,0.381354895818604,1.03820493921061,0.310663656359216,0.894982462588136,3.39122637996968,6.63284529918605,0.0718253471931728,0.40199846399481,1.50244162544653,1.7808376332852,1.89457060840337,3,0.0673286387538488,0.646723519209153,0.346771618757275,0.285193074920969,3.22771926285442,1.43102225314711,1.11803398874989,11.7586362152081,8.74744037882133,5.78,0.295443333333333,0.807,0.005,0,0,95.0118413672738
straightOncoming,noise2x,205,sharmaTunedCorrectedPredictor,1,,0,1000,2,0.0718961014361216,0.124972096579573,1.88536812111869,0.15083707849124,0.678877230661215,0.968943004286974,0.808546461191792,0.381354208790075,1.0382133261977,0.310663589169544,0.894976262709843,3.39122821706272,6.63285615136676,0.0718253471931728,0.40199846399481,1.50244162544653,1.7808376332852,1.89457060840337,3,0.0673286431002475,0.646723660062657,0.346771336905638,0.285193294047877,3.22772091567337,1.43102225314711,1.11803398874989,11.7586361043657,8.74743808415591,5.78,0.284853333333333,0.323,0.005,0,0,95.0118413672738
straightOncoming,largeOffset,201,structured,1,,0,1000,2,0.0258829967210786,0.363275415380325,1.89988746858794,0.0567833046830421,0.111833163713269,0.129970915763502,0.162493059114068,0.072614670179315,0.233157587162454,0.0566311051207764,0.144892761155138,0.41260464750494,1.18555814204553,0.115485044784217,0.047385068585326,0.15166503369106,0.475045210109066,0.102018556915542,3,0.0252007886607073,0.0914005765908933,0.0567578747465464,0.0581927604296805,0.284686587758487,0.0485432159968537,3.35410196624968,9.401601701355,10.9204300924871,1.48,2.07949,5.05,0.005,0,0,95.0118413672738
straightOncoming,largeOffset,201,sharmaTunedPredictor,1,,0,1000,2,0.034446585341213,0.298859292414235,5.77601959615196,0.0778651349056403,1.27897551296358,2.50341169062838,0.379521659831302,0.230553621823147,0.662234734614426,0.131708231110195,0.371061287089073,9.49793026019023,13.0943073209116,0.031728603795535,0.177387553829607,4.74163227975409,5.74330523714316,4.79026366874843,3,0.0338166987647595,1.19593240943285,0.221310327315299,0.134026349626071,8.92531381598018,4.47829454507087,3.35410196624968,34.8502660681762,27.5374679845589,Inf,0.28948,0.785,0.005,0,0,95.0118413672738
straightOncoming,largeOffset,201,sharmaTunedCorrectedPredictor,1,,0,1000,2,0.0344465760685754,0.298859293388291,5.77601962654539,0.077865223980984,1.27897549350992,2.5034116689525,0.379521851588341,0.230552912052232,0.662233016621549,0.131708263013644,0.371062959717818,9.49793093152294,13.0943085140991,0.031728603795535,0.177387553829607,4.74163227975409,5.74330523714316,4.79026366874843,3,0.0338166872943685,1.19593237544252,0.221309632974381,0.134026276026775,8.92531441738299,4.47829454507087,3.35410196624968,34.8502661643241,27.537469706152,Inf,0.287336666666667,0.482,0.005,0,0,95.0118413672738
straightOncoming,largeOffset,202,structured,1,,0,1000,2,0.0266434914667825,0.361376096907372,1.89112892818221,0.0671937455243552,0.0974885539033235,0.116326344083164,0.165859965806334,0.0730742669366222,0.223089889321136,0.0688652176013548,0.17767875350437,0.346290627576119,1.05804099812444,0.114274998106746,0.0452303130164707,0.153979443244806,0.477437122093086,0.101272831646879,3,0.0287419093621738,0.0933537200826742,0.0723330931748524,0.0711502158114399,0.231920469725686,0.0538718175236065,3.35410196624968,9.41063313429455,11.0151995349168,1.48,2.04923333333333,5.418,0.005,0,0,95.0118413672738
straightOncoming,largeOffset,202,sharmaTunedPredictor,1,,0,1000,2,0.0341537331731653,0.294965278846061,5.74820964332326,0.0762017860613285,1.28115553542048,2.50941352494867,0.382372298532901,0.236727373642767,0.591814946504622,0.13577555997977,0.327304810047707,9.51434361454207,12.4740530277419,0.0339767916017263,0.187579879664283,4.74714569168544,5.71927770060853,4.77835628474306,3,0.0362063546894946,1.20686905771225,0.229169603509515,0.137746153916814,8.98083145772091,4.49080756847922,3.35410196624968,34.7980419134794,28.0267035634789,Inf,0.29132,0.9,0.005,0,0,95.0118413672738
straightOncoming,largeOffset,202,sharmaTunedCorrectedPredictor,1,,0,1000,2,0.0341537521837022,0.294965281422665,5.74820961907887,0.0762017883701346,1.28115554535387,2.50941354378594,0.382371532637512,0.236726487082663,0.591812940638247,0.135775404152276,0.32730274357985,9.51434457432292,12.4740545510859,0.0339767916017263,0.187579879664283,4.74714569168544,5.71927770060853,4.77835628474306,3,0.0362063815676325,1.20686906375776,0.229168917150148,0.137746095152933,8.98083225679074,4.49080756847922,3.35410196624968,34.7980418722085,28.0267027195634,Inf,0.29021,0.355,0.005,0,0,95.0118413672738
straightOncoming,largeOffset,203,structured,1,,0,1000,2,0.0321768567525807,0.365411825272499,1.89460403973341,0.0620365357583588,0.11496622658586,0.121952722991783,0.186174304646578,0.0888498044580776,0.222150889104849,0.0825352573939338,0.210262306928986,0.319585525168902,0.959446912297266,0.113256314240101,0.0464021995778613,0.154633296879322,0.474636193738712,0.106261458379163,3,0.0311983882881923,0.107275628123626,0.0875565779829949,0.0880938469006168,0.243459202305871,0.0555750501718585,3.35410196624968,9.33309081289217,10.8594830949962,1.48,2.05766333333333,5.146,0.005,0,0,95.0118413672738
straightOncoming,largeOffset,203,sharmaTunedPredictor,1,,0,1000,2,0.0374904606696832,0.298626108669347,5.73954136692568,0.0866727852179774,1.2749464301182,2.49924406271715,0.395718052992868,0.194253754661241,0.514100059301231,0.134089460987977,0.377542550494823,9.49964485938135,12.7157914014753,0.0367710805169413,0.205679442756515,4.74132518856037,5.71410866217254,4.78146132155695,3,0.0369359842128527,1.21265020318078,0.201915746496538,0.134320423815131,8.99234022861807,4.48115463452313,3.35410196624968,34.8452597129247,27.466237631171,Inf,0.290276666666667,0.771,0.005,0,0,95.0118413672738
straightOncoming,largeOffset,203,sharmaTunedCorrectedPredictor,1,,0,1000,2,0.0374904452605336,0.298626108010193,5.7395413358527,0.0866728766737025,1.27494645425822,2.49924408538657,0.395718439054798,0.19425277416516,0.514098475869073,0.134089480439082,0.377544272656472,9.49964586395288,12.7157930759645,0.0367710805169413,0.205679442756515,4.74132518856037,5.71410866217254,4.78146132155695,3,0.0369359699843827,1.21265033528551,0.201914841539586,0.134320279366731,8.99234162394355,4.48115463452313,3.35410196624968,34.8452597001296,27.4662367984185,Inf,0.28643,0.322,0.005,0,0,95.0118413672738
straightOncoming,largeOffset,204,structured,1,,0,1000,2,0.0275226112152781,0.364991639381,1.90282524202876,0.0562063209471411,0.107988192592678,0.122964562476637,0.180511691252301,0.0747559724127189,0.206836671958744,0.0692820012514734,0.156285837617787,0.373085921325314,1.10767706081631,0.118319632387791,0.0464024165632636,0.150579078329473,0.466357458722439,0.10008258163647,3,0.0268962986931035,0.0991075744278154,0.0670119512377075,0.0666100166843602,0.285043239278378,0.0490950317061926,3.35410196624968,9.41834819632217,10.953744470248,1.48,2.05207666666667,5.203,0.005,0,0,95.0118413672738
straightOncoming,largeOffset,204,sharmaTunedPredictor,1,,0,1000,2,0.0366880005692229,0.298979333771672,5.75394449637351,0.0804975027985971,1.27022167992527,2.4966772286352,0.413723125027844,0.216999370030486,0.518022300167868,0.144365261678429,0.344520434758692,9.47578898511244,12.5144409387453,0.0343427429272323,0.181636817558136,4.74012685005389,5.72816239509434,4.77527030780877,3,0.0356894870297381,1.19885344544531,0.220845362456947,0.141992768181171,8.93872164573825,4.4797546529072,3.35410196624968,34.6293328641016,27.6489952931684,Inf,0.289333333333333,0.783,0.005,0,0,95.0118413672738
straightOncoming,largeOffset,204,sharmaTunedCorrectedPredictor,1,,0,1000,2,0.0366879919422233,0.29897933471549,5.75394449336316,0.080497597483373,1.27022153176566,2.49667707890876,0.413723350730193,0.216998562171153,0.518020929533277,0.144365353619651,0.344523184253941,9.4757892073907,12.5144416616694,0.0343427429272323,0.181636817558136,4.74012685005389,5.72816239509434,4.77527030780877,3,0.0356894822268217,1.19885326955976,0.220844568459667,0.141992938422563,8.93872181113608,4.4797546529072,3.35410196624968,34.6293328363398,27.6489946928762,Inf,0.286513333333333,0.314,0.005,0,0,95.0118413672738
straightOncoming,largeOffset,205,structured,1,,0,1000,2,0.0272635070688548,0.365845707001397,1.89911883206681,0.056891685571689,0.114948739794867,0.129033058563816,0.173503095934123,0.0957846025991301,0.279937857966218,0.0821756511170653,0.24345775399221,0.331383641898453,1.047296027831,0.117010434136628,0.0489283314149638,0.157947808539115,0.479743678536429,0.107714394564567,3,0.0234115482693291,0.0885017084883997,0.0652506300267258,0.0616471763665191,0.238274430311988,0.0578573331465877,3.35410196624968,9.41989125256335,10.8996850378589,1.48,2.05336,5.072,0.005,0,0,95.0118413672738
straightOncoming,largeOffset,205,sharmaTunedPredictor,1,,0,1000,2,0.0359658986818489,0.300948593579533,5.77437362257681,0.075381037358409,1.28589431545297,2.51933216397914,0.404174576799409,0.22833957124628,0.634810444720118,0.155525859125004,0.447112388432025,9.55455840008169,12.3251289123982,0.0358977437918717,0.200819576324661,4.76758437116574,5.73146886084295,4.81741944456779,3,0.0336626286643006,1.20967550672715,0.199440279162144,0.142619229567932,9.02562739520531,4.51380935703487,3.35410196624968,35.0350163961038,27.5008880015863,Inf,0.291,0.782,0.005,0,0,95.0118413672738
straightOncoming,largeOffset,205,sharmaTunedCorrectedPredictor,1,,0,1000,2,0.0359659007209331,0.300948595660156,5.77437363510361,0.075381174326153,1.28589436702612,2.51933221829272,0.404174409263715,0.228338596476296,0.63480902837566,0.155525848991813,0.447110839385566,9.55455956883005,12.3251300703491,0.0358977437918717,0.200819576324661,4.76758437116574,5.73146886084295,4.81741944456779,3,0.0336626291850059,1.20967554832031,0.199439305092768,0.142619283449677,9.02562847577928,4.51380935703487,3.35410196624968,35.0350164046693,27.5008878843845,Inf,0.287773333333333,0.327,0.005,0,0,95.0118413672738
straightOncoming,radarDropout,201,structured,1,,0,1000,2,0.0247486353961308,0.123477177164963,0.621710686902541,0.0511415227963197,0.0961613336678474,0.100471874616384,0.120791649556715,0.0651786992205065,0.135599155297925,0.0599171514467363,0.142731548934389,0.292356483549074,0.661190718668195,0.0398714793468346,0.0163887469109462,0.0499753414482459,0.162113274603035,0.0354634159824633,3,0.0252890753209573,0.0917499362382442,0.0577047116553444,0.0584988008379231,0.275631343491282,0.0141264493842486,1.11803398874989,3.11343658439789,3.62889794443592,0.52,2.03037666666667,5.113,0.005,0,0,95.0118413672738
straightOncoming,radarDropout,201,sharmaTunedPredictor,1,,0,1000,2,0.0499461527008377,0.109140704064902,1.87872532752277,0.182769043399403,0.486757621390566,0.816482367466767,0.481521271837846,0.227704721747113,0.575263638649297,0.211045341620244,0.676442993280968,2.99729231652707,5.01203897764766,0.0317305279166939,0.177333784071761,1.4407835146849,1.76462200282794,1.53913342890869,3,0.0337696467444842,0.440233776969772,0.196756983693332,0.134205625986851,2.77361769051424,1.35668065127017,1.11803398874989,11.5353315618754,9.1854418378078,1.1,0.296403333333333,1.036,0.005,0,0,95.0118413672738
straightOncoming,radarDropout,201,sharmaTunedCorrectedPredictor,1,,0,1000,2,0.0499465560234524,0.109140826308275,1.87872547118664,0.18277169994229,0.486758218647832,0.816482684407466,0.481524331122368,0.227706063546114,0.575261889854506,0.2110472699538,0.676449538539639,2.99729230220271,5.01203954912881,0.0317305279166939,0.177333784071761,1.4407835146849,1.76462200282794,1.53913342890869,3,0.0337696358859163,0.440233705452068,0.196756895967742,0.134205642807338,2.77361761189676,1.35668065127017,1.11803398874989,11.5353315599368,9.18544157821219,1.1,0.284103333333333,0.479,0.005,0,0,95.0118413672738
straightOncoming,radarDropout,202,structured,1,,0,1000,2,0.0306134819013841,0.122107871212234,0.610380359655596,0.0674362195823685,0.0982471306351745,0.101548436541064,0.130978292509413,0.0784938438677173,0.179553004022821,0.0766337229631389,0.191654842923711,0.245999128412968,0.684738375949823,0.0385280666507934,0.0144281101125871,0.0521022038346743,0.16450518658685,0.0340610617389127,3,0.0290305671964704,0.0943909310278529,0.0738552528711494,0.0738717217326007,0.224920105731716,0.0188603029073209,1.11803398874989,3.1325279744131,3.68918697992515,0.52,2.01797333333333,5.026,0.005,0,0,95.0118413672738
straightOncoming,radarDropout,202,sharmaTunedPredictor,1,,0,1000,2,0.0444503265005465,0.103945693513786,1.84303357826441,0.153508692908629,0.495797085045575,0.832291460539271,0.454068546152564,0.219728913045077,0.533497603885964,0.162020746008919,0.407373144639173,3.06051366176185,5.31116890818369,0.0339772042259023,0.187699150979826,1.46026685211809,1.75746366397217,1.5414850649123,3,0.0361818503879864,0.458723181865212,0.214085158089325,0.136835458192198,2.85755826449988,1.38241886875261,1.11803398874989,11.5662291401817,9.54357081027598,1.12,0.292903333333333,0.8,0.005,0,0,95.0118413672738
straightOncoming,radarDropout,202,sharmaTunedCorrectedPredictor,1,,0,1000,2,0.0444501420994255,0.103945641894115,1.84303350126779,0.153507138167916,0.495796741197208,0.832291239491868,0.454066564576334,0.2197279735996,0.533495534504342,0.162019306742375,0.407369458752171,3.06051401451304,5.31117325590637,0.0339772042259023,0.187699150979826,1.46026685211809,1.75746366397217,1.5414850649123,3,0.0361818802710414,0.458723159666606,0.214085118450874,0.136835392193717,2.85755833944301,1.38241886875261,1.11803398874989,11.5662290716993,9.54356916800289,1.12,0.288333333333333,0.331,0.005,0,0,95.0118413672738
straightOncoming,radarDropout,203,structured,1,,0,1000,2,0.0323474967732507,0.126076924430093,0.616070487988306,0.0658802517251655,0.109430603840578,0.109507110332562,0.147253090963649,0.0843975635418845,0.218112518919771,0.0849207399618785,0.213971516062671,0.266937019430382,0.774132316804422,0.0375835375296562,0.0154468481417068,0.0527391516801226,0.161704258232705,0.0393882393350803,3,0.0312668598622325,0.108107524330413,0.088134837411782,0.0882067386841107,0.241719074712101,0.0204314426385538,1.11803398874989,3.04232050055615,3.53330879329832,0.5,2.02925,5.12,0.005,0,0,95.0118413672738
straightOncoming,radarDropout,203,sharmaTunedPredictor,1,,0,1000,2,0.0332183600625157,0.104132719395692,1.83734820512933,0.0866677169400215,0.471795281009119,0.811849217832846,0.355028121872976,0.174809091920876,0.440120052362383,0.121050005575475,0.377830190967725,3.0299560097281,5.27668065912154,0.0367718626677608,0.205638278996646,1.45612713596427,1.75430934845568,1.57684966602448,3,0.0368861260984308,0.470384392590403,0.181758055366113,0.133838649659749,2.91216744270776,1.37435400062193,1.11803398874989,11.5330405021365,9.00784336579633,3.96,0.289093333333333,0.784,0.005,0,0,95.0118413672738
straightOncoming,radarDropout,203,sharmaTunedCorrectedPredictor,1,,0,1000,2,0.0332182987407037,0.10413270689426,1.8373481902289,0.0866678170387009,0.471795348086368,0.811849237799473,0.355028331465102,0.174809261940432,0.440118437783372,0.121049730904937,0.37783196013342,3.02995613501937,5.27668103045044,0.0367718626677608,0.205638278996646,1.45612713596427,1.75430934845568,1.57684966602448,3,0.0368861076741151,0.470384416012142,0.181757860100316,0.133838445134609,2.91216803915765,1.37435400062193,1.11803398874989,11.5330404428877,9.00784254219441,3.96,0.286763333333333,0.321,0.005,0,0,95.0118413672738
straightOncoming,radarDropout,204,structured,1,,0,1000,2,0.0265117532687605,0.124949362670188,0.622117460276259,0.0562167746041664,0.0962096225488625,0.0994695046090252,0.132437046130335,0.0667958810017315,0.194506906319875,0.0682443486057514,0.172735389812303,0.281451512000297,0.671149901949887,0.0428518490225406,0.015439082585344,0.0487689404079514,0.153425523216305,0.0329023251983225,3,0.0267274381249003,0.0988496594594506,0.0664452734952282,0.0660341864165198,0.280787665188443,0.0142261225762631,1.11803398874989,3.1246696943516,3.66961860717296,0.5,2.03272666666667,5.067,0.005,0,0,95.0118413672738
straightOncoming,radarDropout,204,sharmaTunedPredictor,1,,0,1000,2,0.0433129993605009,0.106779877715712,1.85312208884264,0.125619200455047,0.470616291833837,0.806803413027568,0.444202510026581,0.183310625214576,0.542989347547289,0.1458978313682,0.462923691032746,3.00101561573881,5.85350841730315,0.0343377190770094,0.181610169204989,1.44560254920879,1.75712562650902,1.53851691136889,3,0.0357016778860933,0.440029724087315,0.195979491434392,0.141082740506073,2.78094540626365,1.36413409308184,1.11803398874989,11.4026854385425,9.15528695009565,2.68,0.291463333333333,0.764,0.005,0,0,95.0118413672738
straightOncoming,radarDropout,204,sharmaTunedCorrectedPredictor,1,,0,1000,2,0.0433128778742277,0.106779845929535,1.85312208145363,0.125618322498099,0.470615999016833,0.806803156695987,0.444201999520916,0.183310136706307,0.542992106158513,0.145897191240535,0.462918300809079,3.00101514333444,5.85350783345091,0.0343377190770094,0.181610169204989,1.44560254920879,1.75712562650902,1.53851691136889,3,0.0357016762045787,0.440029530642001,0.195979367589564,0.141082935730978,2.7809448675922,1.36413409308184,1.11803398874989,11.4026853557448,9.15528606150279,2.68,0.28824,0.359,0.005,0,0,95.0118413672738
straightOncoming,radarDropout,205,structured,1,,0,1000,2,0.027487083658845,0.125781232298057,0.615896770413466,0.0574821043303618,0.088633629192282,0.0902784134479296,0.120500250468809,0.0619781340242341,0.186724505855711,0.0614839990580359,0.182455828353987,0.250717582918887,0.755041472579194,0.0415065891125994,0.0180500004383228,0.0561474231047371,0.166811743030346,0.0406097507883899,3,0.0228487275639366,0.0890926333018521,0.0674956745648104,0.0651310076882956,0.226245480397447,0.0229146441155172,1.11803398874989,3.12505076693273,3.59685352982248,0.5,2.00944333333333,5.068,0.005,0,0,95.0118413672738
straightOncoming,radarDropout,205,sharmaTunedPredictor,1,,0,1000,2,0.0511622454057294,0.110929993622393,1.8634307661117,0.176427973218816,0.497723075988913,0.838495261894236,0.450808932634331,0.219950440230717,0.575635203358347,0.189362099472054,0.457714354093966,3.08986071744371,5.33906821974025,0.0359096174708372,0.200960927208077,1.47813217332167,1.76652931429105,1.59369252453747,3,0.0337020803059207,0.448800094822206,0.175144336782301,0.142617036033203,2.88383283959394,1.40297684486005,1.11803398874989,11.7286611475891,9.00455122637221,1.28,0.288636666666667,0.807,0.005,0,0,95.0118413672738
straightOncoming,radarDropout,205,sharmaTunedCorrectedPredictor,1,,0,1000,2,0.0511618406027733,0.110929869471973,1.86343068746494,0.176425268669797,0.49772244122637,0.838494891263191,0.450806242493975,0.219948847768992,0.57563245524973,0.189360296407054,0.457708384300606,3.0898610379384,5.33906818705056,0.0359096174708372,0.200960927208077,1.47813217332167,1.76652931429105,1.59369252453747,3,0.0337020785041681,0.448800063017116,0.17514408650421,0.142616946388949,2.88383318198729,1.40297684486005,1.11803398874989,11.728661117283,9.00455065085087,1.28,0.28483,0.315,0.005,0,0,95.0118413672738
straightOncoming,kinematicMismatch,201,structured,1,,0,1000,2,0.0262653158361829,0.123648000956719,0.621572327939351,0.0598234924883382,0.105420994026703,0.117428480818379,0.13000671501405,0.059012133208091,0.156617836478333,0.0560868201074403,0.143058683290775,0.387930349464397,0.873900740545134,0.0398714793472208,0.0166220115523318,0.0928761253822496,0.120794709480737,0.100602744368173,3,0.025285133397664,0.0992530028489334,0.0567365741221296,0.0570792463599397,0.377679239440616,0.105074211022469,1.11803398874989,3.11944741777865,3.63294265518661,0.52,2.02784,4.99,0.005,0,0,95.0118413672738
straightOncoming,kinematicMismatch,201,sharmaTunedPredictor,1,,0,1000,2,0.0344682538981941,0.105047251248596,1.87694955535274,0.0778643851963989,0.473225571507955,0.796186202838653,0.379292483268681,0.203312165192337,0.576020732222414,0.131550169751004,0.371331253628885,2.93761782556634,5.45266709180445,0.0317305557669575,0.177334250872216,1.40584001377644,1.74416898039149,1.50614832084938,3,0.0338169415350497,0.433799891159543,0.199045369475106,0.134016774721214,2.69981555035234,1.317280224143,1.11803398874989,11.5356672772783,9.18930831911172,2.24,0.308103333333334,0.799,0.005,0,0,95.0118413672738
straightOncoming,kinematicMismatch,201,sharmaTunedCorrectedPredictor,1,,0,1000,2,0.034468243709306,0.105047247974124,1.87694958428707,0.0778644705919572,0.473225515429593,0.796186134203815,0.379292644788542,0.203312083788943,0.576018993022558,0.131550194958302,0.371332931532308,2.93761779726554,5.45266744269103,0.0317305557669575,0.177334250872216,1.40584001377644,1.74416898039149,1.50614832084938,3,0.0338169297358981,0.433799807870432,0.199045252356325,0.134016700601252,2.69981547871263,1.317280224143,1.11803398874989,11.5356672753209,9.189308061034,2.24,0.286176666666667,0.343,0.005,0,0,95.0118413672738
straightOncoming,kinematicMismatch,202,structured,1,,0,1000,2,0.0265451522180213,0.121388374667555,0.609743987411035,0.0673481279109604,0.092769160557788,0.102126332397709,0.12576315914497,0.0664179660080589,0.171012833197585,0.0675381744219705,0.169901081453812,0.296481452514944,0.906290866363382,0.0385280666510433,0.0147352460358533,0.0849486134371272,0.112171873071881,0.0916329908260729,3,0.0288431853116007,0.0987978264232239,0.0716770051028766,0.0712295326768289,0.318806428986665,0.095477027230412,1.11803398874989,3.13731249239668,3.69306253065068,0.52,2.02918,4.96,0.005,0,0,95.0118413672738
straightOncoming,kinematicMismatch,202,sharmaTunedPredictor,1,,0,1000,2,0.0341644208329249,0.101282468137458,1.84208556848739,0.0761990484703162,0.469242548901223,0.803103017618492,0.384068153633134,0.206164409764412,0.495199325986544,0.136122242573869,0.327410037930605,2.96153127407747,4.66871505755145,0.0339771966993511,0.187698953153163,1.4251830237405,1.7370154271878,1.50786645991633,3,0.0362059424919642,0.447195369473718,0.214786233420071,0.137713665014657,2.76443862758177,1.34293066761983,1.11803398874989,11.5664610432848,9.5503482140699,1.12,0.288186666666667,0.76,0.005,0,0,95.0118413672738
straightOncoming,kinematicMismatch,202,sharmaTunedCorrectedPredictor,1,,0,1000,2,0.0341644401100645,0.101282473542911,1.84208554979724,0.0761990565221302,0.46924247618104,0.803102964989239,0.384067314075297,0.206164192459604,0.495197312381142,0.136122079817934,0.327407967464605,2.96153146582249,4.66871559786392,0.0339771966993511,0.187698953153163,1.4251830237405,1.7370154271878,1.50786645991633,3,0.0362059700506419,0.447195347407603,0.214786193667182,0.137713605687791,2.76443869712454,1.34293066761983,1.11803398874989,11.566460974797,9.55034657520637,1.12,0.286836666666667,0.32,0.005,0,0,95.0118413672738
straightOncoming,kinematicMismatch,203,structured,1,,0,1000,2,0.0319379485220951,0.12596605057614,0.616240243087177,0.0621637074257086,0.114377714188421,0.120810011810618,0.14867472286618,0.0828813233226467,0.219083041293072,0.0830868816553887,0.214987762987931,0.335805043890716,0.836990650588114,0.0375835375299895,0.0156751480427597,0.0860947108551336,0.115288465345441,0.0906349234110019,3,0.0311699784868056,0.112277658064521,0.0873875175012765,0.0875323905322725,0.327246146752031,0.0970509720678162,1.11803398874989,3.04874420945728,3.5369486495805,0.52,2.04876333333333,5.254,0.005,0,0,95.0118413672738
straightOncoming,kinematicMismatch,203,sharmaTunedPredictor,1,,0,1000,2,0.037489470875137,0.105084951620575,1.83735129954185,0.0866719258257023,0.472924601679714,0.799534392273379,0.395476811537692,0.173178020222457,0.440812100385621,0.134090067876112,0.377229807687094,2.98353070909996,5.18846045833752,0.0367718642821621,0.205638245353863,1.4211410542351,1.73386578655925,1.54434764456812,3,0.0369355650036761,0.460484451042023,0.182076957499695,0.13432842023601,2.82802435149434,1.33493855355543,1.11803398874989,11.5333776146562,9.011989006345,3.96,0.290943333333333,0.782,0.005,0,0,95.0118413672738
straightOncoming,kinematicMismatch,203,sharmaTunedCorrectedPredictor,1,,0,1000,2,0.0374894565466181,0.105084948771074,1.83735127013237,0.0866720226638933,0.472924575955772,0.799534361050703,0.395477098532229,0.173177964513716,0.440810515705115,0.13409007869657,0.377231534800938,2.98353083156943,5.18846122944341,0.0367718642821621,0.205638245353863,1.4211410542351,1.73386578655925,1.54434764456812,3,0.036935551670348,0.460484484707338,0.182076791356595,0.134328275422922,2.82802495140713,1.33493855355543,1.11803398874989,11.533377555399,9.01198818315886,3.96,0.29108,0.359,0.005,0,0,95.0118413672738
straightOncoming,kinematicMismatch,204,structured,1,,0,1000,2,0.0276293056481819,0.125070209503153,0.622535668821324,0.058695872746742,0.103800948681224,0.111727211898425,0.139830270167838,0.0682264138961769,0.183529463939927,0.0689469746123542,0.161606101561905,0.338043115962545,0.790595047758586,0.0428518490229932,0.015695340832559,0.0882148944175656,0.111795166224278,0.0937118850382873,3,0.0268085770623706,0.10164740502485,0.0665332344802841,0.0663904655394542,0.338887482154241,0.0993468483264803,1.11803398874989,3.12989333244689,3.6734437135473,0.52,2.04020333333333,5.069,0.005,0,0,95.0118413672738
straightOncoming,kinematicMismatch,204,sharmaTunedPredictor,1,,0,1000,2,0.0366990669951904,0.105100570096117,1.85338029477044,0.0804972509140681,0.456467419964675,0.786405863383855,0.413253991324582,0.185631958545467,0.542652806483906,0.144384291182309,0.344513209625205,2.91647664361088,4.74908059649414,0.0343377253710411,0.18161035387102,1.41057670924842,1.73667201518678,1.5059091054604,3,0.0356899709440237,0.436002789614952,0.19591528863259,0.141971084586765,2.72522148737467,1.32465626692604,1.11803398874989,11.4031365367571,9.16123778411291,1.08,0.291896666666667,0.761,0.005,0,0,95.0118413672738
straightOncoming,kinematicMismatch,204,sharmaTunedCorrectedPredictor,1,,0,1000,2,0.0366990579691978,0.105100569132724,1.85338031148226,0.0804973495447021,0.456467251336951,0.78640567435042,0.413254200537293,0.185631839956678,0.542655564654062,0.144384378265198,0.344515963757711,2.91647617319016,4.74908054572801,0.0343377253710411,0.18161035387102,1.41057670924842,1.73667201518678,1.5059091054604,3,0.0356899660638188,0.436002600225574,0.19591517558246,0.141971255078109,2.72522093415413,1.32465626692604,1.11803398874989,11.4031364539458,9.1612368956486,1.08,0.290986666666667,0.364,0.005,0,0,95.0118413672738
straightOncoming,kinematicMismatch,205,structured,1,,0,1000,2,0.0269264397294033,0.12562913669593,0.617744117564829,0.0588016870738934,0.104031487025374,0.110718130931893,0.134800724351688,0.0817732499501103,0.203575434871361,0.079050509050878,0.226573884139484,0.285099555442799,0.677567017096964,0.041506589112794,0.0182676214972284,0.0811714899927982,0.110050766630074,0.091293386894584,3,0.0233180530666566,0.0905848918307876,0.0638730654468685,0.0623029388925248,0.290935694832287,0.0915375673209285,1.11803398874989,3.13101859495966,3.60176871524316,0.5,2.04288333333333,5.176,0.005,0,0,95.0118413672738
straightOncoming,kinematicMismatch,205,sharmaTunedPredictor,1,,0,1000,2,0.0359528807429987,0.106828740060339,1.86139753435559,0.0753807252525171,0.471912077294532,0.81100916112882,0.404403478344493,0.191054737131995,0.523607617926416,0.155402494265232,0.447640334891382,3.00656058328497,4.72785653197635,0.0359096307623317,0.200961172645379,1.44299877911075,1.74606641813598,1.56077176478378,3,0.0336617805788957,0.443211498802177,0.173196865195906,0.14261492331669,2.82511151182253,1.3634745264896,1.11803398874989,11.7289887782917,9.01104946313004,1.28,0.29231,0.784,0.005,0,0,95.0118413672738
straightOncoming,kinematicMismatch,205,sharmaTunedCorrectedPredictor,1,,0,1000,2,0.03595288275774,0.106828741057908,1.86139756644718,0.0753808610572807,0.471912066601201,0.811009158438797,0.4044032458191,0.191054524856268,0.523606167828115,0.155402478103995,0.447638778789464,3.00656096806504,4.72785907082151,0.0359096307623317,0.200961172645379,1.44299877911075,1.74606641813598,1.56077176478378,3,0.0336617816360148,0.44321151606879,0.17319675227866,0.142614977198087,2.82511182702029,1.3634745264896,1.11803398874989,11.7289887479784,9.01104888816041,1.28,0.29051,0.36,0.005,0,0,95.0118413672738
circularCrossing,nominal,201,structured,1,,0,1000,2,0.0261336791715505,0.123315262751981,0.436951115649009,0.0598060741380766,0.102910773002805,0.108398885866781,0.131865872221104,0.0586727870149853,0.156658529553372,0.0621094260071932,0.169182801089804,0.348070025625961,0.826653943981272,0.0516018741439576,0.0282721535733761,0.0716717558072709,0.0934045392417939,0.0762183074763392,3,0.0251102656159109,0.0914137607996784,0.0571235572747155,0.0611577113162642,0.298456318356793,0.0803313359429055,1.11803398874989,3.06349419983486,3.61570315882702,0.5,2.07151333333333,5.33,0.005,0,0,90
circularCrossing,nominal,201,sharmaMatchedPredictor,1,,0,1000,2,0.0503684636862067,0.14224040838386,2.20693431901707,0.113155540297296,1.28437350073312,2.25767329888963,2.02055614932682,0.603169748472537,1.68210083940935,0.5831713307711,1.95966401383417,8.29831662437604,25.3526589782705,0.0275238677081909,0.161729032041678,4.18159787112616,12.3787923223384,4.22072764308308,3,0.0499052373084375,0.892622713508539,0.604890176400406,0.595067096635258,3.95507771232955,1.78763558491691,1.11803398874989,17.462990826318,34.5724245030156,Inf,0.302373333333333,0.806,0.005,0,0,90
circularCrossing,nominal,201,sharmaCertifiedHold,1,,0,1000,2,0.339919578078985,0.346626028817541,3.11277701947385,0.469084189510108,3.40390506185967,3.8974628516198,23.1377567286494,2.55043338040598,6.59022988361585,2.66055113222022,6.4842321098721,12.1219230504786,35.8522836388171,0.156501516797352,0.130823834619971,4.36585730506846,10.5241681323664,4.1636037276884,3,0.341385037471704,3.22443792624043,2.54163893153871,2.65420158002385,8.93204137591229,2.03215642901847,1.11803398874989,29.4995544433743,171.142262107366,Inf,0.293346666666667,0.331,0.005,0,0,90
circularCrossing,nominal,201,sharmaCertifiedPredictor,1,,0,1000,2,0.125543149472307,0.221432071162019,6.00979979956309,0.336531690021275,4.69996258968188,5.05679947175489,32.5689625888044,3.33332595121737,9.59425806534871,3.32653312199702,9.74120600221631,14.8332976493556,47.027134562733,0.0247852363754658,0.138272338486771,4.20746708173375,10.4793909733257,4.04633140139145,3,0.126879852895367,4.61343782150827,3.38619240434599,3.42671301498909,13.0187374259318,1.82655915459388,1.11803398874989,45.4194445501539,359.814168522273,Inf,0.298346666666667,0.344,0.005,0,0,90
circularCrossing,nominal,201,sharmaTunedPredictor,1,,0,1000,2,0.0344987290876204,0.104787258000623,1.46077872611956,0.0778080901836713,0.720080089270989,1.35269974614901,0.382705510815747,0.256429515668189,0.721371277559113,0.130025352377807,0.435870166310867,5.06070489051544,7.40518401660727,0.0317239299527757,0.177316028977388,2.55444195088489,3.15702699359803,2.57195908667397,3,0.0338158172770147,0.691166181817412,0.263057571953928,0.130350121442179,4.78914371412386,2.4139778728841,1.11803398874989,11.3259131100595,9.26001552859859,5.3,0.29025,0.504,0.005,0,0,90
circularCrossing,nominal,201,sharmaTunedCorrectedPredictor,1,,0,1000,2,0.0344872471336931,0.104794080820292,1.46095481727279,0.0777626592845515,0.721254805127778,1.35395744032735,0.382915059648633,0.256518845292823,0.721531282645921,0.130051362374436,0.435596477686492,5.06552579497863,7.41064172857385,0.0317239299527757,0.177316028977388,2.55444195088489,3.15702699359803,2.57195908667397,3,0.033809355076175,0.692292467379701,0.263175032399064,0.130373519842719,4.79373342102728,2.4139778728841,1.11803398874989,11.3263529573996,9.2649401666779,5.3,0.28804,0.328,0.005,0,0,90
circularCrossing,nominal,202,structured,1,,0,1000,2,0.0265671249817858,0.121979298939814,0.4143966199931,0.0675438568086137,0.0916340503908686,0.0943450030545996,0.122456354614615,0.0634301889013118,0.165559699107886,0.0640933076784479,0.176327996379751,0.266744948950236,0.738096898340757,0.05083541253672,0.0271059814943735,0.0641243032599598,0.087479654747537,0.0746143616944977,3,0.0289034820984463,0.0916511408074984,0.0674435195770624,0.0670750483259323,0.248269723434466,0.0705894758555337,1.11803398874989,3.10317812800497,3.69240684903904,0.52,2.02965666666667,5.119,0.005,0,0,90
circularCrossing,nominal,202,sharmaMatchedPredictor,1,,0,1000,2,0.0500472216836538,0.146725912177069,2.3299028511147,0.115702501877565,1.35726232199544,2.39873290884471,1.91804068589153,0.596055068041948,1.58610749477116,0.557909814762492,1.56445282946883,8.82574330450395,24.2388973270287,0.0280061840655615,0.154914640371065,4.37585342296436,13.1613740334232,4.488493946318,3,0.0493097190156728,0.880563769523043,0.560510241359989,0.519384627448075,4.36842024563251,2.03361698919334,1.11803398874989,17.8100582182105,34.9099608717978,6,0.303686666666667,0.788,0.005,0,0,90
circularCrossing,nominal,202,sharmaCertifiedHold,1,,0,1000,2,0.345933960917869,0.356935455392601,3.1911376144424,0.48098015199019,3.34568643663659,3.89600990401744,22.5398715405132,2.41774720000894,5.58000963612612,2.57936005356175,6.39612485040938,12.5584613602857,40.8078192974993,0.155781732074929,0.145153413465324,4.58601544680867,11.5261423956225,4.42652852070195,3,0.349052407092297,3.16170518599604,2.43448376307882,2.57477209417666,8.99567346467818,2.22718143524604,1.11803398874989,32.1676172704688,196.68567738292,Inf,0.29217,0.339,0.005,0,0,90
circularCrossing,nominal,202,sharmaCertifiedPredictor,1,,0,1000,2,0.117099874113753,0.228765437187413,5.79572247481049,0.268748753271124,4.3968723435657,4.81381410739763,29.6584733620629,2.97505326480496,7.54746515571889,3.05285348900713,7.07812552794562,14.7990060650762,50.8205875947989,0.0320473160756211,0.156982985965412,4.42571944267052,11.3650605957443,4.32303141310096,3,0.114616684043532,4.1544054072202,2.83296273707954,2.87420601974946,12.1123316843452,2.02789801320037,1.17815533943695,49.142983446093,340.868164543971,Inf,0.300513333333333,0.335,0.005,0,0,90
circularCrossing,nominal,202,sharmaTunedPredictor,1,,0,1000,2,0.0341611686607582,0.101338947387239,1.41006517701211,0.0762440003300081,0.664214670656875,1.25443612804543,0.389106156440131,0.237510314716586,0.603521435867949,0.13025830149214,0.343939603793842,4.68970649327444,6.48469713550733,0.0339855031539536,0.187840271907418,2.37847021478766,2.84747945007193,2.42282191172041,3,0.036179950915786,0.64662600528728,0.259810436598101,0.128455680564516,4.47438810029854,2.27453384145216,1.11803398874989,11.3540973954181,9.66489149299338,3.84,0.29222,0.526,0.005,0,0,90
circularCrossing,nominal,202,sharmaTunedCorrectedPredictor,1,,0,1000,2,0.0341681140040365,0.101351690097322,1.41024871024674,0.0763142368622265,0.66524789770037,1.25554924684869,0.388728591875648,0.237545164972344,0.603336028438756,0.130234624113911,0.344249663473843,4.69400830969492,6.48985632094707,0.0339855031539536,0.187840271907418,2.37847021478766,2.84747945007193,2.42282191172041,3,0.0361908134620106,0.647601440389649,0.259874888737865,0.128487350679633,4.47847686515398,2.27453384145216,1.11803398874989,11.3543888645833,9.67239834475295,3.84,0.290523333333333,0.359,0.005,0,0,90
circularCrossing,nominal,203,structured,1,,0,1000,2,0.0318853684599555,0.126056663614625,0.427698717992999,0.0624285578150656,0.109226128865078,0.109896564212792,0.151501142996072,0.0824241265534831,0.197865238816872,0.0842729000647617,0.224978525860074,0.277780554290579,0.76768189333259,0.0488591032522308,0.0293077089068746,0.0683049694943362,0.0910160487225778,0.0802360326049284,3,0.0310330860426363,0.106206399546711,0.0878623245473398,0.0904235009191051,0.244068862373737,0.075853020314357,1.11803398874989,3.00161946064781,3.53350429485939,0.5,2.03842,5.498,0.005,0,0,90
circularCrossing,nominal,203,sharmaMatchedPredictor,1,,0,1000,2,0.0546764941997131,0.136737626093221,2.19603943096046,0.128155357136641,1.37322816578906,2.37572703384013,2.11909332924625,0.448680384100538,1.53315055310356,0.443224957743067,1.30112522868336,8.9225920233509,25.6251302177294,0.0352867260288448,0.200689343581346,4.30502705320862,12.3178963649212,4.3696137576398,3,0.0547448441434143,0.912124117929583,0.425647922315437,0.428444527540736,4.21136790819255,1.67235209217758,1.11803398874989,17.0993294137968,34.0979506682596,5.86,0.30929,0.799,0.005,0,0,90
circularCrossing,nominal,203,sharmaCertifiedHold,1,,0,1000,2,0.338831913891452,0.348814935246609,2.97852729833596,0.461380917911615,3.32043400997334,3.91521422794888,22.3190190350458,2.39231453237834,5.51175706139686,2.54968463604763,6.21713023930781,12.6880471222729,41.7609444629518,0.151170538603254,0.177376125785803,4.80303930007932,11.3387923820395,4.61583260484219,3,0.337674349359196,3.03306956882404,2.398170373929,2.54449874517474,8.30160031091458,2.05996078384164,1.11803398874989,28.876150527085,163.890282724475,Inf,0.2999,0.488,0.005,0,0,90
circularCrossing,nominal,203,sharmaCertifiedPredictor,1,,0,1000,2,0.13941986803328,0.201826228850956,5.32907588964101,0.322415909868613,5.14424272548998,5.54105000562073,36.0453782897013,2.95954577387156,8.7517633226455,2.93263479480255,8.90274888060935,17.7758083034786,58.9596971227931,0.0348474146923845,0.196462367868675,4.68385900881498,11.2648321843748,4.55051487513144,3,0.121554552532393,4.4330664193283,2.89085197112676,2.88959416395271,13.1893903591491,1.85550379478564,1.11803398874989,44.4162665346101,325.430142487009,Inf,0.305173333333333,0.479,0.005,0,0,90
circularCrossing,nominal,203,sharmaTunedPredictor,1,,0,1000,2,0.0374690569989182,0.104921104897642,1.40354099991463,0.0866127829329452,0.659497377152435,1.2214050531633,0.398573392663191,0.215407883612763,0.569527868813736,0.139531088691065,0.369767314432607,4.58186349603618,7.08615144646738,0.0367702658169826,0.205581464484953,2.29017882878736,2.77087103762496,2.36228525052429,3,0.0369175824661065,0.625705453518284,0.232595964563521,0.140865217127074,4.2646351455227,2.14537867056026,1.11803398874989,11.3093165249762,9.10019445814276,4.62,0.289933333333333,0.516,0.005,0,0,90
circularCrossing,nominal,203,sharmaTunedCorrectedPredictor,1,,0,1000,2,0.0374779867532685,0.10493089110794,1.40372138245815,0.086670664524842,0.660500004131385,1.22249657912313,0.398306994564667,0.215476617497821,0.569633822309902,0.139547078017882,0.369447625651596,4.58605828449356,7.09100480187648,0.0367702658169826,0.205581464484953,2.29017882878736,2.77087103762496,2.36228525052429,3,0.0369239810968946,0.626630994394552,0.2326542290286,0.140856429386057,4.26858831616586,2.14537867056026,1.11803398874989,11.3097476753352,9.10512124609804,4.62,0.289016666666667,0.508,0.005,0,0,90
circularCrossing,nominal,204,structured,1,,0,1000,2,0.0275802408285752,0.125119476398796,0.430256016014235,0.0575547997547469,0.10397822084821,0.106019751971816,0.144312583540598,0.0663709343981634,0.182941104809121,0.0682951656824749,0.172977752880016,0.315639484328649,0.744614088229101,0.0552681197349899,0.0283630233017191,0.0680960866845785,0.0866827216526967,0.0736546713311421,3,0.026886243466404,0.0992916743051433,0.0615199063227616,0.0620343670647013,0.303110136759731,0.0758806061529229,1.11803398874989,3.08957754856154,3.66834372185094,0.5,2.08348666666667,5.55,0.005,0,0,90
circularCrossing,nominal,204,sharmaMatchedPredictor,1,,0,1000,2,0.0572856526618478,0.143155224328829,2.28059578458302,0.130552664313567,1.42366831713945,2.45240773267938,2.14780329120977,0.567394092223709,1.50383670316075,0.544819851147336,1.4694021906829,9.14070245352189,27.9279808789797,0.0339065372457621,0.176928541925878,4.42275260424132,12.8643951135924,4.44239149418007,3,0.0533169117140452,0.925825115936227,0.56459187774963,0.52797317422955,4.36791080553051,1.94328915077944,1.11803398874989,17.0337846889571,33.1969303149544,5.9,0.311296666666667,0.826,0.005,0,0,90
circularCrossing,nominal,204,sharmaCertifiedHold,1,,0,1000,2,0.340117768032729,0.34951431629215,3.04305757816927,0.481263262108175,3.43972374340134,3.97619135108753,23.2820949237642,2.55724851509891,6.40980157582573,2.69664899027702,6.36528232697214,12.4141250534954,39.0336602613299,0.155687493706855,0.159176437410491,4.58724930292499,10.9383673385667,4.36664449943012,3,0.342261824441081,3.2518045756134,2.58299585080916,2.72452337206934,8.8026755941887,2.11013579894669,1.11803398874989,28.9155095669728,185.939684020478,Inf,0.29516,0.397,0.005,0,0,90
circularCrossing,nominal,204,sharmaCertifiedPredictor,1,,0,1000,2,0.133522672493165,0.203748695173934,5.20281524171208,0.314880307913912,5.08005437631327,5.46103371755821,35.19709003896,3.57531138088169,9.82512192685286,3.65534024550107,9.62917127321028,15.94457014663,55.0473056927269,0.0355843787977243,0.174095446937429,4.4432053130631,10.8338425452993,4.26927733465703,3,0.129175657223317,4.7955972536681,3.76152739853253,3.85840328760218,12.2388360432589,1.90746936577533,1.11803398874989,43.962155988764,276.405475729245,Inf,0.305436666666667,0.509,0.005,0,0,90
circularCrossing,nominal,204,sharmaTunedPredictor,1,,0,1000,2,0.0367274110144102,0.104941053559022,1.42356624550574,0.0804797576079605,0.686660672127337,1.27704186728638,0.416864701271269,0.241368000257558,0.625720207986538,0.139889450729338,0.332856874939811,4.77851862554547,7.0077514185752,0.0343245308346906,0.181448903185403,2.38980631764986,2.87983464186769,2.44235700387393,3,0.0357199491102146,0.665534991370033,0.262148003636416,0.132440717590003,4.53134783295453,2.26625730113124,1.11803398874989,11.1514275905161,9.26219789850998,3.7,0.295993333333333,0.519,0.005,0,0,90
circularCrossing,nominal,204,sharmaTunedCorrectedPredictor,1,,0,1000,2,0.0367221611576979,0.10495003879155,1.42373978233228,0.0805235129904081,0.687706377368138,1.27817295066776,0.417154120246165,0.241410923621139,0.625905692597868,0.139875916117053,0.333294653784741,4.78288408870024,7.01287815251628,0.0343245308346906,0.181448903185403,2.38980631764986,2.87983464186769,2.44235700387393,3,0.0357172829972522,0.666511056521264,0.262196738954132,0.132425211648326,4.53547174423227,2.26625730113124,1.11803398874989,11.1520364300981,9.26889290075209,3.7,0.292996666666667,0.373,0.005,0,0,90
circularCrossing,nominal,205,structured,1,,0,1000,2,0.026895734850978,0.125861661782495,0.424707318718474,0.058433262372324,0.102629650530291,0.104163404488417,0.136486967156649,0.0790649730975261,0.204104119910053,0.0786813205688214,0.211429063844413,0.259256053245266,0.789947897612016,0.0529499602399082,0.0291101827022693,0.0640167490173545,0.0864207338510981,0.0824306235360274,3,0.0234231138910199,0.0874079942053689,0.0658657888329074,0.0675673172885137,0.219163297663397,0.0706889976129695,1.11803398874989,3.0864368758948,3.59466879805085,0.5,2.03150333333333,5.088,0.005,0,0,90
circularCrossing,nominal,205,sharmaMatchedPredictor,1,,0,1000,2,0.0535360303313189,0.141934660529082,2.17628707205402,0.116261020838932,1.24083682827499,2.06815246350177,2.08930856355331,0.602683999886562,1.44278906532876,0.572825262642434,1.48934702171977,7.53639807344952,22.4997093589791,0.0320267085967048,0.191565909007683,3.68737937646206,11.5314887822663,3.76417905256864,3,0.0535734623265822,0.954413755553377,0.598264567548847,0.567207929161481,4.07004589279745,1.64902715471613,1.11803398874989,17.1584596313516,33.5334902503793,5.94,0.300756666666667,0.803,0.005,0,0,90
circularCrossing,nominal,205,sharmaCertifiedHold,1,,0,1000,2,0.343410950880025,0.352204926300281,3.24581806111608,0.487106684035964,3.54981414523625,3.99481181552399,24.2646772629811,2.77841295594696,6.91516183613123,2.89795787403993,7.2976596657898,11.8155723667765,31.0822092056072,0.147900910919271,0.141514171209073,4.215214499581,10.9681069731807,4.02637807740732,3,0.343566611496007,3.4447518017226,2.82685679749767,2.95095155999443,8.82776577429379,1.97779557854243,1.11803398874989,29.5637643406154,171.324301474189,Inf,0.299356666666667,0.455,0.005,0,0,90
circularCrossing,nominal,205,sharmaCertifiedPredictor,1,,0,1000,2,0.154555615482238,0.216062864595444,6.08696219973101,0.316076097902123,5.7261227970252,6.01020705853991,40.7516416343425,4.35815198894204,9.5262144253844,4.35221152712737,8.96894026335715,16.169708725481,45.3664269053675,0.0281830062548415,0.146075228858872,4.01452212461561,10.7493151435481,3.86939253644197,3,0.151389531218525,5.53343855603861,4.20710408519616,4.29972483320681,14.9723808796462,1.75612785078955,1.11803398874989,44.4827023132465,335.103754929308,Inf,0.30944,0.502,0.005,0,0,90
circularCrossing,nominal,205,sharmaTunedPredictor,1,,0,1000,2,0.0359331434533076,0.106661088106009,1.42808086341716,0.075275316474553,0.560534499048443,1.00134146599076,0.408462471020241,0.239267686164805,0.551262901256333,0.156910372117988,0.451720484400351,3.70792432045037,5.81894586372422,0.0359077929434068,0.200997270997733,1.8512116319787,2.31406303699514,1.93653051323571,3,0.0336535145401593,0.54286533161823,0.234392532586997,0.147811229055497,3.52979742250918,1.75003406001451,1.11803398874989,11.5129642654989,9.07243470246175,1.54,0.305556666666667,0.531,0.005,0,0,90
circularCrossing,nominal,205,sharmaTunedCorrectedPredictor,1,,0,1000,2,0.0359326010453646,0.106669740267546,1.42825687770027,0.0752684515223897,0.561315781528162,1.00223236938418,0.408251347651635,0.239284480424027,0.551344825001637,0.156906776352927,0.451351481474177,3.71141825921558,5.82306691486524,0.0359077929434068,0.200997270997733,1.8512116319787,2.31406303699514,1.93653051323571,3,0.0336563196482466,0.543601229539055,0.234439189198105,0.147835225011458,3.53307412219049,1.75003406001451,1.11803398874989,11.5133863405376,9.079295221737,1.54,0.31065,0.609,0.005,0,0,90
circularCrossing,nominal,206,structured,1,,0,1000,2,0.024712034028466,0.120923379751412,0.412765642853562,0.0538840130336512,0.0980351329740684,0.0996320010000143,0.123928194380774,0.0618394773176882,0.172030546668008,0.0632216201012009,0.179121610707011,0.298412345754249,0.860507412815634,0.0508287241155923,0.0287374913928296,0.0626895108618235,0.087806630423846,0.0773990188927308,3,0.0232676688761656,0.0843908773033032,0.0571242707833921,0.0611675569811612,0.234453532638491,0.0695814938618599,1.11803398874989,3.07877404635311,3.59592160197,0.5,2.07132,5.108,0.005,0,0,90
circularCrossing,nominal,206,sharmaMatchedPredictor,1,,0,1000,2,0.0478176690055449,0.14368236000372,2.17928269051027,0.0983442066991746,1.37701489336872,2.41052438525998,1.89052264421284,0.544041701138249,1.57666257697147,0.487592184077975,1.25956296812643,8.94860787364573,24.5223254350607,0.0322134518035747,0.187601794973946,4.35899338541095,12.428018923358,4.39220228837581,3,0.0497568701898885,0.936049333930185,0.566436962098509,0.505403534070295,4.25092866836362,1.83307260681186,1.11803398874989,17.8946169727033,34.8903826082898,6,0.30979,0.785,0.005,0,0,90
circularCrossing,nominal,206,sharmaCertifiedHold,1,,0,1000,2,0.347479178306213,0.353218450470366,3.04225541697525,0.471953920282577,3.42176431118831,3.96003669911441,23.2160896847301,2.47131224651764,6.58275248379148,2.54953894677,6.73262255980411,12.4468188906016,34.1069181390704,0.155512496438073,0.167364388620684,4.54641094343578,10.8537138038795,4.30903493824712,3,0.348524114123784,3.11789339761048,2.43587024093054,2.52929810931626,8.616308819693,2.01806917647044,1.11803398874989,30.0787813684467,173.376018981027,6,0.295253333333333,0.398,0.005,0,0,90
circularCrossing,nominal,206,sharmaCertifiedPredictor,1,,0,1000,2,0.136942232976339,0.203243529882444,5.51780261615768,0.356303174513479,5.16836184327307,5.54994833568758,36.6888584684043,3.48267507420978,9.09223970464411,3.26033168798866,8.88667762472761,16.1109597944417,43.3933543327401,0.0354057116729426,0.17780316721441,4.36972230288082,10.6413194913725,4.18021946183428,3,0.122517558356904,4.47878202900312,3.14249857223704,2.98581785937333,12.5689285028956,1.80900457895098,1.11803398874989,45.3282929423288,335.272990105563,Inf,0.30281,0.355,0.005,0,0,90
circularCrossing,nominal,206,sharmaTunedPredictor,1,,0,1000,2,0.0327429605069696,0.102277733057815,1.43935246712385,0.073712521998077,0.686384008479965,1.28127167024195,0.362695554684723,0.259231955590851,0.597473278325422,0.127146391501524,0.414448966591024,4.78221503682361,6.84377711925383,0.0402718843042981,0.2233536150176,2.4209983059496,2.89556264346632,2.46396668203369,3,0.0314339145190868,0.663074094669846,0.274700005721409,0.125451671164337,4.51801882254378,2.28795979502579,1.11803398874989,11.6188106428012,9.48814545906973,4.96,0.29848,0.5,0.005,0,0,90
circularCrossing,nominal,206,sharmaTunedCorrectedPredictor,1,,0,1000,2,0.032738770850318,0.102284178492845,1.4395331045226,0.0736330590962278,0.687438725138732,1.28242238831541,0.362440846117233,0.259264889478735,0.597739277588884,0.127158603413902,0.414795312133492,4.78667920887564,6.84855647025043,0.0402718843042981,0.2233536150176,2.4209983059496,2.89556264346632,2.46396668203369,3,0.0314385046029087,0.66407714169631,0.274738938063359,0.125460962237461,4.52232926030072,2.28795979502579,1.11803398874989,11.6192647293402,9.4955148210472,4.96,0.301953333333333,0.481,0.005,0,0,90
circularCrossing,nominal,207,structured,1,,0,1000,2,0.0290328076692951,0.12590147740514,0.426980839242837,0.0635330757351298,0.105931191449915,0.105595471149589,0.142663832492783,0.0681797775428489,0.16514126510234,0.0709846311798318,0.197408009745971,0.308125500267626,0.798511175191864,0.0533102342720309,0.0302968583976387,0.0678823008525608,0.0942101415133101,0.083716166169732,3,0.0256424523337097,0.0973607873238679,0.072167233262745,0.0758822603688274,0.251319677120566,0.0758211876362751,1.11803398874989,3.17276186298713,3.76723822768123,0.5,2.17328,5.589,0.005,0,0,90
circularCrossing,nominal,207,sharmaMatchedPredictor,1,,0,1000,2,0.0473714627927771,0.148304053818975,2.26012413957792,0.113992082297061,1.29892478098563,2.33820801482066,1.7108119688785,0.460165621448284,1.26123766833591,0.447088341266362,1.51684316820715,8.7469832903731,29.4406763890346,0.0282205180071799,0.162475075928952,4.29495340904226,13.2278146301887,4.34867816272728,3,0.0433926339068254,0.766544383806284,0.482712826433773,0.460973577700782,3.75134974002289,1.74601369073007,1.11803398874989,17.9355229925787,33.941332827022,5.76,0.33957,0.815,0.005,0,0,90
circularCrossing,nominal,207,sharmaCertifiedHold,1,,0,1000,2,0.34365357195598,0.353626985312383,3.03602957147518,0.467441685425204,3.39331249217738,3.91152776743502,23.1715879687794,2.52067457126884,6.17130335460483,2.63510202684271,6.508442961608,12.1901500057568,35.0693721825734,0.150974695890672,0.139090268770922,4.54140606278763,11.5654989504738,4.32996450125391,3,0.346204593052486,3.23487635840435,2.58465993020044,2.69453865825973,8.52097418983978,1.9388693723384,1.11803398874989,28.12995708884,164.339214419655,Inf,0.328353333333333,0.537,0.005,0,0,90
circularCrossing,nominal,207,sharmaCertifiedPredictor,1,,0,1000,2,0.143519137642344,0.200469471378636,5.31826656827664,0.319278296337029,5.35425032524154,5.68473765441044,37.3137821950864,3.56614928156077,10.0365428301685,3.46459349340223,8.56045787890018,16.7035431551396,44.6300814361947,0.0281274754567822,0.14801075754269,4.38399735072422,11.4344178580104,4.21552292447561,3,0.149000245488848,5.39956881883973,3.78053741314542,3.72570755556629,15.0267426559632,1.73216574569896,1.11803398874989,43.0158864669189,276.36903884587,Inf,0.357656666666667,0.62,0.005,0,0,90
circularCrossing,nominal,207,sharmaTunedPredictor,1,,0,1000,2,0.0361666453844383,0.109120090182766,1.4682996821988,0.0752127804370695,0.693635838775611,1.29765460016215,0.401441199419806,0.25559585384906,0.72937276851885,0.141192283984542,0.338721282967505,4.84366699503016,7.7260978061219,0.0357972932182046,0.201537251623208,2.45176114691027,3.05428648302605,2.51003647109657,3,0.0345356691876631,0.677534447000261,0.279704829017287,0.1488260804207,4.60325437552028,2.31581521423501,1.11803398874989,11.5942759481297,9.60645596615201,5.66,0.298856666666667,0.522,0.005,0,0,90
circularCrossing,nominal,207,sharmaTunedCorrectedPredictor,1,,0,1000,2,0.0361683812305272,0.109129191369954,1.46847773664586,0.0752987468098481,0.694702503580506,1.29881662852766,0.400982592185994,0.255625637168472,0.729562300447284,0.141165276395561,0.339036504567357,4.84817740474398,7.7313989318264,0.0357972932182046,0.201537251623208,2.45176114691027,3.05428648302605,2.51003647109657,3,0.0345426030945449,0.678540733198678,0.279747773207727,0.148800466719867,4.60754548713022,2.31581521423501,1.11803398874989,11.5947347376748,9.61403774249926,5.66,0.292053333333333,0.348,0.005,0,0,90
circularCrossing,nominal,208,structured,1,,0,1000,2,0.0263183082429167,0.124077463569663,0.422318687843221,0.0540293962021397,0.098671101155594,0.0992511809472993,0.137926389494461,0.0665013621142095,0.186272152834919,0.0664066377777569,0.181225524428296,0.281457057909428,0.723278010384349,0.0508041339564632,0.0274269599930156,0.0637998731526627,0.0827146380815712,0.0714585951557803,3,0.0272719236398052,0.100284707860323,0.0689677957044865,0.0688881873889708,0.275691718175852,0.07113994024713,1.11803398874989,2.98730349682863,3.56563365568826,0.52,2.06844666666667,5.123,0.005,0,0,90
circularCrossing,nominal,208,sharmaMatchedPredictor,1,,0,1000,2,0.0553277076002772,0.141520942932484,2.19132729676235,0.103379020606361,1.47076490208543,2.53179433199728,2.14368600617414,0.608219725356302,1.51824766190795,0.582751350647573,1.58380048208313,9.38018572718776,29.4804574975344,0.0356129999610746,0.212202158877167,4.4978564045274,14.0175432853111,4.59315043604503,3,0.057123112464368,0.96483692517192,0.671057409986028,0.640016458785107,4.09121130508053,1.82755929941321,1.11803398874989,17.1114520960823,32.6157692947756,5.66,0.305743333333333,0.799,0.005,0,0,90
circularCrossing,nominal,208,sharmaCertifiedHold,1,,0,1000,2,0.337287586057275,0.347707857856477,3.01381748623755,0.437682227371995,3.32684206201305,3.90018139307776,22.2495366660791,2.4253666000702,6.07914917817942,2.56115445175136,6.50141059501052,12.511989817871,39.6646353425917,0.150341771100449,0.140387512802784,4.63066021332,12.2877334539652,4.46410028768958,3,0.335466928286719,3.18066995928183,2.47272578225461,2.5980143279943,8.84667566009885,1.98394177889306,1.11803398874989,30.5663247868787,182.625291061983,6,0.29486,0.366,0.005,0,0,90
circularCrossing,nominal,208,sharmaCertifiedPredictor,1,,0,1000,2,0.132497747034046,0.200429137262313,5.44346119717497,0.301776038113037,4.93921693446007,5.34774821984814,34.0447913756138,3.50886303469015,8.26090213652894,3.53157027291922,8.20839695012268,15.6142806445843,46.8167499797559,0.0279950624058273,0.141924094629052,4.45963957683997,12.2467394944143,4.33530972684857,3,0.141161724449397,5.11844667782945,3.79072637674556,3.85851827995454,13.9967929308807,1.76378276608143,1.11803398874989,45.3734988314937,316.526942983077,Inf,0.301096666666667,0.367,0.005,0,0,90
circularCrossing,nominal,208,sharmaTunedPredictor,1,,0,1000,2,0.0357010821009514,0.103456259760642,1.42307753362527,0.0774490323962957,0.721081476093377,1.34549943954375,0.402504805438674,0.249778406921918,0.590502684656832,0.142442148971951,0.355441340387909,5.03669937043625,7.93764529715586,0.0362992572164595,0.201391693355068,2.5357117894596,3.10850192253058,2.5998899835833,3,0.0365079677105246,0.679178136795853,0.274244334824352,0.148656780917419,4.67448191837635,2.38643526234995,1.11803398874989,11.1432469414897,9.25737778427562,5.32,0.300026666666667,0.56,0.005,0,0,90
circularCrossing,nominal,208,sharmaTunedCorrectedPredictor,1,,0,1000,2,0.0357003748269248,0.103464888080803,1.42326772772023,0.077499310328666,0.72223108271099,1.34674876933966,0.402308366934933,0.249847565711356,0.590737610142405,0.142451640855804,0.355298555969096,5.04150469641393,7.94242216674948,0.0362992572164595,0.201391693355068,2.5357117894596,3.10850192253058,2.5998899835833,3,0.0365119789069057,0.680248601497068,0.274318634515924,0.148650233410236,4.67902247735167,2.38643526234995,1.11803398874989,11.143709335141,9.26482599966917,5.32,0.29172,0.365,0.005,0,0,90
circularCrossing,nominal,209,structured,1,,0,1000,2,0.0226161540949482,0.125042779798653,0.438159257105318,0.0555313960608343,0.086094522592033,0.089583660903714,0.122515620143858,0.0646731813489903,0.201202082320144,0.0647402580445219,0.203987829960717,0.236683354335759,0.62360140193461,0.0531557744509997,0.028500550527969,0.0730449788934518,0.0967862713952121,0.0735776140443295,3,0.0232799484999584,0.0888509868949836,0.0694415071067513,0.0700926531489366,0.235317616741429,0.081517748795981,1.11803398874989,3.15906740306432,3.74424562347274,0.5,2.02004,5.48,0.005,0,0,90
circularCrossing,nominal,209,sharmaMatchedPredictor,1,,0,1000,2,0.0514592830429357,0.148011495953368,2.24956790971574,0.115175846208504,1.19387505817711,2.04498490640534,2.05925353950573,0.52533040836747,1.36286632131305,0.510782654500971,1.27817633006088,7.53911282906047,20.3213784897085,0.0253383513123133,0.149084164810343,3.76459998229945,10.4196600206446,3.74350384747588,3,0.048984429418586,0.845815358854602,0.530261210696241,0.526965735154889,3.87104785391111,1.68685276871687,1.11803398874989,17.2757497861651,33.7213754958639,5.96,0.301573333333333,0.79,0.005,0,0,90
circularCrossing,nominal,209,sharmaCertifiedHold,1,,0,1000,2,0.337330270451325,0.347186250440447,3.09330879057272,0.457930502082243,3.21914479424518,3.74394367631166,21.5662475738275,2.48914453387456,6.2318566363347,2.61869880965545,6.24981483847126,11.6080844582188,36.0376007148565,0.149381994380609,0.144091441756267,4.35583081204759,9.76204493800799,4.11086360201426,3,0.337739324198915,2.99028701075588,2.46429612447186,2.57136757465351,7.7565169714068,2.02836328007784,1.11803398874989,30.8996061829899,179.635573313918,Inf,0.292173333333333,0.326,0.005,0,0,90
circularCrossing,nominal,209,sharmaCertifiedPredictor,1,,0,1000,2,0.117104624904144,0.201680763214307,5.69839537888682,0.245846409801549,4.32478256137594,4.70404338030613,29.6818796524003,3.16901858851917,8.85592687037912,3.21941137011633,9.89154056078053,13.9704023023356,53.9376212859114,0.0277681586223996,0.156404851103757,4.19020400781461,9.69100047188518,3.98869032433853,3,0.105926188863978,3.86772891014622,2.69990293400998,2.68537722319197,11.1950922837087,1.81283205614212,1.11803398874989,45.7997965659434,316.39944694341,Inf,0.298933333333333,0.331,0.005,0,0,90
circularCrossing,nominal,209,sharmaTunedPredictor,1,,0,1000,2,0.0314855028251345,0.106043816580324,1.45759370001366,0.0700645638551243,0.654231330785305,1.23619941555428,0.3657328870791,0.221812742879857,0.534192657194918,0.134010317111621,0.36581325939019,4.63372491613323,6.59266515052876,0.0321151925367569,0.182217968931802,2.33960810484799,2.72517711930965,2.38237978769937,3,0.0318045275707742,0.638091678760372,0.234769263730879,0.140487274953338,4.4374281610654,2.23393721914757,1.11803398874989,11.4020804474423,9.10098759185511,3.8,0.29101,0.484,0.005,0,0,90
circularCrossing,nominal,209,sharmaTunedCorrectedPredictor,1,,0,1000,2,0.031486063405483,0.106051875119103,1.45776291602443,0.0700558523787958,0.65528363059584,1.23732124926215,0.365494916117685,0.221896143506601,0.534454874423078,0.133999702982859,0.365703159370945,4.638019133533,6.59714503910146,0.0321151925367569,0.182217968931802,2.33960810484799,2.72517711930965,2.38237978769937,3,0.0318035742217583,0.639084034328531,0.234857453771173,0.140469759741223,4.44150137132909,2.23393721914757,1.11803398874989,11.4023378600052,9.10788190515379,3.8,0.28843,0.315,0.005,0,0,90
circularCrossing,nominal,210,structured,1,,0,1000,2,0.0227240274917663,0.125200350917829,0.415481750997439,0.0518339047973006,0.0822882782316824,0.0830227055239677,0.117245918669111,0.0547136480981314,0.157928621481354,0.0546526709765339,0.167955055299917,0.238571425936208,0.744120794737015,0.0454918892965001,0.0275381241496086,0.0661255575066872,0.0908977400779553,0.0762341385524123,3,0.0239436300072446,0.0834590455748336,0.0540569425192154,0.0549628731439625,0.244599300874574,0.0727933660197654,1.11803398874989,3.12429234549532,3.64192834163942,0.5,2.00717,5.325,0.005,0,0,90
circularCrossing,nominal,210,sharmaMatchedPredictor,1,,0,1000,2,0.0361728171797721,0.137466255612519,2.12701401185924,0.0782104928359881,1.2839031625675,2.36699006873296,1.4222251646185,0.409642375332007,1.19115484410175,0.388972315653466,1.00239856707617,8.9092039237065,25.1055864790438,0.0282077979524527,0.17073105441774,4.38455652494392,12.4140008111136,4.50986734290631,3,0.0364670193762473,0.734382450673685,0.386619942646076,0.379744713522521,3.92757268903074,1.77578498824194,1.11803398874989,17.0850450452375,32.7047991114162,Inf,0.298296666666667,0.779,0.005,0,0,90
circularCrossing,nominal,210,sharmaCertifiedHold,1,,0,1000,2,0.345817679350198,0.353871598969705,3.15668210087792,0.464277928937082,3.46420700154406,3.9928540892156,23.2862559631173,2.67477711305623,6.14574792434537,2.77192926587283,5.94659636382106,12.2153734585892,35.6173129261829,0.155002573653534,0.127723116170914,4.55781864057343,10.9738891702282,4.40728561937406,3,0.348559391510863,3.26615176198436,2.67008321615828,2.75599254750908,8.45239644334607,2.01472910457435,1.11803398874989,28.6829420232309,167.003585024115,Inf,0.29889,0.528,0.005,0,0,90
circularCrossing,nominal,210,sharmaCertifiedPredictor,1,,0,1000,2,0.13574757753874,0.20073529066924,5.74321831398564,0.29043407825524,5.12806866387271,5.48168893988751,35.1216099501795,4.00616410426271,9.97206301422828,3.96239010197418,9.83439563215479,14.7926700439568,40.6528599864013,0.0251938176456698,0.136185983930451,4.36561581449711,10.7972031534604,4.26818125190357,3,0.138715027021222,5.09006410391938,3.96098223564313,3.88568798187697,13.0005134995451,1.77561480185445,1.11803398874989,44.2680039397155,302.432034579061,Inf,0.303513333333333,0.375,0.005,0,0,90
circularCrossing,nominal,210,sharmaTunedPredictor,1,,0,1000,2,0.0301117514860674,0.104169509057613,1.42629703189929,0.0649875260919502,0.734247824617977,1.39197018767476,0.337788111197293,0.228440325524807,0.652021966576953,0.114032575459384,0.380518646217194,5.23298143603996,7.90150000288214,0.033992542897672,0.19053715737481,2.62736090465404,3.10162803277962,2.70373697942451,3,0.0308164078388585,0.689735974938871,0.245629257514446,0.111767431688582,4.87274912933766,2.47909848449736,1.11803398874989,11.6822330085789,8.80699606861441,4.98,0.29298,0.492,0.005,0,0,90
circularCrossing,nominal,210,sharmaTunedCorrectedPredictor,1,,0,1000,2,0.0301041322320412,0.104177173266719,1.42647400075412,0.0649771064569678,0.735459012320634,1.39325171486881,0.337637332831355,0.228530449951968,0.65199961307213,0.114035699849492,0.380540274374674,5.23789274327478,7.90727739757037,0.033992542897672,0.19053715737481,2.62736090465404,3.10162803277962,2.70373697942451,3,0.0308070522143756,0.690868268487483,0.24571875923521,0.111737602312522,4.87739362815834,2.47909848449736,1.11803398874989,11.6826767126655,8.81411701588179,4.98,0.289923333333333,0.357,0.005,0,0,90
circularCrossing,nominal,211,structured,1,,0,1000,2,0.0297619981583424,0.1243073882857,0.418430152060524,0.0580249340633464,0.106566186422083,0.107649993551637,0.145767340297659,0.070640349179906,0.158789880218192,0.0697671987060797,0.166942161976817,0.310265563247611,0.793329272347549,0.0503120751350845,0.0286914790303866,0.0707606057252547,0.0910103608721902,0.0743945069230818,3,0.02786055909452,0.0986851386072426,0.0668273423512426,0.0655559591290339,0.290257754502471,0.0789440815430191,1.11803398874989,3.08162710813367,3.58668264494565,0.52,2.00945333333333,5.178,0.005,0,0,90
circularCrossing,nominal,211,sharmaMatchedPredictor,1,,0,1000,2,0.0559664569377801,0.14594082933502,2.25759966639282,0.115850209553039,1.41409735378399,2.45224894652511,2.14128023019942,0.662095460921313,1.80169495739328,0.621429658489367,1.60345482969125,8.92894267357229,24.7076743089843,0.0342466838747199,0.19402107797389,4.40551939018398,13.1642705689507,4.53698371100304,3,0.0556104633255795,0.957154301602328,0.609808880928607,0.590545323089117,4.58450691722307,2.08261820569971,1.11803398874989,17.3925614412974,34.1543253517655,5.94,0.300103333333333,0.793,0.005,0,0,90
circularCrossing,nominal,211,sharmaCertifiedHold,1,,0,1000,2,0.344215917451514,0.352887249873938,3.16628561698881,0.44830897938066,3.28967580109235,3.82900192012439,22.0385220487886,2.50051330335398,5.83610524704883,2.63282079935111,5.74750783632378,11.9105197992701,36.317424231653,0.150157284282251,0.14644263893182,4.50118813539861,11.2127352469836,4.31800411745175,3,0.343691720580563,3.08900941527593,2.51471549959727,2.63275308305947,8.27588632342964,2.25672069185112,1.11803398874989,32.1673347798793,188.10431631599,6,0.29018,0.332,0.005,0,0,90
circularCrossing,nominal,211,sharmaCertifiedPredictor,1,,0,1000,2,0.122456414918795,0.205381619564713,5.62571519931522,0.296962648600654,4.62723763533804,5.02943482206935,31.2293252823613,3.51383318051918,9.08183222054168,3.51985759038387,9.06252531481996,13.6712710527135,34.2420294841568,0.032673613189849,0.15187294653891,4.33969337307445,11.1044435934699,4.2036035489283,3,0.126619056387632,4.62811157934044,3.70023940636289,3.73417620009231,11.3368786325517,2.05686060674176,1.11803398874989,47.6678629612535,345.645723820424,Inf,0.297823333333333,0.328,0.005,0,0,90
circularCrossing,nominal,211,sharmaTunedPredictor,1,,0,1000,2,0.0362110567405335,0.104517955922395,1.40222818536858,0.0795858979109195,0.685497007136172,1.26686633503173,0.390678424610565,0.234916015002411,0.60199612811711,0.134500366884307,0.35768931098654,4.74048523314002,7.5020417320729,0.0375275964302293,0.201631834792843,2.37431924998297,2.81700624317831,2.45509868292094,3,0.0355012790508633,0.659918912361929,0.245931754532133,0.139035438295287,4.51811445728872,2.26308991815033,1.11803398874989,11.3560043522623,9.4027539936961,3.7,0.290373333333333,0.48,0.005,0,0,90
circularCrossing,nominal,211,sharmaTunedCorrectedPredictor,1,,0,1000,2,0.0362095481024054,0.104523525206431,1.40240904373246,0.0795317901433134,0.686538301985967,1.26800844620148,0.390351550614479,0.234967979374439,0.602186359355187,0.134482165578252,0.357830248743962,4.74488356055893,7.5069823667881,0.0375275964302293,0.201631834792843,2.37431924998297,2.81700624317831,2.45509868292094,3,0.035496321785909,0.66094951533422,0.246005090882417,0.139037736014295,4.52245023125198,2.26308991815033,1.11803398874989,11.3564296215272,9.40963939366603,3.7,0.28978,0.334,0.005,0,0,90
circularCrossing,nominal,212,structured,1,,0,1000,2,0.0309065175660312,0.122561866002515,0.411759292268944,0.056243417016278,0.110271210120324,0.110082717006497,0.162488872567699,0.077162686192314,0.185311733602022,0.0803374569192769,0.18065567202461,0.30001097360578,0.79572840292117,0.0505611112377501,0.0290690317504222,0.0695804908542311,0.0887791160241677,0.0762714802852839,3,0.0309936893853161,0.114150150261324,0.0779507202232938,0.0821656722740614,0.321720969315123,0.0773636121396426,1.11803398874989,3.06016946298866,3.64917973575155,0.5,2.00205666666667,5.241,0.005,0,0,90
circularCrossing,nominal,212,sharmaMatchedPredictor,1,,0,1000,2,0.0552339762052369,0.145189381275288,2.21783623970696,0.108580038031636,1.26586983985601,2.15124254942838,2.05097843541551,0.582644167410023,1.48029747421751,0.580276817868862,1.45803806835487,7.90356858567235,23.8152130834978,0.0278231391573453,0.153422154361989,3.84550936217299,11.3595922630847,3.91602752389457,3,0.0561476513874487,0.903873674011635,0.572685486686466,0.561753736109573,3.93059427923333,1.71069694461111,1.11803398874989,17.7590141912991,34.7225447461152,5.68,0.300093333333333,0.786,0.005,0,0,90
circularCrossing,nominal,212,sharmaCertifiedHold,1,,0,1000,2,0.34473024333524,0.353968180135825,3.11623462168712,0.463646402869916,3.39290211002466,3.86664234321554,23.1646844130978,2.46226504593904,6.62364672475141,2.5897475028199,6.9566019751646,12.2359918325235,30.2378919381388,0.149876205871176,0.154654432452737,4.25047571118778,10.1875239079948,4.07507268427103,3,0.344363946950667,3.3331499429446,2.46766866558745,2.60027397930108,9.78909922285665,1.96923090430246,1.11803398874989,30.7315324931834,180.361180590508,Inf,0.292976666666667,0.325,0.005,0,0,90
circularCrossing,nominal,212,sharmaCertifiedPredictor,1,,0,1000,2,0.136694460077599,0.201485891184464,5.57641038850504,0.269946898761213,5.09013994588124,5.40335341903353,35.1403946847058,3.45636440179876,10.0765313324688,3.35201409284804,10.121713557026,16.0188262956215,39.0321638983793,0.0345323989943502,0.167959408307076,4.04619004381606,9.94286279318946,3.92453504307149,3,0.139516199210658,5.05222874106855,3.10463363505523,2.98170435273955,15.6270332396147,1.74934950274931,1.11803398874989,46.1971382355304,352.910211995247,Inf,0.29943,0.334,0.005,0,0,90
circularCrossing,nominal,212,sharmaTunedPredictor,1,,0,1000,2,0.0393268860626922,0.103086404942884,1.44545215771022,0.0721196346213562,0.656590793942657,1.20658147659689,0.438187002610918,0.259337369553991,0.642939899262226,0.158884109142891,0.397080407864181,4.490648588374,6.85507868625936,0.035562957501161,0.194090511497121,2.25337989918027,2.67808142974241,2.29993649124262,3,0.0403769834604183,0.618900316577498,0.279968759203436,0.163319443888751,4.17492641885602,2.14504972177563,1.11803398874989,11.6869318976736,9.6086913398888,5.16,0.289823333333333,0.486,0.005,0,0,90
circularCrossing,nominal,212,sharmaTunedCorrectedPredictor,1,,0,1000,2,0.039340699004985,0.103098694776606,1.44562818099326,0.0720591182537722,0.657556655614589,1.20764484134669,0.437861221053449,0.259357559225886,0.643060494728388,0.158864699144301,0.396863551958614,4.49479157736595,6.85944217876574,0.035562957501161,0.194090511497121,2.25337989918027,2.67808142974241,2.29993649124262,3,0.0403841114055524,0.619814084069434,0.279994487847031,0.163296530435473,4.17896853299317,2.14504972177563,1.11803398874989,11.6873886072629,9.61641110502442,5.16,0.2895,0.337,0.005,0,0,90
circularCrossing,nominal,213,structured,1,,0,1000,2,0.0267993593541806,0.126256175738671,0.417419755754129,0.0587778678013787,0.0976530919102958,0.10048562601735,0.137803888803748,0.0613694399369038,0.179300384548213,0.0624943994338476,0.194821391139591,0.303906257154546,0.883640907178556,0.0466266665393167,0.0288690710091916,0.0705924165265646,0.0975908429074783,0.0738526576659656,3,0.0266609896691367,0.102732366389929,0.0638274576074627,0.0648955292110003,0.322564501836831,0.0796618140578853,1.11803398874989,3.13326746412622,3.59755433369328,0.52,2.00645,5.017,0.005,0,0,90
circularCrossing,nominal,213,sharmaMatchedPredictor,1,,0,1000,2,0.0545590297369362,0.147492954767191,2.24611679401693,0.109023106363806,1.35997984167621,2.3566179935245,2.04113313154491,0.533758550011192,1.34993423333883,0.51136858713392,1.2756710239756,8.75847732951708,23.2352612806055,0.0292500426091216,0.167629089874484,4.26336437798059,11.626344782278,4.33376277953589,3,0.0573226743217334,0.907342105161966,0.547259971389393,0.528599505041186,3.85947373682645,1.65481713543701,1.11803398874989,17.4766748408681,34.0729359122775,5.48,0.300076666666667,0.796,0.005,0,0,90
circularCrossing,nominal,213,sharmaCertifiedHold,1,,0,1000,2,0.34262595782802,0.355320871222256,3.08528751551955,0.435028091017808,3.37786527497213,3.97443029949465,22.6377922723413,2.40183495269728,5.72203677623921,2.57006993218191,5.97521365250616,13.1399166261871,40.1886495781083,0.154993710184718,0.171649691736227,4.78813952880696,10.8185392028442,4.58171044546742,3,0.344923329255763,3.08499756921658,2.42162449854085,2.54332267173263,8.48815516027629,2.00512198573022,1.11803398874989,30.4056782058905,193.27175455888,Inf,0.29076,0.322,0.005,0,0,90
circularCrossing,nominal,213,sharmaCertifiedPredictor,1,,0,1000,2,0.133540203479569,0.21050453316682,5.5897354887915,0.359001622572948,5.03611214017713,5.43874741810094,34.9976370412783,2.85131833923519,7.96521541968166,2.99806925440678,8.19417287751649,18.0835736861447,59.9414334748059,0.0337759429985489,0.19040415583975,4.6619500908399,10.792978753282,4.50788374260597,3,0.116247669873987,4.25185511633789,2.46708147257611,2.48428193564071,13.3506117094581,1.79976532046965,1.11803398874989,45.9891196324951,311.019450423289,Inf,0.298773333333333,0.332,0.005,0,0,90
circularCrossing,nominal,213,sharmaTunedPredictor,1,,0,1000,2,0.0359845542998632,0.106018452531523,1.43405272368539,0.0780229748733209,0.64083408383283,1.17066523977098,0.407275487120641,0.215177745526956,0.493287496998343,0.133342327446069,0.359520745516718,4.3858514463575,6.29929395732095,0.0328182316507912,0.184726130348673,2.17791049790603,2.65927859332152,2.23275527150111,3,0.036004601414542,0.616061794014906,0.223446132155721,0.135720250606138,4.10470470863774,2.04068612632476,1.11803398874989,11.3976290641786,9.63727777471935,4.92,0.29097,0.513,0.005,0,0,90
circularCrossing,nominal,213,sharmaTunedCorrectedPredictor,1,,0,1000,2,0.035987631523502,0.106026878959751,1.4342251531919,0.0780821987203275,0.641774157462257,1.1717050743239,0.406964370402602,0.215227299817828,0.493544382148531,0.133324909236128,0.359609985737393,4.38985785823646,6.30264069475433,0.0328182316507912,0.184726130348673,2.17791049790603,2.65927859332152,2.23275527150111,3,0.035999159098164,0.616925083272355,0.223510519545761,0.135725942947972,4.10848388225308,2.04068612632476,1.11803398874989,11.3980327219711,9.64414643872132,4.92,0.2874,0.338,0.005,0,0,90
circularCrossing,nominal,214,structured,1,,0,1000,2,0.0249325524617623,0.121228563452214,0.417495333280371,0.0606525544196633,0.0873490795094503,0.0890233737698088,0.131498964048581,0.0608608407018788,0.193301518252465,0.0591553117474517,0.181144719480439,0.248197499878154,0.692377999368211,0.0564235229815598,0.0284573789238574,0.0691586869798743,0.0911769094414834,0.0740751459790326,3,0.0226171290023256,0.0807744287976079,0.0579310296448534,0.0563334641611546,0.22944957873904,0.0780501890034075,1.11803398874989,3.03679356433737,3.58369418266834,0.5,2.01139333333333,5.004,0.005,0,0,90
circularCrossing,nominal,214,sharmaMatchedPredictor,1,,0,1000,2,0.0511653340003172,0.140895034897959,2.20553384257177,0.119275366503982,1.42671398856561,2.50598752545117,1.96955751098335,0.606422485786087,1.45580263512607,0.577922645409267,1.47497750307977,9.23022888644294,26.6751777592951,0.0383267863997504,0.199806861142402,4.49311920273376,13.6327150225765,4.61565155278392,3,0.0460118270552715,0.897584785497596,0.554237155555596,0.535291119370769,4.44621084627486,1.97980252363732,1.11803398874989,17.4870242657246,34.1905720935822,5.88,0.301983333333333,0.787,0.005,0,0,90
circularCrossing,nominal,214,sharmaCertifiedHold,1,,0,1000,2,0.338105637691893,0.35024513796428,3.08568894935931,0.487204558659074,3.41094286852631,4.00490991934573,22.8787312496364,2.54529126028466,6.5166591266518,2.66353407480382,6.5117375680738,12.4794698089917,37.5873527137198,0.157239616258292,0.172619355334604,4.75798156558545,12.1147864127933,4.59533657407475,3,0.341335587826472,3.1481209928537,2.55081969215579,2.68782330464051,8.51402036171775,2.1504585162958,1.11803398874989,28.3331326135067,178.427790260878,Inf,0.291226666666667,0.328,0.005,0,0,90
circularCrossing,nominal,214,sharmaCertifiedPredictor,1,,0,1000,2,0.146698706291184,0.210527148486996,5.6761741902364,0.362335632200019,5.45616694436677,5.84729998995071,39.0401654637073,4.00605925280154,13.2381879171915,4.07166744206842,13.6234131637717,16.4403039645794,48.4842207910686,0.0406221429496142,0.191924637819494,4.62158405654817,12.0181881426322,4.50735842673113,3,0.140886889501572,5.16406678027738,4.01099866712232,4.200017817289,13.8034378600065,1.98114021489003,1.11803398874989,43.1269774865969,354.75718945893,Inf,0.300736666666667,0.349,0.005,0,0,90
circularCrossing,nominal,214,sharmaTunedPredictor,1,,0,1000,2,0.0336863899098651,0.102450289057884,1.44014329973597,0.08120381260155,0.776695916788851,1.44719158592958,0.387498037849413,0.287536315951229,0.775826410074846,0.133869442226858,0.45660019127714,5.40135182260415,8.238440310033,0.0362241534357954,0.194089169841681,2.69524098036433,3.30186316454285,2.77489889330756,3,0.0308858950584115,0.729858971195102,0.297285409860472,0.126465488845549,5.03801181652098,2.54397000761634,1.11803398874989,11.2775574850838,9.10794838378981,5.68,0.29249,0.479,0.005,0,0,90
circularCrossing,nominal,214,sharmaTunedCorrectedPredictor,1,,0,1000,2,0.0336865088031971,0.102452185811373,1.44032474963353,0.0812841530133954,0.777927699864536,1.44850946856774,0.387359757846608,0.287608626453962,0.776104046890682,0.133872812774008,0.456977826031451,5.40642974330136,8.24393212394654,0.0362241534357954,0.194089169841681,2.69524098036433,3.30186316454285,2.77489889330756,3,0.030885818070329,0.731042135516399,0.297396217799441,0.12650625124998,5.04287020681459,2.54397000761634,1.11803398874989,11.278014431988,9.11299777569653,5.68,0.287973333333333,0.332,0.005,0,0,90
circularCrossing,nominal,215,structured,1,,0,1000,2,0.0276149423994654,0.126409814975204,0.428302065652173,0.0539932551453452,0.0998689128800877,0.102259115095972,0.139035754640263,0.0745330397459656,0.177646257980163,0.0758391875928054,0.187548939002046,0.267505841911512,0.711862929792557,0.0452530981178971,0.0274935008187895,0.0642517159765453,0.086706005358825,0.0744747171422691,3,0.0285809723347329,0.101355338977494,0.0767347822273079,0.0787435631411977,0.265885557566318,0.0717365910554442,1.11803398874989,3.10654090513242,3.62515488243283,0.5,2.00582666666667,5.17,0.005,0,0,90
circularCrossing,nominal,215,sharmaMatchedPredictor,1,,0,1000,2,0.0608391550196671,0.146655847595267,2.19375435346424,0.133188591820291,1.41500395383791,2.34407856087134,2.29274252330075,0.720895019019234,1.69871631467379,0.649792800222522,1.57416011603605,8.50750413262603,24.8917998839298,0.0377140700151022,0.218681222616024,4.12747375921919,12.4097878578097,4.30367622882707,3,0.0646620748136064,1.03615192788176,0.750928712217791,0.689849753113899,3.92512569779168,1.63303318132728,1.11803398874989,17.5886943098231,33.7197955462651,5.96,0.298936666666667,0.791,0.005,0,0,90
circularCrossing,nominal,215,sharmaCertifiedHold,1,,0,1000,2,0.340580323905752,0.351292050690879,3.18996366222344,0.470963529258458,3.30474847047536,3.82882966450938,22.3162694902969,2.48208940139947,5.99984306830935,2.63579295327435,6.44292413288124,11.9544276805387,35.5537221059356,0.152537797259301,0.147396344585671,4.44321228942592,11.641072383396,4.30744650929125,3,0.341462201692909,3.12775233064367,2.53247553877404,2.67363249796943,8.08596429272495,1.8956813860738,1.11803398874989,31.4699669750973,183.984662364361,Inf,0.29086,0.324,0.005,0,0,90
circularCrossing,nominal,215,sharmaCertifiedPredictor,1,,0,1000,2,0.120117752202533,0.220672114867451,6.17408209892965,0.291391137186155,4.46000171265878,4.83815924423412,30.2251631113186,3.29260574270994,9.1250896805061,3.31906906950461,9.31892814114877,13.6012871643757,41.4095180555767,0.0311933638390909,0.15354286588409,4.23404910355708,11.4596134022161,4.14788793624519,3,0.124533834154902,4.48109773958518,3.46350113037157,3.52440710376166,11.4485379465611,1.65950145033579,1.11803398874989,46.7726953767701,331.603540095992,Inf,0.298436666666667,0.328,0.005,0,0,90
circularCrossing,nominal,215,sharmaTunedPredictor,1,,0,1000,2,0.0377084108954399,0.107452602473776,1.45659101390883,0.0787041199242016,0.72195466744638,1.31025443530189,0.433016353351296,0.270195970741688,0.711001333111248,0.158509678828168,0.405209466624846,4.88721967867782,8.12653159115764,0.0407826059580488,0.217096433177094,2.43365983212007,3.0317955160402,2.51595996202052,3,0.039049971299212,0.687976635860636,0.291317762575775,0.164647354902453,4.52687131535648,2.26683505365264,1.11803398874989,11.8113528793514,9.13520571304974,5.74,0.289813333333333,0.499,0.005,0,0,90
circularCrossing,nominal,215,sharmaTunedCorrectedPredictor,1,,0,1000,2,0.0377116239985105,0.107463535978098,1.45677096201437,0.0787290117059895,0.723003076364625,1.31142095770251,0.432758674200596,0.27025810949108,0.710952676011567,0.158521952355212,0.405163994092472,4.89172696648947,8.13202439667442,0.0407826059580488,0.217096433177094,2.43365983212007,3.0317955160402,2.51595996202052,3,0.0390578763276866,0.688921467030999,0.291388216376627,0.164651457662282,4.53102725701631,2.26683505365264,1.11803398874989,11.811628601998,9.14278683864026,5.74,0.286586666666667,0.321,0.005,0,0,90
circularCrossing,nominal,216,structured,1,,0,1000,2,0.0224611396497532,0.123507365993537,0.419162499107885,0.0499464852265835,0.0802820742242457,0.0825089112714191,0.123201034830485,0.0483056532174196,0.149914800383279,0.0490806176634065,0.153928997433518,0.255563591022166,0.672102180578486,0.0533349272419089,0.0289600748213869,0.071839621547318,0.0970280013017607,0.0816737238502644,3,0.0232268129120698,0.0821051406138879,0.0492123429301457,0.0511319998582876,0.260756071306762,0.0798752790689775,1.11803398874989,3.22107836446701,3.7728377001959,0.48,2.01005,5.229,0.005,0,0,90
circularCrossing,nominal,216,sharmaMatchedPredictor,1,,0,1000,2,0.0502491510691077,0.149307225752342,2.2199851983633,0.121799001332161,1.2923836775263,2.22486500060336,1.94627374319571,0.442598392366234,1.28257278237806,0.44179074105706,1.19750173988048,8.30245656168801,22.2561374198534,0.0267908303919583,0.156431234748287,3.96622563894023,11.353188093861,4.03894188003734,3,0.052676299237495,0.868206530688199,0.43808237027362,0.452470691994319,4.07846306553618,1.72774191790688,1.11803398874989,17.6291436242033,34.4726969233292,5.9,0.299893333333333,0.798,0.005,0,0,90
circularCrossing,nominal,216,sharmaCertifiedHold,1,,0,1000,2,0.345505791225807,0.353094697615715,2.92086695079558,0.476623988277413,3.23800504107416,3.75648046632694,21.9726701660486,2.28795783025327,5.47535093648868,2.43405572346845,5.74400751928251,12.1643997245304,30.4405340731952,0.155344791777111,0.130879532048704,4.36334523935296,10.8653287751753,4.19180019123648,3,0.347615522058683,3.06731057919443,2.26059063265932,2.40690147217929,9.05688955829525,2.03453395229042,1.11803398874989,27.9257389577423,178.580296596949,Inf,0.29102,0.327,0.005,0,0,90
circularCrossing,nominal,216,sharmaCertifiedPredictor,1,,0,1000,2,0.117382068113129,0.189557746481394,4.88758427574781,0.244415131632083,4.38852991512036,4.75180966645186,30.4468748572066,2.55835724391747,7.99032901956542,2.64538448993391,8.45296242009447,15.448290835488,40.9289718924154,0.0287022469929441,0.134950376716099,4.13645406168239,10.6177174233251,4.01759033274848,3,0.116262964695452,4.21533040555346,2.30159056690881,2.34946152495363,13.7654244365576,1.80006163247199,1.11803398874989,42.8007655479234,302.290017646782,Inf,0.299663333333333,0.346,0.005,0,0,90
circularCrossing,nominal,216,sharmaTunedPredictor,1,,0,1000,2,0.0313546322505169,0.106461603152777,1.43884154702793,0.0799497890467368,0.609607082668286,1.12127202691088,0.35844378424575,0.218411072300267,0.648514259365319,0.10803209045932,0.347380719897739,4.19197749582049,6.1306858367325,0.0346551991613678,0.192025291575561,2.08574381807929,2.43348989378643,2.12923312305813,3,0.0322776294399825,0.580368304930531,0.231276807335091,0.110461304484755,3.93771180372148,1.98834797811343,1.11803398874989,11.4087636780799,9.43754729290807,5.54,0.290216666666667,0.49,0.005,0,0,90
circularCrossing,nominal,216,sharmaTunedCorrectedPredictor,1,,0,1000,2,0.031352984939081,0.106467889343715,1.4390159435635,0.0798872017157723,0.610505293051502,1.1222516226061,0.358547706870015,0.218458900757408,0.648700704075623,0.108038999681347,0.347399090661668,4.1957561891568,6.13426654892409,0.0346551991613678,0.192025291575561,2.08574381807929,2.43348989378643,2.12923312305813,3,0.0322751704492126,0.581227348479884,0.231328508504045,0.110460670995684,3.94140231097696,1.98834797811343,1.11803398874989,11.4090365994837,9.4447606887863,5.54,0.287906666666667,0.32,0.005,0,0,90
circularCrossing,nominal,217,structured,1,,0,1000,2,0.0239253589243857,0.125842665949882,0.425190966209285,0.0639120747989236,0.0910249068132495,0.0930915568705006,0.13040657405484,0.0541137427281166,0.179718976651674,0.0575714121173204,0.18221940684839,0.289511199570406,0.753292622804583,0.0494482107147321,0.0286244442621627,0.0648300310135368,0.086971970132791,0.0783464936103626,3,0.0221729695691047,0.0845803495532658,0.0484753838629602,0.0520091262338619,0.267796404921583,0.0725883795107809,1.11803398874989,3.05824726730802,3.6046699309165,0.52,2.01816,5.204,0.005,0,0,90
circularCrossing,nominal,217,sharmaMatchedPredictor,1,,0,1000,2,0.0530243909172981,0.140630108750904,2.2623179772745,0.130066750937602,1.29619743900896,2.15499468503391,2.11605253216186,0.588215129309228,1.71224712599822,0.585462561378108,1.91985466493069,7.91085697626568,22.9721008637629,0.0311602002787986,0.181195418665893,3.74982076087456,10.8458939877923,3.82472220752592,3,0.0513886004527759,0.93260195243781,0.563195759742728,0.547228248335154,4.19838869608408,1.77664588754356,1.11803398874989,17.1724392959589,33.3800954132401,6,0.30426,0.79,0.005,0,0,90
circularCrossing,nominal,217,sharmaCertifiedHold,1,,0,1000,2,0.34358182508282,0.352254560765767,2.92711045389608,0.461764953856551,3.44855572121073,3.95706369527791,23.879955800538,2.35250974365377,5.75771621078447,2.50157700876168,6.11762131785849,13.0913888896252,37.1709183912716,0.151812233721875,0.158849660239902,4.50849370787771,10.9250299713106,4.28534887023621,3,0.344951226633665,3.40783720283126,2.43441910981337,2.573876721394,10.5051423537637,2.09798786568012,1.11803398874989,27.7683797358625,175.359086577519,Inf,0.294276666666667,0.358,0.005,0,0,90
circularCrossing,nominal,217,sharmaCertifiedPredictor,1,,0,1000,2,0.148727905007315,0.202540758328134,5.16398078390926,0.358036229427257,5.54619507521353,5.85978833690803,39.2608123313739,3.01829380013756,8.24802101747816,2.89914598858357,7.36614809863222,19.0967561702673,49.4449161480758,0.0301726454551828,0.171044465656216,4.33411159947433,10.8025291695809,4.1540272034511,3,0.155372409743286,5.7358517946544,3.14666117724506,3.04717209591479,18.6691614915938,1.90164836807862,1.11803398874989,43.4115399412412,314.057341949685,Inf,0.300373333333333,0.378,0.005,0,0,90
circularCrossing,nominal,217,sharmaTunedPredictor,1,,0,1000,2,0.0330494702532652,0.104448594676463,1.42991624405019,0.0785555177595673,0.62449410639224,1.12640722240108,0.381106796953391,0.259785351160674,0.695389923616077,0.125365452714447,0.366856233268074,4.17794123573811,6.4454717338624,0.0363494466558292,0.204771793386189,2.07993394708817,2.54077716172908,2.14694075004086,3,0.0318875928767235,0.58635406131061,0.270184982965284,0.116139157133882,3.87179061563183,1.97305230563352,1.11803398874989,11.3500678726638,9.13732368908044,3.44,0.293363333333333,0.478,0.005,0,0,90
circularCrossing,nominal,217,sharmaTunedCorrectedPredictor,1,,0,1000,2,0.0330463055421374,0.104459202239695,1.43009656984002,0.0786111507602501,0.625387176570331,1.12740510251977,0.381174121462794,0.259818510363604,0.695358565326645,0.125366076882785,0.367118813134525,4.18182965060511,6.44942691958988,0.0363494466558292,0.204771793386189,2.07993394708817,2.54077716172908,2.14694075004086,3,0.0318773195430126,0.587201902240975,0.27021725381946,0.116128036429333,3.87559923622342,1.97305230563352,1.11803398874989,11.3504942094819,9.14444691146998,3.44,0.29141,0.376,0.005,0,0,90
circularCrossing,nominal,218,structured,1,,0,1000,2,0.028387387718887,0.123658099983207,0.419377872796378,0.064134149669935,0.110866635124546,0.112407808333953,0.146520683156195,0.075077278775982,0.173051654289129,0.0784615269293944,0.173823736919275,0.319384508279035,0.927707474860412,0.0464940305129907,0.0277622081127193,0.0573373938992585,0.0910080315139134,0.0835807779640806,3,0.0263374105972314,0.097565988667264,0.0803302297345259,0.0830937231682221,0.205195116434508,0.0618686100403685,1.11803398874989,3.14896033705783,3.68326648759605,0.52,2.00753666666667,5.349,0.005,0,0,90
circularCrossing,nominal,218,sharmaMatchedPredictor,1,,0,1000,2,0.0469568390199978,0.145123536592124,2.1979456475707,0.092144100004013,1.30044379538986,2.3264323570573,1.74057892347335,0.471461689601147,1.54492541249291,0.445478970044157,1.19962667667926,8.71114050524599,22.4020073359072,0.0339424255092532,0.195855616118957,4.28558334150889,11.081271615638,4.29164248613043,3,0.0454431204539116,0.758759375292259,0.463469912784857,0.452478574868407,3.50365579264915,1.58094690786637,1.11803398874989,16.9731448773881,33.0754600050921,Inf,0.302283333333333,0.884,0.005,0,0,90
circularCrossing,nominal,218,sharmaCertifiedHold,1,,0,1000,2,0.343982137067705,0.354058714318052,3.20749701331443,0.484427864303371,3.41685185320823,3.97570504452326,22.934977188697,2.56781980158722,6.48099290824626,2.67867201545566,7.06660046574717,12.3828237245656,33.2204488930278,0.151982464265686,0.181649226496887,4.64010610384451,10.4700261269073,4.42741313259672,3,0.343951650624996,3.19174577028066,2.52051704348416,2.65220593329477,8.61876875388681,1.89022880835362,1.11803398874989,30.47294243771,190.662296533446,Inf,0.294246666666667,0.357,0.005,0,0,90
circularCrossing,nominal,218,sharmaCertifiedPredictor,1,,0,1000,2,0.121089843914855,0.203473316847859,5.68614915294557,0.271606382096715,4.47583399923982,4.89242977763927,30.4130718755357,3.34398894249041,8.73640111200015,3.40618015289017,8.13757082076103,14.1234169119443,40.0713419176587,0.0374504062158032,0.192986446974261,4.44942723258007,10.2099594185492,4.29357375954641,3,0.112677413022407,4.07545287359408,2.93269118234628,2.9829516367606,11.3539310242633,1.65472392492445,1.12784287938505,47.3079557308318,334.672182831362,Inf,0.304203333333333,0.403,0.005,0,0,90
circularCrossing,nominal,218,sharmaTunedPredictor,1,,0,1000,2,0.0372697649208468,0.104659844561452,1.4318435073143,0.0802496384705126,0.764521435480069,1.42977894237834,0.417875046224597,0.284610698227307,0.711963985928881,0.151334213489677,0.359129771095692,5.33379852691132,8.85138255997586,0.0370868961573034,0.206848641428573,2.71501778135162,3.320966798943,2.73357465517561,3,0.0355212433724423,0.70801354789257,0.294997783477995,0.158818670064191,4.93104710943487,2.55236879110863,1.11803398874989,11.4776340339805,9.10127022611095,5.72,0.308563333333333,0.569,0.005,0,0,90
circularCrossing,nominal,218,sharmaTunedCorrectedPredictor,1,,0,1000,2,0.0372569660822297,0.104665989988602,1.43202888255148,0.0803282611178078,0.765696632409665,1.43106687091944,0.417482118830109,0.284657493516795,0.712027957279066,0.151307077613957,0.359208998064943,5.33879487759038,8.857093154186,0.0370868961573034,0.206848641428573,2.71501778135162,3.320966798943,2.73357465517561,3,0.0355095320420123,0.709117419917711,0.295051615319101,0.158807066220215,4.93577749779633,2.55236879110863,1.11803398874989,11.4780804978309,9.10838038951542,5.72,0.307683333333333,0.391,0.005,0,0,90
circularCrossing,nominal,219,structured,1,,0,1000,2,0.0259684924309539,0.124950299718319,0.416738602235959,0.0501927602252443,0.100330526861286,0.10435360214315,0.134422104047907,0.0678593617415698,0.174792468657122,0.06885865441147,0.176073981621141,0.302702432222127,0.784526430691312,0.0540097684720547,0.0273387476056989,0.0661210429004792,0.0956881951063862,0.0713346123989629,3,0.0248452554324198,0.095039608881665,0.0672690408238273,0.0671934762417479,0.276644552857863,0.0737334228667589,1.11803398874989,3.09471323076423,3.58570588144479,0.5,1.99702333333333,5.151,0.005,0,0,90
circularCrossing,nominal,219,sharmaMatchedPredictor,1,,0,1000,2,0.0508411496383609,0.1408277974371,2.20682564236056,0.137877933366084,1.34475479332108,2.3246903181811,1.97712235505522,0.533790784838483,1.54648208581063,0.507334860196445,1.41631351057242,8.63181289331867,23.9296977257975,0.0292183761160349,0.144540824609261,4.17257227332428,11.8028251659433,4.24254681214514,3,0.0508590026809268,0.90431340295288,0.563444221779287,0.540417556419504,4.03509103054588,1.71383666212271,1.11803398874989,17.1648769232989,33.0240226666075,5.76,0.299306666666667,0.776,0.005,0,0,90
circularCrossing,nominal,219,sharmaCertifiedHold,1,,0,1000,2,0.341496416460369,0.351511598770797,3.0106528094616,0.457735191315161,3.4885407723176,4.07135364257643,23.429215271182,2.47469786944573,5.47296910433917,2.61150758674764,6.40413681017859,13.2877661293434,38.9177790224834,0.154145963607466,0.163326838276782,4.75595895271708,10.9849918581502,4.57055920360836,3,0.343743548161089,3.28866997566942,2.48450680598616,2.59954445623972,9.47712090182389,2.04883918019339,1.11803398874989,29.6322157100032,181.213030422148,6,0.290233333333333,0.322,0.005,0,0,90
circularCrossing,nominal,219,sharmaCertifiedPredictor,1,,0,1000,2,0.140024090904816,0.206322588628375,5.48672998854215,0.285392044229633,5.29092587515437,5.68333281288828,36.6484885264613,3.48016902024992,9.81555735259845,3.42257672660319,9.93415160758878,17.5999376662924,52.8595913800148,0.0371738455520276,0.181593949439866,4.64617707218506,10.9723006121117,4.50841874639384,3,0.138497651768042,5.13319350918712,3.24948781934917,3.12430894284264,15.7676297197965,1.86290617302029,1.11803398874989,44.6300148819612,322.349472327247,Inf,0.29685,0.33,0.005,0,0,90
circularCrossing,nominal,219,sharmaTunedPredictor,1,,0,1000,2,0.0337569581020861,0.103637099374561,1.41446991799708,0.0767444319633439,0.634690197460987,1.17214470710846,0.386823545688072,0.228757896465914,0.642434878010173,0.132435895575405,0.372523216755177,4.38103550489212,7.39012336095764,0.0347536135625055,0.185101746164734,2.19572515476429,2.68491027480294,2.27247508239439,3,0.0326501374331918,0.600811680431161,0.238984652859383,0.132172601809074,4.09695386685254,2.06151626902221,1.11803398874989,11.3477037565175,9.24100553351071,2.76,0.288983333333333,0.491,0.005,0,0,90
circularCrossing,nominal,219,sharmaTunedCorrectedPredictor,1,,0,1000,2,0.0337597294607749,0.103650164099321,1.41465827952133,0.0767555022169953,0.635672101211257,1.17321412532888,0.386515493926979,0.22882465196363,0.642704084442435,0.132412513737032,0.372372932514097,4.38515241400427,7.39501740907466,0.0347536135625055,0.185101746164734,2.19572515476429,2.68491027480294,2.27247508239439,3,0.032651838425131,0.601730571041908,0.239055508808231,0.13214943112561,4.10082982890154,2.06151626902221,1.11803398874989,11.3483572591853,9.24847401121645,2.76,0.285966666666667,0.326,0.005,0,0,90
circularCrossing,nominal,220,structured,1,,0,1000,2,0.0282461153375549,0.12493819045881,0.427148900804203,0.0662953511037716,0.0971119424274156,0.0994463029227829,0.134804578104597,0.063426763252771,0.160848898126886,0.0642564452591856,0.157821091640606,0.29262153454325,0.709682484991686,0.0502930075745418,0.0277513299107921,0.0639952028846848,0.0901892004830622,0.071972578313361,3,0.028924293580833,0.0944391153267449,0.0618742606168578,0.0634257536233117,0.284297957141923,0.0716132673881674,1.11803398874989,3.05625881672752,3.49988793405115,0.5,2.01038666666667,5.105,0.005,0,0,90
circularCrossing,nominal,220,sharmaMatchedPredictor,1,,0,1000,2,0.054320874467142,0.13475521058573,2.17463135504885,0.113467335299595,1.35779361096681,2.36518099125354,2.06784125047391,0.488080340780486,1.41608443116238,0.501721074351564,1.39491830287743,8.84397280825088,25.7460969370514,0.0312425227908813,0.171801218778901,4.28748612264939,13.0066816905854,4.29807836214486,3,0.0518163074009316,0.869145500227692,0.423701439029333,0.442974549213057,4.17926291800729,1.68529491519459,1.11803398874989,17.2181324632795,33.0479941408208,5.98,0.2992,0.78,0.005,0,0,90
circularCrossing,nominal,220,sharmaCertifiedHold,1,,0,1000,2,0.331615385319173,0.34601465777727,3.1891403998923,0.433442069779221,3.30405631728613,3.83657554818349,22.4615344146686,2.38331002645571,5.12635750393953,2.55791662270161,6.06664077268314,12.5348528722704,46.6919681217533,0.15221759171586,0.173339681226311,4.54897494422201,11.4694817401597,4.32262823129826,3,0.330210812529108,3.03072783152845,2.37421784725804,2.50380689916599,8.45822710965607,1.96310646254923,1.11803398874989,30.8293044458184,194.72706301828,Inf,0.290383333333333,0.325,0.005,0,0,90
circularCrossing,nominal,220,sharmaCertifiedPredictor,1,,0,1000,2,0.141394240018811,0.230690263338558,6.28514631865759,0.337395185590447,5.14702993085352,5.44639730388599,36.7433614789524,3.15994450427249,9.11446549166966,3.41436551807326,9.74175913177027,17.7863336525755,67.0364602655107,0.0365718339518351,0.189290577198903,4.31552767518385,11.1258581384659,4.14484355884998,3,0.122833216673296,4.37295729441854,3.05070690593875,3.10842382045809,12.5020438843748,1.71603466488869,1.12677014841991,47.8970699412379,359.723752135479,Inf,0.298236666666667,0.333,0.005,0,0,90
circularCrossing,nominal,220,sharmaTunedPredictor,1,,0,1000,2,0.0366210236969272,0.103849637351164,1.43111117455814,0.080314398955253,0.745185457675882,1.40107222701677,0.394032806159447,0.25619095089419,0.636130083183982,0.136082662141842,0.329927199432962,5.24741602722883,8.55511742092321,0.0363100495507387,0.201383157728827,2.63921351835871,3.18371484232234,2.68299877178049,3,0.0364930902297843,0.709335199565502,0.277557691366793,0.136578569214166,4.91380633861946,2.48850448853141,1.11803398874989,11.3387022517966,8.94924724460958,3.92,0.29075,0.485,0.005,0,0,90
circularCrossing,nominal,220,sharmaTunedCorrectedPredictor,1,,0,1000,2,0.0366291567334698,0.103863057309352,1.43128247959512,0.0803836759691636,0.7463487242987,1.40232116041362,0.393976824985033,0.256242922666114,0.636011014750638,0.136082974627399,0.329649727182208,5.25222692084164,8.56032557795326,0.0363100495507387,0.201383157728827,2.63921351835871,3.18371484232234,2.68299877178049,3,0.036501841257564,0.710434183782146,0.277610311305011,0.136547817081251,4.91840358897744,2.48850448853141,1.11803398874989,11.3391436248796,8.95644116716393,3.92,0.28919,0.327,0.005,0,0,90
circularCrossing,noiseFree,201,structured,1,,0,1000,2,0.000999665471181927,0.121325720704414,0.415911691279508,0.00377674769271244,0.0161992742973599,0.024798263380846,0.0525109831614298,0.0078249628846992,0.0368454273929615,0.00289882901414784,0.0162575042981281,0.0899262396511132,0.318933681981212,0.0502263645437551,0.0280339651918291,0.0663789805064391,0.0849253697192314,0.0752139042730152,3,0.000537769070272257,0.00299091866318447,0.00109485782941226,0.00125468041499517,0.0686364768773038,0.0739222127360295,1.11803398874989,3.11297299529813,3.66992867323089,0.5,2.02995666666667,5.041,0.005,0,0,90
circularCrossing,noiseFree,201,sharmaTunedPredictor,1,,0,1000,2,0.000132372090915411,0.0991211308648143,1.42332358323479,0.00050752267537695,0.632905783793194,1.26061830631666,0.00931301601185956,0.143628930699609,0.241512277010406,0.000840849728952797,0.00328227315777596,4.77134013872884,5.77918718273163,8.53902204995824e-05,0.00101153361298894,2.42412878091198,2.90933926124395,2.42339257074597,3,7.6622139376658e-05,0.599270099158403,0.164498899421352,0.000252722375259786,4.48387883188411,2.29350268250719,1.11803398874989,11.4944675867948,9.35274857045264,0.8,0.295786666666667,0.783,0.005,0,0,90
circularCrossing,noiseFree,201,sharmaTunedCorrectedPredictor,1,,0,1000,2,8.06212466652599e-05,0.0991300066190037,1.42350453665053,0.000422772288279787,0.634088289864292,1.26181024723157,0.00395468118392147,0.143737744133303,0.241791684550313,0.000621525393330065,0.00275539480302456,4.77587566745357,5.78406260245573,8.53902204995824e-05,0.00101153361298894,2.42412878091198,2.90933926124395,2.42339257074597,3,2.26876549875168e-06,0.600398839885997,0.164613996887365,2.67531880273268e-05,4.48821566794081,2.29350268250719,1.11803398874989,11.4949047949869,9.35993180944807,0.8,0.28903,0.343,0.005,0,0,90
circularCrossing,sample20Hz,201,structured,1,,0,1000,2,0.047346442852254,0.151726350809793,0.456030406773916,0.0961914847182683,0.161296588975503,0.17160172232192,0.219877585400349,0.112815739194573,0.284457951713584,0.11443485810121,0.27291956446258,0.494015861023532,1.28494179767481,0.0776093947264038,0.0575279023044059,0.183390217059044,0.217817578770834,0.0740476153883113,3,0.0458106668851629,0.159708938244992,0.118937878200752,0.119583334199764,0.481197631660258,0.200296720997629,1.11803398874989,3.08653412012754,3.68178875116578,0.55,3.1302,6.377,0.005,0,0,90
circularCrossing,sample20Hz,201,sharmaTunedPredictor,1,,0,1000,2,0.0597854546462769,0.139437734327032,1.55946163668809,0.106673704218508,0.686194716563384,1.12898781523118,0.630355625240676,0.321213717228731,0.791949347921811,0.229335751834102,0.517555235419948,4.12691520436777,7.44603371003284,0.0551953765742717,0.302608284264928,1.98557026436138,2.53039713583446,2.13700286799898,3,0.0565875431703227,0.648036256405163,0.322804388839481,0.232474061031794,3.82268982875623,1.84345437803595,1.11803398874989,12.2335669044891,10.1327758452288,5.3,0.637066666666667,1.135,0.005,0,0,90
circularCrossing,sample20Hz,201,sharmaTunedCorrectedPredictor,1,,0,1000,2,0.0597885954906476,0.139451720412777,1.55966492800241,0.10674465774699,0.686946454074569,1.12989785767353,0.630287516764213,0.321251042508732,0.792077129945159,0.229322573048511,0.517432074208127,4.13049465110167,7.45073595184905,0.0551953765742717,0.302608284264928,1.98557026436138,2.53039713583446,2.13700286799898,3,0.0566001182567183,0.648765568994064,0.322876660698349,0.232503964609329,3.82617988176771,1.84345437803595,1.11803398874989,12.2338614884909,10.1406082406694,5.3,0.631741666666667,0.884,0.005,0,0,90
circularCrossing,sample20Hz,202,structured,1,,0,1000,2,0.0426611117333284,0.149576357389744,0.450045870937919,0.0773705963154933,0.155710380290883,0.160751755849126,0.206582039939143,0.119238173363472,0.311488301054757,0.117540705009914,0.298767513298134,0.411729698993174,0.982664310156792,0.0788913075140651,0.0632537906835069,0.187355411905508,0.22381066384246,0.0800627836141047,3,0.040866372757527,0.145475844425367,0.120481318689341,0.120435778252748,0.342069756858111,0.206578275275565,1.11803398874989,3.44640301212531,3.97206251305326,0.5,3.10545833333333,6.242,0.005,0,0,90
circularCrossing,sample20Hz,202,sharmaTunedPredictor,1,,0,1000,2,0.058047304558483,0.146960674512448,1.58347521178256,0.0991549518684332,0.658657657599646,1.00207695999445,0.634301151277728,0.357987778752522,0.788480144192208,0.237191731612985,0.523858968306403,3.57021104262339,6.68922606932931,0.0612766645270736,0.337473344750727,1.68725902797243,2.21319854823836,1.94162131671344,3,0.0550711829144092,0.588864990217365,0.332867539478452,0.243383335695365,3.23030798358692,1.59999183702761,1.11803398874989,12.7398086402258,10.6331712974271,4.85,0.631233333333333,1.19,0.005,0,0,90
circularCrossing,sample20Hz,202,sharmaTunedCorrectedPredictor,1,,0,1000,2,0.0580360821074993,0.146965365124144,1.58363528043677,0.0991344770259066,0.659126754968222,1.0027352317523,0.634079330283746,0.357950893162983,0.788449003639357,0.237156281399591,0.523622691874237,3.57296161709292,6.69154610925584,0.0612766645270736,0.337473344750727,1.68725902797243,2.21319854823836,1.94162131671344,3,0.0550557698214189,0.58932354341321,0.332840325769946,0.243369449485766,3.23307776607617,1.59999183702761,1.11803398874989,12.7400924045656,10.6408571906203,4.85,0.6273,0.653,0.005,0,0,90
circularCrossing,sample20Hz,203,structured,1,,0,1000,2,0.0476475572504026,0.151682432548475,0.471481465190709,0.0852631785118968,0.169093717788841,0.173907544499945,0.223561651052292,0.133368743448097,0.313414848902012,0.131610100829992,0.308965753483754,0.426622275108149,1.01106739011153,0.0758979540137513,0.0599193425122341,0.17910526923479,0.211272189030903,0.0812464864549638,3,0.0495263296151761,0.179100681827541,0.142698037350625,0.139656586940323,0.463956012376988,0.196517409128671,1.11803398874989,3.30329239660296,3.84035914438614,0.55,3.12893333333333,7.048,0.005,0,0,90
circularCrossing,sample20Hz,203,sharmaTunedPredictor,1,,0,1000,2,0.0590784841763771,0.143086135177955,1.58799031394067,0.106140898297117,0.774539724937648,1.27242736869357,0.615825526579545,0.399420877649547,0.887376642646958,0.234772227766479,0.565399804923022,4.61106297017625,8.59927995052836,0.0581966855109132,0.326746801126249,2.23630585527034,2.86433107006123,2.37794037755438,3,0.0601909498551675,0.762267438596271,0.403476408141636,0.236997890457464,4.39773296496625,2.09183236972434,1.11803398874989,11.9760142329856,9.5735864494613,5.95,0.635033333333333,1.139,0.005,0,0,90
circularCrossing,sample20Hz,203,sharmaTunedCorrectedPredictor,1,,0,1000,2,0.0590819172006685,0.143098145660481,1.58817155641882,0.106157066354427,0.775374505515109,1.27346260702256,0.61591451528852,0.399425032111627,0.887370023610412,0.234767066211678,0.565674323504723,4.61522671880417,8.60388955626409,0.0581966855109132,0.326746801126249,2.23630585527034,2.86433107006123,2.37794037755438,3,0.060209027892013,0.763050840925507,0.403483648941463,0.23701487232768,4.40169667331244,2.09183236972434,1.11803398874989,11.9768365378464,9.58090605069391,5.95,0.626875,0.655,0.005,0,0,90
circularCrossing,sample20Hz,204,structured,1,,0,1000,2,0.0422392799869116,0.147788094217445,0.466065979014043,0.0797035718063877,0.153132748965092,0.160285429939958,0.198354529261623,0.125249651734114,0.276879501675579,0.127990653105671,0.277825785368023,0.382029272122392,0.952166782765862,0.08049451290867,0.0614760097411359,0.191902609031734,0.235491313430782,0.0763985217306192,3,0.038013820224156,0.143643502445626,0.115742046645119,0.116897607650205,0.387244629108824,0.212378867016171,1.11803398874989,3.31796304111434,3.84190296862734,0.5,3.11001666666667,6.533,0.005,0,0,90
circularCrossing,sample20Hz,204,sharmaTunedPredictor,1,,0,1000,2,0.0548274855889053,0.143092842604339,1.58051976313634,0.104169523291381,0.73206366901641,1.22599434677054,0.588809516011789,0.400510463077415,0.931990416220604,0.236452086994012,0.578503498687365,4.42564634438621,6.90209952872931,0.0613022192064516,0.334672074482061,2.20616995735284,2.65737953314511,2.32406162970615,3,0.0524968339655017,0.704430435449299,0.418390603188695,0.22952492407683,4.12155445765237,2.09078825416273,1.11803398874989,12.3667887644182,10.0713097506628,5.2,0.6301,1.122,0.005,0,0,90
circularCrossing,sample20Hz,204,sharmaTunedCorrectedPredictor,1,,0,1000,2,0.0548216239845216,0.143094177479243,1.58069272723095,0.104112143200297,0.732845697572923,1.22695704445053,0.588685760035538,0.40051974188863,0.932292255354849,0.236468921387776,0.578914452026357,4.42952454235736,6.90572562085786,0.0613022192064516,0.334672074482061,2.20616995735284,2.65737953314511,2.32406162970615,3,0.0524852525364212,0.705143834099307,0.418378174653668,0.229490324075587,4.12533253152469,2.09078825416273,1.11803398874989,12.3670894884937,10.0787839785853,5.2,0.625283333333333,0.652,0.005,0,0,90
circularCrossing,sample20Hz,205,structured,1,,0,1000,2,0.0467120156096228,0.153197852222527,0.453101275914069,0.0941906732501151,0.166366255567826,0.167534937192887,0.221325102615576,0.121564883638646,0.262243254151903,0.122390190457919,0.267423908592935,0.440581534881459,1.05387105858571,0.0763049489280655,0.0585909186404538,0.169604217959904,0.204250574053657,0.0845683031844528,3,0.0479383831028634,0.174140108851898,0.131289572565394,0.131979010080657,0.439598446009393,0.186125764455032,1.11803398874989,3.29889474198794,3.78233853359913,1,3.14171666666667,6.397,0.005,0,0,90
circularCrossing,sample20Hz,205,sharmaTunedPredictor,1,,0,1000,2,0.063053560495881,0.143933749014144,1.53520130941131,0.126482146159702,0.752765520898292,1.22988996308408,0.686231814855158,0.370049878184507,0.759466873928712,0.254373841820767,0.556060365870678,4.47370800199577,7.40981859647618,0.0613899394980239,0.337665815637031,2.18232909086029,2.72347299407277,2.33562033695444,3,0.0641682108381875,0.734974655456146,0.368961197913894,0.264213029628831,4.22308574758037,2.03897203674325,1.11803398874989,12.0258307993818,10.1900881654971,5.2,0.639191666666667,1.107,0.005,0,0,90
circularCrossing,sample20Hz,205,sharmaTunedCorrectedPredictor,1,,0,1000,2,0.0630454827107826,0.143942530697933,1.53539071499515,0.126407844982657,0.753550048095085,1.23088375382756,0.686013795592375,0.370072841104608,0.759268664288811,0.254382878458987,0.555839813243164,4.47767573755064,7.41294680204087,0.0613899394980239,0.337665815637031,2.18232909086029,2.72347299407277,2.33562033695444,3,0.0641690052088708,0.735697238501854,0.368971577142116,0.264204294344481,4.22687731723379,2.03897203674325,1.11803398874989,12.026087931696,10.1971133583438,5.2,0.633558333333333,0.707,0.005,0,0,90
circularCrossing,sample100Hz,201,structured,1,,0,1000,2,0.020564630790769,0.117999857926081,0.415805395541238,0.0650354051837649,0.0781146363152652,0.0808127369265187,0.110839993226296,0.0541105249032495,0.149727582639731,0.0535337541096412,0.178297638133831,0.229231126250334,0.616798018753591,0.0422088784533779,0.0187703508329105,0.0417169673329191,0.112141806199429,0.0759400699735583,3,0.0220713595616462,0.0799982523492972,0.0555610133689112,0.0558511569909003,0.223774181443904,0.0348429051370317,1.11803398874989,3.09455429645847,3.6174230937705,0.49,1.70963833333333,4.638,0.005,0,0,90
circularCrossing,sample100Hz,201,sharmaTunedPredictor,1,,0,1000,2,0.0271507058842669,0.0956421365551356,1.39991072254814,0.080542065984252,0.619929969932469,1.18201548317125,0.307263502021229,0.177281849959414,0.531422119277634,0.106578892991651,0.290926815390058,4.45404455744636,6.12417512898645,0.0230027067216037,0.128616567884672,2.23523893303817,2.68228796537689,2.248056616624,3,0.0283419986882667,0.600897558873202,0.187288174675322,0.10705037008007,4.24101220224193,2.12148950987694,1.11803398874989,11.3890869749631,9.44271743133581,4.83,0.175391666666667,0.677,0.005,0,0,90
circularCrossing,sample100Hz,201,sharmaTunedCorrectedPredictor,1,,0,1000,2,0.0271475072803421,0.0956506633645471,1.4000839173534,0.0805071624110166,0.620951708984365,1.18309325534981,0.307310037516193,0.177337599594428,0.531556805502934,0.106579066995774,0.290578007354526,4.45817807152134,6.1288598174428,0.0230027067216037,0.128616567884672,2.23523893303817,2.68228796537689,2.248056616624,3,0.0283378127697132,0.601868083377716,0.187345970353565,0.107032200529819,4.24497938932697,2.12148950987694,1.11803398874989,11.389440032318,9.44884539059988,4.83,0.174223333333333,0.217,0.005,0,0,90
circularCrossing,sample100Hz,202,structured,1,,0,1000,2,0.0194774446005019,0.114985923288004,0.404533507893625,0.0363507074550544,0.0775558455539765,0.0810533553082124,0.105137789075329,0.0490719496426661,0.131616085793784,0.0493374994382074,0.13534262658322,0.246549636722563,0.730154135380517,0.0443277969975201,0.0181319823528701,0.0413085866598441,0.119449196944706,0.0774301588497837,3,0.0195616490728613,0.072199972998863,0.0461890910804888,0.0494656018690989,0.214328392222703,0.0305757304978136,1.11803398874989,3.10320477716983,3.65022292991755,0.49,1.69825666666667,4.652,0.005,0,0,90
circularCrossing,sample100Hz,202,sharmaTunedPredictor,1,,0,1000,2,0.0252550279835744,0.0933106069378077,1.39026976947261,0.0566408589478024,0.590638239635137,1.11295564872304,0.289744765037872,0.186683407671007,0.483977333723782,0.0928944048261122,0.252371718508755,4.18137558597073,6.4279806655983,0.0236117552877996,0.131935986509527,2.09752165401046,2.55631777384848,2.13156615438411,3,0.02499389606767,0.574345014384479,0.198587143594605,0.0924678370725473,3.97650462555974,1.98206699414265,1.11803398874989,11.3813703991813,9.18067870952136,3.19,0.177601666666667,0.667,0.005,0,0,90
circularCrossing,sample100Hz,202,sharmaTunedCorrectedPredictor,1,,0,1000,2,0.0252572739065807,0.0933188977282654,1.39045018890862,0.0566009740375518,0.591587993772396,1.11397114806058,0.289677152942072,0.186730655060961,0.484166555326528,0.092896428219851,0.252394846881256,4.18528287892182,6.43223046136996,0.0236117552877996,0.131935986509527,2.09752165401046,2.55631777384848,2.13156615438411,3,0.0250000338257928,0.575254177271351,0.198635415369077,0.0924578797548264,3.98028627421523,1.98206699414265,1.11803398874989,11.3816376579752,9.18764595555948,3.19,0.175491666666667,0.221,0.005,0,0,90
circularCrossing,sample100Hz,203,structured,1,,0,1000,2,0.0214186362129037,0.11623133726624,0.414660834439405,0.0540062078400409,0.073461474205011,0.0754890881049327,0.106337784227126,0.0517814641062968,0.16214093206132,0.0538283316020089,0.178971433040797,0.209887503841518,0.952146334234496,0.0421217057585709,0.0175674012616659,0.037288858378432,0.115188381186474,0.0704959939437687,3,0.0229825068965337,0.0732719396329485,0.0533419451974908,0.0564651926080361,0.18778862063117,0.027861530120074,1.11803398874989,3.0304485692554,3.56667241832898,0.5,1.70271166666667,4.733,0.005,0,0,90
circularCrossing,sample100Hz,203,sharmaTunedPredictor,1,,0,1000,2,0.0280069501445069,0.0922116513172946,1.37938837625615,0.0625821607048364,0.640066359930684,1.21728155899784,0.309510324646912,0.190656538832496,0.590564866210766,0.114020663783009,0.319620728763603,4.58106913235784,7.0887572754375,0.0265217942387941,0.14928173299171,2.29400821193298,2.76925533804135,2.3536952037524,3,0.0293459014739043,0.59914807751836,0.211779690685532,0.117152513805454,4.25683324381899,2.16797597066503,1.11803398874989,11.1148718790409,9.10219290635274,2.21,0.177083333333333,0.665,0.005,0,0,90
circularCrossing,sample100Hz,203,sharmaTunedCorrectedPredictor,1,,0,1000,2,0.0280103882994999,0.092222783588042,1.37956651645216,0.0625927814322032,0.641113151446574,1.21838649159164,0.309594864625251,0.190698605701295,0.59053338768169,0.114003786017463,0.319464412490372,4.58531899982453,7.09335598479718,0.0265217942387941,0.14928173299171,2.29400821193298,2.76925533804135,2.3536952037524,3,0.0293528438579164,0.600130895103688,0.211824234597652,0.11713279244882,4.26088428247501,2.16797597066503,1.11803398874989,11.1151419596463,9.1090767568568,2.21,0.175866666666667,0.228,0.005,0,0,90
circularCrossing,sample100Hz,204,structured,1,,0,1000,2,0.0184788547931991,0.112812122839614,0.404161011613904,0.040311738116879,0.0695070843629405,0.0708912179480436,0.103143413476218,0.0498027892113852,0.161554592259412,0.0509698469012021,0.14865084058885,0.192721730881577,0.527906316475503,0.0431106153291954,0.0178869975998175,0.0434494015389535,0.120903167230334,0.0770445975870674,3,0.0176911592778083,0.0635828965951328,0.0443104234843362,0.04865725708501,0.171982630778041,0.034680036873495,1.11803398874989,3.03158456702257,3.59649005322351,0.48,1.70535,4.822,0.005,0,0,90
circularCrossing,sample100Hz,204,sharmaTunedPredictor,1,,0,1000,2,0.0238377278512343,0.0900199208101222,1.37642004731099,0.0534744338174074,0.675568524514302,1.29797466333134,0.273668169581776,0.220430671039828,0.615301557969476,0.0957055593660913,0.283567637121923,4.8746262275325,6.79522255496832,0.02665894492104,0.149355604190899,2.4740427563238,2.95988952155353,2.48345025772386,3,0.0219111784137962,0.64408730695395,0.228154267081603,0.0892053580459494,4.59764945033762,2.34224101575347,1.11803398874989,11.2307641246077,9.43698886194749,2.55,0.17609,0.681,0.005,0,0,90
circularCrossing,sample100Hz,204,sharmaTunedCorrectedPredictor,1,,0,1000,2,0.0238432553916526,0.0900276129976999,1.37658980677431,0.0535350845446952,0.676712308209941,1.29917734702758,0.273572369058755,0.220509166150979,0.615481002499864,0.0957282278314923,0.284099774271422,4.87923607426305,6.80059506001788,0.02665894492104,0.149355604190899,2.4740427563238,2.95988952155353,2.48345025772386,3,0.0219135627921354,0.645173458050661,0.228246859945038,0.0891942345390955,4.60203577424518,2.34224101575347,1.11803398874989,11.2310825344807,9.44371093053024,2.55,0.17432,0.208,0.005,0,0,90
circularCrossing,sample100Hz,205,structured,1,,0,1000,2,0.017912102695876,0.117023789532768,0.41565954017762,0.0386999917649572,0.0713475251000676,0.0724397083389118,0.104153552800154,0.0486233971596288,0.133474087860883,0.0480280035186212,0.140321270295971,0.205254707420612,0.548405206019457,0.0418305870158413,0.018650829925836,0.0400481295032058,0.121826897654041,0.080214447389908,3,0.0180060751691611,0.0686234506226361,0.0428112192108182,0.0441332703192424,0.194848489478057,0.0272810258312937,1.11803398874989,3.11729224954655,3.63565176791561,0.5,1.705565,5.012,0.005,0,0,90
circularCrossing,sample100Hz,205,sharmaTunedPredictor,1,,0,1000,2,0.0242941003774075,0.0937410202486838,1.40100903373736,0.0528598296397926,0.590526924537479,1.13182472442612,0.283342703044621,0.18684811756336,0.461982941966873,0.101207898890475,0.264649060774488,4.25521933252216,5.93006868089981,0.0256338087915797,0.140945447248003,2.16727824389832,2.65146548454914,2.17894777677644,3,0.0238759268200585,0.567052246178622,0.190802205542836,0.0917376689048141,4.01655613823603,2.04090154513144,1.11803398874989,11.1974515787504,9.04951944700937,1.79,0.175915,0.664,0.005,0,0,90
circularCrossing,sample100Hz,205,sharmaTunedCorrectedPredictor,1,,0,1000,2,0.0242929834890872,0.0937511687772652,1.40117974582224,0.0529126113150079,0.591498488762263,1.1328624340027,0.282961846257515,0.186890624238146,0.46209727490624,0.101214115080884,0.264927806597271,4.25921851763723,5.93468842822362,0.0256338087915797,0.140945447248003,2.16727824389832,2.65146548454914,2.17894777677644,3,0.0238759753002099,0.567967555997974,0.190840592078407,0.0917449955950241,4.02037480606428,2.04090154513144,1.11803398874989,11.1977768501926,9.05628143035792,1.79,0.173936666666667,0.211,0.005,0,0,90
circularCrossing,noise2x,201,structured,1,,0,1000,2,0.0524791472484233,0.132137300279047,0.465686739446182,0.120926155429649,0.200467435516946,0.205528233231155,0.255548845013511,0.117024301717419,0.309651003464383,0.124720803875444,0.338403012869197,0.644900342959341,1.48823235538464,0.053871871524006,0.0286808405330971,0.0772090505000249,0.102908568311705,0.0783402552763583,3,0.0503379462075017,0.182644667560184,0.114346846287858,0.122259755035901,0.568193739043873,0.086951786951739,1.11803398874989,3.03184938999147,3.59014569301561,0.52,2.0134,5.11,0.005,0,0,90
circularCrossing,noise2x,201,sharmaTunedPredictor,1,,0,1000,2,0.06896951893802,0.121635460064161,1.52408873172272,0.155623291988691,0.837787726697391,1.36231948798461,0.765146885326329,0.433167563582507,1.27285059436399,0.260145623866635,0.871735994931857,4.9280818793265,8.76652856982067,0.0634544849337036,0.354668077433825,2.40839998621294,3.15122205732134,2.536161041834,3,0.0676232978020237,0.805879535528609,0.418984963209842,0.260750754517961,4.68163626039793,2.26316210830552,1.11803398874989,11.2168738298861,9.3952845739175,5.88,0.29127,0.78,0.005,0,0,90
circularCrossing,noise2x,201,sharmaTunedCorrectedPredictor,1,,0,1000,2,0.0689573635597474,0.12164015943466,1.52425229852221,0.155575768224776,0.838694682512155,1.36345116459248,0.765343800736119,0.433209952012182,1.27309338628434,0.260162972066674,0.871342935621385,4.93257736906991,8.77149711961141,0.0634544849337036,0.354668077433825,2.40839998621294,3.15122205732134,2.536161041834,3,0.0676167704474632,0.806765262565938,0.419066592692757,0.260770436666271,4.6858802715782,2.26316210830552,1.11803398874989,11.2175161986606,9.40018355873116,5.88,0.287993333333333,0.318,0.005,0,0,90
circularCrossing,noise2x,202,structured,1,,0,1000,2,0.0530977771028547,0.128703830316034,0.424499792402854,0.135003107535636,0.180118036182525,0.181876712803799,0.235452687408228,0.127941383190111,0.331124990150391,0.128504446061069,0.352127149291434,0.493538226399347,1.38233628211692,0.0520307753818549,0.0266775642019237,0.0622505637593417,0.0969230369419034,0.0743791961916913,3,0.0577833833910113,0.183256379822326,0.134766174168035,0.134243238147895,0.480196933918351,0.0675611250335651,1.11803398874989,3.13294628794531,3.71478381390066,1.12,2.01794,5.05,0.005,0,0,90
circularCrossing,noise2x,202,sharmaTunedPredictor,1,,0,1000,2,0.0683254101558332,0.115393545203416,1.42507895474795,0.152510876619644,0.725074233024093,1.15077292146827,0.776747145281795,0.400130553013285,1.08034524438958,0.260287933702794,0.687794384749914,4.1078629798948,7.20982125306125,0.0679705140175891,0.375752465272138,2.01298737556504,2.34194473936231,2.2470410519802,3,0.0723756981236338,0.731916557824193,0.423602606111669,0.256835296903961,4.03150838167826,1.96791502245793,1.11803398874989,11.3722245273094,9.9904164014515,5.9,0.290716666666667,0.793,0.005,0,0,90
circularCrossing,noise2x,202,sharmaTunedCorrectedPredictor,1,,0,1000,2,0.0683312984327779,0.115407510919091,1.4252562729879,0.152576753440857,0.72569136655669,1.15158666731067,0.776478167204961,0.400112580776526,1.07998678348856,0.260257643526733,0.688040280479239,4.11120031150154,7.21319382539891,0.0679705140175891,0.375752465272138,2.01298737556504,2.34194473936231,2.2470410519802,3,0.0723846511074818,0.73249839096832,0.423608890948658,0.256847713871764,4.0346771381934,1.96791502245793,1.11803398874989,11.3725403495968,9.9982592380198,5.9,0.287726666666667,0.316,0.005,0,0,90
circularCrossing,noise2x,203,structured,1,,0,1000,2,0.0637122262631078,0.137769966119319,0.452577874593012,0.125420979242832,0.219493848158071,0.219215541456239,0.29141877857532,0.16497566209787,0.393465568183897,0.168804765426671,0.449253864918667,0.551867868548486,1.48230066850282,0.0482624159128261,0.0307836961659185,0.0704735312263962,0.101451254454991,0.0860553771338857,3,0.0620366932643961,0.212412272006738,0.175682475553323,0.180753402158698,0.467890591229711,0.0780462470648132,1.11803398874989,2.89792156145547,3.39909297122465,0.52,2.0187,4.967,0.005,0,0,90
circularCrossing,noise2x,203,sharmaTunedPredictor,1,,0,1000,2,0.0749629915671807,0.122559954984791,1.40492774915884,0.173315551195981,0.785009090770325,1.22647333304826,0.797472389997392,0.35637033129177,0.976520016231412,0.279163544733508,0.739616010190769,4.47390887132943,8.66062112476525,0.0735404157808003,0.411126108777145,2.10681264173986,2.83170753340631,2.41780669378694,3,0.0738450081152322,0.750421192694115,0.373323913310111,0.281592764863798,4.05642962305036,1.90099980244169,1.11803398874989,11.1258922260814,9.06354038815032,5.54,0.292043333333333,0.798,0.005,0,0,90
circularCrossing,noise2x,203,sharmaTunedCorrectedPredictor,1,,0,1000,2,0.0749695731807275,0.122568547266028,1.40510178834319,0.173367903412913,0.785704512303023,1.22738362714473,0.797218155993477,0.356404480368751,0.976676063347895,0.279179721250183,0.739390254365318,4.47751910460833,8.66529212961753,0.0735404157808003,0.411126108777145,2.10681264173986,2.83170753340631,2.41780669378694,3,0.0738484783718242,0.750999307834029,0.373337007876224,0.281576981633156,4.05965303954119,1.90099980244169,1.11803398874989,11.1263171273633,9.06844801016777,5.54,0.289556666666667,0.319,0.005,0,0,90
circularCrossing,noise2x,204,structured,1,,0,1000,2,0.0552656897147321,0.134804155485497,0.453913037200236,0.116393881732601,0.205816218583424,0.207205106013992,0.273869486648561,0.133880117040379,0.360313052095824,0.137216219651567,0.348606609152423,0.603417015492779,1.33669876220315,0.0613408533338084,0.0288661229500226,0.0702704176710191,0.0945730356762415,0.0725125490952411,3,0.0537379332509893,0.198590289160163,0.123002613112035,0.124119945291855,0.598129567605783,0.0783184120771536,1.11803398874989,3.07650765151701,3.70259784881447,0.5,2.01834,5.06,0.005,0,0,90
circularCrossing,noise2x,204,sharmaTunedPredictor,1,,0,1000,2,0.0734449487334704,0.121983843563309,1.44774520964221,0.161047120363053,0.847793009505082,1.38109917496844,0.83388816663199,0.41561615557394,1.05875918654296,0.279770164223084,0.667698554752054,5.02280483986158,8.61929528220086,0.0686468496901282,0.362913477083365,2.41615699351967,2.93289716136855,2.59777945536974,3,0.0714393755486092,0.839914717071634,0.441708006724009,0.264805719573812,4.80735338630129,2.29825706096515,1.11803398874989,11.0391776921742,9.38935021602216,6,0.292423333333333,0.784,0.005,0,0,90
circularCrossing,noise2x,204,sharmaTunedCorrectedPredictor,1,,0,1000,2,0.0734388640507272,0.121991422081052,1.44790505546908,0.161077188216651,0.84863694443779,1.38215114865142,0.834189979053343,0.415613579291203,1.05870318920931,0.279753506482696,0.668216652361615,5.02701432171277,8.62471878111426,0.0686468496901282,0.362913477083365,2.41615699351967,2.93289716136855,2.59777945536974,3,0.0714354801954057,0.840682339952574,0.441703263037492,0.264778715161736,4.81128325141591,2.29825706096515,1.11803398874989,11.0397469484439,9.39759407007177,6,0.289583333333333,0.313,0.005,0,0,90
circularCrossing,noise2x,205,structured,1,,0,1000,2,0.0536732250396592,0.135511370815789,0.446251423202103,0.117694223944414,0.200550382576478,0.201255998892968,0.261899174137375,0.156289980038668,0.414064480405024,0.156678656582787,0.420323316094692,0.484788302508782,1.4234673237218,0.0568208446371044,0.0305361561225362,0.0621620186205065,0.0948157418642018,0.090116558669284,3,0.0467701012010548,0.174580346286644,0.131487676219875,0.135395029879995,0.432573620699459,0.0677978325470131,1.11803398874989,3.07207133642725,3.54864505916167,0.52,2.01220666666667,5.101,0.005,0,0,90
circularCrossing,noise2x,205,sharmaTunedPredictor,1,,0,1000,2,0.0718631854758903,0.124587048493893,1.46661139111997,0.150613532291192,0.667406482141516,0.880983341452094,0.815996650736691,0.427279243394847,1.05095397999817,0.313813736590165,0.901740808935823,2.94534942843034,6.47236746071385,0.0718266675438687,0.402144894108056,1.28093851666493,1.73766622567957,1.69920680821665,3,0.0673111208609343,0.655431970387999,0.396714270522262,0.295660792411903,2.88173199512501,1.19463770266867,1.11803398874989,11.5645584609555,8.79692773888782,5.92,0.290753333333333,0.767,0.005,0,0,90
circularCrossing,noise2x,205,sharmaTunedCorrectedPredictor,1,,0,1000,2,0.0718613760934671,0.124593617825702,1.46677365614661,0.150602792108477,0.667696527152915,0.881464224546817,0.815870182250422,0.42725034154998,1.05124142623651,0.313800997707392,0.901372958861508,2.94752317025982,6.47570490026126,0.0718266675438687,0.402144894108056,1.28093851666493,1.73766622567957,1.69920680821665,3,0.0673119400358318,0.655705584388104,0.396716184404774,0.295673441782326,2.88364466340444,1.19463770266867,1.11803398874989,11.564967078632,8.80348395736845,5.92,0.287833333333333,0.32,0.005,0,0,90
circularCrossing,largeOffset,201,structured,1,,0,1000,2,0.0258271877501728,0.362980540332911,1.40723003269352,0.0573927826157087,0.114180693550313,0.133296291815464,0.173184732829934,0.0636360507141465,0.168141413386669,0.0616056812014793,0.169625961020717,0.447814251087992,1.35705737401031,0.12601197213255,0.0411296253807169,0.122092116337958,0.395005674793016,0.179890439048487,3,0.0249604138191532,0.0917312194680037,0.0570285362934315,0.0616987043141155,0.29862762961567,0.0653480189560686,3.35410196624968,9.35062777182586,10.897493389177,1.48,2.02819666666667,5.051,0.005,0,0,90
circularCrossing,largeOffset,201,sharmaTunedPredictor,1,,0,1000,2,0.0345072940874684,0.298058677743676,4.97736550552537,0.0778113517847744,0.768262495517757,1.45471535949309,0.383236446916457,0.264982163576565,0.736454952877748,0.130032897417168,0.435882469559306,5.44862073137907,7.86440046521064,0.0317116172435206,0.177254053087267,2.75588966746727,3.37628138910704,2.7690860982904,3,0.033816815100109,0.737821896939778,0.274270144583059,0.130348844893881,5.15793526991405,2.60638854567007,3.35410196624968,34.6054707937531,27.758927709719,5.3,0.293096666666667,0.78,0.005,0,0,90
circularCrossing,largeOffset,201,sharmaTunedCorrectedPredictor,1,,0,1000,2,0.0344959699410623,0.298085320294882,4.97799705404299,0.0777625676391973,0.769523589442526,1.45605361887866,0.383448014168839,0.265085331377485,0.736626223402091,0.130061951465196,0.435595617556142,5.45373629115509,7.87018208601846,0.0317116172435206,0.177254053087267,2.75588966746727,3.37628138910704,2.7690860982904,3,0.0338098755682644,0.73904803758394,0.27440366720541,0.130374390441197,5.16288342332164,2.60638854567007,3.35410196624968,34.6068156635412,27.7793382397041,5.3,0.289463333333333,0.319,0.005,0,0,90
circularCrossing,largeOffset,202,structured,1,,0,1000,2,0.0266797812720004,0.361812448188077,1.38999651852972,0.0676030062398003,0.0999056519050721,0.117404489454702,0.168661801415378,0.0643065682929811,0.165220418881599,0.0640960566773592,0.177170271206375,0.375523164782252,1.10150465637657,0.125011221265486,0.0392147567527268,0.120716745157705,0.400411590253493,0.17867229025606,3,0.0289110684788455,0.0919605975899437,0.0677944659004295,0.066862261928787,0.24427385853652,0.0562927357262995,3.35410196624968,9.3770295347545,11.0073260129574,1.48,2.01998333333333,5.123,0.005,0,0,90
circularCrossing,largeOffset,202,sharmaTunedPredictor,1,,0,1000,2,0.0341581841607125,0.294355148675617,4.94023412001065,0.0762413898759986,0.685466343135007,1.30005477326252,0.389061038665688,0.240982689845754,0.609573106164179,0.130018894857331,0.343926090794444,4.8635553626208,6.68501548528804,0.0339870665696864,0.187719119010923,2.46952348004279,2.93572031034989,2.51039189109446,3,0.0361792250738979,0.667643023148805,0.264422575908871,0.128452630081027,4.6431436185092,2.3624471505744,3.35410196624968,34.5338455516104,28.3190680658671,3.84,0.291756666666667,0.774,0.005,0,0,90
circularCrossing,largeOffset,202,sharmaTunedCorrectedPredictor,1,,0,1000,2,0.0341656170185896,0.294385742829234,4.9408817533452,0.0763142134819211,0.686529310785032,1.30119399177755,0.38869637414421,0.241026012635683,0.609390723124193,0.130003547826555,0.344249809829648,4.86794757044589,6.69020927227823,0.0339870665696864,0.187719119010923,2.46952348004279,2.93572031034989,2.51039189109446,3,0.0361904927533409,0.668664186304999,0.264493114445655,0.128485927040623,4.64739710379685,2.3624471505744,3.35410196624968,34.5352350300384,28.340381494339,3.84,0.287386666666667,0.312,0.005,0,0,90
circularCrossing,largeOffset,203,structured,1,,0,1000,2,0.0320445307975816,0.365583625418641,1.39802652897902,0.0621092885497562,0.112246428022311,0.120635768135558,0.194239319258102,0.0850559521693298,0.19976927744248,0.0839595536828862,0.224413406896343,0.327117292725538,0.944732450063882,0.123575423910595,0.0414401833517791,0.122163874977405,0.395877806278457,0.184091347459935,3,0.0310875659046023,0.106310397419865,0.0878950710364098,0.0906989980786578,0.240390105777753,0.0628116346563848,3.35410196624968,9.29156635088644,10.8496481685856,1.48,2.03726,5.142,0.005,0,0,90
circularCrossing,largeOffset,203,sharmaTunedPredictor,1,,0,1000,2,0.0374497564948318,0.297907856158145,4.92847366846656,0.0866059720689173,0.720707920148909,1.35233758533317,0.398958373608621,0.226786645891731,0.595174292590231,0.139527548103478,0.369811712935878,5.07930727418994,7.6654415480443,0.0367707988192714,0.205663548053922,2.54953680060312,3.06678877400229,2.61252341158021,3,0.0369164580616217,0.683846850478265,0.246479891335922,0.140866807885191,4.73508862585009,2.39251856751546,3.35410196624968,34.5893465732303,27.7182194249099,5.38,0.292093333333333,0.788,0.005,0,0,90
circularCrossing,largeOffset,203,sharmaTunedCorrectedPredictor,1,,0,1000,2,0.0374592041067933,0.297936091285805,4.92912270868855,0.0866703572832464,0.721823827562592,1.35353733429119,0.39863851586207,0.226868586673837,0.595309883470479,0.139545201691424,0.36944769549104,5.08390523105973,7.67044982968835,0.0367707988192714,0.205663548053922,2.54953680060312,3.06678877400229,2.61252341158021,3,0.0369238116884388,0.68490314990758,0.24655579211946,0.140857962914105,4.7395109489115,2.39251856751546,3.35410196624968,34.5907024935099,27.7392200043024,5.38,0.28925,0.323,0.005,0,0,90
circularCrossing,largeOffset,204,structured,1,,0,1000,2,0.0274667287626874,0.365050710193018,1.40459573452404,0.056538446970457,0.110303900854118,0.124239537172008,0.191634397489288,0.0673637411449027,0.199137284720369,0.0674688909486223,0.164807518110937,0.39877004518092,1.10653420411084,0.129178258638346,0.040742750569045,0.119273378105652,0.388971802933221,0.177627954271586,3,0.0269697446457138,0.0995110458111166,0.0617640518906632,0.0619617108298327,0.299197076937775,0.0596264509713369,3.35410196624968,9.38121960262763,10.9423609588757,1.46,2.02854,5.251,0.005,0,0,90
circularCrossing,largeOffset,204,sharmaTunedPredictor,1,,0,1000,2,0.0367251667416152,0.298252529726431,4.9455470709349,0.0804732828602045,0.749772274145193,1.4112373674936,0.416590296800962,0.252170688925327,0.653024816800691,0.139858139896545,0.332873381337883,5.2891207917848,7.61077389679885,0.0343291102950703,0.181429792548295,2.65514244815138,3.17746952498078,2.70241257831103,3,0.0357202273468218,0.725773102412624,0.2753893587752,0.13243982242849,5.01527073886057,2.51903579929639,3.35410196624968,34.3211531541244,27.9264792668372,5.74,0.2939,0.775,0.005,0,0,90
circularCrossing,largeOffset,204,sharmaTunedCorrectedPredictor,1,,0,1000,2,0.0367196442138325,0.298280365705287,4.94619183451632,0.0805234647189878,0.750935813042073,1.41248092849035,0.416862205106562,0.252229094449008,0.65324321165,0.139845259260241,0.333330763740939,5.29390134534282,7.61638111160241,0.0343291102950703,0.181429792548295,2.65514244815138,3.17746952498078,2.70241257831103,3,0.0357174233586222,0.726881383901914,0.275456758816323,0.132423721936636,5.01986889516253,2.51903579929639,3.35410196624968,34.3224847739481,27.9469780469361,5.74,0.291733333333333,0.364,0.005,0,0,90
circularCrossing,largeOffset,205,structured,1,,0,1000,2,0.0272026904878661,0.365948471708015,1.39923260920541,0.0569386976638179,0.114493194520516,0.128644275780119,0.181047915496887,0.0863860569039809,0.213829226578103,0.0806209653422268,0.219481002447555,0.365289750337738,1.18380243071425,0.1274423244003,0.0423646196397626,0.122078161777987,0.399352669357283,0.186386130967344,3,0.0235613622582389,0.0882264580718757,0.0667023990082101,0.0670318991915744,0.218337235863236,0.0577375124785193,3.35410196624968,9.38268382266632,10.8898540412387,1.48,2.03621,5.068,0.005,0,0,90
circularCrossing,largeOffset,205,sharmaTunedPredictor,1,,0,1000,2,0.0359507013152793,0.300077885139192,4.96645662409786,0.0752758384077506,0.694625738066486,1.2938694123292,0.409080693557419,0.259349773048888,0.611103290151213,0.156952094876278,0.451700806366826,4.82978032834897,7.06785058195562,0.0358869208524091,0.200721033542329,2.43501175740156,2.99578841946896,2.5003092539635,3,0.033651925980646,0.67014400769641,0.261139996214624,0.147801122502315,4.58413679407367,2.30395436147697,3.35410196624968,34.7948337667835,27.7381739440301,3.9,0.29322,0.843,0.005,0,0,90
circularCrossing,largeOffset,205,sharmaTunedCorrectedPredictor,1,,0,1000,2,0.0359504798597352,0.300104778567614,4.96709960518125,0.0752679044615683,0.695701843537237,1.2950405516285,0.408794025674511,0.259393571690037,0.611255625343565,0.156950280526289,0.451265577333796,4.83431482739175,7.07317381413108,0.0358869208524091,0.200721033542329,2.43501175740156,2.99578841946896,2.5003092539635,3,0.0336558532203593,0.671175899124164,0.261220304601216,0.147832975900807,4.58847818247162,2.30395436147697,3.35410196624968,34.796176712954,27.7587377950634,3.9,0.290746666666667,0.368,0.005,0,0,90
circularCrossing,radarDropout,201,structured,1,,0,1000,2,0.0239226729726095,0.123015235617764,0.436895425411262,0.0502118413706243,0.0941111191763719,0.0995633527037728,0.120262910438619,0.0580484272843665,0.147051338544998,0.0585680382826183,0.169170639748401,0.309126973670805,0.740263103661403,0.0516018741439576,0.0282721535733761,0.0716717558072709,0.0934045392417939,0.0762183074763392,3,0.025082251416653,0.0917053744101615,0.0577540831351581,0.0619016410552966,0.298960147240174,0.0803313359429055,1.11803398874989,3.06349419983486,3.61570315882702,0.5,2.00114,5.034,0.005,0,0,90
circularCrossing,radarDropout,201,sharmaTunedPredictor,1,,0,1000,2,0.0480840424181203,0.108303064370648,1.46251050049696,0.171653987156431,0.724214041041944,1.35553567494791,0.469742075816075,0.27080845509153,0.720863056031973,0.191787209712631,0.613366349080287,5.05678047309498,7.45865959107526,0.0317239299527757,0.177316028977388,2.55444195088489,3.15702699359803,2.57195908667397,3,0.0337184533137518,0.691331880300929,0.259795293962325,0.130385250454626,4.79603587598439,2.4139778728841,1.11803398874989,11.3259131100595,9.26001552859859,5.3,0.291506666666667,0.777,0.005,0,0,90
circularCrossing,radarDropout,201,sharmaTunedCorrectedPredictor,1,,0,1000,2,0.0480573753230595,0.108304203889018,1.46271082922951,0.171412303467525,0.725253076250076,1.35670635739107,0.469526271367441,0.271090639114455,0.721015064577353,0.192300148353121,0.614799548569902,5.06118048546781,7.44078941206919,0.0317239299527757,0.177316028977388,2.55444195088489,3.15702699359803,2.57195908667397,3,0.0337114056639992,0.69252050433325,0.259912678610702,0.130418802466633,4.8008693691971,2.4139778728841,1.11803398874989,11.3263529573996,9.2649401666779,5.3,0.28791,0.315,0.005,0,0,90
circularCrossing,radarDropout,202,structured,1,,0,1000,2,0.0305758521767439,0.122604717628827,0.415701119514817,0.0676174013412928,0.0973737828343008,0.0994166410091708,0.12768242914856,0.0751331373861064,0.193576753549701,0.0744769706864391,0.198392646173339,0.248692467298137,0.735904830854663,0.05083541253672,0.0271059814943735,0.0641243032599598,0.087479654747537,0.0746143616944977,3,0.0291055583957384,0.093424619548098,0.0699595027543552,0.0697012548774503,0.248254607838494,0.0705894758555337,1.11803398874989,3.10317812800497,3.69240684903904,0.52,1.99435333333333,4.996,0.005,0,0,90
circularCrossing,radarDropout,202,sharmaTunedPredictor,1,,0,1000,2,0.0461431506566285,0.104461082519139,1.41155503008143,0.165487502493756,0.679329861615851,1.26141688005655,0.473832822159047,0.250412443127361,0.608250725953331,0.171795115457146,0.433568543609976,4.71008843848263,7.79771951031617,0.0339855031539536,0.187840271907418,2.37847021478766,2.84747945007193,2.42282191172041,3,0.0361509070951427,0.642196075388615,0.260107856199691,0.127655398428835,4.45419204448317,2.27453384145216,1.11803398874989,11.3540973954181,9.66489149299338,3.84,0.28941,0.782,0.005,0,0,90
circularCrossing,radarDropout,202,sharmaTunedCorrectedPredictor,1,,0,1000,2,0.0459024835990173,0.104401105917241,1.41172420654777,0.163728991289592,0.679981696507536,1.26234688711906,0.471583096555489,0.250325914688122,0.608043654511079,0.171384599556467,0.432638647230835,4.71372320337936,7.78081747130871,0.0339855031539536,0.187840271907418,2.37847021478766,2.84747945007193,2.42282191172041,3,0.0361604590885177,0.643224504378732,0.260168414408197,0.127684791007568,4.45853184802467,2.27453384145216,1.11803398874989,11.3543888645833,9.67239834475295,3.84,0.28674,0.316,0.005,0,0,90
circularCrossing,radarDropout,203,structured,1,,0,1000,2,0.0326541184572893,0.126188010020412,0.427544564364863,0.0706597426122085,0.108906074383937,0.109323969561639,0.151238009921097,0.0812176477933366,0.197470599645367,0.0825281928508543,0.224975071008938,0.279830650674848,0.788802278952073,0.0488591032522308,0.0293077089068746,0.0683049694943362,0.0910160487225778,0.0802360326049284,3,0.0310768827745032,0.107197505158011,0.088120186838204,0.0906353580145961,0.247665532903514,0.075853020314357,1.11803398874989,3.00161946064781,3.53350429485939,0.5,2.00506,5.029,0.005,0,0,90
circularCrossing,radarDropout,203,sharmaTunedPredictor,1,,0,1000,2,0.033335737467676,0.103985615656802,1.40385453973104,0.0865677150716882,0.65365191691349,1.2183952319726,0.35891866278383,0.218446130929532,0.569533488675289,0.126957642003444,0.369766182636834,4.56814795845959,6.35111227847154,0.0367702658169826,0.205581464484953,2.29017882878736,2.77087103762496,2.36228525052429,3,0.0368871950647889,0.623611763822597,0.232322274315651,0.140447396980232,4.25586467733316,2.14537867056026,1.11803398874989,11.3093165249762,9.10019445814276,4.62,0.293146666666667,0.783,0.005,0,0,90
circularCrossing,radarDropout,203,sharmaTunedCorrectedPredictor,1,,0,1000,2,0.0332958676178306,0.103984811402064,1.40403963870095,0.0866280132242528,0.654699859549415,1.21951220365828,0.358310538099327,0.218559673873732,0.569639237216169,0.126917403523818,0.369446527073233,4.5724268037439,6.36828767479259,0.0367702658169826,0.205581464484953,2.29017882878736,2.77087103762496,2.36228525052429,3,0.0368918121729016,0.624596865403063,0.232382579072416,0.140436456965265,4.26006480513242,2.14537867056026,1.11803398874989,11.3097476753352,9.10512124609804,4.62,0.291403333333333,0.381,0.005,0,0,90
circularCrossing,radarDropout,204,structured,1,,0,1000,2,0.0269415638916116,0.125026518250259,0.430255354072627,0.0563595234854939,0.0987862641478729,0.100511965893639,0.138773418581647,0.066364508115416,0.199211190004242,0.067579551657648,0.18662292040862,0.288416350556989,0.646702740626658,0.0552681197349899,0.0283630233017191,0.0680960866845785,0.0866827216526967,0.0736546713311421,3,0.0268095041236885,0.0994113304803877,0.0613789662243498,0.0617594982773647,0.304730838123122,0.0758806061529229,1.11803398874989,3.08957754856154,3.66834372185094,0.5,2.01331333333333,4.999,0.005,0,0,90
circularCrossing,radarDropout,204,sharmaTunedPredictor,1,,0,1000,2,0.0437872474315114,0.106734254485054,1.4233826047914,0.128755711540217,0.691400575491944,1.28013862621056,0.453257547973387,0.239740669274402,0.62571739089725,0.137659842513516,0.468568782526209,4.78938357516209,7.16393177085942,0.0343245308346906,0.181448903185403,2.38980631764986,2.87983464186769,2.44235700387393,3,0.03572584972269,0.671065992600662,0.262567195473946,0.131053568748833,4.55297102355395,2.26625730113124,1.11803398874989,11.1514275905161,9.26219789850998,3.7,0.292666666666667,0.815,0.005,0,0,90
circularCrossing,radarDropout,204,sharmaTunedCorrectedPredictor,1,,0,1000,2,0.0439878455854346,0.106799355526709,1.42355178959286,0.130412970974644,0.692726256901672,1.28143030149307,0.455013132311759,0.239744990245052,0.62590286186327,0.137492466017463,0.467750365472209,4.7943946642408,7.19007038781374,0.0343245308346906,0.181448903185403,2.38980631764986,2.87983464186769,2.44235700387393,3,0.0357262051750511,0.672112780304851,0.262612943957998,0.131037450651405,4.55737433018747,2.26625730113124,1.11803398874989,11.1520364300981,9.26889290075209,3.7,0.289256666666667,0.378,0.005,0,0,90
circularCrossing,radarDropout,205,structured,1,,0,1000,2,0.0279545168317593,0.126015628097733,0.422921367134386,0.0612661925860071,0.0896945054364083,0.0891556127595734,0.124735366536336,0.0631213118559641,0.190094260392112,0.0647096604351745,0.18153296502523,0.240416279492866,0.725405509492092,0.0529499602399082,0.0291101827022693,0.0640167490173545,0.0864207338510981,0.0824306235360274,3,0.0229144939073334,0.0888398566725613,0.0686883372160094,0.0699123199690933,0.215896451375204,0.0706889976129695,1.11803398874989,3.0864368758948,3.59466879805085,0.5,1.98440666666667,4.989,0.005,0,0,90
circularCrossing,radarDropout,205,sharmaTunedPredictor,1,,0,1000,2,0.0517572631370902,0.11091982114828,1.4298227072988,0.180926246241537,0.571952408609492,1.00833822083699,0.458816023582316,0.254369171239766,0.55125752293551,0.191336047226823,0.465647001539498,3.7173831295916,5.85250773510991,0.0359077929434068,0.200997270997733,1.8512116319787,2.31406303699514,1.93653051323571,3,0.0336565196340726,0.546489846518707,0.236556174574036,0.147533442812304,3.54126924308819,1.75003406001451,1.11803398874989,11.5129642654989,9.07243470246175,1.54,0.289556666666667,0.768,0.005,0,0,90
circularCrossing,radarDropout,205,sharmaTunedCorrectedPredictor,1,,0,1000,2,0.0518101404999499,0.11094474077359,1.42997939352335,0.181184235958174,0.572882298994904,1.00933173478211,0.458997032448033,0.254224017786462,0.551339420019653,0.190994160604513,0.464715996693137,3.72141962114788,5.8578123419199,0.0359077929434068,0.200997270997733,1.8512116319787,2.31406303699514,1.93653051323571,3,0.0336582314183438,0.547274018161968,0.236587106672111,0.147541107167013,3.54478605647315,1.75003406001451,1.11803398874989,11.5133863405376,9.079295221737,1.54,0.29484,0.549,0.005,0,0,90
circularCrossing,kinematicMismatch,201,structured,1,,0,1000,2,0.0261294553712913,0.123259836200844,0.436232090682949,0.059780218996176,0.106113544398953,0.127793036742382,0.132414994679897,0.059935676513008,0.160579497449312,0.0620766879821997,0.169113230681219,0.431117429921051,0.9535116109152,0.0515958885162512,0.0289266646058615,0.17192467315926,0.204069307299769,0.0910547104657956,3,0.0251084574039032,0.0991203221631663,0.0580700809471654,0.0611283536023042,0.433568493932631,0.189682934581679,1.11803398874989,3.06947443900175,3.61987600719405,0.5,2.03495666666667,5.463,0.005,0,0,90
circularCrossing,kinematicMismatch,201,sharmaTunedPredictor,1,,0,1000,2,0.034498834202736,0.104772904724417,1.46145034484537,0.0778084136966242,0.72669982910538,1.36678428234629,0.382709482893466,0.257018207254293,0.722096480519237,0.130005414213303,0.436007788583087,5.11493297840598,7.46892728762448,0.0317239212269403,0.177316192782436,2.58198523158939,3.19011377419759,2.59904538144035,3,0.033815894435676,0.69743270299181,0.263803504866225,0.130335684781915,4.8402421573578,2.44000587015699,1.11803398874989,11.3267144674967,9.264059215273,5.3,0.29176,0.785,0.005,0,0,90
circularCrossing,kinematicMismatch,201,sharmaTunedCorrectedPredictor,1,,0,1000,2,0.034487229820348,0.104779749793825,1.46162639760304,0.0777626633653951,0.727888977809062,1.36805574568659,0.382920647811603,0.257108482829809,0.722255593493207,0.130031823397002,0.435733612332065,5.11980624456647,7.47444423254939,0.0317239212269403,0.177316192782436,2.58198523158939,3.19011377419759,2.59904538144035,3,0.0338093577241164,0.698572550279799,0.263921448623921,0.130359293401577,4.84488174030109,2.44000587015699,1.11803398874989,11.3271566109471,9.26899905172914,5.3,0.28986,0.328,0.005,0,0,90
circularCrossing,kinematicMismatch,202,structured,1,,0,1000,2,0.0265700973864764,0.121880945109476,0.413638668979252,0.0675531181119559,0.0928217906005807,0.11107800271128,0.123449271917814,0.0644779524772942,0.172251945047792,0.0640560117770581,0.176165761587693,0.345530824798865,0.951290964457411,0.0508282205919722,0.0273653625486077,0.163699288692683,0.196664434506061,0.0826241506550192,3,0.0289067507807906,0.0975978306685198,0.0692281272797708,0.0670476961463786,0.377091490266389,0.180057245847181,1.11803398874989,3.10795791411606,3.69637350270673,0.52,2.01555333333333,5.031,0.005,0,0,90
circularCrossing,kinematicMismatch,202,sharmaTunedPredictor,1,,0,1000,2,0.0341611096809737,0.101311408292675,1.41059448951035,0.0762439230936272,0.664927775810793,1.25607367391539,0.389100477186568,0.23706847842303,0.602333880231432,0.130240643746082,0.34388421433551,4.69654437453902,6.49184932533106,0.0339854965180967,0.187839838519451,2.38158861841592,2.85128397502607,2.4258164628803,3,0.0361799063488104,0.647340634203256,0.259372502633673,0.128434125306927,4.48123900433376,2.27751193653914,1.11803398874989,11.3546616802332,9.67192119910719,3.84,0.294786666666667,0.786,0.005,0,0,90
circularCrossing,kinematicMismatch,202,sharmaTunedCorrectedPredictor,1,,0,1000,2,0.0341680840951057,0.101324239931069,1.41077781884553,0.076314235901058,0.66596257228495,1.2571881283765,0.388721475565837,0.237102687703842,0.602146218467759,0.13021686844608,0.344193801292409,4.70085192267167,6.49701368544737,0.0339854965180967,0.187839838519451,2.38158861841592,2.85128397502607,2.4258164628803,3,0.0361908124586953,0.64831762945525,0.259435983264029,0.128465846308018,4.48533399737302,2.27751193653914,1.11803398874989,11.3549549709487,9.67945275600116,3.84,0.29206,0.333,0.005,0,0,90
circularCrossing,kinematicMismatch,203,structured,1,,0,1000,2,0.0318886531970541,0.126001231262626,0.426938144985349,0.0624440107440614,0.112190219619242,0.12851028672807,0.151929810642061,0.0829572235210925,0.19633112627046,0.084261848880673,0.224701324718168,0.374962148225858,0.988896245727162,0.0488480665422331,0.0298849375427816,0.167921772356389,0.201550991704796,0.0826170708603463,3,0.0310346647352389,0.110991113624935,0.0882132702629166,0.0904005715458283,0.380422186068262,0.184885107641267,1.11803398874989,3.00798338823681,3.53723463360969,0.5,2.03916666666667,5.508,0.005,0,0,90
circularCrossing,kinematicMismatch,203,sharmaTunedPredictor,1,,0,1000,2,0.0374690245586337,0.104916291579369,1.4040083933915,0.0866127884823889,0.658527498793411,1.21937006341652,0.398574984726052,0.214828796066245,0.568262522355443,0.139528973509364,0.369762240398483,4.57457429686947,7.07631072058843,0.036770266220536,0.205581574949869,2.28602731654419,2.76590845799632,2.35833204878886,3,0.0369176066958329,0.624794983535477,0.231760396959325,0.140869722844511,4.25834568629093,2.14152581667467,1.11803398874989,11.3101233082997,9.10447802234775,4.62,0.296236666666667,1.148,0.005,0,0,90
circularCrossing,kinematicMismatch,203,sharmaTunedCorrectedPredictor,1,,0,1000,2,0.0374779206547517,0.104926141914207,1.4041886263862,0.0866706598709957,0.659527897825838,1.22045926244516,0.398309833882862,0.214896934787716,0.568366160401204,0.139544987952445,0.369444121266973,4.57876084070763,7.08115150442008,0.036770266220536,0.205581574949869,2.28602731654419,2.76590845799632,2.35833204878886,3,0.0369239808204941,0.625718474867526,0.231817086715551,0.140860881923556,4.26229214855433,2.14152581667467,1.11803398874989,11.3105567859182,9.10942118344793,4.62,0.290073333333333,0.414,0.005,0,0,90
circularCrossing,kinematicMismatch,204,structured,1,,0,1000,2,0.0275777433866919,0.125063815611979,0.429430409062673,0.0575285982807789,0.104422247195595,0.121474263114442,0.144694239489548,0.0659889151082391,0.187647434266854,0.0682471279065496,0.173010395398261,0.389710337209329,0.852095221568392,0.0552600766608541,0.0287828319239933,0.168957302544413,0.197345148936621,0.0836626817181884,3,0.0268858126393892,0.10182671422894,0.0611407969575642,0.0619927731750178,0.406558543291466,0.185542072759316,1.11803398874989,3.09476750090178,3.67225631724448,0.5,2.11139,6.155,0.005,0,0,90
circularCrossing,kinematicMismatch,204,sharmaTunedPredictor,1,,0,1000,2,0.0367274101473761,0.104936275386484,1.42411426121668,0.0804794099250985,0.689160054690691,1.28243840075327,0.416864125708322,0.241282915951503,0.626077451618576,0.139865235840135,0.332857779147481,4.79963920411138,7.03232742557092,0.0343245457136527,0.181448970843773,2.40031663857912,2.89243040109183,2.45266240031629,3,0.0357199557121658,0.667878712506522,0.262029798084858,0.132423049740238,4.55145868150673,2.27617221951313,1.11803398874989,11.1524318252331,9.26840077103405,3.7,0.29475,0.779,0.005,0,0,90
circularCrossing,kinematicMismatch,204,sharmaTunedCorrectedPredictor,1,,0,1000,2,0.0367221308547821,0.104945318743522,1.42428765585965,0.0805235037285517,0.690211239033244,1.28357462529086,0.41715473478427,0.241325680675038,0.626262344055959,0.139851704873608,0.333293423316533,4.80402466160068,7.03747609018151,0.0343245457136527,0.181448970843773,2.40031663857912,2.89243040109183,2.45266240031629,3,0.0357172807761773,0.668859993682133,0.262077838554053,0.1324076379768,4.55560218135024,2.27617221951313,1.11803398874989,11.1530436298288,9.27511668925523,3.7,0.29219,0.33,0.005,0,0,90
circularCrossing,kinematicMismatch,205,structured,1,,0,1000,2,0.0268970304879458,0.125774721484264,0.423874652491919,0.058435978165067,0.103076414706427,0.118224912099094,0.137122220422218,0.0799943018900351,0.199519052297269,0.0786875660162067,0.211254514012293,0.332462465032164,0.727968573131181,0.0529372109637478,0.0298935448260751,0.162878959986162,0.195546802468357,0.0834238610141588,3,0.0234251805838621,0.0900720836993847,0.0668538107600734,0.0675604213813762,0.335373312397282,0.179856481415304,1.11803398874989,3.09239425370841,3.59969785895572,0.5,2.06433666666667,5.336,0.005,0,0,90
circularCrossing,kinematicMismatch,205,sharmaTunedPredictor,1,,0,1000,2,0.0359332168910315,0.106628618859524,1.42864110858068,0.0752752053633697,0.561789482770379,1.00422739375691,0.40846391292935,0.239128968760298,0.551249399787119,0.156910957788395,0.451713152520199,3.71946755654049,5.83137667070656,0.0359077609380131,0.200996872163513,1.85694326406726,2.32094800705606,1.94198399082234,3,0.0336535026470027,0.544077735043198,0.234268314074813,0.147796514193888,3.54086983601882,1.75545583326402,1.11803398874989,11.5136944353166,9.07923534718967,1.54,0.29581,0.813,0.005,0,0,90
circularCrossing,kinematicMismatch,205,sharmaTunedCorrectedPredictor,1,,0,1000,2,0.0359326774055807,0.106637328141598,1.42881692977967,0.0752684492971308,0.56257381491313,1.00512105433868,0.408251785277253,0.239145658908132,0.551330606462578,0.156907351313579,0.451342306751229,3.7229720868299,5.83550892582343,0.0359077609380131,0.200996872163513,1.85694326406726,2.32094800705606,1.94198399082234,3,0.0336563185168948,0.544816543184423,0.234314551802732,0.147820624722308,3.54415732514106,1.75545583326402,1.11803398874989,11.5141190465676,9.08611984334686,1.54,0.290603333333333,0.348,0.005,0,0,90
circularFollowing,nominal,201,structured,1,,0,1000,2,0.0377512444322698,0.082303787808425,0.429670183869879,0.0930676916917899,0.220933780704745,0.222523163817807,0.481182900427382,0.157214163809613,0.546467151896948,0.156148677085333,0.539178939934634,0.582170089542183,1.72739191450049,0.0122948651441362,0.0236528213836147,0.0881850652346141,0.102328387295572,0.00594710414224179,6,0.0379003981522615,0.215645478414509,0.149852678607858,0.148552197846546,0.580537443065359,0.0879274025913451,1.11803398874989,5.64297784145992,10.8681198894123,0.74,2.015895,5.413,0.005,0,0,33.8275916479962
circularFollowing,nominal,201,sharmaMatchedPredictor,1,,0,1000,2,0.0808361789147314,0.122530264057153,1.97165345255008,0.214683783150724,2.1601252221595,1.95934100182717,8.30804220202718,1.4520259798693,4.73657269920314,1.63490970087226,4.59748413618479,4.86269917114923,14.2040356566785,0.0423338639733726,0.478717163849621,3.67290141445496,11.9721068281933,3.86626780093892,6,0.0820205833154004,2.17350661730874,1.47226651561514,1.68795381574044,4.91744369313113,3.60836047051598,1.11803398874989,32.8524884689435,100.509473334576,Inf,0.29887,0.937,0.005,0,0,33.8275916479962
circularFollowing,nominal,201,sharmaCertifiedHold,1,,0,1000,2,0.0868565939370873,0.0996364200055715,3.42385969589833,0.175665289470524,4.36387739013794,4.34319442823621,44.1892973038745,3.06648444751245,9.60958206826562,4.05850543601589,9.83675210994241,11.5356248587449,34.1049431731091,0.15789445034881,0.13804296770886,1.99301684955593,8.40288118638351,1.81185263089675,6,0.0867706667481458,4.29431264324318,3.05762723235651,4.03422772597299,11.3020989283007,0.712272617728417,1.11803398874989,49.6258068995748,475.346090673295,Inf,0.291185,0.503,0.005,0,0,33.8275916479962
circularFollowing,nominal,201,sharmaCertifiedPredictor,1,,1,1000,2,8.32390239396284e+72,7.59991274176792e+72,9.26867685417463e+74,1.28875863309738e+74,1.0151637798592e+75,1.0151637798592e+75,1.78771802331593e+77,1.0151637798592e+75,1.57318214231644e+76,1.01400213486498e+75,1.57133697921335e+76,103.934082822997,179.933520722717,0.0272846559109165,0.145485948565762,1.88833938387501,8.26009699942902,1.72318677867198,6,1.07389691350537e+73,1.30969970369177e+75,1.30969970369177e+75,1.30820102324739e+75,104.056182260137,0.742978774577336,10011725170.9161,1728799888407.82,438554891093887,Inf,0.296775,0.37,0.005,0,0,33.8275916479962
circularFollowing,nominal,201,sharmaTunedPredictor,1,,0,1000,2,0.0378677650479654,0.0804245348938027,0.644253892344368,0.092161493081281,0.606120221664382,0.335517461577398,0.414235871162616,0.273522757393235,0.705091039410327,0.147718028925371,0.498362133234993,0.714492633077776,2.43769790932247,0.0338184159296178,0.187955166107695,2.05853776672197,3.14766903015596,2.10513575121714,6,0.038039200723078,0.507770511935386,0.25404056868448,0.140080391701258,0.700907132090689,1.60057968123083,1.11803398874989,11.5812407294312,9.48443458271888,6.22,0.295701666666667,0.671,0.005,0,0,33.8275916479962
circularFollowing,nominal,201,sharmaTunedCorrectedPredictor,1,,0,1000,2,0.0378669630658552,0.0804312749693389,0.64441719321324,0.09213282073662,0.607055901368561,0.335550106848291,0.41423821175974,0.273757547436793,0.705577623489589,0.147741776453277,0.498603929130748,0.713476543065851,2.43487539250736,0.0338184159296178,0.187955166107695,2.05853776672197,3.14766903015596,2.10513575121714,6,0.0380364177242209,0.508466442294974,0.254209098578962,0.140175689332298,0.700284111124964,1.60057968123083,1.11803398874989,11.5819058229859,9.49170288939862,6.22,0.287345,0.396,0.005,0,0,33.8275916479962
circularFollowing,nominal,202,structured,1,,0,1000,2,0.0360202734551015,0.0812117241704132,0.440980323279924,0.0795053115402801,0.210348604492876,0.211634979586107,0.45760623344339,0.146412223075619,0.388809714433298,0.144541141412524,0.380854791086083,0.564927210820936,1.58900949324747,0.0161626777027745,0.0232931362047997,0.0854758493015558,0.10038281209075,0.00779693648773843,6,0.0367796912245823,0.216586582648785,0.154403565984884,0.15175988463304,0.568266072554857,0.088078166237462,1.11803398874989,5.69280911615145,10.8420471779811,0.68,2.013405,5.099,0.005,0,0,33.8275916479962
circularFollowing,nominal,202,sharmaMatchedPredictor,1,,0,1000,2,0.0863787086843222,0.128568108637409,2.04943411608727,0.198425487810252,2.38765818120319,2.14911484384981,8.92216457431093,1.57013376513605,4.69288765768879,1.7642445870854,4.58027023117889,5.45056699259322,16.6768265908913,0.0447520573951431,0.510863161038774,4.00070203538029,9.87479066668365,4.48612935069125,6,0.0863852639882457,2.32002798008637,1.59207199715936,1.77680832691162,5.19488796516059,3.75051175508536,1.11803398874989,34.6027875873271,107.97193667374,Inf,0.300035,0.775,0.005,0,0,33.8275916479962
circularFollowing,nominal,202,sharmaCertifiedHold,1,,0,1000,2,0.0870630184386109,0.101865597825724,3.59273075102696,0.18319908253412,4.42195324970924,4.4001949208507,44.7687406686887,3.22571435324266,8.43682405289152,4.11831550618575,8.77694182113479,11.2931928551933,35.3521855920715,0.15584649565682,0.132555846158079,1.91903065468435,8.15050221411324,1.82777615435025,6,0.0873548999296634,4.42923110665074,3.19267366426573,4.162453820036,11.561514816313,0.807279292539347,1.11803398874989,51.6485500994484,492.897038968355,Inf,0.291736666666667,0.331,0.005,0,0,33.8275916479962
circularFollowing,nominal,202,sharmaCertifiedPredictor,1,,1,1000,2,3.11022836669533e+74,2.8397094385681e+74,3.61523043231697e+76,5.12448703421043e+75,3.95962773163238e+76,3.95962773163238e+76,7.21907949950795e+78,3.95962773163238e+76,6.73581395980233e+77,3.9551359501239e+76,6.72818603234905e+77,104.083245963133,179.704488154252,0.0303359191325503,0.140256120580616,1.80523685941558,7.75136734652282,1.73564525524317,6,4.01261870359441e+74,5.10845970841073e+76,5.10845970841073e+76,5.10266469776573e+76,103.813605424647,0.850029860412887,344806830040.545,53416789220264.6,1.35433581951934e+16,Inf,0.299708333333333,0.338,0.005,0,0,33.8275916479962
circularFollowing,nominal,202,sharmaTunedPredictor,1,,0,1000,2,0.0364019987950548,0.0795590346785441,0.639382900750702,0.0785769605521047,0.616143856662179,0.339956691967807,0.399530357049857,0.25571872232916,0.652241219687816,0.138685310290966,0.361333357816519,0.82387643481292,2.74955771843034,0.03505937442631,0.193129480321103,2.03422281396313,3.12914093753306,2.11578055196677,6,0.0371188394047028,0.517401737193038,0.241108449092453,0.145807961989108,0.821137903738317,1.57059782454576,1.11803398874989,11.3816016080892,9.41186260352366,6.88,0.290486666666667,0.505,0.005,0,0,33.8275916479962
circularFollowing,nominal,202,sharmaTunedCorrectedPredictor,1,,0,1000,2,0.0364087601365876,0.0795650291643371,0.639542700780877,0.0785155773610325,0.617096406003746,0.340039691591253,0.39965442450155,0.255989598276731,0.652874177654944,0.13875484355283,0.36190317298881,0.823191326773467,2.74520144531614,0.03505937442631,0.193129480321103,2.03422281396313,3.12914093753306,2.11578055196677,6,0.0371238022910026,0.518089005220181,0.241289331527558,0.14592348823534,0.82070846340374,1.57059782454576,1.11803398874989,11.3820328936413,9.41885883562984,6.88,0.28942,0.339,0.005,0,0,33.8275916479962
circularFollowing,nominal,203,structured,1,,0,1000,2,0.0394453173071631,0.0794081935836969,0.428743175428314,0.0953679595065863,0.228951597749896,0.230220766836193,0.499739718149105,0.151419375730187,0.445098507596427,0.150767019414277,0.424302594861478,0.641123483115919,1.79065592806376,0.013951749907593,0.022441223878324,0.0844696804454268,0.104544579003565,0.00859558738556521,6,0.0414704784550556,0.235828111583686,0.159075934527077,0.15168080495739,0.648453708161072,0.0832418111254418,1.11803398874989,5.44995726906634,10.5246050085953,0.66,2.04853833333333,5.766,0.005,0,0,33.8275916479962
circularFollowing,nominal,203,sharmaMatchedPredictor,1,,0,1000,2,0.0906028203348077,0.128024116892365,1.95512627764062,0.24410889748113,2.48682388928232,2.1921534264425,9.19502488563935,1.46170390999398,3.74883207236515,1.82563944420526,6.08659054236993,6.02619474429771,15.7597198746416,0.0462531714595126,0.527282436146989,5.01502094092218,17.1319574801612,5.05779604595669,6,0.0957748384669936,2.63360857902633,1.61770291436165,1.93590538823955,6.18312083550926,5.65334897133749,1.11803398874989,35.0851310709152,108.7494043504,Inf,0.303695,0.807,0.005,0,0,33.8275916479962
circularFollowing,nominal,203,sharmaCertifiedHold,1,,0,1000,2,0.0849713570803048,0.0999411209018235,3.45580691014437,0.17967142811465,4.34907309991757,4.26012431879388,43.3317509437575,2.89396429744372,9.08533135955963,3.96336506050903,10.1560535277383,11.534786304241,30.4137338525395,0.151443544687903,0.162073230339079,3.62711510851094,18.8098527922522,3.54022810388079,6,0.0847074076787585,4.23033313474967,2.85163976425448,3.95515808243528,11.5650381993101,0.734860314175376,1.11803398874989,52.8544800830099,504.033499201596,12,0.294518333333333,0.415,0.005,0,0,33.8275916479962
circularFollowing,nominal,203,sharmaCertifiedPredictor,1,,1,1000,2,6.21055945336168e+73,5.67038243472721e+73,6.90203232223519e+75,8.63261405364145e+74,7.55953986872982e+75,7.55953986872982e+75,1.41565955636187e+78,7.55953986872982e+75,1.01851850549317e+77,7.56812743637232e+75,1.01970031920253e+77,103.958681927579,179.278878322845,0.0338661172216288,0.173635525555578,3.53591378045172,18.334390439687,3.47887273718921,6,8.01246856635892e+73,9.75283724907404e+75,9.75283724907404e+75,9.76391638233308e+75,103.801407541643,0.782052081792108,31889945099.9633,5526063043521.91,1.37018576280594e+15,Inf,0.302901666666667,0.429,0.005,0,0,33.8275916479962
circularFollowing,nominal,203,sharmaTunedPredictor,1,,0,1000,2,0.0393426565075622,0.077660484705753,0.624840931956467,0.0955925572717554,0.526262433912337,0.336640465652228,0.428159849535289,0.24630363875723,0.735711511980842,0.143158645824132,0.416328105562541,0.845218754179831,2.34479649144111,0.0369421298947839,0.204679521237942,1.62316187275785,2.47536606246024,1.71645386667389,6,0.0413940952138549,0.463059520045035,0.248311758976765,0.142851897529743,0.847031282888642,1.25617439550935,1.11803398874989,11.4408964530921,9.21178595797163,8.7,0.289698333333333,0.502,0.005,0,0,33.8275916479962
circularFollowing,nominal,203,sharmaTunedCorrectedPredictor,1,,0,1000,2,0.0393453771671424,0.0776665854036151,0.624978474464931,0.0956085495671923,0.526948559766937,0.336668339041201,0.428194483788068,0.246464560046775,0.735920835962528,0.143155210375855,0.416600920949476,0.844728699590695,2.34648189617098,0.0369421298947839,0.204679521237942,1.62316187275785,2.47536606246024,1.71645386667389,6,0.0413969796966314,0.463524095149256,0.248412155434043,0.142942037499273,0.84677561940687,1.25617439550935,1.11803398874989,11.441343140678,9.21883126343112,8.7,0.290493333333333,0.486,0.005,0,0,33.8275916479962
circularFollowing,nominal,204,structured,1,,0,1000,2,0.0339718247426624,0.0799748314434104,0.432395495883244,0.0789506331402046,0.200628436237568,0.202009085476107,0.437728411989029,0.149446734874322,0.507091575878206,0.134821744272654,0.378407963250274,0.502461977060078,1.52783686293171,0.0139775144485755,0.0223406117041307,0.086268300175037,0.0993431892484146,0.00685226643391386,6,0.0315027057161479,0.185823924891178,0.138490285489052,0.124104190897434,0.47122936748997,0.0875123525485714,1.11803398874989,5.44069172994822,10.4901233617148,0.7,2.00265666666667,5.085,0.005,0,0,33.8275916479962
circularFollowing,nominal,204,sharmaMatchedPredictor,1,,0,1000,2,0.0752601027037405,0.119425174666476,1.97960449059797,0.179158416348953,2.11826627307392,1.87914659812492,7.90997363548013,1.43288127284609,4.99545086367948,1.55422746259127,4.40186447116418,4.49941319068641,12.9420099429092,0.0435273551828918,0.483190416807514,4.35509934629947,14.0141234799314,4.44836366768142,6,0.0767770393662172,2.11728651425011,1.42579633751827,1.61316987498558,4.8600185984233,3.9115395278672,1.11803398874989,35.1175161401521,112.543883228386,Inf,0.300108333333333,0.802,0.005,0,0,33.8275916479962
circularFollowing,nominal,204,sharmaCertifiedHold,1,,0,1000,2,0.0844356213740639,0.100925157990762,3.55034706297478,0.167081641248621,4.35701273778764,4.33054197121058,44.1079174881392,3.10236607021369,8.17070461362843,4.04231259334411,8.99303856234232,11.3754518185959,36.7255539507053,0.155226786868964,0.143953126677922,2.09619508706563,7.78970534533382,1.98720545763434,6,0.0848696173948083,4.39262778402887,3.14594006500933,4.12492360674035,11.4892340407641,0.906106919818338,1.11803398874989,49.2751355593891,473.366678234954,Inf,0.292623333333333,0.361,0.005,0,0,33.8275916479962
circularFollowing,nominal,204,sharmaCertifiedPredictor,1,,1,1000,2,1.72475440573157e+75,1.57474011156675e+75,1.91939748771554e+77,2.48252945434748e+76,2.10224483962233e+77,2.10224483962233e+77,3.79358195662079e+79,2.10224483962233e+77,3.02738730349341e+78,2.10465717482366e+77,3.03092046573486e+78,103.853784899958,179.932623225173,0.0317285423065548,0.152005146933206,1.99855335626059,7.52566353603485,1.90807970582951,6,2.22516837080321e+75,2.71218250509568e+77,2.71218250509568e+77,2.71529474645129e+77,104.249763940925,0.957762029339888,826210612116.002,149662636534859,3.85432924176463e+16,Inf,0.299685,0.336,0.005,0,0,33.8275916479962
circularFollowing,nominal,204,sharmaTunedPredictor,1,,0,1000,2,0.0341348637181248,0.0779361123276017,0.650192249134605,0.0785363046114965,0.552821319392539,0.317480517746026,0.378786181576945,0.253857716490971,0.724040786384705,0.127517253712406,0.344184491635631,0.703002871128578,2.5697776857223,0.0351647667628206,0.19237533979613,1.80934469663856,2.75850580714799,1.88937649796547,6,0.0318998719015481,0.452462733008553,0.235183143728175,0.119430520417195,0.74584901357246,1.3795549087726,1.11803398874989,11.1389357640364,9.11969908547517,10.26,0.289656666666667,0.489,0.005,0,0,33.8275916479962
circularFollowing,nominal,204,sharmaTunedCorrectedPredictor,1,,0,1000,2,0.0341376997552033,0.0779383893305923,0.65031021166023,0.0786095473450919,0.553635438871457,0.317513562777162,0.378849463142781,0.254036450574992,0.724606146052619,0.12759837438364,0.344325945854411,0.702325306333492,2.57150858666507,0.0351647667628206,0.19237533979613,1.80934469663856,2.75850580714799,1.88937649796547,6,0.0319013530443299,0.453023413836336,0.235293897107738,0.119478855785817,0.745278832453291,1.3795549087726,1.11803398874989,11.1393381001888,9.12610982637685,10.26,0.289643333333333,0.354,0.005,0,0,33.8275916479962
circularFollowing,nominal,205,structured,1,,0,1000,2,0.0354426652205513,0.0793036049707762,0.432440323819638,0.0774858099905912,0.212548702760101,0.213975412467616,0.466806997487642,0.161755451080166,0.437177107661682,0.158804122038992,0.432017542055596,0.517420139973262,1.49316539592718,0.014956116794205,0.0231690291349919,0.0831077461390126,0.0940523910443242,0.0068761009663492,6,0.034251538912375,0.201195492804258,0.148639714315561,0.14215237705325,0.506279878931105,0.0844579651666852,1.11803398874989,5.57063246181682,10.8534259196491,0.72,2.00877666666667,5.292,0.005,0,0,33.8275916479962
circularFollowing,nominal,205,sharmaMatchedPredictor,1,,0,1000,2,0.0729127308196069,0.120093267212311,2.27551073806071,0.170012107330018,2.21690562366323,1.87763332899152,7.57702052923239,1.40030865085627,3.63141673365242,1.46894819066885,3.84102814833399,4.66156767294406,13.9095400951081,0.0447625639757173,0.513254784863594,5.46156474599981,22.8891356933885,5.51919103190794,6,0.0704863992411601,2.0545856929611,1.2997606962211,1.44084205405067,4.7788001897736,4.65262909560952,1.11803398874989,34.5296854051662,108.261904467295,Inf,0.29854,0.771,0.005,0,0,33.8275916479962
circularFollowing,nominal,205,sharmaCertifiedHold,1,,0,1000,2,0.0840472527986318,0.0984874123585131,3.45124954504125,0.177403532249013,4.3240733284035,4.30341083174036,43.788253488282,2.99375812356591,9.14755111099356,4.01772943211493,9.73140651110822,11.6018227849823,34.0793642282586,0.151821225006929,0.135120664450309,1.79417821451732,7.90681112179453,1.7218923172009,6,0.0834896484157203,4.31232564980214,2.86675144220171,4.04188426426611,12.056155924613,0.657835554458186,1.11803398874989,52.3261342812422,499.515083214248,Inf,0.290241666666667,0.325,0.005,0,0,33.8275916479962
circularFollowing,nominal,205,sharmaCertifiedPredictor,1,,1,1000,2,4.52672047653995e+74,4.13299904297644e+74,5.06481615433355e+76,6.71268799717955e+75,5.54730517895808e+76,5.54730517895808e+76,1.15843365155122e+79,5.54730517895808e+76,6.43720506936945e+77,5.55361054505985e+76,6.4467028049054e+77,103.93772603755,179.885776247725,0.0278457393854255,0.138731637936615,1.6624153482373,7.29117796907575,1.62263396064705,6,5.84008667807489e+74,7.15678011106436e+76,7.15678011106436e+76,7.164914893135e+76,104.075234081093,0.684955454260674,247879014568.342,35169575691002,7.13981742904149e+15,Inf,0.29841,0.324,0.005,0,0,33.8275916479962
circularFollowing,nominal,205,sharmaTunedPredictor,1,,0,1000,2,0.0356432106328753,0.0775478323717235,0.646096277279934,0.0776383694873979,0.542851280339665,0.327425397816938,0.403901692238701,0.258955859544953,0.714018069084929,0.149564127948363,0.418157334431191,0.737936792203543,2.30645571415311,0.0361505365143277,0.197455795734354,1.75690774298583,2.72365492428446,1.83003155493072,6,0.0345074620208517,0.466931995635833,0.248441429112645,0.134342952937576,0.751017195507072,1.34831862298792,1.11803398874989,11.3334591996432,9.48965406405273,3.58,0.289171666666667,0.488,0.005,0,0,33.8275916479962
circularFollowing,nominal,205,sharmaTunedCorrectedPredictor,1,,0,1000,2,0.0356443706434983,0.0775553017436617,0.646238195997608,0.0776127977784479,0.543628312072225,0.327462135795214,0.403884151422926,0.259149542858893,0.71441357689033,0.149612397448527,0.418266721675907,0.737224024310277,2.30440336373748,0.0361505365143277,0.197455795734354,1.75690774298583,2.72365492428446,1.83003155493072,6,0.0345071972279763,0.467470013865315,0.248566315444852,0.13441852580512,0.75064113766681,1.34831862298792,1.11803398874989,11.334065172765,9.49625104399094,3.58,0.289788333333333,0.555,0.005,0,0,33.8275916479962
circularFollowing,nominal,206,structured,1,,0,1000,2,0.0366459555206616,0.0813190091832811,0.429929092722702,0.0771310598383083,0.217047941455215,0.218280313273864,0.474460204506043,0.162428214950728,0.458172876949599,0.152791812098116,0.461238224949146,0.539626466757257,1.39543700949913,0.014205970823906,0.0236145364919235,0.0853031665657287,0.0993430614253823,0.00728553945020503,6,0.0361849194940765,0.214072323871532,0.157396937421424,0.152244616639069,0.544623566082572,0.0864589371463358,1.11803398874989,5.4144577373762,10.6783988991959,0.8,2.01475,5.24,0.005,0,0,33.8275916479962
circularFollowing,nominal,206,sharmaMatchedPredictor,1,,0,1000,2,0.0749419305875435,0.118965526232806,1.88873328731982,0.173446394631833,2.15710069654494,1.90716257309074,7.82126201021947,1.38046594400725,4.07931224846121,1.52856587257636,4.18973053493132,4.91995331764244,16.3284863313969,0.0460294966129376,0.518592419533752,4.08734106525716,14.6831294518282,4.6362921611327,6,0.0751561444007978,2.12558651521629,1.29889443654658,1.52142999575153,5.26284456578547,4.02591863936274,1.11803398874989,34.6279824048956,107.631745132355,Inf,0.300938333333333,0.78,0.005,0,0,33.8275916479962
circularFollowing,nominal,206,sharmaCertifiedHold,1,,0,1000,2,0.0860814975640192,0.0998422933382654,3.62156105138487,0.175241758461939,4.50495671070379,4.48320211362401,45.542523144857,3.27407453765364,9.99233927861662,4.19910228199699,10.4752437063332,11.6289827086822,42.7047196091538,0.154646304464945,0.13963580655504,2.0762937987429,7.60401595082044,1.97847023931601,6,0.0845428344712508,4.457059973289,3.22164733248917,4.18637824783409,11.7188895931525,0.862626117105114,1.11803398874989,48.0949164878388,461.908690835924,Inf,0.292713333333333,0.343,0.005,0,0,33.8275916479962
circularFollowing,nominal,206,sharmaCertifiedPredictor,1,,1,1000,2,6.14979619754926e+74,5.61490419624919e+74,8.83892758576086e+76,8.50023444783248e+75,9.68094937285606e+76,9.68094937285606e+76,2.27447716326142e+79,9.68094937285606e+76,1.49602825023708e+78,9.68971724990018e+76,1.49721481918163e+78,104.051878819739,179.985022743421,0.0298720138892168,0.145654809605498,1.9784967587995,7.33281552752994,1.90789923036962,6,7.93407568068691e+74,1.24897447846723e+77,1.24897447846723e+77,1.25010565416464e+77,103.974428967575,0.919845935511442,250713921955.754,25100426226161,5.35016895386494e+15,Inf,0.300011666666667,0.347,0.005,0,0,33.8275916479962
circularFollowing,nominal,206,sharmaTunedPredictor,1,,0,1000,2,0.0366238535121686,0.0794411616464317,0.65018565800885,0.0763959720011109,0.603914461642562,0.329193003376804,0.40587999470456,0.269461578054598,0.834392998843633,0.142630925820571,0.446297615977514,0.695394260643206,1.93474090706381,0.0364742529517028,0.201275482365528,2.02335837458402,2.99885331439891,2.10352231568342,6,0.0362569764450211,0.508260583862346,0.25251455490326,0.14316852504692,0.699478478763968,1.60036314023464,1.11803398874989,11.2043527272505,9.35664243960949,4.02,0.292921666666667,0.497,0.005,0,0,33.8275916479962
circularFollowing,nominal,206,sharmaTunedCorrectedPredictor,1,,0,1000,2,0.0366319278251796,0.0794476681186977,0.650355818237739,0.0764228110692047,0.604854434615517,0.329277168802693,0.406035158218034,0.269722863545049,0.835028490481566,0.142733550522109,0.446654097744324,0.694548302903475,1.92972346382078,0.0364742529517028,0.201275482365528,2.02335837458402,2.99885331439891,2.10352231568342,6,0.036258859635803,0.508961268644794,0.252697917387875,0.143303710294387,0.698895517207277,1.60036314023464,1.11803398874989,11.2046303685088,9.36368802917277,4.02,0.294058333333333,0.365,0.005,0,0,33.8275916479962
circularFollowing,nominal,207,structured,1,,0,1000,2,0.034763163852274,0.0780457531291157,0.420465755593769,0.0852787753966175,0.205857563279832,0.206730782894899,0.447409106739826,0.13770665918408,0.375143423719525,0.137880154443842,0.381856893149993,0.569508276939522,1.75811384283835,0.0139896872644053,0.0224484145751533,0.0826318898008098,0.094389689042944,0.00722790756145673,6,0.0349553299301937,0.210175535032408,0.140761902291983,0.144607636952994,0.58151796804603,0.0834942276870109,1.11803398874989,5.449871599209,10.3567424026212,0.72,2.020935,5.24,0.005,0,0,33.8275916479962
circularFollowing,nominal,207,sharmaMatchedPredictor,1,,0,1000,2,0.0818030629553494,0.125249912101981,2.10614263495581,0.192606561883336,2.60752871284528,2.10735390822735,8.4267683392032,1.54028874846015,5.25786336012816,1.66214927778029,4.7032455423587,5.36666309205625,17.1789074084276,0.0457385531370232,0.536628202331699,5.61532765449963,17.6248500571597,6.03090308580475,6,0.0819435384922901,2.60482883467659,1.59093973401624,1.64978954850396,5.16252919984725,5.65712041868703,1.11803398874989,35.3783633885857,110.644736941217,Inf,0.30062,0.798,0.005,0,0,33.8275916479962
circularFollowing,nominal,207,sharmaCertifiedHold,1,,0,1000,2,0.0859191166654174,0.100921581034799,3.54122753406388,0.197518282130914,4.33952441076208,4.31532803505873,43.9083013832506,3.08195255991476,8.74121613311154,4.02863017096004,9.27996940978034,11.3138087871313,35.7337570109644,0.153683234206532,0.130424192215377,2.01791169615872,8.98178529483829,1.93142399329545,6,0.084477025848659,4.27696254344241,2.98185411157997,4.00627781730261,11.5394422574402,0.795839361201769,1.11803398874989,50.1741094247659,480.585875428504,Inf,0.292986666666667,0.356,0.005,0,0,33.8275916479962
circularFollowing,nominal,207,sharmaCertifiedPredictor,1,,1,1000,2,3.92227027912338e+74,3.58112222610722e+74,4.38136653879205e+76,5.80092201907176e+75,4.79874817781079e+76,4.79874817781079e+76,9.9810377876211e+78,4.79874817781079e+76,5.59696280043648e+77,4.80421880811232e+76,5.60512273898274e+77,103.821413175137,179.933636671508,0.0278658416944739,0.137516258178831,1.91845447368764,8.71556822876727,1.85508946531722,6,5.06026350061409e+74,6.19103950639564e+76,6.19103950639564e+76,6.19809736545944e+76,103.876755341573,0.835956649678733,217306407807.394,31322781410935,6.47693406026548e+15,Inf,0.298068333333333,0.388,0.005,0,0,33.8275916479962
circularFollowing,nominal,207,sharmaTunedPredictor,1,,0,1000,2,0.0351741499722349,0.0765383457901142,0.63849393115021,0.0848260602198868,0.606556985540778,0.323274697643454,0.389262511857393,0.245271503163553,0.859018663551605,0.131603987702367,0.348595797139141,0.774271885990873,2.1662435621938,0.0352938451701047,0.195495547552197,2.04152609895476,3.21226971348383,2.10528309874893,6,0.0353911059410377,0.494765971349912,0.232253818867137,0.138300870809124,0.785970791720181,1.56686979938438,1.11803398874989,11.3778980265129,9.07704033486204,5.38,0.289925,0.506,0.005,0,0,33.8275916479962
circularFollowing,nominal,207,sharmaTunedCorrectedPredictor,1,,0,1000,2,0.0351702388716339,0.0765411178821298,0.638669536235635,0.084910398617652,0.607529998897173,0.323352360010532,0.389423599068886,0.245553413493378,0.859505482329951,0.131679581274441,0.348956052880168,0.77349053170906,2.17048997677467,0.0352938451701047,0.195495547552197,2.04152609895476,3.21226971348383,2.10528309874893,6,0.0353893970125474,0.495457303828051,0.232458810505328,0.138378522700798,0.785350630974932,1.56686979938438,1.11803398874989,11.3783401180318,9.0841235113808,5.38,0.288671666666667,0.33,0.005,0,0,33.8275916479962
circularFollowing,nominal,208,structured,1,,0,1000,2,0.0360022724093328,0.0804246527183774,0.424416356700588,0.0811085578688392,0.208702493753763,0.209905705695243,0.455606882902108,0.147886436570479,0.432654549724907,0.136169238794205,0.407913213981291,0.55084448782103,1.48144300068142,0.0153896501348213,0.0230797313867645,0.0871654387274252,0.0974102248082275,0.00728778949897933,6,0.0354270674024985,0.205945514469404,0.154695894283955,0.142302074542416,0.512145558475954,0.0875790488527894,1.11803398874989,5.48117020688509,10.3043193102244,0.72,2.011205,5.169,0.005,0,0,33.8275916479962
circularFollowing,nominal,208,sharmaMatchedPredictor,1,,0,1000,2,0.0808262193987571,0.119660851693383,2.02582576160822,0.189868224541545,2.20380964485205,2.01509741139199,8.35344836111606,1.49953224310259,4.81045369141867,1.64701559628294,4.22193051622797,4.98322193478896,14.9253253235248,0.0416818098670961,0.477445151804529,3.85848863392299,9.04612626053404,4.08338031916249,6,0.0826728941269058,2.26240909709861,1.56942912646602,1.7107758243983,5.13537203948243,3.71734217889784,1.11803398874989,34.2521336722365,104.909777433992,Inf,0.299431666666667,0.782,0.005,0,0,33.8275916479962
circularFollowing,nominal,208,sharmaCertifiedHold,1,,0,1000,2,0.082847281033064,0.0981929834487648,3.47558764225046,0.164177227720788,4.16000723756914,4.13552770845633,41.8655387152788,3.02253975673482,9.10374655188746,3.85227668127266,9.97567137940285,10.6942178774464,36.4645852987722,0.152259656074853,0.143482466308911,2.01812005050432,9.55692095609598,1.93875491503828,6,0.0838976493880598,4.21462623033034,3.10911427706836,3.94199363919027,10.7714044909885,0.872258727350866,1.11803398874989,52.0538168885633,496.511703373425,Inf,0.293423333333333,0.392,0.005,0,0,33.8275916479962
circularFollowing,nominal,208,sharmaCertifiedPredictor,1,,1,1000,2,2.09088537140919e+74,1.90902603414403e+74,2.40359249596234e+76,3.14132507967087e+75,2.63256566372074e+76,2.63256566372074e+76,5.72209519026562e+78,2.63256566372074e+76,3.01453608507718e+77,2.62963546693412e+76,3.01220542859959e+77,103.889851680433,179.870228490563,0.0307424579142311,0.149911213211604,1.90145491752886,9.20036765837471,1.85289130078647,6,2.69752724212432e+74,3.39636868269907e+76,3.39636868269907e+76,3.39258832928286e+76,103.862290422272,0.935058350349128,301557097887.681,39931808247348.1,7.35105169130747e+15,Inf,0.30152,0.392,0.005,0,0,33.8275916479962
circularFollowing,nominal,208,sharmaTunedPredictor,1,,0,1000,2,0.0361906270337421,0.0786426241923408,0.646837765454217,0.0816142987487577,0.570122335344333,0.321416817637705,0.395026966761172,0.250609480804361,0.91360792547589,0.131113239873127,0.402927025099982,0.741007270355648,2.30001382234072,0.0358350981034802,0.198332720635386,1.87891954151074,2.87513449290811,1.95431022809931,6,0.0357208840422071,0.477263794205902,0.244005342610862,0.137201229237067,0.734101368610629,1.46657992921744,1.11803398874989,11.2560188778646,8.97324777803866,Inf,0.291718333333333,0.488,0.005,0,0,33.8275916479962
circularFollowing,nominal,208,sharmaTunedCorrectedPredictor,1,,0,1000,2,0.0361988812119521,0.078650512242011,0.646986014104046,0.0816724531890642,0.570970279886464,0.321470642575567,0.395224709729329,0.250823756801399,0.913785770728857,0.131165553653527,0.403198586525249,0.740328538948487,2.30406205575784,0.0358350981034802,0.198332720635386,1.87891954151074,2.87513449290811,1.95431022809931,6,0.0357271023208714,0.47786682302244,0.244127705345825,0.137312038920532,0.733562125376284,1.46657992921744,1.11803398874989,11.2564608278479,8.97828333043686,Inf,0.293031666666667,0.411,0.005,0,0,33.8275916479962
circularFollowing,nominal,209,structured,1,,0,1000,2,0.0353049002549289,0.0797565536824725,0.426296705507113,0.084183869772046,0.20581833832512,0.206819192532872,0.447971300372918,0.146089083530735,0.400071256034076,0.13888506831423,0.395885845170244,0.541392243998924,1.81435764561587,0.0139236334821979,0.0234004120193304,0.0863692478897546,0.102046084435119,0.00766066701768846,6,0.0341796900290847,0.196932559896328,0.141186659552336,0.132422222224492,0.511692559955813,0.0853074450684617,1.11803398874989,5.48180827552957,10.6195181514813,0.68,2.01485333333333,5.106,0.005,0,0,33.8275916479962
circularFollowing,nominal,209,sharmaMatchedPredictor,1,,0,1000,2,0.0863544738670377,0.126587202756362,2.04475617246258,0.227173417064926,2.43354554057243,2.15655491335737,8.86505414602308,1.51876839687709,4.85986522132655,1.75907128962338,4.88415479516839,5.66202246428465,15.520800222906,0.0418124899069693,0.475970773342418,4.79168477214382,17.6096697202323,4.89370314022259,6,0.0824590015512074,2.22321634834063,1.49228288815965,1.69295143170418,5.15980240175682,3.47104763026842,1.11803398874989,33.8849989983836,105.763854292438,Inf,0.298828333333333,0.782,0.005,0,0,33.8275916479962
circularFollowing,nominal,209,sharmaCertifiedHold,1,,0,1000,2,0.0842662534440403,0.0995032523519937,3.50936492585627,0.183112066896081,4.26535215746062,4.24252614331108,42.9947134840852,3.08523924235926,7.77347804386233,3.95565200556606,8.84234082696279,10.8812460886131,36.3198350067576,0.156474387525629,0.147434545229822,2.05065327379189,7.87576177254592,1.90088728774256,6,0.0837929622236771,4.23292205901564,3.04223588993211,3.96598134305963,11.0518906928076,0.730161900334945,1.11803398874989,47.9062393154214,460.942308853245,Inf,0.292683333333333,0.326,0.005,0,0,33.8275916479962
circularFollowing,nominal,209,sharmaCertifiedPredictor,1,,1,1000,2,2.36279486793159e+74,2.15728560632823e+74,3.17832031316029e+76,3.33937484882568e+75,3.48109629181629e+76,3.48109629181629e+76,8.085539170878e+78,3.48109629181629e+76,4.57510179616782e+77,3.47773975584533e+76,4.57150917392535e+77,103.717826409925,179.963004561233,0.0288905111694827,0.156935528921406,1.9665139775768,7.78849067741963,1.84290071263997,6,3.04832757020119e+74,4.49108889852894e+76,4.49108889852894e+76,4.48675850942936e+76,103.699943950307,0.777202913773893,266742569091.781,32580902463396,4.71429990978094e+15,Inf,0.299246666666667,0.33,0.005,0,0,33.8275916479962
circularFollowing,nominal,209,sharmaTunedPredictor,1,,0,1000,2,0.0355214878725073,0.0779405034772877,0.63682920736066,0.0843752107271804,0.568439745771584,0.329134515383588,0.390161924406917,0.254251193773056,0.67833016902388,0.131992190655354,0.369173980649989,0.769442533591409,2.65600729025767,0.0341387559356434,0.19236367257333,1.89357280974826,2.80961390714366,1.93979906893071,6,0.0344999125024115,0.475782434671034,0.234138822858551,0.124971286788414,0.752020810791217,1.45239366649312,1.11803398874989,11.4068117662799,9.29277664958306,5,0.289935,0.501,0.005,0,0,33.8275916479962
circularFollowing,nominal,209,sharmaTunedCorrectedPredictor,1,,0,1000,2,0.0355215190985294,0.0779432280775207,0.636984451565925,0.0844127125538603,0.569284221589306,0.329160347796754,0.390305677240704,0.25446906163581,0.67865034351609,0.132057911950562,0.369614883257299,0.768603460381875,2.65098588057594,0.0341387559356434,0.19236367257333,1.89357280974826,2.80961390714366,1.93979906893071,6,0.0344977983408042,0.476375353669379,0.234271901239897,0.125088490154901,0.751540833597783,1.45239366649312,1.11803398874989,11.40724304155,9.29959182007279,5,0.28976,0.322,0.005,0,0,33.8275916479962
circularFollowing,nominal,210,structured,1,,0,1000,2,0.0331284371355348,0.0802849658383938,0.426132525512377,0.0808632520239989,0.194216563757227,0.196064618629617,0.425627069971962,0.130760718971618,0.368388302150386,0.130153910588525,0.353583398576935,0.540561782996019,1.9285309474494,0.0132710949614779,0.0237217726951954,0.0872105955826207,0.0994706846041002,0.00709168373310718,6,0.0332077093835533,0.192318945192364,0.131935004124101,0.130205045491745,0.532079631421822,0.0893469507216188,1.11803398874989,5.52721630835303,10.5090355322372,0.76,2.04637166666667,5.665,0.005,0,0,33.8275916479962
circularFollowing,nominal,210,sharmaMatchedPredictor,1,,0,1000,2,0.0782226376481857,0.120027286668092,1.8605601550414,0.185852814604936,2.39183045547548,2.00414359407889,8.21216684706067,1.41601192164689,4.70697460054331,1.60143504165091,4.07955804362799,5.29379526631679,13.8645498638862,0.0481950811230318,0.55128764320807,5.21822484014387,14.9017174042609,5.71939508130302,6,0.0738343904017878,2.20937081857331,1.37934467821753,1.49493728362306,4.77473524264698,4.67766613389733,1.11803398874989,35.3607020001843,110.85566276058,Inf,0.302426666666667,0.798,0.005,0,0,33.8275916479962
circularFollowing,nominal,210,sharmaCertifiedHold,1,,0,1000,2,0.0820770138228863,0.0989533823688887,3.34145964454084,0.165548381320678,4.23735119046663,4.21004215976311,42.7293347083506,2.95805922944769,7.95911741898446,3.9246984721192,9.82314801876205,11.485858805531,39.7068042207609,0.152806127577854,0.12516131531812,1.97887829920751,7.86975535281806,1.90121615588194,6,0.0787872164200847,4.15790958741501,2.95689803535539,3.88828357337533,11.2611211726678,0.641561485967852,1.11803398874989,48.3750642928735,464.404967425428,Inf,0.29536,0.406,0.005,0,0,33.8275916479962
circularFollowing,nominal,210,sharmaCertifiedPredictor,1,,1,1000,2,1.96346821548252e+73,1.79269126458339e+73,2.29487412415222e+75,2.95158588192957e+74,2.51349046560637e+75,2.51349046560637e+75,5.54293987834781e+77,2.51349046560637e+75,2.92911695471591e+76,2.51073948203176e+75,2.92687246584044e+76,104.05603603352,179.259027945665,0.0251131453366755,0.130066832262845,1.83864900661688,7.45667604765365,1.7970101323207,6,2.53314173638301e+73,3.24274544004451e+75,3.24274544004451e+75,3.2391962961093e+75,104.282014606,0.683500282243647,28278977243.6596,3696017393639.03,665385885276982,Inf,0.301135,0.348,0.005,0,0,33.8275916479962
circularFollowing,nominal,210,sharmaTunedPredictor,1,,0,1000,2,0.0335065017631884,0.0784998635605419,0.626927328428596,0.0797775946734313,0.520784955984107,0.304155987793278,0.371778664637162,0.236954314523773,0.589425644339553,0.122817522987657,0.33984112795059,0.703089987807701,2.35790652763109,0.0352346824496775,0.196791258497362,1.70962693829381,2.6399669331688,1.79456075055223,6,0.0335417323299669,0.429114006121183,0.22250818189466,0.12311804278757,0.700491259227124,1.30800412329621,1.11803398874989,11.5281510554441,9.14239636069877,2.94,0.292413333333333,0.512,0.005,0,0,33.8275916479962
circularFollowing,nominal,210,sharmaTunedCorrectedPredictor,1,,0,1000,2,0.0335072304026365,0.078503675597487,0.627071506768389,0.0797371681121263,0.521546997232191,0.304199102388836,0.371811734893103,0.237160035048141,0.589919420608783,0.12284217993175,0.340075833990276,0.702391191559894,2.35431709256183,0.0352346824496775,0.196791258497362,1.70962693829381,2.6399669331688,1.79456075055223,6,0.0335370472376897,0.429653519465947,0.222657234107599,0.123199713148768,0.699934816759495,1.30800412329621,1.11803398874989,11.5285968277844,9.14936558658668,2.94,0.292745,0.339,0.005,0,0,33.8275916479962
circularFollowing,nominal,211,structured,1,,0,1000,2,0.0326680692609692,0.0785567700850862,0.408860614694095,0.0758897550584911,0.194066246367071,0.196078064695908,0.42314715704058,0.136040975644776,0.397483918722685,0.127585604078017,0.345312378583046,0.522341561732667,1.44059800846922,0.0172460814838042,0.023398717109479,0.0881262740085278,0.105879961660894,0.00586011400192497,6,0.0317155290383228,0.185729413524925,0.135261941804363,0.130794617571953,0.480593340488777,0.0874289095995822,1.11803398874989,5.46734087716758,10.3905914241445,0.7,2.06117166666667,5.355,0.005,0,0,33.8275916479962
circularFollowing,nominal,211,sharmaMatchedPredictor,1,,0,1000,2,0.0757787829441054,0.116074287799407,1.88604972069156,0.180544388225295,2.09419767592304,1.89381926584643,7.93086649783287,1.40725398937874,3.73137236900198,1.54664675061137,4.17913542568017,4.67870331887834,15.4796621120985,0.0428451161996207,0.48029306290155,3.82310459776976,14.2296966444871,4.10303933720383,6,0.0738130385627941,2.12894394897882,1.41549385984279,1.52236464302465,4.54097583861293,4.09746898266559,1.11803398874989,34.5979336067666,108.348524821573,Inf,0.302233333333333,0.777,0.005,0,0,33.8275916479962
circularFollowing,nominal,211,sharmaCertifiedHold,1,,0,1000,2,0.0827933699388734,0.0973361549577263,3.47701785572071,0.159395938516774,4.35885681712348,4.33319906014912,43.9812010961967,3.01520740163399,8.77038076570791,4.04210286474015,8.86623096262917,11.7300024491836,34.471621859109,0.154830569417507,0.138120486174903,1.87011692272116,7.86310990825331,1.80525892834098,6,0.0821743595718858,4.32157311229594,2.926892555845,4.05030695344301,11.9492846610308,0.7040578322346,1.11803398874989,53.1242461100064,506.163048012959,Inf,0.29355,0.379,0.005,0,0,33.8275916479962
circularFollowing,nominal,211,sharmaCertifiedPredictor,1,,1,1000,2,2.74078216793157e+74,2.50239663256754e+74,3.65133187556552e+76,3.89909855796872e+75,3.99916830270112e+76,3.99916830270112e+76,9.25643645751396e+78,3.99916830270112e+76,5.21815322620184e+77,3.99531928855047e+76,5.21410976868176e+77,103.71650223251,179.528228474747,0.0303102346391542,0.145808355268441,1.74023157774161,7.41241985304163,1.71462478118416,6,3.5359827295272e+74,5.15947243683935e+76,5.15947243683935e+76,5.15450668373367e+76,103.723064057053,0.747736133563632,310492044116.268,37982780306616.6,5.38267135309522e+15,Inf,0.29897,0.337,0.005,0,0,33.8275916479962
circularFollowing,nominal,211,sharmaTunedPredictor,1,,0,1000,2,0.0329734950098116,0.0769068065373389,0.618746657513746,0.0761990579558354,0.521138537262216,0.309591556228289,0.367377711231366,0.232092734303259,0.55552150693098,0.12218006097672,0.32434407236617,0.754161354561681,2.43766205056183,0.0353764574962205,0.191603418104081,1.7069536978292,2.55986185116687,1.79441361696963,6,0.032180160025145,0.438533023737965,0.215352962788113,0.124425707013043,0.776751663862713,1.314195821777,1.11803398874989,11.3765007432452,9.0374343150936,4.84,0.291665,0.494,0.005,0,0,33.8275916479962
circularFollowing,nominal,211,sharmaTunedCorrectedPredictor,1,,0,1000,2,0.0329726500427132,0.0769102561385976,0.61888700132648,0.0761427564621023,0.521897033858017,0.309612369622614,0.367348234905401,0.23228012336475,0.555939559980796,0.12222294007642,0.324376183375528,0.753484548934368,2.43379112364348,0.0353764574962205,0.191603418104081,1.7069536978292,2.55986185116687,1.79441361696963,6,0.0321788477917404,0.439072969765757,0.215479087648825,0.124495694162135,0.776277212735134,1.314195821777,1.11803398874989,11.3769338603787,9.0443734740726,4.84,0.289866666666667,0.343,0.005,0,0,33.8275916479962
circularFollowing,nominal,212,structured,1,,0,1000,2,0.0337212864788077,0.0793616478485464,0.43062269514966,0.0825709231826475,0.194324374267789,0.195909054564482,0.420967808392275,0.147278429243813,0.429417196905044,0.143603706004377,0.448043396538967,0.477421971645695,1.43843388815112,0.0169786170998136,0.0227093084791215,0.0854120098527985,0.105234484786101,0.00504942881698158,6,0.0327860491752221,0.191293100464158,0.136162940673167,0.131164733039091,0.508079376035828,0.0853728988531477,1.11803398874989,5.56714215814815,10.7817957533126,0.7,2.044535,5.102,0.005,0,0,33.8275916479962
circularFollowing,nominal,212,sharmaMatchedPredictor,1,,0,1000,2,0.0754489703049885,0.120160045028032,1.90368522602066,0.17778275889143,2.1904639037607,1.90615322874113,7.8506691636354,1.35533856066318,4.33716458158972,1.53585986220868,4.10660098108605,4.96118449047747,16.3836013235002,0.0439698080227216,0.507056553047773,4.34083288950767,13.0962291235891,4.63810288507403,6,0.0799994612500906,2.36695518114673,1.48213862118406,1.66839573966644,5.33125379579214,4.37140940560527,1.11803398874989,35.1493039629997,106.923177021496,Inf,0.302488333333333,0.797,0.005,0,0,33.8275916479962
circularFollowing,nominal,212,sharmaCertifiedHold,1,,0,1000,2,0.0843865928035543,0.100320462066325,3.50700699017105,0.174110095489313,4.37565643161656,4.35254773554383,44.0587003955591,3.06265773066427,8.06731678426875,4.06478449857406,10.3195401088553,11.6929883449361,40.7068916914023,0.156628823925296,0.145904778337387,1.90758235505859,7.77612493954765,1.8749202665251,6,0.0856354773503407,4.40624603993198,3.19903347537033,4.13134720066216,11.4728029626411,0.81547511499306,1.11803398874989,48.9585102018348,469.733515823208,Inf,0.295455,0.368,0.005,0,0,33.8275916479962
circularFollowing,nominal,212,sharmaCertifiedPredictor,1,,1,1000,2,2.1973677797809e+73,2.00624690169591e+73,2.57291670539354e+75,3.63274450727116e+74,2.81802018670418e+75,2.81802018670418e+75,5.18634092468422e+77,2.81802018670418e+75,4.83240134953001e+76,2.81481938341662e+75,4.82695433922225e+76,103.668942474204,179.004105017256,0.0327426174123997,0.15565352515472,1.80456357934891,7.37045414086001,1.81251654768207,6,2.83490406885877e+73,3.63563030591556e+75,3.63563030591556e+75,3.63150083321326e+75,103.505841724769,0.868840605750531,24586289144.7783,3718623799301.33,956811292985378,Inf,0.303466666666667,0.39,0.005,0,0,33.8275916479962
circularFollowing,nominal,212,sharmaTunedPredictor,1,,0,1000,2,0.0340158445733612,0.0775280360132377,0.653498541946984,0.0814788436319462,0.558391295199601,0.315055235121782,0.36690497032872,0.258312672048749,0.757677829995718,0.137691274436768,0.409553080285396,0.663835746383929,1.88737356154027,0.0351669697108493,0.192416283939002,1.85622052210536,2.80970865378502,1.9224821966035,6,0.0331731615633571,0.465876442883326,0.239121848128365,0.125484029022141,0.663671493870634,1.43231613380962,1.11803398874989,11.5333460851641,9.40752030437955,6.32,0.293923333333333,0.498,0.005,0,0,33.8275916479962
circularFollowing,nominal,212,sharmaTunedCorrectedPredictor,1,,0,1000,2,0.0340093866704733,0.0775292088219316,0.653636586617286,0.0814965890945598,0.559246451197716,0.315094796257296,0.367023251178694,0.258510679546397,0.757853734822351,0.137698207993577,0.409630133755733,0.663042425953789,1.88504765497215,0.0351669697108493,0.192416283939002,1.85622052210536,2.80970865378502,1.9224821966035,6,0.0331722877438151,0.46647982744254,0.239253793678037,0.125524461406554,0.663217115649444,1.43231613380962,1.11803398874989,11.5337648031197,9.41466832421591,6.32,0.292291666666667,0.379,0.005,0,0,33.8275916479962
circularFollowing,nominal,213,structured,1,,0,1000,2,0.0354897181437427,0.0789100032962371,0.414808990335288,0.0785405026675817,0.205330032758989,0.206721465181525,0.447172810170558,0.143275943134675,0.3907928295634,0.13918387378309,0.4348137560217,0.55075849055676,1.56371349132059,0.0134235405833746,0.0223779200890425,0.0866768442391707,0.102469759590207,0.0071378357603834,6,0.034482866627398,0.19982177506872,0.141025859587682,0.139148449322274,0.532229643850806,0.086288211417768,1.11803398874989,5.35440348767766,10.4090991383331,0.72,2.04132833333333,5.215,0.005,0,0,33.8275916479962
circularFollowing,nominal,213,sharmaMatchedPredictor,1,,0,1000,2,0.0702702353707358,0.117001499593195,1.90398458535952,0.164343282579324,2.16410569634901,1.78093098033942,7.2210087517401,1.26284385011954,3.85778933118733,1.38494379081033,3.83533678788513,4.65804688523431,15.6516801441823,0.0470326599384529,0.534162087722118,4.94236323088501,13.4756358101521,5.29692101728141,6,0.0678246885572658,2.09722497939554,1.1749503538805,1.36377456452135,4.63312202677333,4.68857065027688,1.11803398874989,34.2307808505628,107.106339402236,Inf,0.303908333333333,0.809,0.005,0,0,33.8275916479962
circularFollowing,nominal,213,sharmaCertifiedHold,1,,0,1000,2,0.085115722349839,0.0998315522944049,3.58192522019714,0.168544281735789,4.4406760644609,4.41242760296831,44.7370068826773,3.16826263693681,8.58236048217916,4.12307949348004,9.28001309837734,11.6313074001812,32.9372676254396,0.155447770629263,0.144945967039743,2.17986550921376,8.40329797392083,2.05547028306368,6,0.0849136948603626,4.44669801745938,3.21090987418682,4.17660199085229,11.611639584332,0.720819725300686,1.11803398874989,51.2201938328006,489.325046725209,Inf,0.298173333333333,0.425,0.005,0,0,33.8275916479962
circularFollowing,nominal,213,sharmaCertifiedPredictor,1,,1,1000,2,3.37133125351995e+74,3.07810232961522e+74,3.84953658719434e+76,5.05777697510422e+75,4.2162545679887e+76,4.2162545679887e+76,9.09597646109658e+78,4.2162545679887e+76,4.77785422974192e+77,4.21157063957834e+76,4.77416770508544e+77,103.823896607176,179.934448263153,0.0287273153483545,0.155536110415143,2.10020106817486,8.31905342155986,2.00615322629052,6,4.34947703157249e+74,5.43954332093072e+76,5.43954332093072e+76,5.43350041458115e+76,104.031965908318,0.738583305503121,488380619415.002,65155062814604.8,1.21441517646246e+16,Inf,0.300586666666667,0.385,0.005,0,0,33.8275916479962
circularFollowing,nominal,213,sharmaTunedPredictor,1,,0,1000,2,0.0356989447507578,0.0772388668514024,0.634855994578927,0.0782339415748059,0.536067413684536,0.311646749612608,0.386752583037672,0.239947524497014,0.778786206965393,0.133717736715416,0.377019897209231,0.731685683516268,2.31706960270203,0.0350208535486615,0.196423431235795,1.75897842906857,2.73141091086665,1.82539809759642,6,0.0347169371060497,0.442698842085818,0.203241676239866,0.133110494567141,0.768253287749552,1.36948752164455,1.11803398874989,11.1813839732892,9.07019641127267,2.46,0.292286666666667,0.509,0.005,0,0,33.8275916479962
circularFollowing,nominal,213,sharmaTunedCorrectedPredictor,1,,0,1000,2,0.0356986380531864,0.0772431166742557,0.634994063555553,0.0782811909712178,0.536857077336697,0.3116714520287,0.386851902640745,0.240127502399443,0.779307442456183,0.133749602299627,0.377501100900258,0.731025525009796,2.31521902187398,0.0350208535486615,0.196423431235795,1.75897842906857,2.73141091086665,1.82539809759642,6,0.0347192421542611,0.443261423193349,0.203374768845949,0.1331970033906,0.767801930068024,1.36948752164455,1.11803398874989,11.1816368685785,9.07691392793747,2.46,0.292096666666667,0.329,0.005,0,0,33.8275916479962
circularFollowing,nominal,214,structured,1,,0,1000,2,0.0330640519500028,0.0803464136935262,0.437726801081936,0.0823018776998909,0.19363699833522,0.194787781493636,0.422818533164864,0.141620994379298,0.396509241959462,0.140870264809749,0.386611289603614,0.494298259021995,1.5396177268202,0.0138819862297804,0.0229781066020629,0.0865163915583628,0.101304954730365,0.00511681269832484,6,0.0321448447413489,0.191070419689256,0.138964478493475,0.138524109775797,0.490829469248875,0.0858276242020954,1.11803398874989,5.41099716302276,10.4562525780223,0.66,2.05043333333333,5.192,0.005,0,0,33.8275916479962
circularFollowing,nominal,214,sharmaMatchedPredictor,1,,0,1000,2,0.0767068643844137,0.118639975059517,1.82281271789704,0.185806480287164,2.17745927390581,1.93574712572842,7.94385527282068,1.35021653099809,4.09835940907658,1.55160747064559,3.68805892150794,5.1621575179193,15.681582627698,0.0443879324575059,0.510389030533958,4.11972956774508,12.6553596219079,4.33006322059486,6,0.0795312396857693,2.1777677720178,1.430135055438,1.6478268457695,5.15055096193176,3.67076844982149,1.11803398874989,34.3334889994709,107.492720586813,12,0.301816666666667,0.804,0.005,0,0,33.8275916479962
circularFollowing,nominal,214,sharmaCertifiedHold,1,,0,1000,2,0.0847938549378574,0.100253515702197,3.46982172415173,0.167334080339778,4.37621955926537,4.34597759442421,44.3196304739958,2.95493473537046,9.75087043223579,4.06086925252124,10.5909764076358,11.9974647704375,32.3176932023255,0.153953857742511,0.145109030781165,2.08492658424022,9.28091761014282,2.02422999304504,6,0.0861130510437652,4.44477475631525,3.05566863357502,4.18059674635933,12.246343728284,0.66814777426849,1.11803398874989,51.0232094535588,487.091519025355,Inf,0.292011666666667,0.333,0.005,0,0,33.8275916479962
circularFollowing,nominal,214,sharmaCertifiedPredictor,1,,1,1000,2,3.77714323427608e+74,3.4486179240253e+74,5.23624175351897e+76,5.22211655693917e+75,5.73506127615691e+76,5.73506127615691e+76,1.34624544773191e+79,5.73506127615691e+76,7.68981588034394e+77,5.72972610362955e+76,7.68376782761508e+77,103.997861595993,179.896796889274,0.0310649436483072,0.15476629365897,1.99428114157421,8.85510333567519,1.96435833562985,6,4.87302982324577e+74,7.39901107886124e+76,7.39901107886124e+76,7.39212797879713e+76,103.926790634481,0.691880399457221,425565545473.863,51541401669367.6,7.9597352837612e+15,Inf,0.300818333333333,0.337,0.005,0,0,33.8275916479962
circularFollowing,nominal,214,sharmaTunedPredictor,1,,0,1000,2,0.033545585126027,0.0784684706963085,0.667416731130761,0.0837106700493926,0.61829696805714,0.323633786801068,0.370546273676551,0.267087979210197,0.809243891818543,0.132798658840082,0.366735717501863,0.672029449999802,2.00336443970909,0.0352811855380138,0.195161409252261,2.09902669212649,3.3049065396004,2.16857395519743,6,0.0326120998699211,0.506175092097836,0.252449985452211,0.130166640190782,0.655232263654571,1.62909789911738,1.11803398874989,11.3698622685603,9.04744041844721,5.4,0.290905,0.51,0.005,0,0,33.8275916479962
circularFollowing,nominal,214,sharmaTunedCorrectedPredictor,1,,0,1000,2,0.0335501420648195,0.0784750992520314,0.667575260206639,0.0836581688997532,0.619280957807677,0.323698435967215,0.370737324451924,0.267335951477001,0.809851880330417,0.132867981052358,0.367111460477566,0.671112949091175,1.99914104700449,0.0352811855380138,0.195161409252261,2.09902669212649,3.3049065396004,2.16857395519743,6,0.0326155833498784,0.506891443743729,0.252625029592318,0.130282653445675,0.654520391284083,1.62909789911738,1.11803398874989,11.3703115462853,9.05467863417294,5.4,0.289706666666667,0.384,0.005,0,0,33.8275916479962
circularFollowing,nominal,215,structured,1,,0,1000,2,0.0347910558423217,0.081598537035239,0.435813189136724,0.0738026388342957,0.206675752477022,0.208442148613438,0.450014933491251,0.159124492752508,0.37313794704273,0.149478921418857,0.383149227626249,0.497714861075552,1.53629842643778,0.0171793785835531,0.0225826001632845,0.0867562270381578,0.0981508220823518,0.00477820310794444,6,0.0350564565786677,0.20654517857736,0.161277821632565,0.146559286315979,0.487369101297834,0.0891273519038447,1.11803398874989,5.60972438166002,10.4088946298072,0.72,2.03037833333333,5.094,0.005,0,0,33.8275916479962
circularFollowing,nominal,215,sharmaMatchedPredictor,1,,0,1000,2,0.0753125375251794,0.11527291018331,1.84431201335503,0.216888152434037,2.19357265138011,1.97242723346641,7.79841604079096,1.38742431446718,5.0512442571625,1.51750261965433,4.50236991929615,5.20467059456429,15.9334949394185,0.048329490144804,0.532637923835958,4.30782912059811,15.6394914404418,4.70257461941743,6,0.0732012877304571,2.23634894485739,1.31159405453333,1.47957093658375,5.41133626664849,4.92540559622562,1.11803398874989,33.470214206853,101.112009621726,11.96,0.300773333333333,0.8,0.005,0,0,33.8275916479962
circularFollowing,nominal,215,sharmaCertifiedHold,1,,0,1000,2,0.0833656741648997,0.099052280076774,3.41451318591015,0.184637942486931,4.28437289742486,4.26354114227759,43.3354436312383,2.96776133829446,8.93180889866742,3.97421512866291,9.09881905893939,11.4385586888555,37.0341577310423,0.15554636633952,0.141676390520201,1.84426696398279,8.29246580633554,1.82799819010998,6,0.0834677694594791,4.24176921966983,3.01085776150223,3.96720192597764,11.0781768887376,0.820286025721791,1.11803398874989,47.7071230027317,458.936779122975,Inf,0.292068333333333,0.328,0.005,0,0,33.8275916479962
circularFollowing,nominal,215,sharmaCertifiedPredictor,1,,1,1000,2,3.47059096764734e+74,3.16872871258291e+74,3.86292650693692e+76,4.79355249813628e+75,4.230920050184e+76,4.230920050184e+76,8.14551371163145e+78,4.230920050184e+76,5.47026578615001e+77,4.22612730012817e+76,5.46372371475064e+77,103.988410073601,179.4920988294,0.030048010326299,0.146832010396539,1.69906397752668,7.78093715283727,1.72181009470383,6,4.47753559784561e+74,5.45846379274695e+76,5.45846379274695e+76,5.45228049163581e+76,103.953679671098,0.864235941102023,515152182489.554,86813367212912.5,2.10397324367388e+16,Inf,0.299635,0.33,0.005,0,0,33.8275916479962
circularFollowing,nominal,215,sharmaTunedPredictor,1,,0,1000,2,0.0349758974712329,0.0797145128068458,0.644976113396436,0.0735036759625004,0.564089634674073,0.316031034645507,0.388047509993678,0.244584877948045,0.662868562615991,0.14277990441174,0.360414814508817,0.736689534876929,1.91094237298786,0.0378623151689977,0.20693265069427,1.89279889470589,2.89595132996025,1.99269206429734,6,0.0352054962976551,0.46335737741068,0.221064347886501,0.140620039689987,0.746571881900172,1.45288703558976,1.11803398874989,11.6583658077796,9.09887110326827,8.4,0.291173333333333,0.498,0.005,0,0,33.8275916479962
circularFollowing,nominal,215,sharmaTunedCorrectedPredictor,1,,0,1000,2,0.0349727488831132,0.0797173215600866,0.645125138741861,0.073480439539163,0.564949613488373,0.316056151620347,0.388169376555376,0.244809080196522,0.663192694127822,0.142856381372114,0.360687758356169,0.735810836072498,1.9145779650759,0.0378623151689977,0.20693265069427,1.89279889470589,2.89595132996025,1.99269206429734,6,0.0352029277597221,0.463945066290676,0.22120836671237,0.140719508608765,0.745965624085451,1.45288703558976,1.11803398874989,11.6588110256449,9.10615980864507,8.4,0.292838333333333,0.46,0.005,0,0,33.8275916479962
circularFollowing,nominal,216,structured,1,,0,1000,2,0.0361936510330466,0.0810074125886601,0.420650318986333,0.0823491853738419,0.204121238455255,0.205587106807728,0.446201328147947,0.14348186992459,0.493853539492537,0.140509816495802,0.44673044914461,0.544441068346613,1.54473044522817,0.010678201159919,0.02306560610964,0.0858273225196558,0.0985096846069669,0.00635687439818686,6,0.0365958757535924,0.206468124465585,0.152107964360176,0.14385763661825,0.526114085147458,0.0868086712541463,1.11803398874989,5.36872673603591,10.2899065349512,0.74,2.03653666666667,5.108,0.005,0,0,33.8275916479962
circularFollowing,nominal,216,sharmaMatchedPredictor,1,,0,1000,2,0.0825569267241993,0.120016721791227,1.97035836308908,0.210095704481564,2.26833988493387,2.01877511790928,8.39358476660463,1.4289053768955,5.15310507900211,1.65287179010143,4.9397566231171,5.29202789956824,14.389046151169,0.0442400128096978,0.519658211196357,3.9876010027752,13.8331142549505,4.08432703140544,6,0.0854106499835033,2.26301150298189,1.47992480752605,1.71351655871187,5.20802826380272,3.83975694999596,1.11803398874989,35.0034053021074,110.046857678229,Inf,0.302286666666667,0.796,0.005,0,0,33.8275916479962
circularFollowing,nominal,216,sharmaCertifiedHold,1,,0,1000,2,0.084427123104915,0.100517763691583,3.50362592300024,0.169705059099864,4.2977459394672,4.28258040990036,43.4318281488557,3.05283934682404,9.02605948923544,3.99937461114457,9.6539330058712,11.2511302702623,32.4877884040762,0.155179715149624,0.117128843041364,1.73820160737143,6.91466362909623,1.64037424995417,6,0.0841780609220899,4.22904716557564,3.09069712526137,3.96763649776775,10.8245193264653,0.543667900371501,1.11803398874989,49.6294801045209,475.203843455637,Inf,0.294511666666667,0.335,0.005,0,0,33.8275916479962
circularFollowing,nominal,216,sharmaCertifiedPredictor,1,,1,1000,2,5.23211294918799e+73,4.77703845947815e+73,5.89353268733998e+75,8.38743527757467e+74,6.45496764396213e+75,6.45496764396213e+75,1.13909116151197e+78,6.45496764396213e+75,1.04580675866208e+77,6.44752557344981e+75,1.04458492002675e+77,104.064766375742,179.841547375953,0.0243633134641565,0.119066330888259,1.56590116392769,6.23649199414642,1.49748938701056,6,6.750139155067e+73,8.32778845972002e+75,8.32778845972002e+75,8.31818717395883e+75,103.787475806384,0.566530484766725,59671113286.0406,10027108879908,2.51851489213084e+15,Inf,0.301716666666667,0.327,0.005,0,0,33.8275916479962
circularFollowing,nominal,216,sharmaTunedPredictor,1,,0,1000,2,0.036529728560366,0.07929038848805,0.633614679658951,0.0823636773829149,0.615560289443034,0.330608916174647,0.38716057346563,0.255088490491662,0.760509876838398,0.133648893990898,0.430621802180996,0.773071270120858,2.16279209952751,0.0345489924470876,0.193038461624361,2.08396882363596,3.00685934783675,2.15795145324611,6,0.0369726415878638,0.508007733444879,0.23218717977307,0.135628722657463,0.712492182119744,1.65422663048255,1.11803398874989,11.2390968082546,8.9046386868815,4.82,0.292718333333333,0.481,0.005,0,0,33.8275916479962
circularFollowing,nominal,216,sharmaTunedCorrectedPredictor,1,,0,1000,2,0.036532133104148,0.0792994683632064,0.633782663253525,0.0824116357892688,0.61651584777846,0.33065971905511,0.387118618287339,0.255339901022049,0.760967788593906,0.133666690604242,0.4303047466064,0.772241409086714,2.15786621352145,0.0345489924470876,0.193038461624361,2.08396882363596,3.00685934783675,2.15795145324611,6,0.036971715698249,0.508733449518456,0.232358000234442,0.135722836900447,0.711896303498284,1.65422663048255,1.11803398874989,11.2393525021444,8.91148222590494,4.82,0.292571666666667,0.373,0.005,0,0,33.8275916479962
circularFollowing,nominal,217,structured,1,,0,1000,2,0.0345286177658963,0.0803855973690838,0.434266168325559,0.0832052759030124,0.203283209497201,0.204909166706155,0.442374971076645,0.151253190849019,0.512137033185734,0.137964916377606,0.4865410594929,0.511792577409355,1.89403268347764,0.0144908395485364,0.0227784670759775,0.0870597503229204,0.103005173305212,0.00721949730921546,6,0.0335842341137228,0.19901251440678,0.155740010864627,0.139684218046562,0.466006986245641,0.0852990985774002,1.11803398874989,5.45613371125983,10.5812558897397,0.84,2.03841666666667,5.135,0.005,0,0,33.8275916479962
circularFollowing,nominal,217,sharmaMatchedPredictor,1,,0,1000,2,0.071586141941119,0.118823730143788,1.8846807663796,0.176849987494154,2.1395298278827,1.85370881199157,7.48085292392074,1.33182098319,3.80609891293225,1.44654448402173,4.21010062123686,4.73622867460341,13.8116201376654,0.0459112819002809,0.538042449808651,4.62946197607261,14.4042497266147,4.56922681502688,6,0.0736788769811283,2.20929255319983,1.33872533423136,1.50468747301475,4.93208387411352,4.8409401681892,1.11803398874989,34.8652897366218,108.934016520559,Inf,0.300268333333333,0.798,0.005,0,0,33.8275916479962
circularFollowing,nominal,217,sharmaCertifiedHold,1,,0,1000,2,0.0873608447958695,0.101169348878281,3.52477468994168,0.181883663410367,4.51366451291768,4.49337349547568,45.7347195544137,3.16245824302128,8.36424609858309,4.20436695234483,8.6133613141096,12.0190577792539,36.2419227814554,0.154089757563376,0.141929703630495,2.04663608829131,8.60763217745465,1.9105624459339,6,0.0873276636620687,4.46028108391674,3.10277921440925,4.19047290915971,12.0271745296259,0.761333303661678,1.11803398874989,47.6377023156687,458.256594133488,Inf,0.293421666666666,0.347,0.005,0,0,33.8275916479962
circularFollowing,nominal,217,sharmaCertifiedPredictor,1,,1,1000,2,3.24063327842328e+74,2.95877209732166e+74,3.7006125013288e+76,4.86178585599301e+75,4.05314354329994e+76,4.05314354329994e+76,8.74497432711345e+78,4.05314354329994e+76,4.59363592266164e+77,4.04861425718943e+76,4.59003687913276e+77,103.881750468696,179.504508497008,0.0282500295406306,0.1498810111577,1.94457031241681,8.39942130656302,1.82955077059901,6,4.18085882172957e+74,5.22910785727247e+76,5.22910785727247e+76,5.22326446057672e+76,103.669497914567,0.809788247037279,469323831812.455,62595177995831.3,1.16611361221206e+16,Inf,0.299916666666666,0.342,0.005,0,0,33.8275916479962
circularFollowing,nominal,217,sharmaTunedPredictor,1,,0,1000,2,0.0348020258392189,0.0787517472383382,0.654493552515669,0.0833145472187244,0.543974890542195,0.324917844923067,0.385001707886118,0.25056119213647,0.997762283168413,0.131514996560757,0.467113379744963,0.76189469305118,2.24271992565403,0.0360747580982249,0.203926696962022,1.76516775457165,2.58323988650362,1.84419308540636,6,0.0339875970896954,0.476289209580098,0.250697345659069,0.133255977083304,0.743649978294253,1.41192999841997,1.11803398874989,11.2986035521051,9.21010457468103,10.94,0.291895,0.505,0.005,0,0,33.8275916479962
circularFollowing,nominal,217,sharmaTunedCorrectedPredictor,1,,0,1000,2,0.034801619040819,0.0787575899841187,0.654628693003503,0.0832346219787122,0.544743848350741,0.324940492341007,0.38504310838441,0.250735099221657,0.997945236199019,0.131556944430589,0.467347533367165,0.761248420368536,2.2383352275383,0.0360747580982249,0.203926696962022,1.76516775457165,2.58323988650362,1.84419308540636,6,0.033983252721227,0.47686132103857,0.250817652839802,0.133334739355996,0.743265151718952,1.41192999841997,1.11803398874989,11.299035867764,9.21719814067571,10.94,0.289181666666667,0.323,0.005,0,0,33.8275916479962
circularFollowing,nominal,218,structured,1,,0,1000,2,0.0369225528883643,0.0813986425358947,0.441613461631078,0.080614530338044,0.216850767519279,0.218033529498275,0.472977133864952,0.162917078514834,0.432978330366982,0.155634661952996,0.409737866077701,0.535940224451263,1.71472345136714,0.0169131332499194,0.0225401167978962,0.0836043423563576,0.0969876238295308,0.00822199434719932,6,0.0353403172666446,0.207740838057367,0.153895864768642,0.145315460258769,0.52476113004683,0.0851786138656629,1.11803398874989,5.67093454848421,11.0963493882396,0.76,2.03062166666667,5.131,0.005,0,0,33.8275916479962
circularFollowing,nominal,218,sharmaMatchedPredictor,1,,0,1000,2,0.0813344611759153,0.133157538939394,2.09210330879553,0.207083685664444,2.14106771586108,1.97611921162195,8.27679645359835,1.46666185674928,4.68539914058319,1.63230617608296,4.48612304221622,4.89707500374864,16.926295098307,0.0402687515479915,0.451327839360659,3.65157465914264,15.9128820492056,3.74560337387559,6,0.0780092921677902,2.04844350697427,1.41337917911534,1.59704583185808,4.84716907828769,3.10190694588847,1.11803398874989,35.914754865484,111.166808974189,Inf,0.301233333333333,0.781,0.005,0,0,33.8275916479962
circularFollowing,nominal,218,sharmaCertifiedHold,1,,0,1000,2,0.0864830239257445,0.101302321952208,3.45192727907031,0.189656166397412,4.41020378574807,4.38407231504055,44.5136240198408,3.10691275367128,10.5882123279304,4.09463333155875,10.6605924302533,11.7226670688446,38.4354396948817,0.154383825274577,0.140062921968781,2.06492580726912,8.14214831461932,1.99121631887764,6,0.0861887087857112,4.43719746164929,3.10597573993919,4.1666265605305,12.0229923125635,0.585024395144056,1.11803398874989,47.5478487864968,457.754991504222,Inf,0.292768333333333,0.329,0.005,0,0,33.8275916479962
circularFollowing,nominal,218,sharmaCertifiedPredictor,1,,1,1000,2,3.87015379564178e+71,3.5335386879875e+71,4.72362652988866e+73,6.44529742100891e+72,5.17361284482065e+73,5.17361284482065e+73,1.00705084179603e+76,5.17361284482065e+73,9.20234280671026e+74,5.17918794941022e+73,9.21186411383958e+74,103.860620470148,179.645022250204,0.0305633976488644,0.146960785850867,1.9451971076784,7.76141820524087,1.91488977826187,6,4.9930261303222e+71,6.67466604336234e+73,6.67466604336234e+73,6.68185868850382e+73,103.60948352376,0.62602719327941,158367291.454037,19722088641.5177,5004088732005.55,Inf,0.299616666666667,0.332,0.005,0,0,33.8275916479962
circularFollowing,nominal,218,sharmaTunedPredictor,1,,0,1000,2,0.0369692468142714,0.0796718724727181,0.65131827483806,0.0794278610876636,0.640047237305379,0.338796078256422,0.408371272329744,0.2749517537905,0.739714610262816,0.147238608766099,0.374764179556643,0.727637763434235,2.43638982749878,0.0344554792035823,0.189475465532714,2.18899453593285,3.36191095313142,2.25728650743732,6,0.0354334037100891,0.520387870367868,0.241879676340879,0.136904072685578,0.677217752771246,1.70691740418791,1.11803398874989,11.5740875952786,9.68551505124453,6.02,0.289953333333333,0.494,0.005,0,0,33.8275916479962
circularFollowing,nominal,218,sharmaTunedCorrectedPredictor,1,,0,1000,2,0.036967104466948,0.0796755321095752,0.651489835088869,0.0794520133355776,0.641069274083245,0.338856200443861,0.408353271151234,0.275226616414834,0.740320017681015,0.147324623961626,0.37540133896434,0.726602386491945,2.43096578712296,0.0344554792035823,0.189475465532714,2.18899453593285,3.36191095313142,2.25728650743732,6,0.0354333233697141,0.521170113750249,0.242091952606402,0.137068199803151,0.6765110387576,1.70691740418791,1.11803398874989,11.5745240369452,9.69243826595543,6.02,0.291045,0.375,0.005,0,0,33.8275916479962
circularFollowing,nominal,219,structured,1,,0,1000,2,0.032714989123056,0.0796066396766669,0.408394860369312,0.0747312491839124,0.192044469601075,0.193614718519057,0.418777056411556,0.132523536613769,0.343071796809932,0.12589672025336,0.332280175275804,0.522248317571104,1.54922230643869,0.0139436103325683,0.0234633448526441,0.0871323448435334,0.100113702505812,0.00518478793578008,6,0.0335856191804493,0.19477406387696,0.125738076326529,0.122856419391169,0.559308868089385,0.0874399283424016,1.11803398874989,5.63329309943336,10.6037652461234,0.76,2.03460666666667,5.478,0.005,0,0,33.8275916479962
circularFollowing,nominal,219,sharmaMatchedPredictor,1,,0,1000,2,0.0769076903667661,0.12216610148862,1.90869343674524,0.197923408001947,2.26255491265052,1.92093829898159,8.01967609256617,1.49963608691008,4.43603836390634,1.57493791587664,4.15216044241382,4.46287575585872,13.215180857075,0.0470088777715598,0.531441971684264,4.4943621589577,11.2555984509863,4.90390707564784,6,0.0795875602893603,2.40160785480786,1.48105643568725,1.64830894944931,4.8155881626354,5.08846994741373,1.11803398874989,34.7778801220009,106.937167960057,Inf,0.300383333333333,0.807,0.005,0,0,33.8275916479962
circularFollowing,nominal,219,sharmaCertifiedHold,1,,0,1000,2,0.087765223924888,0.101940883753385,3.6040924342923,0.175794902222612,4.58886081586676,4.55595017789864,46.2428703497861,3.19777683376235,8.17358021602049,4.26766854974458,9.89116257357977,12.1237688683113,32.6025030327558,0.156353188524773,0.158974027500413,2.17815966378884,8.49185756914977,2.11646168782481,6,0.0881572849088436,4.58296049504541,3.29410827139351,4.30718958862753,11.8947724201684,1.12946904947682,1.11803398874989,53.5668664596515,509.740084191288,Inf,0.291266666666667,0.321,0.005,0,0,33.8275916479962
circularFollowing,nominal,219,sharmaCertifiedPredictor,1,,1,1000,2,3.53274989058513e+74,3.22548122697954e+74,4.08447614627144e+76,5.31073498530225e+75,4.4735751484594e+76,4.4735751484594e+76,9.77790476238698e+78,4.4735751484594e+76,5.15990682200432e+77,4.46866196584512e+76,5.15594232095528e+77,103.971715009169,179.535384721193,0.0340379855670121,0.169613501157318,2.11454883120601,8.37503314196178,2.08315614530493,6,4.55772908442244e+74,5.77152195795716e+76,5.77152195795716e+76,5.76518328242346e+76,104.10813269762,1.20560836733534,508591843988.399,67002303704596.6,1.22278288157685e+16,Inf,0.298458333333333,0.328,0.005,0,0,33.8275916479962
circularFollowing,nominal,219,sharmaTunedPredictor,1,,0,1000,2,0.0330379342858476,0.0778062104512517,0.627185472669107,0.0740418308987104,0.51174597504172,0.30868341630074,0.364966294815999,0.233110504831278,0.637791519400768,0.119770952880245,0.341809122717892,0.745212286905098,2.09410435000797,0.0369361175143369,0.203516136935545,1.64899049695119,2.53603544241456,1.73875501237023,6,0.033949916356704,0.438148366817307,0.226948209477751,0.115938122232159,0.788673368116244,1.28846826947913,1.11803398874989,11.4693075604271,9.32016157554757,6.86,0.29342,0.491,0.005,0,0,33.8275916479962
circularFollowing,nominal,219,sharmaTunedCorrectedPredictor,1,,0,1000,2,0.0330371109855051,0.0778097224850403,0.627337580438864,0.074011005850799,0.512468149292304,0.308699966577354,0.364847189986471,0.233282912186609,0.638030867795401,0.119827540615215,0.342443058695958,0.744563742044719,2.09251592801292,0.0369361175143369,0.203516136935545,1.64899049695119,2.53603544241456,1.73875501237023,6,0.0339463703470578,0.438634073526196,0.22707203765681,0.115998578997848,0.788140393588627,1.28846826947913,1.11803398874989,11.4697615037725,9.32779619310991,6.86,0.291088333333333,0.333,0.005,0,0,33.8275916479962
circularFollowing,nominal,220,structured,1,,0,1000,2,0.0347720466275989,0.0800166852799603,0.419233611893715,0.0698025336153958,0.19764997416797,0.198788541259479,0.432135387153149,0.143789409299485,0.432143269293833,0.140729694060536,0.42049512315457,0.507090905253028,1.37590686989047,0.0158461612872114,0.0224389580300509,0.0848279495404273,0.102503324405451,0.00656304216370553,6,0.0327047612123462,0.185554128533157,0.131562145709742,0.126826352739051,0.490787715030163,0.0864289703020517,1.11803398874989,5.6224732169297,10.8831446831778,0.72,2.03284333333333,5.167,0.005,0,0,33.8275916479962
circularFollowing,nominal,220,sharmaMatchedPredictor,1,,0,1000,2,0.0775667566564964,0.119883340244532,1.87323085612071,0.183809072892964,2.22981098503086,1.94574861224278,7.99779928926318,1.41329583827675,4.69694236967159,1.56494957459501,4.33021484565501,4.97869127965216,16.39646189849,0.0470081806180004,0.527494610284982,4.47762002076391,10.9269714247845,4.68739415649856,6,0.0776492124165013,2.14680117759658,1.33252084526764,1.59894534542913,5.20278924576049,4.12487845026018,1.11803398874989,34.2965181647417,107.551095060122,Inf,0.302498333333333,0.785,0.005,0,0,33.8275916479962
circularFollowing,nominal,220,sharmaCertifiedHold,1,,0,1000,2,0.0851420668811647,0.0978806204663192,3.52752624030472,0.198175749673417,4.31724406826723,4.29822421773281,43.6498353497932,3.18977001228384,8.82335881276012,4.00993249151828,9.5039183380706,10.867046636781,36.4875574805215,0.150295801551138,0.136582739463648,1.83734274251065,7.84259844754645,1.727828383035,6,0.0816075738379048,4.12790467165292,3.06544874031685,3.85898422192923,10.426729327622,0.593003370131663,1.11803398874989,54.085409501259,514.40780663634,Inf,0.295715,0.341,0.005,0,0,33.8275916479962
circularFollowing,nominal,220,sharmaCertifiedPredictor,1,,1,1000,2,2.02794127646813e+74,1.85155663979979e+74,2.38568331016056e+76,3.04670458345697e+75,2.61295039712037e+76,2.61295039712037e+76,5.78859921082281e+78,2.61295039712037e+76,3.05850810388405e+77,2.61011617560036e+76,3.05611783074631e+77,103.820204271661,179.800684422089,0.0291031080750538,0.143548112313989,1.70337341727827,7.32806663598391,1.61975088360674,6,2.61632077659726e+74,3.37106231404799e+76,3.37106231404799e+76,3.36740578181289e+76,103.950444447141,0.623477965826361,291795646813.498,37943610175688.9,6.76633985527649e+15,Inf,0.301518333333333,0.338,0.005,0,0,33.8275916479962
circularFollowing,nominal,220,sharmaTunedPredictor,1,,0,1000,2,0.0350029386096286,0.0780806723788701,0.617708646493779,0.0692266396912294,0.602004369089056,0.310492616394937,0.372806312702331,0.241383069308255,0.752459918207521,0.135379925265353,0.399042650933975,0.717575286768961,2.14832422761852,0.0355303950935348,0.195389364764424,2.06374610475477,3.11444811808195,2.13430134634886,6,0.033064972877245,0.48852372730762,0.22087627828533,0.123604150921859,0.701815715407105,1.58939381460269,1.11803398874989,11.6576947256692,9.48943674124205,7.42,0.292343333333333,0.509,0.005,0,0,33.8275916479962
circularFollowing,nominal,220,sharmaTunedCorrectedPredictor,1,,0,1000,2,0.0350159830958139,0.0780876290111628,0.617892139168035,0.0692709483296409,0.603003178637358,0.310559199574294,0.372943338863355,0.241663510392458,0.752804151909441,0.135404276366938,0.399109721594173,0.716683653278242,2.14420933122489,0.0355303950935348,0.195389364764424,2.06374610475477,3.11444811808195,2.13430134634886,6,0.0330737885010719,0.489249698537406,0.221080713695437,0.123686436200177,0.7011717921622,1.58939381460269,1.11803398874989,11.6579587341707,9.49639368668512,7.42,0.29099,0.424,0.005,0,0,33.8275916479962
circularFollowing,noiseFree,201,structured,1,,0,1000,2,6.74467515931658e-05,0.0722224454689767,0.402286769483604,0.000414813837596112,0.000256764514286602,0.0232860935021692,0.0066190230841225,0.000236670491154316,0.00101844750904867,0.000633906768179463,0.00371573099390643,0.0860728519929498,0.0866302500676282,0.0100847047459985,0.0227513783166621,0.0860182079636395,0.086630214864791,0.00306852457055272,6,7.85099770985574e-09,4.52544251225081e-08,3.708946944386e-08,2.092813941315e-08,0.0866301348189695,0.0866301419492079,1.11803398874989,5.52515445177228,10.6165120580263,0.72,2.03520166666667,5.202,0.005,0,0,33.8275916479962
circularFollowing,noiseFree,201,sharmaTunedPredictor,1,,0,1000,2,8.38000654750145e-05,0.0700927010047158,0.609706457208164,0.000523061911287028,0.503714428760243,0.160189031342025,0.00610092200794987,0.154245045606361,0.22125944174954,0.000303704096137262,0.000650120709916768,0.158945419732359,0.267150718452837,5.40863034958872e-05,0.000640707023589259,1.92181188918693,2.90933926124395,1.92143934221232,6,5.37612465592982e-05,0.392253406550002,0.125618608199931,0.00016249065939444,0.127505575154973,1.49534789763942,1.11803398874989,11.4730121336628,9.26263764342191,0.82,0.29185,0.778,0.005,0,0,33.8275916479962
circularFollowing,noiseFree,201,sharmaTunedCorrectedPredictor,1,,0,1000,2,0.000131073625010023,0.0700973264724006,0.609870555951767,0.000433704399852758,0.504726683959509,0.160304026996048,0.0114038763900515,0.154622995288038,0.221811377547487,0.000475846196807189,0.00078248010641524,0.155509686397183,0.262530547904347,5.40863034958872e-05,0.000640707023589259,1.92181188918693,2.90933926124395,1.92143934221232,6,0.00010512835785755,0.393046126087849,0.125920355900863,0.000462515223347719,0.124815396244994,1.49534789763942,1.11803398874989,11.4734408613186,9.26963871694154,0.82,0.288115,0.332,0.005,0,0,33.8275916479962
circularFollowing,sample20Hz,201,structured,1,,0,1000,2,0.0588582018140131,0.110037378422762,0.476875041608238,0.134533617753175,0.338482196694713,0.344577196765744,0.73246353519004,0.235201137063313,0.62219065111665,0.22570510297159,0.633656498264217,0.930517710473128,2.41235079569629,0.0321618658221418,0.057646604908485,0.222562995923017,0.242276024293868,0.0110224364324285,6,0.0603031828827732,0.343038961145026,0.243147869670773,0.230996171557709,0.930965720536616,0.225151014649333,1.11803398874989,5.70828147363507,11.1355321756467,0.85,3.13899166666667,6.439,0.005,0,0,33.8275911681949
circularFollowing,sample20Hz,201,sharmaTunedPredictor,1,,0,1000,2,0.0589559853583828,0.108211464271859,0.692690554062909,0.133044712985803,0.563848352359137,0.42197396872529,0.629755085973967,0.310561530932032,1.0118738088708,0.211283834971676,0.575061995017774,1.05208156557981,2.69892979967821,0.0556284850490978,0.303818132627093,1.54843360036335,2.42717431111995,1.73736505693384,6,0.0600846796135151,0.509185251859023,0.302839702597326,0.214177282891308,1.11859633972463,1.21653961137579,1.11803398874989,11.8422214810772,9.74238552230901,6.4,0.638604166666667,1.126,0.005,0,0,33.8275911681949
circularFollowing,sample20Hz,201,sharmaTunedCorrectedPredictor,1,,0,1000,2,0.0589487228931493,0.108214093760499,0.692802350646602,0.133009101088101,0.564415616057453,0.421978700725566,0.629862835051223,0.310665446681355,1.01224767069895,0.211324166427409,0.57544564731343,1.05168595669242,2.69658168293438,0.0556284850490978,0.303818132627093,1.54843360036335,2.42717431111995,1.73736505693384,6,0.0600812631517778,0.509545946991422,0.302908421088334,0.214299962226592,1.11824889674635,1.21653961137579,1.11803398874989,11.8425185562781,9.75002235006404,6.4,0.632645833333333,0.652,0.005,0,0,33.8275911681949
circularFollowing,sample20Hz,202,structured,1,,0,1000,2,0.0606602746054538,0.109459140647757,0.514587335613746,0.145400149859072,0.349190559258443,0.354773742184271,0.751616160638218,0.257965649705586,0.656834728801545,0.236233998163215,0.624108149101674,0.901662870179917,2.39223309139075,0.0269115221402277,0.0582305336350576,0.21624266443868,0.236613052007465,0.0122287037897647,6,0.0611556868446317,0.350564809614052,0.248362257184114,0.234608527980353,0.949429758516209,0.216588829487141,1.11803398874989,6.21539922726706,12.2339817166512,0.8,3.13140833333333,6.565,0.005,0,0,33.8275911681949
circularFollowing,sample20Hz,202,sharmaTunedPredictor,1,,0,1000,2,0.0605385237880081,0.107778891343126,0.700531401199994,0.142626556961349,0.704792078934828,0.516600310538568,0.642662217204949,0.380141170801457,1.31084100536104,0.218822270319139,0.560207683506238,1.28749387358185,3.58538292485171,0.0612951280280298,0.337407629272944,1.9765148183545,3.09583018150841,2.14546529441533,6,0.061034971370364,0.637821157397146,0.365597191013427,0.2187595200792,1.37411079757176,1.55259855551237,1.11803398874989,12.6855436481269,10.6876183188144,11.6,0.631025,1.128,0.005,0,0,33.8275911681949
circularFollowing,sample20Hz,202,sharmaTunedCorrectedPredictor,1,,0,1000,2,0.0605444843562027,0.107786074326703,0.700666072714673,0.142524036738355,0.705540687522231,0.516630127223691,0.642874669795543,0.380313178236246,1.31134401024013,0.218982060507176,0.560645852700031,1.28695149304314,3.58193144804581,0.0612951280280298,0.337407629272944,1.9765148183545,3.09583018150841,2.14546529441533,6,0.0610342713568043,0.638333219967588,0.365715209744304,0.218966645411558,1.37375511243118,1.55259855551237,1.11803398874989,12.6858192968959,10.6951386880583,11.6,0.623554166666667,0.653,0.005,0,0,33.8275911681949
circularFollowing,sample20Hz,203,structured,1,,0,1000,2,0.0601335643181531,0.108487184882991,0.507235761158912,0.130287440015103,0.348794221700492,0.354695293032386,0.758250532044462,0.254316964935415,0.68739885041559,0.223974518949589,0.62137379376039,0.914674334461296,2.55089252592966,0.0299509842364493,0.0578036446728755,0.220063095459144,0.239458134944044,0.0102932080966093,6,0.0599725595227471,0.34850925224929,0.255680856673121,0.219054414148893,0.911736047495152,0.222192800816586,1.11803398874989,5.60601746947463,11.0478911609487,0.7,3.13427916666667,6.51,0.005,0,0,33.8275911681949
circularFollowing,sample20Hz,203,sharmaTunedPredictor,1,,0,1000,2,0.060138055002513,0.106683181614078,0.679923727436328,0.129353716514157,0.723552128951668,0.5058396287375,0.649339502339148,0.360472890492006,0.926967253303509,0.209669712619667,0.588604397864168,1.30100137275326,3.62611459600809,0.0617674409668746,0.340148422234069,2.13792672454871,3.33315099621067,2.30751487680768,6,0.0602932192836029,0.632043793428835,0.361849873370986,0.204821663613577,1.2128457228454,1.66470904861919,1.11803398874989,11.999675245332,9.68022898795547,11.4,0.635191666666667,1.138,0.005,0,0,33.8275911681949
circularFollowing,sample20Hz,203,sharmaTunedCorrectedPredictor,1,,0,1000,2,0.0601368937980854,0.106685546137146,0.680048611024882,0.129307252797607,0.724421520321791,0.505844372051917,0.649490604373068,0.360682574636548,0.926840499147534,0.20982609011658,0.589328216803423,1.30022007356387,3.63125754086596,0.0617674409668746,0.340148422234069,2.13792672454871,3.33315099621067,2.30751487680768,6,0.0603017863526312,0.63265417605745,0.361989821991993,0.205046677964847,1.21233026613805,1.66470904861919,1.11803398874989,12.0004705292101,9.68726478895185,11.4,0.629195833333333,0.651,0.005,0,0,33.8275911681949
circularFollowing,sample20Hz,204,structured,1,,0,1000,2,0.0576347628003079,0.110882747271522,0.507863942932692,0.119173708868482,0.340400320656994,0.345861492071734,0.739461601992477,0.235293911193425,0.74337263509798,0.225981289739157,0.716828436813629,0.93698552681759,2.71057546795994,0.0320341706320471,0.0580496122853635,0.217363097420248,0.239011687980967,0.0112272197117719,6,0.0572076856647442,0.337077281865473,0.228258710511481,0.215673408744051,0.948171193621722,0.217977187810491,1.11803398874989,5.82300751101989,11.364463575315,0.75,3.12214583333333,6.84,0.005,0,0,33.8275911681949
circularFollowing,sample20Hz,204,sharmaTunedPredictor,1,,0,1000,2,0.0576985683276027,0.109170218984454,0.687290281509823,0.119978452295715,0.655902513248889,0.471212462846335,0.631962697739147,0.348734772940044,0.939642151276583,0.212553606827932,0.662649238845693,1.16514900784206,3.18180369621374,0.056592329316976,0.3085344776437,1.84836995926838,2.82551583519918,2.02372847903168,6,0.0573897183228479,0.576496452064691,0.319488290551042,0.202821635666583,1.16922282471578,1.42411589044392,1.11803398874989,12.0057949542102,9.9936762891816,11.55,0.6321625,1.119,0.005,0,0,33.8275911681949
circularFollowing,sample20Hz,204,sharmaTunedCorrectedPredictor,1,,0,1000,2,0.0576971104683833,0.109174001700509,0.687400356379188,0.120023731231566,0.656605318724948,0.471214856293631,0.631949630514711,0.348868036553133,0.940034247613497,0.212643453533178,0.663100496609631,1.16460879015543,3.17992862173989,0.056592329316976,0.3085344776437,1.84836995926838,2.82551583519918,2.02372847903168,6,0.0573910438846409,0.57698738133388,0.319589391802816,0.202998288283383,1.16891244816341,1.42411589044392,1.11803398874989,12.0066022620991,10.0007724389669,11.55,0.625920833333333,0.655,0.005,0,0,33.8275911681949
circularFollowing,sample20Hz,205,structured,1,,0,1000,2,0.0584301316825798,0.110353214139778,0.48190130635862,0.11278403830299,0.338671431404273,0.343028566244589,0.73019624728969,0.234637301831962,0.590173284185392,0.219534566128116,0.551256487252959,0.92400631389938,2.90529895371607,0.0331647516524429,0.057053659461663,0.220608665420239,0.239343354903703,0.0083534609614613,6,0.0576464506277924,0.333425857070502,0.230658128479938,0.215638255441712,0.911578977262558,0.225874157924651,1.11803398874989,5.80845568906886,11.1659587761474,0.8,3.13476666666667,6.916,0.005,0,0,33.8275911681949
circularFollowing,sample20Hz,205,sharmaTunedPredictor,1,,0,1000,2,0.0580493017299258,0.108032708348326,0.656853203277862,0.109940963986457,0.65137034635106,0.471553686739073,0.620619278552902,0.351766041063106,0.913964805414986,0.207359001959638,0.540759515198318,1.15244512000676,3.12944199578662,0.0600657343193303,0.331212070012717,1.81857965840133,2.72924308943391,1.98604456282874,6,0.0570691570543613,0.590757540637804,0.370382052792547,0.2035636374636,1.10124842173806,1.40072835718586,1.11803398874989,11.9554252754068,9.78501186804451,11.35,0.6298625,1.146,0.005,0,0,33.8275911681949
circularFollowing,sample20Hz,205,sharmaTunedCorrectedPredictor,1,,0,1000,2,0.0580562783340667,0.108038616282569,0.656964847820938,0.109960399751278,0.652045460078924,0.47154433207133,0.620808381088659,0.35188059812716,0.913559481556362,0.207378312590631,0.540153594878781,1.15191360310026,3.12656231371641,0.0600657343193303,0.331212070012717,1.81857965840133,2.72924308943391,1.98604456282874,6,0.0570763771217493,0.591203753928555,0.370433120913482,0.203655394349083,1.10090600491901,1.40072835718586,1.11803398874989,11.9556744089705,9.79156009629273,11.35,0.6257875,0.663,0.005,0,0,33.8275911681949
circularFollowing,sample100Hz,201,structured,1,,0,1000,2,0.0250433204538173,0.0684984446708719,0.396315429680609,0.066033572490516,0.149725286467322,0.150144094582856,0.328782518480224,0.102142127931839,0.311207232918674,0.0994267611464092,0.306302837762094,0.406979432954494,1.25410528598079,0.00822451089853806,0.0114701163904509,0.0424465965828834,0.0507610702147428,0.0056496450096595,6,0.0254923260887671,0.15346056296169,0.102974157778925,0.101936771393311,0.423813045644477,0.0425008547004513,1.11803398874989,5.30440861074033,10.2285799202702,0.66,1.7400875,4.925,0.005,0,0,33.8275917165456
circularFollowing,sample100Hz,201,sharmaTunedPredictor,1,,0,1000,2,0.0252934947761615,0.066626395321004,0.61651901294285,0.0657532310686885,0.520529755918721,0.25404490330462,0.283738059308373,0.204946582036277,0.598229098462625,0.0956773478252651,0.287873991788768,0.552610758227495,1.72605740949932,0.0243274545204264,0.134977044527799,1.83545033130955,2.78500661303261,1.87199686780826,6,0.025729709511697,0.419605290454513,0.18994305675032,0.0977746663889962,0.540965598299805,1.40821502604207,1.11803398874989,11.2400300833186,8.89748845574244,3.34,0.177298333333333,0.682,0.005,0,0,33.8275917165456
circularFollowing,sample100Hz,201,sharmaTunedCorrectedPredictor,1,,0,1000,2,0.0252926264144297,0.0666300238323719,0.616684602575822,0.065793093776177,0.52141911621348,0.25410065613683,0.283830388786484,0.205204517809384,0.598604313582097,0.0957143431252033,0.287987864684073,0.551652276409912,1.72246562259215,0.0243274545204264,0.134977044527799,1.83545033130955,2.78500661303261,1.87199686780826,6,0.0257290013618347,0.420265769348446,0.190124461935873,0.0978579128980055,0.540309887024109,1.40821502604207,1.11803398874989,11.2402886166863,8.90443771272909,3.34,0.176123333333333,0.234,0.005,0,0,33.8275917165456
circularFollowing,sample100Hz,202,structured,1,,0,1000,2,0.0256361189085976,0.0697161911285954,0.401780837560635,0.0591133718676443,0.150543802701224,0.150985973910921,0.327335137082503,0.107029306091888,0.346445230626635,0.102083094560973,0.287201051288334,0.39365778051261,1.13461663763232,0.0085001193986842,0.0117384641841525,0.0424215503866791,0.0532161811147179,0.00670396957795218,6,0.0264942855806603,0.153723631820122,0.110079924518352,0.105558918629676,0.40062985576958,0.042729133695204,1.11803398874989,5.3804915781478,10.2238367029187,0.66,1.74255333333333,4.585,0.005,0,0,33.8275917165456
circularFollowing,sample100Hz,202,sharmaTunedPredictor,1,,0,1000,2,0.0258513941334455,0.0678575559095549,0.612197359353026,0.0589706633998723,0.481315992411197,0.245953143917677,0.286668986361244,0.19722951668353,0.503901457161838,0.0972725420287577,0.279052910194754,0.540716434624689,1.70747130904457,0.0246309972664394,0.13645888140461,1.64818747495526,2.52730381441636,1.69780667230182,6,0.0266769924252985,0.393385934175995,0.184463548227379,0.100269722628581,0.542982726287366,1.28389171944211,1.11803398874989,11.1504355390888,8.95388652455872,1.66,0.178385833333334,0.673,0.005,0,0,33.8275917165456
circularFollowing,sample100Hz,202,sharmaTunedCorrectedPredictor,1,,0,1000,2,0.0258512709568834,0.0678607908688215,0.612343880138976,0.0589703882350602,0.482097469643782,0.24602757570137,0.286829040597897,0.197456728289396,0.504413565474085,0.0972950811926815,0.278922594494513,0.540050804089032,1.70459950895077,0.0246309972664394,0.13645888140461,1.64818747495526,2.52730381441636,1.69780667230182,6,0.0266788974481285,0.393949810863704,0.184617723865301,0.100317637098423,0.542476430090244,1.28389171944211,1.11803398874989,11.1508538484178,8.95860791635818,1.66,0.1769375,0.303,0.005,0,0,33.8275917165456
circularFollowing,sample100Hz,203,structured,1,,0,1000,2,0.0256466200178886,0.0693764967188887,0.394768021330084,0.060912862993004,0.153606045976207,0.154003171248035,0.33716841875699,0.109394297304826,0.337075604437805,0.109540351838198,0.30455964730836,0.400748474036122,1.14339887278759,0.0103256265144051,0.0111286802206135,0.0432969801638823,0.0537300223938405,0.00517890418597576,6,0.0249087971728087,0.14932115196373,0.108424413346985,0.10796676564121,0.380348059441757,0.0441290182435329,1.11803398874989,5.33247349664079,10.2788638463987,0.63,1.8432675,4.878,0.005,0,0,33.8275917165456
circularFollowing,sample100Hz,203,sharmaTunedPredictor,1,,0,1000,2,0.0256442212554033,0.0674139657021046,0.605614093851541,0.0608591621286439,0.516217031094552,0.251265810000453,0.291286289698018,0.194589748439988,0.525801354577183,0.103533689924971,0.295101397811217,0.584913806036509,1.94613740163393,0.0267414755440979,0.149048643441173,1.82457102771421,2.80320546437852,1.86352582044131,6,0.0250505384820199,0.42766138603198,0.174206973673186,0.10208475439009,0.545777658549226,1.43549032197907,1.11803398874989,11.130112302663,8.99775129177348,5,0.194731666666666,0.722,0.005,0,0,33.8275917165456
circularFollowing,sample100Hz,203,sharmaTunedCorrectedPredictor,1,,0,1000,2,0.0256467622539511,0.0674190965911371,0.605782776977571,0.0609105186711826,0.517095124571973,0.251304684323505,0.291352190076633,0.194840100970307,0.52618841485851,0.103544573569371,0.295171704960627,0.584007571011958,1.94360301613422,0.0267414755440979,0.149048643441173,1.82457102771421,2.80320546437852,1.86352582044131,6,0.025053535916428,0.428321933507485,0.174392318536447,0.102134759846641,0.545286133622523,1.43549032197907,1.11803398874989,11.1304526810049,9.00464266883516,5,0.183438333333334,0.4,0.005,0,0,33.8275917165456
circularFollowing,sample100Hz,204,structured,1,,0,1000,2,0.0233433811189878,0.069744774054836,0.399701762496999,0.0562817573224147,0.135757764574005,0.136402764056044,0.298786244857324,0.0981827784890768,0.269980078595285,0.0988569338426693,0.293584151427925,0.350043534901688,1.22125752318996,0.00787717175497463,0.0120000842987587,0.0445015338590033,0.054125465347716,0.00580773641075493,6,0.0234106255573266,0.137378991679291,0.102462208604679,0.102055989435214,0.340864126449585,0.0453386263493048,1.11803398874989,5.32311762281634,10.328184330688,0.71,1.8173625,5.022,0.005,0,0,33.8275917165456
circularFollowing,sample100Hz,204,sharmaTunedPredictor,1,,0,1000,2,0.0237483064892673,0.0677893999440553,0.616907923533151,0.0574400991422843,0.5161726581026,0.241763341164531,0.260955817988114,0.190871880464018,0.496851565412618,0.0951428366659579,0.286893066966972,0.546083621807041,1.76637181220979,0.0241365070881336,0.136283376479314,1.8397480609438,2.73869062630431,1.87894236953745,6,0.0236917058675407,0.434082274842845,0.180206489391883,0.097450148095392,0.557758562292947,1.45235303255359,1.11803398874989,11.2008074496835,9.03727080070795,0.74,0.196095833333333,0.683,0.005,0,0,33.8275917165456
circularFollowing,sample100Hz,204,sharmaTunedCorrectedPredictor,1,,0,1000,2,0.0237470479590202,0.0677932202613823,0.617074439422802,0.0574651747650344,0.517073063696378,0.241820598352696,0.26117453902776,0.191151335379373,0.496987234122987,0.0951572173370281,0.286772154471439,0.545096296332897,1.76881666177376,0.0241365070881336,0.136283376479314,1.8397480609438,2.73869062630431,1.87894236953745,6,0.0237008043458412,0.434754529079916,0.180407341425565,0.0975039085537255,0.557204034082259,1.45235303255359,1.11803398874989,11.2012209403051,9.04303776659614,0.74,0.227943333333333,0.534,0.005,0,0,33.8275917165456
circularFollowing,sample100Hz,205,structured,1,,0,1000,2,0.0241480301725959,0.0681797029820473,0.40051033089022,0.0534060268786411,0.141948845160466,0.14267602186359,0.310175064204587,0.0988171306729963,0.290876879902072,0.0996466533783543,0.29921199951925,0.380497232572122,1.35278962141273,0.0108214753141434,0.0110521055688201,0.0406938821313438,0.0528134037836813,0.00446069510446375,6,0.0240373503081499,0.143811324565387,0.0969663187472435,0.0968335671966429,0.397316967171036,0.0429029862108866,1.11803398874989,5.36295084914333,10.2587253211158,0.75,2.136625,5.851,0.005,0,0,33.8275917165456
circularFollowing,sample100Hz,205,sharmaTunedPredictor,1,,0,1000,2,0.0243763438293804,0.0664162535514839,0.621225931320872,0.0532852892788455,0.473574444185266,0.245183773795032,0.268872345399452,0.194081337500644,0.613433516101555,0.0945362479859717,0.292428484680626,0.551645270718892,1.75836637115632,0.025268045354184,0.138873484553504,1.63537281392865,2.51512820153327,1.6802376127601,6,0.0241849386789004,0.38862469153825,0.172638196708347,0.0911488902941891,0.567995814490858,1.2674896680116,1.11803398874989,11.1451635769977,8.89507954697085,0.82,0.221095,0.881,0.005,0,0,33.8275917165456
circularFollowing,sample100Hz,205,sharmaTunedCorrectedPredictor,1,,0,1000,2,0.0243780194354162,0.0664219231519385,0.621362938763483,0.053251267409898,0.474344982536805,0.245230902882768,0.268886006602097,0.194299644923007,0.613763075883796,0.094573363399906,0.292513588017696,0.550883215780596,1.75993853185556,0.025268045354184,0.138873484553504,1.63537281392865,2.51512820153327,1.6802376127601,6,0.0241820700608483,0.389189885386365,0.172791379348972,0.091196737632499,0.567488594365231,1.2674896680116,1.11803398874989,11.1454760619216,8.9023988557669,0.82,0.221179166666667,0.481,0.005,0,0,33.8275917165456
circularFollowing,noise2x,201,structured,1,,0,1000,2,0.0755087060991972,0.105009152355249,0.50486231358479,0.186182280330326,0.441934773193736,0.442923087108069,0.963021002353049,0.314395157512459,1.09254587072365,0.306585032561678,1.08933517195925,1.15363042831795,3.34986046397988,0.019830577193243,0.0247806875985741,0.0906230119171475,0.118219944146587,0.0108077767002344,6,0.0758020530468521,0.431303265739033,0.299725150352354,0.303907535486373,1.15051831133929,0.0894592673022657,1.11803398874989,5.86970701472684,11.1198261442031,11.46,7.05933833333333,96.468,0.005,0,0,33.8275916479962
circularFollowing,noise2x,201,sharmaTunedPredictor,1,,0,1000,2,0.075735809873132,0.103677444922426,0.736890846580906,0.184385746069329,0.790845205106787,0.601485621378147,0.828621338131359,0.467022106578294,1.28940752715582,0.285864063123622,1.00586844403224,1.39388971162929,4.78941644573852,0.0676392045227696,0.375919006842058,2.12674028079268,3.30556757128016,2.3210751041288,6,0.0760797702071434,0.714000296159378,0.448642343317269,0.284052236557983,1.38085716685184,1.6547028420872,1.11803398874989,11.9290649768871,9.70755609149298,11.6,0.36524,2.147,0.005,0,0,33.8275916479962
circularFollowing,noise2x,201,sharmaTunedCorrectedPredictor,1,,0,1000,2,0.0757336354522724,0.103684166932713,0.73702534636604,0.184352822817483,0.791567695164666,0.601467141961276,0.828466082444461,0.467147035722939,1.28954260250914,0.285914348303845,1.00602400494745,1.39320052032615,4.78624490891687,0.0676392045227696,0.375919006842058,2.12674028079268,3.30556757128016,2.3210751041288,6,0.0760756572292532,0.714497015979454,0.448720851445986,0.284202008107169,1.38041433321533,1.6547028420872,1.11803398874989,11.9297601103833,9.71509202466962,11.6,0.387646666666667,0.676,0.005,0,0,33.8275916479962
circularFollowing,noise2x,202,structured,1,,0,1000,2,0.0720370188112015,0.102774200068396,0.518733348593574,0.15899804244323,0.420699522717146,0.421359215030012,0.914848346016843,0.292815759865673,0.777096112950318,0.283620088657531,0.763318650440386,1.12024412337142,3.10258357859192,0.0256702547026296,0.0241712179834817,0.0853763407280156,0.114126532043617,0.0138281827808241,6,0.0735642893931817,0.433128055735861,0.308813982618901,0.297489162554049,1.12631153286549,0.089972330675016,1.11803398874989,5.86050447605903,11.0681705408163,0.66,2.66628166666667,6.753,0.005,0,0,33.8275916479962
circularFollowing,noise2x,202,sharmaTunedPredictor,1,,0,1000,2,0.0728009065888617,0.101870885901836,0.71690186127857,0.157230035186849,0.781967076339208,0.612280223900759,0.799095058069359,0.423068882276219,1.14145984365801,0.268699449407934,0.743922498292259,1.62881282790081,5.32381608911202,0.0701172039210875,0.386282972879469,1.8930972429672,2.96118262405415,2.18712043156517,6,0.0742355439676153,0.718872566086936,0.421755629914302,0.281669063137865,1.6299841739103,1.43567187132563,1.11803398874989,11.2906586965131,9.56268683992673,Inf,0.346643333333333,1.02,0.005,0,0,33.8275916479962
circularFollowing,noise2x,202,sharmaTunedCorrectedPredictor,1,,0,1000,2,0.0728078349031573,0.101877414173221,0.717026549280497,0.157173010373386,0.7826248857839,0.61232290152645,0.799144851994402,0.42322048751205,1.14102732798053,0.268810675646225,0.744483656900331,1.62847430689065,5.31945767720166,0.0701172039210875,0.386282972879469,1.8930972429672,2.96118262405415,2.18712043156517,6,0.0742404378102441,0.719285810735721,0.421848116386971,0.281879896634381,1.62972412972667,1.43567187132563,1.11803398874989,11.2910919672387,9.56966869303601,Inf,0.342055,0.523,0.005,0,0,33.8275916479962
circularFollowing,noise2x,203,structured,1,,0,1000,2,0.0788874029365934,0.101742534732213,0.500625386147171,0.190715727865057,0.457943837333487,0.458859821520722,0.999626337757617,0.302643417553405,0.889714555246686,0.311478853362492,0.865966291076853,1.27578217776822,3.72552674704244,0.0225399380744527,0.0225025290519698,0.0833849574301901,0.122490373975361,0.0152505971508144,6,0.0829406519061592,0.471715447130481,0.318012324871924,0.324642280663342,1.29182848595119,0.0802229407840892,1.11803398874989,5.37861025160565,10.4372552345437,7.96,2.39494,5.723,0.005,0,0,33.8275916479962
circularFollowing,noise2x,203,sharmaTunedPredictor,1,,0,1000,2,0.0786795529374791,0.100525104976704,0.699450081048664,0.191135199373244,0.692883221533957,0.623829945813003,0.856254073008444,0.427062080085095,1.32189964086299,0.284765604791354,0.854579980308173,1.67799866818537,4.76096308349653,0.0738844842279687,0.409344978358245,1.19015508247479,1.92483170552339,1.6288436964171,6,0.0827843284616353,0.687618869335174,0.45221196333428,0.296717501357928,1.69125516411913,0.928407036209154,1.11803398874989,11.4089557135354,9.16507646207378,11.98,0.367638333333333,1.072,0.005,0,0,33.8275916479962
circularFollowing,noise2x,203,sharmaTunedCorrectedPredictor,1,,0,1000,2,0.0786811091871018,0.100530769550516,0.699543642454291,0.191137771425687,0.693140177810896,0.623815185573626,0.856185845597589,0.427090812577724,1.32194714406679,0.284781534237879,0.854518726066208,1.67781904765677,4.76149091626831,0.0738844842279687,0.409344978358245,1.19015508247479,1.92483170552339,1.6288436964171,6,0.0827855950138238,0.687760319507949,0.452213666979351,0.296798801899494,1.69118967886852,0.928407036209154,1.11803398874989,11.4094202681001,9.17214034688562,11.98,0.472443333333333,0.692,0.005,0,0,33.8275916479962
circularFollowing,noise2x,204,structured,1,,0,1000,2,0.0679366497756271,0.100027138437891,0.507413848304982,0.157927878813647,0.401238150892446,0.402034245272331,0.875240513145001,0.298895449584701,1.01576548531895,0.265725967470176,0.836396284300231,0.994100088557606,2.94666079209444,0.0230094464397991,0.0221353625825554,0.0869021631450872,0.11205743928494,0.0143023570655008,6,0.0630027757494893,0.371644983820289,0.27669140260245,0.245642839144544,0.928561930869996,0.0888105800673607,1.11803398874989,5.35793488611293,10.3654301324596,5.58,2.79820166666667,8.652,0.005,0,0,33.8275916479962
circularFollowing,noise2x,204,sharmaTunedPredictor,1,,0,1000,2,0.0682622353375986,0.098493979254745,0.746999639261417,0.157034892181047,0.710912378710582,0.577982122899732,0.757451959270815,0.438865660211215,1.27658729815699,0.246106472645943,0.715662393938848,1.39065391074982,5.27471602515366,0.070328463085072,0.384763061825333,1.64931896698014,2.65754111221326,1.9529072909594,6,0.0637962751989251,0.628815112325849,0.413629283859219,0.230744575079205,1.4747613530785,1.14693095606034,1.11803398874989,10.8588143279983,8.97961540638096,Inf,0.402536666666667,1.312,0.005,0,0,33.8275916479962
circularFollowing,noise2x,204,sharmaTunedCorrectedPredictor,1,,0,1000,2,0.0682648661443568,0.0984942590413972,0.7470627417898,0.157117011060792,0.711417937667066,0.577968518241876,0.7573838608086,0.438922856733849,1.27729704906346,0.246169208445752,0.716741579741503,1.39032331905033,5.27568556964629,0.070328463085072,0.384763061825333,1.64931896698014,2.65754111221326,1.9529072909594,6,0.0637971485981289,0.629043085060276,0.413627637091085,0.230804832085574,1.47440466958776,1.14693095606034,1.11803398874989,10.8593727189062,8.98541735967109,Inf,0.342186666666667,0.607,0.005,0,0,33.8275916479962
circularFollowing,noise2x,205,structured,1,,0,1000,2,0.070884609884958,0.0988925291642713,0.510005785953086,0.154988066493142,0.425118101451884,0.425982750227099,0.93426992377821,0.323643301260384,0.875135623543738,0.303897886731181,0.865157396376776,1.02266006447399,2.89415839643439,0.0253522846393372,0.0238431520787585,0.0804890397518594,0.101467063262345,0.0128518238724312,6,0.0685069300319124,0.402436406284078,0.297281329488434,0.272884544900816,1.00463223766349,0.0825865562892146,1.11803398874989,5.66739546469796,11.0910607765901,0.76,2.407535,6.217,0.005,0,0,33.8275916479962
circularFollowing,noise2x,205,sharmaTunedPredictor,1,,0,1000,2,0.0712847219386504,0.0977654585231384,0.745104377940558,0.155327383511609,0.720007619178967,0.602089061422959,0.807923156002189,0.454651999765919,1.22166873943086,0.283351535157714,0.837054780693951,1.45498156100688,4.55105596812797,0.0723073733089347,0.39497810566252,1.63497709565252,2.57403752685191,1.94093623425998,6,0.0690173437106126,0.680587153722364,0.453421022476835,0.255987375109314,1.49510290301296,1.22012447629547,1.11803398874989,11.4318162193243,9.71725983369308,11.46,0.356566666666667,0.991,0.005,0,0,33.8275916479962
circularFollowing,noise2x,205,sharmaTunedCorrectedPredictor,1,,0,1000,2,0.0712855772938009,0.0977738093142089,0.745210888967614,0.155310177610581,0.720489986954571,0.602079598004509,0.807808534124067,0.454739942486942,1.22193420627377,0.283444314082447,0.837255523123746,1.4545295411384,4.54925053878913,0.0723073733089347,0.39497810566252,1.63497709565252,2.57403752685191,1.94093623425998,6,0.0690160583994786,0.680858487376022,0.453456372996622,0.256120507039259,1.49483411278841,1.22012447629547,1.11803398874989,11.432392956841,9.72345061097747,11.46,0.356448333333333,0.56,0.005,0,0,33.8275916479962
circularFollowing,largeOffset,201,structured,1,,0,1000,2,0.037748129728476,0.221204209678834,0.655492437412301,0.0930676916916301,0.220958981398289,0.22249342461349,0.480784796044551,0.157199234803488,0.546467151896579,0.156010612303934,0.539178939935732,0.582074027807405,1.72739191409796,0.0132822490003847,0.0237005094955903,0.087249118161679,0.101965036415217,0.00875967149446928,6,0.0379003986595832,0.215645477831983,0.149852676987312,0.148552195132091,0.580537440571059,0.0879272718289603,3.35410196624968,16.71434660026,32.4841070896084,0.96,2.238505,5.821,0.005,0,0,33.8275916479962
circularFollowing,largeOffset,201,sharmaTunedPredictor,1,,0,1000,2,0.037860642262545,0.216119503420449,1.45884744411676,0.0921609622320261,0.621618092598938,0.338479191358746,0.41394265183228,0.276672520649694,0.711674734186598,0.147550333683701,0.498365779435798,0.716855122072627,2.44116766535111,0.0338139590474323,0.187940133364973,2.12729304761419,3.2279864612087,2.17151547579915,6,0.0380392025455324,0.519684383890577,0.25663495212546,0.140081235245277,0.701655208555365,1.654825981733,3.35410196624968,34.902835002752,30.0352852954479,6.22,0.30328,0.808,0.005,0,0,33.8275916479962
circularFollowing,largeOffset,201,sharmaTunedCorrectedPredictor,1,,0,1000,2,0.0378599333826736,0.216142071538673,1.45924711081884,0.0921314330538401,0.622581678517864,0.338518918491423,0.413933067270663,0.276922112974769,0.71217797090905,0.147578961230225,0.498617811087898,0.715797986053922,2.43825781594599,0.0338139590474323,0.187940133364973,2.12729304761419,3.2279864612087,2.17151547579915,6,0.0380363732008537,0.520412204381352,0.256814308639809,0.140180126764683,0.700993190920012,1.654825981733,3.35410196624968,34.9042549896055,30.0573280815487,6.22,0.364938333333333,0.605,0.005,0,0,33.8275916479962
circularFollowing,largeOffset,202,structured,1,,0,1000,2,0.0360282874868127,0.220288900513572,0.668724634647865,0.0795047641927401,0.210322212495291,0.211651943487354,0.458175308678679,0.146419933362252,0.388809448995135,0.14453973580163,0.380854569130966,0.564988089296787,1.58898788011672,0.0177578403683698,0.0233465714488679,0.0844613529343956,0.100382812055382,0.0109957970582644,6,0.0367796917087347,0.216586579132159,0.154403559119208,0.151759875907326,0.568266084919061,0.0880780227657561,3.35410196624968,16.839740819975,32.4598420871125,0.96,2.55197333333333,6.027,0.005,0,0,33.8275916479962
circularFollowing,largeOffset,202,sharmaTunedPredictor,1,,0,1000,2,0.0364066962350071,0.21519925669331,1.42220064772996,0.0785773518101439,0.612860851718727,0.339310048666165,0.399811250871918,0.254896373601318,0.651085240760246,0.138709564691947,0.361331226984358,0.823748712282862,2.74860707862376,0.0350621727910497,0.193088790462799,2.02217580195308,3.0877821484292,2.10343960912346,6,0.0371188147315876,0.515567177925219,0.240712621910462,0.145807777626235,0.821078025445851,1.56199952318541,3.35410196624968,34.710702110838,30.050487913258,6.88,0.405573333333333,1.007,0.005,0,0,33.8275916479962
circularFollowing,largeOffset,202,sharmaTunedCorrectedPredictor,1,,0,1000,2,0.0364131239899334,0.215220132862433,1.42256375654947,0.0785163201648852,0.613792312722571,0.33939077906325,0.399894400767758,0.255164968968611,0.651714936168613,0.138778106078862,0.361898004661346,0.823063148130778,2.74427386406542,0.0350621727910497,0.193088790462799,2.02217580195308,3.0877821484292,2.10343960912346,6,0.0371237516585094,0.516249411476139,0.240891831170908,0.145922722711697,0.820653139767285,1.56199952318541,3.35410196624968,34.7120887023507,30.0721637984252,6.88,0.362065,0.524,0.005,0,0,33.8275916479962
circularFollowing,largeOffset,203,structured,1,,0,1000,2,0.0394494328279431,0.217449789428335,0.652879139232266,0.0953679599871159,0.228976674792122,0.230217194463103,0.500137408260498,0.151432772066042,0.445098507599724,0.150689960409456,0.424302595631712,0.641067808700365,1.79065595699398,0.0148457957044049,0.0224875425391825,0.0834833381716644,0.104488540891062,0.0118893898997985,6,0.0414704790040025,0.235828110365563,0.159075932326682,0.151680798491962,0.648453692456719,0.0832416697739172,3.35410196624968,16.5941005986126,32.1379190588955,0.96,2.62714333333333,10.116,0.005,0,0,33.8275916479962
circularFollowing,largeOffset,203,sharmaTunedPredictor,1,,0,1000,2,0.0393489861483913,0.212654504895749,1.4287810152637,0.0955999162002851,0.610926617931286,0.350838173505864,0.428823653258978,0.263996639767002,0.764114283886197,0.143151626070342,0.416390582594658,0.850214029024737,2.31273711623089,0.0369418363096914,0.204711699999312,2.01096326200829,3.04388162386709,2.08654835953503,6,0.0413946349738395,0.523218189352896,0.260759759204896,0.142853481735027,0.849092180978223,1.55843336497715,3.35410196624968,34.7539410405224,29.7642008352239,8.7,0.389288333333333,1,0.005,0,0,33.8275916479962
circularFollowing,largeOffset,203,sharmaTunedCorrectedPredictor,1,,0,1000,2,0.0393523469060339,0.212673503308123,1.42916653740266,0.095621532389887,0.611826483519848,0.350886765233183,0.428872054517834,0.264233978632802,0.764395087492037,0.143149760731928,0.416779747065923,0.849481562771141,2.31494807774401,0.0369418363096914,0.204711699999312,2.01096326200829,3.04388162386709,2.08654835953503,6,0.0413983445281477,0.523856914325208,0.260914087410169,0.14296655935059,0.848688774861854,1.55843336497715,3.35410196624968,34.7553482575921,29.7858916074345,8.7,0.405106666666667,2.125,0.005,0,0,33.8275916479962
circularFollowing,largeOffset,204,structured,1,,0,1000,2,0.0339732496613897,0.219181891331916,0.657719441384869,0.0789507671696631,0.200651854726233,0.20201095558502,0.438512577329667,0.149471945554141,0.507092536367123,0.134859525342888,0.378406508183814,0.502371766403092,1.5278266598299,0.0155669810684325,0.022394974673975,0.085204113945746,0.0993430982414987,0.00771939888028992,6,0.0315027068705048,0.185823924903761,0.138490287197023,0.124104185010555,0.471229295862185,0.0875122142861926,3.35410196624968,16.5859945740149,32.1064269394675,0.98,2.58528833333333,5.852,0.005,0,0,33.8275916479962
circularFollowing,largeOffset,204,sharmaTunedPredictor,1,,0,1000,2,0.034143276064775,0.213859844544613,1.40540232889132,0.0785450921958902,0.635263976913546,0.332165452647584,0.379850138387389,0.270765438172434,0.757932064354616,0.127529568082585,0.34413259563384,0.708792085407034,2.54253262313385,0.0351670066426613,0.19235800141596,2.16833117795181,3.28170970081806,2.23674063229116,6,0.0319004417383503,0.512266775396085,0.248542177373242,0.119430708435353,0.750356198904217,1.65951802109928,3.35410196624968,34.4577880790635,29.7566793562355,10.26,0.358148333333333,1.03,0.005,0,0,33.8275916479962
circularFollowing,largeOffset,204,sharmaTunedCorrectedPredictor,1,,0,1000,2,0.0341466110257651,0.213874629854606,1.40574043652086,0.0786304693440403,0.63627144907982,0.332218100377509,0.379930928732265,0.271015839493441,0.758582976522739,0.127625651416976,0.344301947121228,0.70782525741884,2.54468709800391,0.0351670066426613,0.19235800141596,2.16833117795181,3.28170970081806,2.23674063229116,6,0.031902333747571,0.512993166511858,0.248705526148416,0.119492018945477,0.749587077155338,1.65951802109928,3.35410196624968,34.4591656545429,29.7779765558331,10.26,0.359735,0.545,0.005,0,0,33.8275916479962
circularFollowing,largeOffset,205,structured,1,,0,1000,2,0.0354454824379838,0.218582020321796,0.66365537671254,0.0774847482679392,0.212600050644328,0.213918566697851,0.466112622350463,0.161723909836814,0.437180856148002,0.158624194983725,0.432016552581103,0.517238619693038,1.49313257171155,0.015631951270175,0.0232373484747883,0.0821349103640732,0.0940522955687545,0.00939174627550854,6,0.0342515394351223,0.201195494734864,0.148639714651069,0.142152381093472,0.506279899871683,0.0844578367251774,3.35410196624968,16.7181639562558,32.4775090999819,0.98,2.81126833333333,6.879,0.005,0,0,33.8275916479962
circularFollowing,largeOffset,205,sharmaTunedPredictor,1,,0,1000,2,0.0356468280568833,0.213704536103737,1.43867479478365,0.0776324837598454,0.587666847250261,0.335123542957292,0.403436877958193,0.267802924238922,0.732192465362637,0.14926672540404,0.4181231905154,0.741614545803523,2.3156197523732,0.0361391967077602,0.197332644007381,1.95870852896078,3.00707655302106,2.02318308985649,6,0.0345074395670016,0.49956137243952,0.254885746729566,0.134346113363888,0.752097297308987,1.5060173205512,3.35410196624968,34.6533728604182,30.112570923177,4.38,0.391226666666667,0.814,0.005,0,0,33.8275916479962
circularFollowing,largeOffset,205,sharmaTunedCorrectedPredictor,1,,0,1000,2,0.0356480744180977,0.213726891954646,1.43902587534504,0.0776030318746991,0.588549827831174,0.335173310845058,0.403419681382361,0.268037422867222,0.732661123711701,0.149324446232786,0.418231255184176,0.740758465664457,2.31333335264187,0.0361391967077602,0.197332644007381,1.95870852896078,3.00707655302106,2.02318308985649,6,0.0345072774450708,0.500191728199467,0.2550401921003,0.134430965040999,0.751636236534551,1.5060173205512,3.35410196624968,34.6547447262115,30.1339089128397,4.38,0.410775,0.635,0.005,0,0,33.8275916479962
circularFollowing,radarDropout,201,structured,1,,0,1000,2,0.0399814046456266,0.0831770708371658,0.42884034364564,0.104564313361704,0.221263674419469,0.22289547221571,0.476928203647885,0.154472216989923,0.566249925381999,0.159450684509351,0.650734546834393,0.593472796211938,1.72739191461759,0.0122948651441362,0.0236528213836147,0.0881850652346141,0.102328387295572,0.00594710414224179,6,0.0379005853568718,0.215641086536431,0.149852176095534,0.148545790142282,0.580528186362124,0.0879274025913451,1.11803398874989,5.64297784145992,10.8681198894123,0.74,2.45607333333333,6.398,0.005,0,0,33.8275916479962
circularFollowing,radarDropout,201,sharmaTunedPredictor,1,,0,1000,2,0.0404817606388452,0.081479038434235,0.643930696499033,0.11326239043298,0.60675748861012,0.337246055203224,0.414778806267331,0.27260825725827,0.80051818284343,0.152161467014294,0.627225197643771,0.72979895697707,2.43769790822393,0.0338184159296178,0.187955166107695,2.05853776672197,3.14766903015596,2.10513575121714,6,0.0380407945753296,0.507835279555341,0.25402463156875,0.140077933770473,0.700899892724525,1.60057968123083,1.11803398874989,11.5812407294312,9.48443458271888,6.22,0.392213333333333,0.837,0.005,0,0,33.8275916479962
circularFollowing,radarDropout,201,sharmaTunedCorrectedPredictor,1,,0,1000,2,0.0405370966976154,0.081508930879112,0.644062192574393,0.114485569568014,0.607728710134176,0.337342165224074,0.415038486606138,0.272753522748463,0.799502596342087,0.152159360767915,0.627622470461527,0.729658908002042,2.43487539138165,0.0338184159296178,0.187955166107695,2.05853776672197,3.14766903015596,2.10513575121714,6,0.0380380318759213,0.508532651054687,0.2541935418728,0.140173357611069,0.700277983281917,1.60057968123083,1.11803398874989,11.5819058229859,9.49170288939862,6.22,0.380526666666667,0.569,0.005,0,0,33.8275916479962
circularFollowing,radarDropout,202,structured,1,,0,1000,2,0.0474715702867721,0.0859787814102047,0.45234701958486,0.216323541683261,0.24853213758279,0.249583187237601,0.528874437466549,0.183350762827755,0.712260412637008,0.186711802766251,0.852253279241921,0.624834232162553,2.10527657454926,0.0161626777027745,0.0232931362047997,0.0854758493015558,0.10038281209075,0.00779693648773843,6,0.0367768417476335,0.216552699748646,0.154368726958879,0.151711790789587,0.568245603188953,0.088078166237462,1.11803398874989,5.69280911615145,10.8420471779811,0.68,2.68969,6.957,0.005,0,0,33.8275916479962
circularFollowing,radarDropout,202,sharmaTunedPredictor,1,,0,1000,2,0.0460016472006137,0.0836006243544446,0.646520144702019,0.196880851536905,0.626254743644084,0.359895977862641,0.451240606022968,0.276408693125808,0.94158343265368,0.177054021779774,0.729103029478652,0.847093163590407,2.84518887419803,0.03505937442631,0.193129480321103,2.03422281396313,3.12914093753306,2.11578055196677,6,0.0371162790329953,0.517450408726284,0.241039010963455,0.145736621738143,0.821152185453918,1.57059782454576,1.11803398874989,11.3816016080892,9.41186260352366,6.88,0.399636666666667,2.121,0.005,0,0,33.8275916479962
circularFollowing,radarDropout,202,sharmaTunedCorrectedPredictor,1,,0,1000,2,0.0460507753901317,0.0836264178895612,0.646628481969923,0.197413280463243,0.627225647173359,0.36004473203554,0.451524081217277,0.276519925825024,0.940420689547384,0.176913752986482,0.729818536981065,0.847440760731312,2.84289191637163,0.03505937442631,0.193129480321103,2.03422281396313,3.12914093753306,2.11578055196677,6,0.0371212623905313,0.518138826720189,0.241220263123465,0.145852553318848,0.820723940740426,1.57059782454576,1.11803398874989,11.3820328936413,9.41885883562984,6.88,0.385656666666667,0.638,0.005,0,0,33.8275916479962
circularFollowing,radarDropout,203,structured,1,,0,1000,2,0.0483274975203155,0.0833999742601173,0.431409236960567,0.196225673977437,0.256139980152734,0.257109531198245,0.553544867627747,0.160245982788906,0.522491446419608,0.168154096812909,0.750238431335619,0.741565476728789,2.86902073950198,0.013951749907593,0.022441223878324,0.0844696804454268,0.104544579003565,0.00859558738556521,6,0.0414695626018892,0.235829493053348,0.159081159408973,0.151693334285402,0.648467116375473,0.0832418111254418,1.11803398874989,5.44995726906634,10.5246050085953,0.66,2.28048833333333,6.559,0.005,0,0,33.8275916479962
circularFollowing,radarDropout,203,sharmaTunedPredictor,1,,0,1000,2,0.0481277916581204,0.0816806611692929,0.624865355489132,0.196822747571027,0.530457763214026,0.345974684796423,0.475001667135773,0.24637795553037,0.735639244277259,0.156469644974902,0.637798895667878,0.893792290348851,3.11714434460528,0.0369421298947839,0.204679521237942,1.62316187275785,2.47536606246024,1.71645386667389,6,0.0413938254457853,0.462917590392168,0.248269543579248,0.142830002433351,0.847166842156347,1.25617439550935,1.11803398874989,11.4408964530921,9.21178595797163,8.7,0.321303333333333,1.003,0.005,0,0,33.8275916479962
circularFollowing,radarDropout,203,sharmaTunedCorrectedPredictor,1,,0,1000,2,0.0480213900289081,0.0816331510807639,0.624994624912513,0.195268706074094,0.530997069586045,0.345767778357908,0.474396436877301,0.246513684103221,0.735849197274501,0.15625832101351,0.635936511869601,0.892202410981568,3.11149460244648,0.0369421298947839,0.204679521237942,1.62316187275785,2.47536606246024,1.71645386667389,6,0.0413966850362748,0.463382630255007,0.248370232921312,0.142920277077248,0.84690877776873,1.25617439550935,1.11803398874989,11.441343140678,9.21883126343112,8.7,0.323205,0.537,0.005,0,0,33.8275916479962
circularFollowing,radarDropout,204,structured,1,,0,1000,2,0.0418914943394921,0.0830470787992657,0.441337814134592,0.185727625306269,0.230991935133865,0.232070908900643,0.499282456417145,0.178064732926346,0.791063766944708,0.147615193224363,0.526130046230858,0.552132576269574,2.40696018478042,0.0139775144485755,0.0223406117041307,0.086268300175037,0.0993431892484146,0.00685226643391386,6,0.0315057868746627,0.185809001676716,0.138490174430208,0.124098911557894,0.471091690098947,0.0875123525485714,1.11803398874989,5.44069172994822,10.4901233617148,4.68,2.29128833333333,5.38,0.005,0,0,33.8275916479962
circularFollowing,radarDropout,204,sharmaTunedPredictor,1,,0,1000,2,0.0389136616020848,0.0797811873798252,0.650860409724372,0.144570525244755,0.556341896215005,0.322644899620071,0.408474295182725,0.255903434376057,0.655485488126615,0.131626388928358,0.361107339971453,0.72477661314061,2.56977768609598,0.0351647667628206,0.19237533979613,1.80934469663856,2.75850580714799,1.88937649796547,6,0.0319036083128237,0.45260119604472,0.235323422206504,0.119455132360698,0.745787578642352,1.3795549087726,1.11803398874989,11.1389357640364,9.11969908547517,10.26,0.336985,0.845,0.005,0,0,33.8275916479962
circularFollowing,radarDropout,204,sharmaTunedCorrectedPredictor,1,,0,1000,2,0.0390087146901552,0.0798210857850407,0.651004810903762,0.146063751642601,0.557279190690506,0.322888144703577,0.409196874420036,0.256161722944244,0.655851521528643,0.131850863320579,0.365093845538163,0.72500619988334,2.57150858705528,0.0351647667628206,0.19237533979613,1.80934469663856,2.75850580714799,1.88937649796547,6,0.0319051603561223,0.453163702926072,0.235435010269011,0.119503579762811,0.745217092616092,1.3795549087726,1.11803398874989,11.1393381001888,9.12610982637685,10.26,0.393615,0.508,0.005,0,0,33.8275916479962
circularFollowing,radarDropout,205,structured,1,,0,1000,2,0.0470452866493124,0.0841836736263888,0.440681120485053,0.227560127733983,0.247237676742664,0.248381849259802,0.532789787121968,0.186537430979389,0.684057168819159,0.175992520740839,0.495939291547076,0.607658796167457,2.66651033487809,0.014956116794205,0.0231690291349919,0.0831077461390126,0.0940523910443242,0.0068761009663492,6,0.0342535683385425,0.201205066123348,0.148638480267833,0.142172274668878,0.506309175936364,0.0844579651666852,1.11803398874989,5.57063246181682,10.8534259196491,0.72,2.13699666666667,6.473,0.005,0,0,33.8275916479962
circularFollowing,radarDropout,205,sharmaTunedPredictor,1,,0,1000,2,0.0459475173304189,0.0819421301400653,0.654233233874199,0.212387246403381,0.559001080663153,0.352995447071178,0.452424895795875,0.282401811430161,0.856886958004658,0.16415875948596,0.435943536957234,0.779663761533123,2.30645571421056,0.0361505365143277,0.197455795734354,1.75690774298583,2.72365492428446,1.83003155493072,6,0.0345087011818342,0.466865803583077,0.248516652690821,0.134347663001743,0.751057192246332,1.34831862298792,1.11803398874989,11.3334591996432,9.48965406405273,4.7,0.293555,0.8,0.005,0,0,33.8275916479962
circularFollowing,radarDropout,205,sharmaTunedCorrectedPredictor,1,,0,1000,2,0.0459132941465055,0.0819327870898409,0.654426141647204,0.211958794705746,0.559730882078575,0.352978813912711,0.452132778519264,0.282725939462982,0.859299555619771,0.164152109818704,0.435280287243238,0.777965762330111,2.30440336379407,0.0361505365143277,0.197455795734354,1.75690774298583,2.72365492428446,1.83003155493072,6,0.0345084575415877,0.467405565834298,0.248642567793219,0.134423587458798,0.750678834618388,1.34831862298792,1.11803398874989,11.334065172765,9.49625104399094,4.7,0.293105,0.335,0.005,0,0,33.8275916479962
circularFollowing,kinematicMismatch,201,structured,1,,0,1000,2,0.0377517773653267,0.0822814833339188,0.428872366924864,0.0930690876104463,0.222556119815836,0.223317613618558,0.481165688898072,0.157798680877848,0.557898763909289,0.156028063955225,0.543077095514611,0.583951437287633,1.73924291036737,0.0123011137535238,0.0237964686899343,0.198815148620218,0.213106628771289,0.108587589642559,6,0.0379010544268513,0.2176637585123,0.150633928015477,0.148604881346428,0.582179084186433,0.198647351603578,1.11803398874989,5.65030928701004,10.8746502958957,0.74,2.32123833333333,6.244,0.005,0,0,34.0883116882169
circularFollowing,kinematicMismatch,201,sharmaTunedPredictor,1,,0,1000,2,0.0378677876682472,0.0804112077996872,0.645246639409235,0.0921614216701168,0.608403005827882,0.336502685066525,0.414235663582702,0.274608216289517,0.707455820314099,0.147731236196899,0.501972130114122,0.715085849311345,2.44024525400434,0.0338184143469528,0.187955318347199,2.06836618276272,3.16270596250614,2.11470014636816,6,0.0380392006465287,0.509455634855296,0.254828505923412,0.140055769294402,0.701306355009321,1.60821515846596,1.11803398874989,11.582274173369,9.49065349782896,6.22,0.310293333333333,0.798,0.005,0,0,34.0883116882169
circularFollowing,kinematicMismatch,201,sharmaTunedCorrectedPredictor,1,,0,1000,2,0.0378669828766922,0.080418002318609,0.645411209890348,0.092132561267949,0.609344436025437,0.336537017294595,0.414239196668827,0.274847108319195,0.707947063406319,0.147758966678204,0.502204873277026,0.714055834580501,2.4374120660318,0.0338184143469528,0.187955318347199,2.06836618276272,3.16270596250614,2.11470014636816,6,0.0380364024590338,0.51015614511028,0.255000125557817,0.140145875430881,0.700674308919517,1.60821515846596,1.11803398874989,11.5829426950123,9.49794540438537,6.22,0.32074,0.587,0.005,0,0,34.0883116882169
circularFollowing,kinematicMismatch,202,structured,1,,0,1000,2,0.036019535814069,0.0811972126539717,0.440198844136696,0.0795054632426043,0.21226694497162,0.212192038939703,0.457683343339111,0.146738539188149,0.399605297405341,0.145323109706843,0.382226005202312,0.566421797383281,1.59943943579019,0.0161640009436222,0.0235364836307624,0.196079163661268,0.211148144338861,0.107571534052662,6,0.0367788944377643,0.218622241187207,0.154963806256385,0.153068551093427,0.569838809992987,0.198724446970929,1.11803398874989,5.69853472816593,10.8485064360697,0.66,2.16868833333333,6.506,0.005,0,0,34.0883116882169
circularFollowing,kinematicMismatch,202,sharmaTunedPredictor,1,,0,1000,2,0.0364019917310412,0.0795503896188235,0.640163983885985,0.0785769747539534,0.616650428099934,0.340574078959784,0.399534306789931,0.256462520404846,0.653719759501801,0.13931415704365,0.360694476242418,0.82416762607572,2.75075216162602,0.0350594058275593,0.193129369246796,2.03640144847883,3.13263636569226,2.11787870483323,6,0.0371188400534001,0.517779757132602,0.241617213670077,0.146905383914672,0.821352163937008,1.57232146487243,1.11803398874989,11.3824065702586,9.41794044250952,6.88,0.299685,0.846,0.005,0,0,34.0883116882169
circularFollowing,kinematicMismatch,202,sharmaTunedCorrectedPredictor,1,,0,1000,2,0.0364087523286035,0.0795564376359706,0.640324414190688,0.0785156151723757,0.617604301297475,0.340658288855084,0.399658541671783,0.256735984511284,0.654355721670107,0.139384982560393,0.361163642802796,0.823476151449248,2.74639423886502,0.0350594058275593,0.193129369246796,2.03640144847883,3.13263636569226,2.11787870483323,6,0.0371238037101576,0.518468087413743,0.241799931848408,0.147007035110007,0.820918605681037,1.57232146487243,1.11803398874989,11.3828404099954,9.42495916946705,6.88,0.300336666666667,0.573,0.005,0,0,34.0883116882169
circularFollowing,kinematicMismatch,203,structured,1,,0,1000,2,0.0394462011964422,0.0793931264355621,0.4280208168641,0.095378995762851,0.230958686357121,0.230923105755178,0.499817723035485,0.151986154798619,0.43412291652589,0.150377333165918,0.421858574564369,0.642489170822726,1.77962593652815,0.0139478143507072,0.0226408531288428,0.195065260002275,0.21532076317891,0.109907588170383,6,0.0414716853479914,0.238410363225816,0.160082501328059,0.15243753419818,0.649617130960031,0.193925499548808,1.11803398874989,5.45540190103737,10.5308579295116,0.66,2.17261166666667,5.309,0.005,0,0,34.0883116882169
circularFollowing,kinematicMismatch,203,sharmaTunedPredictor,1,,0,1000,2,0.0393426345874376,0.0776517355576597,0.625491827825825,0.0955924965641844,0.525907135369937,0.33692576534635,0.428161625797129,0.246641239052187,0.736232643829883,0.142932301956244,0.413345924278355,0.845407575689461,2.34419634656355,0.0369421287951145,0.204679578572041,1.6214441843458,2.47283451078903,1.71482504890659,6,0.0413940896499228,0.462823432104177,0.248517905055188,0.144062584202169,0.847207641395489,1.25482224034724,1.11803398874989,11.4417031586479,9.21769549341962,8.7,0.30921,0.822,0.005,0,0,34.0883116882169
circularFollowing,kinematicMismatch,203,sharmaTunedCorrectedPredictor,1,,0,1000,2,0.0393453504709407,0.0776578996612095,0.625629479548113,0.0956083858457268,0.526592286554078,0.336954296272898,0.428196065812272,0.246803365313364,0.736443026192923,0.142936975902465,0.413611718566483,0.844915660632342,2.3458776249626,0.0369421287951145,0.204679578572041,1.6214441843458,2.47283451078903,1.71482504890659,6,0.0413969736254288,0.463287287793633,0.248619108901123,0.144149245775245,0.846950920275168,1.25482224034724,1.11803398874989,11.4421524067458,9.22476392187476,8.7,0.300723333333333,0.504,0.005,0,0,34.0883116882169
circularFollowing,kinematicMismatch,204,structured,1,,0,1000,2,0.0339726043453731,0.0799549084484975,0.43162116989901,0.078951344070898,0.20259179457564,0.202506962202223,0.437797790812952,0.149650641843384,0.496427608117211,0.136583005413179,0.38688085359843,0.504196844549181,1.53860857394178,0.0139782043692238,0.0225146965753377,0.196905375109963,0.210128544720353,0.111682073669359,6,0.0315041315695441,0.187119607667655,0.138855032575349,0.125210069475474,0.47393309502896,0.198177754368202,1.11803398874989,5.4462222863485,10.4965027526027,0.68,2.13303,5.154,0.005,0,0,34.0883116882169
circularFollowing,kinematicMismatch,204,sharmaTunedPredictor,1,,0,1000,2,0.0341348661433803,0.0779216790165587,0.65120816696631,0.0785367161745909,0.55691038398552,0.318612420655415,0.378784638354564,0.255153955004062,0.726915981885526,0.129484158203714,0.347827245972964,0.703532030173929,2.56795009068232,0.0351647721099596,0.192375148416435,1.82741582657343,2.78615989170948,1.90681940385525,6,0.0318998987026809,0.455393073360972,0.23616398589033,0.120745571324353,0.746331310472804,1.39359122267737,1.11803398874989,11.1397371496052,9.12562584896525,10.26,0.316431666666667,0.79,0.005,0,0,34.0883116882169
circularFollowing,kinematicMismatch,204,sharmaTunedCorrectedPredictor,1,,0,1000,2,0.0341377323071985,0.0779240215250935,0.651327721097617,0.0786106388559436,0.557735028322995,0.318647301420656,0.37885024394471,0.255337917502407,0.727487430574794,0.129569629894148,0.348009760394171,0.702836801630804,2.56970116001458,0.0351647721099596,0.192375148416435,1.82741582657343,2.78615989170948,1.90681940385525,6,0.0319013952373577,0.455962104844424,0.236278499089104,0.120786578163884,0.745749534239532,1.39359122267737,1.11803398874989,11.1401420687976,9.13205920012966,10.26,0.347013333333333,0.529,0.005,0,0,34.0883116882169
circularFollowing,kinematicMismatch,205,structured,1,,0,1000,2,0.0354421696653143,0.079283147651225,0.431633284271088,0.0774835665253683,0.21437981986815,0.214778891171496,0.466785310826688,0.16234159951512,0.431151489686716,0.15985492567806,0.429742786212617,0.519263862615897,1.50404932425833,0.014952104142009,0.0233796538532906,0.193746235003021,0.204829886905813,0.105423129647893,6,0.0342510130775601,0.203623831187318,0.148908135315685,0.143685857086102,0.507716925988875,0.195159075165961,1.11803398874989,5.57639903898666,10.8598749558369,0.72,2.107225,5.402,0.005,0,0,34.0883116882169
circularFollowing,kinematicMismatch,205,sharmaTunedPredictor,1,,0,1000,2,0.0356432002581337,0.0775358516354636,0.646832787736501,0.0776383637440936,0.543265190186674,0.327912630506405,0.40390805202962,0.25949182324814,0.715465259967509,0.150556450175164,0.416368610345935,0.738296251158134,2.3054152986393,0.0361504847461593,0.197455558685324,1.75864547847992,2.72614621739784,1.83166934498782,6,0.0345074618196159,0.467240421118037,0.248792566266391,0.135619193619418,0.751285967464046,1.34961781529709,1.11803398874989,11.3344998165775,9.49576412000058,3.58,0.295058333333333,0.794,0.005,0,0,34.0883116882169
circularFollowing,kinematicMismatch,205,sharmaTunedCorrectedPredictor,1,,0,1000,2,0.0356443655323798,0.0775433852927025,0.646975063071633,0.0776128770010005,0.544043273322734,0.327950417297929,0.403890836042808,0.259687549457479,0.715863360808914,0.150604443008844,0.41650366618313,0.737578840343118,2.30336292174507,0.0361504847461593,0.197455558685324,1.75864547847992,2.72614621739784,1.83166934498782,6,0.0345072034968451,0.467779243171817,0.248918878400676,0.135684304302024,0.750907313455901,1.34961781529709,1.11803398874989,11.3351091836526,9.50238394984046,3.58,0.293395,0.334,0.005,0,0,34.0883116882169
avoidanceSwerve,nominal,201,structured,1,,0,1000,2,0.032868241309029,0.118540464690449,0.59206633607624,0.0657262888690793,0.152804860525261,0.152344851919889,0.188354566026859,0.0881591105021716,0.20294432402088,0.0908602625690926,0.190046984418313,0.593988474417024,1.62648760411097,0.0448463780821809,0.0328237346915013,0.0826205096360998,0.194132129782423,0.0489829461973514,3.25,0.03402302484699,0.143954613057193,0.0964866294305788,0.0929004003646182,0.524905109746804,0.0756380238084137,1.11803398874989,3.0827355736538,3.66452162785466,0.5,2.17548307692308,5.433,0.005,13.0813608130245,0.82123185476894,95.0118413672738
avoidanceSwerve,nominal,201,sharmaMatchedPredictor,1,,0,1000,2,0.0627466264764108,0.140078077832183,3.9259782735876,0.136247384199222,6.32455959936702,12.488542148017,8.58214580505271,3.53837670219862,8.54901473581378,0.49583480223107,1.31437757220336,51.925189355055,79.3578133517524,0.0690104285870798,0.426137722290628,30.4287991165165,52.7911823119126,30.8331077078482,3.25,0.0610651535950316,5.73844347736048,3.52124790524613,0.505023420217437,48.4631269867778,29.9862623948662,1.11803398874989,18.2825684852933,34.5982054109185,Inf,0.305326153846154,0.799,0.005,13.0813608130245,0.82123185476894,95.0118413672738
avoidanceSwerve,nominal,201,sharmaCertifiedHold,1,,0,1000,2,0.27545994817217,0.296191239135757,4.06602521645098,0.413028536753217,6.38377614101182,11.2518664485921,38.9341430830044,3.21370898492098,12.6805096964517,3.32169160181772,9.19248826780297,51.2729844404048,100.005521148162,0.133416044037372,0.365807473246801,27.3706357718259,51.5598722422934,27.8012254380228,3.25,0.272424953125729,6.49657061680582,3.48385076120363,3.32257430203434,51.7705328436747,28.767665723937,1.11803398874989,31.7127139462789,237.228356202311,Inf,0.304824615384615,0.521,0.005,13.0813608130245,0.82123185476894,95.0118413672738
avoidanceSwerve,nominal,201,sharmaCertifiedPredictor,1,,1,1000,2,3.65260179702635e+32,3.04121937050415e+32,4.38888737777195e+34,3.31641636623048e+33,5.27119420534883e+34,5.27119420534883e+34,1.13146946201844e+37,5.27119420534883e+34,4.57686495553479e+35,5.27117440382402e+34,4.57680278627989e+35,103.554155582943,179.708846116319,0.0539511580423457,0.372801108505357,26.704579608403,51.9468126231646,27.062541114327,3.25,4.30093367991873e+32,6.20682405337318e+34,6.20682405337318e+34,6.20680073710447e+34,103.631679854738,28.8053830064505,2031391399.52726,251274967177.321,39933260412408.6,Inf,0.30312,0.434,0.005,13.0813608130245,0.82123185476894,95.0118413672738
avoidanceSwerve,nominal,201,sharmaTunedPredictor,1,,0,1000,2,0.105094105809623,0.129397756001838,1.82585757879828,0.286728861983952,1.75640393562142,2.04104998803492,7.60109405712245,0.377922022297611,1.16276699896448,0.363495175712977,0.915420920228712,9.79364908888534,27.6825090344453,0.0386050238098389,0.382397291055772,2.71544709990078,4.15925060354326,3.15443776997947,3.25,0.0873135483446976,1.36970863810783,0.282037548754784,0.374608371007161,6.9835235468019,2.25498564688486,1.11803398874989,11.5872692747232,9.40229393080338,5.74,0.304643076923077,0.521,0.005,13.0813608130245,0.82123185476894,95.0118413672738
avoidanceSwerve,nominal,201,sharmaTunedCorrectedPredictor,1,,0,1000,2,0.105420997061358,0.129581962864935,1.8265589393273,0.28982391728225,1.76600838116744,2.05203442613114,7.66621989575943,0.382779699635264,1.18571038271634,0.366421558663135,0.914909499387079,9.84889994713689,27.9308737751446,0.0386050238098389,0.382397291055772,2.71544709990078,4.15925060354326,3.15443776997947,3.25,0.0870926680006104,1.36759623440695,0.285222468304837,0.376226817211848,6.97604029712305,2.25498564688486,1.11803398874989,11.5872690901238,9.40229143307194,5.74,0.292735384615385,0.337,0.005,13.0813608130245,0.82123185476894,95.0118413672738
avoidanceSwerve,nominal,202,structured,1,,0,1000,2,0.0261571364550894,0.120652998841574,0.590961273218515,0.0607037579092995,0.139505917247791,0.13726979898261,0.16493700955446,0.0685328790747073,0.195017701080843,0.064309765114641,0.180595367273906,0.568807519850973,1.44960464686709,0.0449382846747178,0.0315265593494283,0.084699032592824,0.205898611001451,0.0499426306272695,3.25,0.0260820030317515,0.11560633774253,0.0641891830571863,0.0592673129804989,0.459487818284158,0.0808890349951905,1.11803398874989,3.00065773971898,3.53224401091859,0.52,2.14188307692308,5.074,0.005,13.0813608130245,0.82123185476894,95.0118413672738
avoidanceSwerve,nominal,202,sharmaMatchedPredictor,1,,0,1000,2,0.0643558539757493,0.136497908403127,3.90943788367084,0.133689719719195,6.29453505272775,12.3687796764063,8.5994338943878,3.46409908428283,7.27149538846733,0.526203888862579,1.55452301591382,51.5460926203452,80.7436942445783,0.0616239854254589,0.386366358511188,29.924487302396,49.6018504331358,30.3933114797626,3.25,0.0551297536582425,5.373595771436,3.17792297399492,0.477661832552735,45.875149971964,27.9880034202286,1.11803398874989,17.8056829466219,33.7106012669726,6.5,0.443956923076923,0.994,0.005,13.0813608130245,0.82123185476894,95.0118413672738
avoidanceSwerve,nominal,202,sharmaCertifiedHold,1,,0,1000,2,0.284536699152147,0.305840079919187,3.89651284647519,0.451701870375561,6.46393631916205,11.099216619193,40.6387752544441,3.17912376568211,8.55716893475234,3.60497533564014,9.42429336836302,51.4089186811827,103.566768039558,0.127046938088326,0.338113443965567,26.5290804455605,47.2818657782966,27.0040789138714,3.25,0.276843298959345,6.30593751524203,3.26600868334451,3.57400613075798,49.9123074339412,26.5457724770284,1.11803398874989,30.0363342628813,223.882019117174,6.5,0.378784615384615,0.529,0.005,13.0813608130245,0.82123185476894,95.0118413672738
avoidanceSwerve,nominal,202,sharmaCertifiedPredictor,1,,1,1000,2,2.03793129364916e+32,1.69681680906146e+32,2.4071978490541e+34,1.85836683634522e+33,2.89112165815102e+34,2.89112165815102e+34,6.16204231131805e+36,2.89112165815102e+34,2.42489728912847e+35,2.89112039732403e+34,2.42489330252828e+35,103.96621433792,179.410078361858,0.0481770118826334,0.339129531407493,25.7048892774719,47.2827455903673,26.0995106755475,3.25,2.39966134423735e+32,3.40429184544765e+34,3.40429184544765e+34,3.40429036082557e+34,104.732214940389,26.4374619144603,1180921180.23786,149365588624.369,24862050756345.4,Inf,0.331178461538462,0.539,0.005,13.0813608130245,0.82123185476894,95.0118413672738
avoidanceSwerve,nominal,202,sharmaTunedPredictor,1,,0,1000,2,0.107302264363409,0.131062208845117,1.80178894958654,0.273011537329592,1.72350092330442,1.95890627909825,7.58117416241235,0.351516355363861,1.01112012278835,0.345036336802926,0.918620723447368,9.40906336666769,26.7103156601896,0.0386684243873376,0.374244478488961,2.28793032861791,3.47434917497247,2.87247217070611,3.25,0.0821738132980917,1.35966449944431,0.245109654269524,0.35511103658838,6.99800175377977,2.02065462057124,1.11803398874989,11.4870450272498,9.07440595239776,5.76,0.311486153846154,0.511,0.005,13.0813608130245,0.82123185476894,95.0118413672738
avoidanceSwerve,nominal,202,sharmaTunedCorrectedPredictor,1,,0,1000,2,0.107722712876142,0.131301088417818,1.8024893935897,0.276208499158716,1.73271271236765,1.96936066307865,7.645020497039,0.356658302325865,1.03766382770746,0.346876552680018,0.916593686998961,9.46109040693659,26.9713728020663,0.0386684243873376,0.374244478488961,2.28793032861791,3.47434917497247,2.87247217070611,3.25,0.0820105913685993,1.35713506596046,0.249050267939077,0.356080725889358,6.98729502298461,2.02065462057124,1.11803398874989,11.4870450801526,9.07440683278463,5.76,0.353926153846154,0.764,0.005,13.0813608130245,0.82123185476894,95.0118413672738
avoidanceSwerve,nominal,203,structured,1,,0,1000,2,0.0306072955364443,0.118663730312445,0.605634710985138,0.0587196285771259,0.132724825533979,0.132185506834691,0.157852772588472,0.0818061794551033,0.206455817592998,0.0824552919931142,0.181125640688688,0.496846414805392,1.30131367199431,0.0429258793988495,0.0335865907077927,0.0869711701705874,0.218476783010468,0.0538089548649027,3.25,0.0320751788782319,0.11967634397732,0.0783979294128531,0.0813611575697254,0.444165347648151,0.0853728382438969,1.11803398874989,3.20442590871445,3.76788766589051,0.5,2.24724307692308,6.315,0.005,13.0813608130245,0.82123185476894,95.0118413672738
avoidanceSwerve,nominal,203,sharmaMatchedPredictor,1,,0,1000,2,0.0676566026300621,0.147547433235171,3.91233455830876,0.158596904008184,6.23188915099444,12.3703020562196,8.67683993052427,3.51832543542108,8.75598208028595,0.633498549224035,1.56655295440492,51.4453931592886,85.6197943432703,0.0751813141791668,0.473663561951904,30.3777087573017,55.7064134527648,30.87174707401,3.25,0.0648648767092396,6.03026790199964,3.7805607857754,0.614376625147149,50.4228685969782,31.4578892960047,1.11803398874989,18.7904425909483,34.5533734911408,Inf,0.307581538461538,0.824,0.005,13.0813608130245,0.82123185476894,95.0118413672738
avoidanceSwerve,nominal,203,sharmaCertifiedHold,1,,0,1000,2,0.28000521831778,0.298415376293504,4.05238746352324,0.400740981950323,6.38838982829828,11.3021842083247,38.694758863787,3.37168627025993,12.1551117720865,3.38138108498363,7.64053966656596,51.0671123889137,97.4260559694866,0.129463620262827,0.405915389657832,27.6804754221101,54.2022796550711,28.1679673679397,3.25,0.276444366693764,6.6847831017507,3.60185326918023,3.36402804869759,53.9223931147268,30.3017332999445,1.11803398874989,34.834656812952,262.177347476855,Inf,0.298095384615385,0.332,0.005,13.0813608130245,0.82123185476894,95.0118413672738
avoidanceSwerve,nominal,203,sharmaCertifiedPredictor,1,,1,1000,2,3.30658164589721e+32,2.75311701369771e+32,4.07601758434969e+34,3.01465057461879e+33,4.89542757017185e+34,4.89542757017185e+34,1.05368920375094e+37,4.89542757017185e+34,4.71473885113796e+35,4.89541884122788e+34,4.71477388245255e+35,103.684586715409,179.4599827577,0.062283240098855,0.422209200972639,27.3817936068579,54.4549555205594,27.7975056449026,3.25,3.89349541957142e+32,5.76435934825855e+34,5.76435934825855e+34,5.76434906993883e+34,103.665797087792,30.2720283115901,1651986369.69802,199366629271.174,31143644295891.1,Inf,0.318904615384615,0.594,0.005,13.0813608130245,0.82123185476894,95.0118413672738
avoidanceSwerve,nominal,203,sharmaTunedPredictor,1,,0,1000,2,0.10739360406678,0.133307668285664,1.84584226894411,0.248027268667759,1.75836853886807,2.09039606733222,7.62998602136914,0.383785061287841,1.10511766925984,0.343470495992589,0.920132258895983,9.9628980896716,25.1378509646937,0.0434802465419416,0.404126181184647,2.93875805373704,3.80941354611122,3.45588636775968,3.25,0.0868229559010253,1.49831193201039,0.295173803586196,0.35601295598609,8.57653411262716,3.11045441057831,1.11803398874989,12.0267986234324,9.74950400018734,6.24,0.310830769230769,0.701,0.005,13.0813608130245,0.82123185476894,95.0118413672738
avoidanceSwerve,nominal,203,sharmaTunedCorrectedPredictor,1,,0,1000,2,0.107754450184326,0.133509385644194,1.8466667182305,0.251046733979075,1.76695630460777,2.09975416114369,7.6943159760453,0.389464140629641,1.10641303151217,0.346444784815281,0.94730669464959,10.008206910126,25.3973024748018,0.0434802465419416,0.404126181184647,2.93875805373704,3.80941354611122,3.45588636775968,3.25,0.0866854539632734,1.49655065835436,0.299331413283285,0.357737212307924,8.57002697514299,3.11045441057831,1.11803398874989,12.0267985648445,9.74950265146771,6.24,0.323350769230769,0.562,0.005,13.0813608130245,0.82123185476894,95.0118413672738
avoidanceSwerve,nominal,204,structured,1,,0,1000,2,0.0301723841608384,0.124337439677053,0.600437129026604,0.0554420133079779,0.143386262396183,0.139481499394698,0.173932401987703,0.0848456241566142,0.206227978489999,0.0886717334357736,0.222106690155947,0.528600629655854,1.6891431872883,0.0500985822427276,0.0320709748439821,0.0848947814958655,0.201822931071904,0.0537554741761869,3.25,0.0311055260003634,0.118067527961763,0.08247574480555,0.0838242413568594,0.404074533459908,0.0799006072342994,1.11803398874989,3.24939392915898,3.7577418283464,0.5,2.24579692307692,5.8,0.005,13.0813608130245,0.82123185476894,95.0118413672738
avoidanceSwerve,nominal,204,sharmaMatchedPredictor,1,,0,1000,2,0.0674037372734859,0.144367374917898,3.88739910881708,0.137604099469441,6.36126124431882,12.5524623933445,8.61222376077378,3.53196464459375,7.77121115755709,0.630798431181431,1.47987019497782,52.2984391530074,78.4053413832856,0.080791602812515,0.475632270349026,30.5642103941311,51.9462499163411,31.0086937892972,3.25,0.0619125039239551,5.76968771851909,3.50900263946346,0.575234224434762,48.7602253098697,30.0662291808264,1.11803398874989,17.7892094934658,31.7034852212359,Inf,0.308203076923077,0.819,0.005,13.0813608130245,0.82123185476894,95.0118413672738
avoidanceSwerve,nominal,204,sharmaCertifiedHold,1,,0,1000,2,0.285284138361944,0.300598879992131,3.97640590646818,0.427288234212578,6.50082226734335,11.3130554700517,39.9827983827942,3.39916160376882,11.3393062143834,3.46570291579789,8.15479372079778,51.1772218639438,93.8179848277353,0.13377801289376,0.410418913659108,27.3187448574209,51.0636470082381,27.7834107491033,3.25,0.278553454269125,6.60107267465491,3.57630659603364,3.36280890785544,52.4247690091718,29.1914310343507,1.11803398874989,29.0742855594864,216.65964975846,Inf,0.296646153846154,0.339,0.005,13.0813608130245,0.82123185476894,95.0118413672738
avoidanceSwerve,nominal,204,sharmaCertifiedPredictor,1,,1,1000,2,1.16063001675302e+33,9.6636060679033e+32,1.37549946356784e+35,1.13028716221134e+34,1.65201887807383e+35,1.65201887807383e+35,3.34863027617531e+37,1.65201887807383e+35,1.76921302698477e+36,1.65201723054008e+35,1.76920137356938e+36,103.370324388002,178.635791055932,0.0666956453182149,0.427225872329361,26.8402449865788,51.6286835903003,27.2346811857623,3.25,1.36664027626598e+33,1.94524999641455e+35,1.94524999641455e+35,1.94524805644579e+35,103.775132934708,29.3050294138373,5921931474.80017,671993809768.845,139428707027144,Inf,0.303033846153846,0.339,0.005,13.0813608130245,0.82123185476894,95.0118413672738
avoidanceSwerve,nominal,204,sharmaTunedPredictor,1,,0,1000,2,0.107296539537283,0.134600803126386,1.82988012671571,0.236159349726981,1.73930279379155,1.9630286009122,7.69180525526047,0.37316966321936,1.20912431554122,0.344171247080585,0.92816133527085,9.45609988485787,27.5472404287945,0.0447557099130456,0.402032958693498,2.24119218470402,4.3437473718293,2.90695537720038,3.25,0.0913246795111358,1.35519133079892,0.271964524290322,0.367218215621331,6.20629994057585,1.207866113997,1.11803398874989,11.6990566892599,9.11232898238888,4.98,0.293689230769231,0.522,0.005,13.0813608130245,0.82123185476894,95.0118413672738
avoidanceSwerve,nominal,204,sharmaTunedCorrectedPredictor,1,,0,1000,2,0.107694108257257,0.134820733393873,1.8306486088089,0.239454187514452,1.74943879847469,1.97486612751673,7.75935923231513,0.378567695873677,1.21734820649457,0.347372533579214,0.945927658360581,9.51580524311682,27.8150930168217,0.0447557099130456,0.402032958693498,2.24119218470402,4.3437473718293,2.90695537720038,3.25,0.0912046342909991,1.35315422606219,0.276202444622083,0.36939266364112,6.19672140339646,1.207866113997,1.11803398874989,11.6990565111838,9.11232750064645,4.98,0.291110769230769,0.491,0.005,13.0813608130245,0.82123185476894,95.0118413672738
avoidanceSwerve,nominal,205,structured,1,,0,1000,2,0.0276739961389878,0.119402396505843,0.592275027154235,0.0623895709693794,0.130111277103813,0.128918695530605,0.15870627551023,0.0727089110759729,0.216364007564835,0.0693862982738204,0.213514599947025,0.509159993622054,1.25381361750801,0.0474523804364954,0.0333174407496809,0.0846227536903354,0.208311270462335,0.0497039289946057,3.25,0.0286924463285299,0.12253756007814,0.0696520514502861,0.067846785439613,0.482775338987131,0.0803534312671011,1.11803398874989,3.1728691672199,3.70577930106433,0.48,2.56494769230769,6.16,0.005,13.0813608130245,0.82123185476894,95.0118413672738
avoidanceSwerve,nominal,205,sharmaMatchedPredictor,1,,0,1000,2,0.0634297422510105,0.143009524889604,3.73086891406378,0.171369114553774,6.08571445055131,11.9759279998237,8.53241054775326,3.23591724003652,7.26134119825738,0.530831942718442,1.53005874040802,50.3985252487524,75.4384099824552,0.059709236889897,0.352570314377268,28.9683923143595,47.6179341930555,29.3147530663021,3.25,0.0553558221739964,5.35747064495265,3.10542367977883,0.531998196683385,46.0149026095262,27.890083573974,1.11803398874989,17.8245864097724,33.5031475496127,Inf,0.328861538461538,0.808,0.005,13.0813608130245,0.82123185476894,95.0118413672738
avoidanceSwerve,nominal,205,sharmaCertifiedHold,1,,0,1000,2,0.28419498978811,0.302089996884463,3.95207535167822,0.425023406994658,6.31949465804663,10.6660860581074,41.6115611722631,3.16307554083072,10.6210986017351,3.52172852504583,8.19507250249965,49.4179866366381,85.0115899758924,0.124802721796037,0.323761116995472,25.2803952384469,45.1249284277925,25.6564788330547,3.25,0.279664019326941,6.36745898337121,3.26205914997421,3.44665267204589,49.9210633505761,26.4838167375651,1.11803398874989,36.1328974701061,272.449712030165,Inf,0.313849230769231,0.625,0.005,13.0813608130245,0.82123185476894,95.0118413672738
avoidanceSwerve,nominal,205,sharmaCertifiedPredictor,1,,1,1000,2,1.1824019156977e+33,9.84488266054238e+32,1.25765794625634e+35,1.09006530751318e+34,1.5104874443105e+35,1.5104874443105e+35,2.76927519855432e+37,1.5104874443105e+35,1.33651723597264e+36,1.51049363205593e+35,1.33653708614809e+36,103.832019257728,176.312216009228,0.0490633038875483,0.326385076525938,24.6564103264027,44.6738537814168,24.9461870705398,3.25,1.39227665785108e+33,1.77859692442202e+35,1.77859692442202e+35,1.7786042104839e+35,103.789603212319,26.134737597399,6876666422.20504,1108448678691.99,259470554799917,Inf,0.323458461538462,0.553,0.005,13.0813608130245,0.82123185476894,95.0118413672738
avoidanceSwerve,nominal,205,sharmaTunedPredictor,1,,0,1000,2,0.107734980866492,0.132465499435654,1.82091545412171,0.278699735544147,1.74870025418464,1.96343592529193,7.51274206058268,0.354469927906442,1.0887149863043,0.349553105986624,0.928486456051399,9.41065081631309,26.4577579357595,0.0403423865795478,0.368138126605604,2.24397276401059,3.58864704666215,2.7467836298311,3.25,0.0871517566521078,1.3940128966369,0.234730237912734,0.361613357048584,6.9269935388439,1.82625933889627,1.11803398874989,11.4576849829104,9.21520433172069,5.34,0.320673846153846,0.551,0.005,13.0813608130245,0.82123185476894,95.0118413672738
avoidanceSwerve,nominal,205,sharmaTunedCorrectedPredictor,1,,0,1000,2,0.108101503295296,0.132672344738549,1.82142664134841,0.281690701971276,1.7570316784228,1.97322883737033,7.57234839044544,0.358238343304166,1.08647965893266,0.351248708488655,0.929066273349289,9.46057960741398,26.6989835726913,0.0403423865795478,0.368138126605604,2.24397276401059,3.58864704666215,2.7467836298311,3.25,0.087022849134273,1.39133122041088,0.237646186480034,0.363067054487951,6.91638415161392,1.82625933889627,1.11803398874989,11.4576848885101,9.21520219286045,5.34,0.315329230769231,0.552,0.005,13.0813608130245,0.82123185476894,95.0118413672738
avoidanceSwerve,nominal,206,structured,1,,0,1000,2,0.0278511240376347,0.118501495725954,0.594727666997047,0.0735281206048015,0.13223739416819,0.131154037570379,0.162643031203623,0.0733385497461922,0.171716266093055,0.0808570410991665,0.280707153537076,0.519661564247813,1.36015841335041,0.0465082705635049,0.0327811630053063,0.0846789331553043,0.20894944701694,0.049719123251294,3.25,0.0272593075198686,0.116583728980994,0.0728162801366147,0.0692789537458754,0.443702900997745,0.0812926746932611,1.11803398874989,3.22146681346754,3.74280023866167,0.48,2.15635692307692,5.237,0.005,13.0813608130245,0.82123185476894,95.0118413672738
avoidanceSwerve,nominal,206,sharmaMatchedPredictor,1,,0,1000,2,0.0591060621668814,0.147338677757619,3.97989077732221,0.181807500453587,6.35873640135688,12.5889291235889,8.66496156077518,3.49036141638518,7.49130684730285,0.464407260913815,1.47102151581681,52.5402125050693,78.4910275769706,0.0707581306703687,0.416637504557945,30.7003990334999,52.7269192377493,31.0387055740138,3.25,0.0474461166634279,5.72172155796639,3.42115561774634,0.395497919727081,48.811832995267,30.0360021893679,1.11803398874989,18.2328934320148,32.7239273125648,Inf,0.34204,0.797,0.005,13.0813608130245,0.82123185476894,95.0118413672738
avoidanceSwerve,nominal,206,sharmaCertifiedHold,1,,0,1000,2,0.281136197217106,0.301023498936406,3.84237516493924,0.405716839894997,6.61503388437236,11.6190744762066,40.5653165885908,3.12399841032639,9.12592226374634,3.36487192661395,8.05169645263636,53.3785268296225,99.2963853046799,0.132922315572153,0.377847667061773,28.1599184488976,49.1720303938989,28.520407380735,3.25,0.274615926652828,6.56601342728777,3.3730470098212,3.42299163546759,52.4016340940645,28.6121438108655,1.11803398874989,31.6037717558773,235.660537449638,Inf,0.310113846153846,0.531,0.005,13.0813608130245,0.82123185476894,95.0118413672738
avoidanceSwerve,nominal,206,sharmaCertifiedPredictor,1,,1,1000,2,8.60963342340265e+32,7.16852955652291e+32,1.00491208632982e+35,7.87161847682949e+33,1.20693157750515e+35,1.20693157750515e+35,2.55735758355382e+37,1.20693157750515e+35,9.92844711339963e+35,1.20692478123442e+35,9.92835227969011e+35,104.129624235594,179.715308077405,0.0598071790551215,0.389244337499915,27.4378735590741,48.9066891100977,27.7162558630559,3.25,1.01378317211071e+33,1.42116030148027e+35,1.42116030148027e+35,1.42115229888067e+35,104.291725500092,28.5818036826384,5066587481.56166,652318359452.752,111852585962257,Inf,0.320716923076923,0.522,0.005,13.0813608130245,0.82123185476894,95.0118413672738
avoidanceSwerve,nominal,206,sharmaTunedPredictor,1,,0,1000,2,0.10868082603267,0.133288440882732,1.84007071960577,0.250190434772217,1.730741232586,1.95177449698291,7.59405719628587,0.357046044055264,1.15686479030027,0.346181415487006,0.783087636443661,9.32000995830974,25.1473158254415,0.0454303001539592,0.394175315168569,2.25215377293847,3.19293221058333,2.82475465748219,3.25,0.0862384860032065,1.42286426104782,0.249561408034685,0.339238578047647,7.38266525610473,2.11462714274987,1.11803398874989,11.8776191316015,9.31815395602327,5.54,0.306710769230769,0.517,0.005,13.0813608130245,0.82123185476894,95.0118413672738
avoidanceSwerve,nominal,206,sharmaTunedCorrectedPredictor,1,,0,1000,2,0.10908791840015,0.133518790028796,1.84089543715199,0.253439351632415,1.73933756142791,1.96157639926167,7.65654761228861,0.363126538883124,1.18067166331383,0.348799354636203,0.780892040650578,9.36697549805,25.3850786043083,0.0454303001539592,0.394175315168569,2.25215377293847,3.19293221058333,2.82475465748219,3.25,0.0860549962391837,1.42037715489101,0.253177478187945,0.340109258438506,7.37246233371441,2.11462714274987,1.11803398874989,11.8776191059089,9.31815388541345,5.54,0.303926153846154,0.512,0.005,13.0813608130245,0.82123185476894,95.0118413672738
avoidanceSwerve,nominal,207,structured,1,,0,1000,2,0.0319356442967912,0.118389754060478,0.595204034970311,0.0708481569495602,0.148126876857021,0.148008649071342,0.189699336793863,0.0890315496320714,0.204047805915314,0.0899523916808579,0.201044268503704,0.565353256568981,1.24049018740711,0.0473992185436498,0.0322054757260297,0.084569215464251,0.200267232204181,0.0580553273374457,3.25,0.0351832241727946,0.145257374777237,0.0930706233810543,0.0908026516442117,0.554379158963539,0.0787741577590977,1.11803398874989,3.17212237068326,3.67640131096448,0.5,2.18915384615385,6.294,0.005,13.0813608130245,0.82123185476894,95.0118413672738
avoidanceSwerve,nominal,207,sharmaMatchedPredictor,1,,0,1000,2,0.0622647450030351,0.143541623246649,3.82763740951332,0.137938646743417,6.07461650737152,11.8458151892284,8.58586941952075,3.34440639050374,7.72707755833549,0.49474231543025,1.27867889986786,49.2907119596989,76.0090155087725,0.0615537570124029,0.356943553474146,28.4192458151558,49.0073804604027,28.8911135010733,3.25,0.0581857471844894,4.87959432442857,2.85908975168394,0.493055202196617,41.7306996475333,25.3200059135514,1.11803398874989,18.7219934263607,34.3704375553691,Inf,0.329206153846154,0.838,0.005,13.0813608130245,0.82123185476894,95.0118413672738
avoidanceSwerve,nominal,207,sharmaCertifiedHold,1,,0,1000,2,0.285702920558399,0.30382727005669,3.89061147212969,0.413887194637464,6.10817244001807,10.1574286032688,41.099142463817,3.05519059132856,8.45470155326043,3.44327821465892,7.92310469575124,46.7992612025737,93.6740074906955,0.124781569876066,0.316763338351416,23.8437902113219,47.9218841404633,24.3136717488777,3.25,0.278398089439216,6.04316296872819,3.19077137484616,3.40736615993225,46.3974631122796,24.6357836937394,1.11803398874989,32.5479958856797,243.903255201485,Inf,0.327283076923077,0.609,0.005,13.0813608130245,0.82123185476894,95.0118413672738
avoidanceSwerve,nominal,207,sharmaCertifiedPredictor,1,,1,1000,2,2.21987269827842e+32,1.8483043663708e+32,2.41057779507891e+34,1.98621349974517e+33,2.89518108150068e+34,2.89518108150068e+34,5.67853599464962e+36,2.89518108150068e+34,2.31957667087903e+35,2.89518813577177e+34,2.31961459249033e+35,103.975382048687,179.011945773071,0.0497012112735112,0.319233041413626,23.0710639139231,47.8514983754997,23.4421434530279,3.25,2.613897102315e+32,3.40907181095602e+34,3.40907181095602e+34,3.40908011735069e+34,103.473115912438,24.5821005816411,1391762673.86774,219711095932.754,48602988127429.5,Inf,0.334101538461539,0.556,0.005,13.0813608130245,0.82123185476894,95.0118413672738
avoidanceSwerve,nominal,207,sharmaTunedPredictor,1,,0,1000,2,0.108054859408633,0.132044910365107,1.84482018719219,0.275845923437441,1.69476138336166,1.89122647478653,7.54743935181602,0.348989339066766,1.0176734055954,0.348203930084634,0.850420518098119,9.04776738382484,25.9095484849102,0.0405837307035673,0.363626010036192,1.95071397655424,3.13851410372006,2.6289687140441,3.25,0.0877940387474162,1.36862996800422,0.262788343050044,0.345106089037319,6.88104634578389,1.64333105463785,1.11803398874989,11.7653777150083,9.54622654967466,4.96,0.326523076923077,0.515,0.005,13.0813608130245,0.82123185476894,95.0118413672738
avoidanceSwerve,nominal,207,sharmaTunedCorrectedPredictor,1,,0,1000,2,0.108415277025371,0.132249557825976,1.84537059218952,0.278936989925309,1.70299565312372,1.90071859574424,7.60820130163114,0.353161926913572,1.016170572591,0.349991037479933,0.847288650610796,9.09550576538966,26.1528812913197,0.0405837307035673,0.363626010036192,1.95071397655424,3.13851410372006,2.6289687140441,3.25,0.0875820287067729,1.36569234748162,0.264892326029683,0.345623297879796,6.86907338286913,1.64333105463785,1.11803398874989,11.7653776857668,9.54622513156976,4.96,0.314467692307692,0.509,0.005,13.0813608130245,0.82123185476894,95.0118413672738
avoidanceSwerve,nominal,208,structured,1,,0,1000,2,0.0281855250495334,0.122963299144843,0.609257342066805,0.0605076096034314,0.132402308733438,0.130267996502632,0.164068723250041,0.0628239955739338,0.204139651815511,0.0627327809945629,0.176831886306999,0.545459951298078,1.3968075786845,0.0446507190335489,0.0345384198316733,0.0886865511543257,0.216141404483169,0.0550303020550168,3.25,0.0299501178385233,0.118405553761732,0.0583006997047823,0.0599126544678325,0.494794020164065,0.0873957658728194,1.11803398874989,3.25931001248225,3.77767720805367,0.5,2.20507076923077,5.449,0.005,13.0813608130245,0.82123185476894,95.0118413672738
avoidanceSwerve,nominal,208,sharmaMatchedPredictor,1,,0,1000,2,0.0629453660127219,0.147701179207811,3.95298783320869,0.130075463804717,6.31249482219174,12.4339398611369,8.59444089646835,3.51489685249516,7.67920987187816,0.565500841997339,1.42776565684318,51.745003715073,78.8791624008967,0.0637026025426057,0.396750734872872,30.1712939159557,51.546991033096,30.6182604492092,3.25,0.0587146390736137,5.59058207141819,3.37202507237281,0.546986718869582,47.3923288389164,29.1004573527805,1.11803398874989,18.1179534667457,32.5279561916641,6.5,0.352772307692308,0.791,0.005,13.0813608130245,0.82123185476894,95.0118413672738
avoidanceSwerve,nominal,208,sharmaCertifiedHold,1,,0,1000,2,0.275709183261904,0.294457850528432,3.98020851482312,0.406532632430918,6.59623511287842,11.4492848312736,40.7245596548355,3.22930257152214,8.38190292859202,3.44303431477189,8.41436990269908,52.3756384626669,99.0069248568434,0.127036735386088,0.358355999448878,27.4689724625395,50.9293429402373,27.9388187784047,3.25,0.269793863789042,6.44393078736829,3.41701750774252,3.40679780611248,51.0633505578366,27.9493733668649,1.11803398874989,35.2818405823538,264.79616434292,Inf,0.309529230769231,0.563,0.005,13.0813608130245,0.82123185476894,95.0118413672738
avoidanceSwerve,nominal,208,sharmaCertifiedPredictor,1,,1,1000,2,1.91110585811854e+32,1.59121975998746e+32,2.06572451479815e+34,1.910047863648e+33,2.48100125498751e+34,2.4810012549875e+34,4.49666057339182e+36,2.48100125498751e+34,2.52837842543137e+35,2.48101600218789e+34,2.52839085174828e+35,102.760150815015,179.988013297648,0.0550774786310649,0.374790918456164,26.6741583820649,51.2080296865124,27.0696879247164,3.25,2.25032456529033e+32,2.92137562495412e+34,2.92137562495412e+34,2.92139298976265e+34,102.601525994321,27.8960862730555,1032897958.16941,138750282578.099,31347183772110.6,Inf,0.31356,0.49,0.005,13.0813608130245,0.82123185476894,95.0118413672738
avoidanceSwerve,nominal,208,sharmaTunedPredictor,1,,0,1000,2,0.104802349826923,0.133515466055159,1.85218976045079,0.273927565526374,1.69915790934865,1.94055534503501,7.54762475039049,0.342199935196426,0.998226948408476,0.336990112253904,0.963916532753821,9.32043481957322,27.1827483974423,0.0393324777250044,0.364846443059387,2.3834395261662,3.58209244574523,2.88107238809398,3.25,0.0851083588223244,1.35135595723512,0.244963816183675,0.341766224343722,6.95241117650835,2.0639879643543,1.11803398874989,11.8962656508103,9.47340539298631,5.42,0.292996923076923,0.512,0.005,13.0813608130245,0.82123185476894,95.0118413672738
avoidanceSwerve,nominal,208,sharmaTunedCorrectedPredictor,1,,0,1000,2,0.105203305318281,0.13373388943243,1.85276330586838,0.27712539052611,1.70786108404144,1.95061217836689,7.60847733279458,0.346650054460352,1.0114024253325,0.338914752231652,0.96711173771973,9.37088651544082,27.4319933300655,0.0393324777250044,0.364846443059387,2.3834395261662,3.58209244574523,2.88107238809398,3.25,0.084969804553261,1.34897493648681,0.248360026137904,0.342774601649589,6.94321357521117,2.0639879643543,1.11803398874989,11.8962654018154,9.47340161762822,5.42,0.292138461538462,0.343,0.005,13.0813608130245,0.82123185476894,95.0118413672738
avoidanceSwerve,nominal,209,structured,1,,0,1000,2,0.0304676342331424,0.120562474900423,0.608335518271548,0.0658095403537796,0.14257731031662,0.140447586657559,0.172445434149022,0.0730860629623586,0.223445578497838,0.0754542849960714,0.202476992384767,0.573012636226988,1.58712376957607,0.0472058990513851,0.0319794140094755,0.0849222928147066,0.208476557607281,0.0481258587864438,3.25,0.0290926956874409,0.125592522566033,0.0675341514773387,0.0639883565056986,0.516316617334988,0.078372126199623,1.11803398874989,3.2820395036897,3.8289024310307,0.5,2.25500615384615,5.684,0.005,13.0813608130245,0.82123185476894,95.0118413672738
avoidanceSwerve,nominal,209,sharmaMatchedPredictor,1,,0,1000,2,0.0725083185927201,0.15451334752678,3.90022738608207,0.196818518470278,6.23851881859533,12.272944143083,8.76074757318419,3.43259432282025,8.29337139180601,0.562394817771398,1.40486929799276,51.2379398699378,80.1841296707347,0.0653519227379417,0.414072001009426,29.8017592831735,52.0453025542275,30.282790619025,3.25,0.0680168506420079,5.64779588427196,3.44014407824434,0.600318699698952,47.5968013944342,29.3064618341979,1.11803398874989,18.949006938307,35.1788499631742,Inf,0.304018461538462,0.801,0.005,13.0813608130245,0.82123185476894,95.0118413672738
avoidanceSwerve,nominal,209,sharmaCertifiedHold,1,,0,1000,2,0.277047851535266,0.293617448385643,3.74813039014618,0.386276992676552,6.36187105675575,11.2652732133719,38.2720060453311,2.95731024272823,9.18056373802582,3.22515149850635,8.12915404340884,52.0086947558536,101.05477533276,0.128091432575902,0.36193855268998,27.3794882571374,50.8609910785208,27.8865572298502,3.25,0.270777533559943,6.31305809776504,3.13401932648141,3.12640923739456,51.5411006114344,28.3408007151814,1.11803398874989,32.4838648324606,243.818938759456,Inf,0.306695384615385,0.493,0.005,13.0813608130245,0.82123185476894,95.0118413672738
avoidanceSwerve,nominal,209,sharmaCertifiedPredictor,1,,1,1000,2,1.0884202366459e+32,9.06237496140715e+31,1.24881948908187e+34,9.97320915016363e+32,1.49987217437255e+34,1.49987217437255e+34,3.14625917360272e+36,1.49987217437255e+34,1.20658084449653e+35,1.49987702894561e+34,1.20659440367336e+35,103.795298324019,179.781956621337,0.0531882451288326,0.372188614487217,26.6460824052902,51.4704099808738,27.0794479507142,3.25,1.28161335777323e+32,1.76609745841542e+34,1.76609745841542e+34,1.76610317466864e+34,103.921455765245,28.5207921173588,662695269.932122,88470001628.1668,15996336109522.7,Inf,0.555944615384615,0.979,0.005,13.0813608130245,0.82123185476894,95.0118413672738
avoidanceSwerve,nominal,209,sharmaTunedPredictor,1,,0,1000,2,0.114202725848509,0.137544931206928,1.85744740607862,0.290013531965634,1.78355415648375,2.04774188237146,7.66663843197425,0.369468579210153,1.14836422633513,0.350143336044931,0.950700799639659,9.81135718475871,28.0028022381975,0.0370542096389722,0.375644969462214,2.53245825019373,4.06666880417761,3.04991623122647,3.25,0.0898439130261283,1.37465477414287,0.285517462899848,0.347312232493316,6.89653295947812,2.04305423315666,1.11803398874989,11.9063222628809,9.70962325637406,5.38,0.304664615384615,0.567,0.005,13.0813608130245,0.82123185476894,95.0118413672738
avoidanceSwerve,nominal,209,sharmaTunedCorrectedPredictor,1,,0,1000,2,0.114649905117056,0.137802592591896,1.85817264198495,0.29317383790473,1.79343173408226,2.05899882843153,7.73275152337876,0.374691713035364,1.17884005418453,0.352884996835683,0.947516894498364,9.86735876588853,28.2575322045619,0.0370542096389722,0.375644969462214,2.53245825019373,4.06666880417761,3.04991623122647,3.25,0.0896613660193013,1.37220119468365,0.288168576985786,0.348104422423577,6.88747202443649,2.04305423315666,1.11803398874989,11.9063222254014,9.7096230450419,5.38,0.312304615384615,0.517,0.005,13.0813608130245,0.82123185476894,95.0118413672738
avoidanceSwerve,nominal,210,structured,1,,0,1000,2,0.0302694473245717,0.117999506078138,0.583547483827638,0.0704724040576853,0.143600232941292,0.142242514439057,0.179899155070764,0.0659201311072371,0.206601525644734,0.0691230851649418,0.200117186212161,0.602219430953822,1.47246544281444,0.0393842816245355,0.0328282752211818,0.0867040556100761,0.213784547321211,0.0528757019158676,3.25,0.0296781952345984,0.128819534202098,0.0582870913107234,0.0593883934644595,0.563466603832946,0.0831956368171948,1.11803398874989,3.13117011571558,3.67780751603588,0.5,2.20826769230769,6.333,0.005,13.0813608130245,0.82123185476894,95.0118413672738
avoidanceSwerve,nominal,210,sharmaMatchedPredictor,1,,0,1000,2,0.0647423829762513,0.140918420373195,4.06276891008356,0.222104288538334,6.55193475993955,12.9153758112651,8.70759860450463,3.69951838052792,8.57661772330565,0.369438871744495,1.07953561486873,53.4114384541197,81.7717377224991,0.0690810379459146,0.426390170807917,31.4054411766612,52.1766160111784,31.8082787180163,3.25,0.0490801206673731,5.76094544495931,3.51540829177166,0.341814022861025,48.8145963179898,30.1975834697916,1.11803398874989,18.1173535464621,33.8516225783988,Inf,0.328418461538462,0.83,0.005,13.0813608130245,0.82123185476894,95.0118413672738
avoidanceSwerve,nominal,210,sharmaCertifiedHold,1,,0,1000,2,0.281624355257199,0.300048606515164,4.04561732025894,0.421922727850088,6.39352688290404,11.2560641333317,39.1931615124637,3.33617519160393,9.27040021625712,3.40618439302318,8.04019059602492,51.0836030846267,95.439584207235,0.133613369631846,0.367706007038721,27.4128307665499,51.8467552504446,27.8145634095658,3.25,0.271331341041518,6.55303485161334,3.52023538802813,3.29498721519674,52.61711299397,29.4935304548372,1.11803398874989,32.663495295002,243.967818945597,Inf,0.319052307692308,0.509,0.005,13.0813608130245,0.82123185476894,95.0118413672738
avoidanceSwerve,nominal,210,sharmaCertifiedPredictor,1,,1,1000,2,2.39152368506676e+32,1.99122394397486e+32,2.81906244332394e+34,2.33949285067545e+33,3.3857842174363e+34,3.3857842174363e+34,6.81558792562944e+36,3.3857842174363e+34,3.63447627395712e+35,3.38578896246179e+34,3.63448181409031e+35,104.039338400093,179.629229215203,0.0571372679703563,0.380406243761283,26.9849033236312,52.5119268407411,27.3104616040391,3.25,2.8160159072913e+32,3.98675634052535e+34,3.98675634052535e+34,3.98676192778644e+34,104.766728162675,29.6557625280972,1225470684.28793,139182120432.062,29141026617049.3,Inf,0.325923076923077,0.578,0.005,13.0813608130245,0.82123185476894,95.0118413672738
avoidanceSwerve,nominal,210,sharmaTunedPredictor,1,,0,1000,2,0.11180559068494,0.133550885729277,1.81621103938773,0.292194358720273,1.73463522832433,2.02149811760276,7.63648789361073,0.332502483923562,1.21619600728199,0.319463288048886,0.787030887087372,9.68777920099363,26.3487057880022,0.0403075325921739,0.378489808525686,2.71368798670258,3.54177912067769,3.14779866134028,3.25,0.0876547739764063,1.45196159660733,0.197641144720316,0.329469555222061,8.28327965774563,2.90650009965304,1.11803398874989,12.0302473044672,9.33868004673409,5.78,0.318603076923077,0.537,0.005,13.0813608130245,0.82123185476894,95.0118413672738
avoidanceSwerve,nominal,210,sharmaTunedCorrectedPredictor,1,,0,1000,2,0.112197918715528,0.133778783954735,1.81687787635958,0.295240807372111,1.74251636307137,2.0301346465829,7.69751828242345,0.337716836472337,1.23422528556111,0.321998771675338,0.812202049119765,9.73005398200402,26.594564102417,0.0403075325921739,0.378489808525686,2.71368798670258,3.54177912067769,3.14779866134028,3.25,0.0874749045910227,1.44944687604,0.200835720439489,0.330489151799828,8.27466939829274,2.90650009965304,1.11803398874989,12.0302471138627,9.33867796637252,5.78,0.326212307692308,0.567,0.005,13.0813608130245,0.82123185476894,95.0118413672738
avoidanceSwerve,nominal,211,structured,1,,0,1000,2,0.0306594826161822,0.119375129937903,0.588859559892042,0.0648196879567617,0.138075793972088,0.134244760466983,0.166973323947183,0.0882545862724956,0.206306521002642,0.0900170435835846,0.283588615217226,0.483793978588294,1.48664938695739,0.0467216715380822,0.0326432472202257,0.0828546873067054,0.202784105311782,0.0525734165886035,3.25,0.0305128775375135,0.119540050260799,0.0823740555107644,0.0788197416811638,0.405500055938615,0.078485769294883,1.11803398874989,3.24749831528902,3.75785205237238,0.48,2.20466769230769,6.034,0.005,13.0813608130245,0.82123185476894,95.0118413672738
avoidanceSwerve,nominal,211,sharmaMatchedPredictor,1,,0,1000,2,0.065229540845761,0.144406430706887,4.01029054226855,0.144772035648784,6.34719398563628,12.4413140099897,8.60433429218784,3.61159999953429,7.87996077561217,0.489505444390275,1.75006012674433,51.3894563502342,81.6142163115743,0.0719358578858257,0.433799764699558,30.0872420480731,53.1976118803011,30.5564524612901,3.25,0.062427973812032,5.49497628732884,3.34410544189217,0.443821009609175,46.3198637792428,28.5299506020922,1.11803398874989,17.9999137925074,33.7947906076169,6.48,0.32852,0.808,0.005,13.0813608130245,0.82123185476894,95.0118413672738
avoidanceSwerve,nominal,211,sharmaCertifiedHold,1,,0,1000,2,0.278128220487363,0.297517437016397,4.05787453709937,0.409506647904078,6.56077513752351,11.3624341499212,40.8501541285735,3.44258953581148,10.119087883497,3.49737961739343,8.79769347415063,51.4673954194707,96.4578597387987,0.130203091838717,0.382157685952385,27.2376435604716,51.0304911478127,27.7101157942543,3.25,0.269710112494829,6.43483515451899,3.65821009663737,3.5410270804252,49.7559797910326,27.290898182349,1.11803398874989,32.392008447813,243.313895975829,Inf,0.317732307692308,0.586,0.005,13.0813608130245,0.82123185476894,95.0118413672738
avoidanceSwerve,nominal,211,sharmaCertifiedPredictor,1,,1,1000,2,5.33521440839359e+32,4.44219170504952e+32,6.05088455787083e+34,4.8882145544173e+33,7.26730601022516e+34,7.26730601022516e+34,1.51183463269537e+37,7.26730601022516e+34,5.7809167314864e+35,7.26730268899544e+34,5.78092408513651e+35,103.790070592596,179.270817024701,0.0598131482220615,0.397227905052762,26.5298736289494,51.5353595324405,26.9345725224251,3.25,6.2822077559423e+32,8.55724300609486e+34,8.55724300609486e+34,8.55723909535135e+34,103.166735098989,27.3380274028909,3264275281.50375,445478364942.414,82939493359577.8,Inf,0.344833846153846,0.664,0.005,13.0813608130245,0.82123185476894,95.0118413672738
avoidanceSwerve,nominal,211,sharmaTunedPredictor,1,,0,1000,2,0.106322815646322,0.133363234135294,1.82459757101183,0.278499349121014,1.7522941159203,1.9815099148019,7.57019902824216,0.370746133201665,0.949424788183205,0.349070260828756,1.02447307443251,9.44793438858545,27.1726247339374,0.0424883233141418,0.379477814600463,2.22192071692748,3.87150557400998,2.88556560994806,3.25,0.0868709466297842,1.4131369845073,0.314708094139238,0.362651505229612,6.8928311640005,1.56559146993507,1.11803398874989,12.0753094251655,9.20899866199133,5.3,0.356621538461538,0.511,0.005,13.0813608130245,0.82123185476894,95.0118413672738
avoidanceSwerve,nominal,211,sharmaTunedCorrectedPredictor,1,,0,1000,2,0.106684605172711,0.133563378289874,1.82533421378255,0.28152054234582,1.7615735290948,1.99229947891048,7.63454083307981,0.375940198583992,0.946609878855565,0.351073317162293,1.02401101223172,9.50088190974383,27.4237245157963,0.0424883233141418,0.379477814600463,2.22192071692748,3.87150557400998,2.88556560994806,3.25,0.0867058873334419,1.41119110193702,0.318261956205039,0.363743059835962,6.88416959926013,1.56559146993507,1.11803398874989,12.0753094139307,9.20899817090369,5.3,0.355938461538462,0.493,0.005,13.0813608130245,0.82123185476894,95.0118413672738
avoidanceSwerve,nominal,212,structured,1,,0,1000,2,0.0307683292883706,0.121110473278971,0.601734421223068,0.0796029118600707,0.14548334405412,0.142408996404408,0.176267807272851,0.0754798332532689,0.19167276316627,0.0739953034259815,0.197210950815673,0.577123371160516,1.40545816483143,0.0456575050767418,0.0326313436878923,0.0844017378220743,0.20492622644445,0.0553787312528602,3.25,0.0295254115118472,0.12190812491229,0.0752712282946954,0.0761066581111213,0.459145612887724,0.080312665885453,1.11803398874989,3.18510307455386,3.69721771430953,0.5,2.25665846153846,7.862,0.005,13.0813608130245,0.82123185476894,95.0118413672738
avoidanceSwerve,nominal,212,sharmaMatchedPredictor,1,,0,1000,2,0.0719748513514093,0.144621647191023,3.71865296510259,0.170889248971597,5.94211281808574,11.7339812676294,8.66189493012164,3.16511459926029,7.53182948455169,0.479955281686803,1.26032143837885,49.4107744730674,77.8183808751897,0.0596512434046168,0.381643989586743,28.5461879745098,49.536499074858,28.9818347626859,3.25,0.0633313118384229,5.46727298591205,3.22604799843431,0.483530078957524,46.5039324721967,28.3588370186894,1.11803398874989,18.4990516866042,34.5028606140873,Inf,0.305076923076923,0.805,0.005,13.0813608130245,0.82123185476894,95.0118413672738
avoidanceSwerve,nominal,212,sharmaCertifiedHold,1,,0,1000,2,0.282161090465723,0.302313730715947,3.98444741848232,0.441652625292549,6.113848385772,10.6730354707558,38.4463618254791,3.05912059478637,7.70054752756514,3.34185453897656,8.82390087742486,49.040125501792,106.669456203161,0.125109608479289,0.340372584710008,25.8404640126094,49.6780814504298,26.3051397627467,3.25,0.275636002127074,6.19429323643176,3.18737562956223,3.32662749930123,50.3775374253336,27.5744682312174,1.11803398874989,33.1431348137627,247.770223206178,Inf,0.297049230769231,0.328,0.005,13.0813608130245,0.82123185476894,95.0118413672738
avoidanceSwerve,nominal,212,sharmaCertifiedPredictor,1,,1,1000,2,2.56306189284582e+32,2.13404961982707e+32,3.07836512532942e+34,2.3273787948555e+33,3.69721503740703e+34,3.69721503740703e+34,7.93482828430691e+36,3.69721503740703e+34,3.20688888278182e+35,3.69722162261927e+34,3.20692967624308e+35,103.347792372973,179.978644847026,0.0477278429032625,0.344808419317569,25.5454620452123,50.0227122797911,25.9309427555732,3.25,3.01800191513659e+32,4.35346571017722e+34,4.35346571017722e+34,4.35347346425573e+34,103.22490633404,27.5893875154854,1427711654.67154,176689528905.984,28116998378668.9,Inf,0.303246153846154,0.404,0.005,13.0813608130245,0.82123185476894,95.0118413672738
avoidanceSwerve,nominal,212,sharmaTunedPredictor,1,,0,1000,2,0.113213889252937,0.136056852643958,1.86320224928483,0.319474304492925,1.76599996776945,1.97889901653876,7.64313504881917,0.360439877792354,1.14675492893736,0.326945230783075,0.792246134947959,9.52967025227685,29.0868694313279,0.0384274118121706,0.373847273613013,2.13922949161228,3.65288018267459,2.8034242713001,3.25,0.0897544334928086,1.38715696994236,0.246563538743887,0.333605455233884,6.89806692085353,1.67147207801619,1.11803398874989,11.9676240788297,9.39569219039532,5.5,0.29492,0.51,0.005,13.0813608130245,0.82123185476894,95.0118413672738
avoidanceSwerve,nominal,212,sharmaTunedCorrectedPredictor,1,,0,1000,2,0.113699673674693,0.136337395235049,1.86386000467722,0.322742792418392,1.7752766280749,1.9896536429188,7.7059498265626,0.365312587402598,1.16033436595372,0.329382648158137,0.796588442418667,9.58325891206692,29.3525775715559,0.0384274118121706,0.373847273613013,2.13922949161228,3.65288018267459,2.8034242713001,3.25,0.0896504978945373,1.38464238201786,0.249892027423174,0.334676190023529,6.88804579020478,1.67147207801619,1.11803398874989,11.9676238417955,9.39568981766055,5.5,0.293790769230769,0.328,0.005,13.0813608130245,0.82123185476894,95.0118413672738
avoidanceSwerve,nominal,213,structured,1,,0,1000,2,0.0273213745305946,0.116341346065556,0.587659737482043,0.0547082331229681,0.12573166414941,0.118031297905915,0.145726990909292,0.0654699796139852,0.180504943132389,0.0692637360149722,0.209403401968125,0.469644822561561,1.45230150184285,0.0419465666928599,0.0341939723698004,0.0875339082765988,0.21580205391931,0.0555655271313065,3.25,0.02622843599174,0.0949886451008813,0.0626444522124847,0.0625806711326803,0.308837699917332,0.0830706814679367,1.11803398874989,3.11641300016375,3.65083048192557,0.48,2.31626769230769,5.426,0.005,13.0813608130245,0.82123185476894,95.0118413672738
avoidanceSwerve,nominal,213,sharmaMatchedPredictor,1,,0,1000,2,0.058245900656771,0.139970486244215,3.60586282908615,0.137846446989431,5.7662637867891,11.329907638619,8.57913305147262,2.96172777003984,7.0376683343175,0.493304005934247,1.77707491857418,48.0575308109039,74.8236163342156,0.0634740947812584,0.369092959045165,27.3222877815045,45.9689470591775,27.7589171262121,3.25,0.0465626034640458,5.0268020125789,2.8749047521789,0.500135076749777,43.181298565628,25.9633529227519,1.11803398874989,18.4394217798973,34.7438170304144,Inf,0.321996923076923,0.8,0.005,13.0813608130245,0.82123185476894,95.0118413672738
avoidanceSwerve,nominal,213,sharmaCertifiedHold,1,,0,1000,2,0.283954795386867,0.303221443987344,3.83811548456036,0.398322158000737,6.05990014481368,10.0660152736215,41.6479168848238,2.96576489878586,8.20728092232504,3.37001075202221,9.85348770592045,46.8416965665278,91.2545266662905,0.130036566836354,0.325105489420488,23.6150706380951,43.218210428077,24.0734702372116,3.25,0.274516657293467,6.04077640521952,3.01761098978325,3.30325269681027,47.0386964857702,24.6114139129578,1.11803398874989,32.1760225293309,240.491888015571,Inf,0.323796923076923,0.528,0.005,13.0813608130245,0.82123185476894,95.0118413672738
avoidanceSwerve,nominal,213,sharmaCertifiedPredictor,1,,1,1000,2,2.63718341938768e+32,2.19576448359184e+32,3.09232269845962e+34,2.40891286365583e+33,3.71397852944313e+34,3.71397852944313e+34,7.88793911563853e+36,3.71397852944313e+34,3.0773157725704e+35,3.71397107671088e+34,3.07727758384323e+35,104.72561313132,179.992809663413,0.0502401310122344,0.323318523979883,22.9776043693488,42.6721958919239,23.3457625695126,3.25,3.10527991247274e+32,4.37320469939576e+34,4.37320469939576e+34,4.3731959238136e+34,104.900621926437,24.3246632953979,1550051836.74817,198357335834.914,33687796052319.3,Inf,0.331243076923077,0.532,0.005,13.0813608130245,0.82123185476894,95.0118413672738
avoidanceSwerve,nominal,213,sharmaTunedPredictor,1,,0,1000,2,0.108860522982254,0.132313831431252,1.83160155458433,0.27047456976513,1.77850721188067,1.98335882372854,7.64550785073533,0.306978933861041,1.0414753627723,0.334481020534656,0.87825201637926,9.57992490770515,28.2825078695135,0.0395265057361993,0.37942220597568,2.04813110379799,3.83759674944865,2.73493448890461,3.25,0.0837779877236099,1.41099590227486,0.212040686203138,0.354170188511048,6.7823172891862,1.33073761797855,1.11803398874989,11.7921775457399,9.58638229678745,5.3,0.419449230769231,0.626,0.005,13.0813608130245,0.82123185476894,95.0118413672738
avoidanceSwerve,nominal,213,sharmaTunedCorrectedPredictor,1,,0,1000,2,0.109311107870727,0.132571111186868,1.83210466447896,0.273642175549156,1.7876136905751,1.9940239200903,7.70865124748492,0.311279490583108,1.06157646847703,0.336110901181486,0.873056365764999,9.63414341413477,28.5396515295643,0.0395265057361993,0.37942220597568,2.04813110379799,3.83759674944865,2.73493448890461,3.25,0.0836893355405162,1.40822455788791,0.215302157420938,0.355205798435881,6.77053695079052,1.33073761797855,1.11803398874989,11.7921775205472,9.58638191652481,5.3,0.315181538461538,0.529,0.005,13.0813608130245,0.82123185476894,95.0118413672738
avoidanceSwerve,nominal,214,structured,1,,0,1000,2,0.0319061846885325,0.119968916622425,0.587579904189202,0.0699942665665254,0.153891478317885,0.151319859905063,0.186954424809359,0.0700364934837165,0.194405716950572,0.078698186936592,0.228037478827154,0.641277357912332,1.76692921858282,0.0490836647522566,0.0335894309055506,0.089956061040417,0.22122726672053,0.0564206300026299,3.25,0.0296814549129513,0.125952897826813,0.0696315002358997,0.0695613531143221,0.511277956848523,0.0883415185111519,1.11803398874989,3.11185535410634,3.65923540771352,0.5,2.36033846153846,7.554,0.005,13.0813608130245,0.82123185476894,95.0118413672738
avoidanceSwerve,nominal,214,sharmaMatchedPredictor,1,,0,1000,2,0.067875963387304,0.142702547970328,4.07497477392944,0.178259164204285,6.47748123204425,12.7072675855324,8.6786189752161,3.67224805745338,8.48278962377894,0.4755507353013,1.27425476183796,52.5445427743865,82.7171155233553,0.0756262341225779,0.467768925472087,30.7733594610327,54.0019106709317,31.2954371606788,3.25,0.057513931524829,5.67034300692259,3.45935487743902,0.420458272744978,47.6488937693424,29.3223365053568,1.11803398874989,17.8749989057694,32.0575482139057,Inf,0.446132307692308,0.995,0.005,13.0813608130245,0.82123185476894,95.0118413672738
avoidanceSwerve,nominal,214,sharmaCertifiedHold,1,,0,1000,2,0.275347451998173,0.29495908196732,3.9258656634808,0.401591756165833,6.50308240573874,11.3557836082938,39.7394227036051,3.3315795553187,7.74156729323169,3.32353776704589,9.58383084473981,51.4086829129779,93.5659182883396,0.129479968650193,0.397167729001048,27.2592697005186,51.6842680560844,27.803912864083,3.25,0.272637382023999,6.36073660796724,3.4975721591438,3.2712324330074,50.0875434371972,27.7489853511623,1.11803398874989,31.5286036635094,235.260310516484,Inf,0.374830769230769,0.583,0.005,13.0813608130245,0.82123185476894,95.0118413672738
avoidanceSwerve,nominal,214,sharmaCertifiedPredictor,1,,1,1000,2,1.66893723647884e+32,1.38958598111277e+32,1.97757275290682e+34,1.62557760902147e+33,2.37512816769294e+34,2.37512816769294e+34,4.81330699256633e+36,2.37512816769294e+34,2.54394328115174e+35,2.37513541360615e+34,2.54395216812352e+35,103.411945515351,179.630422137413,0.0621254026039916,0.414997405354035,25.9941305024369,52.4261071133156,26.4811073737566,3.25,1.9651713405732e+32,2.79671020774032e+34,2.79671020774032e+34,2.79671873979334e+34,103.772199027993,27.8465839477047,854212010.713137,96750207699.9057,20101513822128.7,Inf,0.315941538461538,0.51,0.005,13.0813608130245,0.82123185476894,95.0118413672738
avoidanceSwerve,nominal,214,sharmaTunedPredictor,1,,0,1000,2,0.105737356854272,0.13080872282299,1.83734978734322,0.286940034744981,1.7413073841014,2.00683700813126,7.6005728011514,0.399804698670204,1.03220570000209,0.353298337893318,1.01767477513834,9.52806631777419,24.7764974571673,0.0421361817617188,0.389063545495939,2.48064950630539,3.12209261076653,3.1146967467746,3.25,0.08522618492964,1.50456579478868,0.294256762759431,0.36701209827499,8.27962662546287,2.61529116054609,1.11803398874989,11.9228930113416,8.91868591525664,6.02,0.318846153846154,0.569,0.005,13.0813608130245,0.82123185476894,95.0118413672738
avoidanceSwerve,nominal,214,sharmaTunedCorrectedPredictor,1,,0,1000,2,0.106102268489597,0.131013404990846,1.83811369201379,0.290002689820601,1.74909029792636,2.01539754839987,7.66127453847465,0.404837846742014,1.03534499029529,0.355626085175457,1.01554937876595,9.56934629038523,25.0252622717556,0.0421361817617188,0.389063545495939,2.48064950630539,3.12209261076653,3.1146967467746,3.25,0.0850224253111832,1.50233124076607,0.297459369417037,0.368057567488331,8.27041190149424,2.61529116054609,1.11803398874989,11.9228930419417,8.91868568511891,6.02,0.301584615384615,0.502,0.005,13.0813608130245,0.82123185476894,95.0118413672738
avoidanceSwerve,nominal,215,structured,1,,0,1000,2,0.0301477640955357,0.120117742281641,0.597839017022287,0.065881513330134,0.148854911645864,0.149696908214764,0.183207994402409,0.0793944431527457,0.231887104577142,0.0781947285777741,0.242102396751214,0.606295128987564,1.47038044258526,0.0429739368226099,0.0330328478955185,0.0839518621578065,0.202743878615401,0.0497205939631442,3.25,0.03118300455803,0.130642785413331,0.0749844540952775,0.0746308989711572,0.535521329552721,0.0788304405660867,1.11803398874989,3.07505321896285,3.58487833358147,0.52,2.55049538461539,7.415,0.005,13.0813608130245,0.82123185476894,95.0118413672738
avoidanceSwerve,nominal,215,sharmaMatchedPredictor,1,,0,1000,2,0.0652355170109339,0.141747858709012,3.87750370083953,0.150808437726524,6.18783287404971,12.1823917828918,8.6128084689783,3.34901697979248,7.43957032655059,0.550650183944942,1.67189267111991,51.0495307259254,77.4832772705841,0.0815821336085277,0.474280971519401,29.5512967235599,50.3180313047656,29.9688667300071,3.25,0.0578530409883476,5.46654611941983,3.22971602300923,0.475360477268279,46.6862526518588,28.5084842400909,1.11803398874989,18.5687405377662,34.3886912613254,6.46,0.354747692307692,0.809,0.005,13.0813608130245,0.82123185476894,95.0118413672738
avoidanceSwerve,nominal,215,sharmaCertifiedHold,1,,0,1000,2,0.282286528235797,0.300841036679826,4.04840062968054,0.416196427142456,6.38978473986657,11.1460308913832,38.8739623795609,3.26410699104282,10.4928064164701,3.51471096476043,8.44262707296896,51.2549135893546,91.5055061147976,0.136251174802287,0.422475199011866,26.8620770004919,49.4072478312745,27.2932263626378,3.25,0.271790702411122,6.28050915291402,3.38609970869483,3.42606570041817,50.2572317048211,27.4386050263718,1.11803398874989,30.8135257516229,229.047836882287,Inf,0.29784,0.462,0.005,13.0813608130245,0.82123185476894,95.0118413672738
avoidanceSwerve,nominal,215,sharmaCertifiedPredictor,1,,1,1000,2,7.08075877070204e+32,5.89556210284338e+32,8.08731910695913e+34,7.06149928793641e+33,9.7131290789811e+34,9.7131290789811e+34,1.87774988065383e+37,9.7131290789811e+34,1.04363964818535e+36,9.71304013121579e+34,1.04362564788503e+36,102.776067521145,178.75965557331,0.0707076473226189,0.44445111954921,26.1331061957015,50.0130198626273,26.4942940671361,3.25,8.33758388365395e+32,1.14371963643007e+35,1.14371963643007e+35,1.14370916284272e+35,102.043947898272,27.493298425835,3715285354.44359,432633638006.465,92831457148286.8,Inf,0.306809230769231,0.431,0.005,13.0813608130245,0.82123185476894,95.0118413672738
avoidanceSwerve,nominal,215,sharmaTunedPredictor,1,,0,1000,2,0.106968694282731,0.130222730885015,1.83078440106187,0.286983411742076,1.72067851701462,1.95419400991308,7.5862398647686,0.346403244532856,1.07124470793094,0.341548199697658,0.84871960822662,9.36784000032534,26.4193912214422,0.0503733518694074,0.414694027860092,2.24452085205544,3.53093190228375,2.93306488597613,3.25,0.0854989872800669,1.37800721546447,0.21534910156178,0.33069909805955,7.06036814439192,1.93264866603953,1.11803398874989,11.817612680388,9.42781886759227,6.08,0.305033846153846,0.552,0.005,13.0813608130245,0.82123185476894,95.0118413672738
avoidanceSwerve,nominal,215,sharmaTunedCorrectedPredictor,1,,0,1000,2,0.107371946616952,0.130452596119171,1.83137435296587,0.29003611965982,1.72935314333264,1.96417995613899,7.64818430526674,0.350872833693855,1.0946384225983,0.343742507875757,0.84395057926038,9.41800568305288,26.672296060211,0.0503733518694074,0.414694027860092,2.24452085205544,3.53093190228375,2.93306488597613,3.25,0.0853080235658444,1.37512882693933,0.217470009173051,0.331539366106241,7.04986971829491,1.93264866603953,1.11803398874989,11.8176125341004,9.42781639928058,6.08,0.295907692307692,0.475,0.005,13.0813608130245,0.82123185476894,95.0118413672738
avoidanceSwerve,nominal,216,structured,1,,0,1000,2,0.0314116297352839,0.118478853465975,0.594155470027623,0.0678943910764053,0.142795392014843,0.14195230625437,0.175601582742577,0.0651102698056535,0.17237990354297,0.078182881746129,0.236475728730234,0.603115120802257,1.6139059920834,0.0459847547428418,0.0338964205622777,0.0823122748268293,0.193719582954185,0.0484011617800303,3.25,0.0304729250185608,0.139433407226901,0.0596579083562757,0.0648882802579292,0.61649817152417,0.0756556791588013,1.11803398874989,3.11901888740804,3.69449574024429,0.5,2.26680615384615,5.216,0.005,13.0813608130245,0.82123185476894,95.0118413672738
avoidanceSwerve,nominal,216,sharmaMatchedPredictor,1,,0,1000,2,0.0698445063376125,0.145890492191043,3.77693664065848,0.134767620300394,6.08764663795593,12.0343656439928,8.76672021187416,3.30699868753571,7.08743771712885,0.471196167114814,1.20866259358267,50.4261873544692,77.355577793617,0.0582992344093837,0.369884401432046,29.3315572082961,50.8483974199811,29.6821077159776,3.25,0.0633886230603839,5.67909595607458,3.40364643876793,0.489325695477178,48.2397193284932,29.6462638536534,1.11803398874989,18.4244494690245,33.379243140693,6.42,0.438286153846154,0.997,0.005,13.0813608130245,0.82123185476894,95.0118413672738
avoidanceSwerve,nominal,216,sharmaCertifiedHold,1,,0,1000,2,0.284624612856248,0.30259889576564,3.87096447833553,0.389428986676718,6.42141170836998,11.1441704630866,40.2558543925975,3.17430900802536,7.95211719271211,3.39196509419291,8.38314316771538,51.0571185253034,99.0028090566309,0.129337070447821,0.329211692729074,26.8663744191607,49.3381377348598,27.2393196955569,3.25,0.276141785824967,6.4709550508959,3.35849154578793,3.37362002610214,51.764342508073,28.4165915886662,1.11803398874989,34.792716261768,260.553145498776,Inf,0.312052307692308,0.495,0.005,13.0813608130245,0.82123185476894,95.0118413672738
avoidanceSwerve,nominal,216,sharmaCertifiedPredictor,1,,1,1000,2,1.68785746882836e+32,1.40533929349481e+32,2.03589605316243e+34,1.61422423388569e+33,2.44517631791461e+34,2.44517631791461e+34,5.07076649221591e+36,2.44517631791461e+34,2.5809744067722e+35,2.44517144038766e+34,2.58096767271663e+35,103.42397526856,179.574944020357,0.0480551719692972,0.335813415966392,26.2965697449039,49.1809834598834,26.5863830668178,3.25,1.98744988859619e+32,2.87919180996416e+34,2.87919180996416e+34,2.87918606668276e+34,103.86342792881,28.2874934989994,846307429.965376,96869529828.0755,18978307457199.6,Inf,0.333086153846154,0.61,0.005,13.0813608130245,0.82123185476894,95.0118413672738
avoidanceSwerve,nominal,216,sharmaTunedPredictor,1,,0,1000,2,0.115516441752591,0.13624853121836,1.8246851403435,0.286766754810209,1.73747894851285,1.96745249469953,7.62704718519314,0.318942927403623,0.944266303705444,0.340991558088029,0.880260675754119,9.45543681229476,27.0906119713212,0.0384072061819295,0.360921709791368,2.29235943228237,3.61012112497911,2.75764154719747,3.25,0.0889570728977148,1.34252189411096,0.23460355727053,0.342279972703822,6.77002729871771,1.91065341721582,1.11803398874989,11.8238688004027,9.27271643108462,5.38,0.360046153846154,0.629,0.005,13.0813608130245,0.82123185476894,95.0118413672738
avoidanceSwerve,nominal,216,sharmaTunedCorrectedPredictor,1,,0,1000,2,0.115965414977511,0.136512680138668,1.8253032813957,0.2898334939736,1.74659615367052,1.97788522331046,7.69000349468511,0.324004519211293,0.968829783719734,0.343778430844154,0.886075772375229,9.5076787875386,27.3426615403124,0.0384072061819295,0.360921709791368,2.29235943228237,3.61012112497911,2.75764154719747,3.25,0.0888441079896051,1.33983393007029,0.237956552389383,0.344280641652567,6.75921627385829,1.91065341721582,1.11803398874989,11.8238688335263,9.27271637085963,5.38,0.311824615384615,0.558,0.005,13.0813608130245,0.82123185476894,95.0118413672738
avoidanceSwerve,nominal,217,structured,1,,0,1000,2,0.0265882303943689,0.119514092982431,0.603193194317348,0.054358545431894,0.132536360280796,0.13162865063302,0.1660232436955,0.0738052333864591,0.19758088993011,0.0724347881640133,0.196976516622943,0.520348121999185,1.65057007021312,0.0442277626119318,0.0333826597986681,0.0827793452469482,0.202003558469392,0.0537286630491186,3.25,0.0276940112739652,0.110408648080617,0.0760615317487048,0.0750372501339683,0.402356506158991,0.0781222289358929,1.11803398874989,3.31025197432854,3.8952469852919,0.5,2.29903076923077,6.632,0.005,13.0813608130245,0.82123185476894,95.0118413672738
avoidanceSwerve,nominal,217,sharmaMatchedPredictor,1,,0,1000,2,0.0599462051132078,0.149446631105323,3.87372599525354,0.143647826463094,6.13865214351564,12.0289865897314,8.52341585062565,3.33365434275744,7.29639575063976,0.489892595065777,1.35108450032967,50.2910671904096,77.0773155651908,0.0599959922820624,0.35598124568671,28.982296599865,47.6825465125218,29.3572016077532,3.25,0.0544651895769582,5.22049838820025,3.03668971117173,0.470001510042033,44.6482138814477,27.045170304136,1.11803398874989,18.4766597384555,33.863859864703,6.44,0.309898461538462,0.793,0.005,13.0813608130245,0.82123185476894,95.0118413672738
avoidanceSwerve,nominal,217,sharmaCertifiedHold,1,,0,1000,2,0.280793819629559,0.300784163023597,3.91422859639196,0.42388604667946,6.16060769605685,10.5662528762459,39.2677965036027,3.12158821834314,10.5930550665272,3.36816744646223,8.53087704058254,48.53193531791,89.4434591493525,0.125457169583232,0.317480358161462,25.1878972744482,46.5766099729648,25.571583315996,3.25,0.275225797840423,6.14910338683943,3.29339669540276,3.30417774181678,48.0252696867415,25.9789598824955,1.11803398874989,32.1930829300533,240.367784851936,Inf,0.300384615384615,0.38,0.005,13.0813608130245,0.82123185476894,95.0118413672738
avoidanceSwerve,nominal,217,sharmaCertifiedPredictor,1,,1,1000,2,3.22901336460043e+31,2.68853232236658e+31,3.49795216983871e+33,3.23153720238583e+32,4.20115250658393e+33,4.20115250658393e+33,7.63044169094537e+35,4.20115250658393e+33,4.30058165697145e+34,4.2011521855977e+33,4.30057072340712e+34,104.666512484879,179.750140125689,0.0484814947300119,0.319481077919277,24.3360738425516,46.8785231463246,24.6255720251422,3.25,3.80215887316925e+31,4.9468513991183e+33,4.9468513991183e+33,4.94685102115745e+33,104.53130698164,26.121774708003,176846674.855855,23085705373.6062,5291108483519.06,Inf,0.309215384615385,0.383,0.005,13.0813608130245,0.82123185476894,95.0118413672738
avoidanceSwerve,nominal,217,sharmaTunedPredictor,1,,0,1000,2,0.105775469193218,0.131865922632681,1.84686835474559,0.23018559009136,1.67258326528412,1.84778362053922,7.58455854957317,0.400819147583158,1.42034703410471,0.342750033097387,0.998302496434299,8.84685556406619,25.9810004101847,0.0417753575006433,0.365216669059619,1.88975135618818,3.38863289591422,2.45508945352544,3.25,0.0904451120012897,1.33383859222559,0.271982166979126,0.35189449641875,6.36879867494679,1.33552450728158,1.11803398874989,11.7749812624805,9.4148059160602,4.98,0.307329230769231,0.537,0.005,13.0813608130245,0.82123185476894,95.0118413672738
avoidanceSwerve,nominal,217,sharmaTunedCorrectedPredictor,1,,0,1000,2,0.106135335516165,0.13206622969717,1.84751219400166,0.233293364299006,1.6813029107528,1.8579568336553,7.64615597778521,0.405076646013586,1.42625323924956,0.3451282764432,0.994243857086346,8.89858150280811,26.2434678926624,0.0417753575006433,0.365216669059619,1.88975135618818,3.38863289591422,2.45508945352544,3.25,0.0902990978735244,1.33126025430932,0.27458849299476,0.353207608202658,6.35751845491041,1.33552450728158,1.11803398874989,11.7749811137631,9.41480368757518,4.98,0.390575384615385,0.545,0.005,13.0813608130245,0.82123185476894,95.0118413672738
avoidanceSwerve,nominal,218,structured,1,,0,1000,2,0.0318304447796595,0.115032117018534,0.581632849851908,0.0763350182270878,0.160440737532284,0.158243384793437,0.198879849977944,0.0916681896708546,0.245694299390795,0.0902588610042736,0.24351122652693,0.6165972954775,1.65666945654545,0.0421657277996689,0.0316746687857897,0.0848072722534862,0.202732312459576,0.0583541347159958,3.25,0.0324895528692632,0.139722686663865,0.094304352476961,0.0907785753881805,0.504755434858422,0.0796195909540927,1.11803398874989,3.12726067192337,3.65524768715174,0.5,2.43912,5.752,0.005,13.0813608130245,0.82123185476894,95.0118413672738
avoidanceSwerve,nominal,218,sharmaMatchedPredictor,1,,0,1000,2,0.0695205448034304,0.143816273750676,3.73734353034229,0.142640069773581,6.00352182436136,11.9521624874461,8.5637102439712,3.32121680733515,8.39163740776581,0.531331763750886,1.44480469336693,49.9863227472479,79.3791094041845,0.075632254190604,0.445594540488595,29.377426157311,53.3858696649438,29.7600333280468,3.25,0.0662526645522199,5.85831194588855,3.6191285207514,0.5485012076794,49.1681176688893,30.4866571952005,1.11803398874989,18.6535686654848,35.1274956274647,6.5,0.320043076923077,0.791,0.005,13.0813608130245,0.82123185476894,95.0118413672738
avoidanceSwerve,nominal,218,sharmaCertifiedHold,1,,0,1000,2,0.281447795513154,0.300600548097465,4.16062629239466,0.400401163591236,6.29412228449069,10.665964763008,41.4657933632517,3.44216696721668,10.1436794203923,3.45848813096958,8.31892468152228,47.9561989173107,99.6598414784566,0.130412750003305,0.39733479426011,25.482480988418,52.2093031917971,25.9214200945199,3.25,0.274786883354222,6.40507748991537,3.64769722619095,3.40832397522152,49.8295297044223,27.7266191809112,1.11803398874989,35.9942184655101,271.00197026331,Inf,0.381083076923077,0.496,0.005,13.0813608130245,0.82123185476894,95.0118413672738
avoidanceSwerve,nominal,218,sharmaCertifiedPredictor,0,non-finite estimate at t = 0.260 s,1,1000,2,Inf,Inf,1.57308036015101e+116,Inf,Inf,1.83057117090057e+34,Inf,1.83057117090057e+34,1.93834609864217e+35,1.83057625583678e+34,1.93834238725646e+35,104.173295959514,179.872468440535,0.0656007182093724,0.416845367004449,26.5345230432811,52.4578532261192,26.847122937275,3.25,Inf,Inf,2.15549507992474e+34,2.15550106743025e+34,104.402447975884,29.488795041169,Inf,Inf,Inf,Inf,0.352476923076923,0.618,0.005,13.0813608130245,0.82123185476894,95.0118413672738
avoidanceSwerve,nominal,218,sharmaTunedPredictor,1,,0,1000,2,0.106933752453288,0.128431424253947,1.80583259141791,0.284569928933877,1.711760996176,1.99709033711459,7.53141382779243,0.334537533311777,0.946212468092224,0.359067590139063,0.970619282056592,9.52827470502189,24.8282370505628,0.0453696284974684,0.397834292425759,2.64996533220417,3.2089814339748,3.12505852639456,3.25,0.0873273684556992,1.4292920012866,0.274399085757652,0.372602120485424,7.84045186750815,2.65993961890109,1.11803398874989,11.5167065342779,9.5949600901482,5.64,0.309735384615385,0.528,0.005,13.0813608130245,0.82123185476894,95.0118413672738
avoidanceSwerve,nominal,218,sharmaTunedCorrectedPredictor,1,,0,1000,2,0.107275287190963,0.128628737048689,1.80643222341091,0.287616126190711,1.72009232803268,2.0064975938364,7.59216822104998,0.339175115959144,0.972116567902509,0.360300079844801,0.965730812011383,9.57427025200617,25.0684772855531,0.0453696284974684,0.397834292425759,2.64996533220417,3.2089814339748,3.12505852639456,3.25,0.0870872078819857,1.42699536451263,0.277775134497984,0.373353917443717,7.8321646244239,2.65993961890109,1.11803398874989,11.5167064758439,9.59495965665505,5.64,0.304910769230769,0.504,0.005,13.0813608130245,0.82123185476894,95.0118413672738
avoidanceSwerve,nominal,219,structured,1,,0,1000,2,0.0275194537042929,0.119137658405274,0.607985953206275,0.051732860116757,0.146496894768074,0.144754628349016,0.174266777080572,0.0759388246072103,0.18641879065947,0.075269814610141,0.187952923325764,0.589550500510713,1.89994865503364,0.0478461819241159,0.0329736868431901,0.0858831851758697,0.198238696534318,0.0496145475460926,3.25,0.0283910195719659,0.115208648734314,0.0753227094856031,0.0735664882079183,0.425146664250323,0.0779741247250738,1.11803398874989,3.20709141216179,3.77624532852376,0.5,2.27771076923077,5.375,0.005,13.0813608130245,0.82123185476894,95.0118413672738
avoidanceSwerve,nominal,219,sharmaMatchedPredictor,1,,0,1000,2,0.0616651504236281,0.147892535376244,3.87897328864798,0.136271068571453,6.07288242279341,12.0482078946771,8.51701483721496,3.30474617710456,7.64855453673506,0.421390748797889,1.40526690352397,50.5128033096572,81.3262253438745,0.0713875320000205,0.42696116643153,29.4472217290913,52.0690085022049,29.8551739719108,3.25,0.0581093432866663,5.70882088239885,3.44227755180539,0.439929460774223,48.3587044579753,29.7646970441033,1.11803398874989,18.9527886820751,35.1848654758317,6.48,0.322710769230769,0.846,0.005,13.0813608130245,0.82123185476894,95.0118413672738
avoidanceSwerve,nominal,219,sharmaCertifiedHold,1,,0,1000,2,0.286049132158542,0.303122002300651,3.96660204825064,0.426928422623628,6.39560676382914,11.1577473982329,39.7905406473829,3.23665132245117,8.27266419700658,3.38465355039481,8.54849062917648,50.9377246057007,97.9761178417148,0.131174488306891,0.373278405016527,26.9692378176192,51.1094849414026,27.4126778594649,3.25,0.278578710203819,6.45726103114322,3.41150340820725,3.38809839475757,51.9195372175043,28.6616047106138,1.11803398874989,32.4009860430991,241.168932715192,Inf,0.319298461538462,0.528,0.005,13.0813608130245,0.82123185476894,95.0118413672738
avoidanceSwerve,nominal,219,sharmaCertifiedPredictor,1,,1,1000,2,1.0989719341166e+33,9.15023021780469e+32,1.16592498072881e+35,1.0459772343024e+34,1.40031321683381e+35,1.40031321683381e+35,2.52731323426134e+37,1.40031321683381e+35,1.29838418185656e+36,1.40030941696361e+35,1.29837665814849e+36,103.245518590722,178.947407728272,0.0582688947242262,0.384675907850323,26.5003625840267,51.3088497881702,26.8752318906318,3.25,1.29403796728555e+33,1.64886692045628e+35,1.64886692045628e+35,1.64886244611425e+35,103.985640388243,28.602320028199,6202651820.27952,960485386493.735,222002726036074,Inf,0.324086153846154,0.505,0.005,13.0813608130245,0.82123185476894,95.0118413672738
avoidanceSwerve,nominal,219,sharmaTunedPredictor,1,,0,1000,2,0.110597791586162,0.135052177636874,1.84609046429214,0.266311668105441,1.78410793292962,2.02744548561406,7.61330210507837,0.331503464499589,1.09278588296998,0.340461044681276,0.764766447493741,9.78969891542649,28.1686436529074,0.0420195070388278,0.388860979288156,2.33956460101107,4.03091306981127,2.99083021908922,3.25,0.092685295943295,1.4107118524616,0.202320835465722,0.33458662673685,6.96787709103255,1.69258763243328,1.11803398874989,12.1002703152729,9.67805616619276,5.38,0.307283076923077,0.507,0.005,13.0813608130245,0.82123185476894,95.0118413672738
avoidanceSwerve,nominal,219,sharmaTunedCorrectedPredictor,1,,0,1000,2,0.111041982944229,0.135304626442677,1.84669122810508,0.269653942112084,1.7936149546676,2.03849138793724,7.67800026199829,0.336295332248925,1.09435262619528,0.342749299301082,0.774282120250639,9.84583749820568,28.4280147273336,0.0420195070388278,0.388860979288156,2.33956460101107,4.03091306981127,2.99083021908922,3.25,0.0925328587516502,1.40814718261861,0.205858325222153,0.335186435620278,6.95821759377529,1.69258763243328,1.11803398874989,12.1002701992876,9.67805466356205,5.38,0.331458461538462,0.672,0.005,13.0813608130245,0.82123185476894,95.0118413672738
avoidanceSwerve,nominal,220,structured,1,,0,1000,2,0.0296821596154729,0.122094597662534,0.605288205606638,0.061006469372698,0.139277426976519,0.139763457602374,0.164906075481758,0.0798075182579214,0.170779536299968,0.0746453264707295,0.169281401096754,0.54882872588146,1.40908051125354,0.0464815561074408,0.0331679385391645,0.0852497848779113,0.207283203829874,0.0563197127320803,3.25,0.0319806331293903,0.119783988671705,0.0732874972726441,0.0753327071600422,0.478301267877296,0.0795851749415734,1.11803398874989,3.16626353080982,3.6060494690699,0.5,2.32783384615385,5.487,0.005,13.0813608130245,0.82123185476894,95.0118413672738
avoidanceSwerve,nominal,220,sharmaMatchedPredictor,1,,0,1000,2,0.0622183141976685,0.140455968669758,3.60553977731385,0.149776604203531,5.82215160715607,11.5737310201753,8.54726504234292,3.0691419101257,7.23102656809853,0.534973885198857,1.5976742002502,48.983725281696,77.0300929196221,0.0720279695635252,0.416616382986372,28.3319016111248,49.6890226699073,28.6922711021205,3.25,0.0595069467888697,5.58232078454529,3.30966160612416,0.553107109155336,47.744089506602,29.2077214437092,1.11803398874989,18.7292688640529,34.1248830069796,Inf,0.301873846153846,0.803,0.005,13.0813608130245,0.82123185476894,95.0118413672738
avoidanceSwerve,nominal,220,sharmaCertifiedHold,1,,0,1000,2,0.284996826543024,0.296726127435712,3.79284957605369,0.414896433711144,6.01746292304659,10.4702211683591,38.1466515828353,3.0178252948335,10.2551813494498,3.30447547449793,8.42999266807712,48.1040077843484,96.599930697004,0.126945999239036,0.361446282486476,25.3724069819299,47.8214019478354,25.760808539188,3.25,0.278893187820653,6.20088940694795,3.12233669898723,3.25220720219791,50.7285980693129,27.779582722251,1.11803398874989,33.3608776172009,249.827607758496,Inf,0.307633846153846,0.558,0.005,13.0813608130245,0.82123185476894,95.0118413672738
avoidanceSwerve,nominal,220,sharmaCertifiedPredictor,1,,1,1000,2,1.9327115354579e+32,1.60920902027059e+32,2.09685262460867e+34,1.9356637268465e+33,2.51838711111306e+34,2.51838711111306e+34,4.58092888927521e+36,2.51838711111306e+34,2.58521398633473e+35,2.51837395034195e+34,2.58519155590487e+35,104.307389076784,176.315710328545,0.058206005191347,0.367337226849558,25.0704139924039,47.8341376716122,25.3840325565837,3.25,2.2757652211598e+32,2.9653974200192e+34,2.9653974200192e+34,2.965381923229e+34,104.200694590698,27.6058253460857,1050424327.42039,137549499079.007,31370052887955.3,Inf,0.323206153846154,0.581,0.005,13.0813608130245,0.82123185476894,95.0118413672738
avoidanceSwerve,nominal,220,sharmaTunedPredictor,1,,0,1000,2,0.112278885464786,0.136611582573152,1.83656468097362,0.273951024975294,1.75861289887586,1.97374923149278,7.61805770557257,0.35406237771142,1.17871377563399,0.334627601256644,0.766537662716811,9.48873496383538,25.445322683596,0.0441702383545512,0.394851322335565,2.14998736783132,3.03253396531112,2.8143906475936,3.25,0.0941805932973828,1.43811521951619,0.241284876142351,0.347928197250048,7.49918528397503,2.04201915233159,1.11803398874989,11.6822043842403,9.60467407782992,5.62,0.306055384615385,0.54,0.005,13.0813608130245,0.82123185476894,95.0118413672738
avoidanceSwerve,nominal,220,sharmaTunedCorrectedPredictor,1,,0,1000,2,0.112633196900604,0.136813624811528,1.83715429141822,0.277184586718147,1.76685785016397,1.98307693240096,7.6803376242137,0.358447680347937,1.18971190458784,0.337331416218785,0.792437357208922,9.53572138005206,25.7039150352341,0.0441702383545512,0.394851322335565,2.14998736783132,3.03253396531112,2.8143906475936,3.25,0.0940118715134658,1.43509723634378,0.243783524128507,0.349374313676063,7.4869970178169,2.04201915233159,1.11803398874989,11.6822043466638,9.60467296619803,5.62,0.314907692307692,0.612,0.005,13.0813608130245,0.82123185476894,95.0118413672738
avoidanceSwerve,noiseFree,201,structured,1,,0,1000,2,0.0101709488069766,0.116567152897044,0.591914529988822,0.0267280900767075,0.104806516157588,0.101883514505348,0.117778973212032,0.0282664278337362,0.0738273159443423,0.0276496781712286,0.105857298741714,0.468005421838702,1.18119272939005,0.0443319368289367,0.0327060596959181,0.0848578951945789,0.205845324036611,0.0520653625519999,3.25,0.00771932470182744,0.0705924005318605,0.00796410103891605,0.00945929008839245,0.344336688390497,0.0803397060209124,1.11803398874989,3.1495932405278,3.67057234437942,0.5,2.17422461538461,6.5,0.005,13.0813608130245,0.82123185476894,95.0118413672738
avoidanceSwerve,noiseFree,201,sharmaTunedPredictor,1,,0,1000,2,0.102561458349981,0.127925073088574,1.82182025913216,0.253708751605381,1.71518831786886,1.92677280955096,7.59732279128902,0.305709574924475,0.849442071654931,0.313199218816168,0.726512852135983,9.29817297297491,26.199905027,0.021149299608959,0.326203719520213,2.05545174769614,3.70923369267353,2.67586645971022,3.25,0.079203545731762,1.35355245859805,0.166587161179519,0.322231254318377,6.64601322352317,1.41992278948972,1.11803398874989,11.734428173047,9.2633492124723,4.98,0.322966153846154,0.791,0.005,13.0813608130245,0.82123185476894,95.0118413672738
avoidanceSwerve,noiseFree,201,sharmaTunedCorrectedPredictor,1,,0,1000,2,0.103008595180359,0.128173891955792,1.82246811568559,0.256936726826031,1.72437779143085,1.93746109126773,7.66079659943429,0.311229818622357,0.851581293855082,0.315672215039642,0.726710328247364,9.35161041489661,26.4589234574128,0.021149299608959,0.326203719520213,2.05545174769614,3.70923369267353,2.67586645971022,3.25,0.079046890019847,1.35100293559237,0.171670205660771,0.323617962282401,6.6352123011021,1.41992278948972,1.11803398874989,11.734428173047,9.2633492124723,4.98,0.314095384615385,0.569,0.005,13.0813608130245,0.82123185476894,95.0118413672738
avoidanceSwerve,sample20Hz,201,structured,1,,0,1000,2,0.0502744774757194,0.14272078357253,0.622025207019184,0.126181911637219,0.292049622703827,0.281987135315882,0.340518382403093,0.113542563874411,0.264804712468377,0.138284451308364,0.392056605327365,1.23478821189803,2.77027485623346,0.062881227624969,0.066271539232047,0.211916245059915,0.50986376073877,0.0850652279966374,3.25,0.0447397028275423,0.233981745879504,0.112211656263069,0.114328221833633,1.00455651846829,0.19196407567593,1.11803398874989,3.12383137969946,3.64016890291109,0.5,3.76353076923077,7.415,0.005,13.0380685533109,0.820989128449325,95.0118413672738
avoidanceSwerve,sample20Hz,201,sharmaTunedPredictor,1,,0,1000,2,0.151498819214395,0.177357928373134,1.96947808929632,0.408624013596075,1.7782219406511,1.97001857179655,7.68404903533285,0.444417529657108,1.68433440972939,0.392171162336272,0.946302757077046,9.40245496191859,27.8525044676668,0.0616421472550982,0.456296041275133,1.89049118498057,3.48824383832209,2.69153803578396,3.25,0.114851742361006,1.3683811855882,0.320315804654048,0.386846026655529,6.49714328021969,1.28273986312903,1.11803398874989,12.2036566944357,9.78247655980912,5.35,0.676069230769231,1.205,0.005,13.0380685533109,0.820989128449325,95.0118413672738
avoidanceSwerve,sample20Hz,201,sharmaTunedCorrectedPredictor,1,,0,1000,2,0.152159075642613,0.177750131538434,1.97021063207275,0.413009632623672,1.78838081224569,1.98152595147453,7.75138062288104,0.449067242085747,1.71809435586342,0.395104571204976,0.974387394822678,9.45998324989138,28.1285986569617,0.0616421472550982,0.456296041275133,1.89049118498057,3.48824383832209,2.69153803578396,3.25,0.114715726664186,1.36507565700793,0.320780937059503,0.387817103691709,6.48490703749716,1.28273986312903,1.11803398874989,12.2036566040095,9.7824761399966,5.35,0.674407692307692,1.055,0.005,13.0380685533109,0.820989128449325,95.0118413672738
avoidanceSwerve,sample20Hz,202,structured,1,,0,1000,2,0.0447112691727051,0.148905883191431,0.652954567096125,0.100302702219785,0.27642114750717,0.264923337663884,0.319999575368759,0.121246845260481,0.303957029637601,0.0986657094628579,0.217444913490315,1.12795705232258,2.80527633952602,0.057841239851713,0.0690678374071617,0.209501702356508,0.503354111860082,0.0932751556020642,3.25,0.0440206349642382,0.224817638636126,0.0996004909345637,0.101575260449716,0.977134894400132,0.189267110164677,1.11803398874989,3.35042010327695,3.826461745654,0.5,3.27494615384615,6.526,0.005,13.0380685533109,0.820989128449325,95.0118413672738
avoidanceSwerve,sample20Hz,202,sharmaTunedPredictor,1,,0,1000,2,0.147458890630817,0.179295816001827,1.96762321827509,0.351296681761213,1.7846408586035,1.92054980663368,7.54012158448802,0.417288336815812,1.23155326230702,0.389979300367254,1.10043334951641,9.12213220159824,25.2725137879689,0.0636942834996309,0.490863174225118,1.37097511917317,2.1895017320197,2.58029548611984,3.25,0.117539722111574,1.51397188282302,0.345767378710799,0.415364570762744,7.46711684338978,1.3367968833853,1.11803398874989,12.2349856366603,9.79431750484037,5.6,0.647923076923077,1.131,0.005,13.0380685533109,0.820989128449325,95.0118413672738
avoidanceSwerve,sample20Hz,202,sharmaTunedCorrectedPredictor,1,,0,1000,2,0.147977198363384,0.179592203336162,1.96820827258423,0.355506107797406,1.79262389647985,1.9293449896665,7.59727642658751,0.421241659661461,1.25432012196595,0.390482445216268,1.09347896943714,9.1653782271635,25.5276780585178,0.0636942834996309,0.490863174225118,1.37097511917317,2.1895017320197,2.58029548611984,3.25,0.117360665675943,1.511127811224,0.34879544788438,0.415893201942149,7.45263859474997,1.3367968833853,1.11803398874989,12.2349855839659,9.79431653802313,5.6,0.667061538461538,0.995,0.005,13.0380685533109,0.820989128449325,95.0118413672738
avoidanceSwerve,sample20Hz,203,structured,1,,0,1000,2,0.0580486884821964,0.149525167623026,0.636898813341799,0.119659447684951,0.322663711687416,0.316645244025311,0.390895236610065,0.12749797433393,0.298946470947698,0.135257662922598,0.321998400895108,1.38719397736334,2.94054930920053,0.0646370118693292,0.0697080480439002,0.214604061741286,0.520114642270333,0.0900401205002002,3.25,0.0563811638987359,0.265305201560204,0.109157711226764,0.112489544980022,1.20649497208014,0.199959545659682,1.11803398874989,3.22130769259777,3.77091352310026,0.55,4.07638461538461,8.102,0.005,13.0380685533109,0.820989128449325,95.0118413672738
avoidanceSwerve,sample20Hz,203,sharmaTunedPredictor,1,,0,1000,2,0.152675838894578,0.179079056346426,1.96933850142941,0.400778874781414,1.80033795550084,2.02840139977769,7.59662505940383,0.485785989710564,1.41964592888009,0.408984985214271,1.21067385917452,9.68497461053845,30.2661074952986,0.0675515013223444,0.486494196475943,2.39875885640358,3.96344752681827,3.04246916324752,3.25,0.125130344307831,1.38368697930273,0.426233311693722,0.416018862276558,6.38320184389357,1.88217438414186,1.11803398874989,12.2546736596878,9.82410392191117,5.5,0.667438461538462,1.128,0.005,13.0380685533109,0.820989128449325,95.0118413672738
avoidanceSwerve,sample20Hz,203,sharmaTunedCorrectedPredictor,1,,0,1000,2,0.153172990387962,0.17937371980888,1.96986688577546,0.405056362697646,1.8103128155043,2.03992816401614,7.66059325029682,0.488859903529937,1.41506984846285,0.41115712600939,1.20500039294793,9.74508680425665,30.5390707979317,0.0675515013223444,0.486494196475943,2.39875885640358,3.96344752681827,3.04246916324752,3.25,0.12489272736386,1.38063738484486,0.426791720691079,0.416645080051698,6.37321214394031,1.88217438414186,1.11803398874989,12.2546736357723,9.82410391566823,5.5,0.652192307692308,0.751,0.005,13.0380685533109,0.820989128449325,95.0118413672738
avoidanceSwerve,sample20Hz,204,structured,1,,0,1000,2,0.0602488299058151,0.148012164498123,0.642143530929053,0.143095625198425,0.311949930225422,0.30108512776469,0.368456489797506,0.11206143202717,0.332411160409444,0.15054483003325,0.446383200335891,1.33649735034788,2.84997921964495,0.0645651291618278,0.0663122605020159,0.212015646521164,0.496761363478558,0.0925491238779961,3.25,0.0485259832826356,0.267931611243183,0.103878839446417,0.0941977217775302,1.21767841306247,0.190423642317272,1.11803398874989,3.28376387796792,3.88155565835086,1.05,3.55808461538461,9.426,0.005,13.0380685533109,0.820989128449325,95.0118413672738
avoidanceSwerve,sample20Hz,204,sharmaTunedPredictor,1,,0,1000,2,0.158991555929256,0.184561430347891,1.96645848660668,0.397517376947332,1.74950216598764,1.88085538573264,7.75330410728004,0.413546025939634,1.27024867836184,0.394769133896229,1.12937447512323,8.96911268753776,25.869872839593,0.0675492103701877,0.486241433207806,1.61384303367337,2.79060641533137,2.42938723577091,3.25,0.117533539303082,1.40030670578475,0.359607108768043,0.422588206674486,6.44193241561008,1.31569615754152,1.11803398874989,12.592601739155,9.67199526730296,5.55,0.639015384615385,1.148,0.005,13.0380685533109,0.820989128449325,95.0118413672738
avoidanceSwerve,sample20Hz,204,sharmaTunedCorrectedPredictor,1,,0,1000,2,0.159534376677123,0.184886530437185,1.9670892498109,0.401631305689753,1.75862910629742,1.8911712133731,7.81730815769009,0.417842358864199,1.28111449027601,0.397008863662705,1.13059471005482,9.02152845561024,26.1412201728278,0.0675492103701877,0.486241433207806,1.61384303367337,2.79060641533137,2.42938723577091,3.25,0.117314385987009,1.39713950885791,0.361741589795022,0.423785961623838,6.42719751607959,1.31569615754152,1.11803398874989,12.5926016614435,9.6719946831275,5.55,0.636376923076923,0.681,0.005,13.0380685533109,0.820989128449325,95.0118413672738
avoidanceSwerve,sample20Hz,205,structured,1,,0,1000,2,0.0500957780655184,0.14859432668441,0.645454702219024,0.116356220596764,0.30347061958841,0.290448032912916,0.365895400786057,0.111226333683017,0.247732217160884,0.111484659713406,0.268959396830258,1.28261645469683,3.47723033117378,0.063967742224093,0.0682916832741449,0.211640373190328,0.510419624733376,0.0927909552305322,3.25,0.0475720632766879,0.230442044482409,0.1039843266774,0.099846788935529,0.998522454044487,0.195223399024469,1.11803398874989,3.48824620741246,3.9947562793548,0.55,3.50108461538462,7.991,0.005,13.0380685533109,0.820989128449325,95.0118413672738
avoidanceSwerve,sample20Hz,205,sharmaTunedPredictor,1,,0,1000,2,0.145149960619253,0.179664875118737,1.97556615605593,0.403017551235127,1.71360599255157,1.95630238667231,7.53985861551331,0.466032098710442,1.62795556638154,0.402211201297315,1.1082765433811,9.25617184041234,24.8309789239602,0.0624604072555679,0.457426290236851,2.39418942533975,3.2374381176938,2.89666132426699,3.25,0.122327699986296,1.47425964082965,0.351381206787418,0.416694710076998,7.87085234303216,2.51980227331937,1.11803398874989,12.4727827982215,10.2322432091747,5.7,0.687546153846154,1.157,0.005,13.0380685533109,0.820989128449325,95.0118413672738
avoidanceSwerve,sample20Hz,205,sharmaTunedCorrectedPredictor,1,,0,1000,2,0.145592512090996,0.179913444228214,1.9760657464392,0.407001181556936,1.72122630077915,1.96473767891876,7.59512050252718,0.469071120312924,1.63766183921507,0.402539087431284,1.10783551594475,9.29958333835262,25.0721077039749,0.0624604072555679,0.457426290236851,2.39418942533975,3.2374381176938,2.89666132426699,3.25,0.122089874284393,1.47139279459346,0.353372808590363,0.416624501959634,7.85938899803192,2.51980227331937,1.11803398874989,12.4727827577983,10.2322426121761,5.7,0.659953846153846,1.038,0.005,13.0380685533109,0.820989128449325,95.0118413672738
avoidanceSwerve,sample100Hz,201,structured,1,,0,1000,2,0.0206133739859004,0.111642342148227,0.57913186354733,0.0594682637512837,0.0894709154403918,0.0902751584606276,0.110814645297621,0.0562278598496593,0.199671797177061,0.0535089533911792,0.180206784232666,0.337809835557285,0.962809588749453,0.0382143291662728,0.0222982978655532,0.0510778142482985,0.149667876091545,0.0429798795406087,3.25,0.0183759530137071,0.0612526141349942,0.0371276383427336,0.0385343743968899,0.237127220627156,0.0424363524693242,1.11803398874989,3.02061449395314,3.5900013996345,0.5,1.84484307692308,5.015,0.005,13.0814029230163,0.82123185476894,95.0118413672738
avoidanceSwerve,sample100Hz,201,sharmaTunedPredictor,1,,0,1000,2,0.0954080355066904,0.117467660060627,1.77523544676827,0.235168398373645,1.73852443431175,1.98265259510086,7.61195117742022,0.324618760975872,0.958173421466205,0.320398220573217,0.830529863716148,9.56269234591145,27.868401253947,0.0311491377311923,0.34390002228582,2.35071541278074,4.33146269239061,2.92366671851046,3.25,0.0800263218911941,1.36802482571539,0.216585419851298,0.325374936594008,6.6205946126727,1.49568090185204,1.11803398874989,11.5628761748569,8.81359600373696,4.96,0.187176923076923,0.684,0.005,13.0814029230163,0.82123185476894,95.0118413672738
avoidanceSwerve,sample100Hz,201,sharmaTunedCorrectedPredictor,1,,0,1000,2,0.0957986888707705,0.117687716120028,1.77589066587475,0.238140981066561,1.74798028112842,1.99380566603978,7.67685285979001,0.329751336235861,0.959581064999096,0.323033371315662,0.82925986672732,9.61891837319649,28.1240348308662,0.0311491377311923,0.34390002228582,2.35071541278074,4.33146269239061,2.92366671851046,3.25,0.079912564971481,1.36596684521739,0.220891777514141,0.327037184496451,6.61265428685699,1.49568090185204,1.11803398874989,11.5628760838809,8.81359437723175,4.96,0.191447692307692,0.367,0.005,13.0814029230163,0.82123185476894,95.0118413672738
avoidanceSwerve,sample100Hz,202,structured,1,,0,1000,2,0.0220604917432378,0.110093165336624,0.587730782955257,0.0548822650387736,0.0993538888680893,0.100445988524501,0.125232509651107,0.0601296280213549,0.158773482158795,0.0513519234415635,0.150494612445609,0.384391476244296,1.06791770172575,0.0408350354797673,0.0226826846236072,0.0552667834284059,0.162572629218758,0.0441889587352162,3.25,0.0216766545263971,0.0835221435618107,0.0519345311820238,0.0513008019461388,0.321369468782899,0.0477317838036518,1.11803398874989,3.15038142154157,3.6450023280329,0.49,1.89976615384615,5.686,0.005,13.0814029230163,0.82123185476894,95.0118413672738
avoidanceSwerve,sample100Hz,202,sharmaTunedPredictor,1,,0,1000,2,0.093989620821135,0.117490853178178,1.79834892566564,0.271408563945742,1.6992816052371,1.94119311710888,7.56634812375376,0.350060572077008,1.0986589933245,0.326993817316928,0.907296572876803,9.29952819749475,24.8519037085233,0.0312155244969715,0.354859900734848,2.36492380430994,3.10628377418924,2.90057852803858,3.25,0.0747662194209063,1.39547327945015,0.221788087269831,0.34899055357873,7.62776172905732,2.40795023949652,1.11803398874989,11.469875715722,9.2732910206217,5.63,0.178613846153846,0.69,0.005,13.0814029230163,0.82123185476894,95.0118413672738
avoidanceSwerve,sample100Hz,202,sharmaTunedCorrectedPredictor,1,,0,1000,2,0.094325640847076,0.117677264398466,1.79886496300104,0.274215095733293,1.70684122765389,1.94974042875704,7.6245578259971,0.353866798959335,1.10963555934137,0.328433563564747,0.907788237014422,9.34261286554925,25.0956291631955,0.0312155244969715,0.354859900734848,2.36492380430994,3.10628377418924,2.90057852803858,3.25,0.0746069143598025,1.39291332903339,0.225290891813115,0.350194393791921,7.61775543262069,2.40795023949652,1.11803398874989,11.4698756978606,9.27329062542997,5.63,0.186383076923077,0.361,0.005,13.0814029230163,0.82123185476894,95.0118413672738
avoidanceSwerve,sample100Hz,203,structured,1,,0,1000,2,0.0185092682644314,0.111913698772439,0.591735506235008,0.0532837249332169,0.0841907323692841,0.0827404001070037,0.113060884931401,0.0405304653371428,0.146834971995778,0.0519290272824756,0.173060463604095,0.344217489434904,1.17945533109842,0.0388678618544822,0.0220704506374031,0.0533201395989599,0.163529254671339,0.0457656305026447,3.25,0.0147317941189606,0.0639857029166082,0.0377919033796772,0.0383787052887321,0.248578126170839,0.0425573774030402,1.11803398874989,3.14313106306691,3.7160346742579,0.5,1.94465692307692,5.594,0.005,13.0814029230163,0.82123185476894,95.0118413672738
avoidanceSwerve,sample100Hz,203,sharmaTunedPredictor,1,,0,1000,2,0.0961291999659601,0.118940333566353,1.78503082694596,0.229056936759746,1.77271059507025,2.05013597713811,7.65046500021675,0.335252725464626,1.09136140154014,0.324300279085982,0.904650623036037,9.80565867506376,23.9342381538592,0.0325765007614789,0.364873951220326,2.59300733853276,3.44157870589004,3.14896335310623,3.25,0.0742626082221464,1.4975510152377,0.19790729280898,0.338662663775957,8.52054807226262,2.82189480056627,1.11803398874989,11.4057290396399,9.21441482447828,5.6,0.183767692307692,0.69,0.005,13.0814029230163,0.82123185476894,95.0118413672738
avoidanceSwerve,sample100Hz,203,sharmaTunedCorrectedPredictor,1,,0,1000,2,0.0965075239171894,0.119152393987757,1.78573940467631,0.231843130268301,1.78028477553036,2.05837289785276,7.711249163586,0.340656070634703,1.10687610760304,0.327000006873846,0.905881026445183,9.84576742202639,24.1790616400111,0.0325765007614789,0.364873951220326,2.59300733853276,3.44157870589004,3.14896335310623,3.25,0.0741200460186659,1.49506827629226,0.201968466640803,0.340154978584377,8.51129111415382,2.82189480056627,1.11803398874989,11.4057289516071,9.21441343380692,5.6,0.1791,0.321,0.005,13.0814029230163,0.82123185476894,95.0118413672738
avoidanceSwerve,sample100Hz,204,structured,1,,0,1000,2,0.0202045753579359,0.112247396266357,0.586888058911542,0.0435493555895356,0.0878982844907367,0.0907504562040646,0.113450324780304,0.0541416204961491,0.162507853099303,0.0544792613721249,0.153957812571516,0.347909479240807,0.949543386082435,0.0394665301963181,0.0221034198790584,0.0530661968275052,0.15226740375826,0.0411132510683697,3.25,0.0207839344670052,0.0872392792801621,0.0542248881108541,0.0541429633733874,0.334363669801295,0.0466800401481071,1.11803398874989,3.13594133743072,3.64849261158936,0.49,1.87593538461538,4.734,0.005,13.0814029230163,0.82123185476894,95.0118413672738
avoidanceSwerve,sample100Hz,204,sharmaTunedPredictor,1,,0,1000,2,0.0958516164217707,0.118738992743732,1.78809273994126,0.242383594654418,1.71397651751878,1.93303712134563,7.56053414362474,0.345114929383582,0.92397605240957,0.335522099776925,0.825767983706665,9.26549101208908,25.7410478645403,0.0296646081504857,0.347914502704769,2.21821009676931,3.56903144217332,2.77953650751339,3.25,0.0768114913727434,1.36503968064595,0.231976417893405,0.333439799705866,6.88850394233476,1.84378352536053,1.11803398874989,11.495437060236,9.03856464942268,5.32,0.184670769230769,0.67,0.005,13.0814029230163,0.82123185476894,95.0118413672738
avoidanceSwerve,sample100Hz,204,sharmaTunedCorrectedPredictor,1,,0,1000,2,0.096239536848621,0.11895617529883,1.7888699865641,0.24521076391241,1.72279299491988,1.94326187432212,7.62351981076011,0.35088096594428,0.952883750088221,0.33835865632304,0.84964202444483,9.31574876165194,25.9831984012754,0.0296646081504857,0.347914502704769,2.21821009676931,3.56903144217332,2.77953650751339,3.25,0.0767170974672098,1.36291702501961,0.237049631382596,0.335364752226495,6.87903878370269,1.84378352536053,1.11803398874989,11.4954369518203,9.03856289258379,5.32,0.183469230769231,0.32,0.005,13.0814029230163,0.82123185476894,95.0118413672738
avoidanceSwerve,sample100Hz,205,structured,1,,0,1000,2,0.0190125461077016,0.113035473353788,0.583806675239715,0.0453429399948461,0.0832070378383678,0.0838908454300735,0.108545054821076,0.0446812509945302,0.120699685874513,0.0393247994519453,0.11932256818929,0.33934370750582,0.924047936414778,0.0396695341241946,0.0219959556988337,0.0525132585205592,0.16102751903307,0.0489984952911899,3.25,0.0197125803333647,0.0777496542074946,0.0385669731209442,0.0398674163149027,0.324138501046076,0.0420204094806092,1.11803398874989,3.08649984352339,3.60410520719295,0.5,1.86035076923077,4.96,0.005,13.0814029230163,0.82123185476894,95.0118413672738
avoidanceSwerve,sample100Hz,205,sharmaTunedPredictor,1,,0,1000,2,0.097560351579757,0.120627074387345,1.78761813689892,0.243782316747352,1.73155563569784,2.00875884330563,7.61906823923826,0.320959315404644,1.00408707555777,0.324188225751032,0.855823503730257,9.67532657638249,26.4719835721485,0.0325996099285353,0.346686124226718,2.60053341818269,4.20514849940514,3.0824992498619,3.25,0.0784692382512414,1.35662763842957,0.22314731795653,0.333022503830005,6.97253261941646,2.08768771028529,1.11803398874989,11.3982434753132,8.81342824801696,5.25,0.194869230769231,0.68,0.005,13.0814029230163,0.82123185476894,95.0118413672738
avoidanceSwerve,sample100Hz,205,sharmaTunedCorrectedPredictor,1,,0,1000,2,0.0979542080111478,0.120847998554444,1.78825854728226,0.246760183734709,1.74092539448775,2.01965152170573,7.68317585777922,0.326068247033161,1.00243679005118,0.326457410371346,0.857540258290584,9.72986611146227,26.7247735411538,0.0325996099285353,0.346686124226718,2.60053341818269,4.20514849940514,3.0824992498619,3.25,0.0783351495952779,1.35463191276996,0.228049105989128,0.334780625674583,6.96499391548209,2.08768771028529,1.11803398874989,11.3982433676237,8.81342679947137,5.25,0.186512307692308,0.343,0.005,13.0814029230163,0.82123185476894,95.0118413672738
avoidanceSwerve,noise2x,201,structured,1,,0,1000,2,0.0636348976820692,0.127344611552035,0.602724372976978,0.121597677967792,0.243129735493619,0.243799891752427,0.311956234578351,0.172488890538406,0.394320107290524,0.17310128538548,0.377072381780234,0.824435141317839,2.44232016887983,0.0463583097063513,0.0331333269908405,0.0810068955984738,0.183610495648724,0.0476667303001985,3.25,0.0654228351836499,0.251375173027681,0.190188609852709,0.185779947976713,0.801054114490594,0.071576852849718,1.11803398874989,3.06297259638902,3.69650989945172,0.96,2.16518461538461,5.64,0.005,13.0813608130245,0.82123185476894,95.0118413672738
avoidanceSwerve,noise2x,201,sharmaTunedPredictor,1,,0,1000,2,0.120468531827272,0.140730144962093,1.85327682588767,0.32696894679949,1.81641360511632,2.08142273960394,7.58920642217332,0.526762295364102,1.61098712407006,0.457846463556363,1.14949399519969,9.80863868168451,27.5207449762742,0.0677878716261428,0.500590932239125,2.65393967223996,3.68809357502896,3.3296167237378,3.25,0.110168932588309,1.4892451427288,0.463490349357852,0.477901762399067,7.54083126425867,2.4201449498168,1.11803398874989,11.4428313025465,9.55362771957338,6.4,0.296187692307692,0.804,0.005,13.0813608130245,0.82123185476894,95.0118413672738
avoidanceSwerve,noise2x,201,sharmaTunedCorrectedPredictor,1,,0,1000,2,0.120630425587332,0.140826240018022,1.8539909867329,0.329961456020725,1.82495690533642,2.09123369258139,7.65215596437098,0.530375369745048,1.62332857394189,0.460503232820535,1.14457091675027,9.85834143046219,27.7530432977859,0.0677878716261428,0.500590932239125,2.65393967223996,3.68809357502896,3.3296167237378,3.25,0.10992332687279,1.48727016304112,0.465347680277091,0.479289869720396,7.53356827787705,2.4201449498168,1.11803398874989,11.4428305357633,9.55361693727597,6.4,0.323523076923077,0.583,0.005,13.0813608130245,0.82123185476894,95.0118413672738
avoidanceSwerve,noise2x,202,structured,1,,0,1000,2,0.0491953900897153,0.130361248214595,0.597501620596213,0.115711036892813,0.209210520163744,0.207701753146659,0.26350075908875,0.126236073251534,0.34653842451894,0.121700914474244,0.342186379481575,0.788924950882082,1.85695024231683,0.0463240663608288,0.0305077267383053,0.0848005613030004,0.207137836784054,0.048567435567847,3.25,0.0510972907099783,0.196711704142513,0.124521888109965,0.119563975246785,0.723923968499518,0.0817229296844101,1.11803398874989,2.89663301741623,3.39389412515283,1.08,2.38649230769231,7.758,0.005,13.0813608130245,0.82123185476894,95.0118413672738
avoidanceSwerve,noise2x,202,sharmaTunedPredictor,1,,0,1000,2,0.121923135181404,0.143296613785876,1.80080020296421,0.297952849837599,1.77815291208819,2.00239384147514,7.60693445321932,0.452989221144065,1.29868049963236,0.417757717901333,1.12725646781308,9.54062102841454,28.5050425254186,0.0702565996785389,0.497801021471618,2.17336051507476,3.77110997688646,3.05773263842603,3.25,0.0982281930788138,1.38281442285333,0.38742312076587,0.424538491356532,6.70787591261959,1.68309390497958,1.11803398874989,11.2489004375024,9.10714441343205,6.44,0.311590769230769,0.805,0.005,13.0813608130245,0.82123185476894,95.0118413672738
avoidanceSwerve,noise2x,202,sharmaTunedCorrectedPredictor,1,,0,1000,2,0.122303600811617,0.14352119447902,1.8015572103394,0.301289237768293,1.78782189262963,2.01346063504357,7.67306690823,0.4573093381899,1.32585995160451,0.419111198628697,1.12569056961554,9.59621704469436,28.7737689502834,0.0702565996785389,0.497801021471618,2.17336051507476,3.77110997688646,3.05773263842603,3.25,0.0980860174816763,1.38040632747853,0.390267682146811,0.425251099025865,6.69665801349981,1.68309390497958,1.11803398874989,11.2489006428622,9.10714780561396,6.44,0.316043076923077,0.519,0.005,13.0813608130245,0.82123185476894,95.0118413672738
avoidanceSwerve,noise2x,203,structured,1,,0,1000,2,0.0609452281950923,0.128581557107738,0.629084251296879,0.126477768729656,0.213055328336003,0.213940312213659,0.27036089109387,0.155018581176451,0.36092979376525,0.155221441344431,0.349360303496749,0.705311931929745,1.80238295956235,0.0425536309897101,0.0346790053638564,0.0896429991373646,0.231202403684428,0.0582173611045942,3.25,0.0640700125960579,0.21783165977924,0.157012469576736,0.160917851560487,0.733049000873077,0.090703116259261,1.11803398874989,3.28845945266946,3.88112680258826,0.48,2.11440307692308,6.499,0.005,13.0813608130245,0.82123185476894,95.0118413672738
avoidanceSwerve,noise2x,203,sharmaTunedPredictor,1,,0,1000,2,0.124343766937759,0.148616457965604,1.88999989798529,0.264433887410575,1.85144006096821,2.25188126130997,7.71079484363743,0.531551073955503,1.71961241337725,0.426596424540085,1.29987635965504,10.5777981170713,26.2353154817977,0.0785259744094554,0.556799623821965,3.39606606613966,4.53110040020662,4.13176118043566,3.25,0.108953570786456,1.63664455349368,0.483354907208165,0.44147707601496,9.48277999978609,3.68006221045981,1.11803398874989,12.3191568058308,10.2495000704266,Inf,0.305596923076923,0.791,0.005,13.0813608130245,0.82123185476894,95.0118413672738
avoidanceSwerve,noise2x,203,sharmaTunedCorrectedPredictor,1,,0,1000,2,0.124623117990745,0.14877859836522,1.89099620503951,0.264160360341719,1.8602472936149,2.26137399606906,7.77867842826688,0.536638209815167,1.72917637838903,0.429825902098674,1.32822800410866,10.623361051764,26.4998338204809,0.0785259744094554,0.556799623821965,3.39606606613966,4.53110040020662,4.13176118043566,3.25,0.108859509659184,1.63571649477424,0.486738805269701,0.443446132109822,9.47974797939243,3.68006221045981,1.11803398874989,12.3191565724205,10.2494946984083,Inf,0.318298461538462,0.629,0.005,13.0813608130245,0.82123185476894,95.0118413672738
avoidanceSwerve,noise2x,204,structured,1,,0,1000,2,0.0588902151923109,0.137760763943449,0.61773318463712,0.113911501530944,0.229539160065367,0.226127892289629,0.292234846876176,0.160059657577801,0.355171784061524,0.166662142787538,0.400342932145136,0.761868367504998,2.18407002036428,0.0567842259324546,0.0315491567100509,0.0854189529765816,0.197890489218612,0.056097222210752,3.25,0.0615845897757118,0.21670988850776,0.163166876726965,0.165337634262272,0.679028600375681,0.0800908949982583,1.11803398874989,3.35207688656601,3.87370828015461,0.5,2.64550461538462,6.323,0.005,13.0813608130245,0.82123185476894,95.0118413672738
avoidanceSwerve,noise2x,204,sharmaTunedPredictor,1,,0,1000,2,0.123787355192619,0.150144378868377,1.86018691837651,0.238588299169547,1.78979246510149,1.98528414953819,7.77805362822889,0.511096046296903,1.6146310552774,0.435922466565075,1.27476333176075,9.42394206497202,27.4613727332332,0.0771696334377381,0.533445649065676,2.11439219856523,4.3178303326531,3.10161775202098,3.25,0.116127025778437,1.45209350663322,0.430883459291973,0.464082468486794,6.3389389287891,0.944657388679822,1.11803398874989,11.8843912253808,9.23336899845869,6.14,0.330547692307692,0.93,0.005,13.0813608130245,0.82123185476894,95.0118413672738
avoidanceSwerve,noise2x,204,sharmaTunedCorrectedPredictor,1,,0,1000,2,0.124082470421652,0.150313144450324,1.86105389084088,0.238195979326911,1.79967963536432,1.99689078041574,7.84669655384462,0.515629342062945,1.62680234384698,0.439038214582547,1.29295841478236,9.48320057428223,27.7306611838455,0.0771696334377381,0.533445649065676,2.11439219856523,4.3178303326531,3.10161775202098,3.25,0.116040200977451,1.45039655614631,0.434104020569419,0.466433856186543,6.32911359774983,0.944657388679822,1.11803398874989,11.8843905275398,9.23336215896381,6.14,0.294092307692308,0.571,0.005,13.0813608130245,0.82123185476894,95.0118413672738
avoidanceSwerve,noise2x,205,structured,1,,0,1000,2,0.0539365703710307,0.127521940877542,0.599631831147307,0.123406320696411,0.204433140688736,0.204489708989463,0.263569995780054,0.136679055279607,0.374443892433144,0.134469963245653,0.355642236052343,0.727398747090039,1.97509459831304,0.0517102236480353,0.0341197162083366,0.0847979945358462,0.211470183316381,0.0493565696722047,3.25,0.0554844178587509,0.209532472376527,0.135316851643981,0.133371479504596,0.762107690627656,0.0808080962898497,1.11803398874989,3.19938814031837,3.74109517507779,0.46,2.21464,5.388,0.005,13.0813608130245,0.82123185476894,95.0118413672738
avoidanceSwerve,noise2x,205,sharmaTunedPredictor,1,,0,1000,2,0.123289475232617,0.145229878092259,1.84312559348539,0.306202371416034,1.82956986405313,2.00702411204582,7.45223593337612,0.499304682408335,1.62637221692129,0.433350256351192,1.21136982621904,9.45007681828605,26.914410101901,0.0734787457676674,0.494380852500521,2.05729492006774,3.56888343530447,2.82332990721489,3.25,0.106393129332083,1.47686948693368,0.407279352633508,0.443029732872837,6.89147789789763,1.49953999094702,1.11803398874989,11.389465889915,9.17457309476363,6.22,0.329243076923077,0.788,0.005,13.0813608130245,0.82123185476894,95.0118413672738
avoidanceSwerve,noise2x,205,sharmaTunedCorrectedPredictor,1,,0,1000,2,0.123563845621996,0.145391443784428,1.84350122933226,0.309015886415732,1.83696235915865,2.01600654242299,7.50825544617603,0.50130105397364,1.62487520500205,0.434365112063414,1.23145389083522,9.49750147786187,27.1395460321715,0.0734787457676674,0.494380852500521,2.05729492006774,3.56888343530447,2.82332990721489,3.25,0.106297646607288,1.4740676638613,0.408490209737555,0.444387475347543,6.88000611524801,1.49953999094702,1.11803398874989,11.3894655082144,9.17456458761145,6.22,0.307658461538461,0.507,0.005,13.0813608130245,0.82123185476894,95.0118413672738
avoidanceSwerve,largeOffset,201,structured,1,,0,1000,2,0.033272463251834,0.348472676455289,1.83099519604862,0.066912723685515,0.159388528318035,0.166591862884329,0.209898145230152,0.0969836199199971,0.215101387098898,0.0915221443736161,0.198243857228086,0.648130291012761,1.77473446793744,0.115635203288845,0.0570782132172206,0.137446745145434,0.468930660376904,0.120370287142274,3.25,0.034151484684867,0.144052737728713,0.0973256144005928,0.0921593788245177,0.513651606996954,0.0915101812885758,3.35410196624968,9.35261586417808,10.9894841337839,1.44,2.22303384615385,6.426,0.005,13.0813608130245,0.82123185476894,95.0118413672738
avoidanceSwerve,largeOffset,201,sharmaTunedPredictor,1,,0,1000,2,0.106851288773886,0.298006246758117,5.59135609786083,0.301068871787869,2.01051481915965,2.70434680461672,7.81924683420062,0.369076304407976,1.00889417039375,0.371407702622496,0.906069302099571,13.1012437853797,36.7738871153238,0.0386148640754593,0.38265465096741,4.87286180456681,8.31618698603167,5.10796499098008,3.25,0.0865320960621838,1.25782701649547,0.321540151075286,0.377291504200881,6.40979202857125,2.94043656734751,3.35410196624968,34.8936266087333,27.8920568267275,5.02,0.295516923076923,0.807,0.005,13.0813608130245,0.82123185476894,95.0118413672738
avoidanceSwerve,largeOffset,201,sharmaTunedCorrectedPredictor,1,,0,1000,2,0.10736053962647,0.298133104208168,5.59160432057002,0.304830205062747,2.02501187448298,2.71951714828531,7.90331643848835,0.374461711227648,1.03401839945626,0.376312119462321,0.907661954255211,13.180763756397,37.0740851560168,0.0386148640754593,0.38265465096741,4.87286180456681,8.31618698603167,5.10796499098008,3.25,0.0863930551146635,1.25766032821527,0.32516366101033,0.380435691461428,6.41759329998171,2.94043656734751,3.35410196624968,34.8936265036858,27.8920552614794,5.02,0.292083076923077,0.316,0.005,13.0813608130245,0.82123185476894,95.0118413672738
avoidanceSwerve,largeOffset,202,structured,1,,0,1000,2,0.026180894649264,0.350883266096377,1.8308589663384,0.0611505858371541,0.147072745055473,0.154331325158573,0.181147641773609,0.0796951401384862,0.220721483603437,0.0649128621591539,0.191231186939866,0.632928650489639,1.63008632160704,0.11598747283419,0.055333849328334,0.139944365869467,0.466490518600469,0.12180338435283,3.25,0.0261505345890146,0.11516253542092,0.0644281999162094,0.0594943693515857,0.446921998930385,0.097747198113409,3.35410196624968,9.2733941425298,10.8572376396454,1.44,2.62039076923077,7.806,0.005,13.0813608130245,0.82123185476894,95.0118413672738
avoidanceSwerve,largeOffset,202,sharmaTunedPredictor,1,,0,1000,2,0.109432266570736,0.298736470986499,5.57672571326546,0.288640624235746,1.96829067348969,2.60796305349836,7.80445022830907,0.339557891293183,0.941951880560495,0.351491156711688,0.903681181547558,12.665113424385,36.7202167955327,0.0386856305268381,0.37455829208268,4.56498186674961,7.97508392650483,4.85535349829735,3.25,0.0813901546747206,1.21232745230134,0.294812159264287,0.357190076745145,6.0748250982406,2.7315748647509,3.35410196624968,34.7938631609508,27.4269906282098,5.04,0.303433846153846,0.79,0.005,13.0813608130245,0.82123185476894,95.0118413672738
avoidanceSwerve,largeOffset,202,sharmaTunedCorrectedPredictor,1,,0,1000,2,0.110051082824558,0.298894021182777,5.57698789326313,0.292570257473116,1.98310601112611,2.62356818943081,7.88892889008899,0.345712019309077,0.972131316497631,0.355479402645975,0.903806806625926,12.7461604760976,37.0300489328872,0.0386856305268381,0.37455829208268,4.56498186674961,7.97508392650483,4.85535349829735,3.25,0.0813160812947736,1.21202264500012,0.299332292992971,0.359876375920269,6.08142112290431,2.7315748647509,3.35410196624968,34.7938632704224,27.4269924225529,5.04,0.29596,0.407,0.005,13.0813608130245,0.82123185476894,95.0118413672738
avoidanceSwerve,largeOffset,203,structured,1,,0,1000,2,0.0308518096376273,0.34842953363224,1.84611893629873,0.0586820322274223,0.142978761790753,0.150514742307993,0.178661828279723,0.0955350745016474,0.270332599672344,0.0824127816134753,0.182679412748993,0.557178329347303,1.24616899552093,0.113361522172039,0.0578858991752219,0.142942479863017,0.466901537274876,0.127909821199127,3.25,0.032079341152711,0.119777690984746,0.0792190178147805,0.0808404871332618,0.435875952698582,0.101758704555092,3.35410196624968,9.50011920156805,11.0931794877524,1.42,2.15838769230769,6.349,0.005,13.0813608130245,0.82123185476894,95.0118413672738
avoidanceSwerve,largeOffset,203,sharmaTunedPredictor,1,,0,1000,2,0.109349913767173,0.301657019288726,5.61887733140093,0.262494242771347,1.92775008021437,2.47918759487266,7.84708859771567,0.360275438337513,1.02852501988332,0.352298273854714,0.997629483564989,12.0345218435003,35.0861971826603,0.0434861777079434,0.40451583238542,4.10437413032998,7.46703066107033,4.52784649115889,3.25,0.0863529058156656,1.28352832359709,0.310563444475771,0.35990171164074,6.08932944215199,2.2749508458592,3.35410196624968,35.3409797467447,28.2417546371947,5.02,0.319732307692308,0.789,0.005,13.0813608130245,0.82123185476894,95.0118413672738
avoidanceSwerve,largeOffset,203,sharmaTunedCorrectedPredictor,1,,0,1000,2,0.10990164178575,0.301795988872496,5.61918200703563,0.266173926358949,1.94182730780533,2.49437196451261,7.93085277123532,0.367066023335297,1.06462715572062,0.357367944732398,1.0314331480528,12.1125033300875,35.3985340510207,0.0434861777079434,0.40451583238542,4.10437413032998,7.46703066107033,4.52784649115889,3.25,0.0863162363452463,1.28328228951933,0.315450375880432,0.363245017181841,6.09395541751758,2.2749508458592,3.35410196624968,35.340979730811,28.2417539372147,5.02,0.329923076923077,0.541,0.005,13.0813608130245,0.82123185476894,95.0118413672738
avoidanceSwerve,largeOffset,204,structured,1,,0,1000,2,0.0305577559667929,0.354611614321348,1.84225593079801,0.0553721617085603,0.153300217816826,0.154854137790857,0.200252769803948,0.0998217287166434,0.300947547856545,0.0898759736564231,0.230793781800376,0.565784686495599,1.86208717066171,0.120498760834254,0.0559815975265874,0.141213911426476,0.467770658074532,0.126382947781229,3.25,0.0310662315997267,0.118162598220195,0.0832167454303496,0.0833447211765473,0.394340562766439,0.0965036581414649,3.35410196624968,9.5398081951604,11.0441712933777,1.44,2.35611384615385,6.388,0.005,13.0813608130245,0.82123185476894,95.0118413672738
avoidanceSwerve,largeOffset,204,sharmaTunedPredictor,1,,0,1000,2,0.109123615411877,0.303555797000427,5.60513496687737,0.250861093890652,2.02765966362789,2.76810038269677,7.91188288237667,0.356369319466694,0.944257169249349,0.352719260561693,0.971220934423428,13.4412007688293,36.6810245626894,0.0447774417503515,0.40235916582997,5.09911154473363,8.44313032760104,5.3780805475752,3.25,0.0907608612018138,1.32787017664929,0.312086671234246,0.371170135897971,7.35315344297327,3.41479924421833,3.35410196624968,34.9118483098341,27.5885788945418,5.02,0.318658461538462,0.83,0.005,13.0813608130245,0.82123185476894,95.0118413672738
avoidanceSwerve,largeOffset,204,sharmaTunedCorrectedPredictor,1,,0,1000,2,0.109704403247888,0.303700887102285,5.60541828691128,0.254828504547146,2.04250870013584,2.78336845404492,7.99841192990914,0.362740783528204,0.952963366504049,0.358027356349964,0.993230650305819,13.5211023690248,37.0007345291511,0.0447774417503515,0.40235916582997,5.09911154473363,8.44313032760104,5.3780805475752,3.25,0.0907294194692052,1.32814448791235,0.3168631635252,0.374954511205883,7.36132340191259,3.41479924421833,3.35410196624968,34.9118482286219,27.5885784055894,5.02,0.296113846153846,0.372,0.005,13.0813608130245,0.82123185476894,95.0118413672738
avoidanceSwerve,largeOffset,205,structured,1,,0,1000,2,0.027579331910605,0.349953066342178,1.83440236160692,0.0623767517096044,0.136895674298972,0.143898805355813,0.184378541013348,0.082117492587957,0.239106147447231,0.0691745329795797,0.223964020884068,0.565763270484263,1.33886745076871,0.117744917510655,0.0576339975325296,0.141616661418442,0.470195530075445,0.12288007481617,3.25,0.0286588990189457,0.122509389727236,0.0705250174040277,0.0672787655633713,0.471221359364617,0.0967514159037629,3.35410196624968,9.46307986299028,11.0305844293749,1.48,2.19872923076923,5.303,0.005,13.0813608130245,0.82123185476894,95.0118413672738
avoidanceSwerve,largeOffset,205,sharmaTunedPredictor,1,,0,1000,2,0.109547195828006,0.300730996254574,5.59736411468108,0.292551151117538,1.98514372008248,2.61408927552093,7.70194301330285,0.350565430987893,0.960485764811507,0.353225634532344,0.929488857104765,12.642345232021,35.7703050749859,0.0403584023905604,0.368466873041539,4.57686018722095,7.82135301829695,4.85045003626016,3.25,0.0865360904721057,1.27835079527824,0.29231653785874,0.363087932505094,6.41785577716519,2.80343171704714,3.35410196624968,34.669122728468,27.7072182762972,5.04,0.304778461538462,0.859,0.005,13.0813608130245,0.82123185476894,95.0118413672738
avoidanceSwerve,largeOffset,205,sharmaTunedCorrectedPredictor,1,,0,1000,2,0.110092532468649,0.300869022893152,5.59753805735869,0.296190111254718,1.99857789539151,2.62856084638032,7.77968599024538,0.354548668791409,0.955868315909269,0.356659170482131,0.954839176887397,12.718736528646,36.0586462713159,0.0403584023905604,0.368466873041539,4.57686018722095,7.82135301829695,4.85045003626016,3.25,0.0864936712292688,1.27764411004333,0.295588490551172,0.366038748196325,6.42345056557737,2.80343171704714,3.35410196624968,34.6691226917318,27.7072168499792,5.04,0.300769230769231,0.521,0.005,13.0813608130245,0.82123185476894,95.0118413672738
avoidanceSwerve,radarDropout,201,structured,1,,0,1000,2,0.0402360185206257,0.120105112578747,0.593151150976564,0.103615797481956,0.150536135444216,0.148917623777682,0.186826329691773,0.098115659110124,0.208078063119947,0.11677403029831,0.33457235524406,0.534388988357516,1.4827100203937,0.0448463780821809,0.0328237346915013,0.0826205096360998,0.194132129782423,0.0489829461973514,3.25,0.033442158579923,0.137761979656008,0.0964247337379842,0.0922058767754732,0.482764489291735,0.0756380238084137,1.11803398874989,3.0827355736538,3.66452162785466,0.5,2.12002153846154,5.174,0.005,13.0813608130245,0.82123185476894,95.0118413672738
avoidanceSwerve,radarDropout,201,sharmaTunedPredictor,1,,0,1000,2,0.435722521162084,0.375104827337111,1.93706741671888,2.29069328950442,3.193714910671,3.36952455625432,10.9717855924272,0.863982027539277,2.65559628376553,0.806648154824267,2.32949532971537,15.8192262051895,55.7604849980683,0.0386050238098389,0.382397291055772,2.71544709990078,4.15925060354326,3.15443776997947,3.25,0.092294185340992,1.39708735491621,0.485615893430076,0.628239453041519,6.80111443180832,2.25498564688486,1.11803398874989,11.5872692747232,9.40229393080338,5.74,0.293646153846154,0.776,0.005,13.0813608130245,0.82123185476894,95.0118413672738
avoidanceSwerve,radarDropout,201,sharmaTunedCorrectedPredictor,1,,0,1000,2,0.435372836468986,0.374823238865247,1.94097241253101,2.28539653638312,3.20562799608688,3.3821438970249,11.1014200352173,0.876532682156915,2.6817595871321,0.8212195137794,2.39475484544915,15.8783011644612,56.0149602631349,0.0386050238098389,0.382397291055772,2.71544709990078,4.15925060354326,3.15443776997947,3.25,0.0923888031824954,1.39780918200161,0.496496731455666,0.637884945679851,6.79048267348297,2.25498564688486,1.11803398874989,11.5872690901238,9.40229143307194,5.74,0.291224615384615,0.329,0.005,13.0813608130245,0.82123185476894,95.0118413672738
avoidanceSwerve,radarDropout,202,structured,1,,0,1000,2,0.0253060146094808,0.120527095432256,0.590894366871074,0.0600788993144623,0.140985247940639,0.140190199372321,0.166068713659137,0.067695594628446,0.182649651988227,0.0638835559337594,0.193817344154336,0.58707742627989,1.22889035711178,0.0449382846747178,0.0315265593494283,0.084699032592824,0.205898611001451,0.0499426306272695,3.25,0.0260539233535755,0.116010572023539,0.0643478810942647,0.0592899348724046,0.462582720055704,0.0808890349951905,1.11803398874989,3.00065773971898,3.53224401091859,0.52,2.53868615384615,6.159,0.005,13.0813608130245,0.82123185476894,95.0118413672738
avoidanceSwerve,radarDropout,202,sharmaTunedPredictor,1,,0,1000,2,0.399235087833915,0.345965012027811,1.90397944747185,2.11123042627537,3.010159713312,3.1614376448379,10.4233063437233,0.818426492087895,2.96552458671009,0.691443660865334,2.01863761100364,14.9617542770981,53.2161623052114,0.0386684243873376,0.374244478488961,2.28793032861791,3.47434917497247,2.87247217070611,3.25,0.0848152078064876,1.37150735409112,0.433036465060363,0.568329473173325,6.79852320735142,2.02065462057124,1.11803398874989,11.4870450272498,9.07440595239776,5.76,0.313769230769231,0.784,0.005,13.0813608130245,0.82123185476894,95.0118413672738
avoidanceSwerve,radarDropout,202,sharmaTunedCorrectedPredictor,1,,0,1000,2,0.398914410249527,0.345708477245337,1.90749730889198,2.10602755262511,3.02142896422536,3.17335099141375,10.5464546190404,0.830158265955623,2.9554891596989,0.705627155804272,2.07823151941228,15.017602744249,53.5075187867724,0.0386684243873376,0.374244478488961,2.28793032861791,3.47434917497247,2.87247217070611,3.25,0.0848706981205661,1.37097912388111,0.444410701347545,0.577332507505947,6.78190423217596,2.02065462057124,1.11803398874989,11.4870450801526,9.07440683278463,5.76,0.301236923076923,0.539,0.005,13.0813608130245,0.82123185476894,95.0118413672738
avoidanceSwerve,radarDropout,203,structured,1,,0,1000,2,0.0317854422771021,0.118878258261295,0.605839156321844,0.0586804210766026,0.129800725167014,0.129011451999483,0.15408782405024,0.083961444609733,0.178834747874099,0.090334879340923,0.212720219964886,0.468538028690443,1.21569617271786,0.0429258793988495,0.0335865907077927,0.0869711701705874,0.218476783010468,0.0538089548649027,3.25,0.0316575161004999,0.115822472412757,0.0756886568328404,0.0783585613675456,0.430197064770824,0.0853728382438969,1.11803398874989,3.20442590871445,3.76788766589051,0.5,2.07160307692308,5.242,0.005,13.0813608130245,0.82123185476894,95.0118413672738
avoidanceSwerve,radarDropout,203,sharmaTunedPredictor,1,,0,1000,2,0.414452031421721,0.358964552384681,1.93868962126218,2.18020803487129,3.03037977040307,3.24487466141621,10.496010533734,0.808798047359375,2.95396455185291,0.723753596325796,2.24838097574696,15.3044651950656,53.0591422735259,0.0434802465419416,0.404126181184647,2.93875805373704,3.80941354611122,3.45588636775968,3.25,0.0928052932755847,1.51170031774294,0.47716131182553,0.585450339775803,8.40552013409631,3.11045441057831,1.11803398874989,12.0267986234324,9.74950400018734,6.24,0.314806153846154,0.835,0.005,13.0813608130245,0.82123185476894,95.0118413672738
avoidanceSwerve,radarDropout,203,sharmaTunedCorrectedPredictor,1,,0,1000,2,0.414114772394848,0.358694615711129,1.94230907268974,2.17498668851478,3.0413803326105,3.25629667705274,10.6177113441422,0.821228908623903,2.94093146040892,0.737965309462408,2.31029964058711,15.3559241855603,53.287670726772,0.0434802465419416,0.404126181184647,2.93875805373704,3.80941354611122,3.45588636775968,3.25,0.0929595218007752,1.51188902689402,0.488298651292323,0.594898125933488,8.39470666225662,3.11045441057831,1.11803398874989,12.0267985648445,9.74950265146771,6.24,0.3102,0.501,0.005,13.0813608130245,0.82123185476894,95.0118413672738
avoidanceSwerve,radarDropout,204,structured,1,,0,1000,2,0.0427694847030665,0.126873154273976,0.600537339052311,0.142254643234907,0.134545798421049,0.130630892595083,0.165248766010697,0.0858625744586494,0.206227978489999,0.0998092292636528,0.20198854713361,0.47029202856104,1.66838693324663,0.0500985822427276,0.0320709748439821,0.0848947814958655,0.201822931071904,0.0537554741761869,3.25,0.0309634104913617,0.113488668390892,0.0817059963558018,0.0830523297989273,0.372724662837903,0.0799006072342994,1.11803398874989,3.24939392915898,3.7577418283464,0.5,2.13481846153846,5.448,0.005,13.0813608130245,0.82123185476894,95.0118413672738
avoidanceSwerve,radarDropout,204,sharmaTunedPredictor,1,,0,1000,2,0.441750417399617,0.381339439465428,1.95250429813258,2.31853192405197,3.1830018293488,3.31936547393993,10.9780575609916,0.899051608288653,3.20517976406461,0.761710306344993,2.24159360195044,15.7736988785831,57.8182520868917,0.0447557099130456,0.402032958693498,2.24119218470402,4.3437473718293,2.90695537720038,3.25,0.0973387800797541,1.39178768071024,0.483342922920584,0.623599155556484,6.0591675331146,1.207866113997,1.11803398874989,11.6990566892599,9.11232898238888,4.98,0.311658461538461,0.784,0.005,13.0813608130245,0.82123185476894,95.0118413672738
avoidanceSwerve,radarDropout,204,sharmaTunedCorrectedPredictor,1,,0,1000,2,0.4414040871954,0.3810613170067,1.95654951248572,2.31320880654945,3.19527221223583,3.33248714695449,11.1101564679439,0.911648934322799,3.19455374250691,0.777882814240746,2.30473395383591,15.835604133124,58.0620523929494,0.0447557099130456,0.402032958693498,2.24119218470402,4.3437473718293,2.90695537720038,3.25,0.0974906617586172,1.39245334125445,0.495200487921038,0.633792051380887,6.04526601145911,1.207866113997,1.11803398874989,11.6990565111838,9.11232750064645,4.98,0.303104615384615,0.499,0.005,13.0813608130245,0.82123185476894,95.0118413672738
avoidanceSwerve,radarDropout,205,structured,1,,0,1000,2,0.0305458743720983,0.119886797481717,0.592253631312292,0.0623895377801335,0.124119436062052,0.122836359367027,0.151744250931406,0.0724570742435764,0.204822042480968,0.0667306651837019,0.199310751679306,0.474017090341368,1.20465332658015,0.0474523804364954,0.0333174407496809,0.0846227536903354,0.208311270462335,0.0497039289946057,3.25,0.0288846253798612,0.12349326617296,0.0741251189726345,0.0722765913725633,0.472460783562119,0.0803534312671011,1.11803398874989,3.1728691672199,3.70577930106433,0.48,2.20466153846154,5.381,0.005,13.0813608130245,0.82123185476894,95.0118413672738
avoidanceSwerve,radarDropout,205,sharmaTunedPredictor,1,,0,1000,2,0.410262490986862,0.355225993419087,1.9151532042714,2.15894047629735,3.05893437440151,3.19426936132035,10.3335135554535,0.795936349258736,2.78006351481146,0.678539504468687,2.05693404552306,15.1689696098609,53.4498150046268,0.0403423865795478,0.368138126605604,2.24397276401059,3.58864704666215,2.7467836298311,3.25,0.092788879761917,1.41735680418049,0.405755952045357,0.574647751858996,6.81517647347464,1.82625933889627,1.11803398874989,11.4576849829104,9.21520433172069,5.34,0.309301538461538,0.812,0.005,13.0813608130245,0.82123185476894,95.0118413672738
avoidanceSwerve,radarDropout,205,sharmaTunedCorrectedPredictor,1,,0,1000,2,0.409907289915808,0.354941607750279,1.9180733038011,2.15370254582826,3.06922602858054,3.2053394934526,10.4490602283804,0.806015454169259,2.7666637135931,0.691999981902841,2.1167395934049,15.2233735457822,53.7026881038943,0.0403423865795478,0.368138126605604,2.24397276401059,3.58864704666215,2.7467836298311,3.25,0.0928979963765663,1.41648253248244,0.415946960893454,0.583362717655106,6.80019194733005,1.82625933889627,1.11803398874989,11.4576848885101,9.21520219286045,5.34,0.301089230769231,0.504,0.005,13.0813608130245,0.82123185476894,95.0118413672738
avoidanceSwerve,kinematicMismatch,201,structured,1,,0,1000,2,0.0328612326439543,0.11847504121463,0.592374209357762,0.0657338599447834,0.153683832356691,0.158745431844171,0.188293482813623,0.0876733945518642,0.205370175430968,0.0910424711597936,0.190846590514376,0.632721205753619,1.89470828246646,0.0448387111347237,0.0334305206387688,0.137077936785399,0.259553035291636,0.13626889520385,3.25,0.0340347044042104,0.151766866517728,0.0959755824037207,0.0934187965372384,0.635877490922675,0.123413115342063,1.11803398874989,3.08731858255118,3.66808556236871,0.5,2.15025846153846,5.138,0.005,13.071544007864,0.82123185476894,95.0118413672738
avoidanceSwerve,kinematicMismatch,201,sharmaTunedPredictor,1,,0,1000,2,0.105178965120918,0.129429494120229,1.82602783545723,0.286773212138781,1.75688733090802,2.04190092841312,7.59984845145858,0.378449422740323,1.17126807091267,0.365499676683021,0.91132743668248,9.79762106401436,27.6579027631757,0.0385944366559322,0.382179588731766,2.71844802815149,4.14960621230392,3.15637231073198,3.25,0.0874440722925892,1.37215405029376,0.281674251794953,0.376105560082101,7.00886264550943,2.26710999237919,1.11803398874989,11.5876035879926,9.40874876027042,5.74,0.332110769230769,0.784,0.005,13.071544007864,0.82123185476894,95.0118413672738
avoidanceSwerve,kinematicMismatch,201,sharmaTunedCorrectedPredictor,1,,0,1000,2,0.105505165235387,0.129613414244047,1.82673091940667,0.289867497957487,1.76646956378401,2.05285865211172,7.66481586081212,0.383312714643697,1.19410637477359,0.368453589790651,0.910784904476753,9.85270656741583,27.9060948416201,0.0385944366559322,0.382179588731766,2.71844802815149,4.14960621230392,3.15637231073198,3.25,0.0872229643082991,1.37003777397994,0.284850234849421,0.377702873585804,7.00138010311643,2.26710999237919,1.11803398874989,11.5876034033749,9.40874626543373,5.74,0.300516923076923,0.49,0.005,13.071544007864,0.82123185476894,95.0118413672738
avoidanceSwerve,kinematicMismatch,202,structured,1,,0,1000,2,0.0261425260149079,0.120599248509784,0.59134688199225,0.0607050542450464,0.140818164766186,0.144678879108638,0.164908135457116,0.068285783749359,0.196015609317742,0.064024087406481,0.177832623953158,0.609227171713449,1.37565098146896,0.0449315398294241,0.0320108388231203,0.132023539908441,0.245823685790979,0.132865493346299,3.25,0.0260611104463315,0.127164022566629,0.0636609594844178,0.0592756956986762,0.598041454540828,0.117829351242366,1.11803398874989,3.00798290635441,3.53613157289456,0.52,2.21056615384615,6.294,0.005,13.071544007864,0.82123185476894,95.0118413672738
avoidanceSwerve,kinematicMismatch,202,sharmaTunedPredictor,1,,0,1000,2,0.107344027808036,0.131073092598489,1.80188417126723,0.273029527945142,1.72406929879269,1.96006584374345,7.57994269701967,0.351501920364792,1.02011087731954,0.346345938794517,0.91585215736588,9.41488687875097,26.6814870565067,0.0386605402993486,0.374050099753877,2.29209217211565,3.46548030711162,2.87487445381737,3.25,0.082257592975519,1.36200984508224,0.243149756639097,0.356189789786873,7.02346982349531,2.03285191131704,1.11803398874989,11.4873748401672,9.07853890657281,5.76,0.301938461538462,0.81,0.005,13.071544007864,0.82123185476894,95.0118413672738
avoidanceSwerve,kinematicMismatch,202,sharmaTunedCorrectedPredictor,1,,0,1000,2,0.107763872695891,0.131311701660449,1.80258712524957,0.276224943760621,1.73325917060146,1.97049219021683,7.64362711443306,0.356662645823797,1.04654947341668,0.348228433469415,0.913794333783031,9.46673836165786,26.9422733806039,0.0386605402993486,0.374050099753877,2.29209217211565,3.46548030711162,2.87487445381737,3.25,0.0820942215767984,1.35947734262821,0.2471096138533,0.357144112548517,7.01277312045653,2.03285191131704,1.11803398874989,11.4873748930592,9.07853978792305,5.76,0.290356923076923,0.323,0.005,13.071544007864,0.82123185476894,95.0118413672738
avoidanceSwerve,kinematicMismatch,203,structured,1,,0,1000,2,0.0305851503062943,0.118595283313271,0.605975684181244,0.0587037164221358,0.133333069919001,0.13766518666148,0.157919397541463,0.0814105389016471,0.206502617048859,0.0818224799084692,0.180619555257213,0.531309982064916,1.56868489583925,0.0429195565616631,0.0339847561337791,0.129726582889079,0.247146819764456,0.125287879645224,3.25,0.0320593522834805,0.127441590848959,0.0778520498788452,0.0808644074236898,0.549755252212324,0.117500867911271,1.11803398874989,3.20992553799789,3.77176782120706,0.5,2.18906769230769,5.61,0.005,13.071544007864,0.82123185476894,95.0118413672738
avoidanceSwerve,kinematicMismatch,203,sharmaTunedPredictor,1,,0,1000,2,0.107387031052273,0.133278428733821,1.84582624469842,0.247917805108786,1.75910387531561,2.0923526615595,7.6284116282778,0.38303045204456,1.10579883514544,0.343766455389803,0.929429691912553,9.97365042171241,25.1090310335912,0.0434760986976728,0.403963966534132,2.9459566345434,3.816880659257,3.46121739445047,3.25,0.0868027219392667,1.50061504477851,0.292174104981954,0.355406250049613,8.604640585554,3.12301011132212,1.11803398874989,12.0271331159876,9.75625732913376,6.24,0.311329230769231,0.792,0.005,13.071544007864,0.82123185476894,95.0118413672738
avoidanceSwerve,kinematicMismatch,203,sharmaTunedCorrectedPredictor,1,,0,1000,2,0.107747499346311,0.133479966534142,1.8466533027494,0.250936716997103,1.76767116874515,2.10168362595232,7.69259082692382,0.388738385017962,1.10705701236428,0.346785170890546,0.956541416870508,10.0187837409705,25.3682422990508,0.0434760986976728,0.403963966534132,2.9459566345434,3.816880659257,3.46121739445047,3.25,0.0866647683588218,1.49885144449807,0.296364839792221,0.357118650932122,8.59814043125359,3.12301011132212,1.11803398874989,12.0271330573932,9.75625598105232,6.24,0.393095384615385,0.642,0.005,13.071544007864,0.82123185476894,95.0118413672738
avoidanceSwerve,kinematicMismatch,204,structured,1,,0,1000,2,0.0301688136170259,0.124257724359746,0.600840070901861,0.0554471818743069,0.147196767982239,0.151258375763916,0.174074726760688,0.0848145355170929,0.206146145439885,0.0887047860189738,0.221523417129077,0.598011820818387,1.4374136299869,0.0500902168101351,0.0324919675510716,0.135264045030078,0.253848800015437,0.132111126171129,3.25,0.0311085034366334,0.128880173774251,0.0824266676502309,0.0842840796893054,0.551750722902114,0.123217633204593,1.11803398874989,3.25606222046241,3.76268124517774,0.5,2.16393230769231,5.256,0.005,13.071544007864,0.82123185476894,95.0118413672738
avoidanceSwerve,kinematicMismatch,204,sharmaTunedPredictor,1,,0,1000,2,0.107359439696794,0.134615319268289,1.83002763023979,0.236140778085658,1.73929157860012,1.96240711951038,7.69020284073292,0.373511874994929,1.21193469365035,0.345617341225544,0.92715403257785,9.45236566519617,27.5165541565685,0.0447455122361738,0.401820058206129,2.23714733786987,4.33285019798226,2.90323444005376,3.25,0.0914266459407342,1.3569828212099,0.271191497310509,0.367993507255398,6.22131922336098,1.21246293163591,1.11803398874989,11.6995018879312,9.11937078133107,4.98,0.309606153846154,0.811,0.005,13.071544007864,0.82123185476894,95.0118413672738
avoidanceSwerve,kinematicMismatch,204,sharmaTunedCorrectedPredictor,1,,0,1000,2,0.10775616574584,0.134834887570264,1.8307976392967,0.239433848020154,1.74940374828853,1.97422006831843,7.75757834999697,0.378916108330906,1.22101190495924,0.348853661970783,0.944868140509456,9.51191504446231,27.7841673349759,0.0447455122361738,0.401820058206129,2.23714733786987,4.33285019798226,2.90323444005376,3.25,0.0913061566148124,1.35493813488349,0.275423402313531,0.370148445663007,6.2117177425957,1.21246293163591,1.11803398874989,11.6995017098316,9.11936929927261,4.98,0.315052307692308,0.497,0.005,13.071544007864,0.82123185476894,95.0118413672738
avoidanceSwerve,kinematicMismatch,205,structured,1,,0,1000,2,0.0276654135932881,0.119317578201782,0.592640401194229,0.0623843275690856,0.132356457759572,0.138006057347017,0.158786916464743,0.0725641823653378,0.217168538090124,0.0692370300693715,0.210795638121805,0.560870414174947,1.52341735089096,0.0474462292473945,0.0338940312967521,0.132955532443427,0.245905359588144,0.133892475010173,3.25,0.0286871147403481,0.132575697261944,0.0693112790398425,0.0680059211399034,0.607352086039971,0.121132278321628,1.11803398874989,3.17957538433327,3.70971285493524,0.48,2.22099384615385,5.655,0.005,13.071544007864,0.82123185476894,95.0118413672738
avoidanceSwerve,kinematicMismatch,205,sharmaTunedPredictor,1,,0,1000,2,0.107796245790016,0.132478918815991,1.82105549422178,0.278655113029443,1.74927443673044,1.96439145934388,7.51192914021094,0.354802298402189,1.08045850470987,0.350854626991922,0.923508350226456,9.41545638251125,26.4316392165442,0.0403349716322949,0.367983222413182,2.24713506669646,3.57967758989351,2.74826880516094,3.25,0.0872630379668023,1.39640124525281,0.234321621303582,0.36289400479421,6.9504826841923,1.83848136467017,1.11803398874989,11.4581298947818,9.2217654406991,5.34,0.315335384615385,0.794,0.005,13.071544007864,0.82123185476894,95.0118413672738
avoidanceSwerve,kinematicMismatch,205,sharmaTunedCorrectedPredictor,1,,0,1000,2,0.108162121907811,0.132685495278565,1.82156848209374,0.281645246546123,1.75758578621623,1.97415873404352,7.57139213277504,0.358580705119719,1.07821573731426,0.352587290231414,0.924058759758964,9.46522780601945,26.6726469239133,0.0403349716322949,0.367983222413182,2.24713506669646,3.57967758989351,2.74826880516094,3.25,0.0871337166483048,1.39371599459824,0.237222099012258,0.364325088223689,6.93988135732042,1.83848136467017,1.11803398874989,11.4581298003522,9.22176330319946,5.34,0.321501538461539,0.522,0.005,13.071544007864,0.82123185476894,95.0118413672738
lowRelativeVelocity,nominal,201,structured,1,,0,1000,2,0.0314728526277682,0.088018418903701,0.466351094422212,0.0882608005341004,0.129666545775566,0.129741058204513,0.197557787789949,0.0942170194162717,0.303347569172987,0.0952664210417434,0.304056361095996,0.333877104637146,1.11180512606049,0.00971345187793685,0.00271199044235735,0.00607738533607481,0.0252733308593218,0.00538038440914931,6,0.0327445148600216,0.131565424561964,0.0930061494052137,0.0945419345181542,0.348616962935073,0.00438733260592801,1.11803398874989,3.85133362701968,5.20948105082062,0.48,2.45028333333333,5.148,0.005,0,0,33.600000000071
lowRelativeVelocity,nominal,201,sharmaMatchedPredictor,1,,0,1000,2,0.0630302482075289,0.115319139439574,1.47743550856467,0.146260307580855,1.18513085087304,1.18688780025296,3.19216246222737,0.927745642113905,2.68071703404453,0.821721424379078,2.06208206663714,2.78372769521374,9.33311752298381,0.0423463606423101,0.478901283436002,0.226887105818805,0.718006808383578,1.23464939890802,6,0.056796007594988,1.07692850766167,0.764744502084775,0.721253677222653,2.87084989378986,0.247535476196367,1.11803398874989,27.9890697868981,48.8373279065767,Inf,0.311151666666666,0.801,0.005,0,0,33.600000000071
lowRelativeVelocity,nominal,201,sharmaCertifiedHold,1,,0,1000,2,0.0749398520568359,0.0919571685674707,2.0989805611944,0.150936067648105,2.66075771010375,2.66036850841938,18.3832110380455,1.8768820916311,5.2105913724529,2.40089668681714,6.53042917269263,7.13124374983388,21.1267021247186,0.157468947575711,0.133263619906386,0.134700373820243,0.409568112202205,0.350178131774543,6,0.0756206840883275,2.66578589272939,1.87925607936501,2.41089489469717,7.17152979844495,0.127111707734051,1.11803398874989,32.5167503725333,211.653242371309,Inf,0.3047,0.504,0.005,0,0,33.600000000071
lowRelativeVelocity,nominal,201,sharmaCertifiedPredictor,1,,0,1000,2,0.157485527117433,0.183234238433913,4.52343715801894,0.34769185216041,5.73026115489258,5.73016758840424,41.4799421289938,4.03525142834067,11.447876130984,5.46068324837272,12.3170929961006,15.9142153533912,52.9517582938501,0.0266998119976504,0.14470095690507,0.147110957094301,0.472034055959339,0.378574077692069,6,0.161498678035029,5.87343676795275,4.20076474544212,5.60041352056323,16.1713955770707,0.134599205685725,1.11803398874989,44.8564454007844,294.511315055618,Inf,0.315843333333333,0.544,0.005,0,0,33.600000000071
lowRelativeVelocity,nominal,201,sharmaTunedPredictor,1,,0,1000,2,0.037871292878831,0.0803684326798358,0.964468152065656,0.0921987991745936,0.426788855513115,0.296931148488496,0.41102679850198,0.205418211964373,0.603664859992247,0.146332239363937,0.50219454949195,0.803669903955163,2.51855169232357,0.0338266693497532,0.188042807424638,1.15821352950515,1.76015499644999,1.27691736023846,6,0.038046668530175,0.377131812646619,0.192214983371564,0.140378311723423,0.861398103285588,0.900259445842769,1.11803398874989,11.8405366430278,9.16712019773713,1.16,0.313333333333333,0.512,0.005,0,0,33.600000000071
lowRelativeVelocity,nominal,201,sharmaTunedCorrectedPredictor,1,,0,1000,2,0.0378712831851232,0.0803684295636689,0.964468188231536,0.0921986804887023,0.426788883827474,0.296931144677994,0.411026839715197,0.205418222608571,0.603666951525977,0.146332741037637,0.502195919170267,0.803669804068971,2.51855017816,0.0338266693497532,0.188042807424638,1.15821352950515,1.76015499644999,1.27691736023846,6,0.0380466550807942,0.377131752555805,0.192214962905811,0.140378754458316,0.861398046046546,0.900259445842769,1.11803398874989,11.8405366107436,9.16712006072329,1.16,0.30756,0.571,0.005,0,0,33.600000000071
lowRelativeVelocity,nominal,202,structured,1,,0,1000,2,0.0295171572937565,0.086219882797788,0.46705547389727,0.0700562702270478,0.12083412580737,0.120778851839759,0.185628125924296,0.083892709750953,0.208371222463294,0.0837170049248771,0.221692543338685,0.325384456013182,0.906320296714529,0.0114701767790543,0.00256144821387853,0.00628156059523727,0.0167592980251568,0.00676656048501292,6,0.029874401061503,0.123624988752787,0.0860757225426522,0.0846925001979801,0.331375205854232,0.00649144647322429,1.11803398874989,3.81466860675086,5.13374981632131,0.46,2.22693333333333,6.453,0.005,0,0,33.600000000071
lowRelativeVelocity,nominal,202,sharmaMatchedPredictor,1,,0,1000,2,0.0600504220218455,0.111309222216449,1.37796326189751,0.136848764765917,1.17491683902403,1.17649456911575,3.10943845860189,0.869659868559708,2.74222007215727,0.793422250148558,2.22708569518187,2.97073866382758,8.654597628431,0.0447013754495053,0.510187692465722,0.250414042453827,0.619360759171305,1.34170183163899,6,0.0623836004651716,1.17792725050244,0.919152502894851,0.838646800517752,2.76345996476556,0.254126099946024,1.11803398874989,27.8029587197437,49.794384659501,11.96,0.315406666666667,0.817,0.005,0,0,33.600000000071
lowRelativeVelocity,nominal,202,sharmaCertifiedHold,1,,0,1000,2,0.0731835118101955,0.0930098352555877,2.1811724315024,0.164748760292186,2.6305308381643,2.63059671175536,18.1160102566831,1.95355557969504,5.57249901664578,2.37447845247363,5.86628788509303,6.6823851202181,18.5725313438896,0.154913628266617,0.129679781397339,0.129384211981958,0.326267072434413,0.311420526450182,6,0.0735448442747551,2.63837208531832,1.94481945113658,2.38085301410813,6.77204182622495,0.114130589125638,1.11803398874989,34.3532087140942,228.18414359906,Inf,0.419065,0.521,0.005,0,0,33.600000000071
lowRelativeVelocity,nominal,202,sharmaCertifiedPredictor,1,,0,1000,2,0.13735280641498,0.175307940368056,4.57772670971755,0.307053370415313,5.03928963767207,5.03932131245828,35.5447886862451,3.952164752714,10.8079820383284,4.78061230981032,10.6171710505229,12.2235595276063,37.5919596020857,0.0298252027320405,0.140210107000562,0.142759595437499,0.395025219360157,0.337689662714544,6,0.130581974463229,4.76629873567208,3.60053557953321,4.5069758648672,12.1237095587785,0.119216727057061,1.11803398874989,47.2755781283859,422.981423875655,Inf,0.42598,0.524,0.005,0,0,33.600000000071
lowRelativeVelocity,nominal,202,sharmaTunedPredictor,1,,0,1000,2,0.0363927030683872,0.0794385009923035,0.970241950900908,0.0786543098704329,0.417053708738981,0.294268786757859,0.396428836833308,0.206752361590821,0.526994640535275,0.135831305455214,0.385596060185439,0.784657491949968,2.62102255620269,0.0350562027296013,0.193133056747815,1.14730102245607,1.71735649108298,1.25023395036636,6,0.0371115207602232,0.37801524488805,0.212845841972567,0.142240146632133,0.782392039416275,0.894015242249428,1.11803398874989,11.6217839912946,9.05211977240502,5.02,0.365785,0.53,0.005,0,0,33.600000000071
lowRelativeVelocity,nominal,202,sharmaTunedCorrectedPredictor,1,,0,1000,2,0.0363926967471357,0.0794384994786654,0.970241933354267,0.0786543777592904,0.417053651831343,0.294268740599564,0.396428847078691,0.206752342610282,0.526996001712682,0.13583173879645,0.38559739321039,0.78465728087833,2.62102122415166,0.0350562027296013,0.193133056747815,1.14730102245607,1.71735649108298,1.25023395036636,6,0.0371115151068311,0.37801519624552,0.212845814250174,0.142240574163156,0.782391878446438,0.894015242249428,1.11803398874989,11.6217839465928,9.05211869989784,5.02,0.419956666666667,0.571,0.005,0,0,33.600000000071
lowRelativeVelocity,nominal,203,structured,1,,0,1000,2,0.0326241857702263,0.0843796394246464,0.45541624551381,0.0711206994010343,0.132704311897239,0.132792355222212,0.204075869374995,0.0967139504756617,0.286063590244151,0.0936189768995056,0.248487669138899,0.340810229895462,0.880175068303176,0.0104167166916002,0.0027783342986746,0.00719084127538811,0.0178351332113375,0.00759948449591893,6,0.0347306799096133,0.137423435128064,0.0994535413816614,0.0968472495859179,0.355907920254232,0.00693922469431964,1.11803398874989,3.6518234706962,5.03672192781338,0.46,2.27456,6.238,0.005,0,0,33.600000000071
lowRelativeVelocity,nominal,203,sharmaMatchedPredictor,1,,0,1000,2,0.0630539420041114,0.111676933041028,1.35987382297984,0.16197655626061,1.14363247412566,1.14476266572846,3.20220830213479,0.783997544707349,2.17357072490784,0.826042483187093,2.17865554760322,3.13041125521634,10.5064849844986,0.0462595564745294,0.527366058722239,0.248273776733899,0.839488810062046,1.36811450774988,6,0.0665693379192463,1.21236538026406,0.857225039269802,0.87258858208448,3.21671130226447,0.276444046061049,1.11803398874989,28.2228028900978,48.7446484938795,Inf,0.338768333333333,0.807,0.005,0,0,33.600000000071
lowRelativeVelocity,nominal,203,sharmaCertifiedHold,1,,0,1000,2,0.0729053251278811,0.0922861546786038,2.01201642801018,0.167695428405967,2.53095677036142,2.53143142226608,17.4030950062315,1.78055899578039,4.77404927687165,2.26982400840067,6.38424047260729,6.78497825519366,19.7282432291379,0.152228684220418,0.157592953444944,0.162809708064975,0.395213567462407,0.408668095481333,6,0.0723445619752942,2.47296307979922,1.72717435774528,2.21013022293982,6.65959200620917,0.125059426674916,1.11803398874989,31.9308295010827,215.044478084462,Inf,0.32845,0.672,0.005,0,0,33.600000000071
lowRelativeVelocity,nominal,203,sharmaCertifiedPredictor,1,,0,1000,2,0.13662053891611,0.180110797888166,4.298871570184,0.324879836798514,4.90368467914771,4.90388767707707,35.0929182413683,3.4362746257206,8.47475613309214,4.63865986312951,9.98683250149808,13.5830775266507,40.7706078798444,0.0335280067280593,0.172671560132344,0.18143796221765,0.416511019524606,0.448360762908861,6,0.125252991150281,4.45588665968174,2.90024746564112,4.18778496812208,12.9224260823808,0.134520179610026,1.11803398874989,43.8055939866109,334.604140788954,Inf,0.328038333333333,0.574,0.005,0,0,33.600000000071
lowRelativeVelocity,nominal,203,sharmaTunedPredictor,1,,0,1000,2,0.0393394856012334,0.0776461531433891,0.951675635302842,0.0955335966133375,0.425767967947159,0.300496370744666,0.423249056348244,0.20746171882352,0.551279737013978,0.142194723576261,0.375677792260261,0.814435933906758,2.14808981714752,0.0369294039964064,0.204476623125075,1.15405149179122,1.748432016687,1.27839077342461,6,0.0413948998441584,0.388434233075381,0.21598585570009,0.14574412505455,0.842943212969505,0.901161496018693,1.11803398874989,11.6865509006889,8.89469616114024,1.12,0.317381666666667,0.57,0.005,0,0,33.600000000071
lowRelativeVelocity,nominal,203,sharmaTunedCorrectedPredictor,1,,0,1000,2,0.0393394895562656,0.0776461556043427,0.951675663250267,0.095533494710199,0.425768037076804,0.300496387020065,0.423248687433088,0.207461763044245,0.551277852438556,0.142195355207933,0.375679227666088,0.814435813125103,2.14808989665123,0.0369294039964064,0.204476623125075,1.15405149179122,1.748432016687,1.27839077342461,6,0.0413949119298565,0.388434337299979,0.215985953415935,0.145744871028087,0.842943008644325,0.901161496018693,1.11803398874989,11.6865509256372,8.89469563163237,1.12,0.338355,0.68,0.005,0,0,33.600000000071
lowRelativeVelocity,nominal,204,structured,1,,0,1000,2,0.0283252823742151,0.0841062107339683,0.455497457897783,0.0670736157327773,0.118969715048944,0.119043235489693,0.183060768046558,0.0856497929487178,0.239067749959041,0.0836525851983603,0.240067074984515,0.30962683646507,0.882666725734721,0.0113616963027839,0.00244318241036016,0.00536774184096371,0.0172282108041667,0.00721014114317356,6,0.0258151946209555,0.105712380307363,0.079676384304314,0.0779822183960556,0.261010766607124,0.00567020594784902,1.11803398874989,3.71024982475534,5.04202829626345,0.46,2.35403166666667,5.185,0.005,0,0,33.600000000071
lowRelativeVelocity,nominal,204,sharmaMatchedPredictor,1,,0,1000,2,0.0539134177939583,0.108886709082722,1.29934540655432,0.139256791814589,1.02646140691145,1.03128106347262,2.77474904222227,0.739386539177622,2.07932907501812,0.697407545358375,2.07048545282754,2.68877432634966,8.26568035222616,0.0435341652415559,0.483353572507116,0.26244779266715,0.895315082500631,1.42655645405256,6,0.0511443456087631,0.994500905126122,0.672167579566519,0.670366588982543,2.77884048826145,0.27234318887087,1.11803398874989,27.7319631571904,50.102132307891,11.88,0.317336666666667,0.805,0.005,0,0,33.600000000071
lowRelativeVelocity,nominal,204,sharmaCertifiedHold,1,,0,1000,2,0.0720533690362885,0.0932951384550361,2.12587368633633,0.148856433410593,2.6341881396276,2.63465679589223,18.1498354438194,1.84810464556231,5.72234204702187,2.37761045780578,5.91802911022738,7.12905124926851,18.3409303350521,0.155800845367294,0.140075055947124,0.143582239393332,0.431794381078407,0.348753093731237,6,0.0708985076500824,2.61351787220847,1.90788543136806,2.35904466828313,6.78545429367265,0.146391409503127,1.11803398874989,34.7609949229991,228.277065317445,Inf,0.305573333333333,0.518,0.005,0,0,33.600000000071
lowRelativeVelocity,nominal,204,sharmaCertifiedPredictor,1,,1,1000,2,1.67978782688161e+44,1.53368459945462e+44,2.13715752392384e+46,2.0726018244241e+45,2.34074932622543e+46,2.34074932622543e+46,4.35623222416306e+48,2.34074932622543e+46,2.89411462606378e+47,2.34074970051862e+46,2.8941204249102e+47,103.885578407353,179.751864786358,0.0312641954840981,0.151753418443077,0.156520710285322,0.444699374416758,0.376276691837994,6,2.16715535244671e+44,3.01988581527147e+46,3.01988581527147e+46,3.01988629816072e+46,103.747088266934,0.155718868708177,1189496.2485669,178626344.544926,36067976098.6544,Inf,0.36622,0.65,0.005,0,0,33.600000000071
lowRelativeVelocity,nominal,204,sharmaTunedPredictor,1,,0,1000,2,0.0341328675006577,0.0779351797397725,0.977225059172496,0.0784802808320869,0.401105143445955,0.271248171008176,0.375212381565692,0.198251701210152,0.535707540525561,0.130766795165245,0.349483348489944,0.69265634630358,1.93358038706594,0.0351756669454038,0.192542135408401,1.13792749351825,1.72094999854606,1.25257303675152,6,0.0318978454083599,0.351231875476697,0.193387626331017,0.127131663863593,0.699375211664792,0.880497918498924,1.11803398874989,11.3940273551399,8.78958412506126,1.12,0.322363333333333,0.769,0.005,0,0,33.600000000071
lowRelativeVelocity,nominal,204,sharmaTunedCorrectedPredictor,1,,0,1000,2,0.0341328637298783,0.0779351785330346,0.977225038264335,0.0784803834702116,0.401105053542643,0.271248135498485,0.375212200596793,0.198251665972062,0.535708800196526,0.130767325082222,0.349485073959514,0.692656247878055,1.93358128204667,0.0351756669454038,0.192542135408401,1.13792749351825,1.72094999854606,1.25257303675152,6,0.0318978348417512,0.351231864145911,0.193387681173999,0.127132164247723,0.699375134694313,0.880497918498924,1.11803398874989,11.3940273239038,8.78958276253995,1.12,0.289861666666667,0.331,0.005,0,0,33.600000000071
lowRelativeVelocity,nominal,205,structured,1,,0,1000,2,0.0289033167790835,0.0857533664966977,0.465306915189717,0.0619255227280369,0.122177742926564,0.122353262226455,0.187741040576235,0.094463794804475,0.248921766453511,0.0941603374904807,0.252448139514351,0.291135554249437,0.871526165784886,0.0120117325870744,0.0027125744114724,0.00727575308820788,0.0223033909324038,0.00628103441466551,6,0.0283561928101999,0.117540636642773,0.0856632927015317,0.0866587689667466,0.302939052632043,0.00615010194665759,1.11803398874989,3.74357781239858,5.10908200500459,0.48,2.30099833333333,6.583,0.005,0,0,33.600000000071
lowRelativeVelocity,nominal,205,sharmaMatchedPredictor,1,,0,1000,2,0.0568483658476132,0.109546974091257,1.24579198606139,0.118123784987613,1.02833504837532,1.02170411643638,2.86464845577476,0.729665133620291,2.43953403355128,0.71796383936642,1.693014994928,2.6814490796629,6.3841435719345,0.0447867927626144,0.513606589142716,0.23407102736326,0.567127281856383,1.31077400124967,6,0.0539855963754468,1.03435139714653,0.713906018764117,0.687238705210821,2.75779832457124,0.237937355810262,1.11803398874989,28.0519192964996,50.5633499991326,12,0.316863333333333,0.927,0.005,0,0,33.600000000071
lowRelativeVelocity,nominal,205,sharmaCertifiedHold,1,,0,1000,2,0.0700002680521883,0.0902655977339546,2.01024018968603,0.161987000263418,2.5362822538571,2.53645258815439,17.4450341782722,1.73268602331735,5.27728729725908,2.27951664343507,4.7761849427165,6.97915582732048,18.8714170835051,0.151640034733908,0.130049318329325,0.137119046611649,0.320105347299639,0.331718905735971,6,0.0684817659447222,2.50337484878884,1.66503759626803,2.24928104298798,7.04004143801313,0.121521699788202,1.11803398874989,34.4863751476813,225.283867434158,Inf,0.304091666666667,0.516,0.005,0,0,33.600000000071
lowRelativeVelocity,nominal,205,sharmaCertifiedPredictor,1,,0,1000,2,0.136269853006959,0.175734197935096,4.04465680630283,0.30790537162648,5.00722063222846,5.00731613568083,35.2096736629324,3.35589641860749,9.02402795933111,4.73770793134628,11.090018559381,14.1929600210328,40.1429519326851,0.02763042866091,0.137462132855419,0.142872204895455,0.34296851565558,0.351038319259771,6,0.134501752912507,4.95230636339962,3.32249690157204,4.68615936271044,14.0621118271759,0.127221459236052,1.11803398874989,47.5781875512047,429.304010798954,Inf,0.312226666666666,0.552,0.005,0,0,33.600000000071
lowRelativeVelocity,nominal,205,sharmaTunedPredictor,1,,0,1000,2,0.0356426142321922,0.0774618957110387,0.968371728949494,0.0776551666498076,0.421975820565809,0.284132688599335,0.398462990985493,0.196261726341626,0.568875792314621,0.14997480672049,0.418947042677927,0.768852671492123,1.97362772253917,0.0361453787944904,0.197437528990715,1.16644929760583,1.76382386872159,1.29935362906964,6,0.0345067910389236,0.371172224547865,0.188817662674734,0.136069252778157,0.80465914841733,0.921702165465931,1.11803398874989,11.5820797503172,9.14965596761348,1.1,0.292205,0.512,0.005,0,0,33.600000000071
lowRelativeVelocity,nominal,205,sharmaTunedCorrectedPredictor,1,,0,1000,2,0.03564261776006,0.0774618959127861,0.96837174424658,0.0776552574741896,0.421975823421648,0.284132689029051,0.39846307434691,0.196261727015064,0.568877318220181,0.149975231054954,0.418949215903586,0.768852630594681,1.97362729532821,0.0361453787944904,0.197437528990715,1.16644929760583,1.76382386872159,1.29935362906964,6,0.0345067953760533,0.371172224010361,0.188817654197508,0.136069645046081,0.80465912925515,0.921702165465931,1.11803398874989,11.5820796706206,9.14965537206919,1.1,0.291953333333333,0.345,0.005,0,0,33.600000000071
lowRelativeVelocity,nominal,206,structured,1,,0,1000,2,0.0305052770737677,0.0871658105367797,0.459992028480081,0.0697739608217688,0.127959299152332,0.127995221917162,0.196272053978865,0.0897779950925829,0.248689967710131,0.0867727770024801,0.246973286553073,0.341799053314978,0.986599039476512,0.010829681394975,0.00269717332364197,0.00607640891737509,0.0170174456642429,0.00667836674555697,6,0.0296933907233901,0.124249739076122,0.0871684967904503,0.0843733372842934,0.33141500928561,0.00609907075512262,1.11803398874989,3.7971476894674,5.11597102799348,0.48,2.46148333333333,5.788,0.005,0,0,33.600000000071
lowRelativeVelocity,nominal,206,sharmaMatchedPredictor,1,,0,1000,2,0.0543551447277226,0.109438518851082,1.3194872651665,0.127786209460075,1.03367792689433,1.03529886142421,2.7289021408376,0.747039942185651,1.8606596994942,0.677621524536343,1.87007870642117,2.68225988782679,8.19066976626132,0.0460106613393019,0.518361413180255,0.213308567823483,0.664265165342004,1.21887476805198,6,0.0564008088568967,1.08891002630444,0.755352906006424,0.697822666968336,2.94338673936585,0.211046820453057,1.11803398874989,28.1287044547407,49.2650997664054,12,0.38336,0.991,0.005,0,0,33.600000000071
lowRelativeVelocity,nominal,206,sharmaCertifiedHold,1,,0,1000,2,0.0695049641587946,0.0892601661584244,1.9969853712094,0.151313440273448,2.5356247388178,2.53551427225444,17.4915243867607,1.76660078971093,5.25595208629003,2.27914118563547,5.5288218866556,6.83741355752345,19.7261607594334,0.155016327156705,0.135623830821332,0.126813857255081,0.400703375518404,0.306243098832418,6,0.066150241521934,2.42832151097149,1.65514320719343,2.16892725230582,6.70214645900473,0.143148581465916,1.11803398874989,31.5581555624492,213.389972805259,Inf,0.362361666666667,0.656,0.005,0,0,33.600000000071
lowRelativeVelocity,nominal,206,sharmaCertifiedPredictor,1,,0,1000,2,0.123098374452519,0.157416536161503,3.53328465419034,0.308462240821607,4.51414064951207,4.51409751693313,31.7079912358183,3.07913421203983,8.56511520121743,4.25098206349184,11.0908803218754,12.4863546412858,41.182767364859,0.0293948733257629,0.144559305733209,0.135863481513575,0.42202995624685,0.332305085742054,6,0.112393277964993,4.15359931316067,2.73590251751517,3.89042752821236,11.8146715657608,0.152189462558151,1.11803398874989,43.5062103277492,354.768907770249,Inf,0.314538333333333,0.537,0.005,0,0,33.600000000071
lowRelativeVelocity,nominal,206,sharmaTunedPredictor,1,,0,1000,2,0.0366242428917182,0.079402426672854,0.977489421974977,0.0763836493160595,0.416511647807191,0.293803259554586,0.401350245191246,0.207374666120577,0.573487020554627,0.135015282471696,0.414551433233788,0.779894279905181,2.14059284236985,0.0364698299350531,0.20125293120081,1.14767944931856,1.73641878570136,1.2474168439019,6,0.0362545809052384,0.384509788027887,0.208828843168376,0.131122413175975,0.830554170136583,0.893780652323747,1.11803398874989,11.4282385334537,9.00919585874813,1.08,0.317993333333333,0.582,0.005,0,0,33.600000000071
lowRelativeVelocity,nominal,206,sharmaTunedCorrectedPredictor,1,,0,1000,2,0.0366242412929479,0.0794024285341511,0.977489476927984,0.0763837038127748,0.416511707397491,0.293803248415204,0.40135024920302,0.207374680920388,0.573489028235821,0.135015828709226,0.414552573920042,0.779894123503156,2.14059422915266,0.0364698299350531,0.20125293120081,1.14767944931856,1.73641878570136,1.2474168439019,6,0.0362545818091073,0.384509850193925,0.2088287745519,0.131122873150593,0.830554081939058,0.893780652323747,1.11803398874989,11.4282385890046,9.00919644292406,1.08,0.311745,0.558,0.005,0,0,33.600000000071
lowRelativeVelocity,nominal,207,structured,1,,0,1000,2,0.0278160358435328,0.083998910492167,0.454863277203195,0.065205215171976,0.11561680826546,0.115700681664844,0.17783351632138,0.0766769914446847,0.241539119794119,0.0784368651715578,0.223198475879805,0.324371341875668,1.11398653895804,0.0110767244681871,0.00266955528325184,0.00627402318082986,0.0170594086265444,0.00642768564082732,6,0.0274687306443892,0.117465264884763,0.0803968830652763,0.0831999839022414,0.320677575272843,0.00540380622319675,1.11803398874989,3.65948023689303,5.01047584544093,0.48,2.19527,5.136,0.005,0,0,33.600000000071
lowRelativeVelocity,nominal,207,sharmaMatchedPredictor,1,,0,1000,2,0.0634399622857925,0.111683107018259,1.38097150256097,0.150973215632504,1.15029048033517,1.15694743067344,3.26998133374072,0.83879673786722,2.32946753899491,0.849008499978953,2.34961254182968,2.98078343627703,8.93307297133424,0.045724183669304,0.536416796793415,0.238920919614937,0.620174161748165,1.35418866612108,6,0.0678978850433472,1.21641402362769,0.891307430435713,0.913938386308379,3.13851609902456,0.267383931718537,1.11803398874989,28.4562022253622,49.4753360443664,Inf,0.305521666666667,0.817,0.005,0,0,33.600000000071
lowRelativeVelocity,nominal,207,sharmaCertifiedHold,1,,0,1000,2,0.0737654249468702,0.0939884704350913,2.17329553031966,0.15554925238693,2.64452308387848,2.6445693308474,18.1798803704332,1.89259275838557,5.58479173644518,2.38405295759229,5.64808296392244,6.98990052250054,22.4237369844016,0.153011980378485,0.126404732281488,0.116842731115725,0.345169115673095,0.326292869811328,6,0.0710773198406864,2.54745027352271,1.83742011873266,2.28997762592221,6.66306527142207,0.126510194599291,1.11803398874989,33.1534669777528,217.901293395394,Inf,0.326448333333333,0.524,0.005,0,0,33.600000000071
lowRelativeVelocity,nominal,207,sharmaCertifiedPredictor,0,non-finite estimate at t = 0.380 s,1,1000,2,Inf,Inf,4.683179820403e+88,Inf,Inf,5.13809288502268,Inf,3.60489038252364,10.4183311836691,4.86889406822595,10.9075907372494,14.0939766969747,40.8940164707597,0.027325066289284,0.136989861133923,0.128539682744692,0.369004534297496,0.354728451004173,6,Inf,Inf,3.45718894318418,4.5349084776487,12.7746066903456,0.132035416028524,Inf,Inf,Inf,Inf,0.332366666666667,0.598,0.005,0,0,33.600000000071
lowRelativeVelocity,nominal,207,sharmaTunedPredictor,1,,0,1000,2,0.0351742711655466,0.0765527062227925,0.971521868404715,0.0847499072957637,0.410471551406988,0.280010121606373,0.386211403860668,0.191945503612035,0.618427019463866,0.13074076602457,0.356375260395861,0.763352798886818,2.34896770739675,0.0352906252638544,0.195407520552822,1.1668029315189,1.75873190936876,1.28012127424922,6,0.0353891327210368,0.374837110470789,0.203422936078135,0.137275303220137,0.79042045750587,0.915938745367042,1.11803398874989,11.6065148022342,8.76129897063986,1.1,0.326773333333333,0.675,0.005,0,0,33.600000000071
lowRelativeVelocity,nominal,207,sharmaTunedCorrectedPredictor,1,,0,1000,2,0.0351742709271943,0.0765527069813583,0.971521905835399,0.0847499030251152,0.410471591771934,0.280010113925366,0.386211445724139,0.191945481758957,0.618425327768335,0.130741285187305,0.35637628971095,0.763352797689666,2.34896644713219,0.0352906252638544,0.195407520552822,1.1668029315189,1.75873190936876,1.28012127424922,6,0.035389135093431,0.374837122333619,0.203422974337988,0.13727583257972,0.790420461984495,0.915938745367042,1.11803398874989,11.606514712599,8.7612983159836,1.1,0.32157,0.586,0.005,0,0,33.600000000071
lowRelativeVelocity,nominal,208,structured,1,,0,1000,2,0.0301750369712256,0.0865247541630442,0.458305368208572,0.0698308819602494,0.12224455438618,0.122169578399574,0.186581231924004,0.0781290409423474,0.240798502577295,0.0764323704190852,0.218421687827444,0.351802644142403,0.965180605215247,0.0105931818068416,0.00271183592947026,0.00496315481355334,0.0122184134574182,0.00653133191986804,6,0.028985641068174,0.116937541784384,0.0776388520121006,0.0778219321561924,0.326562971477945,0.00466123600180756,1.11803398874989,3.70182188554584,4.93490425699604,0.46,2.18635666666667,6.476,0.005,0,0,33.600000000071
lowRelativeVelocity,nominal,208,sharmaMatchedPredictor,1,,0,1000,2,0.0569993543486902,0.106607635270553,1.3037138596219,0.127642657657885,1.06657988722038,1.06577157165131,2.91522094912637,0.75101623994335,2.46512152875749,0.74337669002278,2.32084854840724,2.83552309607946,9.01809389823342,0.0416910754172236,0.477580160879225,0.238340566691257,0.70432789768056,1.3688229606164,6,0.0563765240079175,1.04977000705753,0.799390454821594,0.745504181978179,2.54533935288123,0.254951618320872,1.11803398874989,27.8111761361984,49.0963581878563,12,0.33327,0.802,0.005,0,0,33.600000000071
lowRelativeVelocity,nominal,208,sharmaCertifiedHold,1,,0,1000,2,0.0738467461377786,0.0920284004721201,2.09946781895312,0.171103691093236,2.62277408899274,2.62296899562135,18.0772111048683,1.87354600060723,5.34225943921687,2.36631414575003,6.11780255872993,6.92579782322981,21.749193127609,0.152532425088978,0.139013442739539,0.139911380222394,0.345198959374421,0.36610812399042,6,0.0755049654141066,2.67306563247261,1.8758839673235,2.41729359498444,7.19180143562077,0.144624337135049,1.11803398874989,32.6317823455561,214.122149371421,12,0.388451666666667,0.458,0.005,0,0,33.600000000071
lowRelativeVelocity,nominal,208,sharmaCertifiedPredictor,1,,0,1000,2,0.156350861048984,0.18418846971188,4.52630849739,0.420026160237826,5.712176426067,5.71219409126081,41.0095110241492,4.0850336365671,10.9743709361303,5.44238536739078,14.3571161483839,15.3527527377791,59.0459691034658,0.0301163927521061,0.149298482804347,0.155633351042272,0.424627614443166,0.399869136732904,6,0.167045661771759,6.09185715929947,4.11597629379653,5.8212924819048,17.1961255556793,0.154463169837993,1.11803398874989,45.4176192309532,353.151709274317,Inf,0.365603333333333,0.562,0.005,0,0,33.600000000071
lowRelativeVelocity,nominal,208,sharmaTunedPredictor,1,,0,1000,2,0.036183144667827,0.0786292132632632,0.974924077344696,0.0815394245742591,0.409815605686089,0.282703382629641,0.390608289104703,0.187599773737365,0.597106709020352,0.128032633102119,0.387137151202942,0.791692479567002,2.41819817810427,0.0358256932555141,0.198229654949622,1.14597412807069,1.74137180301937,1.2688305900009,6,0.0357178069386652,0.371674423071591,0.192844135254269,0.130760369814628,0.792757046528621,0.884094917272512,1.11803398874989,11.4957016686887,8.72118220277007,1.24,0.322548333333333,0.52,0.005,0,0,33.600000000071
lowRelativeVelocity,nominal,208,sharmaTunedCorrectedPredictor,1,,0,1000,2,0.0361831465027621,0.0786292132618148,0.974924071452504,0.0815393644147413,0.409815629041543,0.282703377836852,0.390608438928946,0.187599802207159,0.597105248079034,0.128033206013667,0.387138818869245,0.791692317749547,2.41819739154691,0.0358256932555141,0.198229654949622,1.14597412807069,1.74137180301937,1.2688305900009,6,0.0357178096131033,0.371674389239986,0.19284417287353,0.130760930523689,0.792756910962183,0.884094917272512,1.11803398874989,11.4957016665865,8.72118229124817,1.24,0.309098333333333,0.551,0.005,0,0,33.600000000071
lowRelativeVelocity,nominal,209,structured,1,,0,1000,2,0.0292719176134862,0.0838674081212482,0.450045844115698,0.0612564431652164,0.12150723461418,0.121577203974161,0.185549828392572,0.0817851494256728,0.258772708624427,0.0811512995313347,0.214344581641016,0.336856293113451,0.927265926286723,0.00958341492410103,0.00294154802398112,0.00636645034301704,0.0175050955176354,0.00671494606523873,6,0.0289190117883704,0.118368108718665,0.077196369721745,0.0779130625904503,0.337188103966334,0.0064587897202182,1.11803398874989,3.79255194651094,5.01969331741718,0.46,2.193145,5.244,0.005,0,0,33.600000000071
lowRelativeVelocity,nominal,209,sharmaMatchedPredictor,1,,0,1000,2,0.0592232109506031,0.112158245758472,1.33737817872223,0.154422826781803,1.09512543482689,1.10254080437473,3.06947551210078,0.745230423381107,2.91581315986359,0.78819565417814,2.68060950934486,3.03529003650566,10.0521910626208,0.0418141203318933,0.476006719069473,0.226616321448669,0.600440933523457,1.2890466986647,6,0.0564296117302396,1.02565467414091,0.767056663237872,0.754920502651947,2.5808335017832,0.225359924360691,1.11803398874989,27.9379945413352,48.6270807534557,Inf,0.321665,0.803,0.005,0,0,33.600000000071
lowRelativeVelocity,nominal,209,sharmaCertifiedHold,1,,0,1000,2,0.0712244950825578,0.0915134968997329,2.0862735846894,0.167620797182033,2.53754762243355,2.53717604500041,17.410699752857,1.76438154342302,5.45732829065737,2.27968956010158,5.46484412779444,6.90770792114466,20.8320105707526,0.153326290950349,0.141313240200082,0.120323442028867,0.387180122162098,0.364404663299481,6,0.0708116028740846,2.54032006475597,1.80414235605588,2.28278162902324,6.75971977741907,0.111346096991278,1.11803398874989,34.2707763602002,229.868399224116,Inf,0.315881666666667,0.553,0.005,0,0,33.600000000071
lowRelativeVelocity,nominal,209,sharmaCertifiedPredictor,1,,1,1000,2,8.55066011926198e+42,7.80694771697921e+42,1.08846973043212e+45,1.05472192915491e+44,1.19216050272603e+45,1.19216050272603e+45,2.22029816930308e+47,1.19216050272603e+45,1.47405248225196e+46,1.19216992195587e+45,1.474068499681e+46,103.816520277019,179.853762870744,0.0283625731758493,0.155858920702673,0.134605041890768,0.413251736488204,0.400491291342043,6,1.10315175213597e+43,1.53804961145272e+45,1.53804961145272e+45,1.53806176354362e+45,103.941101711984,0.118275867786699,61218.7881566634,9384929.83521959,1964062591.44389,Inf,0.319883333333333,0.541,0.005,0,0,33.600000000071
lowRelativeVelocity,nominal,209,sharmaTunedPredictor,1,,0,1000,2,0.0355230926275152,0.0779237081017699,0.955262771657483,0.0842741798447889,0.418790298167128,0.281873996629205,0.386586178226237,0.187588713109754,0.489592554417174,0.129431448251458,0.374445717838665,0.787428658456891,2.54429765236315,0.0341347122361085,0.192314116158067,1.1672710243582,1.7670592574951,1.29658125805258,6,0.0344996777960951,0.364519242897775,0.184241751562872,0.121708846514932,0.776019203912216,0.923223083139058,1.11803398874989,11.6458899919434,8.98066745115775,2.1,0.341858333333333,0.608,0.005,0,0,33.600000000071
lowRelativeVelocity,nominal,209,sharmaTunedCorrectedPredictor,1,,0,1000,2,0.0355230895460597,0.0779237078574128,0.955262760244825,0.0842740614475883,0.418790301509496,0.281873954599236,0.386585686999158,0.187588718179835,0.489590913261779,0.129431914188813,0.374447075969292,0.787428388450297,2.54429552475295,0.0341347122361085,0.192314116158067,1.1672710243582,1.7670592574951,1.29658125805258,6,0.0344996696814597,0.364519145253969,0.18424168124113,0.121709228148222,0.776018881926245,0.923223083139058,1.11803398874989,11.6458899694936,8.98066667218864,2.1,0.31,0.542,0.005,0,0,33.600000000071
lowRelativeVelocity,nominal,210,structured,1,,0,1000,2,0.0271202997577588,0.0858462795251033,0.461536087991877,0.0630432136658926,0.11165765286067,0.111545217152871,0.17063552021919,0.0753514423582882,0.193923261777405,0.0752785258344198,0.193660289312216,0.308127391827774,1.20408879659303,0.00985130349942082,0.00268526240828114,0.00567614108169571,0.021898325551982,0.00643193373582395,6,0.0278040864372027,0.113313288179356,0.0772957726228817,0.0759953445723013,0.309790282672862,0.00408661927963639,1.11803398874989,3.79100906930769,5.13817675502959,0.48,2.327805,5.77,0.005,0,0,33.600000000071
lowRelativeVelocity,nominal,210,sharmaMatchedPredictor,1,,0,1000,2,0.057430773532008,0.113158214015507,1.37526996633139,0.151732459322238,1.11216104794471,1.11051501949879,2.98151755681322,0.724644032571568,2.3898400329725,0.751623342586096,2.3346491127049,3.15489788561524,9.02236650971357,0.0481844951394164,0.55104419952204,0.298366039391407,0.746758896278258,1.64624957299583,6,0.0572899359079496,1.06668770873061,0.699966406801311,0.73252950528347,2.99400281737026,0.282363935317054,1.11803398874989,28.448426865896,50.0610185574915,11.98,0.325931666666667,0.801,0.005,0,0,33.600000000071
lowRelativeVelocity,nominal,210,sharmaCertifiedHold,1,,0,1000,2,0.0712445318598309,0.0925707773074615,2.0682497216565,0.169647868604766,2.57256321880839,2.57280889182177,17.7150054669872,1.74653623979969,5.893720336123,2.31998099598221,5.4732387384819,7.11835822931095,18.042267576914,0.153837453218369,0.120338233304037,0.114334239734911,0.245381477077976,0.323548957036284,6,0.0662726586864871,2.40709362257535,1.64341990283399,2.15838887434444,6.63363302724936,0.122955797679246,1.11803398874989,33.8053337721133,218.355367083727,Inf,0.311801666666667,0.578,0.005,0,0,33.600000000071
lowRelativeVelocity,nominal,210,sharmaCertifiedPredictor,1,,0,1000,2,0.140385891857705,0.180207646743426,4.33891517752619,0.364655759775108,5.14197867786467,5.14194811603922,36.8265083420747,3.40883303737307,12.4958431216797,4.88289498686393,12.5464362611618,14.6437976428433,44.8859325370049,0.0247300424174968,0.129186278835507,0.126999940658418,0.3206340751264,0.350639556627388,6,0.123893892380303,4.56417173618408,3.0610565200118,4.30601964418946,12.7864943201468,0.131917221434115,1.11803398874989,46.1339575700417,393.314112702875,Inf,0.309658333333333,0.463,0.005,0,0,33.600000000071
lowRelativeVelocity,nominal,210,sharmaTunedPredictor,1,,0,1000,2,0.0335164083124133,0.0784407091501979,0.958827405060633,0.0798644519014556,0.405347829800347,0.27393230397887,0.366598272048198,0.182580529325431,0.528278165597651,0.123644032978829,0.347417375984645,0.764831787846204,3.00242177228333,0.0352389342431576,0.196808919192444,1.14724132220257,1.73592719005144,1.26741581161337,6,0.03355580295763,0.365624906277722,0.189203138597251,0.125045537610831,0.781752538190003,0.886051005504154,1.11803398874989,11.7522365542207,8.79846084001473,10.24,0.294723333333333,0.517,0.005,0,0,33.600000000071
lowRelativeVelocity,nominal,210,sharmaTunedCorrectedPredictor,1,,0,1000,2,0.0335164154875747,0.0784407137718888,0.958827417548453,0.0798644007147323,0.40534791621708,0.273932311504396,0.366598265277028,0.182580559197833,0.52827628299776,0.123644452101375,0.347418786783223,0.764831686086514,3.00242115397019,0.0352389342431576,0.196808919192444,1.14724132220257,1.73592719005144,1.26741581161337,6,0.0335558093869802,0.365625043648295,0.189203154074027,0.125045943223665,0.781752392032023,0.886051005504154,1.11803398874989,11.7522365085792,8.79846005083632,10.24,0.298981666666667,0.493,0.005,0,0,33.600000000071
lowRelativeVelocity,nominal,211,structured,1,,0,1000,2,0.026788765821365,0.0845807890015518,0.448930038061505,0.06451020926752,0.112321804507536,0.112471752616085,0.17198455891519,0.0754201742009652,0.213457321275344,0.0736329550478097,0.189309304991133,0.312529608999785,0.791683352473004,0.0120536992184039,0.00259918792810954,0.00593354983129695,0.0182913465194575,0.00517950215329371,6,0.0261609966503874,0.106873095016674,0.0759537545482866,0.0757246847216158,0.281977258586371,0.0050965790076626,1.11803398874989,3.7727702545647,4.98673538790657,0.46,2.33202333333333,5.227,0.005,0,0,33.600000000071
lowRelativeVelocity,nominal,211,sharmaMatchedPredictor,1,,0,1000,2,0.0546350881855506,0.108495355043368,1.28611404619055,0.121837628821731,1.05956049089531,1.06038664283228,2.87305745654208,0.731648110793655,2.05963561060822,0.718367867858188,2.12524164580341,2.88872131905468,7.66626781429233,0.0428361815515724,0.480186871919835,0.218836324646009,0.556294902397069,1.27660439989658,6,0.0545104597450402,1.05767116999069,0.765954702989917,0.71999566683386,2.73530075894707,0.221987478149073,1.11803398874989,28.0815025096487,48.9093132858757,Inf,0.593586666666667,1.011,0.005,0,0,33.600000000071
lowRelativeVelocity,nominal,211,sharmaCertifiedHold,1,,0,1000,2,0.0694819063253049,0.0891845507440101,2.05687646188511,0.165356529113463,2.54719480770359,2.54756397050151,17.5527534390017,1.79553562458797,4.74376641052639,2.28873440886051,5.20168285586086,6.84918653978296,21.4673911561872,0.151137382204712,0.133904753332517,0.128606852435878,0.336062231759697,0.337983233766771,6,0.0690278865368345,2.53607647226836,1.76408165737402,2.28092672463665,6.92652888982591,0.120904428237173,1.11803398874989,33.233782222145,220.761928040099,12,0.407951666666667,0.628,0.005,0,0,33.600000000071
lowRelativeVelocity,nominal,211,sharmaCertifiedPredictor,0,non-finite estimate at t = 0.600 s,1,1000,2,Inf,Inf,Inf,Inf,Inf,4.95322452074974,Inf,3.65978504200366,9.56379724774952,4.68534235760805,11.4280249108673,12.8812736782819,47.1583521634245,0.0298717463449142,0.14528426071209,0.143466640338529,0.351967439305281,0.373872434820177,6,Inf,Inf,3.73389442716867,4.74974858628149,13.0331127569612,0.128364324151569,Inf,Inf,Inf,Inf,0.438073333333333,0.636,0.005,0,0,33.600000000071
lowRelativeVelocity,nominal,211,sharmaTunedPredictor,1,,0,1000,2,0.0329762914364939,0.0768223536787387,0.942990750289585,0.0762082367307054,0.403541329237953,0.266397506710363,0.363754196542447,0.187802997007541,0.543066767095667,0.121313971116063,0.324989621512518,0.707848183904536,2.34169894721606,0.0353753787587035,0.191588613059523,1.14949843739581,1.76033767636455,1.24935687221767,6,0.0321783516273364,0.357478287706141,0.194904575952847,0.123708353604333,0.699265409557738,0.890982905654773,1.11803398874989,11.5956216657653,8.68683903970768,1.26,0.339151666666667,0.583,0.005,0,0,33.600000000071
lowRelativeVelocity,nominal,211,sharmaTunedCorrectedPredictor,1,,0,1000,2,0.0329762879879136,0.0768223529200401,0.942990771867436,0.0762081061703768,0.403541313844972,0.266397510223834,0.363754061024441,0.187803036864828,0.543068610058043,0.121314538916077,0.324990926833342,0.707848010837735,2.34169938603271,0.0353753787587035,0.191588613059523,1.14949843739581,1.76033767636455,1.24935687221767,6,0.0321783470927899,0.357478357706595,0.194904628296574,0.123708856475896,0.699265297585026,0.890982905654773,1.11803398874989,11.5956216176877,8.68683804454906,1.26,0.438058333333333,0.644,0.005,0,0,33.600000000071
lowRelativeVelocity,nominal,212,structured,1,,0,1000,2,0.0284363898320022,0.0843838676185696,0.460245312631142,0.0641852411067511,0.115088447092485,0.115200664666487,0.176119405579701,0.0886849137184395,0.269205445948813,0.0883524363774138,0.265289215309801,0.27522274226727,0.759631633455066,0.011020350912978,0.00243835831518137,0.00633343904004135,0.020485386824997,0.00478686473175765,6,0.0277196447568568,0.113167993753102,0.0801369625629637,0.0809022086879956,0.29980762539514,0.00518607493169639,1.11803398874989,3.75523572699423,5.16216926710401,0.46,2.57480166666667,6.471,0.005,0,0,33.600000000071
lowRelativeVelocity,nominal,212,sharmaMatchedPredictor,1,,0,1000,2,0.0557794895838625,0.111603941711082,1.43232353693817,0.132558600666007,1.05555479341931,1.05742719301715,2.82782301118823,0.820650109823425,2.27549380245608,0.712172955175772,1.95559976017292,2.50054532576134,6.87601448073905,0.043954986124799,0.506830664615088,0.235079670934284,0.64301281474095,1.3802922537398,6,0.0555430742307505,1.0778171277745,0.789014366938514,0.723252207767495,2.7634853329935,0.250202815011608,1.11803398874989,28.6982186146169,49.7236590850713,11.92,0.37997,0.839,0.005,0,0,33.600000000071
lowRelativeVelocity,nominal,212,sharmaCertifiedHold,1,,0,1000,2,0.0685062629029795,0.0900512052221434,1.96663703428835,0.15045329962368,2.51084115915253,2.51151006995243,17.2789717124547,1.74865098508101,4.31529334202356,2.25170663131607,5.12350905190519,6.79891339197004,19.6145122049965,0.150626213044598,0.141927768379438,0.159179724301854,0.369349662967564,0.375084605248373,6,0.0700081227320882,2.55802434097972,1.85399721101641,2.29440921395362,6.67456796517247,0.16108923114832,1.11803398874989,35.7870926072368,230.581320563307,Inf,0.38954,0.537,0.005,0,0,33.600000000071
lowRelativeVelocity,nominal,212,sharmaCertifiedPredictor,1,,0,1000,2,0.127132200303637,0.170797110054686,4.19378492109185,0.273585445434744,4.66840704218277,4.66897774243987,32.6897501281489,3.36596719092295,10.0908350711625,4.4062501005342,10.7194412165709,12.4238069603259,37.899964122492,0.0323129919951139,0.155127473082191,0.176841823666263,0.397909731340842,0.413562234485815,6,0.135071680380754,4.93577296174985,3.72491000435218,4.67106792325565,12.4845823776177,0.172899884009796,1.11803398874989,48.4832496646553,333.675359267407,Inf,0.347878333333333,0.513,0.005,0,0,33.600000000071
lowRelativeVelocity,nominal,212,sharmaTunedPredictor,1,,0,1000,2,0.0340167806696495,0.077451464649274,0.985331298463198,0.0814188342732548,0.402729552385423,0.262624398269542,0.364606484531213,0.188260444697973,0.66584992378421,0.138713646961526,0.410876350007023,0.685531895489406,2.0949046679519,0.0351639279844166,0.192338846824333,1.15732018760715,1.7703362631868,1.28024778256401,6,0.0331665483389636,0.351879013627345,0.170636133317969,0.130635320786284,0.729084421204777,0.897265787174484,1.11803398874989,11.7537911375067,9.07147666122705,1.22,0.376971666666667,0.562,0.005,0,0,33.600000000071
lowRelativeVelocity,nominal,212,sharmaTunedCorrectedPredictor,1,,0,1000,2,0.0340167817814921,0.0774514647986269,0.985331313336068,0.081418927905938,0.402729609367169,0.262624347936914,0.364606160022373,0.188260422754685,0.665848377272548,0.13871402248631,0.410877971047504,0.685531675692686,2.09490449830419,0.0351639279844166,0.192338846824333,1.15732018760715,1.7703362631868,1.28024778256401,6,0.0331665500231395,0.351879059224192,0.17063611759556,0.13063569448543,0.729084233979391,0.897265787174484,1.11803398874989,11.7537909924908,9.07147405742235,1.22,0.356776666666667,0.533,0.005,0,0,33.600000000071
lowRelativeVelocity,nominal,213,structured,1,,0,1000,2,0.0295420671305741,0.0855357820832429,0.452955314811277,0.0648309094148265,0.11991273473617,0.120095769199244,0.183546719184406,0.0829532310594687,0.221096837317967,0.0826097444499436,0.23324744627287,0.325150294194861,0.885246253214087,0.00960070190289508,0.0031892511437168,0.00588651607216974,0.0159333001803679,0.00700508305121581,6,0.0287549833911112,0.117250944978868,0.0807209697449741,0.0807105247960548,0.319426289519566,0.00581498345243661,1.11803398874989,3.66885285800117,4.9038574844262,0.5,2.21321166666667,6.452,0.005,0,0,33.600000000071
lowRelativeVelocity,nominal,213,sharmaMatchedPredictor,1,,0,1000,2,0.0587597530777162,0.111017667582199,1.3388242210469,0.148310949284498,1.11674678829756,1.12245377824808,2.9703173270027,0.783183853673374,2.24784962650988,0.753987446469809,1.86325466549287,3.01961123483435,10.0555055036732,0.0470147985308949,0.533952180107322,0.277965642544694,0.679249256821512,1.5015229851364,6,0.0531665398297008,1.00505931641098,0.734545804168581,0.670962966253964,2.60616420354903,0.274955458627086,1.11803398874989,27.549063758979,48.5370110712999,Inf,0.305893333333333,0.816,0.005,0,0,33.600000000071
lowRelativeVelocity,nominal,213,sharmaCertifiedHold,1,,0,1000,2,0.0704916815613728,0.0912358552508435,2.10503292071298,0.172467848749498,2.60764910766134,2.60796635840881,17.9715038340264,1.83123328831085,4.72539405280588,2.35253769403184,5.44574748472674,6.98059007781196,18.9436679686495,0.153841224123216,0.140229150697622,0.117162173195354,0.292680664106478,0.341035832902554,6,0.0692208397948766,2.58048085311642,1.73910907942837,2.32925948927006,7.17491776499915,0.118100659949086,1.11803398874989,34.0654556898025,226.331360875164,Inf,0.296613333333333,0.508,0.005,0,0,33.600000000071
lowRelativeVelocity,nominal,213,sharmaCertifiedPredictor,1,,0,1000,2,0.13553973875255,0.178005927356191,4.30826713341541,0.364216874849306,5.01469702243571,5.01495274749135,35.7184075757023,3.43499734906284,11.4831890527179,4.75249715397971,11.6817343152463,13.9384604798835,47.9715017835182,0.0283542017678443,0.154471826788289,0.1297285747951,0.338740291352406,0.374692487908688,6,0.129463167494686,4.78287812960643,2.93316582585383,4.5227464680943,14.2214941632835,0.123688397109061,1.11803398874989,46.9057042623379,414.778060452736,Inf,0.305331666666667,0.505,0.005,0,0,33.600000000071
lowRelativeVelocity,nominal,213,sharmaTunedPredictor,1,,0,1000,2,0.0357031439845406,0.0772175243216767,0.967726071242015,0.0781995690079804,0.414469528246305,0.286567604922303,0.382948579393034,0.211263396306903,0.536981614232987,0.133291423038939,0.365481072239195,0.724885127184377,2.40132415750216,0.0350226458546276,0.196438880994131,1.14170647955703,1.74751464311712,1.2707742138862,6,0.0347166687430818,0.371306270630209,0.218053170867482,0.131930525215666,0.693776001370772,0.874572244244361,1.11803398874989,11.4038687382147,8.72082766133114,1.2,0.295106666666666,0.52,0.005,0,0,33.600000000071
lowRelativeVelocity,nominal,213,sharmaTunedCorrectedPredictor,1,,0,1000,2,0.0357031590862987,0.0772175303329989,0.96772608722403,0.0781995552804949,0.414469613583198,0.286567637556256,0.382948499210272,0.211263459209276,0.536980399461152,0.13329189298434,0.365483016458757,0.724885012293445,2.40132162478619,0.0350226458546276,0.196438880994131,1.14170647955703,1.74751464311712,1.2707742138862,6,0.0347166840856737,0.371306373570587,0.218053224473691,0.131930948689046,0.69377595714831,0.874572244244361,1.11803398874989,11.4038686100871,8.72082507095165,1.2,0.291831666666667,0.331,0.005,0,0,33.600000000071
lowRelativeVelocity,nominal,214,structured,1,,0,1000,2,0.0266412342951307,0.0859569431455978,0.467341944847973,0.0637551391718342,0.108868898080431,0.108844419805465,0.166686978548824,0.0793139167310804,0.210135768897818,0.0795707506810073,0.210434786993699,0.2790945127395,0.769078485533143,0.0111688314087537,0.00257671030117901,0.0051751149191986,0.0140441347191975,0.00490243892172455,6,0.0254706651805116,0.105983569686416,0.0744948416410353,0.0752686791956754,0.282089887948396,0.00557161273116263,1.11803398874989,3.71932896799234,4.964499520418,0.48,2.07261666666667,5.036,0.005,0,0,33.600000000071
lowRelativeVelocity,nominal,214,sharmaMatchedPredictor,1,,0,1000,2,0.0581860571812214,0.105882543131374,1.31057828037542,0.141198238115351,1.11183926862202,1.11504412225961,2.99266325547635,0.790040208420214,2.30913702153985,0.757693824975715,1.96934008771303,2.94762467972071,7.97626068914807,0.0444200393222122,0.510776298531015,0.225574639312723,0.744236257209662,1.37256594978417,6,0.0571566599865206,1.06187410695004,0.742158544289608,0.755115371511016,2.84999168839401,0.204517041425489,1.11803398874989,27.8595370114066,49.6695594510714,Inf,0.300758333333333,0.795,0.005,0,0,33.600000000071
lowRelativeVelocity,nominal,214,sharmaCertifiedHold,1,,0,1000,2,0.0703123019252483,0.0914517759537029,2.0595963481345,0.163191635535723,2.5701721772495,2.57046623900986,17.7628307281068,1.70974453632486,4.39400227257318,2.31299029319538,5.15688655876694,7.21881720895381,19.9835046932278,0.155703985775948,0.140723971990474,0.107397647766376,0.272808283131596,0.324021196117025,6,0.070094005416788,2.57963648621411,1.72989265460009,2.32609685720077,7.20774656268347,0.0985463238952496,1.11803398874989,33.9423571669362,228.363927703964,Inf,0.29558,0.336,0.005,0,0,33.600000000071
lowRelativeVelocity,nominal,214,sharmaCertifiedPredictor,1,,0,1000,2,0.13052376420834,0.171531865474572,3.74872164204344,0.333230144461828,4.81824453864613,4.81827229295775,34.4005505611753,3.05502153606044,10.010331066428,4.55397232264221,11.1281034428221,14.084377796628,44.7332274637246,0.0305501557052503,0.15410775260377,0.120325986294265,0.284310647640169,0.356950415040358,6,0.128182721277069,4.73627967581167,3.14331489429888,4.47440843097959,13.38655854788,0.105446923632152,1.11803398874989,46.6629218641596,320.760779622266,Inf,0.301803333333333,0.342,0.005,0,0,33.600000000071
lowRelativeVelocity,nominal,214,sharmaTunedPredictor,1,,0,1000,2,0.0335416207881935,0.0784473065682318,0.993553479811324,0.0837667207066875,0.405042813478902,0.273444740869564,0.367034999176957,0.200605355954499,0.577282324943466,0.129849339633088,0.364233427039755,0.696103244965999,1.85374286373519,0.0352688979056717,0.195005792072037,1.15466619776309,1.74829014466239,1.26442590598147,6,0.0326104350318437,0.354020330977278,0.193215486326356,0.125390330702475,0.70809605498228,0.893648049930289,1.11803398874989,11.5898270303873,8.71143055420239,1.22,0.291628333333333,0.5,0.005,0,0,33.600000000071
lowRelativeVelocity,nominal,214,sharmaTunedCorrectedPredictor,1,,0,1000,2,0.0335416205565419,0.0784473074913782,0.993553531426591,0.0837668238157736,0.405042868044982,0.273444783381807,0.36703512378474,0.200605424626664,0.577283863885169,0.129849779802751,0.364234995315519,0.696103162244443,1.85374090861111,0.0352688979056717,0.195005792072037,1.15466619776309,1.74829014466239,1.26442590598147,6,0.0326104419681168,0.354020311966795,0.193215620344561,0.125390806322832,0.708095959092554,0.893648049930289,1.11803398874989,11.5898270151659,8.71142991374374,1.22,0.290796666666667,0.342,0.005,0,0,33.600000000071
lowRelativeVelocity,nominal,215,structured,1,,0,1000,2,0.0287017982199309,0.0868255885365849,0.461613270210732,0.0620049698246844,0.12081275582186,0.120941590083426,0.185186688740022,0.0919035485213937,0.242579142728164,0.0899288062931979,0.245963532338421,0.294423065085195,0.942807036122193,0.0122322252316846,0.00259243301153166,0.00578134338728009,0.0151345604616413,0.00437563370845186,6,0.0292469444277261,0.122558306453674,0.0958434943241908,0.0919184200216217,0.286183199685195,0.00497322129008521,1.11803398874989,3.7470605814002,5.17647849104865,0.46,2.05697333333333,5.465,0.005,0,0,33.600000000071
lowRelativeVelocity,nominal,215,sharmaMatchedPredictor,1,,0,1000,2,0.0557962293993876,0.107932054617524,1.36588749223474,0.124263948763897,1.11662819195704,1.12028899157472,2.84388625159531,0.787039842868819,1.91227319133349,0.714142945415935,1.89584039175445,2.98555125683786,7.97292106849944,0.0483296090444724,0.532650794589506,0.248189187475658,0.713581957686025,1.35906467994851,6,0.0563799949842773,1.15625605713414,0.808883246723824,0.715069224317526,3.10007186426415,0.264508092028064,1.11803398874989,27.4716255121284,45.8354143654224,12,0.30307,0.798,0.005,0,0,33.600000000071
lowRelativeVelocity,nominal,215,sharmaCertifiedHold,1,,0,1000,2,0.0696747768666643,0.0892457580576993,1.97857218936565,0.154102414291988,2.52873173347606,2.5284480793749,17.365546258483,1.76653206540644,5.13996548511729,2.26424709798338,5.99140281908942,6.84317517185061,17.3405941046512,0.150936433749356,0.138111314275294,0.130177076466702,0.286896803897865,0.338555731659271,6,0.0697843131293817,2.52940745724607,1.70870113315571,2.26787732413722,7.02455345507544,0.14396242544963,1.11803398874989,33.4532494610882,218.323524441343,Inf,0.293443333333333,0.347,0.005,0,0,33.600000000071
lowRelativeVelocity,nominal,215,sharmaCertifiedPredictor,1,,0,1000,2,0.133560077080153,0.170150444017461,3.87662965511596,0.327882604291523,4.88548350560814,4.88525178806606,34.4924959663624,3.44903082696687,8.35555581855375,4.61254654465947,10.6374972889469,13.1945035212058,40.7240775884185,0.0299610577135399,0.146634516154143,0.142542695829189,0.309792491287863,0.366372706850372,6,0.135452799756112,4.95539387019375,3.31244651155716,4.68476720394842,13.9234320274301,0.153617290297068,1.11803398874989,45.6113277191632,308.225619179318,Inf,0.301765,0.343,0.005,0,0,33.600000000071
lowRelativeVelocity,nominal,215,sharmaTunedPredictor,1,,0,1000,2,0.0349754706623448,0.0797177438516139,0.981735322996942,0.073515885836296,0.432444246200303,0.306452813970017,0.38515974437849,0.221539235347776,0.588892450136381,0.139856098891214,0.398565559501471,0.793051476336514,2.32815232480163,0.0378556669414341,0.206869067192678,1.15255198496982,1.75570945959437,1.26756080494895,6,0.0352052794042468,0.403344377710678,0.234800961286211,0.135616854070933,0.820765981922088,0.900802634557874,1.11803398874989,11.8819983592881,8.77293142750584,1.26,0.291053333333333,0.507,0.005,0,0,33.600000000071
lowRelativeVelocity,nominal,215,sharmaTunedCorrectedPredictor,1,,0,1000,2,0.0349754718941345,0.0797177448682743,0.981735348229768,0.0735157979246617,0.432444271544679,0.306452798436656,0.385159508876758,0.221539229929544,0.588893532017954,0.139856445029764,0.398566604837113,0.793051379137637,2.32815133472885,0.0378556669414341,0.206869067192678,1.15255198496982,1.75570945959437,1.26756080494895,6,0.0352052749571282,0.403344340223494,0.234800912933651,0.135617145820435,0.820765876100437,0.900802634557874,1.11803398874989,11.8819983161666,8.77293044695413,1.26,0.290216666666667,0.324,0.005,0,0,33.600000000071
lowRelativeVelocity,nominal,216,structured,1,,0,1000,2,0.0302392456969975,0.0882583262291298,0.462067790947379,0.0685220973114866,0.117526355691434,0.117706368600708,0.179926978542219,0.0813564273864187,0.266455990729527,0.0807896944214679,0.272419764953385,0.318529758025784,0.870719746750134,0.010162749851369,0.00242584526117724,0.00620924461533576,0.0295523892859573,0.00573406818607227,6,0.0305693554935978,0.119031461085335,0.0819579761780595,0.08112555977375,0.323788627640578,0.0041047345555378,1.11803398874989,3.71131240397339,4.89541859272137,0.5,2.08148,5.183,0.005,0,0,33.600000000071
lowRelativeVelocity,nominal,216,sharmaMatchedPredictor,1,,0,1000,2,0.0635993544574852,0.111494340076015,1.36371731891064,0.135112413107218,1.18023259248845,1.19134258234864,3.26307681525596,0.84812789105268,2.68966207911102,0.832875422536095,2.11389975346397,3.13686225513762,8.89461333937967,0.0442447366568176,0.519765138936848,0.252697111350654,0.810335231347646,1.43559718817198,6,0.0654503360112536,1.19467895020405,0.863199955933884,0.862811486842123,3.15929907426191,0.251709319221452,1.11803398874989,27.9668792692968,49.5118749257101,Inf,0.303188333333333,0.797,0.005,0,0,33.600000000071
lowRelativeVelocity,nominal,216,sharmaCertifiedHold,1,,0,1000,2,0.0725087136225843,0.0932377089988143,2.19573565050637,0.15818789307078,2.57867588138972,2.57865263293562,17.7530738832773,1.90337373323397,5.2815777084889,2.32329510979248,5.84011840841177,6.58751328824859,16.7975832061673,0.15605583899508,0.112331218436649,0.0891219508697138,0.227189909096866,0.280363872123969,6,0.0726051895992307,2.54790650782188,1.83929637601476,2.29255768877091,6.68562582525459,0.0915753806470031,1.11803398874989,35.0990146888306,229.844675103634,Inf,0.293871666666666,0.36,0.005,0,0,33.600000000071
lowRelativeVelocity,nominal,216,sharmaCertifiedPredictor,1,,0,1000,2,0.145009878718309,0.181750199948952,4.76260584953378,0.325674495142822,5.27307018400051,5.27309760270902,37.1198891370303,4.15364990940623,11.2277515472159,5.01530371286072,11.2961645936047,12.6563066534949,40.9973539912361,0.0240958059615257,0.118659067488372,0.100522424834545,0.240566103672734,0.302479817836707,6,0.141910002582647,5.1210703158527,3.86564509608186,4.86399961640365,13.0218339644158,0.0961465996128966,1.13118321937429,47.8039432991436,840.053159917862,12,0.301705,0.333,0.005,0,0,33.600000000071
lowRelativeVelocity,nominal,216,sharmaTunedPredictor,1,,0,1000,2,0.0365296989399944,0.0792184986839602,0.963527371127438,0.0823618153497541,0.41954803062299,0.2888693939275,0.382127388946795,0.212883264275561,0.699761290865512,0.131008346820645,0.42845164526701,0.731429258707365,2.14214785441379,0.0345521557669565,0.193113540869858,1.1659414165341,1.7597593693967,1.26224150694338,6,0.0369684300033368,0.372353694710099,0.20339849954359,0.133200786229594,0.734882201959171,0.905785696075546,1.11803398874989,11.4699119912423,8.58813678383709,1.22,0.293043333333333,0.499,0.005,0,0,33.600000000071
lowRelativeVelocity,nominal,216,sharmaTunedCorrectedPredictor,1,,0,1000,2,0.0365297110220047,0.0792185036721503,0.963527388937698,0.0823619287082338,0.419548063484421,0.288869398875315,0.382127196279149,0.21288326092919,0.699763132079168,0.131008804659085,0.42845350654532,0.731429258948087,2.1421487770455,0.0345521557669565,0.193113540869858,1.1659414165341,1.7597593693967,1.26224150694338,6,0.036968428968074,0.372353647714436,0.203398445862971,0.13320123626425,0.734882177231945,0.905785696075546,1.11803398874989,11.4699118225109,8.58813428731166,1.22,0.292053333333333,0.482,0.005,0,0,33.600000000071
lowRelativeVelocity,nominal,217,structured,1,,0,1000,2,0.0288073938301183,0.0870402744648528,0.465028971855284,0.067987770437638,0.119926554975581,0.120247092803097,0.183608782099425,0.0869605148775241,0.25001887559066,0.0836097838525182,0.256462152122557,0.311224816391142,1.09854309019289,0.00866301903151998,0.0022094731223989,0.00584972659122417,0.0162160985855397,0.00685503452603309,6,0.0274233930366232,0.113882135187571,0.0926835727249619,0.0880630963032472,0.248467349864441,0.00449677605654374,1.11803398874989,3.73364369007184,4.96331523088455,0.48,2.03833333333333,5.077,0.005,0,0,33.600000000071
lowRelativeVelocity,nominal,217,sharmaMatchedPredictor,1,,0,1000,2,0.0574539211603618,0.110542979381827,1.37148039992712,0.130626362712088,1.07819414515567,1.0791000383015,2.95202615993313,0.831878892924318,2.33409932009084,0.747425297149575,2.12970449095989,2.57758451882351,7.65734820956288,0.0459265168312155,0.538295018866684,0.220100120820946,0.743688895781911,1.29482358800436,6,0.0591998555257989,1.15271768395714,0.923391097534432,0.780919295543867,2.61511537409049,0.237909057076365,1.11803398874989,28.2058585908632,50.0810904461766,Inf,0.299778333333333,0.779,0.005,0,0,33.600000000071
lowRelativeVelocity,nominal,217,sharmaCertifiedHold,1,,0,1000,2,0.0716524645178963,0.0927648123150163,2.13223032057689,0.156287379920807,2.63936552326669,2.63960094801264,18.2133067935037,1.9098982191229,5.37683579400643,2.38285747602151,6.04971055035857,6.88200521721637,17.9751647123327,0.151986393476866,0.138137558940101,0.121685789182555,0.323696579493795,0.335952551553,6,0.072436887102554,2.65394039805966,1.90266055014635,2.4003057896517,6.95291972792965,0.121117827198019,1.11803398874989,32.0707538511669,216.680044389278,Inf,0.292898333333333,0.369,0.005,0,0,33.600000000071
lowRelativeVelocity,nominal,217,sharmaCertifiedPredictor,1,,0,1000,2,0.13704844274727,0.183925939318525,4.52544125952767,0.298540169520675,5.0502554328714,5.05032161299113,35.8216090062247,3.63962408888823,10.3659536171199,4.78422873694003,10.7232331167543,13.5157458761751,37.7493180725089,0.0276247295499933,0.14918870434987,0.132785350208642,0.339112834691722,0.362353124970685,6,0.142249238634696,5.22458158917568,3.89147705388984,4.95790368761398,13.563064073349,0.129209327972046,1.11803398874989,44.0026129910424,338.91759713514,12,0.30018,0.402,0.005,0,0,33.600000000071
lowRelativeVelocity,nominal,217,sharmaTunedPredictor,1,,0,1000,2,0.0348010511048623,0.0787082465373823,0.983804932140913,0.0834005889543896,0.417952874579848,0.291417159793581,0.381715596760344,0.215403028614512,0.605576117888617,0.132600878145079,0.468856538550098,0.735862774942056,2.43590202576657,0.0360830748469169,0.204045602772706,1.13393544746051,1.74457054605416,1.25007182231348,6,0.0339915161212271,0.374822428019711,0.223186885737534,0.135240050826715,0.71828525554367,0.88337485436873,1.11803398874989,11.5417934458505,8.89286228288034,2.34,0.289896666666667,0.486,0.005,0,0,33.600000000071
lowRelativeVelocity,nominal,217,sharmaTunedCorrectedPredictor,1,,0,1000,2,0.0348010484316757,0.0787082469859709,0.98380491968426,0.083400616686684,0.41795283420554,0.291417154792417,0.381715517574965,0.215403023890134,0.605574542520532,0.132601329522939,0.468857844950176,0.735862726295108,2.43590166200508,0.0360830748469169,0.204045602772706,1.13393544746051,1.74457054605416,1.25007182231348,6,0.0339915170146687,0.374822426766915,0.223186878619907,0.135240497113995,0.718285288595688,0.88337485436873,1.11803398874989,11.5417934268183,8.8928608550905,2.34,0.289563333333333,0.368,0.005,0,0,33.600000000071
lowRelativeVelocity,nominal,218,structured,1,,0,1000,2,0.0303784662222694,0.0864599973645788,0.468080801437652,0.0690921061526128,0.125830000269127,0.125809474683863,0.192393715091218,0.0923803492450404,0.276306919768308,0.090030873141544,0.284291049325285,0.3199431515294,1.0227657780666,0.0111809458338487,0.00285738741848917,0.00648342298949608,0.0207592634148847,0.00768636345101514,6,0.0293280983679136,0.121703490195569,0.0843378475861286,0.0816283773312682,0.328024088823124,0.0054757823297183,1.11803398874989,3.82997606728218,5.28422261836456,0.48,2.04369166666667,5.005,0.005,0,0,33.600000000071
lowRelativeVelocity,nominal,218,sharmaMatchedPredictor,1,,0,1000,2,0.0604830935092759,0.118955221602056,1.38181315874322,0.159103324419285,1.04694532500649,1.04925673698021,3.0610476492378,0.713709739790009,2.57858043385437,0.78950530169862,2.26009337527682,2.88035346147337,9.51390305977001,0.0402806404971695,0.45149733251142,0.209080168379105,0.596310054962939,1.11424963824649,6,0.0576635201504969,1.02990088476526,0.690355511142396,0.759301056156706,2.87408774242051,0.202933596618097,1.11803398874989,29.1257070169518,52.1268444211522,Inf,0.297693333333333,0.788,0.005,0,0,33.600000000071
lowRelativeVelocity,nominal,218,sharmaCertifiedHold,1,,0,1000,2,0.0719133919093399,0.0939440039282485,2.05945944087701,0.158260254395389,2.5949265257775,2.59495657568894,17.8685836981964,1.86678650042969,5.04519823769436,2.33951979290861,5.29427822648907,6.86511358927664,19.5740127356135,0.152305680429121,0.136034958025893,0.107386641624153,0.231117289318572,0.287689275475714,6,0.070839356215494,2.5863627476781,1.87996863815375,2.32939767848898,6.76301659916172,0.103470009529632,1.11803398874989,33.0995366605478,220.235481944684,Inf,0.291198333333333,0.381,0.005,0,0,33.600000000071
lowRelativeVelocity,nominal,218,sharmaCertifiedPredictor,1,,1,1000,2,8.82229157371684e+43,8.05495343041402e+43,1.12113396404885e+46,1.08856921760572e+45,1.22793642563959e+46,1.22793642563959e+46,2.28203984531525e+48,1.22793642563959e+46,1.51577392972636e+47,1.2279268019902e+46,1.51575314248399e+47,103.679732409853,179.867193598579,0.0298812119618213,0.14540414941688,0.117541564566136,0.247811248526844,0.311031931900537,6,1.13819591372556e+44,1.58420543041396e+46,1.58420543041396e+46,1.58419301459397e+46,103.872844718482,0.109293667143151,628463.792717247,87382710.3220712,15904812058.3897,Inf,0.297886666666667,0.334,0.005,0,0,33.600000000071
lowRelativeVelocity,nominal,218,sharmaTunedPredictor,1,,0,1000,2,0.0369748157990131,0.0796308642063185,0.974337318301839,0.079452478544069,0.415055726370237,0.287821821286091,0.403791632926849,0.214272970419678,0.605855080837571,0.138179080465535,0.375276343506901,0.720399142179308,2.23223801381318,0.0344590525488726,0.189524189465941,1.15204545761813,1.74068085368837,1.230157646787,6,0.0354390631550036,0.362170933927538,0.198385905509866,0.125818162979794,0.712728004276092,0.907493722956874,1.11803398874989,11.8084998710594,9.33686795625509,2.6,0.291406666666667,0.492,0.005,0,0,33.600000000071
lowRelativeVelocity,nominal,218,sharmaTunedCorrectedPredictor,1,,0,1000,2,0.0369748137351351,0.0796308653401963,0.974337296944574,0.0794525531603452,0.415055720535416,0.287821790780228,0.403791456854233,0.21427296055641,0.605853696719461,0.138179601765998,0.375277319459962,0.720398974963247,2.23223649518677,0.0344590525488726,0.189524189465941,1.15204545761813,1.74068085368837,1.230157646787,6,0.0354390631598987,0.362170887572725,0.198385902622326,0.125818809276241,0.712727850086409,0.907493722956874,1.11803398874989,11.8084998456534,9.3368668378242,2.6,0.286645,0.33,0.005,0,0,33.600000000071
lowRelativeVelocity,nominal,219,structured,1,,0,1000,2,0.0270896798458362,0.0856772386048358,0.453328614114855,0.0624932596681971,0.112742053627852,0.112744126781262,0.17307450450428,0.0772520953489172,0.224164221770776,0.0758404018452445,0.198835125275636,0.307624142784193,0.904580921643999,0.0116759759803481,0.00274083652988495,0.00557111102062806,0.014837313065423,0.0052359311362624,6,0.0278853718729312,0.114204101359962,0.0758635919533593,0.0746798243107131,0.31985269485322,0.00488153909900618,1.11803398874989,3.83506029050632,5.11056400207087,0.48,2.03987166666667,5.078,0.005,0,0,33.600000000071
lowRelativeVelocity,nominal,219,sharmaMatchedPredictor,1,,0,1000,2,0.0517393683715683,0.109606712991798,1.32902481185927,0.13006944816032,1.00816219872905,1.01008471349071,2.7566453265248,0.72596263852594,2.21391684014685,0.686197019139257,2.06784078736496,2.64383024244979,8.69734055839391,0.0469829647117132,0.531106717446777,0.256945043777223,0.646067125562478,1.44921625951946,6,0.0534552401790684,1.01300907763997,0.728471950530882,0.708327644771157,2.6660287776927,0.269871569228079,1.11803398874989,28.5403728923954,48.6927504520669,Inf,0.297013333333333,0.792,0.005,0,0,33.600000000071
lowRelativeVelocity,nominal,219,sharmaCertifiedHold,1,,0,1000,2,0.0715432650230149,0.09160915470267,2.12443261880707,0.162677805284723,2.66307675183633,2.66373203295921,18.3881510164765,1.89895249963922,4.99280879443027,2.4073872634766,5.57125103966938,7.03867292645504,22.8955759674857,0.156634346408573,0.154307654714942,0.154073914400771,0.372225720033405,0.390780263157583,6,0.0719040610952048,2.65967588349933,1.90102497233282,2.40600893160378,7.0179855791821,0.1696678623388,1.11803398874989,34.7346885935035,222.734772142729,Inf,0.290558333333333,0.321,0.005,0,0,33.600000000071
lowRelativeVelocity,nominal,219,sharmaCertifiedPredictor,1,,0,1000,2,0.143037088516181,0.177870133690391,4.47180927864668,0.361755340478568,5.28716013044316,5.28756447849875,37.6309391682946,3.81644576189617,11.0920139081125,5.02547869034893,14.0005971874383,14.0343034467408,50.2141189872564,0.0335961365354937,0.168781318973052,0.168538058025044,0.40147884207963,0.425790843803131,6,0.142545104255555,5.26182470434562,3.75994550010378,5.00160728558137,14.2159451145365,0.1827910445269,1.11803398874989,48.0757774960932,334.878571223805,Inf,0.298321666666667,0.335,0.005,0,0,33.600000000071
lowRelativeVelocity,nominal,219,sharmaTunedPredictor,1,,0,1000,2,0.0330399868420718,0.0777737609811754,0.951390502728272,0.074079235013059,0.400359692333894,0.266077852716708,0.361324340377449,0.178802618987245,0.524675624337789,0.122486507783594,0.320345691204325,0.738271427619359,2.0502967566833,0.0369312360044543,0.20341293001617,1.13402205248817,1.73460085421115,1.2648054249903,6,0.0339516030697322,0.355873082369633,0.183355408975568,0.12166121354191,0.739367420224245,0.884395438406924,1.11803398874989,11.7045303438795,8.94631140843562,1.64,0.287846666666667,0.492,0.005,0,0,33.600000000071
lowRelativeVelocity,nominal,219,sharmaTunedCorrectedPredictor,1,,0,1000,2,0.0330399985973966,0.0777737668554836,0.951390546070823,0.0740792650851749,0.400359705203968,0.266077859822283,0.361324266216231,0.178802641785862,0.524676764599674,0.12248700025634,0.320347703000137,0.738271344282863,2.05029489300593,0.0369312360044543,0.20341293001617,1.13402205248817,1.73460085421115,1.2648054249903,6,0.0339516202477067,0.355873165607507,0.183355497132174,0.121661789058871,0.739367321799199,0.884395438406924,1.11803398874989,11.7045303468959,8.94631184804136,1.64,0.286326666666666,0.32,0.005,0,0,33.600000000071
lowRelativeVelocity,nominal,220,structured,1,,0,1000,2,0.028990217075243,0.0846768024082185,0.456057650996695,0.0627310539184374,0.113620133756847,0.113752636200214,0.174126215955937,0.0852825474100969,0.224872777941627,0.0848563627164491,0.225522444887368,0.281846082046379,0.846748593282925,0.0114546643980099,0.00289671963620652,0.00638393318084025,0.0185660489748963,0.00597036069433074,6,0.0270804433104703,0.104846823209539,0.076453245939215,0.0760935998616939,0.26946218973127,0.00688276967248963,1.11803398874989,3.8691942238507,5.17471699820761,0.46,2.04876833333333,5.172,0.005,0,0,33.600000000071
lowRelativeVelocity,nominal,220,sharmaMatchedPredictor,1,,0,1000,2,0.054686279227337,0.113606671505801,1.46760268290359,0.128015060436128,1.07251465292554,1.07494081225855,2.81583908309845,0.803031378463144,2.63110366013488,0.705242623750189,2.16591519772116,2.67226441656345,7.6239377774136,0.0470020100145259,0.527458863771624,0.225458286173742,0.564739943249699,1.30758579210728,6,0.0534250883908483,1.09183633372275,0.795518045176966,0.705456323658747,2.79661956687708,0.236204988964592,1.11803398874989,28.9402306737361,51.0211972569477,Inf,0.29881,0.786,0.005,0,0,33.600000000071
lowRelativeVelocity,nominal,220,sharmaCertifiedHold,1,,0,1000,2,0.0727368139742931,0.0910315695836176,2.14740115594522,0.145620576185458,2.61549595286063,2.61591060734257,18.0120257537827,1.92382599470831,5.21955134458872,2.35699983140689,5.43110109696181,6.72260933460089,17.5188717868077,0.150380037265723,0.132248664150639,0.104661649021725,0.303770560136521,0.310162503867799,6,0.0713892364401706,2.58607429463942,1.90989375283868,2.32767948257239,6.60896734983151,0.0954961754268524,1.11803398874989,32.7103423723986,219.909760368438,12,0.291835,0.362,0.005,0,0,33.600000000071
lowRelativeVelocity,nominal,220,sharmaCertifiedPredictor,1,,0,1000,2,0.143429288344224,0.179021452288663,4.63391341260209,0.329872258539602,5.23739865403412,5.23783107065975,37.5569369435257,3.92270261280128,10.9624035695487,4.97221959696096,11.3047956610523,13.6227733084826,42.6690478514816,0.0287168141531271,0.143085255372071,0.119028729568993,0.37744493478545,0.343670324396746,6,0.144225576249699,5.32034894966719,4.18859174056325,5.05843714815466,13.0651247221346,0.100151427260724,1.11803398874989,45.8352336671868,321.896016035114,Inf,0.298445,0.336,0.005,0,0,33.600000000071
lowRelativeVelocity,nominal,220,sharmaTunedPredictor,1,,0,1000,2,0.0349887645075514,0.07801157939672,0.952523035824214,0.0691481789570541,0.405662328771474,0.268919883270845,0.369639943313137,0.205144568967445,0.71242171788461,0.135024017202438,0.399541502480681,0.65089388261142,1.71104097759965,0.0355343606381049,0.195436617125619,1.16318671651222,1.7536519319786,1.27021409008554,6,0.0330570478544691,0.362845532500674,0.2043672847039,0.126125574653439,0.662428337418924,0.918937113673047,1.11803398874989,11.8790549486698,9.11874728744401,1.12,0.289776666666667,0.578,0.005,0,0,33.600000000071
lowRelativeVelocity,nominal,220,sharmaTunedCorrectedPredictor,1,,0,1000,2,0.0349887674007117,0.0780115814864063,0.952523065724231,0.0691480920788614,0.405662344023152,0.268919920975537,0.369639966504585,0.205144606382817,0.712423062559186,0.135024460524279,0.399543091739835,0.650893900704774,1.71103908796153,0.0355343606381049,0.195436617125619,1.16318671651222,1.7536519319786,1.27021409008554,6,0.0330570673341396,0.36284565202299,0.204367367612215,0.1261260266884,0.662428309080201,0.918937113673047,1.11803398874989,11.8790550206278,9.11874754398823,1.12,0.287895,0.394,0.005,0,0,33.600000000071
lowRelativeVelocity,noiseFree,201,structured,1,,0,1000,2,0.000178794110607378,0.0807100990168849,0.45269925670933,0.00123871401553487,0.00126333334774181,0.00097554503030045,0.00635697929222485,0.000843977916431846,0.00387837903959642,0.0014326051927663,0.00698021762136758,0.00183241866244843,0.0203514191870691,0.00156802751438881,0.000639212746258839,0.00210462944502196,0.0142428170055734,0.00140282184998382,6,4.16563204109633e-08,2.89376651685123e-07,2.50738789469295e-07,3.04967818397466e-07,7.27398572546508e-07,1.86429758782718e-07,1.11803398874989,3.74483321542394,5.05773710585953,0.46,2.00265,5.018,0.005,0,0,33.600000000071
lowRelativeVelocity,noiseFree,201,sharmaTunedPredictor,1,,0,1000,2,7.49384188366009e-05,0.070048015705503,0.948861053883215,0.000642979698877984,0.301991133580276,0.00577690939472523,0.00357263976609772,0.000662464357174809,0.00571730698644757,0.0002673553444216,0.00228310319846131,0.0214907656668363,0.0303081793188279,4.76609087249059e-05,0.000563776529256436,1.15195387312249,1.7517341820577,1.15245811125223,6,1.31190777229172e-11,0.23458686556606,3.80304671921466e-05,5.13499848619643e-11,0.017569167635899,0.896066030714403,1.11803398874989,11.7075636834667,8.91844055918151,1.08,0.289195,0.775,0.005,0,0,33.600000000071
lowRelativeVelocity,noiseFree,201,sharmaTunedCorrectedPredictor,1,,0,1000,2,7.49384188366009e-05,0.070048015705503,0.948861053883215,0.000642979698877984,0.301991133580276,0.00577690939472523,0.00357263976609772,0.000662464357174809,0.00571730698644757,0.0002673553444216,0.00228310319846131,0.0214907656668363,0.0303081793188279,4.76609087249059e-05,0.000563776529256436,1.15195387312249,1.7517341820577,1.15245811125223,6,1.31190777229172e-11,0.23458686556606,3.80304671921466e-05,5.13499848619643e-11,0.017569167635899,0.896066030714403,1.11803398874989,11.7075636834667,8.91844055918151,1.08,0.288573333333333,0.332,0.005,0,0,33.600000000071
lowRelativeVelocity,sample20Hz,201,structured,1,,0,1000,2,0.0482384581718343,0.110368458078712,0.497723587627915,0.10976212528564,0.195694529771727,0.196015575535939,0.297930347597445,0.135749215384199,0.355446935292671,0.136859749954473,0.433743188522633,0.529185756764413,1.24765194544044,0.0166946104677681,0.00357056646155425,0.0084262510234775,0.0207587622912691,0.0104956918051696,6,0.0507105129899666,0.205386227704188,0.138313991253999,0.141913478045682,0.570198939036131,0.00832234776732859,1.11803398874989,3.83990147321567,5.15590735398066,0.85,3.16158333333333,6.413,0.005,0,0,33.6000000000068
lowRelativeVelocity,sample20Hz,201,sharmaTunedPredictor,1,,0,1000,2,0.0589624603839721,0.10814497014651,1.02895545615467,0.13304801123539,0.515282638404631,0.418359306155471,0.622950874222365,0.294270613511262,0.84707576409005,0.21270575929411,0.561443141446158,1.11435156348662,3.05193637674519,0.0556392077566901,0.303851894565245,1.14391635916744,1.76844066784629,1.40613826347093,6,0.0600876720379886,0.502123371813458,0.315412208798463,0.218347383606687,1.16645731590832,0.884440568324166,1.11803398874989,12.0585313809479,9.34858316870506,Inf,0.630883333333333,1.105,0.005,0,0,33.6000000000068
lowRelativeVelocity,sample20Hz,201,sharmaTunedCorrectedPredictor,1,,0,1000,2,0.0589624651734986,0.108144975514836,1.02895549408426,0.13304791029496,0.515282658332816,0.418359302076069,0.622950805369766,0.294270633698571,0.847077462726524,0.21270650438796,0.561443483075476,1.11435141335995,3.05193958218303,0.0556392077566901,0.303851894565245,1.14391635916744,1.76844066784629,1.40613826347093,6,0.0600876689530146,0.502123326770371,0.315412225318415,0.218347997460566,1.16645705199734,0.884440568324166,1.11803398874989,12.0585313856355,9.34858330227502,Inf,0.623529166666667,0.67,0.005,0,0,33.6000000000068
lowRelativeVelocity,sample20Hz,202,structured,1,,0,1000,2,0.0506036317714967,0.108268979073804,0.507395938777681,0.117519549792112,0.208333058789054,0.208438583031726,0.315282675343103,0.135669205223524,0.37413863551372,0.131920962385201,0.412507844159165,0.592774746171868,1.66089275062364,0.0169885849924629,0.0046544625579701,0.00972842124695748,0.0283878717289021,0.011702550094126,6,0.0513835496295264,0.211333424919434,0.131581775090387,0.131261832890552,0.619436678072478,0.00967868438896284,1.11803398874989,3.95931828951588,5.37631011064658,0.5,3.1620625,6.341,0.005,0,0,33.6000000000068
lowRelativeVelocity,sample20Hz,202,sharmaTunedPredictor,1,,0,1000,2,0.0605441252958207,0.107662876198929,1.03467443992557,0.142599062889077,0.568202371813938,0.476934283032708,0.637043779663098,0.345813220836406,0.887059156917928,0.219690032471132,0.591363934249366,1.22783288597324,3.23962857472033,0.0613180769867937,0.33762977311652,1.17793776904657,1.76966769357857,1.49700413503253,6,0.0610334942760029,0.547868909761111,0.346515950007535,0.216451381149596,1.2791477420723,0.921574968353326,1.11803398874989,12.9132076912968,10.2721911694106,7.85,0.634166666666667,1.15,0.005,0,0,33.6000000000068
lowRelativeVelocity,sample20Hz,202,sharmaTunedCorrectedPredictor,1,,0,1000,2,0.0605441427019839,0.107662885118298,1.03467448934818,0.14259900720749,0.568202407237098,0.476934325152046,0.637043767798076,0.345813309233186,0.887062136677347,0.219690828739048,0.591366927967734,1.22783270661932,3.23962576836913,0.0613180769867937,0.33762977311652,1.17793776904657,1.76966769357857,1.49700413503253,6,0.0610335110743253,0.547869062417485,0.346516002849736,0.216452246988033,1.27914749142795,0.921574968353326,1.11803398874989,12.9132076943763,10.2721912366203,7.85,0.6266,0.667,0.005,0,0,33.6000000000068
lowRelativeVelocity,sample20Hz,203,structured,1,,0,1000,2,0.0496765973613854,0.105975922380227,0.490371169337293,0.10442134117475,0.20405743658927,0.204080759553575,0.310957205644101,0.140809100332255,0.360943337052683,0.131294815829837,0.3111424621605,0.553853328205752,1.7170680308363,0.0166897299605417,0.00404977710316514,0.0113906847753918,0.0341561746530298,0.00979162697874546,6,0.0499369705168553,0.205857981938897,0.142697483444829,0.131008249063535,0.556232054978232,0.00874443766076319,1.11803398874989,3.84636789311795,5.12477865695808,0.5,3.14661666666667,6.637,0.005,0,0,33.6000000000068
lowRelativeVelocity,sample20Hz,203,sharmaTunedPredictor,1,,0,1000,2,0.0601239222141723,0.106579844966094,1.02430792965799,0.129350405266427,0.571549761979381,0.480529148141401,0.641773458912651,0.323986603696251,0.880316991857221,0.212318012250296,0.548018656621108,1.33076135486541,3.55095244151191,0.0617766188583305,0.340213995979362,1.16082018971322,1.77719337973852,1.51583903431407,6,0.0602657426105423,0.521868268555436,0.316376371181577,0.208917298275145,1.27220623346821,0.896069289095951,1.11803398874989,12.2762368152228,9.31197540797677,9.7,0.629733333333333,1.121,0.005,0,0,33.6000000000068
lowRelativeVelocity,sample20Hz,203,sharmaTunedCorrectedPredictor,1,,0,1000,2,0.060123922931146,0.106579847316084,1.02430798871283,0.129350318115626,0.571549781058453,0.4805291544434,0.64177326756028,0.323986634020652,0.880318256928312,0.212318915352985,0.548019437200171,1.33076120220764,3.55095200978792,0.0617766188583305,0.340213995979362,1.16082018971322,1.77719337973852,1.51583903431407,6,0.0602657533306109,0.521868254920567,0.31637635310191,0.208918286497755,1.27220602168531,0.896069289095951,1.11803398874989,12.276236822815,9.31197545421035,9.7,0.625483333333333,0.866,0.005,0,0,33.6000000000068
lowRelativeVelocity,sample20Hz,204,structured,1,,0,1000,2,0.0464958856838391,0.108918232197523,0.508364555491007,0.094932783881273,0.194090791101059,0.194041381854911,0.297656826486963,0.140582041101532,0.401091865744387,0.134339737548478,0.409568129227229,0.500869953730154,1.32630316951787,0.0180847381599797,0.00380779757657828,0.0101509272802516,0.0318902450728225,0.0106478301428726,6,0.0458277359927377,0.191938185462511,0.131967593598564,0.129558152191784,0.522574913093405,0.0110249892967625,1.11803398874989,3.94212646943202,5.28402484769826,0.45,3.17673333333333,6.57,0.005,0,0,33.6000000000068
lowRelativeVelocity,sample20Hz,204,sharmaTunedPredictor,1,,0,1000,2,0.0577040568170916,0.109097475869722,1.01560905882304,0.119992450811456,0.541748399285555,0.44045091957599,0.627462611043235,0.312928904767108,0.787808236332486,0.21279864691412,0.673993785797575,1.16088068436174,3.69797136324951,0.0565975838519836,0.308588280465776,1.16863751168357,1.78359549819405,1.42456274850202,6,0.0573880461737747,0.488966741040602,0.287374181984063,0.20653546482786,1.15903755925879,0.91130849566874,1.11803398874989,12.2805678486977,9.60806749079893,7,0.6370625,1.116,0.005,0,0,33.6000000000068
lowRelativeVelocity,sample20Hz,204,sharmaTunedCorrectedPredictor,1,,0,1000,2,0.0577040592864537,0.109097480159018,1.01560907589349,0.119992507635902,0.54174832594142,0.44045088271709,0.627462229253817,0.312928834555703,0.787807437178374,0.212799400622709,0.673994609684787,1.16088069902389,3.69797184969993,0.0565975838519836,0.308588280465776,1.16863751168357,1.78359549819405,1.42456274850202,6,0.0573880538268735,0.488966680879296,0.287374114852016,0.206536311302616,1.1590374972642,0.91130849566874,1.11803398874989,12.2805679098649,9.60806776757824,7,0.63455,0.802,0.005,0,0,33.6000000000068
lowRelativeVelocity,sample20Hz,205,structured,1,,0,1000,2,0.0483774336821708,0.108190020729429,0.49140533656317,0.0954295908877726,0.198773494118496,0.198964299750166,0.303161783446712,0.142990432262027,0.389318276662335,0.134309212648783,0.383936312341875,0.518060990795258,1.48183916505059,0.016662948885616,0.00471150782970732,0.0117416131144778,0.0280247772411259,0.00831042962545055,6,0.0474215622661105,0.194818820562178,0.139539231197978,0.132209877136879,0.509575492121635,0.00989153473917401,1.11803398874989,3.92753525364144,5.28680653570576,0.9,3.1522875,6.908,0.005,0,0,33.6000000000068
lowRelativeVelocity,sample20Hz,205,sharmaTunedPredictor,1,,0,1000,2,0.0580374932978768,0.107912028627725,0.975005557575909,0.109886674958728,0.515480166425853,0.418943473828191,0.614853167869585,0.285216400797304,0.75942588287193,0.208864773665845,0.573157135657827,1.15187138947907,3.76818740840042,0.0600798251131903,0.331342320149571,1.14223272004166,1.77592230795916,1.47172165280364,6,0.057051708314375,0.483500077783629,0.268808313581282,0.210913071513213,1.22345232286122,0.886317542384905,1.11803398874989,12.2239556552087,9.43357911817228,3.3,0.630466666666667,1.112,0.005,0,0,33.6000000000068
lowRelativeVelocity,sample20Hz,205,sharmaTunedCorrectedPredictor,1,,0,1000,2,0.0580375092699272,0.107912036941955,0.975005559092951,0.109886830415003,0.515480138446042,0.418943491102279,0.61485325246815,0.285216427160375,0.759427297859382,0.208865584902056,0.573158451971889,1.15187132790277,3.76819049563781,0.0600798251131903,0.331342320149571,1.14223272004166,1.77592230795916,1.47172165280364,6,0.0570517285307723,0.483500083339986,0.268808298909484,0.210913868283644,1.22345220676321,0.886317542384905,1.11803398874989,12.2239554336744,9.43357681328122,3.3,0.626729166666667,0.665,0.005,0,0,33.6000000000068
lowRelativeVelocity,sample100Hz,201,structured,1,,0,1000,2,0.0206550085298506,0.0766456566903235,0.440409924141131,0.0510005816205214,0.0872392875769011,0.0872364678398824,0.134273980771482,0.063044966359603,0.205979124590858,0.0611261096570441,0.196322173764519,0.225875553253534,0.663826312311003,0.00731080219048154,0.00169307813202601,0.00440907578403229,0.0154669688503989,0.00454719069419813,6,0.0211524301292714,0.0903824539569267,0.0653171491491057,0.0643460201618543,0.234023662074584,0.00419121852547404,1.11803398874989,3.59331258659577,4.91200000616371,0.46,1.74343916666667,4.515,0.005,0,0,33.5999999999967
lowRelativeVelocity,sample100Hz,201,sharmaTunedPredictor,1,,0,1000,2,0.0253001611659484,0.0666116519307853,0.938831787266352,0.0657140812990833,0.360337834214833,0.195107150885445,0.280679394645078,0.127936544424207,0.395975116024179,0.0962578330062119,0.29105534847775,0.551879682499512,1.66065118466336,0.0243293435829497,0.134985187754957,1.15014547512378,1.75087174560255,1.21231575998105,6,0.0257332337553517,0.30404493303781,0.126607937145293,0.0983731464930351,0.531770688749161,0.896340319037652,1.11803398874989,11.4415046825492,8.6041574984721,1.13,0.177989166666666,0.662,0.005,0,0,33.5999999999967
lowRelativeVelocity,sample100Hz,201,sharmaTunedCorrectedPredictor,1,,0,1000,2,0.0253001664633684,0.0666116545216419,0.938831794236413,0.0657139928103329,0.360337850952219,0.195107147344002,0.280679343590376,0.127936527105222,0.395977124655449,0.0962581630466104,0.291056901446545,0.551879689053517,1.66065099995148,0.0243293435829497,0.134985187754957,1.15014547512378,1.75087174560255,1.21231575998105,6,0.0257332280661142,0.304044861109026,0.126607947395803,0.098373487270366,0.531770648932567,0.896340319037652,1.11803398874989,11.4415046305842,8.60415659491261,1.13,0.176859166666666,0.265,0.005,0,0,33.5999999999967
lowRelativeVelocity,sample100Hz,202,structured,1,,0,1000,2,0.021381105479243,0.0776367609602791,0.443233668088197,0.0527345366530389,0.088968059813924,0.0889798559385381,0.136137663038961,0.0636587728727129,0.218290703139706,0.0634222615434631,0.215539305584869,0.232782749166634,0.614173965905272,0.00773985216041519,0.00217225009360571,0.00479066852453924,0.0176104593491303,0.0057177731737658,6,0.022625470590037,0.0927451613689258,0.0676258283007114,0.0674231405695129,0.237679732342372,0.00405395669986673,1.11803398874989,3.66527698315407,4.98826770009598,0.46,1.76191,4.605,0.005,0,0,33.5999999999967
lowRelativeVelocity,sample100Hz,202,sharmaTunedPredictor,1,,0,1000,2,0.0258514370666326,0.067803729115614,0.942645262609786,0.0589582192595013,0.357017183585233,0.194540360079085,0.284047977954286,0.143518017706911,0.479198849195008,0.100725631074985,0.313955449219115,0.491729237562517,1.61578012444554,0.0246333012102772,0.136432506480369,1.15559295517113,1.74124296651764,1.20870218897748,6,0.026673358932475,0.304724153821328,0.135572783507997,0.105848552296095,0.48434908968409,0.904892802166188,1.11803398874989,11.388240503743,8.7082155783769,1.37,0.176679166666666,0.657,0.005,0,0,33.5999999999967
lowRelativeVelocity,sample100Hz,202,sharmaTunedCorrectedPredictor,1,,0,1000,2,0.0258514372708709,0.0678037304795985,0.942645300749321,0.0589581254399945,0.357017250302999,0.194540357687675,0.284048092429298,0.143518036077085,0.479197406790862,0.100726007840396,0.313957055796158,0.491729122144545,1.61577918014726,0.0246333012102772,0.136432506480369,1.15559295517113,1.74124296651764,1.20870218897748,6,0.026673358216991,0.3047242130002,0.135572857813755,0.105848965664768,0.484348961137117,0.904892802166188,1.11803398874989,11.3882404614779,8.70821429118849,1.37,0.1755325,0.223,0.005,0,0,33.5999999999967
lowRelativeVelocity,sample100Hz,203,structured,1,,0,1000,2,0.0210831235733387,0.0771849700894153,0.440688713000314,0.048485677492483,0.0892076065330637,0.0892900454068746,0.137420770501521,0.0656355295442595,0.176046533889648,0.0654114284314174,0.17735143701115,0.226678097262471,0.66368432197513,0.00737075813036036,0.00186464950541754,0.00444364460524628,0.0139583253727296,0.00488440763072469,6,0.0199715884110703,0.0842444757612108,0.0599680738799096,0.0606244152340552,0.222329008654697,0.00461533489664117,1.11803398874989,3.7049396625259,4.97001854770254,0.46,1.76346083333333,4.766,0.005,0,0,33.5999999999967
lowRelativeVelocity,sample100Hz,203,sharmaTunedPredictor,1,,0,1000,2,0.0256462630532267,0.0673815701497806,0.928838929519658,0.060794441495341,0.373635766313788,0.217625712280684,0.28769245069787,0.156471006618134,0.472833192201577,0.103190274909622,0.296199424807196,0.566867006989013,1.75210350464565,0.0267367062358532,0.148962756046261,1.14183114071116,1.75190946306656,1.21733572412666,6,0.0250495883337586,0.314864162952123,0.152349350737312,0.101932189498902,0.576052171931436,0.889207557707614,1.11803398874989,11.3470102327472,8.64570917174017,1.21,0.17815,0.677,0.005,0,0,33.5999999999967
lowRelativeVelocity,sample100Hz,203,sharmaTunedCorrectedPredictor,1,,0,1000,2,0.0256462681661973,0.0673815714534714,0.928838947926621,0.0607943903703147,0.373635772395684,0.217625709789091,0.287692389706516,0.156471019506707,0.472831691715081,0.103190591932133,0.296201359921216,0.566866912260102,1.75210532940272,0.0267367062358532,0.148962756046261,1.14183114071116,1.75190946306656,1.21733572412666,6,0.0250495893867223,0.314864169100751,0.152349364738298,0.101932478725607,0.576051988092246,0.889207557707614,1.11803398874989,11.347010104671,8.64570687256847,1.21,0.177725,0.254,0.005,0,0,33.5999999999967
lowRelativeVelocity,sample100Hz,204,structured,1,,0,1000,2,0.0193117984601618,0.0775523858896875,0.443689827288015,0.0497716240939408,0.0781115084688929,0.0780898658100841,0.120099482072161,0.0572745348109297,0.167479450608267,0.0571112171483319,0.161189225709879,0.198783206359527,0.61950754858619,0.00643251577527643,0.00208333426410871,0.00496296710823452,0.0221703773802723,0.00496060927232693,6,0.0192137829262385,0.0783078448476082,0.0582377256175268,0.0585753826322443,0.196618856252285,0.00386840120740668,1.11803398874989,3.73573041452387,4.97330824514419,0.47,1.74000916666667,4.583,0.005,0,0,33.5999999999967
lowRelativeVelocity,sample100Hz,204,sharmaTunedPredictor,1,,0,1000,2,0.0237521683106531,0.0677732503402385,0.940676173808833,0.0574129955408834,0.34806875038233,0.178773481514147,0.25816812084725,0.12984124958079,0.487631025393876,0.0949411464997863,0.28477552755643,0.460352999912155,1.34197476598188,0.0241401186780582,0.136311238346258,1.13623119744803,1.74418692550264,1.188173053868,6,0.0236831563736429,0.2903100322062,0.139396820393117,0.0980735571491671,0.456557800864278,0.871090714451564,1.11803398874989,11.4262018216272,8.76783152975807,1.12,0.175885833333333,0.695,0.005,0,0,33.5999999999967
lowRelativeVelocity,sample100Hz,204,sharmaTunedCorrectedPredictor,1,,0,1000,2,0.0237521710209767,0.0677732507059907,0.940676181288928,0.0574130923065146,0.348068739837122,0.178773464310991,0.25816800495173,0.129841258662654,0.487629031885481,0.0949414022617728,0.284776982924234,0.460352843637368,1.34197532982766,0.0241401186780582,0.136311238346258,1.13623119744803,1.74418692550264,1.188173053868,6,0.0236831574333553,0.29031005704033,0.139396832489604,0.0980738153411983,0.456557605997251,0.871090714451564,1.11803398874989,11.4262017960122,8.76783082386038,1.12,0.174623333333333,0.231,0.005,0,0,33.5999999999967
lowRelativeVelocity,sample100Hz,205,structured,1,,0,1000,2,0.0202278613049586,0.0770103922520251,0.443464171788082,0.0465261354316793,0.0839107821331262,0.0840693874767326,0.128693118231218,0.0589698355190321,0.161424620071251,0.0581164400830921,0.161164310873317,0.224430541516559,0.626741966050382,0.00848981521302129,0.0017881956196833,0.00576943043597362,0.0157811131456458,0.00342853390554368,6,0.0198612779888194,0.08340225949301,0.0561062262775145,0.0542666960523708,0.231785474209425,0.00415329082704887,1.11803398874989,3.71279497882069,4.98876926391058,0.47,1.74380666666667,4.579,0.005,0,0,33.5999999999967
lowRelativeVelocity,sample100Hz,205,sharmaTunedPredictor,1,,0,1000,2,0.0243726572487607,0.0663709420187955,0.95159554399402,0.0533385711245134,0.360669881813621,0.193910542611022,0.265781543358947,0.139319142284894,0.455380274971189,0.0933591558145096,0.297540304968127,0.504989068458166,1.522497276069,0.0252671994829329,0.138846371471718,1.15997094998199,1.74345822440434,1.21085984472355,6,0.0241885147167034,0.306569376139378,0.141667821183576,0.0889737773219772,0.486312952887124,0.904040278022903,1.11803398874989,11.3645027808195,8.60227263989569,1.19,0.176664166666667,0.663,0.005,0,0,33.5999999999967
lowRelativeVelocity,sample100Hz,205,sharmaTunedCorrectedPredictor,1,,0,1000,2,0.024372652792952,0.0663709408122761,0.951595564237459,0.0533386664355561,0.360669829747767,0.193910547144988,0.26578155715351,0.13931915815011,0.455378703059001,0.0933594576302564,0.297541729265659,0.504989003820843,1.52249783593687,0.0252671994829329,0.138846371471718,1.15997094998199,1.74345822440434,1.21085984472355,6,0.0241885131340576,0.306569270730003,0.141667769844708,0.088974046256536,0.486312846050386,0.904040278022903,1.11803398874989,11.3645027593402,8.60227199909075,1.19,0.174339166666666,0.204,0.005,0,0,33.5999999999967
lowRelativeVelocity,noise2x,201,structured,1,,0,1000,2,0.0629510813992546,0.104130882196125,0.497149908466523,0.176565880702813,0.259329187084294,0.259486548468393,0.39518797280819,0.188525544126368,0.606432846552961,0.185420253862742,0.608208369632436,0.667150538560115,2.21446170883612,0.0194645633983991,0.00523630397819431,0.0110788320527874,0.0363092874159974,0.0105870765450897,6,0.0654932831135315,0.263141080007197,0.186082420115713,0.190226196211101,0.696715052077406,0.00877420328961639,1.11803398874989,3.97279494957623,5.364209636585,0.48,2.03797666666667,5.336,0.005,0,0,33.600000000071
lowRelativeVelocity,noise2x,201,sharmaTunedPredictor,1,,0,1000,2,0.07574371547164,0.103618335408983,1.01839963598578,0.184441885136222,0.670598205193704,0.593813370209705,0.822018723572341,0.410368402655031,1.2069629668657,0.286957743107617,1.01138208237096,1.61058792439839,4.96376924764714,0.0676535528652552,0.376065934912381,1.1647521241801,1.76913379498488,1.5764315523878,6,0.0760972583564296,0.639607898874666,0.383945697384599,0.285228087154367,1.7257329447495,0.904818169407957,1.11803398874989,12.1969333581632,9.41590683393658,11.58,0.289881666666666,0.768,0.005,0,0,33.600000000071
lowRelativeVelocity,noise2x,201,sharmaTunedCorrectedPredictor,1,,0,1000,2,0.0757436759591445,0.10361831187958,1.01839979142576,0.184441409946645,0.670598259580566,0.593813339426695,0.822018647584967,0.410368474599381,1.20697133946028,0.286960696967459,1.01138752425731,1.61058716908248,4.96376211288787,0.0676535528652552,0.376065934912381,1.1647521241801,1.76913379498488,1.5764315523878,6,0.0760972038712546,0.639607709433927,0.383945658334493,0.285230919957805,1.72573229180139,0.904818169407957,1.11803398874989,12.1969332297759,9.41590630883348,11.58,0.287386666666667,0.319,0.005,0,0,33.600000000071
lowRelativeVelocity,noise2x,202,structured,1,,0,1000,2,0.0590212649105273,0.100696907673126,0.494877490902718,0.140104794216661,0.241662138915562,0.241516666218104,0.370946630340043,0.167731083552626,0.416716772097063,0.165145434996788,0.467930214395404,0.650772594381495,1.79678211568559,0.0223354011753611,0.00494841256329731,0.0119834184935716,0.0335229545492729,0.0129177880616225,6,0.0597504038992094,0.247244428100556,0.172106698990544,0.166201180143431,0.663034816237027,0.012982050264655,1.11803398874989,3.8981794062478,5.25225204891089,0.46,2.04815,5.281,0.005,0,0,33.600000000071
lowRelativeVelocity,noise2x,202,sharmaTunedPredictor,1,,0,1000,2,0.0727910366570869,0.10171044764642,1.03097625678536,0.157300863710404,0.655729704024877,0.588456268156116,0.793061287307484,0.413306694013318,1.05663122260465,0.263981645626815,0.775753875296939,1.57077721153025,5.35735541764242,0.0701079689206825,0.386284324309126,1.14282177626725,1.68319948903415,1.52866806525912,6,0.0742260672841002,0.639094335042824,0.425126863920469,0.274989165522896,1.56900283637613,0.892188522102539,1.11803398874989,11.5365320421608,9.18830928197392,11.14,0.290586666666667,0.806,0.005,0,0,33.600000000071
lowRelativeVelocity,noise2x,202,sharmaTunedCorrectedPredictor,1,,0,1000,2,0.0727910110720473,0.101710438504614,1.03097620090795,0.157301135197641,0.655729455200317,0.588456065053922,0.793061099151193,0.413306643623519,1.05663667977722,0.263984579259178,0.775759151469177,1.5707760225356,5.35734903310509,0.0701079689206825,0.386284324309126,1.14282177626725,1.68319948903415,1.52866806525912,6,0.0742260443215244,0.639094118000944,0.425126780485599,0.274992032816758,1.56900184797892,0.892188522102539,1.11803398874989,11.5365318683944,9.18830489688257,11.14,0.288146666666667,0.318,0.005,0,0,33.600000000071
lowRelativeVelocity,noise2x,203,structured,1,,0,1000,2,0.0652330651175201,0.0987120039789139,0.477249028671166,0.142193880265074,0.265328555195241,0.265525911688544,0.407720715653841,0.193353664024053,0.57206404101486,0.182732372735331,0.501821990090928,0.681725159257519,1.7735903012921,0.0208567660538899,0.00545151917791226,0.013631899758309,0.0329004319977348,0.014459493930175,6,0.0694573093920477,0.274853313679439,0.198902120430585,0.187967197651517,0.711908094042463,0.013879175524302,1.11803398874989,3.59422034322843,5.02624369325266,0.46,2.04070333333333,5.116,0.005,0,0,33.600000000071
lowRelativeVelocity,noise2x,203,sharmaTunedPredictor,1,,0,1000,2,0.0786749226248053,0.100532012316684,0.996761370086007,0.191076002227867,0.672303805933291,0.600899540344612,0.846500934057121,0.414758705177747,1.1048441253904,0.286061735437028,0.787222179452273,1.62989318521158,4.24204525532924,0.0738591366523906,0.408945974383348,1.15572960597093,1.74480346510814,1.59997351299724,6,0.0827847833945339,0.664200088606499,0.431844404239037,0.298143895339805,1.68690110237072,0.905781070701737,1.11803398874989,11.6656007823146,8.87540140022581,11.88,0.289476666666667,0.773,0.005,0,0,33.600000000071
lowRelativeVelocity,noise2x,203,sharmaTunedCorrectedPredictor,1,,0,1000,2,0.0786749381761366,0.100532019342446,0.996761507841186,0.191075593771073,0.67230399330209,0.600899589420817,0.846499237440811,0.414758916498925,1.10483657808103,0.286064995622695,0.787226443595708,1.62989230763268,4.24204467430358,0.0738591366523906,0.408945974383348,1.15572960597093,1.74480346510814,1.59997351299724,6,0.0827848315282046,0.66420038904329,0.431844836738347,0.298147370794588,1.6868998417642,0.905781070701737,1.11803398874989,11.6656008847539,8.87539897879369,11.88,0.287981666666667,0.366,0.005,0,0,33.600000000071
lowRelativeVelocity,noise2x,204,structured,1,,0,1000,2,0.0566437763231037,0.096871686549448,0.474860261704739,0.134188497316234,0.237766402868116,0.237974652335283,0.365298659218284,0.171204977108203,0.476854476591717,0.161873877575106,0.482087212289052,0.619074760818461,1.75991031199343,0.0222735639363915,0.00462007544562119,0.0104376957250774,0.0261339310290142,0.0149416815174521,6,0.0516310495076287,0.211428968687809,0.159308670232025,0.149521476556961,0.522426830812247,0.0113395796540656,1.11803398874989,3.76917189367703,5.03046416323049,0.44,2.05327833333333,5.181,0.005,0,0,33.600000000071
lowRelativeVelocity,noise2x,204,sharmaTunedPredictor,1,,0,1000,2,0.0682634533337484,0.0985267880547095,1.041745254539,0.156997218045081,0.614564961255715,0.542431266104641,0.750580318102764,0.396864087567345,1.07134126497009,0.248296717601971,0.725576822278934,1.3826312991508,3.86976636981523,0.070350674262129,0.385111822521743,1.12411188849471,1.69063963435405,1.55843936989192,6,0.0637963354471699,0.579996722959979,0.386950494721869,0.234793835362987,1.39659903103033,0.865107892251263,1.11803398874989,11.139600999057,8.72304963680542,11.76,0.29285,0.773,0.005,0,0,33.600000000071
lowRelativeVelocity,noise2x,204,sharmaTunedCorrectedPredictor,1,,0,1000,2,0.068263437916326,0.0985267798255381,1.04174516931419,0.156997629547676,0.614564651786639,0.542431106832543,0.750579355137734,0.396863973036161,1.07134630819318,0.248300388645648,0.725584708498576,1.38263052724842,3.86976919536681,0.070350674262129,0.385111822521743,1.12411188849471,1.69063963435405,1.55843936989192,6,0.0637962931924225,0.579996752877806,0.38695074299154,0.234797599686678,1.39659839880655,0.865107892251263,1.11803398874989,11.1396008281024,8.72304578490313,11.76,0.290631666666667,0.392,0.005,0,0,33.600000000071
lowRelativeVelocity,noise2x,205,structured,1,,0,1000,2,0.0577985942820147,0.0991403846108837,0.495062188432584,0.123836648607073,0.244397987269324,0.244774434826957,0.376061799821814,0.189084025537819,0.497939062791037,0.181954862012179,0.507282370806457,0.581840448119302,1.7437385046113,0.0241489849957714,0.00512976634827091,0.0134473408418178,0.0316595256336247,0.0124548923087154,6,0.0567111483357659,0.235090842163392,0.171371499263047,0.168064418138238,0.605649129221657,0.0122995482112949,1.11803398874989,3.75058641049614,5.16140532533391,0.48,2.08659666666667,5.15,0.005,0,0,33.600000000071
lowRelativeVelocity,noise2x,205,sharmaTunedPredictor,1,,0,1000,2,0.0712849654599153,0.0976671371852073,1.02613370059009,0.155287673884234,0.653356956388777,0.568325724060057,0.796724530665974,0.392839128522587,1.13551157711791,0.283040706518532,0.837448175140984,1.53600958702654,3.96433034924269,0.0722983576122002,0.394913856935111,1.1813931137994,1.77593728658569,1.61313363552275,6,0.0690154519851773,0.620287975450951,0.378032976343773,0.256717358958795,1.60676669532113,0.947707635814934,1.11803398874989,11.678463388935,9.3817076284776,11.98,0.32631,0.794,0.005,0,0,33.600000000071
lowRelativeVelocity,noise2x,205,sharmaTunedCorrectedPredictor,1,,0,1000,2,0.0712849792179986,0.0976671362643641,1.0261337588665,0.155288037317045,0.653356953716839,0.568325712010171,0.796724661878584,0.392839162841771,1.13551763996576,0.283044051241382,0.837456889160373,1.53600907752353,3.96432782616795,0.0722983576122002,0.394913856935111,1.1813931137994,1.77593728658569,1.61313363552275,6,0.0690154689511291,0.620287963536182,0.378032980993416,0.25672067824845,1.60676625817814,0.947707635814934,1.11803398874989,11.6784630692647,9.3817052275244,11.98,0.28916,0.347,0.005,0,0,33.600000000071
lowRelativeVelocity,largeOffset,201,structured,1,,0,1000,2,0.0314712018220427,0.245824697705905,1.15947652539845,0.0882608005349646,0.129757705399739,0.129786177519946,0.198263669668755,0.0941877014173439,0.303347569167007,0.0951557748617727,0.304056361088965,0.334244617307197,1.11180512548262,0.0102557330352562,0.00337722376806154,0.00917004333164953,0.0537589648704686,0.00651815334789744,6,0.032744518111944,0.131565426344783,0.0930061443082844,0.0945418944584747,0.348617001726386,0.00438731468000059,3.35410196624968,11.3158675858585,15.3186546783131,1.24,2.15973666666667,5.205,0.005,0,0,33.600000000071
lowRelativeVelocity,largeOffset,201,sharmaTunedPredictor,1,,0,1000,2,0.037863009363799,0.217059049832691,1.31830141850898,0.0921984656648591,1.03291234300813,0.297438533515749,0.410701929397227,0.205215111781341,0.597938069293638,0.146102709905485,0.502201209476875,0.806980123672487,2.45793986433753,0.0338264310935738,0.188086827807611,3.7646264297234,5.7235762378664,3.80830502687397,6,0.0380468252668887,0.816651428815592,0.1920370803159,0.140379411399111,0.864825628782267,2.92769096385019,3.35410196624968,35.1833333684951,29.5477878328416,11.24,0.290291666666667,0.795,0.005,0,0,33.600000000071
lowRelativeVelocity,largeOffset,201,sharmaTunedCorrectedPredictor,1,,0,1000,2,0.037862999523008,0.217059049481113,1.31830146667157,0.0921983491203795,1.03291242296486,0.297438523465316,0.410701924659276,0.205215115875137,0.597940182947456,0.146103207910295,0.502202567533074,0.806980015205616,2.45793837808082,0.0338264310935738,0.188086827807611,3.7646264297234,5.7235762378664,3.80830502687397,6,0.0380468120161247,0.81665138043267,0.192037056736447,0.140379853565534,0.864825590445517,2.92769096385019,3.35410196624968,35.1833333612482,29.5477881012422,11.24,0.290146666666666,0.445,0.005,0,0,33.600000000071
lowRelativeVelocity,largeOffset,202,structured,1,,0,1000,2,0.0295541408344956,0.244095916878887,1.16288340990037,0.0700528067810674,0.120930470304834,0.12091663166867,0.187173260714334,0.0841325719374986,0.208339598460549,0.083937018468637,0.221692543243403,0.325240289905527,0.906261510008374,0.013086182884138,0.0032205390555673,0.00870849743239952,0.0397454177535493,0.00847624314467329,6,0.0298744026214547,0.123625002167955,0.0860756968828628,0.0846924076828571,0.331375425754772,0.00649139983865653,3.35410196624968,11.2875336222363,15.2415869742811,1.28,2.203205,5.12,0.005,0,0,33.600000000071
lowRelativeVelocity,largeOffset,202,sharmaTunedPredictor,1,,0,1000,2,0.0363987225766799,0.215979005747023,1.29660999098795,0.0786533154719881,1.02241732517691,0.295285849450927,0.396721194392831,0.207775092043003,0.522613716884571,0.135766941833733,0.385599065807901,0.786332804508462,2.62894976933354,0.0350654511404437,0.193100760863051,3.75574357338091,5.68389021250119,3.78276927610881,6,0.0371114981101422,0.819593691270431,0.213239003970411,0.14224085775652,0.783186956634041,2.92302582726066,3.35410196624968,34.9896629343188,29.5280920110922,11.14,0.375106666666667,0.863,0.005,0,0,33.600000000071
lowRelativeVelocity,largeOffset,202,sharmaTunedCorrectedPredictor,1,,0,1000,2,0.0363987155852395,0.21597900524497,1.29661001633131,0.0786533875816686,1.02241732273552,0.295285799605782,0.3967211480867,0.207775065385899,0.522615068103235,0.135767369515776,0.385600405315189,0.786332602279115,2.6289484287563,0.0350654511404437,0.193100760863051,3.75574357338091,5.68389021250119,3.78276927610881,6,0.0371114921145436,0.8195936828264,0.213238972611163,0.142241282335181,0.783186805731561,2.92302582726066,3.35410196624968,34.9896629867143,29.5280920047937,11.14,0.321558333333333,0.566,0.005,0,0,33.600000000071
lowRelativeVelocity,largeOffset,203,structured,1,,0,1000,2,0.0326569193124676,0.241638011117627,1.15505764595753,0.0711207014714155,0.133014425753069,0.133031750888675,0.206054508473857,0.0968826477552571,0.286063590283067,0.0936788620411166,0.248487298871627,0.341453582584881,0.880175059816642,0.0109466339280908,0.00330509482785743,0.00974066194462052,0.0446968155959891,0.00945945904426941,6,0.0347306867542697,0.13742344266798,0.0994535434943185,0.0968472284997807,0.355907971611589,0.00693931967150596,3.35410196624968,11.1296140095662,15.1377087956562,1.22,2.37828666666667,5.839,0.005,0,0,33.600000000071
lowRelativeVelocity,largeOffset,203,sharmaTunedPredictor,1,,0,1000,2,0.0393462600118487,0.213665684512002,1.30187606393957,0.0955349298577558,1.02791209478419,0.301696352215472,0.423988833521077,0.209484182188354,0.562111614518587,0.142133020680515,0.375673221735004,0.813498884697297,2.20294014271295,0.0369288482894594,0.204495920986369,3.7526750481914,5.70008727174895,3.79231976405587,6,0.0413947584142086,0.822327088589251,0.216941328643202,0.14574066312415,0.843690736833292,2.92249386463298,3.35410196624968,35.0401722098496,29.2935248997738,10.76,0.322398333333333,0.837,0.005,0,0,33.600000000071
lowRelativeVelocity,largeOffset,203,sharmaTunedCorrectedPredictor,1,,0,1000,2,0.0393462635993592,0.213665687829584,1.30187615641421,0.0955348254992896,1.02791222641282,0.301696359483669,0.423988416282291,0.20948421919559,0.562109772106355,0.142133654283162,0.375674665665972,0.813498741678628,2.20293924097206,0.0369288482894594,0.204495920986369,3.7526750481914,5.70008727174895,3.79231976405587,6,0.041394770188809,0.822327248144016,0.216941421221947,0.145741411684871,0.843690508644589,2.92249386463298,3.35410196624968,35.0401723327552,29.2935255239072,10.76,0.316423333333333,0.514,0.005,0,0,33.600000000071
lowRelativeVelocity,largeOffset,204,structured,1,,0,1000,2,0.0283461421014725,0.241895341133874,1.15192335692457,0.0670734894448826,0.119613510106896,0.119539624027963,0.186280352268545,0.0860070926726589,0.23907522618175,0.0838143300927488,0.239732407599341,0.310933036038394,0.882762248447784,0.0127130883506636,0.00324769010229804,0.00756628761150128,0.044693705218771,0.00681987593692384,6,0.0258152027733663,0.105712388865772,0.0796763927754694,0.0779822021296566,0.261010783936743,0.00567020070760983,3.35410196624968,11.1952740931147,15.1464127987543,1.2,2.323995,5.809,0.005,0,0,33.600000000071
lowRelativeVelocity,largeOffset,204,sharmaTunedPredictor,1,,0,1000,2,0.0341425038099469,0.214821455610178,1.29400025694632,0.0784801757080377,1.01716410386578,0.27226366087936,0.376396903059025,0.197768190786801,0.531713930673948,0.130697949971833,0.349483302708977,0.699998423772443,1.86610584406777,0.0351771857828963,0.192489649368202,3.75050585864222,5.69379295494397,3.77774774324753,6,0.0318978905013526,0.804477324437457,0.193628815275802,0.127130729493721,0.703756912747896,2.9127252137754,3.35410196624968,34.7493166647125,29.2615637951885,11.76,0.374888333333333,0.803,0.005,0,0,33.600000000071
lowRelativeVelocity,largeOffset,204,sharmaTunedCorrectedPredictor,1,,0,1000,2,0.0341424997557265,0.214821454723078,1.2940002745671,0.0784802726741761,1.01716405204444,0.272263625486197,0.376396664251722,0.19776814761477,0.531715181972295,0.130698473146249,0.349485006642377,0.699998356425914,1.86610681871799,0.0351771857828963,0.192489649368202,3.75050585864222,5.69379295494397,3.77774774324753,6,0.0318978798194685,0.804477314303328,0.193628869015413,0.127131232218231,0.703756848893931,2.9127252137754,3.35410196624968,34.7493166851844,29.2615628840023,11.76,0.331425,0.531,0.005,0,0,33.600000000071
lowRelativeVelocity,largeOffset,205,structured,1,,0,1000,2,0.0289265232566169,0.243885202105515,1.16175911739917,0.0619255225592479,0.12213086669983,0.122224208073433,0.187373456149459,0.0941191435905332,0.248917750739832,0.0936018387955616,0.25244312972358,0.29194728427261,0.871526165708909,0.0122690127477778,0.00353965930826226,0.0102947642306084,0.049859591595027,0.00720800942225425,6,0.0283561892477491,0.117540657514847,0.0856632895237289,0.0866587430204577,0.302939233319986,0.00615023224928155,3.35410196624968,11.2348220995568,15.2160927946116,1.22,2.29704,6.385,0.005,0,0,33.600000000071
lowRelativeVelocity,largeOffset,205,sharmaTunedPredictor,1,,0,1000,2,0.0356475473074499,0.214625146821102,1.32409993144255,0.0776537627304741,1.0345681564766,0.284688714123413,0.398008151009072,0.196162957253394,0.565999808966559,0.14959587244342,0.418947176122664,0.772112470606828,1.94784259681042,0.0361302266600704,0.197362875149371,3.77381818193088,5.72888855345308,3.83299011743378,6,0.0345068281533882,0.818885373163233,0.189131787507589,0.136070212190677,0.809161848255991,2.94984510728225,3.35410196624968,34.9379497372236,29.6263337529482,11.76,0.334068333333333,1.202,0.005,0,0,33.600000000071
lowRelativeVelocity,largeOffset,205,sharmaTunedCorrectedPredictor,1,,0,1000,2,0.0356475506204737,0.214625147378849,1.32409998022634,0.0776538566916058,1.03456820569342,0.284688709743437,0.398008198251192,0.196162950454054,0.566001304537579,0.149596292716138,0.418949349983146,0.772112431324109,1.94784217083392,0.0361302266600704,0.197362875149371,3.77381818193088,5.72888855345308,3.83299011743378,6,0.0345068324272449,0.818885398839929,0.189131773757827,0.136070602567293,0.809161830550807,2.94984510728225,3.35410196624968,34.9379497030847,29.6263332981962,11.76,0.337255,0.504,0.005,0,0,33.600000000071
lowRelativeVelocity,radarDropout,201,structured,1,,0,1000,2,0.0358350267104842,0.0893979719806258,0.468725642720707,0.11744525525456,0.139028930585449,0.139075336396252,0.209610346049635,0.107426357178638,0.377752683782838,0.107897130801994,0.376775293278799,0.330591094452591,1.11180511446836,0.00971345187793685,0.00271199044235735,0.00607738533607481,0.0252733308593218,0.00538038440914931,6,0.0327558198115071,0.131596930690531,0.0930422858246847,0.0945285799829499,0.34865191219217,0.00438733260592801,1.11803398874989,3.85133362701968,5.20948105082062,0.48,2.28058833333333,5.564,0.005,0,0,33.600000000071
lowRelativeVelocity,radarDropout,201,sharmaTunedPredictor,1,,0,1000,2,0.0404502053698085,0.0814092207713157,0.965018080962341,0.112589643148541,0.425001266777009,0.294421825259582,0.412253471532513,0.208493439954528,0.604690478906742,0.150684640885733,0.626048678232597,0.779033073669948,2.51855169163797,0.0338266693497532,0.188042807424638,1.15821352950515,1.76015499644999,1.27691736023846,6,0.038048394324937,0.37710606263597,0.19222429225262,0.140368902225828,0.861416845899203,0.900259445842769,1.11803398874989,11.8405366430278,9.16712019773713,1.16,0.370166666666667,0.832,0.005,0,0,33.600000000071
lowRelativeVelocity,radarDropout,201,sharmaTunedCorrectedPredictor,1,,0,1000,2,0.0404500600630694,0.0814091612681324,0.965018029493987,0.112586803446648,0.425001044753791,0.294421463846261,0.412252578491572,0.208492963976356,0.604686116163268,0.150684652710625,0.626042753776397,0.779032901730155,2.51855017747435,0.0338266693497532,0.188042807424638,1.15821352950515,1.76015499644999,1.27691736023846,6,0.0380483808217441,0.377106002008133,0.19222427072644,0.14036934430848,0.86141678876873,0.900259445842769,1.11803398874989,11.8405366107436,9.16712006072329,1.16,0.345823333333333,0.513,0.005,0,0,33.600000000071
lowRelativeVelocity,radarDropout,202,structured,1,,0,1000,2,0.0337228645930638,0.087496187336367,0.469102974435486,0.101408720829777,0.131239119545293,0.131093495112044,0.199585184831884,0.0966300340367029,0.299462195995931,0.0969692583835329,0.309882411565038,0.331600149479939,1.10955788810454,0.0114701767790543,0.00256144821387853,0.00628156059523727,0.0167592980251568,0.00676656048501292,6,0.029869781454312,0.123633502563462,0.086001497531393,0.0845713540121719,0.331690301097294,0.00649144647322429,1.11803398874989,3.81466860675086,5.13374981632131,0.46,2.09818666666667,5.757,0.005,0,0,33.600000000071
lowRelativeVelocity,radarDropout,202,sharmaTunedPredictor,1,,0,1000,2,0.0459428241002041,0.0834622991046409,0.976790316178823,0.196520958794297,0.433847986373312,0.317685832313773,0.448753807924567,0.240917627920415,0.805824067328203,0.171532440812459,0.726521025518581,0.776076214362713,2.62275698691907,0.0350562027296013,0.193133056747815,1.14730102245607,1.71735649108298,1.25023395036636,6,0.0371084622318629,0.377977254329862,0.212822962427696,0.142141423081437,0.782443547658595,0.894015242249428,1.11803398874989,11.6217839912946,9.05211977240502,5.04,0.291395,0.793,0.005,0,0,33.600000000071
lowRelativeVelocity,radarDropout,202,sharmaTunedCorrectedPredictor,1,,0,1000,2,0.0459426986584042,0.0834622424001176,0.976790197015071,0.196519348296562,0.433847688616785,0.317685455580259,0.448753016969385,0.240917116820669,0.805820434336876,0.171532438150237,0.726518118292939,0.77607623894952,2.62275567855833,0.0350562027296013,0.193133056747815,1.14730102245607,1.71735649108298,1.25023395036636,6,0.0371084565928631,0.377977204884654,0.212822934120408,0.142141851121142,0.782443387063608,0.894015242249428,1.11803398874989,11.6217839465928,9.05211869989784,5.04,0.289313333333333,0.335,0.005,0,0,33.600000000071
lowRelativeVelocity,radarDropout,203,structured,1,,0,1000,2,0.0394794792122148,0.0867869255264249,0.454642821878607,0.15090306290619,0.148702322052257,0.148700355118503,0.224891486175353,0.0922455189618354,0.286063589309475,0.0958212849867584,0.257861750404484,0.43662522191389,1.63301247669927,0.0104167166916002,0.0027783342986746,0.00719084127538811,0.0178351332113375,0.00759948449591893,6,0.0347243152362186,0.137397744581131,0.0994465764939904,0.0968389852185313,0.35577143857361,0.00693922469431964,1.11803398874989,3.6518234706962,5.03672192781338,0.46,2.060565,5.192,0.005,0,0,33.600000000071
lowRelativeVelocity,radarDropout,203,sharmaTunedPredictor,1,,0,1000,2,0.048174267008886,0.0816911474438797,0.951039991159241,0.197510183785715,0.427897090725986,0.30292863052542,0.468053027006991,0.203935057157221,0.551279737013978,0.157548188299202,0.666874910930331,0.839370765998814,2.95319173928817,0.0369294039964064,0.204476623125075,1.15405149179122,1.748432016687,1.27839077342461,6,0.0413940960514155,0.388558347748586,0.215987645414429,0.145740808226658,0.842994851887219,0.901161496018693,1.11803398874989,11.6865509006889,8.89469616114024,1.12,0.293696666666667,0.771,0.005,0,0,33.600000000071
lowRelativeVelocity,radarDropout,203,sharmaTunedCorrectedPredictor,1,,0,1000,2,0.0481742551469447,0.0816911423640672,0.951040012760659,0.197510016395438,0.427897137994566,0.302928607189873,0.468052389992729,0.203935066536879,0.551277852438556,0.157548607205768,0.666873082073579,0.839370586210969,2.95319172315871,0.0369294039964064,0.204476623125075,1.15405149179122,1.748432016687,1.27839077342461,6,0.0413941081130555,0.388558453009651,0.215987743500857,0.145741554415281,0.842994647489958,0.901161496018693,1.11803398874989,11.6865509256372,8.89469563163237,1.12,0.292331666666667,0.41,0.005,0,0,33.600000000071
lowRelativeVelocity,radarDropout,204,structured,1,,0,1000,2,0.0320451829163348,0.085211855983656,0.457890370840912,0.117554968897598,0.128008786921247,0.12802633182791,0.195344737996841,0.0997887948777517,0.317043767266266,0.0922779959501055,0.250034076858181,0.300644348952843,0.942983191519931,0.0113616963027839,0.00244318241036016,0.00536774184096371,0.0172282108041667,0.00721014114317356,6,0.0258263407875424,0.105704715955565,0.0796394232151989,0.0779852573341104,0.261126230949951,0.00567020594784902,1.11803398874989,3.71024982475534,5.04202829626345,0.46,2.03698833333333,5.143,0.005,0,0,33.600000000071
lowRelativeVelocity,radarDropout,204,sharmaTunedPredictor,1,,0,1000,2,0.0389221256668996,0.0797844301030954,0.977254793215687,0.144394393140444,0.403621273084031,0.275441225649843,0.40380469586328,0.198427446033304,0.595883588059245,0.135999146940034,0.392266759142906,0.715631829439708,2.4677737127065,0.0351756669454038,0.192542135408401,1.13792749351825,1.72094999854606,1.25257303675152,6,0.0319010896537038,0.351194776685844,0.193399963890664,0.12715058057538,0.699618923671814,0.880497918498924,1.11803398874989,11.3940273551399,8.78958412506126,4.7,0.290178333333333,0.78,0.005,0,0,33.600000000071
lowRelativeVelocity,radarDropout,204,sharmaTunedCorrectedPredictor,1,,0,1000,2,0.0389222416713119,0.079784477444619,0.977254825168289,0.144396170983963,0.403621326369451,0.275441406774058,0.403805100061863,0.198427723125536,0.595887886834168,0.136000016015031,0.392267333358498,0.715631688797234,2.4677734872522,0.0351756669454038,0.192542135408401,1.13792749351825,1.72094999854606,1.25257303675152,6,0.0319010791219616,0.351194765475544,0.19340001961762,0.127151081839053,0.699618847676069,0.880497918498924,1.11803398874989,11.3940273239038,8.78958276253995,4.7,0.288051666666667,0.313,0.005,0,0,33.600000000071
lowRelativeVelocity,radarDropout,205,structured,1,,0,1000,2,0.0337356067929011,0.0872121838395404,0.467467492853553,0.123357899354303,0.131851503246087,0.131988166462384,0.199785187756196,0.106494140059385,0.330181141500208,0.103012652970973,0.269259582842527,0.29201314096235,0.871526167024361,0.0120117325870744,0.0027125744114724,0.00727575308820788,0.0223033909324038,0.00628103441466551,6,0.0283725266841675,0.117558292224474,0.0857152395785289,0.0867504661289175,0.302817456640514,0.00615010194665759,1.11803398874989,3.74357781239858,5.10908200500459,0.48,2.067545,5.294,0.005,0,0,33.600000000071
lowRelativeVelocity,radarDropout,205,sharmaTunedPredictor,1,,0,1000,2,0.0460407635421614,0.0819046852057887,0.974732945680884,0.213693860988416,0.439031943684252,0.308431595302293,0.447800383343996,0.230968272392117,0.76431196794594,0.164773882022019,0.440554825297503,0.765317027187473,1.97362846806231,0.0361453787944904,0.197437528990715,1.16644929760583,1.76382386872159,1.29935362906964,6,0.0345090314947545,0.371217031576395,0.188844400458321,0.136087339766805,0.80455468355732,0.921702165465931,1.11803398874989,11.5820797503172,9.14965596761348,1.1,0.296231666666666,0.803,0.005,0,0,33.600000000071
lowRelativeVelocity,radarDropout,205,sharmaTunedCorrectedPredictor,1,,0,1000,2,0.0460409038109409,0.0819047498460383,0.974733065721387,0.213695668940822,0.439032219272502,0.308431982896878,0.447801343451436,0.230968803738875,0.764314860115665,0.164774705550541,0.44056177036478,0.765316930520339,1.97362804086496,0.0361453787944904,0.197437528990715,1.16644929760583,1.76382386872159,1.29935362906964,6,0.0345090358896882,0.371217032054961,0.188844393500283,0.136087733639493,0.804554663904566,0.921702165465931,1.11803398874989,11.5820796706206,9.14965537206919,1.1,0.290928333333333,0.362,0.005,0,0,33.600000000071
lowRelativeVelocity,kinematicMismatch,201,structured,1,,0,1000,2,0.0314737305227216,0.0879864324655377,0.466040381638215,0.0882690758855276,0.132693377903232,0.129757819007106,0.197567597355594,0.094225296640717,0.303584836089733,0.0946781909762474,0.304830521713537,0.33393550529017,1.11454502060342,0.00971345187853243,0.00272079344491479,0.112568159214779,0.126530493453859,0.109363089644193,6,0.0327457658996914,0.134795600895588,0.0930352937270778,0.0946292835827994,0.348618956918899,0.113075604310562,1.11803398874989,3.85817054478805,5.21413230308436,0.48,2.08853166666667,5.053,0.005,0,0,33.6021384768468
lowRelativeVelocity,kinematicMismatch,201,sharmaTunedPredictor,1,,0,1000,2,0.0378713004667954,0.0803501153219017,0.964568935242594,0.092198812456103,0.418248651097258,0.296911949361415,0.411023955686891,0.205401043987267,0.603265650786646,0.145370852334997,0.507093483041093,0.803645867734465,2.52088158014915,0.0338266819681253,0.188043090294842,1.11159747677133,1.73971571345354,1.23531905045129,6,0.0380466624798292,0.367387780091669,0.192201627091911,0.140176928611661,0.861344128137754,0.837579366465523,1.11803398874989,11.8410140844139,9.17283595377088,1.16,0.292725,0.78,0.005,0,0,33.6021384768468
lowRelativeVelocity,kinematicMismatch,201,sharmaTunedCorrectedPredictor,1,,0,1000,2,0.0378712907736265,0.0803501122053116,0.96456897052723,0.0921986938151233,0.418248681145955,0.296911942559665,0.41102399717785,0.205401050381809,0.603267742032124,0.145371355286711,0.507094851646307,0.803645767586407,2.52088007765578,0.0338266819681253,0.188043090294842,1.11159747677133,1.73971571345354,1.23531905045129,6,0.0380466490348444,0.367387723218429,0.192201602962671,0.14017737314654,0.861344069927894,0.837579366465523,1.11803398874989,11.8410140521145,9.17283581555831,1.16,0.293331666666667,0.345,0.005,0,0,33.6021384768468
lowRelativeVelocity,kinematicMismatch,202,structured,1,,0,1000,2,0.0295160848748482,0.0861949433719829,0.466740642131381,0.0700553471673148,0.124263406706264,0.120774481163867,0.185622658177073,0.0838798305508367,0.208286732247126,0.0842769354253204,0.230347687609225,0.325406717006305,0.909513733209787,0.0114701767790001,0.00255733493223778,0.107657848673344,0.119628601984473,0.108667276262909,6,0.029873143543577,0.1271830868964,0.0860714074822454,0.0857715196279345,0.331322008550428,0.108244377957712,1.11803398874989,3.82131682716233,5.13800496002876,0.46,2.05878666666667,5.252,0.005,0,0,33.6021384768468
lowRelativeVelocity,kinematicMismatch,202,sharmaTunedPredictor,1,,0,1000,2,0.0363927021028543,0.0794254999495815,0.97033989397209,0.0786543258024094,0.408252803626423,0.294275029540181,0.396430895642699,0.206757067298787,0.526561676038094,0.136432438922273,0.379786122726585,0.78468536135182,2.62093374228807,0.0350562420844997,0.193133043979011,1.10055370984207,1.69691618713487,1.20731073968186,6,0.0371115209260154,0.367935224930122,0.212847101787961,0.143545919005561,0.782408329385394,0.831208467990248,1.11803398874989,11.6221256976101,9.0576738228748,5.02,0.293543333333333,0.774,0.005,0,0,33.6021384768468
lowRelativeVelocity,kinematicMismatch,202,sharmaTunedCorrectedPredictor,1,,0,1000,2,0.0363926957703923,0.0794254984358598,0.97033987559939,0.0786543937924128,0.408252746848295,0.294274980459548,0.396430905985376,0.206757044406244,0.526563037579695,0.136432871321562,0.379787468998645,0.784685149344087,2.62093240078858,0.0350562420844997,0.193133043979011,1.10055370984207,1.69691618713487,1.20731073968186,6,0.0371115152645565,0.367935176493952,0.212847071332483,0.143546340506793,0.782408167646151,0.831208467990248,1.11803398874989,11.6221256529013,9.05767275395279,5.02,0.290908333333333,0.363,0.005,0,0,33.6021384768468
lowRelativeVelocity,kinematicMismatch,203,structured,1,,0,1000,2,0.0326248084649832,0.0843554418894265,0.45511536290688,0.0711271052641391,0.135918793899667,0.13280164016844,0.204090951084393,0.0966854587269725,0.286375080113134,0.0919187036990338,0.2434028696992,0.340969851515835,0.881668007006153,0.010416716691329,0.00277420887789132,0.109323421292075,0.124516221901409,0.110797383227312,6,0.0347316629574028,0.141308217569076,0.0994468851853989,0.0957791926281113,0.355952761372857,0.108519226289454,1.11803398874989,3.65820440229851,5.04059043984436,0.46,2.05268,5.226,0.005,0,0,33.6021384768468
lowRelativeVelocity,kinematicMismatch,203,sharmaTunedPredictor,1,,0,1000,2,0.0393394750800147,0.0776333277354253,0.951768620517225,0.0955335620628105,0.417236504598767,0.30048234145025,0.423249350389201,0.207422306504677,0.552103966419256,0.140233015840126,0.376925322293705,0.814516180590045,2.1495810949495,0.0369294035505244,0.204476621604515,1.10720246402517,1.72797860099478,1.23625140241418,6,0.0413949057306522,0.378860834021076,0.215944199941925,0.144362493594524,0.843009862967039,0.838130723319974,1.11803398874989,11.6868994581768,8.90007093128906,1.12,0.29243,0.764,0.005,0,0,33.6021384768468
lowRelativeVelocity,kinematicMismatch,203,sharmaTunedCorrectedPredictor,1,,0,1000,2,0.0393394790294476,0.0776333301958961,0.951768647504661,0.0955334601006213,0.41723657079866,0.300482354710765,0.423248981573446,0.207422346320851,0.55210208172854,0.140233644014898,0.376926548191621,0.81451605993804,2.14958118843803,0.0369294035505244,0.204476621604515,1.10720246402517,1.72797860099478,1.23625140241418,6,0.0413949178090156,0.378860934278706,0.215944294122601,0.144363235391132,0.843009658807625,0.838130723319974,1.11803398874989,11.6868994831248,8.90007040793349,1.12,0.290255,0.316,0.005,0,0,33.6021384768468
lowRelativeVelocity,kinematicMismatch,204,structured,1,,0,1000,2,0.0283259359252789,0.0840750316219172,0.455197993344206,0.0670748154136324,0.121924455174272,0.119046866507548,0.183049728471723,0.0856629908587897,0.239313988082314,0.0840738471137973,0.242119125182359,0.309596022748666,0.879975190015521,0.0113616963033302,0.00245787933908927,0.111467505254353,0.123836424941642,0.112583313342118,6,0.0258169330977861,0.10873117705186,0.0796860983555394,0.0772737690841069,0.261129099024389,0.112704214758057,1.11803398874989,3.71782675882707,5.04608923367243,0.46,2.05289333333333,5.247,0.005,0,0,33.6021384768468
lowRelativeVelocity,kinematicMismatch,204,sharmaTunedPredictor,1,,0,1000,2,0.0341328450969647,0.0779175930964321,0.977319867206373,0.0784802831388088,0.392166321308869,0.271228510066267,0.375208167467609,0.198250587313652,0.535740022752885,0.131427625493093,0.353096145849071,0.692567006448285,1.93574801272432,0.0351756673885074,0.192541924070559,1.09135810723855,1.70048853783616,1.21078441286687,6,0.0318978442426774,0.340822051051476,0.193334347522699,0.12587121167027,0.699283216581662,0.817801738845034,1.11803398874989,11.394369091211,8.79492941026754,1.12,0.294926666666667,0.76,0.005,0,0,33.6021384768468
lowRelativeVelocity,kinematicMismatch,204,sharmaTunedCorrectedPredictor,1,,0,1000,2,0.0341328413224811,0.0779175918946606,0.977319845265478,0.0784803856508488,0.392166232791692,0.271228470528226,0.375207986537622,0.19825054688486,0.535741282751127,0.131428146584571,0.353097858940319,0.692566906766892,1.93574891873275,0.0351756673885074,0.192541924070559,1.09135810723855,1.70048853783616,1.21078441286687,6,0.0318978336734853,0.340822043405773,0.193334398518888,0.12587171376609,0.699283138553865,0.817801738845034,1.11803398874989,11.3943690599767,8.79492805276594,1.12,0.291583333333333,0.352,0.005,0,0,33.6021384768468
lowRelativeVelocity,kinematicMismatch,205,structured,1,,0,1000,2,0.0289029791499374,0.0857220746873732,0.464995934104403,0.0619273426677243,0.125584870201089,0.122350871746971,0.187743079872884,0.0944745504497487,0.249100543515075,0.0942111998740856,0.255112029257143,0.291073306137327,0.873582477767569,0.012011732586786,0.00272392546253784,0.10629155903972,0.11832215126695,0.106464411994464,6,0.028356051920998,0.121746708773851,0.0856835396060923,0.0872689711090147,0.302795134902706,0.107797828635513,1.11803398874989,3.74935925612942,5.11330875795954,0.48,2.047105,4.988,0.005,0,0,33.6021384768468
lowRelativeVelocity,kinematicMismatch,205,sharmaTunedPredictor,1,,0,1000,2,0.0356426032037769,0.0774448581442927,0.968477381292928,0.0776551850589578,0.412953554131298,0.284128084140257,0.398466467778325,0.196256869060883,0.568007534974731,0.15009140218612,0.41662782306317,0.768858808903551,1.97437362627515,0.036145337282826,0.197437552409081,1.1192962134877,1.74337330670549,1.25611302052737,6,0.0345067920437745,0.360603308184436,0.188813064970672,0.136644511984031,0.804626117905725,0.858608467531811,1.11803398874989,11.5825629950003,9.15522395419687,1.1,0.29165,0.785,0.005,0,0,33.6021384768468
lowRelativeVelocity,kinematicMismatch,205,sharmaTunedCorrectedPredictor,1,,0,1000,2,0.0356426067290361,0.0774448583478813,0.968477395688292,0.0776552759564905,0.412953556259186,0.284128081428498,0.398466551140853,0.196256865189286,0.568009060986784,0.150091820770036,0.416629978252571,0.768858767989062,1.97437321038913,0.036145337282826,0.197437552409081,1.1192962134877,1.74337330670549,1.25611302052737,6,0.034506796379446,0.360603307225404,0.188813052513686,0.136644897567188,0.804626098243366,0.858608467531811,1.11803398874989,11.5825629152839,9.15522335854094,1.1,0.289296666666667,0.324,0.005,0,0,33.6021384768468
aggressiveEgo,nominal,201,structured,1,,0,1000,2,0.0297343160454902,0.0910182393040437,0.388125110078197,0.0871854156618239,0.119249663681421,0.121181912751916,0.159122545259658,0.0859919460496536,0.228025927392663,0.0794726621561472,0.237093598730628,0.373614507259676,1.10032439233251,0.0168736923171192,0.0184006416969407,0.0707352005442448,0.144549015204414,0.016332348382388,6,0.0312609365547878,0.125184603610265,0.0895646479499163,0.0770916899798589,0.389136633597047,0.0810621832267007,1.11803398874989,3.38363663501252,4.02376175294887,0.5,2.01445666666667,5.139,0.005,2.82101445280952,0.234,43.1119226957838
aggressiveEgo,nominal,201,sharmaMatchedPredictor,1,,0,1000,2,0.058344651502468,0.115933586862544,1.50362319820866,0.142620745404249,5.94660896066505,2.21894117439811,3.90161007062024,1.32853823637112,4.35477195389267,0.599161131615659,1.88596173558593,8.11545031924101,20.2157460707957,0.0360309043409248,0.25213553933437,30.683473659855,70.3019849950812,30.7921527125852,6,0.0524829425641135,5.60155632030025,1.55158273378743,0.544352180880066,9.53153325723715,33.7583936219247,1.11803398874989,19.6424832180314,40.1728112491413,Inf,0.30385,0.79,0.005,2.82101445280952,0.234,43.1119226957838
aggressiveEgo,nominal,201,sharmaCertifiedHold,1,,0,1000,2,0.099653580572098,0.112144701062578,2.72218087119912,0.231043873341482,9.51276145377011,3.89005551083288,19.1811063600441,2.61343229854873,8.87423671400446,1.8042975212175,4.82018070879545,13.4605580384128,52.4895883372372,0.131080575146101,0.226297100309178,47.2216796671144,110.810642678524,47.3814742669012,6,0.107921767410806,8.01928189915006,2.98024648908402,1.81586261579636,15.0410605361566,46.5366162047882,1.11803398874989,31.7769200393761,199.514633647858,Inf,0.294886666666667,0.367,0.005,2.82101445280952,0.234,43.1119226957838
aggressiveEgo,nominal,201,sharmaCertifiedPredictor,1,,1,1000,2,1.44044974887073e+43,1.31516347527801e+43,1.83376637853618e+45,1.77597415702358e+44,2.00845626350114e+45,2.00845626350114e+45,3.74240996818144e+47,2.00845626350114e+45,2.48008189210395e+46,2.00921178479018e+45,2.48095705310414e+46,103.957397932869,179.824304700774,0.0483179883240912,0.22828349262194,46.837972389293,110.719756740617,46.9695145493318,6,1.85837659568641e+43,2.59118245289461e+45,2.59118245289461e+45,2.59215717838031e+45,103.927423399067,46.0921679097014,90023.7625934618,13135888.6464626,2679342517.70908,Inf,0.302251666666666,0.361,0.005,2.82101445280952,0.234,43.1119226957838
aggressiveEgo,nominal,201,sharmaTunedPredictor,1,,0,1000,2,0.046773815642919,0.0870078279472229,0.723073815540679,0.104449360869851,0.908393244286591,0.426428904114806,3.11032319731698,0.269041060214904,0.795576749615529,0.314465288320036,0.784351876827157,1.44754214756376,4.67075938940008,0.0349525078241453,0.231311982183224,3.82789319518016,8.0787031592368,3.90137619745496,6,0.0493690451257563,1.04263943148008,0.266053990613872,0.324430077422146,1.56237165656846,4.5582097022226,1.11803398874989,12.2251413593103,9.55527097515889,Inf,0.292136666666667,0.501,0.005,2.82101445280952,0.234,43.1119226957838
aggressiveEgo,nominal,201,sharmaTunedCorrectedPredictor,1,,0,1000,2,0.046873550076731,0.0870318816165951,0.722635174847815,0.104662024263001,0.91446123626414,0.426060091043502,3.12053782297362,0.267851959264589,0.791753739059468,0.316410933773826,0.813817817559092,1.44955464416635,4.68378303318605,0.0349525078241453,0.231311982183224,3.82789319518016,8.0787031592368,3.90137619745496,6,0.0495905122292829,1.04973380810689,0.264614960867168,0.330515436790833,1.56621652695936,4.5582097022226,1.11803398874989,12.2252551391346,9.55625266982385,Inf,0.292231666666667,0.402,0.005,2.82101445280952,0.234,43.1119226957838
aggressiveEgo,nominal,202,structured,1,,0,1000,2,0.0279711532764542,0.0890839463804835,0.386879196545599,0.0657253179322132,0.114497817698591,0.115725013986583,0.150402251357059,0.0800595153362258,0.241691877691144,0.0811353132607998,0.29613370397527,0.366349710288085,1.08672499928001,0.0232231847533877,0.018808217783903,0.0742551035253915,0.1494758262733,0.0223000850227464,6,0.0281275061500185,0.120356970904427,0.0869404200122238,0.0862723241440787,0.363231373780533,0.0868959123283385,1.11803398874989,3.35685625831497,4.00843822559175,0.48,2.02016333333333,5.209,0.005,2.82101445280952,0.234,43.1119226957838
aggressiveEgo,nominal,202,sharmaMatchedPredictor,1,,0,1000,2,0.054671891027288,0.111643248816867,1.53498374466665,0.126415001614907,5.60794187649551,2.19248095018856,3.85275254394872,1.41068565634365,4.67549458534584,0.548175717029815,1.63976967015906,7.71114053403303,19.1328453201334,0.0356241247409651,0.245001994528623,30.0216776231836,64.4390328130656,30.1367415978149,6,0.0565895250256362,5.66948667631507,1.6557482517098,0.5449013653502,9.62305664950527,34.3051031614698,1.11803398874989,19.4389041202168,40.9000986875551,Inf,0.301831666666667,0.797,0.005,2.82101445280952,0.234,43.1119226957838
aggressiveEgo,nominal,202,sharmaCertifiedHold,1,,0,1000,2,0.0985602412323604,0.11250852457112,2.77699941976695,0.227324681303687,9.31743703455224,3.86757610799651,18.8003591576518,2.66212573607304,8.92030562936541,1.84020083317652,5.11690616041226,13.1036468747043,34.6706225486653,0.129651244127338,0.225406385012387,46.2531155372987,99.7273919680688,46.4506084814806,6,0.107144481558562,7.98877306014481,3.00981614598778,1.89110086793735,14.7079423162246,46.4157444265368,1.11803398874989,33.7112578277735,214.554632948271,Inf,0.294211666666667,0.369,0.005,2.82101445280952,0.234,43.1119226957838
aggressiveEgo,nominal,202,sharmaCertifiedPredictor,1,,1,1000,2,8.98043113517099e+43,8.19933845695453e+43,1.14198216827706e+46,1.10565615398792e+45,1.25077069005571e+46,1.25077069005571e+46,2.32722831870046e+48,1.25077069005571e+46,1.53695710033526e+47,1.25028966414867e+46,1.53638256237918e+47,103.98699937228,179.569130856492,0.051960544624566,0.227138206632084,45.6797702225019,98.3461811740583,45.8528844182652,6,1.15859807354328e+44,1.61366474518971e+46,1.61366474518971e+46,1.61304415617696e+46,103.838686340605,45.9655581171945,665013.73304298,85654902.527977,14170129154.7687,Inf,0.302241666666667,0.353,0.005,2.82101445280952,0.234,43.1119226957838
aggressiveEgo,nominal,202,sharmaTunedPredictor,1,,0,1000,2,0.0450575978134894,0.0862263742213561,0.73239378376368,0.107389301219671,0.963439766052166,0.43465159063911,3.11307807477215,0.276681821746921,0.946817106476649,0.312753547743147,0.867864909203184,1.46273687235278,4.09572917145155,0.0365842853818665,0.237818963445848,4.18217303664906,7.47749358714607,4.21128364214672,6,0.0478006759739875,1.03781483661595,0.285572478838275,0.330402470852661,1.63647320337008,4.6179223865922,1.11803398874989,11.9530596320287,9.45475517606278,Inf,0.290721666666667,0.502,0.005,2.82101445280952,0.234,43.1119226957838
aggressiveEgo,nominal,202,sharmaTunedCorrectedPredictor,1,,0,1000,2,0.045072468235251,0.0861975662151476,0.732105877975195,0.107192995500934,0.971117060663274,0.433606954965704,3.12324550978855,0.275957263241813,0.945674838870293,0.314789721824844,0.867854216551668,1.45929536405654,4.11225807234655,0.0365842853818665,0.237818963445848,4.18217303664906,7.47749358714607,4.21128364214672,6,0.0478643969409801,1.04732943107355,0.285041641002846,0.336364636175979,1.63028763483309,4.6179223865922,1.11803398874989,11.953115040058,9.45559930341149,Inf,0.29063,0.354,0.005,2.82101445280952,0.234,43.1119226957838
aggressiveEgo,nominal,203,structured,1,,0,1000,2,0.0306641527683926,0.0873107146922282,0.379359214464504,0.0655162572734466,0.122811801677793,0.124488689402601,0.162554568598442,0.0900242251425244,0.302924704910373,0.0802028620725394,0.267830167957721,0.375868959444789,1.11823710994662,0.0180774857798102,0.0192881088305634,0.0715755230237369,0.148405477951132,0.02254723757338,6,0.0327776840090595,0.131781794936946,0.0961577873131067,0.0879035413048681,0.397895590248161,0.0829622420710481,1.11803398874989,3.21539703810899,3.90437386299312,0.48,2.02446333333333,4.967,0.005,2.82101445280952,0.234,43.1119226957838
aggressiveEgo,nominal,203,sharmaMatchedPredictor,1,,0,1000,2,0.0585638496033017,0.111683326809227,1.51523928085018,0.150553219407294,6.91262274249429,2.28036585996491,3.90006391476315,1.36251612717638,5.56340423233745,0.515701514040062,1.43785505984469,8.4075688929194,24.5704709328145,0.0383986984577173,0.267821749293939,34.440969620288,88.3196578924724,34.5848544467187,6,0.0610966724640725,5.58306258422067,1.65222247748087,0.563887717790508,9.72720464527576,33.7437709677224,1.11803398874989,19.305610139764,39.8427491478407,Inf,0.300958333333333,0.785,0.005,2.82101445280952,0.234,43.1119226957838
aggressiveEgo,nominal,203,sharmaCertifiedHold,1,,0,1000,2,0.0949701147476283,0.109566934476851,2.66805840895265,0.216650146772659,9.45178558852554,3.80057888847089,18.0208477116673,2.54880514592098,8.56065940091768,1.69792441106962,4.70195428829077,13.2308398877628,39.3308751693216,0.124046785392357,0.240885982020335,47.0493323532258,105.070256253535,47.2739817239102,6,0.101575390989111,7.90080807647869,2.85655820168206,1.71852802709728,14.8446948678596,46.2204735832994,1.11803398874989,31.4858613614394,212.030203015157,Inf,0.294296666666667,0.36,0.005,2.82101445280952,0.234,43.1119226957838
aggressiveEgo,nominal,203,sharmaCertifiedPredictor,1,,1,1000,2,3.21080030078905e+44,2.93153390829488e+44,4.09116296999129e+46,3.95025722355219e+45,4.48089897833232e+46,4.48089897833232e+46,8.35915190756456e+48,4.48089897833232e+46,5.51176142956783e+47,4.47918801200367e+46,5.50976064520835e+47,103.970012736665,179.965426586861,0.0514181492321608,0.246565211695781,46.5632791994339,104.075341313528,46.7634619246956,6,4.14237021255834e+44,5.78097069717024e+46,5.78097069717024e+46,5.77876331729902e+46,103.814699237609,45.7708486446487,2361682.10912376,328696609.778341,63398801686.1352,Inf,0.300276666666667,0.378,0.005,2.82101445280952,0.234,43.1119226957838
aggressiveEgo,nominal,203,sharmaTunedPredictor,1,,0,1000,2,0.0495761768143009,0.0849169812911101,0.725255091586041,0.118946266047605,0.96879172771431,0.449293912931638,3.11461799971865,0.291429500294758,1.00295384045775,0.316332804171868,0.761142962154607,1.49972978731531,4.58041660776149,0.0376506616361543,0.24479691518347,4.13735701334477,9.18378210855618,4.19404948977244,6,0.0546178848330956,1.14777707333062,0.319514791502026,0.333207185102468,1.57073164447856,5.18864356547733,1.11803398874989,12.0182413306143,9.2928606315477,Inf,0.289176666666667,0.516,0.005,2.82101445280952,0.234,43.1119226957838
aggressiveEgo,nominal,203,sharmaTunedCorrectedPredictor,1,,0,1000,2,0.0496516634379074,0.0849208450389804,0.72474582022004,0.118599530272233,0.972072957094119,0.449961399382726,3.12458263485994,0.290061197084877,0.995914490259436,0.31795668003425,0.754964461212673,1.50881253254064,4.58689676053824,0.0376506616361543,0.24479691518347,4.13735701334477,9.18378210855618,4.19404948977244,6,0.0547922248292399,1.15144029873668,0.317899017479918,0.338723114948833,1.58487341667783,5.18864356547733,1.11803398874989,12.0183058013381,9.29375579035005,Inf,0.287455,0.328,0.005,2.82101445280952,0.234,43.1119226957838
aggressiveEgo,nominal,204,structured,1,,0,1000,2,0.0266108302858524,0.0864992832633528,0.376831910943264,0.0632830049211812,0.110757864462696,0.112853059400502,0.147494601615881,0.0801790614662672,0.243192515178983,0.0882415198485075,0.252425964815064,0.349408490803131,1.05072874930056,0.0212114387040197,0.0183347950729994,0.0712653640187365,0.150715352876887,0.0174015052007217,6,0.024220760405152,0.1049128125519,0.080239129793186,0.0778347522049063,0.308429344340958,0.0822921427519467,1.11803398874989,3.30315150737952,3.90927149046898,0.48,2.02007833333333,5.235,0.005,2.82101445280952,0.234,43.1119226957838
aggressiveEgo,nominal,204,sharmaMatchedPredictor,1,,0,1000,2,0.0512855115094572,0.109929252596129,1.50941586448432,0.119906676323195,5.80562364443415,2.19873756380414,3.74693713051936,1.33118465034939,4.52573527679933,0.583752595526734,1.71758464471482,8.03770063054653,20.3183407810221,0.0375516026116964,0.258276427520535,30.5007488004902,63.7309369455327,30.6250461283607,6,0.0486668377831768,5.67020271745868,1.61835046830174,0.596378013653969,9.63105708413288,34.2642118514459,1.11803398874989,19.1891987846647,40.8734134987279,Inf,0.299945,0.783,0.005,2.82101445280952,0.234,43.1119226957838
aggressiveEgo,nominal,204,sharmaCertifiedHold,1,,0,1000,2,0.0980002609494615,0.113333551218188,2.78385524798914,0.217998574485296,9.15031769799631,3.85229282105009,18.7712779845503,2.64620737673537,9.53544888377574,1.80686411169465,5.60186106088277,13.0866534506754,36.0091192031234,0.129031340075276,0.232866424235462,45.5803800100586,101.242449191517,45.7561089672606,6,0.104350209040238,8.02370110533692,3.04550931134156,1.8111113074573,14.485243669221,46.6063867242432,1.11803398874989,34.0756923770414,215.80268482207,Inf,0.292443333333333,0.428,0.005,2.82101445280952,0.234,43.1119226957838
aggressiveEgo,nominal,204,sharmaCertifiedPredictor,1,,1,1000,2,3.48401763123041e+44,3.18098756267688e+44,4.43603005725647e+46,4.29538952722384e+45,4.85861910102649e+46,4.85861910102649e+46,9.04999551197885e+48,4.85861910102649e+46,6.00296534301852e+47,4.85674606085739e+46,6.0007519146269e+47,103.770776706209,178.923384680216,0.0516751023959631,0.23565018187933,45.0235076573656,100.557200604609,45.1728242940287,6,4.49485782472683e+44,6.26828116133946e+46,6.26828116133946e+46,6.26586468411368e+46,103.623252530812,46.1618300168644,2735580.82426416,413210674.806795,84093800037.2802,Inf,0.299828333333333,0.333,0.005,2.82101445280952,0.234,43.1119226957838
aggressiveEgo,nominal,204,sharmaTunedPredictor,1,,0,1000,2,0.0447639347908284,0.0842178193962784,0.743970182831869,0.100553750596981,0.906998446019526,0.416526571111769,3.11597219439054,0.272000601386309,0.7533930236331,0.32713483311693,0.875298249753532,1.37750770887698,5.01609772323478,0.036093510886833,0.237488882767834,3.89328025429757,8.3376064263681,3.9335704654526,6,0.045501059304776,1.06004893862637,0.283334881291838,0.333969581703054,1.48924975033354,4.69208157712263,1.11803398874989,11.7184428880736,9.16841895811381,Inf,0.291246666666667,0.495,0.005,2.82101445280952,0.234,43.1119226957838
aggressiveEgo,nominal,204,sharmaTunedCorrectedPredictor,1,,0,1000,2,0.0447687090519472,0.0841992200451385,0.743562490639864,0.101362011906371,0.91300402230596,0.416249901558661,3.12583404371004,0.270814686390327,0.753205291510985,0.328979051439773,0.87401711829494,1.38029831290904,4.99827638086801,0.036093510886833,0.237488882767834,3.89328025429757,8.3376064263681,3.9335704654526,6,0.0456258877589748,1.06708685131788,0.281873708610243,0.340276578619419,1.49384571312249,4.69208157712263,1.11803398874989,11.7185150583078,9.16939674597984,Inf,0.290196666666667,0.319,0.005,2.82101445280952,0.234,43.1119226957838
aggressiveEgo,nominal,205,structured,1,,0,1000,2,0.0272357343245189,0.0890361766428969,0.386990530936909,0.0604121042017915,0.112239536003032,0.113685932695489,0.148358331423066,0.0852682824430127,0.219118285329216,0.0801330889177712,0.250004922246518,0.329089792178953,1.15463774937046,0.0182098812649959,0.0178028658570622,0.0684146601005659,0.13805747116973,0.0196925315970898,6,0.026986344616189,0.11290087343343,0.0821604178856238,0.0823477031861945,0.343174826776767,0.0796356821618465,1.11803398874989,3.26079435018861,3.96228700755227,0.5,2.04067,5.225,0.005,2.82101445280952,0.234,43.1119226957838
aggressiveEgo,nominal,205,sharmaMatchedPredictor,1,,0,1000,2,0.0540125505516969,0.109888490260388,1.50083908874968,0.116334258282029,5.78329120202008,2.2422398009581,3.80312886870001,1.35384658001558,4.7034231582454,0.603691460709002,1.55996144580211,8.24032588697063,21.2939807389008,0.0390962485305365,0.257105394808285,30.7102343601041,62.0311907904862,30.8286847009327,6,0.0511038163141289,5.7005844164147,1.66268611341765,0.56644583413987,9.8247570358371,34.7837945185023,1.11803398874989,19.4110467382466,41.4822167791523,Inf,0.302281666666667,0.772,0.005,2.82101445280952,0.234,43.1119226957838
aggressiveEgo,nominal,205,sharmaCertifiedHold,1,,0,1000,2,0.0954531400435215,0.109877495095276,2.69873348720624,0.201288279529063,9.86008641756909,3.81306638141632,18.21124332918,2.53682161142992,8.13426848975306,1.75893797451521,5.66997532668063,13.4790560183586,47.0150935300054,0.124414043638124,0.223793093203991,48.9861119434496,116.099594191624,49.1281351242618,6,0.102294514802801,7.93690931816696,2.85994785873526,1.7418533394638,15.1105128574494,46.3250653924221,1.11803398874989,33.7392573899202,212.429996967148,Inf,0.294301666666667,0.353,0.005,2.82101445280952,0.234,43.1119226957838
aggressiveEgo,nominal,205,sharmaCertifiedPredictor,1,,1,1000,2,2.98921640847835e+44,2.72922276060963e+44,3.80492453787513e+46,3.67664717191763e+45,4.1673926459186e+46,4.1673926459186e+46,7.76541997158982e+48,4.1673926459186e+46,5.11501641949667e+47,4.16578067429409e+46,5.11310951343798e+47,104.002758609508,179.439310603017,0.0506554590901967,0.222789317411501,48.6868191934887,116.377407183729,48.801156503536,6,3.85649677631099e+44,5.37650477865147e+46,5.37650477865147e+46,5.37442511544749e+46,103.718447205328,45.8813669599726,2148598.08008832,279993774.571638,47813902764.6033,Inf,0.301231666666667,0.357,0.005,2.82101445280952,0.234,43.1119226957838
aggressiveEgo,nominal,205,sharmaTunedPredictor,1,,0,1000,2,0.0445343226798775,0.0844583015302286,0.738362288256815,0.0992846493003089,0.929158169968352,0.43253100285217,3.10952779899557,0.266593267616967,0.937852347732841,0.320755504141789,0.853423602900674,1.49075048546534,5.0918676704213,0.0379061942599318,0.238804534671007,4.01029770411363,8.71355893166679,4.03791499022798,6,0.0462876917480126,1.0972126733353,0.280990639320756,0.334584756904503,1.61147032217797,4.94011485302729,1.11803398874989,11.9672941771453,9.56142054264617,Inf,0.292813333333333,0.495,0.005,2.82101445280952,0.234,43.1119226957838
aggressiveEgo,nominal,205,sharmaTunedCorrectedPredictor,1,,0,1000,2,0.0445580820144127,0.0844373369805095,0.737915784863684,0.099273948897772,0.933971159232545,0.432248210459496,3.11968510232549,0.265341839948751,0.936675992641259,0.322645428605642,0.85377211098559,1.49337091252945,5.07587821855461,0.0379061942599318,0.238804534671007,4.01029770411363,8.71355893166679,4.03791499022798,6,0.0464028103728023,1.10276695524307,0.279458363282345,0.34052275415857,1.61712160062584,4.94011485302729,1.11803398874989,11.9674045663156,9.5623649431274,Inf,0.291895,0.349,0.005,2.82101445280952,0.234,43.1119226957838
aggressiveEgo,nominal,206,structured,1,,0,1000,2,0.0288276791862296,0.0901354457576504,0.381677365737134,0.0660323867157906,0.11816520089448,0.119551475701277,0.158118994312949,0.0822648081057386,0.222484698608607,0.0840897702936323,0.30654245512095,0.381543991715439,1.20055450212076,0.0194527564051574,0.0182203011928991,0.070669742210224,0.150410013359992,0.0205133098372814,6,0.0279003910234906,0.11748041765104,0.0836682700648415,0.0789642678059683,0.364449599059633,0.0822334144600646,1.11803398874989,3.29153651121764,4.01693044118232,0.5,2.03308333333333,5.182,0.005,2.82101445280952,0.234,43.1119226957838
aggressiveEgo,nominal,206,sharmaMatchedPredictor,1,,0,1000,2,0.0516494275021753,0.111396228401926,1.55963550710194,0.121921300516885,5.16606862306298,2.16516629249892,3.74121778047328,1.3769420537445,5.01437625299984,0.499131952908793,1.30371729052577,7.7580788631555,20.9277852489435,0.0381406244471802,0.267988452883296,28.5667073188863,55.724939830003,28.7140432563859,6,0.0541914635026864,5.61506253761945,1.68897618993441,0.494622284195003,9.59335778952317,34.0384071644718,1.11803398874989,19.4798771841852,40.4019153865463,Inf,0.302461666666667,0.796,0.005,2.82101445280952,0.234,43.1119226957838
aggressiveEgo,nominal,206,sharmaCertifiedHold,1,,0,1000,2,0.0953791690503677,0.109116920269876,2.83738119593265,0.19704017612242,10.9230535250254,3.8427811166121,18.1559109018369,2.79169253658336,8.01565518927216,1.78374840214661,5.11228414682568,12.4041356930596,38.4748585312736,0.12752261162222,0.225751258117667,57.2192570388409,178.752471919843,57.2584217302238,6,0.100005507141353,7.98680460889977,2.96105648199013,1.77300623550007,14.2225693516168,46.7245405802485,1.11803398874989,30.8436685351382,318.151434745666,Inf,0.295955,0.354,0.005,2.82101445280952,0.234,43.1119226957838
aggressiveEgo,nominal,206,sharmaCertifiedPredictor,1,,1,1000,2,6.59354305418989e+44,6.02005519758102e+44,8.39064374229337e+46,8.12142451463424e+45,9.18996071488026e+46,9.18996071488026e+46,1.71211491322312e+49,9.18996071488026e+46,1.13123535127412e+48,9.19353139059773e+46,1.13165916242224e+48,104.069448428597,179.660595815805,0.0490772072836195,0.226645598983105,51.2424581021459,146.776330051529,51.4250533201645,6,8.50656963504862e+44,1.18563024646989e+47,1.18563024646989e+47,1.18609091232716e+47,104.018534181499,46.464276872201,3906533.42001271,533248863.33924,100097853774.353,Inf,0.303003333333333,0.388,0.005,2.82101445280952,0.234,43.1119226957838
aggressiveEgo,nominal,206,sharmaTunedPredictor,1,,0,1000,2,0.0457827540290418,0.0862729447060571,0.741195674639344,0.0980359608582091,0.912374100259835,0.425693397571764,3.11631163735858,0.277794614808399,0.821262722359895,0.314132269135115,0.749901424453897,1.40921258371686,4.37285570590594,0.0374627908847376,0.241446970875949,3.88825067140438,8.62665306391652,3.93597791036599,6,0.0482736331216204,1.09036971749144,0.299222123552338,0.329043653711289,1.54018894010526,4.79867709089802,1.11803398874989,11.8087427124937,9.41684962586469,Inf,0.292898333333333,0.497,0.005,2.82101445280952,0.234,43.1119226957838
aggressiveEgo,nominal,206,sharmaTunedCorrectedPredictor,1,,0,1000,2,0.0458633313246769,0.0862676994821523,0.740699274867173,0.0975706441141245,0.917374819963432,0.425755487360803,3.12651949870701,0.276447066261979,0.820435196196177,0.316165866186666,0.749563945509529,1.414639071065,4.35096695479189,0.0374627908847376,0.241446970875949,3.88825067140438,8.62665306391652,3.93597791036599,6,0.0484468044529491,1.09603905005567,0.297590736500954,0.335118945676869,1.54884803866206,4.79867709089802,1.11803398874989,11.8088538490782,9.41776988593721,Inf,0.293255,0.37,0.005,2.82101445280952,0.234,43.1119226957838
aggressiveEgo,nominal,207,structured,1,,0,1000,2,0.0258956986907554,0.0871552629573027,0.379264386848923,0.0587043038146073,0.105658547197737,0.107382006291986,0.141126656217732,0.0711375904622348,0.25574107770283,0.0784055012301218,0.252439979609546,0.352953170628638,0.959376885576437,0.0205753390216841,0.0181335042296103,0.0697656172495915,0.146331916926269,0.0187960912977971,6,0.0253219881699231,0.109576891642833,0.0779206707104404,0.0808725180879003,0.344665889731872,0.0809927194330681,1.11803398874989,3.20211786315986,3.88207819104872,0.5,2.047415,5.136,0.005,2.82101445280952,0.234,43.1119226957838
aggressiveEgo,nominal,207,sharmaMatchedPredictor,1,,0,1000,2,0.0587124024033438,0.112068659834148,1.5602010193517,0.144195408605092,6.35042208600358,2.26329317366978,3.93808741757945,1.39376758518118,5.19069360899524,0.643909116816854,1.94830011745621,8.22013329644053,21.7671412235228,0.034765214516045,0.246492980333598,32.0986743542537,73.8509656008835,32.2486945076375,6,0.062154646173646,5.59188490612005,1.72535914013726,0.709446934670708,9.53504597410943,33.6451812285083,1.11803398874989,19.4505857288221,40.4223283341391,Inf,0.303296666666667,0.833,0.005,2.82101445280952,0.234,43.1119226957838
aggressiveEgo,nominal,207,sharmaCertifiedHold,1,,0,1000,2,0.0977819047470958,0.112484363744735,2.78086168208621,0.246274435140419,9.38668051225912,3.88389757930935,18.9325905025641,2.60776177078716,8.4514473645604,1.75752827115895,5.07868265994353,13.5364724882525,40.2293374815502,0.126121240053865,0.221205432180103,46.6297757864246,104.829476838857,46.8522931049133,6,0.104760444982981,8.0313384849063,2.98322011530772,1.7518464239593,14.7795059574988,46.7933931687197,1.11803398874989,32.4772929175845,204.936554590394,Inf,0.296053333333333,0.375,0.005,2.82101445280952,0.234,43.1119226957838
aggressiveEgo,nominal,207,sharmaCertifiedPredictor,1,,1,1000,2,2.41064203814961e+44,2.20097116406149e+44,3.07055648183011e+46,2.96490942697436e+45,3.36306656646667e+46,3.36306656646667e+46,6.27181856534748e+48,3.36306656646667e+46,4.13142781122338e+47,3.36176099443487e+46,4.12989193794637e+47,104.053561648955,179.851302172973,0.0483838794374434,0.222769634108484,45.9612892156637,103.667077661827,46.1592147352751,6,3.11005694421975e+44,4.33881445830152e+46,4.33881445830152e+46,4.33713009235276e+46,103.970484766451,46.3550289651628,1745200.24750712,234829199.725742,42953977192.1173,Inf,0.30216,0.375,0.005,2.82101445280952,0.234,43.1119226957838
aggressiveEgo,nominal,207,sharmaTunedPredictor,1,,0,1000,2,0.0430811042421245,0.082402197256403,0.72774665158294,0.108167748725117,0.938624455491134,0.411879325712939,3.1116209916368,0.258483488008001,0.814602322754093,0.311067025117201,0.747645544475966,1.40354711198455,4.72498280628964,0.0360746848145169,0.237337357504237,3.94047690760934,8.60512330436199,4.05068922516419,6,0.0452554597319695,1.10869175249182,0.278171598336333,0.329646832070762,1.44888700145358,4.8552266844325,1.11803398874989,11.9377150911488,9.12988183462238,Inf,0.293115,0.484,0.005,2.82101445280952,0.234,43.1119226957838
aggressiveEgo,nominal,207,sharmaTunedCorrectedPredictor,1,,0,1000,2,0.0431210544259559,0.0823825532708856,0.727307438566805,0.108262089722598,0.943353372653439,0.412142686359324,3.12194187314444,0.257143641874374,0.809994259924922,0.312918045915838,0.747969014895244,1.40966314102754,4.72739783718095,0.0360746848145169,0.237337357504237,3.94047690760934,8.60512330436199,4.05068922516419,6,0.0454326201185157,1.11415992194404,0.276633782786539,0.335754836033518,1.4603192455202,4.8552266844325,1.11803398874989,11.937775423063,9.13075123579433,Inf,0.292965,0.357,0.005,2.82101445280952,0.234,43.1119226957838
aggressiveEgo,nominal,208,structured,1,,0,1000,2,0.0287408667738853,0.0897751373689379,0.381507602253989,0.0662848955537191,0.11503133022499,0.116881588507997,0.151491250920104,0.0726192412909708,0.238432477311873,0.0824190195132561,0.266457392479223,0.403039720484029,1.06144860855368,0.0206006473001604,0.0184721230176972,0.0685749486362404,0.145862060728763,0.0211842618749712,6,0.0274547216085831,0.113143170060711,0.07651452966027,0.0807625285512381,0.374958580443868,0.0791793944724028,1.11803398874989,3.25754593961757,3.87450404408585,0.5,2.01875166666667,5.125,0.005,2.82101445280952,0.234,43.1119226957838
aggressiveEgo,nominal,208,sharmaMatchedPredictor,1,,0,1000,2,0.0525153418125602,0.109436777311056,1.55908026039523,0.113033033458786,6.01905474403404,2.18387574663847,3.76467119193809,1.40808030272932,4.52078514791678,0.558412801998754,1.49896913876386,7.67660265463536,19.2767693575573,0.0377448974090304,0.265807726973064,31.3192682252418,69.6152713633416,31.4086559356326,6,0.0516074630644437,5.65383176244236,1.64475212846664,0.574429870461097,9.51820592779817,34.0880069398875,1.11803398874989,19.1392866869174,40.306130415466,Inf,0.301033333333333,0.781,0.005,2.82101445280952,0.234,43.1119226957838
aggressiveEgo,nominal,208,sharmaCertifiedHold,1,,0,1000,2,0.0979682654486926,0.110491352732948,2.78483194644184,0.233321660157366,9.30303323582726,3.84397508809582,18.6411832247322,2.6880332733054,8.17290868738933,1.80717181373756,5.15529892672934,13.040407775749,46.0857551587905,0.124688183246,0.228308883812873,46.1101270141961,102.512052313308,46.2923983652862,6,0.105656606948769,7.99878389853702,3.09575250100565,1.86516688109209,14.6595053705584,46.24033405857,1.11803398874989,31.8294115055903,208.531744531615,Inf,0.293863333333333,0.43,0.005,2.82101445280952,0.234,43.1119226957838
aggressiveEgo,nominal,208,sharmaCertifiedPredictor,1,,1,1000,2,2.28494169460056e+43,2.0862038833596e+43,2.90763363079755e+45,2.81789431890799e+44,3.18462321378342e+45,3.18462321378342e+45,5.92729859101982e+47,3.18462321378342e+45,3.93442759288977e+46,3.1833833304377e+45,3.93293459306013e+46,103.913065961817,179.373761194985,0.0481995995179764,0.229359099128508,45.4741006444212,101.759597823746,45.6311581549138,6,2.94788636055002e+43,4.10859820081503e+45,4.10859820081503e+45,4.10699858222863e+45,104.156162447768,45.7623860339479,184770.754837885,27603046.432618,5501697377.47782,Inf,0.30051,0.38,0.005,2.82101445280952,0.234,43.1119226957838
aggressiveEgo,nominal,208,sharmaTunedPredictor,1,,0,1000,2,0.0478006762696308,0.0864685427085418,0.737628887700264,0.104814449654233,0.927670669287925,0.425137805533868,3.11937036295566,0.261477596880222,0.910017372880574,0.309295270288079,0.891623206440409,1.4658475739208,5.05572354363191,0.0363047639819823,0.238615696959954,3.99114173817313,8.69110784934417,4.02761577081335,6,0.0500851816982664,1.07892608526683,0.280907551526965,0.326771863325143,1.59005615563065,4.76497376319126,1.11803398874989,11.8264178684635,9.08235175268044,Inf,0.291691666666667,0.494,0.005,2.82101445280952,0.234,43.1119226957838
aggressiveEgo,nominal,208,sharmaTunedCorrectedPredictor,1,,0,1000,2,0.0478125870258805,0.08643607748698,0.737256163009845,0.104770530227972,0.933775306705074,0.424788300348178,3.12952459554576,0.260359687638609,0.909101871033124,0.311393327760009,0.890676418671079,1.46765153503309,5.04294291108439,0.0363047639819823,0.238615696959954,3.99114173817313,8.69110784934417,4.02761577081335,6,0.050199512016047,1.08608915205282,0.279691869114427,0.332797502144442,1.59330194521655,4.76497376319126,1.11803398874989,11.8264831728309,9.08374388880161,Inf,0.291226666666667,0.357,0.005,2.82101445280952,0.234,43.1119226957838
aggressiveEgo,nominal,209,structured,1,,0,1000,2,0.0276087629599665,0.0864061852141012,0.372315090026011,0.0577261712467609,0.113352405925326,0.115932681233404,0.148355884647361,0.0740702696608342,0.2095480232821,0.0887609980714699,0.222185666026232,0.391074602665795,1.11301032162278,0.0197761052401703,0.018512695037552,0.0725773140670593,0.153871648574084,0.0201916560720562,6,0.0276221263193617,0.117258529155027,0.0740722425064158,0.0867302380886602,0.411406201099832,0.0832064206938733,1.11803398874989,3.3310983970756,3.9409185308594,0.48,2.03236333333333,5.081,0.005,2.82101445280952,0.234,43.1119226957838
aggressiveEgo,nominal,209,sharmaMatchedPredictor,1,,0,1000,2,0.0544705677108775,0.112417208283033,1.50151526971114,0.133964007164572,5.66187751065977,2.21046096783448,3.84010486142644,1.33994369410203,5.00499172201652,0.550227994453867,1.91706509729599,8.08868637240309,18.9418340188132,0.0393456241251905,0.274301940131998,29.943438163569,67.2887119046,30.0909750048568,6,0.0510509152829198,5.63468831759509,1.64030166334057,0.522646519832875,9.55160791023708,34.0167101173333,1.11803398874989,19.3454820471102,39.7956067519086,Inf,0.303863333333333,0.848,0.005,2.82101445280952,0.234,43.1119226957838
aggressiveEgo,nominal,209,sharmaCertifiedHold,1,,0,1000,2,0.0970668023586383,0.111782063183864,2.74345161203703,0.247094085895943,9.16455607619213,3.78639109934958,18.1829194718544,2.59146875665516,10.5319086326037,1.80206878359232,5.64575252153108,13.0492066206104,38.1776584256001,0.128077142008336,0.230296051878554,45.6426222955987,99.8038118399949,45.822461138376,6,0.103840770737632,7.96993178411646,3.00149999085762,1.80796545597402,14.5348325644258,46.3758374743935,1.11803398874989,33.6379051112262,217.131443383655,Inf,0.293683333333333,0.369,0.005,2.82101445280952,0.234,43.1119226957838
aggressiveEgo,nominal,209,sharmaCertifiedPredictor,1,,1,1000,2,3.2902956418643e+44,3.00411496786944e+44,4.19062699687622e+46,4.04696123112817e+45,4.58983823587806e+46,4.58983823587806e+46,8.558560454154e+48,4.58983823587806e+46,5.63828358169126e+47,4.58803357357474e+46,5.63614817918764e+47,104.13508421975,179.879744486384,0.0508732916937467,0.234904593244032,44.9277018284386,98.1779818513099,45.0828376065289,6,4.24493004252546e+44,5.921517194355e+46,5.921517194355e+46,5.91918893390008e+46,104.323206691228,45.9063614319542,2365368.2958274,318434844.297734,58104764756.3821,Inf,0.303471666666667,0.38,0.005,2.82101445280952,0.234,43.1119226957838
aggressiveEgo,nominal,209,sharmaTunedPredictor,1,,0,1000,2,0.0463348612595276,0.0845806417034953,0.72899397365423,0.0949738130079333,0.957227896040061,0.443472165501535,3.11747126672383,0.275106593676541,0.801592395977913,0.321365437463724,0.751014786987245,1.5288092118388,4.74128378615052,0.0358551441150197,0.234629036493066,4.10322722108581,9.3623536140449,4.15101320746902,6,0.047847082076426,1.12841553640886,0.297562960000777,0.324236424701735,1.55583334379484,5.13075858778406,1.11803398874989,11.9809196413254,9.36382396361962,Inf,0.293006666666667,0.515,0.005,2.82101445280952,0.234,43.1119226957838
aggressiveEgo,nominal,209,sharmaTunedCorrectedPredictor,1,,0,1000,2,0.0463921913503183,0.0845858594619735,0.728482347472893,0.0950604581182318,0.960584760838635,0.443624990284751,3.12737197471512,0.273712254397181,0.800211960210831,0.32303813210225,0.74980263858872,1.53438245083873,4.73449247336792,0.0358551441150197,0.234629036493066,4.10322722108581,9.3623536140449,4.15101320746902,6,0.0480699899042729,1.1323646318076,0.295865813259991,0.330352710573569,1.56796104730012,5.13075858778406,1.11803398874989,11.9809832369832,9.36470274197981,Inf,0.292953333333333,0.358,0.005,2.82101445280952,0.234,43.1119226957838
aggressiveEgo,nominal,210,structured,1,,0,1000,2,0.0258799319234368,0.0888075026672779,0.382570908394643,0.0615399213572904,0.109218677870645,0.110710446740902,0.142123586116317,0.0736075148864501,0.219789436923056,0.0760327155608184,0.204702554275445,0.362138619944306,1.28555334006429,0.0184527018813717,0.0174943924980313,0.0711049278065706,0.149086743091936,0.0206324837086473,6,0.0268357558062934,0.114970265125767,0.0797452189562945,0.0793041836826635,0.36534354340774,0.0816355070367214,1.11803398874989,3.33268840422365,3.97478271487582,0.5,2.03694,5.129,0.005,2.82101445280952,0.234,43.1119226957838
aggressiveEgo,nominal,210,sharmaMatchedPredictor,1,,0,1000,2,0.0527251412358792,0.112987524926991,1.47205548193781,0.136442185426747,5.18222032559847,2.14389416157913,3.84473247850351,1.25149242290465,4.33324318360332,0.596446966526195,1.88325289976918,7.9679383940826,21.1431599989035,0.035297542059094,0.25651159371736,28.3306725646503,55.3440572849623,28.4537809734707,6,0.0536347008868609,5.571114413604,1.53870762763427,0.563875791332616,9.62448799031086,33.6172126121679,1.11803398874989,19.5338390790887,41.02742355526,Inf,0.304151666666667,0.827,0.005,2.82101445280952,0.234,43.1119226957838
aggressiveEgo,nominal,210,sharmaCertifiedHold,1,,0,1000,2,0.0965819959846999,0.112351112178576,2.77919196221639,0.203640277999368,9.4487742118497,3.82482663027332,18.5499988620016,2.56376049363654,9.04229111433461,1.85276095059915,5.58129289313977,13.4217484781275,35.5752873932821,0.126448608311832,0.221790651814172,46.9422504380319,111.717808281861,47.1180164729265,6,0.100701152325587,7.94235740210115,2.92510601155202,1.76944038709678,14.3761486340822,46.4268713201359,1.11803398874989,33.0290908419104,337.475449788958,Inf,0.296155,0.371,0.005,2.82101445280952,0.234,43.1119226957838
aggressiveEgo,nominal,210,sharmaCertifiedPredictor,1,,1,1000,2,8.61977218760235e+44,7.8700486117195e+44,1.09459033620645e+47,1.06307376501639e+46,1.19886417509551e+47,1.19886417509551e+47,2.22699763122745e+49,1.19886417509551e+47,1.47613913670049e+48,1.19933043907831e+47,1.47670192466818e+48,104.038076866354,179.203935339951,0.0478497741073014,0.22184811811003,46.2940076255782,110.546993378339,46.4434948446618,6,1.11206815136363e+45,1.54669826292173e+47,1.54669826292173e+47,1.54729980703926e+47,103.924286235551,45.9800354304774,5234924.73386102,676497200.611717,112461032513.896,Inf,0.304071666666667,0.491,0.005,2.82101445280952,0.234,43.1119226957838
aggressiveEgo,nominal,210,sharmaTunedPredictor,1,,0,1000,2,0.0426713788370168,0.0849924358723353,0.718903985365892,0.112706316453998,0.908782257010517,0.422781177761237,3.11239744525837,0.255992089461986,0.720662904349751,0.314614343341926,0.711424327924872,1.47121877080484,4.49506569057354,0.0362055706127808,0.241377716846157,3.86311016133138,8.58763096378554,3.94643037463967,6,0.0441493510440804,1.05997405394063,0.275797946479011,0.328919636570386,1.55557552749317,4.74394017535622,1.11803398874989,12.0878354177596,9.20928490924946,Inf,0.292481666666667,0.508,0.005,2.82101445280952,0.234,43.1119226957838
aggressiveEgo,nominal,210,sharmaTunedCorrectedPredictor,1,,0,1000,2,0.0427124893488562,0.0849729895732117,0.718379235560097,0.112646746921839,0.913483476477026,0.422926887404934,3.12237669052052,0.254509583229888,0.719745161226276,0.316339345438724,0.702723563564091,1.47691254054228,4.47760388540845,0.0362055706127808,0.241377716846157,3.86311016133138,8.58763096378554,3.94643037463967,6,0.0443166981613904,1.06521406636973,0.273974826215978,0.334763942359679,1.56422873207595,4.74394017535622,1.11803398874989,12.0878958095655,9.21010393730842,Inf,0.292686666666666,0.348,0.005,2.82101445280952,0.234,43.1119226957838
aggressiveEgo,nominal,211,structured,1,,0,1000,2,0.0252568104338163,0.0878486936167273,0.370476065444618,0.0620800187764925,0.104571899469807,0.106228332197339,0.13770112931597,0.0709096810053661,0.216498627917519,0.0771153072233095,0.245084458323682,0.347659399197596,1.03968304814607,0.0216695643478817,0.0184276503390713,0.0710874949623746,0.145162072627554,0.0175232292943674,6,0.0248710399140098,0.105623444625869,0.0753375824391631,0.0752580614367946,0.325787417203712,0.0822125607857661,1.11803398874989,3.32121029822397,3.92477736555691,0.5,2.02510333333333,5.236,0.005,2.82101445280952,0.234,43.1119226957838
aggressiveEgo,nominal,211,sharmaMatchedPredictor,1,,0,1000,2,0.0485062017531752,0.110147491132488,1.45950954686408,0.106093296643542,5.73296199469831,2.14944476136839,3.73955521513647,1.26765602823997,4.60847492210165,0.547313970140561,1.37689728390508,7.9418720705422,18.7739685520561,0.0375485539711469,0.256983041002536,29.9182137426668,63.5586993662727,30.0578596708655,6,0.0479736357149963,5.54654946088611,1.57003866124995,0.532469662500128,9.38747088701976,33.3956779888278,1.11803398874989,19.2636267756532,40.0512621732366,Inf,0.3016,0.772,0.005,2.82101445280952,0.234,43.1119226957838
aggressiveEgo,nominal,211,sharmaCertifiedHold,1,,0,1000,2,0.0952662668504439,0.108805818355549,2.63723145369805,0.237422234067531,8.91005569945464,3.77769413308146,18.1656677227031,2.47614639485445,9.08556942697047,1.79110779465276,5.11962800332194,13.2865486858642,39.6673851673168,0.125509618733994,0.225980186759414,44.3959157569253,95.1614955992601,44.6003324797501,6,0.10259680245343,7.92928496760876,2.86839213415859,1.8571393898466,14.7174747773784,46.0519832622386,1.11803398874989,32.4825886576497,212.673357376101,Inf,0.293236666666667,0.34,0.005,2.82101445280952,0.234,43.1119226957838
aggressiveEgo,nominal,211,sharmaCertifiedPredictor,1,,1,1000,2,1.27252146827486e+45,1.16184112489468e+45,1.61957852878221e+47,1.56961858647835e+46,1.77386426015794e+47,1.77386426015794e+47,3.3038601160625e+49,1.77386426015794e+47,2.19212713163649e+48,1.77454247180385e+47,2.19291638956504e+48,104.028109941149,179.690394738358,0.0496286823949474,0.22828711811564,43.6459426126551,93.5553736604653,43.8251939865676,6,1.64172621502725e+45,2.28852677963009e+47,2.28852677963009e+47,2.28940176513421e+47,104.127316182764,45.5538678696465,7888120.11397644,1175894649.95428,241618973838.179,Inf,0.302028333333333,0.365,0.005,2.82101445280952,0.234,43.1119226957838
aggressiveEgo,nominal,211,sharmaTunedPredictor,1,,0,1000,2,0.0413302513271274,0.0834663499943395,0.722180470915849,0.0979807094335515,1.00817703382774,0.443328442976409,3.10195978566525,0.282259677112734,0.856731375013117,0.317259492798983,0.835779161266602,1.50183806492871,4.09845723232372,0.0362120421933551,0.234792185480529,4.37454062331039,9.6740103256664,4.43232277021869,6,0.0421296280379122,1.17049860836483,0.316005387398901,0.323486516734131,1.52124378483532,5.45339739551852,1.11803398874989,11.939242592973,9.10844781299582,Inf,0.292368333333333,0.538,0.005,2.82101445280952,0.234,43.1119226957838
aggressiveEgo,nominal,211,sharmaTunedCorrectedPredictor,1,,0,1000,2,0.0414057258544063,0.0834557689003809,0.721595632074426,0.0977033892592333,1.01062828845484,0.443935417812152,3.11171189313236,0.280665438386589,0.855507371545013,0.318740408324714,0.835342741396717,1.51103306113011,4.08033712168465,0.0362120421933551,0.234792185480529,4.37454062331039,9.6740103256664,4.43232277021869,6,0.0423319011467032,1.17331379752105,0.314058855738363,0.329033184312922,1.53753977298482,5.45339739551852,1.11803398874989,11.9393087214349,9.10942344505453,Inf,0.291873333333333,0.387,0.005,2.82101445280952,0.234,43.1119226957838
aggressiveEgo,nominal,212,structured,1,,0,1000,2,0.0271224975691665,0.0872779729637007,0.381610357410176,0.0587784014635649,0.109334340395293,0.111520154172295,0.144732660626384,0.083102523397052,0.232108293275807,0.0874640482412544,0.230107483059668,0.325340071515187,1.00129361793192,0.0204664086187547,0.0179394309643313,0.0701384224134162,0.148852357270594,0.0161368099143319,6,0.026637342557925,0.11225546821617,0.0817198629388605,0.0878947458099328,0.351391615533192,0.0815441565586712,1.11803398874989,3.31548795947755,3.99701598695852,0.48,2.022015,5.013,0.005,2.82101445280952,0.234,43.1119226957838
aggressiveEgo,nominal,212,sharmaMatchedPredictor,1,,0,1000,2,0.0535676668727674,0.1137798396956,1.53456855290255,0.127303819405657,7.13200588973434,2.282792992885,3.8208053667369,1.33085284713888,4.89583727400183,0.579769327919304,1.79591886184907,8.4717015734919,18.7761280802218,0.034690281662043,0.241946706794347,35.5493384911106,108.194359364535,35.6059053697401,6,0.0524233199403672,5.59604110652087,1.61986876458539,0.574236027638287,9.63316661741638,33.9646026760388,1.11803398874989,19.7467522147776,40.8933904353488,Inf,0.299455,0.784,0.005,2.82101445280952,0.234,43.1119226957838
aggressiveEgo,nominal,212,sharmaCertifiedHold,1,,0,1000,2,0.0941196308445006,0.109331753387296,2.66816283950709,0.209574673766412,9.3169759128023,3.78162926383399,18.0750980758339,2.54629192857089,8.34876906255275,1.66488790677162,4.73655029569689,13.0738326992484,38.3958398843791,0.126352282094002,0.231548565783173,46.3887490734476,112.029124599,46.5616607352192,6,0.103885865604505,7.93731333765981,2.9377705665687,1.75260302581957,14.7259134097044,46.2080158874849,1.11803398874989,35.0696090463814,219.009798031318,Inf,0.292018333333333,0.332,0.005,2.82101445280952,0.234,43.1119226957838
aggressiveEgo,nominal,212,sharmaCertifiedPredictor,1,,1,1000,2,3.69764771470366e+44,3.37603670147875e+44,4.70836340992368e+46,4.55841845331651e+45,5.15689571593604e+46,5.15689571593604e+46,9.60657567084357e+48,5.15689571593604e+46,6.37088418723472e+47,5.15487734770821e+46,6.36847900465666e+47,103.744225637848,179.368802973505,0.0500566741150795,0.235124207771389,45.8459490679613,111.197805823903,45.9926450255653,6,4.77046976299296e+44,6.65309866755448e+46,6.65309866755448e+46,6.65049469731601e+46,103.788391833147,45.7489250823018,2903939.53300123,440221673.446369,90119836394.3729,Inf,0.299146666666667,0.323,0.005,2.82101445280952,0.234,43.1119226957838
aggressiveEgo,nominal,212,sharmaTunedPredictor,1,,0,1000,2,0.0442945494145686,0.0846227897924144,0.744575885453432,0.0948306867745673,0.943970404206278,0.440511632240639,3.11086064052688,0.28455037855801,0.883191182742189,0.325650870946375,0.802776930963478,1.47199694261418,3.90744781160383,0.0358240975979218,0.234773258287058,4.10128918799907,9.33960829538876,4.12400199355472,6,0.0448575639970925,1.11786725704338,0.299400903472213,0.336452728768397,1.56465092035246,5.14797212432306,1.11803398874989,12.1140394654091,9.51927039679803,Inf,0.289211666666667,0.5,0.005,2.82101445280952,0.234,43.1119226957838
aggressiveEgo,nominal,212,sharmaTunedCorrectedPredictor,1,,0,1000,2,0.0442998023820259,0.0845892195857397,0.744064517979097,0.0960306434054401,0.947323325087955,0.440882946652255,3.12071607721681,0.2831080394326,0.879161086964455,0.327309328971979,0.800529416946263,1.47944638519016,3.89945448461704,0.0358240975979218,0.234773258287058,4.10128918799907,9.33960829538876,4.12400199355472,6,0.0450389145133474,1.12176180941471,0.297666690382841,0.342457450346889,1.57751216269045,5.14797212432306,1.11803398874989,12.114152444083,9.52027074531814,Inf,0.290715,0.352,0.005,2.82101445280952,0.234,43.1119226957838
aggressiveEgo,nominal,213,structured,1,,0,1000,2,0.0280532712081537,0.0888243869219881,0.376574785423756,0.0614588308693902,0.113224599080436,0.114563364279276,0.148489893693585,0.0766260892911104,0.186686964297191,0.0763562251381074,0.215312550878628,0.374344905183571,1.11519552998297,0.0180010403631495,0.0185599792752345,0.0683005958373777,0.146826177175277,0.0206723572888509,6,0.0273463244384533,0.113684724897627,0.0782799854983098,0.0770038026612354,0.3620070824606,0.0767904182505715,1.11803398874989,3.23198461070695,3.85312271911715,0.5,2.02467,5.153,0.005,2.82101445280952,0.234,43.1119226957838
aggressiveEgo,nominal,213,sharmaMatchedPredictor,1,,0,1000,2,0.0541584164433014,0.108690701047451,1.5580078226605,0.131088601967262,6.6182217086587,2.26274707617487,3.84112768828906,1.34325927978759,4.1710580037861,0.536021614870978,1.8827744723081,8.36576998042956,21.8649181740378,0.0362616648928276,0.261384345296743,33.4977368041003,89.6039566182865,33.5815815027465,6,0.0500196992147478,5.68685701114831,1.63805156195519,0.447390931393174,9.66740732366102,34.5023348810598,1.11803398874989,18.9174276030018,39.6224918217733,Inf,0.300233333333333,0.817,0.005,2.82101445280952,0.234,43.1119226957838
aggressiveEgo,nominal,213,sharmaCertifiedHold,1,,0,1000,2,0.0940625726296404,0.108978378251706,2.80535760982991,0.217425308751275,9.15611339749131,3.83154835433705,18.7952655196967,2.66849787336588,9.27580211302812,1.76576539853545,5.42998414839823,12.9857406325976,42.045516544363,0.127343195115728,0.228662812126138,45.647138596395,104.209311313936,45.8380695324425,6,0.100226255235892,7.99138564653008,3.00881590373687,1.78550646332669,14.6347068642265,46.4346215936029,1.11803398874989,33.3332808709954,213.005713596006,Inf,0.290705,0.332,0.005,2.82101445280952,0.234,43.1119226957838
aggressiveEgo,nominal,213,sharmaCertifiedPredictor,1,,1,1000,2,1.90769121410301e+44,1.7417655901318e+44,2.42645230695628e+46,2.35251167354048e+45,2.65760316637682e+46,2.65760316637682e+46,4.94377611641282e+48,2.65760316637682e+46,3.28056148343368e+47,2.65658673343269e+46,3.27938129522866e+47,104.099067936243,179.670481075339,0.0485567545167655,0.233342108185796,44.9043647677802,103.175652680568,45.0722858752407,6,2.46118179885481e+44,3.4286704752378e+46,3.4286704752378e+46,3.42735913813914e+46,104.071153583302,45.9981723475127,1517169.20003072,216798482.49104,40829731463.3668,Inf,0.299513333333333,0.372,0.005,2.82101445280952,0.234,43.1119226957838
aggressiveEgo,nominal,213,sharmaTunedPredictor,1,,0,1000,2,0.0458170474246883,0.0844950302726977,0.740815325357107,0.101030803107197,0.933707315147717,0.423041333153767,3.11180057540163,0.28511357372554,0.840347017166593,0.304349726353913,0.721737626867601,1.37035269260685,4.45102811883226,0.0361820492006524,0.237050921250837,4.04038713986745,9.04667686630552,4.06813355176624,6,0.0461967021665582,1.1020662230701,0.306976041994281,0.313316028921659,1.43134564294804,4.97604130779085,1.11803398874989,11.7355720552406,9.12734565699719,Inf,0.289953333333333,0.49,0.005,2.82101445280952,0.234,43.1119226957838
aggressiveEgo,nominal,213,sharmaTunedCorrectedPredictor,1,,0,1000,2,0.0458317351124777,0.0844626662816921,0.740373732678009,0.101142720692039,0.938519948795794,0.423150574300941,3.12189307505526,0.284017755398088,0.839115697031364,0.306213956203982,0.722046022335547,1.37531664399805,4.44631853039309,0.0361820492006524,0.237050921250837,4.04038713986745,9.04667686630552,4.06813355176624,6,0.0463552055029192,1.10755835933384,0.305644063046382,0.319477520968576,1.4402674192138,4.97604130779085,1.11803398874989,11.7356373790195,9.12828035631657,Inf,0.290765,0.383,0.005,2.82101445280952,0.234,43.1119226957838
aggressiveEgo,nominal,214,structured,1,,0,1000,2,0.0251312906711568,0.0888240983970908,0.38893936868241,0.0594638361528159,0.105166312805404,0.106746363653509,0.13705978620106,0.0741790223293397,0.214410144213073,0.0754022302940028,0.188001349717333,0.336667761552541,0.886184480391814,0.0218785488420094,0.018226690976519,0.0696743746780865,0.145969285250902,0.0186701074231855,6,0.0237663051499214,0.10712420353667,0.0744435264387131,0.0752622087390192,0.342332620514529,0.0792439954904602,1.11803398874989,3.25811077079055,3.90681643712009,0.5,2.00902,5.241,0.005,2.82101445280952,0.234,43.1119226957838
aggressiveEgo,nominal,214,sharmaMatchedPredictor,1,,0,1000,2,0.054092138866107,0.10627401910561,1.43264132727749,0.144106771880675,6.78928292237953,2.23971684896848,3.84062771056058,1.3169391929565,4.67784714246689,0.558745161635577,1.60151284688042,8.27833816214473,18.1424916067794,0.0370049782116802,0.251236683056761,33.8428183593402,93.2939681442194,33.9186173622532,6,0.0527581669927962,5.58025662770624,1.60762909789997,0.582498337057861,9.521635402422,33.7160478409623,1.11803398874989,19.2833657327584,40.7500413350676,Inf,0.298476666666667,0.78,0.005,2.82101445280952,0.234,43.1119226957838
aggressiveEgo,nominal,214,sharmaCertifiedHold,1,,0,1000,2,0.0946335869981946,0.109794331901941,2.68304108496338,0.216332050822818,9.08167331728081,3.80111251064798,18.5698437226955,2.49870462181216,8.83657723901116,1.7211202215126,4.40217446273752,13.6595916668007,52.6388303839435,0.128768528462966,0.231006018754956,45.0926138235648,93.7493228879142,45.2775664310618,6,0.10175570119366,8.006183046971,2.90700390368422,1.72498168184238,15.2909040746105,46.3796229774543,1.11803398874989,33.2825749593919,214.718719983953,Inf,0.291468333333333,0.363,0.005,2.82101445280952,0.234,43.1119226957838
aggressiveEgo,nominal,214,sharmaCertifiedPredictor,1,,1,1000,2,1.83309604639288e+44,1.67365850060541e+44,2.33185230288438e+46,2.25593362112767e+45,2.55399129251474e+46,2.55399129251474e+46,4.75463203884539e+48,2.55399129251474e+46,3.1365547567654e+47,2.55299703894228e+46,3.13539965493381e+47,103.906515281189,179.48019115209,0.0523564021334564,0.234730298081386,43.9645541008497,91.6097975095256,44.1289603879686,6,2.36494386071605e+44,3.29499702944668e+46,3.29499702944668e+46,3.29371430676185e+46,103.973337557546,45.9039427873778,1329843.26752834,171318629.560404,28437602957.9206,Inf,0.304113333333333,0.379,0.005,2.82101445280952,0.234,43.1119226957838
aggressiveEgo,nominal,214,sharmaTunedPredictor,1,,0,1000,2,0.0432455851496512,0.0848926627324262,0.751442740820947,0.103632827667635,0.917130542794275,0.404552120386079,3.10557263667847,0.265741703145818,0.703477616017761,0.30999259107324,0.809636832616942,1.3341196360151,3.91293728683529,0.0366516834431393,0.238034525927122,3.88243836120596,8.06734121925312,3.93123319191518,6,0.0460133584593691,1.05378268174269,0.269926903615684,0.323048992801052,1.42955247213779,4.61808958156359,1.11803398874989,11.9257073870269,9.11135671430799,Inf,0.292016666666667,0.54,0.005,2.82101445280952,0.234,43.1119226957838
aggressiveEgo,nominal,214,sharmaTunedCorrectedPredictor,1,,0,1000,2,0.0433548350077348,0.0849107447464604,0.751027064633827,0.104428724669563,0.923180836342621,0.404194687869977,3.11576372953972,0.264470809581453,0.695237588660396,0.311986605285337,0.809509994628973,1.33677039795149,3.89677345335453,0.0366516834431393,0.238034525927122,3.88243836120596,8.06734121925312,3.93123319191518,6,0.0462380365090708,1.06085811009477,0.268389487635029,0.329307039880264,1.43436128151462,4.61808958156359,1.11803398874989,11.925771740476,9.11228566553209,Inf,0.291833333333333,0.378,0.005,2.82101445280952,0.234,43.1119226957838
aggressiveEgo,nominal,215,structured,1,,0,1000,2,0.0270375087050745,0.089688804925591,0.382956056428001,0.0581021153106985,0.112622033656382,0.114064744408142,0.146374067957603,0.0815760735296212,0.207673370865956,0.0817734508003846,0.268299002899933,0.349926915950946,1.02452089302164,0.0188464277305816,0.018253609052313,0.0691335387689676,0.141613908266556,0.017172477304141,6,0.0276586498632898,0.119450574779277,0.0880513877084833,0.080361303071133,0.361118723009161,0.0792376601109225,1.11803398874989,3.29101234851849,3.99366367323942,0.48,2.02414666666667,5.267,0.005,2.82101445280952,0.234,43.1119226957838
aggressiveEgo,nominal,215,sharmaMatchedPredictor,1,,0,1000,2,0.0525085976807495,0.109404602147742,1.48335749154279,0.12661546568947,6.46520575794788,2.28302137918933,3.76536387283913,1.31891037716786,4.71878259273132,0.54295132669481,1.58898766329672,8.54900202125129,20.4690951873502,0.0399067177310217,0.278522033855589,33.118349690237,79.2389626509621,33.2588074049222,6,0.0524361681033462,5.80767503533022,1.6225101008629,0.524502522237046,9.89778948665441,35.1526969565998,1.11803398874989,19.260990756964,38.4684788085098,Inf,0.302925,0.785,0.005,2.82101445280952,0.234,43.1119226957838
aggressiveEgo,nominal,215,sharmaCertifiedHold,1,,0,1000,2,0.0947873792456244,0.108580616399673,2.68280794413394,0.211298770556429,8.94507036429182,3.78596796162208,18.1003769264413,2.61456434619952,8.33863504657136,1.65366882361202,4.41496340286493,13.101905864228,42.0514297047156,0.125759819650141,0.225966417111256,44.9783818376319,101.37830967416,45.1969097677783,6,0.10221101618258,8.05250687768771,2.96066027427891,1.66198811722352,14.9633959773155,46.9594826796353,1.11803398874989,32.7747361564514,206.258201366158,Inf,0.293155,0.33,0.005,2.82101445280952,0.234,43.1119226957838
aggressiveEgo,nominal,215,sharmaCertifiedPredictor,1,,0,1000,2,0.133233826699678,0.169254199547917,4.07743120271647,0.343982303642487,9.67589717103554,5.60051779560963,35.1630563176601,3.6059216947509,10.1836658136604,3.42928010850165,10.3786742302322,20.7928393565907,70.1031666176536,0.0484498576237558,0.226350635957654,44.3759858953901,100.435899852259,44.5689170626932,6,0.134928113840771,8.9434275284826,3.63480044803767,3.43803857717338,23.2598878874775,46.5405746067771,1.11803398874989,45.1287236972286,360.142103405516,Inf,0.299313333333333,0.337,0.005,2.82101445280952,0.234,43.1119226957838
aggressiveEgo,nominal,215,sharmaTunedPredictor,1,,0,1000,2,0.0443750198715294,0.0861766935392021,0.741256943278679,0.112722754726447,0.92678030786244,0.432157769936778,3.11096066439842,0.27637277866458,0.857664479101906,0.314567508474078,0.814839752858774,1.45409679277446,4.57650768947548,0.038676521824965,0.245923669924229,4.00618627677422,9.09065827441729,4.10633370550917,6,0.0476285623706997,1.11583516595608,0.302825556397232,0.32456017022501,1.58453644646467,4.97685094666763,1.11803398874989,12.2157531543827,9.15163212966539,Inf,0.290826666666667,0.496,0.005,2.82101445280952,0.234,43.1119226957838
aggressiveEgo,nominal,215,sharmaTunedCorrectedPredictor,1,,0,1000,2,0.044464179154675,0.086176572378122,0.740791251778217,0.112452766118445,0.931436859507861,0.432287577507269,3.12091211247538,0.275088924630189,0.856423523050889,0.316370852289938,0.812578968669236,1.45938310450479,4.56061419918102,0.038676521824965,0.245923669924229,4.00618627677422,9.09065827441729,4.10633370550917,6,0.0478835123156109,1.12117053441565,0.301293593659095,0.330669982529286,1.59463376510293,4.97685094666763,1.11803398874989,12.2158201905818,9.15255744832724,Inf,0.28943,0.32,0.005,2.82101445280952,0.234,43.1119226957838
aggressiveEgo,nominal,216,structured,1,,0,1000,2,0.0289620238100806,0.0917188656337449,0.385126741245253,0.0620108463776016,0.109929248030486,0.1111077310193,0.144033178291817,0.0781572224296714,0.241398417841999,0.0810352366802268,0.229634491434101,0.346038171504813,1.03874923901696,0.0177220680064854,0.0182864374107251,0.0718647572726194,0.14433979827439,0.018927521094394,6,0.0294165078730622,0.117006535019465,0.0830339441964101,0.0841567323023579,0.365603239673427,0.0821951719003084,1.11803398874989,3.27952510570921,3.85432484584946,0.5,2.012235,5.089,0.005,2.82101445280952,0.234,43.1119226957838
aggressiveEgo,nominal,216,sharmaMatchedPredictor,1,,0,1000,2,0.057573167401824,0.110387430877859,1.50731679835167,0.127555278175687,6.96166148005944,2.28797412205046,3.92658044097346,1.34911458439859,4.75095162077249,0.640207086896959,1.80861189507497,8.43729749733887,19.6829893259637,0.0358856259018985,0.249055186834734,34.7013277844133,98.2878958301213,34.7583618226659,6,0.0594541591242418,5.65360700643731,1.63504583595229,0.660130271869139,9.68353157563749,34.07274838654,1.11803398874989,19.1741439166941,40.1306780699814,Inf,0.300968333333333,0.788,0.005,2.82101445280952,0.234,43.1119226957838
aggressiveEgo,nominal,216,sharmaCertifiedHold,1,,0,1000,2,0.0987831722273754,0.113731502497772,2.80954204775668,0.234544401428723,9.34559580616116,3.8303479990837,18.5117129248869,2.65190941004246,8.00873496791783,1.71419256114178,4.53356860169575,13.0925236442867,37.1752831503264,0.12848122800862,0.212093462235863,46.6567970640265,110.453370532433,46.8137271336351,6,0.104511637581488,8.01619209882569,2.97921935727845,1.76667267775583,14.7769859451881,46.7049727041121,1.11803398874989,34.3930236919724,217.49999581607,Inf,0.2915,0.33,0.005,2.82101445280952,0.234,43.1119226957838
aggressiveEgo,nominal,216,sharmaCertifiedPredictor,1,,1,1000,2,2.64908131963384e+44,2.41867166650903e+44,3.37548232549269e+46,3.25920669459971e+45,3.69704052725897e+46,3.69704052725897e+46,6.89694699145633e+48,3.69704052725897e+46,4.54782115141019e+47,3.69561636603781e+46,4.54617307069849e+47,103.775738717879,179.855984860862,0.0484047553152761,0.210606568804156,46.2381216809133,110.305475056453,46.3657753828298,6,3.41767613090083e+44,4.76968640839326e+46,4.76968640839326e+46,4.76784904621943e+46,103.886444284233,46.2658241675353,1944678.99659817,271320212.702117,52443254509.5676,Inf,0.298308333333333,0.326,0.005,2.82101445280952,0.234,43.1119226957838
aggressiveEgo,nominal,216,sharmaTunedPredictor,1,,0,1000,2,0.0440902263684985,0.0855340607636424,0.725806186594245,0.111445746229459,0.903471371965376,0.418194823906052,3.10783528785473,0.27719633458822,0.706249560667263,0.322773385636865,0.896198802920111,1.37016524777818,4.33451200329286,0.0362819130704188,0.235383453560266,3.8967810135253,8.12055128521735,3.93715821692653,6,0.0483239619594278,1.03223343259785,0.276809666350581,0.335249646580589,1.48755694405699,4.58543567455677,1.11803398874989,11.7995083301095,8.9835691043575,Inf,0.288925,0.49,0.005,2.82101445280952,0.234,43.1119226957838
aggressiveEgo,nominal,216,sharmaTunedCorrectedPredictor,1,,0,1000,2,0.0441493588425939,0.0855362477747733,0.725407845962509,0.111231213762546,0.909888302776195,0.417648579717685,3.11760253247634,0.276092819497791,0.705867904764711,0.324546619028127,0.895442201467205,1.37123645691275,4.32764261532105,0.0362819130704188,0.235383453560266,3.8967810135253,8.12055128521735,3.93715821692653,6,0.04847654095997,1.03981794987957,0.275558550781295,0.341334369789657,1.48965398683548,4.58543567455677,1.11803398874989,11.7995741126172,8.98446804763046,Inf,0.28958,0.335,0.005,2.82101445280952,0.234,43.1119226957838
aggressiveEgo,nominal,217,structured,1,,0,1000,2,0.0271685958319407,0.0902082994548645,0.387171926584036,0.0669205764170967,0.110945768853175,0.112320806675098,0.146557919253013,0.0787301375538974,0.264140135192349,0.0853351330755603,0.279030401183244,0.353657832525784,1.00459273960443,0.0203741367334889,0.0186681326491529,0.0702219803046976,0.147063064668596,0.0186585594875915,6,0.025745709241255,0.111465393943387,0.0866380742616656,0.0848334922696145,0.314852159277762,0.0811119637371908,1.11803398874989,3.27852789343325,3.91506729663793,0.5,2.05253833333333,5.443,0.005,2.82101445280952,0.234,43.1119226957838
aggressiveEgo,nominal,217,sharmaMatchedPredictor,1,,0,1000,2,0.0533814265963219,0.111506419553921,1.56077359653927,0.124260418090463,6.69507765619109,2.24914080588501,3.85171113194572,1.35990873470317,5.26539007819369,0.594516007186217,2.17642420068459,8.18611903381837,18.8918862753908,0.0368856605307696,0.269525041096114,33.4478802044868,96.8551587534433,33.549036085454,6,0.0548101154374121,5.57572303151159,1.66993632183687,0.641980087743143,9.42942910746358,33.5731436615823,1.11803398874989,19.4377310230038,40.8000599358483,Inf,0.303083333333333,0.777,0.005,2.82101445280952,0.234,43.1119226957838
aggressiveEgo,nominal,217,sharmaCertifiedHold,1,,0,1000,2,0.0964329894541009,0.112092563462571,2.74425264494451,0.206617702283305,9.6744159480857,3.86924493382416,18.8873292872204,2.61414362138559,8.53192660790549,1.80614121822996,4.80966336876399,13.2186877774071,42.4300706516126,0.126033443382649,0.230149582060588,47.9380572091775,117.421098659928,48.0998867622531,6,0.104353140382151,7.96360923908059,2.99218550026349,1.83960365421413,14.6169040236185,46.1537482653187,1.11803398874989,31.4688345070622,203.31889780721,Inf,0.293986666666667,0.355,0.005,2.82101445280952,0.234,43.1119226957838
aggressiveEgo,nominal,217,sharmaCertifiedPredictor,1,,1,1000,2,1.87536596812419e+44,1.7122519032614e+44,2.38728611276597e+46,2.31128312610739e+45,2.61470588733422e+46,2.61470588733422e+46,4.87230154105413e+48,2.61470588733422e+46,3.22503092231229e+47,2.61571697094776e+46,3.22621448336142e+47,104.04626693213,179.942026749459,0.0477513492789569,0.232355215279744,47.4185406085712,117.958707891937,47.5540161633292,6,2.41947782367349e+44,3.37332713580239e+46,3.37332713580239e+46,3.37463157153517e+46,103.899939941825,45.6811469643952,1146439.30495184,163217230.315233,32430127468.4543,Inf,0.302851666666667,0.373,0.005,2.82101445280952,0.234,43.1119226957838
aggressiveEgo,nominal,217,sharmaTunedPredictor,1,,0,1000,2,0.0429250678123069,0.084846991328613,0.757123488773497,0.109001438703414,0.963667198212665,0.439350527434116,3.11153606167342,0.304439631612921,0.886479724689705,0.32667466456453,0.91527111038466,1.3923026690128,4.16475800065777,0.0366991252614865,0.245437825016967,4.09495370190762,9.25005777645017,4.16903023138332,6,0.0441007259886253,1.13655489356023,0.335150949444103,0.338208934155743,1.41115931246684,5.10042211497602,1.11803398874989,11.8675100548694,9.27985802180032,Inf,0.293018333333333,0.503,0.005,2.82101445280952,0.234,43.1119226957838
aggressiveEgo,nominal,217,sharmaTunedCorrectedPredictor,1,,0,1000,2,0.0430153524270997,0.0848556895908546,0.75658452011674,0.108153663946341,0.96711925391527,0.439634462725658,3.12138600735067,0.303011362755376,0.8852660490574,0.328224662309989,0.902017402879319,1.39994884874013,4.14167506153962,0.0366991252614865,0.245437825016967,4.09495370190762,9.25005777645017,4.16903023138332,6,0.0443468185974017,1.14052543495091,0.333481179733761,0.343874872864136,1.42551463554772,5.10042211497602,1.11803398874989,11.8675714663478,9.28072548271819,Inf,0.292248333333333,0.353,0.005,2.82101445280952,0.234,43.1119226957838
aggressiveEgo,nominal,218,structured,1,,0,1000,2,0.0284901590001929,0.0892730336938343,0.389191365840756,0.0645373429031975,0.114672647856236,0.116132081293491,0.152935633125632,0.0827504863242958,0.240927370533704,0.0875414893864542,0.30294355944232,0.356468726599138,0.972503783783698,0.0220508761747327,0.0187527491109134,0.0687178139846476,0.136167173248783,0.0211894721808348,6,0.0276041745785537,0.117722325575704,0.0802376470748916,0.0821166407593291,0.386836499069955,0.0802444374569215,1.11803398874989,3.32750471069005,4.08992570197547,0.5,2.00580166666667,5.012,0.005,2.82101445280952,0.234,43.1119226957838
aggressiveEgo,nominal,218,sharmaMatchedPredictor,1,,0,1000,2,0.0557621295965698,0.117032729309682,1.51696566064617,0.152961789056148,6.19503546731139,2.20520392968313,3.85319742154979,1.28817643434195,4.17602616519439,0.573437712738348,1.78425824223059,8.19991188089993,19.0999180839096,0.0379785917072575,0.258055568483181,31.5185945195868,85.7458188348924,31.6205409445934,6,0.0529089865564046,5.51241275601935,1.58174283372334,0.548893828800186,9.46009014073391,33.2823134586416,1.11803398874989,20.1412111492943,42.4678648298094,Inf,0.29819,0.779,0.005,2.82101445280952,0.234,43.1119226957838
aggressiveEgo,nominal,218,sharmaCertifiedHold,1,,0,1000,2,0.0971233830539069,0.113189049191828,2.65706245116879,0.229552456639436,9.2927171475785,3.83754767719882,18.5586331729389,2.54356819300582,8.57824940166765,1.80355769357362,5.12078016607711,13.3820048809408,37.875238269068,0.126673655104085,0.22644230286344,46.1640569087417,104.219090407782,46.3314026211945,6,0.103697380812607,7.93249095099251,2.94122633008534,1.80165229860845,14.7525021213229,46.1704427047954,1.11803398874989,32.4767468914841,207.392942332288,Inf,0.291,0.66,0.005,2.82101445280952,0.234,43.1119226957838
aggressiveEgo,nominal,218,sharmaCertifiedPredictor,1,,1,1000,2,2.41180879795982e+44,2.2020364423803e+44,3.07240910909823e+46,2.96666816951657e+45,3.36509568036261e+46,3.36509568036261e+46,6.2763278978452e+48,3.36509568036261e+46,4.13577684614442e+47,3.36382559195129e+46,4.13431313331048e+47,103.785742412448,179.391138877356,0.0505958450311353,0.228391106424196,45.4779997390411,103.100552160686,45.6186946093765,6,3.11156222347422e+44,4.34143229191712e+46,4.34143229191712e+46,4.33979370467735e+46,103.802191560831,45.6786452832659,1746060.12940423,237974043.143839,44408049440.9195,Inf,0.298576666666666,0.403,0.005,2.82101445280952,0.234,43.1119226957838
aggressiveEgo,nominal,218,sharmaTunedPredictor,1,,0,1000,2,0.0457307256970855,0.0858456857671962,0.736848312940416,0.114352399307885,0.897513287411652,0.419939523746619,3.12308724241768,0.280859310456026,0.91267774623665,0.325389864417013,0.903469493966981,1.36743075603577,3.98670660192398,0.035921340329152,0.23276323725969,3.79737026670752,8.27223112547343,3.86726844768833,6,0.047762431944381,1.0553445253308,0.282447237638054,0.325139249472679,1.44451386343698,4.60555219060022,1.11803398874989,12.1402059820436,9.77232864297989,Inf,0.293396666666667,0.498,0.005,2.82101445280952,0.234,43.1119226957838
aggressiveEgo,nominal,218,sharmaTunedCorrectedPredictor,1,,0,1000,2,0.0457517592395995,0.0858278744829013,0.736405545661947,0.114279625910828,0.903007219377116,0.419638006381168,3.13291731883577,0.279659345588333,0.911503170126098,0.327112198911747,0.893222440106001,1.37022339350748,3.9779061790826,0.035921340329152,0.23276323725969,3.79737026670752,8.27223112547343,3.86726844768833,6,0.0478986087173838,1.06174247957967,0.280884039755366,0.331334138443707,1.45110305004392,4.60555219060022,1.11803398874989,12.1402730846131,9.77323556502741,Inf,0.29263,0.361,0.005,2.82101445280952,0.234,43.1119226957838
aggressiveEgo,nominal,219,structured,1,,0,1000,2,0.0254472751495585,0.0889323640530126,0.375780876470571,0.0590944723556479,0.104890362633535,0.106994355070152,0.139711609934935,0.071953001098246,0.19141650274384,0.082523916696826,0.213376243990129,0.346900095115519,1.01414022627328,0.0201016194382053,0.0189638673166151,0.0730368319084684,0.153590590212466,0.0147953876466731,6,0.0261302550623306,0.108095424551215,0.0748461179523159,0.0879860759113214,0.351309648408557,0.0831875835609949,1.11803398874989,3.3361730697647,4.02047135233634,0.48,2.01636166666667,5.172,0.005,2.82101445280952,0.234,43.1119226957838
aggressiveEgo,nominal,219,sharmaMatchedPredictor,1,,0,1000,2,0.0456053552251535,0.109239201408403,1.49058019862309,0.118511504521186,5.73565423799341,2.13021886001426,3.65066629494464,1.26549991401216,4.24495803798649,0.532317015722668,1.63466100629235,7.84651599407606,18.9150138360881,0.0389367968685382,0.267867263405781,29.9761970675835,67.9881387549111,30.0913691874508,6,0.0470791769062236,5.51338574543713,1.55814413208837,0.582375484844135,9.37264688923385,33.2669842998079,1.11803398874989,19.5202204588185,40.2899672717585,Inf,0.298588333333333,0.788,0.005,2.82101445280952,0.234,43.1119226957838
aggressiveEgo,nominal,219,sharmaCertifiedHold,1,,0,1000,2,0.0962802379946406,0.110070550903777,2.72624266534594,0.226529613048341,9.11499774057682,3.86949127405097,19.2386336010332,2.58796565890332,8.84885781163863,1.82332542501629,5.00367266046524,13.5746945821903,45.5182219574541,0.129332481143328,0.238025495272162,45.2083338206689,99.0285914259921,45.4012647222651,6,0.103998877691933,7.97088207638262,2.90386140719826,1.85649911999391,15.3166540801724,46.0775953847626,1.11803398874989,33.9161786271841,214.41563474598,Inf,0.290515,0.33,0.005,2.82101445280952,0.234,43.1119226957838
aggressiveEgo,nominal,219,sharmaCertifiedPredictor,1,,1,1000,2,1.61134250659779e+44,1.4711924608975e+44,2.05085863528449e+46,1.98617837450663e+45,2.24622935604295e+46,2.24622935604295e+46,4.18234170988834e+48,2.24622935604295e+46,2.7721815236736e+47,2.24537148731796e+46,2.77115276766137e+47,103.870079836426,179.753284710433,0.0527422865980605,0.243489106161321,44.4073832106807,97.6670107253375,44.574043393117,6,2.07885155608072e+44,2.89794216499849e+46,2.89794216499849e+46,2.89683539736432e+46,103.932115216248,45.6058593582712,1186230.04359714,170316596.652384,32560261080.7899,Inf,0.298056666666667,0.326,0.005,2.82101445280952,0.234,43.1119226957838
aggressiveEgo,nominal,219,sharmaTunedPredictor,1,,0,1000,2,0.0425580923727628,0.0845553505255118,0.726193055906631,0.0939286200792662,0.942029730440761,0.42808044484826,3.11351618098347,0.264218124748781,0.764684880743443,0.32311588769317,0.743053331368977,1.47826451462962,5.02915072603124,0.0382333583779895,0.243759868166603,4.03892490443442,9.05468745651436,4.1000925465651,6,0.0448622908423925,1.11437816128159,0.294942788797868,0.340982510464135,1.53272821716142,5.05501605115851,1.11803398874989,12.0392193104912,9.41550024705634,Inf,0.290743333333333,0.495,0.005,2.82101445280952,0.234,43.1119226957838
aggressiveEgo,nominal,219,sharmaTunedCorrectedPredictor,1,,0,1000,2,0.0425962422269673,0.0845268073187072,0.725695505351039,0.0938137879530848,0.945233433358746,0.428462946418766,3.1233373607248,0.262754935918328,0.75748177522682,0.324712093819139,0.73900007123992,1.48529888587204,5.01406227752441,0.0382333583779895,0.243759868166603,4.03892490443442,9.05468745651436,4.1000925465651,6,0.0450370769165064,1.118138372006,0.293135468479464,0.346747383798358,1.54670408668104,5.05501605115851,1.11803398874989,12.0392876381676,9.41654152345735,Inf,0.289508333333333,0.326,0.005,2.82101445280952,0.234,43.1119226957838
aggressiveEgo,nominal,220,structured,1,,0,1000,2,0.027331545526697,0.0873660982735056,0.3765716762444,0.0609152479156644,0.107995936852209,0.109769236730545,0.141663894701756,0.0821534247156011,0.22699142814421,0.0705549684238151,0.194754014683748,0.319711730047652,0.940526439132453,0.0222097012409431,0.018648795987721,0.0705813499413106,0.146501692206936,0.018827882616295,6,0.0255303375571922,0.107446124038547,0.0808331771635323,0.0702984177139657,0.318700516578357,0.0816044620007932,1.11803398874989,3.4036682232666,4.02405382943127,0.48,2.00866333333333,5.025,0.005,2.82101445280952,0.234,43.1119226957838
aggressiveEgo,nominal,220,sharmaMatchedPredictor,1,,0,1000,2,0.0507379891904759,0.114724078739287,1.51839890820945,0.116966156181743,7.80711268861273,2.27608765838984,3.75455730562311,1.29098301736736,3.76027801030315,0.516716851326819,1.76247314468151,8.49879058879724,19.6835471699166,0.0366906014852902,0.257908433396667,38.1870014067983,109.295939998485,38.2342928370507,6,0.048005501612134,5.54139906664136,1.54659329383683,0.511262227885747,9.46686410683702,33.505634933324,1.11803398874989,19.89824770516,41.8440109281152,Inf,0.300906666666667,0.769,0.005,2.82101445280952,0.234,43.1119226957838
aggressiveEgo,nominal,220,sharmaCertifiedHold,1,,0,1000,2,0.0968142650130397,0.109616756061718,2.76655442286306,0.227271958798025,9.6077020509921,3.85840543779468,18.9919777900578,2.66826168899492,8.70225736960866,1.73370698555334,4.49221214693617,13.1707083345192,37.8970217584569,0.123705129911768,0.227068753222943,47.6915449567068,112.143610414299,47.8662407135221,6,0.102740221622252,8.00865983199562,2.98126620747192,1.76474201694091,14.8306788463124,46.4758254083085,1.11803398874989,32.2473566059793,216.645948684956,Inf,0.291585,0.321,0.005,2.82101445280952,0.234,43.1119226957838
aggressiveEgo,nominal,220,sharmaCertifiedPredictor,1,,1,1000,2,2.55167281534172e+44,2.32973548034433e+44,3.24971568481791e+46,3.13832802332322e+45,3.55929299291689e+46,3.55929299291689e+46,6.63663147209216e+48,3.55929299291689e+46,4.37141332337846e+47,3.55792480903289e+46,4.36982278620522e+47,103.731862104396,178.983537780675,0.0505637592875165,0.228307788423939,47.2815225654332,111.505226284646,47.4294642552457,6,3.29200587774607e+44,4.59197330584629e+46,4.59197330584629e+46,4.59020816207045e+46,103.798913173567,46.0269758266227,1839673.22792402,245836216.687097,44342914411.52,Inf,0.298811666666667,0.335,0.005,2.82101445280952,0.234,43.1119226957838
aggressiveEgo,nominal,220,sharmaTunedPredictor,1,,0,1000,2,0.0443100225600639,0.0847932444983875,0.709831869415863,0.108619022381017,0.965977567693365,0.42371965173945,3.09870655111054,0.264935474942667,0.915559594261584,0.308741102208277,0.830409202379176,1.44051048312482,5.091930122137,0.036716776195309,0.239058389737798,4.20204376763468,6.59842486477758,4.26275538501664,6,0.0439730647064143,1.01514447661457,0.270768779630313,0.319457724613199,1.63566119102116,4.45969804085433,1.11803398874989,12.2110384567938,9.54679091931555,Inf,0.290093333333333,0.494,0.005,2.82101445280952,0.234,43.1119226957838
aggressiveEgo,nominal,220,sharmaTunedCorrectedPredictor,1,,0,1000,2,0.0443390694686072,0.0847667742708674,0.709565968897425,0.108465747966761,0.974261005464043,0.422432335271505,3.10879694921225,0.26430506900815,0.914504276399891,0.310867075298019,0.829277344423753,1.43533817249921,5.07136098875229,0.036716776195309,0.239058389737798,4.20204376763468,6.59842486477758,4.26275538501664,6,0.0441339433026663,1.02583037251829,0.27025578698642,0.325918386050502,1.62936316273381,4.45969804085433,1.11803398874989,12.2110997476004,9.54765983856691,Inf,0.289995,0.392,0.005,2.82101445280952,0.234,43.1119226957838
aggressiveEgo,noiseFree,201,structured,1,,0,1000,2,0.00121137999227891,0.0843874768029169,0.375700114941599,0.00409546747730509,0.0484286096489308,0.0521414797289889,0.051262443016516,0.0330498564215973,0.0631527218257855,0.0253851171459897,0.0474894556552021,0.176495773802232,0.295186627346655,0.0182727461434505,0.0180763238710489,0.0707498262325411,0.14488325746001,0.0171487226788408,6,0.00127138701893749,0.0572506824583625,0.0423868157248452,0.0259224768834442,0.182866256001282,0.081431022534903,1.11803398874989,3.28524378575356,3.94155164274872,0.48,2.01754333333333,5.141,0.005,2.82101445280952,0.234,43.1119226957838
aggressiveEgo,noiseFree,201,sharmaTunedPredictor,1,,0,1000,2,0.0274299511078123,0.0774370805915717,0.715259473179408,0.0485376396792547,1.006960425577,0.363023440947349,3.09114961476319,0.221798929045233,0.473606696626923,0.282501074858621,0.558307209319732,1.25922962788376,3.03620061325191,0.00887568141638128,0.134887711115816,4.56946947517493,9.93476283220798,4.55665173422116,6,0.0310656366409115,1.17689481212675,0.263797557557796,0.296413849204603,1.32621694949473,5.6788963317748,1.11803398874989,12.0407134158502,9.33719361442085,Inf,0.290221666666667,0.798,0.005,2.82101445280952,0.234,43.1119226957838
aggressiveEgo,noiseFree,201,sharmaTunedCorrectedPredictor,1,,0,1000,2,0.027512591991206,0.0774247945105381,0.714701492326327,0.0485284627830823,1.00902488844306,0.364088143326344,3.10115035466409,0.219883902628577,0.472224033915451,0.284226496965735,0.55738637150322,1.27165131077624,3.01387659480131,0.00887568141638128,0.134887711115816,4.56946947517493,9.93476283220798,4.55665173422116,6,0.0313228856653134,1.17922271937477,0.261614238188768,0.302456158963678,1.34626009765174,5.6788963317748,1.11803398874989,12.0407784095434,9.33812346411679,Inf,0.290545,0.319,0.005,2.82101445280952,0.234,43.1119226957838
aggressiveEgo,sample20Hz,201,structured,1,,0,1000,2,0.0460188418342205,0.112668561104508,0.423241177762822,0.105286165629272,0.210974969914543,0.215490563247426,0.261890759324096,0.149438105993529,0.435525806060676,0.137744921902122,0.365962123337074,0.679886962745617,1.75711483250617,0.0376805577271226,0.0450030011486521,0.179007097874893,0.374115154559527,0.0303010071227599,6,0.0489660028594985,0.234619791142323,0.169161576336605,0.149403424148535,0.730669505754243,0.20335748242926,1.11803398874989,3.37817262962141,3.98172661227133,1.1,3.107125,6.478,0.005,2.82089405209035,0.234,43.1119145259476
aggressiveEgo,sample20Hz,201,sharmaTunedPredictor,1,,0,1000,2,0.068977945823034,0.116409812716929,0.787492660636443,0.138638128878539,0.872424007816191,0.522266335043732,3.17095836478826,0.324924297152613,1.0503911932936,0.374255636820287,1.01162198250998,1.78963275241617,5.35266931591385,0.056035942223371,0.333269146976523,3.47142356945133,7.53419189201505,3.60754043744843,6,0.0711271432833063,0.975914962434259,0.348941731045002,0.400464159019076,1.9560407975638,4.1295879269399,1.11803398874989,12.2315792765161,9.78755061650739,Inf,0.633945833333333,1.156,0.005,2.82089405209035,0.234,43.1119145259476
aggressiveEgo,sample20Hz,201,sharmaTunedCorrectedPredictor,1,,0,1000,2,0.0690563876059574,0.11640199995919,0.787143383782701,0.138732293678543,0.878106353912469,0.522115025531063,3.18027336701222,0.324214167233198,1.04940691225156,0.376055291022263,1.00980972668268,1.79126306078847,5.32730941065406,0.056035942223371,0.333269146976523,3.47142356945133,7.53419189201505,3.60754043744843,6,0.0714151225301248,0.982595575304674,0.348086171981147,0.405892664760311,1.95618004677649,4.1295879269399,1.11803398874989,12.231599005156,9.78815343642392,Inf,0.6322375,0.668,0.005,2.82089405209035,0.234,43.1119145259476
aggressiveEgo,sample20Hz,202,structured,1,,0,1000,2,0.0482736421913457,0.109956034772019,0.427624167930693,0.106921993935785,0.218030924393591,0.222937950835699,0.272301733960937,0.140311786354764,0.417338040176046,0.141700535760909,0.538564683878743,0.758732749346801,1.80930824028701,0.0323207493646803,0.0456957036242309,0.178293781813703,0.368071623583427,0.0355393436871957,6,0.0494117033717305,0.236637692439499,0.154042394887342,0.13723570066315,0.803660522417408,0.201642774444053,1.11803398874989,3.3898668675249,4.1620731120916,0.95,3.15054166666667,6.346,0.005,2.82089405209035,0.234,43.1119145259476
aggressiveEgo,sample20Hz,202,sharmaTunedPredictor,1,,0,1000,2,0.0703021252942333,0.115688589099729,0.794524677330538,0.183831892454774,0.985827547341641,0.587360880101494,3.19770415481429,0.378761853728079,1.07174600949297,0.376369884966688,1.00681790739096,1.96744367940161,5.52162023734493,0.0630425395243028,0.361177520740812,3.92431199194341,9.21585289263839,4.07842562991272,6,0.0740037767343402,1.10568227285961,0.398344329834939,0.378258176316117,2.09149704379171,4.86439502835488,1.11803398874989,13.0778637367644,10.7158862875491,Inf,0.6436125,1.117,0.005,2.82089405209035,0.234,43.1119145259476
aggressiveEgo,sample20Hz,202,sharmaTunedCorrectedPredictor,1,,0,1000,2,0.0703786978297114,0.115684255166876,0.794083765228192,0.183793166170604,0.988128814957694,0.588055639333134,3.20690294513379,0.378004956112899,1.06859459516879,0.377744597727165,1.00042605381496,1.97416601164613,5.52612275568409,0.0630425395243028,0.361177520740812,3.92431199194341,9.21585289263839,4.07842562991272,6,0.0741660160943569,1.10798815414678,0.39722893844651,0.382677806394816,2.09928155047723,4.86439502835488,1.11803398874989,13.0778815283003,10.7164543149175,Inf,0.637104166666667,0.716,0.005,2.82089405209035,0.234,43.1119145259476
aggressiveEgo,sample20Hz,203,structured,1,,0,1000,2,0.0467243306956187,0.107137173134647,0.410961663787346,0.0915416320805238,0.211609503306449,0.216282965846924,0.26376088730461,0.142288388620215,0.447314249066382,0.141702252106106,0.387183203259538,0.714156641739579,1.84439661768567,0.0374360416153642,0.0466824302787752,0.181860751646209,0.376299001722129,0.0264569437687745,6,0.0474608508982545,0.231690107377782,0.159105535671988,0.129473726178677,0.763691944000228,0.207566564800043,1.11803398874989,3.37359527413511,3.95972034345904,0.95,3.09383333333333,6.43,0.005,2.82089405209035,0.234,43.1119145259476
aggressiveEgo,sample20Hz,203,sharmaTunedPredictor,1,,0,1000,2,0.0693817927635487,0.113929963108957,0.76138178018088,0.157134297707257,0.959182721085901,0.564453186497799,3.17698962223657,0.346212070875384,1.26171130255345,0.368534817969054,1.08484351644536,1.96477435217492,5.46048263919924,0.0632466815141724,0.36834179779793,3.84581211888658,8.43917991152893,4.02138874728251,6,0.0722287810737093,1.09900043311918,0.361654826807153,0.369961577768744,1.93012782389887,4.80146632844459,1.11803398874989,12.5956302665729,9.66713741540461,Inf,0.6285875,1.109,0.005,2.82089405209035,0.234,43.1119145259476
aggressiveEgo,sample20Hz,203,sharmaTunedCorrectedPredictor,1,,0,1000,2,0.069402199013905,0.113911585958293,0.760979458637839,0.157591237920598,0.962493804699736,0.564655464897942,3.18646942121811,0.345496743284995,1.26158276848692,0.369815867344592,1.07154221696462,1.96822006835199,5.48893824440501,0.0632466815141724,0.36834179779793,3.84581211888658,8.43917991152893,4.02138874728251,6,0.0724127906696887,1.1027196531641,0.360820051924287,0.375418292871689,1.93586829118826,4.80146632844459,1.11803398874989,12.5957413019259,9.66779220459197,Inf,0.62545,0.652,0.005,2.82089405209035,0.234,43.1119145259476
aggressiveEgo,sample20Hz,204,structured,1,,0,1000,2,0.0440542729200493,0.110669817079993,0.429339842353972,0.0945958376219612,0.205625661984608,0.210360191216002,0.257197970030262,0.151254231996615,0.41259980809297,0.143358975542006,0.413597627837699,0.639636632709809,1.65526665359565,0.0419701655013552,0.0448263178047577,0.176417090765567,0.366314301142558,0.0297268668994372,6,0.0438548139994304,0.220870388386083,0.161527804962439,0.151842100560437,0.680694652098172,0.19789210876382,1.11803398874989,3.46097386573094,4.0784716885724,1.05,3.10554166666667,6.283,0.005,2.82089405209035,0.234,43.1119145259476
aggressiveEgo,sample20Hz,204,sharmaTunedPredictor,1,,0,1000,2,0.0679010245770429,0.117041695766053,0.772407599550678,0.136206343522798,0.963273615267898,0.55808071093202,3.1840391478803,0.356585200303645,0.85774925424429,0.376959740491697,0.927758211514528,1.88259537191466,5.00905660073979,0.0575709420251108,0.340224242894673,3.91343766476148,8.27712921675818,4.05392115750506,6,0.0696705545287765,1.06450046357702,0.335061821258967,0.388924965103966,1.96186398397432,4.69352413333245,1.11803398874989,12.6094979317252,10.0354338059353,Inf,0.634091666666667,1.13,0.005,2.82089405209035,0.234,43.1119145259476
aggressiveEgo,sample20Hz,204,sharmaTunedCorrectedPredictor,1,,0,1000,2,0.0679033509929204,0.116997884342829,0.772075690213283,0.136183236407583,0.968759520668362,0.557619584491279,3.19350997617722,0.35585723279845,0.858007392117294,0.378486624033448,0.957349692032722,1.88247088814244,5.00560079446533,0.0575709420251108,0.340224242894673,3.91343766476148,8.27712921675818,4.05392115750506,6,0.0698238290223019,1.07113280728573,0.334376633697727,0.39453538481811,1.96167756378941,4.69352413333245,1.11803398874989,12.6096002804249,10.0361037128967,Inf,0.632145833333333,0.65,0.005,2.82089405209035,0.234,43.1119145259476
aggressiveEgo,sample20Hz,205,structured,1,,0,1000,2,0.0454400746565728,0.109546816079735,0.411222562069521,0.0874142165435814,0.204214281864703,0.206717992881448,0.258963583918104,0.145370938368878,0.399078185255444,0.136556007348415,0.404111216504152,0.644611367145179,1.66015565846622,0.0348913587954316,0.0437974117365897,0.176843015693503,0.363201279143177,0.0325416755820476,6,0.0441084049306678,0.210237112989209,0.156016277452135,0.142092053921906,0.61646785962699,0.202172242192731,1.11803398874989,3.44562846146618,4.07589950780638,0.95,3.1242625,6.328,0.005,2.82089405209035,0.234,43.1119145259476
aggressiveEgo,sample20Hz,205,sharmaTunedPredictor,1,,0,1000,2,0.0658341021210693,0.115031626690489,0.74042971864233,0.144145721727549,0.998585037034802,0.535361292093664,3.17043317260685,0.348999113067431,1.0681980167989,0.365564010403585,0.967793824723513,1.78699022792528,5.68429212469309,0.0610325794605952,0.357568873090119,4.1509371636683,9.48389305781284,4.29615342845124,6,0.0673709928217623,1.15631499433513,0.365057342369215,0.381660595934655,1.86890111787075,5.20107005113387,1.11803398874989,12.5420092961496,9.79891302481794,Inf,0.633266666666667,1.122,0.005,2.82089405209035,0.234,43.1119145259476
aggressiveEgo,sample20Hz,205,sharmaTunedCorrectedPredictor,1,,0,1000,2,0.0658700270767194,0.115014631223149,0.740050944150782,0.144059799935425,1.00140685141115,0.53591475641747,3.18002961392137,0.348217013037428,1.06809014541811,0.367234629053691,0.966411704350488,1.7932327162054,5.70022375328109,0.0610325794605952,0.357568873090119,4.1509371636683,9.48389305781284,4.29615342845124,6,0.0674889483648819,1.15937205658105,0.364137134724145,0.387050872762413,1.87745276108318,5.20107005113387,1.11803398874989,12.5421211172567,9.79958981597588,Inf,0.632220833333333,0.656,0.005,2.82089405209035,0.234,43.1119145259476
aggressiveEgo,sample100Hz,201,structured,1,,0,1000,2,0.0195010263294383,0.0802670441636931,0.365067179894509,0.0447181529603334,0.0783946932657909,0.0791459389154884,0.107432639012062,0.0578165407921115,0.183853403317745,0.05554106773432,0.173599776317187,0.236131621585517,0.750376392717401,0.0137178477189038,0.00941467680883456,0.0376608575306249,0.0803314189705813,0.0183099890492479,6,0.0200448611658352,0.0835520819720304,0.0621331699991986,0.0578450752353298,0.247652241149618,0.0436172594418188,1.11803398874989,3.21564262443065,3.79097436702525,0.49,1.72500083333333,4.517,0.005,2.82112631997903,0.234,43.1119238629041
aggressiveEgo,sample100Hz,201,sharmaTunedPredictor,1,,0,1000,2,0.0354358890008833,0.0729847590167605,0.712498312071181,0.0822289567855929,0.91529629937827,0.374100223984275,3.0907808652559,0.236168893808653,0.705248224532033,0.299763687594027,0.691839336314116,1.26792745962051,3.58880653362992,0.0256060780694464,0.190098251172643,3.99228129345619,8.46548904010701,4.00677379588015,6,0.0386290129751271,1.08916296985003,0.256466463693084,0.313394062716383,1.35564548665282,4.8123808297737,1.11803398874989,11.8117103108712,8.96171933543741,Inf,0.176925,0.661,0.005,2.82112631997903,0.234,43.1119238629041
aggressiveEgo,sample100Hz,201,sharmaTunedCorrectedPredictor,1,,0,1000,2,0.0355018825215142,0.0729810099350073,0.712031306971552,0.0828059819022913,0.921206260541809,0.373673396137965,3.10088604031627,0.23464671768809,0.704472613386329,0.30170303890842,0.691616527000928,1.27078915600293,3.56936091123998,0.0256060780694464,0.190098251172643,3.99228129345619,8.46548904010701,4.00677379588015,6,0.0388266181118422,1.09608739187848,0.254705030447213,0.319884122790242,1.3639560143462,4.8123808297737,1.11803398874989,11.8118058076143,8.96278166409267,Inf,0.176793333333333,0.203,0.005,2.82112631997903,0.234,43.1119238629041
aggressiveEgo,sample100Hz,202,structured,1,,0,1000,2,0.0202274857200775,0.0811113767557247,0.366155287589496,0.0521601505380738,0.0801234584683615,0.0809175830104926,0.108274921921456,0.0587436155165312,0.211759027751109,0.0595838968147137,0.177494188048972,0.24398703842276,0.656968354132684,0.0157806859686631,0.0103071946894343,0.0352015903848025,0.0738865853944654,0.0189537110696925,6,0.0216304320867541,0.0861142136382817,0.064704721041635,0.0643067459706093,0.253246124578674,0.0401220720953947,1.11803398874989,3.2395095528506,3.90420827401057,0.48,1.72871666666667,4.782,0.005,2.82112631997903,0.234,43.1119238629041
aggressiveEgo,sample100Hz,202,sharmaTunedPredictor,1,,0,1000,2,0.0366645434472229,0.0747748246491658,0.712526907784211,0.089978158535546,0.907433274035771,0.372315577896427,3.09132407195909,0.241635854516052,0.690777405980768,0.299859001029801,0.697484814968783,1.23756486552117,4.44865980942225,0.0258600430331648,0.191426145654915,3.97222266147892,8.33902231866213,3.98240166048958,6,0.0408631576306796,1.07180371386184,0.260132995132518,0.316891177080511,1.34232205606394,4.78247879432963,1.11803398874989,11.7506046658515,8.99073729778426,Inf,0.177415833333333,0.663,0.005,2.82112631997903,0.234,43.1119238629041
aggressiveEgo,sample100Hz,202,sharmaTunedCorrectedPredictor,1,,0,1000,2,0.0367090460573115,0.0747574874348261,0.712084963611096,0.0906770408207286,0.913281751429048,0.372037661682545,3.10157788057161,0.240279109794375,0.689915095359671,0.301898206945683,0.696453097123785,1.24092571902271,4.4315060895789,0.0258600430331648,0.191426145654915,3.97222266147892,8.33902231866213,3.98240166048958,6,0.0410193788488707,1.07860853772326,0.258566776922839,0.323133670221101,1.3496422624064,4.78247879432963,1.11803398874989,11.7506724502278,8.99191698170111,Inf,0.175818333333333,0.21,0.005,2.82112631997903,0.234,43.1119238629041
aggressiveEgo,sample100Hz,203,structured,1,,0,1000,2,0.0197333972187308,0.0806756346812928,0.36456352762442,0.0436746523501369,0.07887272776003,0.079438945152092,0.107891568927274,0.0578239530315426,0.159612653442579,0.062066212181009,0.175827308290979,0.239299156463222,0.718230497020934,0.0160764011191309,0.0094394746047186,0.0335522720987003,0.0751467681602515,0.0154265516894676,6,0.0185247450641877,0.0747866430597406,0.0539931555838901,0.06278506814451,0.226283607453286,0.0388862079684836,1.11803398874989,3.26108263076591,3.87021924137091,0.48,1.74375833333333,4.647,0.005,2.82112631997903,0.234,43.1119238629041
aggressiveEgo,sample100Hz,203,sharmaTunedPredictor,1,,0,1000,2,0.0358827943235292,0.0738834748229419,0.708293606895641,0.0916748289643643,0.92981882811002,0.39631971172876,3.09312876960368,0.254649496764676,0.676986269276904,0.304379775208619,0.707694981584112,1.33133210202107,4.09009252024247,0.0279554709810584,0.200408355703569,4.0202486315706,8.92272923821584,4.02202322895639,6,0.0377797437884377,1.1031118054635,0.273231390535711,0.318489623284732,1.3925242774978,4.97653103792171,1.11803398874989,11.7118963692279,9.05554727132657,Inf,0.180415,0.676,0.005,2.82112631997903,0.234,43.1119238629041
aggressiveEgo,sample100Hz,203,sharmaTunedCorrectedPredictor,1,,0,1000,2,0.0359282647897544,0.0738729836830178,0.707796287428561,0.0917102740821671,0.934232122777702,0.396411672804719,3.10321667142438,0.25311047958904,0.676127861454109,0.306118164380299,0.705178686744404,1.33734265010996,4.07021467585556,0.0279554709810584,0.200408355703569,4.0202486315706,8.92272923821584,4.02202322895639,6,0.0379393655857289,1.10820483235287,0.271406193322119,0.324473349458246,1.40457332204081,4.97653103792171,1.11803398874989,11.7119723222709,9.05660939346008,Inf,0.187366666666667,0.484,0.005,2.82112631997903,0.234,43.1119238629041
aggressiveEgo,sample100Hz,204,structured,1,,0,1000,2,0.0183876679444531,0.0810174338737434,0.367459541996277,0.0476235605875509,0.0709277407772319,0.071336188219753,0.0969462017092912,0.0495019868774041,0.142252507020141,0.0526781174685725,0.171262629905364,0.225514704293607,0.713965627937252,0.0154918042684268,0.00951958145103191,0.0367388444190553,0.0781962315416447,0.0183018060714179,6,0.0181337170368519,0.070385026889096,0.0494198828580931,0.055623958559984,0.214714741737223,0.0416137133085231,1.11803398874989,3.29639657238668,3.93285603737027,0.48,1.75548833333333,4.835,0.005,2.82112631997903,0.234,43.1119238629041
aggressiveEgo,sample100Hz,204,sharmaTunedPredictor,1,,0,1000,2,0.0339570298623214,0.0738916236308933,0.719048716508175,0.0834926698039898,0.947620561239806,0.38847681717827,3.08821074713289,0.250870309908026,0.74901268712304,0.293830402802298,0.744562341555587,1.30072759955365,4.15215284077661,0.0253561536556464,0.192661371867305,4.15096887652888,9.2907915004182,4.17596544463985,6,0.0361084700843817,1.13397028004544,0.287199864411319,0.308395467532501,1.36139785143374,5.19863141234933,1.11803398874989,11.7940941699753,9.10990380952203,Inf,0.179314166666667,0.673,0.005,2.82112631997903,0.234,43.1119238629041
aggressiveEgo,sample100Hz,204,sharmaTunedCorrectedPredictor,1,,0,1000,2,0.0339695379781143,0.0738691413130338,0.718497797091764,0.0834248788901025,0.951185610876794,0.388878853650826,3.09839701640984,0.249125894825062,0.748417274620166,0.2954905721759,0.744313677396241,1.30943225736277,4.1331944428021,0.0253561536556464,0.192661371867305,4.15096887652888,9.2907915004182,4.17596544463985,6,0.0362360675063652,1.13800488119176,0.285237371721388,0.314177762214893,1.37659459968808,5.19863141234933,1.11803398874989,11.7941723385596,9.11079670850061,Inf,0.178125,0.234,0.005,2.82112631997903,0.234,43.1119238629041
aggressiveEgo,sample100Hz,205,structured,1,,0,1000,2,0.0192077008893288,0.0807761305865789,0.367393429197274,0.044075586476569,0.0745403750206119,0.0754326982272905,0.100987572549564,0.0538598483150027,0.157694210392041,0.0595525918853916,0.168482193374181,0.231768267726367,0.656203869595922,0.017094546274094,0.00909941244927833,0.0354894279684379,0.0717628061260273,0.0174741742711696,6,0.0188106735986523,0.075665116348421,0.0539382403440109,0.0601453978196894,0.236659683123538,0.0409902933304778,1.11803398874989,3.23680447245435,3.93215107686155,0.49,1.78078083333333,4.672,0.005,2.82112631997903,0.234,43.1119238629041
aggressiveEgo,sample100Hz,205,sharmaTunedPredictor,1,,0,1000,2,0.0356513022255332,0.0733268182767227,0.725800436180804,0.0784755344345576,0.913567147276311,0.379859840406762,3.09054202745349,0.246566956146838,0.757041862574182,0.300453203007092,0.786471988733501,1.26372786828827,4.24040792948181,0.026209010787638,0.196067470221764,3.97897060697018,8.4182510712392,4.00377334545717,6,0.0374628812361153,1.08374262289092,0.268226397055573,0.308991923444876,1.3410529402342,4.82112933342275,1.11803398874989,11.7136232938422,8.9738579659428,Inf,0.181645,0.669,0.005,2.82112631997903,0.234,43.1119238629041
aggressiveEgo,sample100Hz,205,sharmaTunedCorrectedPredictor,1,,0,1000,2,0.0357119857645389,0.0733234764780012,0.725344889149597,0.0783639911703547,0.919305227597683,0.379486277758922,3.1006362187238,0.245196150553549,0.756071605264527,0.302376353643029,0.784310986018458,1.26649167612372,4.22139182441888,0.026209010787638,0.196067470221764,3.97897060697018,8.4182510712392,4.00377334545717,6,0.0376734260676612,1.09046167862392,0.266611636803726,0.31553344830237,1.34842298863895,4.82112933342275,1.11803398874989,11.7137151228194,8.97505096067014,Inf,0.180919166666667,0.293,0.005,2.82112631997903,0.234,43.1119238629041
aggressiveEgo,noise2x,201,structured,1,,0,1000,2,0.0594058654685725,0.105374749693234,0.415238459470559,0.1725998705366,0.223568709732343,0.224878129945575,0.304579714387439,0.162730922072163,0.431086161189398,0.154111198253574,0.449449967063572,0.678882095799969,2.13605159896313,0.0190732402043281,0.0191052029395566,0.0711151735316522,0.144821589197598,0.0197418835201304,6,0.0624894393637589,0.230533598899348,0.164254975865753,0.150156886731924,0.707979104527779,0.0809709078502446,1.11803398874989,3.482987492163,4.13117749285318,0.5,2.05454,5.404,0.005,2.82101445280952,0.234,43.1119226957838
aggressiveEgo,noise2x,201,sharmaTunedPredictor,1,,0,1000,2,0.0806014070502603,0.108976041182481,0.794150132286199,0.186354895881429,1.03809948554278,0.665302960101134,3.1861269597906,0.449733807472123,1.34717898013517,0.397445007402073,1.26416972716105,2.1509043236527,7.70544617823646,0.068213242552086,0.39941072487554,3.76009872473349,7.83127067369154,4.05518938919422,6,0.0825449991607056,1.13704668729972,0.426947157067052,0.398059593439032,2.29234572094621,4.38848251997797,1.11803398874989,12.5827972387853,9.77645455911195,Inf,0.29352,0.797,0.005,2.82101445280952,0.234,43.1119226957838
aggressiveEgo,noise2x,201,sharmaTunedCorrectedPredictor,1,,0,1000,2,0.0806855650334644,0.109021340756791,0.793751139659469,0.186345173115527,1.04377672216325,0.664958420104846,3.19624163889181,0.449035975922337,1.34333746670474,0.399068928731884,1.29373884985036,2.15151431526607,7.71771519063456,0.068213242552086,0.39941072487554,3.76009872473349,7.83127067369154,4.05518938919422,6,0.082706256448584,1.14394713188874,0.426071122212203,0.403063236406247,2.29372119326116,4.38848251997797,1.11803398874989,12.5829163728565,9.77748765294887,Inf,0.293655,0.326,0.005,2.82101445280952,0.234,43.1119226957838
aggressiveEgo,noise2x,202,structured,1,,0,1000,2,0.055823538273994,0.101752825233641,0.410003305927678,0.13140440697443,0.211490574144207,0.211889771315704,0.285948305149796,0.147670543831063,0.421796605290574,0.156445130000295,0.545586491347583,0.666529865961498,1.94416715626436,0.0297795991670803,0.0198647820404404,0.0782318185598128,0.157787462792657,0.029355015474637,6,0.0562554968644484,0.218124925857711,0.154532261901807,0.165700749410023,0.665891417789729,0.0926906025431641,1.11803398874989,3.42847813367742,4.0760092458502,0.48,2.048145,5.375,0.005,2.82101445280952,0.234,43.1119226957838
aggressiveEgo,noise2x,202,sharmaTunedPredictor,1,,0,1000,2,0.077186676711459,0.107251171289351,0.809383740921216,0.1795370308087,1.06806257275823,0.665652786789618,3.19311626638732,0.453394640682587,1.47987850305119,0.391425239473986,1.20250440222823,2.13908921244645,5.94411391675106,0.0711085509807317,0.411823012205548,4.0810851994214,8.22332613910471,4.28511186782759,6,0.0797451046353751,1.15554227785952,0.46471043986146,0.412328995169947,2.24361581857634,4.67485222870413,1.11803398874989,11.8659121253254,9.57271279742709,Inf,0.294845,0.783,0.005,2.82101445280952,0.234,43.1119226957838
aggressiveEgo,noise2x,202,sharmaTunedCorrectedPredictor,1,,0,1000,2,0.0771710586670159,0.107211615636784,0.809114321484529,0.179333544525043,1.07423755475495,0.66512338689448,3.20312741446111,0.452926831505879,1.48056156159789,0.393002413019331,1.20241049389808,2.13764093851491,5.96267673581202,0.0711085509807317,0.411823012205548,4.0810851994214,8.22332613910471,4.28511186782759,6,0.0797129664807807,1.16299917669657,0.464415522447911,0.416795510311334,2.23874675936512,4.67485222870413,1.11803398874989,11.8659579173,9.57347176692229,Inf,0.292803333333333,0.327,0.005,2.82101445280952,0.234,43.1119226957838
aggressiveEgo,noise2x,203,structured,1,,0,1000,2,0.0611746080353686,0.0994810156416443,0.399973891255657,0.131078665268676,0.228111301464593,0.229241942530277,0.310171656331471,0.170309722592275,0.542832760520797,0.153306983474572,0.576464472700416,0.671058958842289,1.93475096681289,0.0212291678158107,0.0209194860697127,0.0731284741239722,0.156114094009353,0.0305960723735058,6,0.0654272601352354,0.239602380648112,0.177027201662423,0.169243413493434,0.704512094176409,0.0852034701882246,1.11803398874989,3.16747558509299,3.89808466407921,0.48,2.02404833333333,5.29,0.005,2.82101445280952,0.234,43.1119226957838
aggressiveEgo,noise2x,203,sharmaTunedPredictor,1,,0,1000,2,0.0852106959791052,0.106677776305632,0.804793352442126,0.213193084595177,1.19615371487431,0.71219511234473,3.19600433773834,0.487659055503691,1.76838777046152,0.396549920317295,1.06210686231226,2.28503662819265,7.56491142728019,0.0740570322002687,0.430439513408103,4.78948101419048,10.2167976550954,5.01073775468571,6,0.0918173832734213,1.39760858060892,0.528018605421184,0.421526856257134,2.37033156923249,6.05769082457567,1.11803398874989,11.9959763774862,9.25284573987213,Inf,0.292481666666667,0.779,0.005,2.82101445280952,0.234,43.1119226957838
aggressiveEgo,noise2x,203,sharmaTunedCorrectedPredictor,1,,0,1000,2,0.0852688981341759,0.106691197489564,0.804274732342259,0.212754037837574,1.19734657221124,0.713088255354353,3.20567441333892,0.48670120172987,1.76179831274108,0.39765378032426,1.04696144217867,2.29481199989032,7.57148278706171,0.0740570322002687,0.430439513408103,4.78948101419048,10.2167976550954,5.01073775468571,6,0.0919331355078723,1.39889770071562,0.526832864927565,0.425594619955005,2.38517524080198,6.05769082457567,1.11803398874989,11.9960404606223,9.25370626624447,Inf,0.289536666666667,0.33,0.005,2.82101445280952,0.234,43.1119226957838
aggressiveEgo,noise2x,204,structured,1,,0,1000,2,0.0531943595150198,0.0970001342100009,0.392329037599201,0.125831823007199,0.206055923439634,0.207525386167347,0.281539477279364,0.148550582308235,0.429295934346465,0.167858551691141,0.470813719364638,0.638051723829289,1.85520520761647,0.0267343262383702,0.0189054856935861,0.0723542500915269,0.160094853768461,0.0246387907354786,6,0.0484187940686355,0.186179683268601,0.140060194996557,0.147381423577421,0.54456515109136,0.0837087873652814,1.11803398874989,3.38454023551992,3.90379992521237,0.46,2.03149166666667,5.33,0.005,2.82101445280952,0.234,43.1119226957838
aggressiveEgo,noise2x,204,sharmaTunedPredictor,1,,0,1000,2,0.0747761535506113,0.103277713364623,0.833005643906484,0.178899245171896,1.02238907275889,0.637513653347679,3.18927657702805,0.452402847364263,1.26591547813709,0.418823755483508,1.19935747941777,1.96463789918594,7.40101779636043,0.0707188166389315,0.410783730843909,3.84807587614374,8.46851883137081,4.07821901521396,6,0.0721988260618923,1.1632963877895,0.455693191108383,0.414840600396579,2.04845113378848,4.68337260747301,1.11803398874989,11.5010322774255,8.99996164128454,Inf,0.292453333333333,0.798,0.005,2.82101445280952,0.234,43.1119226957838
aggressiveEgo,noise2x,204,sharmaTunedCorrectedPredictor,1,,0,1000,2,0.0747479495661307,0.103254073648735,0.832634427059361,0.178837631811806,1.02766375330463,0.637399007097619,3.19874420821954,0.451650889476408,1.26321329613134,0.420275742607806,1.19819698020049,1.96719711625597,7.38280965424642,0.0707188166389315,0.410783730843909,3.84807587614374,8.46851883137081,4.07821901521396,6,0.0722379870103946,1.16965583191546,0.454675304778088,0.420220203914947,2.05209222876367,4.68337260747301,1.11803398874989,11.5011537859593,9.00097552886057,Inf,0.290683333333333,0.349,0.005,2.82101445280952,0.234,43.1119226957838
aggressiveEgo,noise2x,205,structured,1,,0,1000,2,0.0543108044964498,0.100878842442682,0.412492513914164,0.119479397490175,0.209419931117814,0.210224657193078,0.285870777080566,0.160411215756138,0.410506980372286,0.153172502428049,0.452746750529331,0.594631959588246,2.01138298949374,0.0232364764452387,0.0178726764078634,0.0666620124717918,0.138571622985235,0.0257434361509784,6,0.0537979790123423,0.205010739906151,0.147335585251518,0.156541837309131,0.622719642565853,0.078421870852051,1.11803398874989,3.26590110474455,4.00659809837185,0.5,2.02697333333333,5.199,0.005,2.82101445280952,0.234,43.1119226957838
aggressiveEgo,noise2x,205,sharmaTunedPredictor,1,,0,1000,2,0.0758876368600137,0.10352567659699,0.816315996021202,0.162131470190322,1.08070181909606,0.663771770162559,3.18267607683138,0.427772737827776,1.40820562100098,0.408967807334402,1.22032156528266,2.22389446812888,7.59021166644501,0.0735522742270899,0.417097527463157,4.25855444845358,9.50671355878799,4.46066920180719,6,0.0755526298672411,1.26145587809167,0.427941658063159,0.41751011593246,2.38892296739643,5.33766992761219,1.11803398874989,12.065347195897,9.78624879153824,Inf,0.291555,0.802,0.005,2.82101445280952,0.234,43.1119226957838
aggressiveEgo,noise2x,205,sharmaTunedCorrectedPredictor,1,,0,1000,2,0.0758839865396354,0.103499313088764,0.81587845132373,0.162144072178778,1.08419173415884,0.663538430569728,3.19272369650326,0.426941921953262,1.40701815530164,0.410507269080862,1.22071722488511,2.22560879885689,7.57399289737696,0.0735522742270899,0.417097527463157,4.25855444845358,9.50671355878799,4.46066920180719,6,0.0755831002327832,1.26556146834097,0.426800226616628,0.422323358667119,2.3931977711828,5.33766992761219,1.11803398874989,12.0654595128726,9.78720643440936,Inf,0.290721666666667,0.438,0.005,2.82101445280952,0.234,43.1119226957838
aggressiveEgo,largeOffset,201,structured,1,,0,1000,2,0.0297962961432151,0.25654326688249,0.879919763061584,0.0871854171573349,0.119594537181758,0.12155073332367,0.166129612784251,0.086050370253252,0.228025947864227,0.0810092111009861,0.237064495593691,0.375769216737305,1.10032333091912,0.0385129773075942,0.0203823848490264,0.0758606844316762,0.160016254048258,0.0477092218873465,6,0.0312609697538905,0.125183611502847,0.0895632780752887,0.0770902889309684,0.389126468383176,0.0809903901227773,3.35410196624968,9.98669923060793,11.9774038008343,1.42,2.05845333333333,5.329,0.005,2.82101445280952,0.234,43.1119226957838
aggressiveEgo,largeOffset,201,sharmaTunedPredictor,1,,0,1000,2,0.0466954298893168,0.220375287748474,1.71475576620442,0.10440763022824,0.919067114642482,0.422720178282317,3.10922989661884,0.263328434612639,0.764552155534485,0.312604204857164,0.783589818994586,1.44456327616169,4.85324304489918,0.0349485219017341,0.231318875005824,3.90236735519356,7.62735646902137,3.95406324298749,6,0.0493630482215232,1.0312841892864,0.26171134830573,0.324524303076677,1.58897678059115,4.49153557803618,3.35410196624968,35.6074300297741,29.6934696094489,Inf,0.293833333333333,0.794,0.005,2.82101445280952,0.234,43.1119226957838
aggressiveEgo,largeOffset,201,sharmaTunedCorrectedPredictor,1,,0,1000,2,0.0468011254002517,0.220378410381762,1.71461797424573,0.104607242750226,0.925824417454292,0.422051362761088,3.11948172357926,0.262381772007906,0.76428850907514,0.314813741359643,0.813777695778204,1.44396947195284,4.86527012305345,0.0349485219017341,0.231318875005824,3.90236735519356,7.62735646902137,3.95406324298749,6,0.0495866950032671,1.03969222098278,0.260526641393859,0.330753944404844,1.58918294218865,4.49153557803618,3.35410196624968,35.6075062691028,29.6944750486882,Inf,0.290705,0.319,0.005,2.82101445280952,0.234,43.1119226957838
aggressiveEgo,largeOffset,202,structured,1,,0,1000,2,0.028120330213936,0.254668087267033,0.878056902385749,0.0656465150925582,0.113968830032611,0.115715552747585,0.159052444259099,0.0800490641395907,0.241689900785207,0.0820343260849225,0.296133610081761,0.366329965796078,1.08538575926601,0.0437973766554955,0.0208613583702636,0.078747208176955,0.149295572154386,0.0521256885513416,6,0.0281280192450221,0.120356117945741,0.0869396305695937,0.086273261868592,0.363231488400838,0.0868266554916084,3.35410196624968,9.96016240082872,11.9901108585588,1.46,2.03128333333333,5.163,0.005,2.82101445280952,0.234,43.1119226957838
aggressiveEgo,largeOffset,202,sharmaTunedPredictor,1,,0,1000,2,0.0449773445098145,0.219281339003959,1.68505509918054,0.107403167147956,0.998533569044299,0.436400184643158,3.11218228234264,0.274835308540139,0.946505381919819,0.310939558347775,0.868036442895145,1.47717623190525,4.2453025774058,0.0365858111811134,0.23782150578204,4.37567387785735,7.11313776427154,4.38330610820308,6,0.0477983460131116,1.04463900638968,0.287289538409496,0.33048938464824,1.67891111592686,4.67480668937969,3.35410196624968,35.4109010185977,29.6809354971155,Inf,0.291651666666667,0.781,0.005,2.82101445280952,0.234,43.1119226957838
aggressiveEgo,largeOffset,202,sharmaTunedCorrectedPredictor,1,,0,1000,2,0.0449986933057181,0.219266186115626,1.68496263151073,0.107202807355872,1.00652802626423,0.435117758309882,3.12241148256331,0.274376428231312,0.945393055297107,0.313210797483846,0.86804179382431,1.4714367416817,4.26112004885173,0.0365858111811134,0.23782150578204,4.37567387785735,7.11313776427154,4.38330610820308,6,0.04786280634395,1.05513994146231,0.287001696942935,0.336556558236095,1.66991170710336,4.67480668937969,3.35410196624968,35.4109620208491,29.6818103157116,Inf,0.289076666666667,0.321,0.005,2.82101445280952,0.234,43.1119226957838
aggressiveEgo,largeOffset,203,structured,1,,0,1000,2,0.0307844956326754,0.252394546981045,0.874922853352708,0.0655170533411992,0.123589136881515,0.125079127640198,0.171106543636082,0.0901354488999759,0.302924749734276,0.0820067193974878,0.267830230830657,0.379294675044347,1.11824481906085,0.0388913361047703,0.0211920917053785,0.0764150103532623,0.152774234065866,0.0526271508947724,6,0.0327780714783888,0.131781010241559,0.0961567909731773,0.0879025763199475,0.397887611628692,0.0828933787626157,3.35410196624968,9.81752749323333,11.8443775367419,1.44,2.03455333333333,5.253,0.005,2.82101445280952,0.234,43.1119226957838
aggressiveEgo,largeOffset,203,sharmaTunedPredictor,1,,0,1000,2,0.0494795588434227,0.217367733618374,1.6871145094165,0.118931023972671,0.929780443945455,0.436928971075751,3.11358877128761,0.280808950337986,0.96314962579628,0.314154755515283,0.756066900505623,1.4664683502363,4.50294800328284,0.0376516889447665,0.244858711307977,3.94908925987089,8.8044058138841,3.98739935596055,6,0.0546101190248244,1.11341399088245,0.308984407395412,0.333302976066066,1.55246032907406,4.95797060561046,3.35410196624968,35.461278691087,29.4395270049649,Inf,0.293,0.784,0.005,2.82101445280952,0.234,43.1119226957838
aggressiveEgo,largeOffset,203,sharmaTunedCorrectedPredictor,1,,0,1000,2,0.0495623225598192,0.217361882563983,1.68691595787693,0.118583415793771,0.933677610722536,0.437405979548261,3.12361413022559,0.279572717005682,0.955987301633531,0.316040299515981,0.755340738562213,1.47384359362938,4.48264002791566,0.0376516889447665,0.244858711307977,3.94908925987089,8.8044058138841,3.98739935596055,6,0.0547860486860836,1.1180298513768,0.307437500529009,0.33893811992325,1.56417589111094,4.95797060561046,3.35410196624968,35.4613494508464,29.4404575647977,Inf,0.29159,0.539,0.005,2.82101445280952,0.234,43.1119226957838
aggressiveEgo,largeOffset,204,structured,1,,0,1000,2,0.0267006040108727,0.251929205731098,0.869404529238469,0.0631983830799037,0.112309132482304,0.113793713114523,0.158448195771896,0.0800693173410549,0.243192587583314,0.0905446715740637,0.258566961469477,0.356106259047077,1.05005878993392,0.0426203388678137,0.0204257956251897,0.0750532648283883,0.150555454521209,0.0445994904401511,6,0.0242215680906633,0.104912279798767,0.0802384370252309,0.0778326663807948,0.308415037426309,0.0822199049530611,3.35410196624968,9.87103905376584,11.8762831229297,1.38,2.03362,5.047,0.005,2.82101445280952,0.234,43.1119226957838
aggressiveEgo,largeOffset,204,sharmaTunedPredictor,1,,0,1000,2,0.0446736056301033,0.218148681830312,1.66681087051827,0.100556391878134,0.911895620780001,0.412761227759039,3.11539725402235,0.267493122208152,0.754269594337558,0.32485328321639,0.87564267494877,1.37125137563218,4.96913292720591,0.0360968713856305,0.237520649715369,3.92694921028708,8.06439699173401,3.9524839224565,6,0.0455003753992455,1.0510730979223,0.280692222388883,0.334021143306848,1.50154975455961,4.63239071529093,3.35410196624968,35.1664028927584,29.4070754286759,Inf,0.291025,0.775,0.005,2.82101445280952,0.234,43.1119226957838
aggressiveEgo,largeOffset,204,sharmaTunedCorrectedPredictor,1,,0,1000,2,0.0446847514790467,0.218132170202138,1.66663455593656,0.101362526086229,0.918367397310385,0.412337428292615,3.1253939186503,0.266475068762278,0.754087431242549,0.326913757679594,0.874385514738787,1.37251977511529,4.95133634160698,0.0360968713856305,0.237520649715369,3.92694921028708,8.06439699173401,3.9524839224565,6,0.0456263325709659,1.05891740980874,0.279376974950769,0.340421928929186,1.50383149115692,4.63239071529093,3.35410196624968,35.1664822175732,29.4080964522714,Inf,0.290336666666667,0.326,0.005,2.82101445280952,0.234,43.1119226957838
aggressiveEgo,largeOffset,205,structured,1,,0,1000,2,0.0273395000665243,0.254884442074895,0.880985410349734,0.0604123032832718,0.112955796227305,0.114278639845252,0.153149643845134,0.0853597179014624,0.219118401463446,0.0814019942217458,0.25000484134408,0.332781014496457,1.15464756752702,0.0387955642785402,0.0201330367617165,0.073589115205991,0.155610147251168,0.0491695872603339,6,0.026986414263421,0.112899743018503,0.0821590813568576,0.0823471787500186,0.343170949501756,0.0795676075953808,3.35410196624968,9.8308099720038,11.9064642108579,1.46,2.06498666666667,5.347,0.005,2.82101445280952,0.234,43.1119226957838
aggressiveEgo,largeOffset,205,sharmaTunedPredictor,1,,0,1000,2,0.0444486498524545,0.218100671411972,1.69480378377013,0.0992956275193854,0.920862716562402,0.425479008126373,3.1087616609326,0.259297063120832,0.936934610949475,0.318867941495839,0.853564822602621,1.4748612527221,5.01733175358429,0.037898802378106,0.238731256524402,3.97133381061818,8.31366425612877,3.98190390467209,6,0.046285399154403,1.07583572972208,0.274301134433724,0.33463762324718,1.61323986503277,4.79685664248555,3.35410196624968,35.3595366537005,29.7694267404406,Inf,0.297668333333333,0.787,0.005,2.82101445280952,0.234,43.1119226957838
aggressiveEgo,largeOffset,205,sharmaTunedCorrectedPredictor,1,,0,1000,2,0.0444788164926277,0.218086739752895,1.69463898292419,0.099285088610224,0.926313229695165,0.42495190544176,3.11896088696143,0.258227024151983,0.935790706383308,0.321003021418645,0.853931381549205,1.47543774235628,5.00137433035733,0.037898802378106,0.238731256524402,3.97133381061818,8.31366425612877,3.98190390467209,6,0.0464016348156532,1.08247307121954,0.272930318259131,0.340700936094148,1.61604783750065,4.79685664248555,3.35410196624968,35.3596102101968,29.770400805644,Inf,0.297586666666667,0.361,0.005,2.82101445280952,0.234,43.1119226957838
aggressiveEgo,radarDropout,201,structured,1,,0,1000,2,0.0341468915451224,0.0923000465808316,0.390413888958975,0.11228179696217,0.12764415623446,0.129524676185982,0.169067688352179,0.0976329236951668,0.286012814493327,0.0850826092697008,0.278286829290852,0.372226409241785,1.10032489599046,0.0168736923171192,0.0184006416969407,0.0707352005442448,0.144549015204414,0.016332348382388,6,0.0312809523919042,0.125190995137106,0.0895871153343613,0.0771056241305541,0.389015528938013,0.0810621832267007,1.11803398874989,3.38363663501252,4.02376175294887,0.5,2.07158333333333,5.468,0.005,2.82101445280952,0.234,43.1119226957838
aggressiveEgo,radarDropout,201,sharmaTunedPredictor,1,,0,1000,2,0.0812000780170711,0.10603287029602,0.725962166937642,0.541238693896141,0.958841214946577,0.50834524173937,3.16407833469553,0.278215404710423,0.839171815628157,0.318419751518042,0.784733833110528,1.87396023085572,7.45045048070755,0.0349525078241453,0.231311982183224,3.82789319518016,8.0787031592368,3.90137619745496,6,0.0493661619787488,1.04261185195706,0.266143680999245,0.324481356513556,1.56223755396949,4.5582097022226,1.11803398874989,12.2251413593103,9.55527097515889,Inf,0.2984,0.774,0.005,2.82101445280952,0.234,43.1119226957838
aggressiveEgo,radarDropout,201,sharmaTunedCorrectedPredictor,1,,0,1000,2,0.0814589932133341,0.106181342512864,0.725557145273172,0.543286343257286,0.964934257237639,0.508618047195338,3.17417862186063,0.277165786102609,0.840013238283005,0.320449299296934,0.814237713293147,1.8783639967123,7.48372573299685,0.0349525078241453,0.231311982183224,3.82789319518016,8.0787031592368,3.90137619745496,6,0.0495874031993348,1.04971385336252,0.264705872650519,0.330565627394164,1.56607571461575,4.5582097022226,1.11803398874989,12.2252551391346,9.55625266982385,Inf,0.298233333333333,0.412,0.005,2.82101445280952,0.234,43.1119226957838
aggressiveEgo,radarDropout,202,structured,1,,0,1000,2,0.0310327646499136,0.0899251845747494,0.387933281018954,0.0793229223298545,0.120940268767857,0.12226434791224,0.158101795023145,0.0859608127210015,0.244119924330761,0.0820351965490007,0.296133680373193,0.38129435537844,1.31299040322315,0.0232231847533877,0.018808217783903,0.0742551035253915,0.1494758262733,0.0223000850227464,6,0.0281309382853844,0.120397373871601,0.0869019916285578,0.0863944540245404,0.363240743923758,0.0868959123283385,1.11803398874989,3.35685625831497,4.00843822559175,0.48,2.05124666666667,5.206,0.005,2.82101445280952,0.234,43.1119226957838
aggressiveEgo,radarDropout,202,sharmaTunedPredictor,1,,0,1000,2,0.0832626152906372,0.107339386051686,0.744853059392126,0.548250775080974,1.02687527909537,0.534389559292979,3.1737945258307,0.314057309607759,1.07774164981504,0.319213297474219,0.867864894500445,1.89952535841113,7.73282709443035,0.0365842853818665,0.237818963445848,4.18217303664906,7.47749358714607,4.21128364214672,6,0.0478008947647151,1.03768888729689,0.285677067548128,0.330490160401992,1.63657946668369,4.6179223865922,1.11803398874989,11.9530596320287,9.45475517606278,Inf,0.297555,0.812,0.005,2.82101445280952,0.234,43.1119226957838
aggressiveEgo,radarDropout,202,sharmaTunedCorrectedPredictor,1,,0,1000,2,0.0834661881931499,0.107442790874,0.744629695217905,0.550200205788313,1.03442877494623,0.534117224619651,3.18381968676182,0.313589329978994,1.07946654479788,0.321341114529518,0.867854202755074,1.89954545099543,7.76460702902839,0.0365842853818665,0.237818963445848,4.18217303664906,7.47749358714607,4.21128364214672,6,0.0478643248934801,1.04721159300607,0.285150750501105,0.336445320750929,1.63036041599156,4.6179223865922,1.11803398874989,11.953115040058,9.45559930341149,Inf,0.294616666666667,0.368,0.005,2.82101445280952,0.234,43.1119226957838
aggressiveEgo,radarDropout,203,structured,1,,0,1000,2,0.0364589779079202,0.0891482348163098,0.378950151886404,0.131418214229197,0.13358689586443,0.134564997353584,0.176704970284648,0.0879332119393337,0.302924691896296,0.08466560662648,0.26783015292212,0.447512101643235,1.37259161090049,0.0180774857798102,0.0192881088305634,0.0715755230237369,0.148405477951132,0.02254723757338,6,0.0327692913438518,0.13183367341345,0.0961769008317273,0.0878587587576186,0.399142543442529,0.0829622420710481,1.11803398874989,3.21539703810899,3.90437386299312,0.48,2.03315833333333,5.424,0.005,2.82101445280952,0.234,43.1119226957838
aggressiveEgo,radarDropout,203,sharmaTunedPredictor,1,,0,1000,2,0.0581486094664359,0.0893347787736658,0.724773890495893,0.285653900802433,0.986257788618981,0.476260436181163,3.12950055177274,0.289989871469442,1.00295667087085,0.307581108137623,0.761142962154607,1.65878058417921,5.33257026536699,0.0376506616361543,0.24479691518347,4.13735701334477,9.18378210855618,4.19404948977244,6,0.0546160660787347,1.14781385584343,0.319535443675593,0.333240764263002,1.57081741201564,5.18864356547733,1.11803398874989,12.0182413306143,9.2928606315477,Inf,0.293691666666667,0.79,0.005,2.82101445280952,0.234,43.1119226957838
aggressiveEgo,radarDropout,203,sharmaTunedCorrectedPredictor,1,,0,1000,2,0.0583476111416883,0.0894116345965913,0.724264044319345,0.287766639955945,0.989730892654569,0.477314791164587,3.13958163685256,0.288614031358553,0.995917781112249,0.309190092034374,0.75496448046902,1.66938877090707,5.36049229429806,0.0376506616361543,0.24479691518347,4.13735701334477,9.18378210855618,4.19404948977244,6,0.0547905244448164,1.1514807823082,0.31791956613339,0.338760856484538,1.58498651450637,5.18864356547733,1.11803398874989,12.0183058013381,9.29375579035005,Inf,0.291836666666667,0.347,0.005,2.82101445280952,0.234,43.1119226957838
aggressiveEgo,radarDropout,204,structured,1,,0,1000,2,0.0300652424395541,0.087437591423761,0.379093704253758,0.110311047262279,0.118446474956218,0.12053712005504,0.157085222115748,0.0920852668090814,0.265967704408355,0.0956711373358793,0.272940692292917,0.342194052697879,1.04493997163986,0.0212114387040197,0.0183347950729994,0.0712653640187365,0.150715352876887,0.0174015052007217,6,0.024226945760754,0.104870927837678,0.0801805999538679,0.0778596685026487,0.307929304951634,0.0822921427519467,1.11803398874989,3.30315150737952,3.90927149046898,0.48,2.04695666666667,5.24,0.005,2.82101445280952,0.234,43.1119226957838
aggressiveEgo,radarDropout,204,sharmaTunedPredictor,1,,0,1000,2,0.0874900955204025,0.108642213694677,0.742978579911945,0.609509135680745,0.973281600433385,0.531794446410109,3.18778733955901,0.268729530346956,0.75339302407324,0.361518073366686,1.47128439871556,2.02148300864836,8.74178415855759,0.036093510886833,0.237488882767834,3.89328025429757,8.3376064263681,3.9335704654526,6,0.0454984161315534,1.06032087459367,0.283709052658477,0.334070907169513,1.48946829481573,4.69208157712263,1.11803398874989,11.7184428880736,9.16841895811381,Inf,0.294778333333333,0.775,0.005,2.82101445280952,0.234,43.1119226957838
aggressiveEgo,radarDropout,204,sharmaTunedCorrectedPredictor,1,,0,1000,2,0.0876849997962696,0.108757083758105,0.742559996903076,0.611399910849993,0.979253018901133,0.532191802705158,3.19750849985967,0.267494663355305,0.753205291955076,0.363283945028401,1.47414767053467,2.0266496245148,8.77375990515245,0.036093510886833,0.237488882767834,3.89328025429757,8.3376064263681,3.9335704654526,6,0.0456234676919467,1.06737543565949,0.282251761404182,0.340391874115947,1.49413247004361,4.69208157712263,1.11803398874989,11.7185150583078,9.16939674597984,Inf,0.293866666666667,0.369,0.005,2.82101445280952,0.234,43.1119226957838
aggressiveEgo,radarDropout,205,structured,1,,0,1000,2,0.0310222416080981,0.0900629250426514,0.388859073204032,0.102570923610763,0.119157147041371,0.12046646840258,0.156488123469216,0.0949197060627704,0.281349533339361,0.0853094286466325,0.250004937616696,0.324598870492833,1.15465767843717,0.0182098812649959,0.0178028658570622,0.0684146601005659,0.13805747116973,0.0196925315970898,6,0.0270125748523564,0.113027445685354,0.0823249264962498,0.0823510744252399,0.343249118900848,0.0796356821618465,1.11803398874989,3.26079435018861,3.96228700755227,0.5,2.033065,5.225,0.005,2.82101445280952,0.234,43.1119226957838
aggressiveEgo,radarDropout,205,sharmaTunedPredictor,1,,0,1000,2,0.0723364394113745,0.0992059368591588,0.746590306266754,0.4720909772455,0.97635562467379,0.512675696785649,3.14769380278544,0.292795069693895,0.937852347755468,0.343838876939037,0.885728963068416,1.84596506897135,7.19837964930132,0.0379061942599318,0.238804534671007,4.01029770411363,8.71355893166679,4.03791499022798,6,0.0462858505143057,1.09743951629787,0.281166150062196,0.334654704620268,1.61147535080032,4.94011485302729,1.11803398874989,11.9672941771453,9.56142054264617,Inf,0.294163333333333,0.784,0.005,2.82101445280952,0.234,43.1119226957838
aggressiveEgo,radarDropout,205,sharmaTunedCorrectedPredictor,1,,0,1000,2,0.0724948194118412,0.0992755468048732,0.746108447454665,0.473699495441233,0.981220251971836,0.512884505285057,3.15784045710602,0.291532451478742,0.936675992662018,0.345497209728542,0.887448088555442,1.85087069284943,7.23155257494339,0.0379061942599318,0.238804534671007,4.01029770411363,8.71355893166679,4.03791499022798,6,0.0464014531698503,1.10300602355548,0.279633420049138,0.340608619143417,1.61720537611277,4.94011485302729,1.11803398874989,11.9674045663156,9.5623649431274,Inf,0.292726666666667,0.33,0.005,2.82101445280952,0.234,43.1119226957838
aggressiveEgo,kinematicMismatch,201,structured,1,,0,1000,2,0.0297391070049474,0.0909749154700673,0.387357917855521,0.0871348751298819,0.122214222262575,0.120560249703531,0.158857891527589,0.0850740327480693,0.226512004482124,0.0795473995524027,0.236647850199183,0.373757116238853,1.1595020900816,0.016871282659545,0.0191421816174549,0.172492797708793,0.276830464381179,0.142995097145422,6,0.0312660060513165,0.127910047273866,0.0880996118820269,0.0772779142024927,0.388831249528288,0.187510581953499,1.11803398874989,3.38963058502321,4.02712306604836,0.5,2.04737,5.21,0.005,2.82092494655249,0.234,42.9236821178125
aggressiveEgo,kinematicMismatch,201,sharmaTunedPredictor,1,,0,1000,2,0.0467341263691423,0.086975173141721,0.723056997312617,0.104215501520972,0.907755282111323,0.425454815492424,3.09199122685422,0.267762950782073,0.795090613864213,0.313667232573374,0.783313227546639,1.44652198558359,4.65766901691504,0.0349527329105894,0.231314200404225,3.82829640161912,8.08535337093038,3.9016043406013,6,0.0493118142071558,1.04190471046679,0.264540941647556,0.323820619541174,1.56062096478337,4.55988894025049,1.11803398874989,12.2259651103846,9.56138863476384,Inf,0.291398333333333,0.783,0.005,2.82092494655249,0.234,42.9236821178125
aggressiveEgo,kinematicMismatch,201,sharmaTunedCorrectedPredictor,1,,0,1000,2,0.0468345177892683,0.0869995770365583,0.722621417663243,0.104428618617927,0.913836054333621,0.425111835990439,3.10229012360694,0.266577081540005,0.791282958073008,0.315629281137773,0.812828270914316,1.44865670470853,4.67069808842667,0.0349527329105894,0.231314200404225,3.82829640161912,8.08535337093038,3.9016043406013,6,0.0495344003660768,1.04901198138051,0.263104522033581,0.329935147876283,1.56463807009469,4.55988894025049,1.11803398874989,12.2260789663412,9.56237272312806,Inf,0.290156666666667,0.321,0.005,2.82092494655249,0.234,42.9236821178125
aggressiveEgo,kinematicMismatch,202,structured,1,,0,1000,2,0.0279698204610844,0.0890449955817387,0.386019415014524,0.0657272840067874,0.117395845168417,0.114765969585167,0.150031332775958,0.0784731383408303,0.230638669072398,0.0811351847779974,0.295765354110739,0.367148151081189,1.07592079581532,0.0232177644286372,0.019554191877103,0.169111271403249,0.283919655316177,0.143412121289227,6,0.0281215918851097,0.122950904573396,0.0845825734283776,0.0862946928630685,0.363521685342098,0.185266541866465,1.11803398874989,3.36269191761777,4.01199637841566,0.48,2.03092833333333,5.395,0.005,2.82092494655249,0.234,42.9236821178125
aggressiveEgo,kinematicMismatch,202,sharmaTunedPredictor,1,,0,1000,2,0.0449942043237197,0.0861895943154488,0.732235625868491,0.107381082653988,0.962842907683528,0.433273659423682,3.09458484858132,0.275024234815007,0.938583013159995,0.312168221787373,0.867241162122485,1.4608591954855,4.0797829629669,0.0365838890197325,0.237815141670827,4.18191433497488,7.48094106000523,4.21061610457754,6,0.047713702213471,1.03717061498094,0.283850648680104,0.33000316452594,1.63371348662697,4.61838803005302,1.11803398874989,11.9536508474406,9.460783291346,Inf,0.293025,0.808,0.005,2.82092494655249,0.234,42.9236821178125
aggressiveEgo,kinematicMismatch,202,sharmaTunedCorrectedPredictor,1,,0,1000,2,0.0450099272823006,0.0861611996175699,0.731950354496089,0.107183994030344,0.97053894441008,0.432252079426875,3.10483952646349,0.274302378405653,0.937438040735611,0.314220375449571,0.867218338422268,1.45753919350729,4.09630707953865,0.0365838890197325,0.237815141670827,4.18191433497488,7.48094106000523,4.21061610457754,6,0.0477788007859021,1.04670870922672,0.283323403768492,0.335989856890569,1.62769070708432,4.61838803005302,1.11803398874989,11.953706291098,9.46162957945332,Inf,0.291178333333333,0.339,0.005,2.82092494655249,0.234,42.9236821178125
aggressiveEgo,kinematicMismatch,203,structured,1,,0,1000,2,0.0306642582365815,0.0872723453713952,0.378491492028998,0.0655650156642745,0.125555798726551,0.123391283450247,0.162269987176112,0.088665324172181,0.30321984782784,0.0801043444128623,0.267950716533688,0.375106011657919,1.06551045784845,0.0180708501891984,0.0202426935456079,0.168274593262813,0.28338665767427,0.14476352852917,6,0.0327771424302137,0.134501662258337,0.0940707546858913,0.08775668151812,0.396380384735364,0.181645063002713,1.11803398874989,3.22194295998985,3.90713528262596,0.48,2.04912333333333,5.211,0.005,2.82092494655249,0.234,42.9236821178125
aggressiveEgo,kinematicMismatch,203,sharmaTunedPredictor,1,,0,1000,2,0.0495119912941288,0.0848742439114822,0.725446566262918,0.118790680452414,0.973053969581379,0.449828816351022,3.09648905063603,0.291187346452002,1.00527914924805,0.315879844025478,0.76122753790598,1.50368783964847,4.59310722738377,0.0376503093374927,0.244799652708543,4.16250637959692,9.22473294605662,4.22044322092309,6,0.054524665802573,1.15025827628001,0.318956521347417,0.332890265342235,1.57389154601428,5.21483236411759,1.11803398874989,12.0188326618615,9.29866799144196,Inf,0.292768333333333,0.788,0.005,2.82092494655249,0.234,42.9236821178125
aggressiveEgo,kinematicMismatch,203,sharmaTunedCorrectedPredictor,1,,0,1000,2,0.0495879934526587,0.0848783385466622,0.724936018264925,0.118445148614197,0.976288733621187,0.450543483643929,3.10654502212782,0.289816117682356,0.99825912358566,0.317503955199598,0.752186999334683,1.51303795286613,4.59960023319103,0.0376503093374927,0.244799652708543,4.16250637959692,9.22473294605662,4.22044322092309,6,0.0547001399617761,1.15384202525774,0.317341182444297,0.338417718472919,1.58836434382896,5.21483236411759,1.11803398874989,12.0188971729953,9.29956549970953,Inf,0.292093333333333,0.322,0.005,2.82092494655249,0.234,42.9236821178125
aggressiveEgo,kinematicMismatch,204,structured,1,,0,1000,2,0.0266086652049351,0.0864558281340098,0.376037133296173,0.0632298352902458,0.113550448953155,0.11193509850808,0.147181840961641,0.0789712897917587,0.24448432333249,0.0880542282643093,0.251714547569069,0.34899242083079,1.04199421492973,0.0212041311636098,0.0190906596688452,0.171749252966039,0.285393219649828,0.15046485345195,6,0.0242145732436424,0.107489958511376,0.0781915418121997,0.0776788256002987,0.307586511946774,0.187769499323682,1.11803398874989,3.3098241402027,3.91216005007841,0.48,2.05602166666667,5.173,0.005,2.82092494655249,0.234,42.9236821178125
aggressiveEgo,kinematicMismatch,204,sharmaTunedPredictor,1,,0,1000,2,0.0447034198604113,0.0841749551489726,0.743971734395568,0.100498047589173,0.906306293674999,0.415731994774976,3.09767074712681,0.270884380316611,0.746745590753948,0.32642362926879,0.874515326392288,1.3770521212862,5.02470911128724,0.0360936792835268,0.237484120987892,3.89297956847319,8.35149267220075,3.93373713542473,6,0.0454134223240562,1.05956742329592,0.281885438811856,0.333460410149974,1.48781968387741,4.69563499591416,1.11803398874989,11.7190340123598,9.17426901887425,Inf,0.294963333333333,0.789,0.005,2.82092494655249,0.234,42.9236821178125
aggressiveEgo,kinematicMismatch,204,sharmaTunedCorrectedPredictor,1,,0,1000,2,0.0447087624928213,0.084156691890486,0.743565383768492,0.101327234957103,0.912312117777729,0.415490188348109,3.10761988248989,0.269697809928608,0.746558257150182,0.328280270806995,0.873243775218535,1.38003595452917,5.00686789269162,0.0360936792835268,0.237484120987892,3.89297956847319,8.35149267220075,3.93373713542473,6,0.0455394679908142,1.06659259818892,0.280422217602202,0.339793280926587,1.49267359266891,4.69563499591416,1.11803398874989,11.7191062283367,9.1752494772615,Inf,0.292805,0.387,0.005,2.82092494655249,0.234,42.9236821178125
aggressiveEgo,kinematicMismatch,205,structured,1,,0,1000,2,0.0272286336407043,0.0889880256319554,0.386132953246541,0.0603518484325699,0.115210605526613,0.112578128723237,0.147920050852431,0.0839269257452227,0.222528147628545,0.0800542524390833,0.249609453733968,0.328398215183714,1.11515671581519,0.018202023662548,0.0185780504330928,0.165785843081691,0.274321829161237,0.138767183949368,6,0.026976801424479,0.116065492712606,0.0800829825622807,0.082248438001396,0.341768125060095,0.180849114204091,1.11803398874989,3.26584837202837,3.96533652628528,0.5,2.02323166666667,5.093,0.005,2.82092494655249,0.234,42.9236821178125
aggressiveEgo,kinematicMismatch,205,sharmaTunedPredictor,1,,0,1000,2,0.0444758298728241,0.0844186135797307,0.738305628722946,0.0990899500206641,0.928339214992343,0.431642664373073,3.09119762162671,0.26508039360691,0.928815685452768,0.320045167439432,0.852179675533238,1.49081946638917,5.09786987442093,0.0379048614803847,0.238805966837015,4.01078969242755,8.7186168866376,4.03783194365247,6,0.0462032765532041,1.0961436015952,0.279052151838659,0.333948500603367,1.61159283001164,4.94111294630472,1.11803398874989,11.9681277775785,9.56743920003702,Inf,0.2907,0.811,0.005,2.82092494655249,0.234,42.9236821178125
aggressiveEgo,kinematicMismatch,205,sharmaTunedCorrectedPredictor,1,,0,1000,2,0.0445002809253011,0.0843980105140377,0.737862890429913,0.0990791642383226,0.933167002760968,0.431382185989622,3.10143660625135,0.263833283977437,0.927636439054574,0.321953245313706,0.852515582788598,1.4935297515147,5.081864066083,0.0379048614803847,0.238805966837015,4.01078969242755,8.7186168866376,4.03783194365247,6,0.0463196205026741,1.10171642209148,0.277522802832998,0.339916650374082,1.61737298907828,4.94111294630472,1.11803398874989,11.968238241953,9.56838597070924,Inf,0.289165,0.324,0.005,2.82092494655249,0.234,42.9236821178125
