speed,scenario,frame,time,controllerSeconds,pcbfSeconds,clfSeconds,otherControllerSeconds,horizon,solverCalls,pcbfSlack,primaryOptimum,clfSlack,hardResidual,minimumIntervalClearanceMeters,maximumIntervalPenetrationMeters,steering,brakingRatio,lateralError,headingError,speedError
15,acceleratingHeadOn,1,0,0.079677,0.029654,0.033091,0.016932000000000003,76,2,1.2539267326674899e-06,2.6385442993489205e-08,0.4389906889771805,4.543219653818653e-07,18.05027718097004,0,0.015219969681082232,-0.2250000242283782,0.0009538181878053612,0.001078282848751515,-0.1019423671645665
15,acceleratingHeadOn,2,0.05,0.072769,0.02911,0.033167,0.010492000000000001,76,2,1.3200854274667281e-06,1.9493917325693298e-07,2.5826306269535424,3.6866552988179535e-07,16.899080924497763,0,0.0834597788390534,-0.24776046164917404,0.0068618960296434614,0.007067419961935197,-0.22416111614937506
15,acceleratingHeadOn,3,0.10000000000000002,0.099707,0.034287,0.055395,0.010025000000000006,76,2,1.135702383784525e-06,1.9103496921444327e-08,5.708464700850413,2.524849420648678e-07,15.745772517013629,0,0.11639814662450101,-0.25881332557150527,0.022030467786441767,0.019859696455973803,-0.3569165026019796
15,acceleratingHeadOn,4,0.15000000000000002,0.087373,0.033099,0.044313,0.009960999999999998,76,2,1.4081440150088843e-06,3.767595434612104e-08,9.882236939429516,4.3860992060551496e-07,14.592637757396428,0,0.14837145174471372,-0.26551280235823793,0.048721591958620476,0.038366245507250034,-0.49964986929604116
15,acceleratingHeadOn,5,0.2,0.101623,0.032648,0.059087,0.009887999999999994,76,2,1.2332552371505758e-06,2.710329271315194e-07,14.459597422970056,2.8915873917512158e-08,13.442391908931352,0,0.141623436585363,-0.2712517920318739,0.08820813826699439,0.06080826183873917,-0.6423562873287594
15,acceleratingHeadOn,6,0.25,0.08227,0.036695,0.035373,0.010202000000000003,76,2,1.057719794069703e-06,8.55172364253322e-09,20.79543100261864,6.814879172090116e-08,12.29731786695006,0,0.15489429050674866,-0.27938492241852464,0.14121107302913583,0.08568051041699548,-0.7935366935055441
15,acceleratingHeadOn,7,0.3,0.101968,0.045752,0.046724,0.009492,76,2,1.242965044684984e-06,7.017964380416544e-08,27.692025571632403,1.727854008808186e-07,11.158861471350772,0,0.15068779455019782,-0.2643449025130072,0.20843328900316938,0.1121175198273456,-0.9391359023743551
15,acceleratingHeadOn,8,0.35,0.116492,0.049216,0.057701,0.009574999999999986,76,2,9.986858742772242e-07,5.596982569012569e-08,36.087435349059966,1.7481711633848818e-09,10.02817002677431,0,0.28732421078322223,-0.22803823791130187,0.290755980945295,0.14004405009024226,-1.1047014498323424
15,acceleratingHeadOn,9,0.39999999999999997,0.096552,0.042925,0.044077,0.009550000000000003,76,2,9.265765738549925e-07,6.536086978170003e-09,41.10584971984568,1.412218564311729e-09,8.904833644747445,0,0.12038247325321161,-0.09903431642960783,0.38820476246590474,0.16801193925385388,-1.1770979314545045
15,acceleratingHeadOn,10,0.44999999999999996,0.085957,0.038637,0.037848,0.009472000000000008,76,2,1.0821079129042694e-06,8.021596934044831e-08,52.23529041583678,3.242894819344144e-08,7.787270819591974,0,0.16015379385900524,-0.07806951108709184,0.5012267587108603,0.19572275474911785,-1.2551697823833177
15,acceleratingHeadOn,11,0.49999999999999994,0.090084,0.042898,0.03789,0.009295999999999999,76,2,1.0116043700650265e-06,4.077871499259257e-09,63.2262752650946,6.756157211462721e-08,6.6754026034736285,0,0.15113536761924645,-0.04183347753252606,0.6308024361983324,0.2240306734342652,-1.3167848158648923
15,acceleratingHeadOn,12,0.5499999999999999,0.086663,0.039904,0.037477,0.009281999999999999,76,2,9.867812222536397e-07,6.619016614003323e-08,76.21191538595258,2.3904660335335168e-08,5.569505978441512,0,0.14963996160064214,-0.03759492715889762,0.7769585982427446,0.2525462201765563,-1.3775129220719684
15,acceleratingHeadOn,13,0.6,0.089848,0.039093,0.041607,0.009148000000000003,76,2,7.06347465860729e-07,3.9751445147033626e-08,91.36445459262485,3.767839595880673e-09,4.4703401652243056,0,0.1513535897869867,-0.05597334550965377,0.9396597589127839,0.28114265451344594,-1.447530465935026
15,acceleratingHeadOn,14,0.65,0.136651,0.046598,0.080985,0.009067999999999993,76,2,0.0008393182925939709,0.0008379078650006205,109.60775385348484,4.10427593350326e-07,3.3800350813460227,0,0.31412178332685936,-0.0993716572692262,1.118685515517334,0.31013128542758034,-1.57489887439327
15,acceleratingHeadOn,15,0.7000000000000001,0.111057,0.052612,0.049486,0.008959000000000009,76,2,0.000794352580712271,0.0007934413970818031,129.03430918643994,7.090329539332025e-09,2.315254778723319,0,0.1660919295386224,-0.09763388200043063,1.313894688271332,0.3395401786877038,-1.6680827975853383
15,acceleratingHeadOn,16,0.7500000000000001,0.109516,0.050639,0.049601,0.009276000000000006,76,2,0.0019180859962608845,0.0019171337925130184,152.77424468742,1.0602886302005298e-08,1.349800032081253,0,0.2600311728131817,-0.1583154742215999,1.5249269445717992,0.3692210551418371,-1.8092438937225896
15,acceleratingHeadOn,17,0.8000000000000002,0.110428,0.051056,0.049765,0.009607000000000004,76,2,0.005107774277635398,0.005106847806794486,171.84534454598068,1.7659424479660189e-09,0.858863784637733,0,0.3271024533260742,-0.06624815518560428,1.7515026224725185,0.39923696944775494,-1.9280260585265978
15,acceleratingHeadOn,18,0.8500000000000002,0.112308,0.05291,0.050285,0.009112999999999996,76,2,0.005547193857617633,0.005546245746062752,198.1806427606172,3.565907417482238e-09,0.7079690411705725,0,0.4299455420235421,-0.13973277461482445,1.9926789357248598,0.4289070514471076,-2.0965185933604165
15,acceleratingHeadOn,19,0.9000000000000002,0.107564,0.047997,0.050624,0.008943000000000006,76,2,0.006378260469286388,0.006377132370042855,218.5511742231745,1.2809924353294339e-07,0.511024898535019,0,0.3788696290434992,0.057497586496761593,2.248647383968634,0.4583712141515819,-2.1767664409000655
15,acceleratingHeadOn,20,0.9500000000000002,0.115368,0.052544,0.054101,0.008722999999999995,76,2,0.006415115366268737,0.006414167261609004,248.9568974290603,2.7442986200665353e-09,0.26921280749420673,0,0.3494870483863965,0.011554508319722878,2.5204104823960374,0.48831066439038584,-2.269305452392052
15,acceleratingHeadOn,21,1.0000000000000002,0.165287,0.050122,0.106644,0.008520999999999973,76,2,0.006589194312465959,0.006588147025418619,183.83928517594862,4.728704733943795e-08,0.0,0.0006022617449685796,-0.10273383823273527,0.004397500411844779,2.7991230921964037,0.5054443305151993,-2.301834914276812
15,acceleratingHeadOn,22,1.0500000000000003,0.092658,0.039222,0.045052,0.008384000000000003,76,2,0.0066051823354451025,0.006604091438704686,112.97841919386661,9.089674041663082e-08,0.0,0.06968772205948337,-0.2818436995698744,0.6879103404924397,3.077890131252327,0.5001822957215561,-2.0698022989687885
15,acceleratingHeadOn,23,1.1000000000000003,0.083812,0.030088,0.045374,0.008349999999999996,76,2,1.0731088127098498e-06,1.3536347944612615e-07,103.39051355471408,2.4966260191187966e-09,0.14326451423136263,0,-0.23147278534979215,-0.18169014856973437,3.351056874006266,0.4783258908791475,-2.183697660941357
15,acceleratingHeadOn,24,1.1500000000000004,0.085265,0.030497,0.046537,0.008230999999999988,76,2,9.605651893535558e-07,1.2884241019972629e-08,76.39124623683786,1.439711094593419e-09,0.45297381640569734,0,-0.2559778542974707,-0.17263402292388164,3.6105004618853243,0.4474791181653627,-2.2970233402999742
15,acceleratingHeadOn,25,1.2000000000000004,0.079351,0.031168,0.040009,0.008174,76,2,9.81110302497094e-07,9.769387506257726e-09,57.781517657308925,5.121496714247307e-09,0.7655706010318654,0,-0.26653481706405163,-0.15412379936136375,3.8536011174332474,0.41171793718616617,-2.407384627531327
15,acceleratingHeadOn,26,1.2500000000000004,0.099651,0.026909,0.064711,0.008030999999999996,76,2,1.7823464302580381e-06,5.214524158031123e-07,43.51445676103246,2.6089401445492594e-07,1.0725458597025728,0,-0.2618462684243727,-0.12754944372178528,4.078966675905511,0.37327922725744805,-2.5099390369921135
15,acceleratingHeadOn,27,1.3000000000000005,0.071854,0.026285,0.037626,0.007943000000000006,76,2,1.21867325451734e-06,2.1407757233440895e-07,32.073278649805076,1.0814212228018624e-08,1.3691770768786555,0,-0.24876265945192583,-0.09970961152452182,4.285864824479701,0.33354515156250525,-2.6029236251085646
15,acceleratingHeadOn,28,1.3500000000000005,0.070309,0.026772,0.03567,0.007866999999999999,76,2,1.9847869835379806e-06,9.30969323488665e-07,22.451804450282857,5.381766004931587e-08,1.8748285053923341,0,-0.23281176274815085,-0.07009134659184743,4.473924726583878,0.2934287062686425,-2.684951759308971
15,acceleratingHeadOn,29,1.4000000000000006,0.080802,0.030158,0.041883,0.008761000000000005,76,2,1.17643694909725e-06,1.5804532317514176e-08,78.74785753437504,1.6063241677973581e-07,2.685260017424388,0,0.07520034665213285,-0.03673907385660219,4.65314214839851,0.2668382588896936,-2.726675243198452
15,acceleratingHeadOn,30,1.4500000000000006,0.112516,0.028927,0.075797,0.007791999999999993,76,2,9.651633215612336e-07,1.345431951436638e-08,123.13315021355406,3.5195839744484777e-09,3.6078815763549135,0,0.022436156780770294,-6.1043195163063e-05,4.830689822001869,0.2587748869632154,-2.7371344269985567
15,acceleratingHeadOn,31,1.5000000000000007,0.10184,0.028911,0.065382,0.007547000000000012,76,2,9.545601729310435e-07,1.9673526074438145e-08,95.49434359541182,1.2777726082478876e-10,4.589366805830834,0,-0.13608123483189413,0.016174809744914267,4.9983107191707115,0.25202544702921376,-2.767568862242527
15,acceleratingHeadOn,32,1.5500000000000007,0.099482,0.028565,0.063409,0.007508000000000001,76,2,9.61356853336531e-07,2.3650317653680182e-08,73.25338800956715,4.918894049862214e-10,5.60199347823069,0,-0.10725525731893439,0.04488870127002384,5.151900704028169,0.23984390600400854,-2.7749708890527796
15,acceleratingHeadOn,33,1.6000000000000008,0.097505,0.028101,0.061928,0.0074759999999999965,76,2,9.741102479727533e-07,2.9626585578386513e-08,80.04967996353955,6.620425964887042e-10,6.629219118569138,0,-0.06891751650039253,-0.01702306035261225,5.2943170403351205,0.22627104587124788,-2.795927081895252
15,acceleratingHeadOn,34,1.6500000000000008,0.069701,0.028533,0.033818,0.007349999999999995,76,2,1.035514086125319e-06,5.336564983524787e-08,86.57919412587711,6.825679695504879e-09,7.667035607820443,0,-0.051962043902380496,-0.052345527588169904,5.428209975439743,0.21424667782854304,-2.8281493571943592
15,acceleratingHeadOn,35,1.7000000000000008,0.069013,0.027921,0.033823,0.007269000000000005,76,2,1.046190423210416e-06,8.105570642192094e-08,87.87085367195488,3.749204291509024e-09,8.713691190717379,0,-0.04509042446103334,-0.02170878698956305,5.554983453332208,0.20410185158102173,-2.846729410135616
15,acceleratingHeadOn,36,1.7500000000000009,0.094392,0.028392,0.058761,0.0072389999999999954,76,2,1.220274426789668e-06,6.243068282627495e-08,88.63704473533686,1.578437439633932e-07,9.767835186354807,0,-0.039319769286615174,0.014927710481426493,5.675656094065019,0.1954418088297249,-2.849313719518772
15,acceleratingHeadOn,37,1.800000000000001,0.09014,0.027854,0.055257,0.007028999999999994,76,2,1.0186486301376995e-06,7.489942105042586e-08,90.35640664426262,2.774327587376523e-10,10.828876694460968,0,-0.03772897405723029,-0.007984670495216645,5.790893641672733,0.18776774003012317,-2.861255488783657
15,acceleratingHeadOn,38,1.850000000000001,0.074063,0.025034,0.042026,0.007002999999999995,76,2,1.316116762124315e-06,7.530904733842221e-09,91.85383360638068,3.085858573904728e-07,11.895874256550508,0,-0.03468630320551097,-0.024394668590585117,5.901140247276209,0.18076410036507168,-2.8796121177279392
15,acceleratingHeadOn,39,1.900000000000001,0.086159,0.024505,0.05486,0.006794000000000008,76,2,1.5575415881495147e-06,3.1920902540533235e-08,91.03825381163512,5.256206856089814e-07,12.967640114383428,0,-0.03265764289377167,-0.005177763581486139,6.00689888520663,0.17429428469994945,-2.8897093681875177
15,acceleratingHeadOn,40,1.9500000000000008,0.087682,0.023989,0.056916,0.006776999999999991,76,2,1.4424855721634572e-06,3.174027319732894e-08,90.81137702930471,4.1074529896612825e-07,14.043688572587472,0,-0.0303850409259628,0.00411354580243678,6.108627637346077,0.16826719609562799,-2.8956886118704066
15,acceleratingHeadOn,41,2.000000000000001,0.081775,0.023829,0.051393,0.006553000000000003,76,2,1.4529455883448598e-06,3.1656178264262454e-08,90.72109651188453,4.212894100805973e-07,15.123927183471846,0,-0.027689821213696827,0.01654991157731367,6.2067649772088656,0.16268872268899803,-2.8962501064220554
15,acceleratingHeadOn,42,2.0500000000000007,0.092026,0.023605,0.061793,0.006627999999999995,76,2,9.819152502576303e-07,2.4855669589710206e-08,90.92429251040802,1.0097415501160236e-10,16.2083420872117,0,-0.02444434424249267,0.03333643773000404,6.3017738923854525,0.15761990814179244,-2.889594677371612
15,acceleratingHeadOn,43,2.1000000000000005,0.087957,0.023388,0.057935,0.006633999999999987,76,2,1.2131012361380695e-06,2.9360857618136913e-08,91.56260057806938,1.837403785199325e-07,17.297098275106926,0,-0.021623976952547266,0.04466113864679863,6.394084387744129,0.1530847536749925,-2.8780846443240016
15,brakingLead,1,0,0.100601,0.028323,0.053436,0.018841999999999998,76,2,7.693590696703132e-07,2.435450161032244e-07,0.28483981665641067,5.530496016703523e-08,1.4482833111659623,0,0.02125915320019546,-0.011399506458521953,0.0013317843306798474,0.0015065604446184578,-0.013362423221099817
15,brakingLead,2,0.05,0.089297,0.028188,0.045995,0.015114000000000002,76,2,1.1095148010295006e-06,2.3744071748005213e-07,1.0490759880366662,7.365297103323343e-07,1.4424815650351848,0,0.04961817628238899,0.008954244204685338,0.006751259625951175,0.006633544642866023,-0.02148345709029087
15,brakingLead,3,0.10000000000000002,0.114301,0.028053,0.072299,0.013949000000000003,76,2,1.1749578495029752e-06,3.3341747302912266e-07,2.434998694891283,1.4377426271749982e-07,1.4320560266581364,0,0.07312561770537952,0.003514224691623047,0.018905646146723347,0.016196978413276556,-0.03543429315588398
15,brakingLead,4,0.15000000000000002,0.095522,0.027943,0.05423,0.013349,76,2,1.2970242614388826e-06,2.135219434695448e-07,4.7727395652497835,6.450839100669015e-07,1.4178972206371103,0,0.099006484474002,-0.018820867446463163,0.04018417853147412,0.030260835020943348,-0.06398866504508938
15,crossing,1,0,0.101047,0.028768,0.051622,0.020656999999999995,76,2,2.1086725376726937e-06,8.33223857278298e-07,0.4389907277149667,7.468803699950399e-07,21.86299961475749,0,0.015219979690856061,-0.22500006429260389,0.0009538187779033017,0.0010782835172054714,-0.10194238449721205
15,crossing,2,0.05,0.118279,0.028567,0.077054,0.012658000000000003,76,2,1.8253139711721496e-06,8.512415627540901e-07,1.7463256375550695,1.7527784756943277e-07,21.020079416491914,0,0.043982089412644504,-0.27707893476644596,0.005263441992021672,0.005233723846307243,-0.2284462986943474
15,crossing,3,0.10000000000000002,0.110602,0.028164,0.069947,0.012491000000000002,76,2,2.6196900671152238e-06,8.457975729680367e-07,2.429290548799247,1.5332262568445998e-06,20.181810694359747,0,0.0259683029589855,-0.30902640652608016,0.013402767810433478,0.011086882408867169,-0.365419364305847
15,crossing,4,0.15000000000000002,0.084151,0.028129,0.043804,0.012218000000000007,76,2,2.0155478078524585e-06,8.409170692425643e-07,3.457736602444661,3.498970790882794e-07,19.34971450303744,0,0.015853531143092625,-0.34555741790248534,0.02400662066302125,0.016099514421566485,-0.5171564043399606
15,crossing,5,0.2,0.085588,0.028119,0.044304,0.013164999999999996,76,2,1.914481028777148e-06,9.317266099708747e-07,4.980096822385257,9.092145103473115e-08,18.524680042484796,0,0.014221676043024364,-0.3795438556964205,0.03670253328610706,0.020043365816859112,-0.6831443886053528
15,crossing,6,0.25,0.109473,0.028447,0.068758,0.012268000000000001,76,2,1.8592362042915303e-06,9.296740837181007e-07,6.872199844581516,2.9371614473916452e-08,17.707346555950316,0,0.016631222679010432,-0.41078051529246074,0.05167130877798684,0.023559284400634026,-0.862301201970487
15,crossing,7,0.3,0.10947,0.027999,0.069149,0.012322,76,2,1.7922170214018477e-06,8.992404557884559e-07,9.215551906567375,3.5970413314601046e-09,16.898468945112864,0,0.018806779397066015,-0.44718291793049647,0.06912385349771534,0.027127009479061586,-1.0566948704344377
15,crossing,8,0.35,0.076375,0.028035,0.036001,0.012339000000000003,76,2,2.1115342496332593e-06,8.970980319282695e-07,12.003292718740193,2.1443621770498975e-07,16.099019675576482,0,0.019633461026321672,-0.48560446133841206,0.08909701004787263,0.030850102005387497,-1.2670462875270267
15,crossing,9,0.39999999999999997,0.081948,0.027937,0.041682,0.012328999999999993,76,2,1.7593415513810063e-06,8.602661408662834e-07,14.93643573837353,1.8777865928854e-09,15.30989776319243,0,0.022514423010442458,-0.5069858908799982,0.11166532482923232,0.03483188914285531,-1.4864070233549427
15,crossing,10,0.44999999999999996,0.08282,0.028522,0.041882,0.01241600000000001,76,2,1.8566366660157876e-06,9.482683186387089e-07,18.2733314886714,6.424496490353704e-10,14.531945247202348,0,0.024592683578783983,-0.5307120313469277,0.13695974761696478,0.03915812185411587,-1.7156734749061968
15,crossing,11,0.49999999999999994,0.077636,0.028596,0.036399,0.012641,76,2,2.012029323092457e-06,9.044206192283135e-07,21.912012621726838,1.0760870386414381e-07,13.766165640239278,0,0.025054228883369584,-0.5546423608240729,0.16496818238876346,0.043715251726344,-1.9547995990261615
15,crossing,12,0.5499999999999999,0.079264,0.029102,0.036927,0.013234999999999997,76,2,2.351456179452337e-06,9.195768453619729e-07,25.9879707720537,4.3187933409036427e-07,13.01371582237918,0,0.025228812349754826,-0.5803640637774438,0.1955827408911356,0.04835165377500661,-2.2045339461107556
15,crossing,13,0.6,0.079409,0.029488,0.036747,0.013173999999999991,76,2,1.910191109850043e-06,8.688527196794616e-07,30.548669848298623,4.1338390170581485e-08,12.2759246446391,0,0.026440607864540805,-0.6056028109875451,0.22873311918821665,0.05304771605064501,-2.4647685710278466
15,crossing,14,0.65,0.078962,0.02895,0.036884,0.013128,76,2,1.979969378427107e-06,9.099301971439648e-07,35.61814692138108,7.003918128314226e-08,11.55433613981779,0,0.027542220709506876,-0.6317401109717289,0.26437143938563545,0.057831042896729135,-2.7358481255933285
15,crossing,15,0.7000000000000001,0.103601,0.028823,0.061748,0.01303,76,2,2.0528094715977793e-06,9.425409738329348e-07,41.30287084448119,1.1026849776484449e-07,10.85078699928793,0,0.02672117372435802,-0.6628220645477444,0.3023111750536231,0.062586054148478,-3.01966477214393
15,crossing,16,0.7500000000000001,0.12453,0.035777,0.075354,0.013398999999999994,76,2,9.507686927391753e-07,6.065230150236429e-09,48.98627804234526,5.574234412303368e-10,10.16766251185553,0,0.027914447273329687,-0.7107378091458705,0.3423498666112857,0.0672908945459806,-3.323427847417431
15,crossing,17,0.8000000000000002,0.092008,0.032956,0.04594,0.013112000000000013,76,2,9.64347754835963e-07,5.632647464234047e-09,57.70318955592462,2.5888105912108355e-09,9.50793037811821,0,0.029098981500158355,-0.7564661884324106,0.38434354725029285,0.0720152262429722,-3.6461884609687925
15,crossing,18,0.8500000000000002,0.089293,0.034248,0.041873,0.013172000000000003,76,2,9.606296339081597e-07,5.63355142309149e-09,65.27330400025139,3.318744595652047e-09,8.874739435875444,0,0.02829170020803813,-0.7802443984970957,0.4280379842346012,0.07666919939794777,-3.9786225555258916
15,crossing,19,0.9000000000000002,0.089667,0.034899,0.04149,0.013277999999999998,76,2,9.607078796786166e-07,8.144280415838585e-09,68.92052310559606,2.0101907278368336e-09,8.270742319989514,0,0.015247577942975349,-0.7813254216260201,0.47245810371720937,0.08039234473791486,-4.310672894884609
15,crossing,20,0.9500000000000002,0.09047,0.035538,0.041732,0.01319999999999999,76,2,9.490413180251502e-07,1.239832095069375e-08,76.70193161329337,3.260931113694142e-09,7.6998191025783465,0,0.025191467136714704,-0.7835081889873889,0.5174413405854978,0.08376572326261932,-4.644262566354824
15,crossing,21,1.0000000000000002,0.106555,0.034005,0.059419,0.01313099999999999,76,2,1.186533481677808e-06,1.03856562704344e-07,85.71462061336632,8.267691897346404e-08,7.159628590782639,0,0.05966931461108842,-0.7804943820903399,0.5647465687942589,0.08896337167868948,-4.980209110615398
15,crossing,22,1.0500000000000003,0.097804,0.033538,0.050939,0.013327000000000006,76,2,1.5849611314048712e-06,3.49436881051717e-07,94.57606262674736,2.3552425035315429e-07,6.6328777127854455,0,0.11450837508859195,-0.7717282791855943,0.6166827543491461,0.09757694883642713,-5.320395779965496
15,crossing,23,1.1000000000000003,0.091458,0.032201,0.046019,0.013238,76,2,1.6296313210433738e-06,6.285029771243951e-07,105.33969557786804,2.1480052017931457e-08,6.114927532204469,0,0.2553564642687643,-0.782459338813306,0.6741472473419675,0.10904559293445312,-5.680403112895807
15,crossing,24,1.1500000000000004,0.129602,0.037614,0.078836,0.013151999999999997,76,2,1.2091816156611381e-06,3.95440548620998e-09,116.30481363633365,2.0522721017492817e-07,5.603299312002553,0,0.2562593338403417,-0.7959844043135389,0.7368217978739634,0.12208716528673248,-6.044295824176823
15,crossing,25,1.2000000000000004,0.100038,0.037249,0.049471,0.01331800000000001,76,2,1.2720782356722191e-06,4.923131718292205e-09,126.40197510153058,2.6715510395392685e-07,5.119567875775774,0,0.2542095710058402,-0.796129930781859,0.8045685510337871,0.13618266537540236,-6.407406780113471
15,crossing,26,1.2500000000000004,0.096743,0.036728,0.046761,0.013254000000000002,76,2,8.853328070368715e-07,5.295048134887122e-09,137.2214213183073,1.9335082995802387e-09,4.692000964235092,0,0.27000315594383784,-0.7977114903716043,0.8771670026720394,0.15098812757524002,-6.771794814991303
15,crossing,27,1.3000000000000005,0.092336,0.037846,0.041237,0.013253000000000001,76,2,8.775553408277028e-07,6.369748541080311e-09,74.86099082132856,4.0078621332486795e-09,4.2842327089016905,0,0.06465062238570708,-0.33448230886624897,0.952291132701426,0.16286618271651865,-6.913417683130826
15,crossing,28,1.3500000000000005,0.090289,0.03725,0.039548,0.013490999999999989,76,2,9.820953231771436e-07,7.040635035826987e-09,88.99257632110375,1.011151090632499e-08,3.88556256546239,0,0.10015266075556342,-0.3487551107093516,1.0302958128469482,0.17369810556939194,-7.070213538600762
15,crossing,29,1.4000000000000006,0.099804,0.037968,0.048424,0.013412000000000007,76,2,1.1793135923513379e-06,4.644915305787075e-09,68.70458467463338,1.7466867704555087e-07,3.497479714840555,0,-0.028108103475397626,-0.3451782682416368,1.1067601178306972,0.17923999718972838,-7.222682536977808
15,crossing,30,1.4500000000000006,0.096946,0.039273,0.044322,0.013351000000000002,76,2,9.02487884863371e-07,3.765628969871724e-09,64.51145015413991,8.108124655513936e-09,3.1189433153215376,0,-0.023239163644897087,-0.3321635936617914,1.176839535695615,0.178728105893583,-7.368277285949127
15,crossing,31,1.5000000000000007,0.099445,0.033896,0.052282,0.013267000000000001,76,2,1.1283453857304946e-06,1.1410557310924884e-08,62.56685028795028,1.1693482841956974e-07,2.74975748958925,0,-0.1533987077076654,-0.3034652495476083,1.238355256101403,0.17223058888365828,-7.528013988697168
15,crossing,32,1.5500000000000007,0.098217,0.033038,0.051971,0.013207999999999998,76,2,9.382070481195201e-07,8.951776426503143e-09,52.696781425139655,1.6429320638800926e-08,2.39059953019159,0,-0.20840724393313065,-0.2689186874420493,1.2869164884673079,0.1582650947484157,-7.68128353830816
15,crossing,33,1.6000000000000008,0.107136,0.033357,0.060564,0.01321499999999999,76,2,8.118838534506136e-07,8.41905938465961e-09,41.71684881787383,3.0094596227618316e-10,2.0407559857147994,0,-0.23861559077248518,-0.23046342679918225,1.3217145654519489,0.13870880517292278,-7.818777685566786
15,crossing,34,1.6500000000000008,0.110359,0.032954,0.064125,0.01328,76,2,9.507840845562924e-07,8.068678149700005e-09,31.35847327797048,2.8966727040514605e-08,1.699885393710975,0,-0.28797960662398364,-0.1654008550928837,1.3422336777494321,0.11454874078485752,-7.936839230588332
15,crossing,35,1.7000000000000008,0.123647,0.03306,0.077162,0.01342500000000002,76,2,8.83061385050741e-07,8.740050873603483e-09,21.542087221689872,1.0646880552177566e-09,1.3680651408351565,0,-0.3365134017650505,-0.09549207305681584,1.347636927716049,0.08603855575259856,-8.033312649206387
15,crossing,36,1.7500000000000009,0.104488,0.033896,0.056745,0.013846999999999998,76,2,8.058786682898757e-07,7.365650620678993e-09,10.916283415640494,5.625913903330862e-10,1.0451939519768914,0,-0.3617480296535943,-0.02342073476636014,1.3373319026836317,0.05359430645056018,-8.099567702352608
15,crossing,37,1.800000000000001,0.09274,0.033712,0.044665,0.014363,76,2,7.824935541062847e-07,7.394945322227989e-09,1.244636613141155,6.446193320362064e-09,0.7307012427571856,0,-0.3712640706505352,0.04579523218811575,1.311158225351215,0.017913703149947998,-8.131534152212948
15,crossing,38,1.850000000000001,0.088115,0.034806,0.039544,0.013765,76,2,8.315150413402355e-07,1.3620987721654383e-08,3.3089232134099236e-05,1.31153338643659e-08,0.5025446719314965,0,-0.4481951764423244,0.12889461438324745,1.2685285422314811,-0.021042069982546097,-8.148731415258919
15,crossing,39,1.900000000000001,0.089068,0.034234,0.041233,0.013600999999999988,76,2,7.479767047308899e-07,1.3469071346930184e-08,3.9045785247456505e-08,1.821457122412292e-09,0.477490553911865,0,-0.48994176295148323,0.18642107803013763,1.2084900158391658,-0.06351989818300906,-8.146492503851558
15,crossing,40,1.9500000000000008,0.083771,0.033313,0.037017,0.013440999999999995,76,2,8.526751273953342e-07,1.1674945998832441e-08,4.7195497248155694e-05,2.7241056953035934e-08,0.524245076038601,0,-0.46964013721787834,0.2298929650294007,1.1306729959148092,-0.10903599646848293,-8.113810772254824
15,crossing,41,2.000000000000001,0.088317,0.033692,0.041307,0.013317999999999997,76,2,6.912583588109908e-07,6.754926972387312e-09,6.0097515681765624e-06,1.6390266711770695e-09,0.7251464315942107,0,-0.5430087038093189,0.3618052920967069,1.0346339759364962,-0.15743465008526378,-8.039867441807557
15,crossing,42,2.0500000000000007,0.088048,0.034038,0.039593,0.014417,76,2,9.77374202905318e-07,4.776292191185361e-09,0.00012662868966498012,2.8753718776653277e-08,0.9200986274660283,0,-0.5312655729470993,0.4763405636460638,0.9196589802975156,-0.20893422532376008,-7.908554906458937
15,crossing,43,2.1000000000000005,0.133421,0.034755,0.085386,0.013280000000000014,76,2,9.110794262922278e-07,3.0590744700991514e-09,11.578948349751224,2.7920922424058102e-09,1.0925172657518007,0,-0.5226325086975908,0.5480793339715757,0.7852110007734845,-0.26352720319325806,-7.739464730647728
15,crossing,44,2.1500000000000004,0.085529,0.028553,0.043585,0.013391,76,2,1.3797084070687844e-06,2.8393918489822094e-07,30.811770018900987,9.576922217056358e-08,1.2428374285765045,0,-0.5692339982319561,0.6399751802266939,0.6310215096511618,-0.3213949893061151,-7.536228157680706
15,crossing,45,2.2,0.086517,0.027945,0.044427,0.014144999999999991,76,2,1.1759281931433372e-06,1.6042746628855017e-07,68.50449461070866,3.169692807503772e-08,1.3715285902084215,0,-0.5796466442363892,0.6326444172274266,0.4569852253821793,-0.382699018092045,-7.339962866316777
15,crossing,46,2.25,0.089532,0.028632,0.047601,0.013299000000000005,76,2,9.695764757301804e-07,9.467845746759398e-08,115.86054014051592,4.417857899223932e-09,1.4794866636237791,0,-0.5608962702889697,0.5845691196499915,0.2630820907738827,-0.44711994850577924,-7.166224041428007
15,crossing,47,2.3,0.089783,0.030078,0.046366,0.013339000000000004,76,2,9.779103903714733e-07,6.314587231614842e-08,172.06660252998847,1.059427694501808e-08,1.5687818466148602,0,-0.4521367088407506,0.44621900138822773,0.049622878323677753,-0.5135285001497611,-7.034656645798945
15,crossing,48,2.3499999999999996,0.106485,0.030584,0.062584,0.013316999999999996,76,2,1.1688441711880716e-06,4.4327199926732995e-08,223.6391196470815,1.2451697126133855e-07,1.6431483272552523,0,-0.43553658185610333,0.4228244532752472,-0.18287226230025755,-0.5810008012157333,-6.918471730445216
15,crossing,49,2.3999999999999995,0.108207,0.030689,0.063765,0.013752999999999987,76,2,1.1142681790125273e-06,4.08733196172479e-08,278.31880110231435,7.339485939527946e-08,1.711855928780589,0,-0.41904983270842955,0.411279011791716,-0.4339068906553563,-0.6494062366638936,-6.814099360898661
15,crossing,50,2.4499999999999993,0.11723,0.029398,0.074487,0.013344999999999996,76,2,1.0958006437783088e-06,3.6871336925750334e-08,336.834535571027,5.892930685255855e-08,1.78657183074548,0,-0.3966200157830041,0.401288868950599,-0.702932132914445,-0.7186346415112839,-6.7202326246396
15,crossing,51,2.499999999999999,0.079186,0.02945,0.036342,0.013394000000000003,76,2,1.1695879443191388e-06,3.159757905705533e-08,399.1746911317031,1.3799036526208352e-07,1.8630470697991566,0,-0.37574496573096733,0.39632329928601084,-0.9893507338100582,-0.7885917337005214,-6.636623753299725
15,crossing,52,2.549999999999999,0.08147,0.029461,0.037678,0.014330999999999997,76,2,9.119045801315347e-07,2.9337083492629392e-08,463.4695136805112,1.847134761190025e-08,1.9376938705705082,0,-0.34013963415536824,0.39487230277628865,-1.292529482782933,-0.8590397359501053,-6.558011975231933
15,crossing,53,2.5999999999999988,0.081613,0.02969,0.038713,0.013210000000000013,76,2,8.21664658155183e-07,3.3310652808326415e-08,532.604859064666,9.723090835166647e-09,2.008314801529917,0,-0.32736789903752006,0.40707078746588765,-1.6119233409445435,-0.9300090624615247,-6.487767674436846
15,crossing,54,2.6499999999999986,0.084845,0.0303,0.039946,0.014599,76,2,7.782156085825742e-07,3.292149625658067e-08,605.998409336921,4.983683080793551e-09,2.072994450790272,0,-0.2956640881631056,0.4069241927096693,-1.9469284422437776,-1.0015255281253577,-6.425661298677403
15,crossing,55,2.6999999999999984,0.082163,0.029832,0.038643,0.013688000000000006,76,2,7.639832971854643e-07,3.614610641721598e-08,680.906048976686,7.309498849022902e-09,2.1305359130529653,0,-0.26146141206327467,0.41215285988615785,-2.2968633618666834,-1.0733120088549577,-6.3697945975030805
15,crossing,56,2.7499999999999982,0.081245,0.029619,0.038241,0.013384999999999994,76,2,8.041637295759376e-07,3.659253801538255e-08,762.1393794580297,3.2728744162253184e-09,2.1808696924757447,0,-0.2518512702191276,0.42324234668933214,-2.661079956956019,-1.1455258572364233,-6.3263784867132635
15,crossing,57,2.799999999999998,0.080879,0.029187,0.038405,0.013287000000000007,76,2,8.226903607836228e-07,3.9034769300835174e-08,845.0428932806796,4.1525987511218136e-09,2.2234986102062284,0,-0.20901103801840487,0.4243678605962629,-3.038848432944507,-1.2180771881032997,-6.290182323943416
15,crossing,58,2.849999999999998,0.085994,0.029047,0.043499,0.013448000000000002,76,2,1.1846420762586966e-06,4.243719564191453e-08,918.0293367543784,1.4220488061678209e-07,2.258769577806756,0,-0.14785472329135618,0.42967291660529705,-3.429445682216735,-1.2898562698871643,-6.254358278875216
15,crossing,59,2.8999999999999977,0.080427,0.029786,0.037281,0.013359999999999997,76,2,1.1547968405698278e-06,4.383425866236359e-08,947.6765425177811,1.1096258190746428e-07,2.288694574405836,0,-0.05149804532136411,0.4345982422375517,-3.832048426728992,-1.3573918128719376,-6.209449238251883
15,crossing,60,2.9499999999999975,0.087098,0.029934,0.042802,0.014362,76,2,7.755251280484419e-07,4.330732615380212e-08,926.618791156974,7.374354478868446e-09,2.3177931773313936,0,0.04684022480487308,0.43736551378010563,-4.245651025330067,-1.4155270563813172,-6.157286328976921
15,crossing,61,2.9999999999999973,0.085405,0.030027,0.041929,0.013448999999999989,76,2,7.969688419534636e-07,4.531878809160966e-08,909.0368975432231,7.470814329093295e-09,2.3506123889828934,0,0.10444795376122201,0.43862911872405785,-4.669743585678099,-1.4624911843428001,-6.089345944179616
15,crossing,62,3.049999999999997,0.084718,0.029043,0.042241,0.013434000000000001,76,2,7.879061753310211e-07,4.370769527688177e-08,894.9706647602823,2.5295856513852277e-09,2.385955911843351,0,0.13663727854363958,0.43526724569873143,-5.104212200796819,-1.4995432967375875,-5.998912388017237
15,crossing,63,3.099999999999997,0.084746,0.029275,0.042027,0.013443999999999998,76,2,8.151472665885827e-07,4.024875122196113e-08,882.2546163222248,3.370314970147486e-09,2.4199276908839527,0,0.1560428849179843,0.42505113504749104,-5.548840835388747,-1.5279933658360574,-5.8877502786848055
15,crossing,64,3.149999999999997,0.083238,0.028548,0.041586,0.013104000000000005,76,2,8.765847850515883e-07,5.8765831187469455e-08,873.4724119327536,2.0274631742588095e-09,2.449949661115432,0,0.16252810498559217,0.4079958240807099,-6.003228229735083,-1.5488134760579526,-5.759723339270563
15,crossing,65,3.1999999999999966,0.07882,0.029243,0.036403,0.013174000000000005,76,2,1.3659680418260724e-06,8.295117463788101e-08,873.5350815403533,2.830168671881914e-07,2.474743500034415,0,0.15307655484698113,0.3859587132183871,-6.466847918819605,-1.5631132575967395,-5.620253395944289
15,crossing,66,3.2499999999999964,0.078624,0.028729,0.036609,0.013285999999999992,76,2,1.3755570870982218e-06,1.1336467872291372e-07,888.8254799032128,2.621924083753082e-07,2.4933854753314293,0,0.12327282712721299,0.3618416427843414,-6.939060822174248,-1.5724416856526364,-5.477189939593623
15,crossing,67,3.2999999999999963,0.109185,0.028743,0.067039,0.013402999999999998,76,2,1.386662103503509e-06,1.1386961468836814e-07,920.9647865140576,2.727924888151409e-07,2.504523302294065,0,0.0743935282247832,0.34014629400107016,-7.419081394001676,-1.5786388501161635,-5.340014769358916
15,crossing,68,3.349999999999996,0.116379,0.028302,0.07466,0.013416999999999998,76,2,1.0306403002184473e-06,1.1011723288361216e-07,962.98813116764,7.951673355505163e-10,2.496175187128616,0,0.026105891175512777,0.3271761938904498,-7.906077909251218,-1.5831571285868158,-5.212010674704196
15,crossing,69,3.399999999999996,0.093101,0.02916,0.050567,0.013374000000000011,76,2,1.0105632100610394e-06,1.0399510788788927e-07,1011.9231460363359,1.0289953435708684e-09,2.473099225489218,0,-0.022452751606381313,0.32334563132365224,-8.39932659416293,-1.5868901350262452,-5.09279814779708
15,crossing,70,3.4499999999999957,0.113762,0.028743,0.071338,0.013680999999999999,76,2,1.02911536780776e-06,1.0035027258845777e-07,1070.3447740603474,9.741048686341209e-10,2.4350907556289973,0,-0.07470869319121932,0.33944491249187186,-8.898359263500627,-1.5909168798905131,-4.976972927814048
15,crossing,71,3.4999999999999956,0.09515,0.029128,0.051004,0.01501799999999999,76,2,9.935125532707458e-07,9.75889869581469e-08,1143.4560743378047,9.105764966820128e-10,2.3798036202945196,0,-0.11015167398057298,0.3800286549855934,-9.403239050788383,-1.5967641294890067,-4.851354496859292
15,crossing,72,3.5499999999999954,0.094519,0.028701,0.050857,0.014961000000000002,76,2,9.838737240993008e-07,9.771299483201941e-08,1233.135210624904,1.3382322020470864e-09,2.3047606996884125,0,-0.1449495020386542,0.441486449656862,-9.91459374037569,-1.6059723053484114,-4.706539806395568
15,crossing,73,3.599999999999995,0.089215,0.029266,0.045339,0.014609999999999998,76,2,1.167249693469883e-06,9.84739650898769e-08,1336.9068747517856,6.877572838000622e-08,2.2080238053609382,0,-0.1629377822760431,0.5067468914194099,-10.433379434669822,-1.619532897957729,-4.535713849331676
15,crossing,74,3.649999999999995,0.086871,0.029849,0.041903,0.015118999999999994,76,2,1.0100707060287078e-06,9.910079761104836e-08,1178.4750160305327,1.1464392544007144e-08,2.112408296770534,0,0.0665113689152283,0.5351525984611964,-10.961379259642495,-1.6263248933496905,-4.329128967234215
15,crossing,75,3.699999999999995,0.110647,0.029252,0.066851,0.014544000000000001,76,2,1.337504815457947e-06,7.941677427480789e-08,1093.4515958845068,2.5808804118313916e-07,2.0453092540537425,0,0.21952901726888663,0.44896000303897965,-11.49830196391973,-1.6178403527816558,-4.191814365862239
15,crossing,76,3.7499999999999947,0.096259,0.029809,0.051625,0.014825000000000005,76,2,1.0064074016068733e-06,8.111919957416357e-08,1024.5755726750133,6.0960423628372276e-09,2.016430791562279,0,0.26167057797202947,0.44007039541124193,-12.04221319392329,-1.5975543194038235,-4.062688903517937
15,crossing,77,3.7999999999999945,0.109335,0.029288,0.065329,0.014717999999999995,76,2,1.2278944708567999e-06,8.010557055419454e-08,989.2221194603452,1.4778890030260533e-07,2.01570713724516,0,0.26304188841618825,0.4099294279575458,-12.592275911142885,-1.5693515129704456,-3.9422605984286427
15,crossing,78,3.8499999999999943,0.090424,0.029684,0.045724,0.015016000000000002,76,2,1.1148947651983843e-06,7.800295305478415e-08,966.487712708586,3.689181214360021e-08,2.030936903850712,0,0.3252732616066401,0.3372105005214578,-13.146581826165448,-1.5354926747808648,-3.866230615589819
15,crossing,79,3.899999999999994,0.093845,0.030409,0.049468,0.013967999999999994,76,2,9.67629867538179e-07,7.370741892980538e-08,1018.7149802032021,4.415217938157754e-09,2.0931857741942417,0,0.17832815211867914,0.26660661590605583,-13.703919542443488,-1.5002807492165997,-3.7743931827511776
15,crossing,80,3.949999999999994,0.093145,0.02938,0.050265,0.013500000000000012,76,2,9.615682652017705e-07,7.27587049786998e-08,1180.8065991375072,5.0068017167359394e-09,2.1953811490424724,0,0.1056165895658343,0.23621294312902785,-14.264683513787421,-1.470458914141159,-3.6809685189769272
15,crossing,81,3.999999999999994,0.092494,0.028974,0.050191,0.013329000000000008,76,2,1.1915879086083451e-06,6.51349465565508e-08,1349.7345778903054,1.264529620517944e-07,2.308105376326599,0,0.04945882324292606,0.21803415445243374,-14.829020097761553,-1.449989333814173,-3.594768267773123
15,crossing,82,4.049999999999994,0.093458,0.030043,0.050117,0.01329799999999999,76,2,1.0183481320619642e-06,7.904868338996575e-08,1527.640093635463,1.1027714529790236e-08,2.3982647372003303,0,0.0023661759157920653,0.20146259286215862,-15.396944804602887,-1.4396045865645157,-3.5176353612698623
15,crossing,83,4.099999999999993,0.093549,0.028924,0.051302,0.013323000000000002,76,2,1.0234800690670798e-06,9.287739031738337e-08,1705.3650149726448,1.0023492223938565e-08,2.4659098041632004,0,-0.0428119485650892,0.201240395933934,-15.968651436535035,-1.4385619905488083,-3.444060505605128
15,crossing,84,4.149999999999993,0.093519,0.029374,0.050965,0.013179999999999997,76,2,9.98944154816564e-07,1.0841832988466228e-07,1862.3274739680976,1.030876601727054e-08,2.5145072720268167,0,-0.07327788811669962,0.19426924609073554,-16.54437810275334,-1.4449802649319627,-3.376137797773138
15,crossing,85,4.199999999999993,0.109589,0.029034,0.067349,0.013205999999999996,76,2,9.66631922089163e-07,1.269030749807063e-07,1999.3806087625437,8.207107048915127e-10,2.548038739670832,0,-0.09486690059177923,0.18989011272855882,-17.124150959803476,-1.4567433087591348,-3.312204420952952
15,crossing,86,4.249999999999993,0.094438,0.030164,0.050883,0.013391,76,2,9.96490547038074e-07,1.491327027411801e-07,2116.3819847797868,1.7020901737008783e-08,2.5700686004794466,0,-0.10387968640212318,0.18603765683115814,-17.707889172275426,-1.4721335602791084,-3.2500183341047855
15,crossing,87,4.299999999999993,0.100073,0.029544,0.057182,0.013346999999999998,76,2,1.0249837714110547e-06,1.8281407979520775e-07,2227.2422971068763,1.2346893756164557e-08,2.58329811766828,0,-0.11401220607586147,-0.06457011579813707,-18.292848496394058,-1.4898557585751415,-3.2937804149252035
15,crossing,88,4.3499999999999925,0.115682,0.029459,0.072871,0.013351999999999989,76,2,1.0146684299621042e-06,2.1494704979012596e-07,2306.5516453965643,5.919374747470572e-11,2.5895712858711057,0,-0.11366137641292691,-0.04334142662541575,-18.876496994572694,-1.5088909571510325,-3.328150553264255
15,crossing,89,4.399999999999992,0.107779,0.030816,0.063546,0.013416999999999998,76,2,9.63556245495719e-07,2.4994777912565964e-07,2367.0856703025156,3.440287624150592e-10,2.5859043126172505,0,-0.10373699047165756,0.19316100336547912,-19.46140106736963,-1.5281755304539748,-3.2617447830656374
15,crossing,90,4.449999999999992,0.100995,0.030127,0.056971,0.013896999999999993,76,2,1.096548790879558e-06,2.701261349241129e-07,2437.5131684414623,1.4171513287440323e-08,2.578387557785194,0,-0.09620561632212939,-0.03486725774528342,-20.047539879814423,-1.5467720989555258,-3.2894039315981853
15,crossing,91,4.499999999999992,0.09894,0.029752,0.055835,0.013353000000000004,76,2,1.1288941785521763e-06,2.949364503900734e-07,2485.054618525235,1.2504442160427305e-08,2.567985453041954,0,-0.08774711608773007,-0.048788827331959744,-20.63227681845998,-1.5641192763317997,-3.322052191861628
15,crossing,92,4.549999999999992,0.123929,0.02959,0.080995,0.013343999999999995,76,2,1.4385403532001416e-06,5.861282548385033e-07,2522.610990644454,6.93558079988687e-10,2.5369298765755843,0,-0.07660198514997836,-0.06322603886356755,-21.21523633387462,-1.5798504526056258,-3.3593392820152452
15,crossing,93,4.599999999999992,0.115435,0.034901,0.067241,0.013293,76,2,9.367143319472949e-07,3.8237440200914986e-09,2538.1806026842373,6.4303446039340836e-09,2.4919679478434347,0,-0.057042747240400496,0.18497385751845363,-21.798856507176723,-1.5932590619844458,-3.290717635709118
15,crossing,94,4.6499999999999915,0.098805,0.034246,0.051302,0.013257000000000005,76,2,1.1035264935660295e-06,3.771754494147203e-09,2554.804090616779,9.97547390718823e-08,2.449496491238996,0,-0.03478042479368555,0.17100502885160296,-22.385651753614336,-1.6034001103794475,-3.226298396989149
15,crossing,95,4.699999999999991,0.094827,0.034319,0.047222,0.013285999999999992,76,2,9.090805805996233e-07,3.5583274599512016e-09,2497.582944912644,6.112129753276657e-09,2.418874792248168,0,0.0141260364881673,0.15580838369095074,-22.975432972387733,-1.6078811933820927,-3.168842668401057
15,crossing,96,4.749999999999991,0.0896,0.03019,0.046243,0.013166999999999998,76,2,1.3414876429177884e-06,5.273421947701589e-07,2321.9195762055774,1.3561246237406809e-08,2.4128765170597894,0,0.131449860023855,0.12503107506169542,-23.56734262471328,-1.6026321775698655,-3.14764641757049
15,crossing,97,4.799999999999991,0.11077,0.03005,0.067489,0.013231000000000007,76,2,1.4067894885988875e-06,1.412315504461398e-07,2211.85787883129,2.655579381527477e-07,2.416642805402102,0,0.23221135054052028,0.10165522928024738,-24.159748170628706,-1.5865652158670622,-3.1594281624723504
15,crossing,98,4.849999999999991,0.092141,0.031046,0.048015,0.013079999999999994,76,2,1.3061253731713248e-06,9.716097010909699e-08,2144.8926745398326,2.0896440306222788e-07,2.4522480734827212,0,0.3029530937808932,0.10560798298451815,-24.751222849561252,-1.5620919134068347,-3.18265533749501
15,crossing,99,4.899999999999991,0.110903,0.031269,0.066453,0.013180999999999998,76,2,1.2160898174211574e-06,9.258635174961824e-08,2112.79646090104,1.2350346567153909e-07,2.4922994837787535,0,0.35946157481599605,0.08446365618135317,-25.340484153416956,-1.5317728262622694,-3.225059367151026
15,crossing,100,4.94999999999999,0.109769,0.030147,0.066497,0.013124999999999998,76,2,1.0955304631922943e-06,9.106631054509894e-08,2084.2722360354646,1.2730153564765049e-08,2.4864350409451377,0,0.23177882131318903,0.08284711824490028,-25.92728219258667,-1.497883502005689,-3.235636167956688
15,crossing,101,4.99999999999999,0.110833,0.030118,0.067508,0.01320700000000001,76,2,1.3945331665055628e-06,9.021660462232506e-08,2087.081247959695,3.043165618832377e-07,2.4779184909132854,0,0.23818701744395804,0.09080368709917092,-26.51183110729337,-1.4618831552279365,-3.246535919779637
15,crossing,102,5.04999999999999,0.110406,0.029913,0.067152,0.013341000000000006,76,2,1.5494633982385704e-06,9.0004946921927e-08,2095.431385763207,4.594584513166435e-07,2.466635218971417,0,0.2378563225866247,0.10459927568004043,-27.093601822634767,-1.42441306751318,-3.2540085470136955
15,crossing,103,5.09999999999999,0.111024,0.029216,0.068007,0.013800999999999994,76,2,1.320896875381181e-06,8.997595711767859e-08,2109.2283556717166,2.3092091826350247e-07,2.4527272160711187,0,0.23444473580726705,0.11824290388054655,-27.672151173432397,-1.3859964378562555,-3.2577408876876603
15,crossing,104,5.14999999999999,0.110378,0.029191,0.067804,0.013383000000000006,76,2,1.333588544857729e-06,8.547675864748873e-08,2126.773322562649,2.4811178621024034e-07,2.4468491446147227,0,0.23047327541849155,0.12658092963621176,-28.24697371447343,-1.3470225883002136,-3.2600945749492336
15,crossing,105,5.1999999999999895,0.110882,0.02922,0.068363,0.013299000000000005,76,2,1.232819620760265e-06,5.858933523636807e-08,2145.068214274352,1.7423028552389689e-07,2.4508289315138865,0,0.2282087335864074,0.1419792021303902,-28.817545146010115,-1.3077241960407924,-3.258758107073744
15,crossing,106,5.249999999999989,0.105019,0.029367,0.062537,0.013115000000000002,76,2,1.4641738131762136e-06,5.087725965601969e-08,2163.24972476689,4.132965535201941e-07,2.4905571969860776,0,0.2262092359148015,0.14358678324302582,-29.383241845586223,-1.2682343062674581,-3.2594841821219536
15,crossing,107,5.299999999999989,0.105732,0.029174,0.063302,0.013256000000000004,76,2,1.2084635985210646e-06,5.025456506588926e-08,2179.425379207036,1.5820903345517547e-07,2.5664420480182706,0,0.22721453298457894,0.13763945466485406,-29.943193542172136,-1.2286325236469438,-3.2661657564116844
15,crossing,108,5.349999999999989,0.08443,0.029125,0.042098,0.01320700000000001,76,2,9.926156644365046e-07,4.915852629099064e-08,2192.919383611601,2.0169110539964236e-09,2.6641464983888845,0,0.23326554200462213,0.10691766290661583,-30.496153457838442,-1.1889574917302614,-3.290272657244369
15,crossing,109,5.399999999999989,0.08833,0.029125,0.045977,0.013228000000000004,76,2,9.88072465350242e-07,4.672078214084251e-08,2206.8256808913043,1.127424367934526e-09,2.7831438292333885,0,0.19156501218874494,-0.01486941569764505,-31.040266074327484,-1.1499360952503779,-3.355363187465981
15,crossing,110,5.449999999999989,0.086602,0.029312,0.043061,0.014228999999999992,76,2,9.816438874195783e-07,4.214421316221386e-08,2654.655433153786,1.340303707347339e-09,2.923814370916979,0,-0.3105595353795774,-0.2900953677555128,-31.575114209797146,-1.1248979500796539,-3.5587773353919996
15,crossing,111,5.4999999999999885,0.094086,0.02976,0.051036,0.013289999999999996,76,2,1.3569607955268575e-06,4.1484333999536385e-08,3062.270486672318,3.1547646152732125e-07,3.097850740642844,0,-0.3420909639911432,-0.27582217625673533,-32.10200198932325,-1.1247865436727917,-3.7493522972858706
15,crossing,112,5.549999999999988,0.085594,0.029389,0.042912,0.013293,76,2,9.863815636571446e-07,3.946145338190189e-08,3398.6818194057755,1.3230193331186367e-09,3.310811446628069,0,-0.4134253942155528,-0.196735580880506,-32.62293716002641,-1.143440005015681,-3.9096413243496393
15,crossing,113,5.599999999999988,0.096201,0.030747,0.052325,0.013128999999999988,76,2,1.4829409764045101e-06,3.850589218972732e-08,3639.7291026642756,4.444350842147829e-07,3.548343030653907,0,-0.4020172952055753,-0.15125404921936694,-33.1408747682385,-1.172640124336074,-4.044398579536237
15,crossing,114,5.649999999999988,0.105304,0.030244,0.061858,0.013201999999999992,76,2,1.2866981874688452e-06,3.4908875198935675e-08,3805.637268852547,2.5178931226990964e-07,3.792624216102915,0,-0.44936298413520825,-0.06387750267893601,-33.65784274992607,-1.2075469230787241,-4.15306902876894
15,crossing,115,5.699999999999988,0.119945,0.030099,0.076727,0.013118999999999992,76,2,9.887327036960825e-07,3.272915223247971e-08,3952.1788180628746,2.4245873802901664e-09,4.033280990035266,0,-0.43018441634987215,-0.015671909538550008,-34.17509325803064,-1.2458794946988168,-4.23970940107723
15,crossing,116,5.749999999999988,0.113225,0.02993,0.070178,0.013117000000000004,76,2,1.1796732241677976e-06,3.0778224828536095e-08,4082.108208780685,1.488949993392616e-07,4.265419254796292,0,-0.43515386422404356,0.04721796836817296,-34.693486384336914,-1.2864683721973114,-4.304114914793004
15,crossing,117,5.799999999999987,0.112974,0.030207,0.069567,0.013200000000000003,76,2,1.1442853292204164e-06,2.955690651337499e-08,4205.660892000191,1.1472842270704139e-07,4.486360075900983,0,-0.49033721831555155,0.16026304515552625,-35.21392011853108,-1.3286590751326732,-4.336875026898822
15,crossing,118,5.849999999999987,0.103441,0.02874,0.061643,0.013058,76,2,1.1258069221943922e-06,2.864178608171417e-08,4330.884070851743,9.71651361126781e-08,4.694579100466427,0,-0.551445556295181,0.2647218454522682,-35.737289037217366,-1.3721356567306755,-4.342591667947293
15,crossing,119,5.899999999999987,0.103847,0.028588,0.062165,0.013093999999999995,76,2,1.3893808164718779e-06,2.8072037548128894e-08,4458.619955965259,3.6130877892374905e-07,4.889324342916975,0,-0.4234984990361328,0.3124882269054977,-36.264782935151196,-1.4169205943864265,-4.303032281684118
15,crossing,120,5.949999999999987,0.122891,0.028685,0.081008,0.013198000000000001,76,2,9.893108470122388e-07,2.819394205775037e-08,4599.129568171419,3.1749555600693244e-09,5.070504369063794,0,-0.5227703796073337,0.27344737618025994,-36.79582847935709,-1.4627196316553264,-4.305844191604436
15,crossing,121,5.999999999999987,0.106104,0.028521,0.06447,0.013113,76,2,1.2110392867617176e-06,2.7821836460358003e-08,4713.014847657292,1.832174503013597e-07,5.237109935847833,0,-0.4655873734521465,0.18534556058766255,-37.32798138422323,-1.5088283949529868,-4.3370249443775215
15,crossing,122,6.0499999999999865,0.09434,0.029191,0.051996,0.013152999999999984,76,2,1.1400987236000528e-06,2.8154108673602925e-08,4807.275056324355,1.119446149264499e-07,5.387042725809447,0,-0.4121905716673774,0.09554868096274732,-37.85910084881892,-1.554717874615235,-4.397538028473441
15,crossing,123,6.099999999999986,0.093763,0.029244,0.051299,0.013219999999999996,76,2,1.2711624703243698e-06,2.8438107796189855e-08,4881.803549222713,2.4272436252818e-07,5.518632584313572,0,-0.3997612324547697,0.03375873222163826,-38.38707689707222,-1.5999576120002517,-4.4840693721948135
15,crossing,124,6.149999999999986,0.102804,0.029154,0.060434,0.013216000000000006,76,2,1.1244869547880688e-06,2.846303979336399e-08,4938.1237427222195,9.602391499470482e-08,5.504910097391466,0,-0.3882937892035251,-0.0233223002793575,-38.909941159144054,-1.6441907758648768,-4.59408407715981
15,crossing,125,6.199999999999986,0.10209,0.02907,0.05995,0.013069999999999998,76,2,1.4163681616776305e-06,2.8345453711486125e-08,4977.04986583175,3.8802270796614444e-07,5.4439271415400485,0,-0.37728978530517415,-0.07387394293579032,-39.425886413232966,-1.687134318527427,-4.724124354813508
15,crossing,126,6.249999999999986,0.102549,0.029194,0.060093,0.013261999999999996,76,2,1.4293263273700178e-06,2.8139752208761794e-08,5000.477622260303,4.01186575161256e-07,5.3632043950316275,0,-0.3676763403354046,-0.11190320458311769,-39.933348640823965,-1.7285870532955907,-4.8685407892327905
15,crossing,127,6.299999999999986,0.113278,0.02909,0.070885,0.013302999999999995,76,2,1.1887358075914055e-06,2.7850709569632204e-08,5011.884617848599,1.6088509802177336e-07,5.263441648617824,0,-0.3554732252320545,-0.1438976446842154,-40.4310151150268,-1.7684293522528676,-5.023494677073696
15,crossing,128,6.349999999999985,0.112785,0.029158,0.070337,0.013289999999999996,76,2,1.1105505392663902e-06,2.7476735397614934e-08,4988.981171389153,8.307380386877527e-08,5.1471674053012615,0,-0.16825043685225843,-0.17062387341319996,-40.91894861638387,-1.8057192466002643,-5.143305918503303
15,crossing,129,6.399999999999985,0.110749,0.028372,0.0692,0.013177000000000008,76,2,1.1421122239172173e-06,2.668880905215966e-08,4827.905978833408,1.154234148650576e-07,5.023642290210466,0,-0.08846855492158005,-0.18726825937637553,-41.39844717108944,-1.8366890479234173,-5.247042275545665
15,crossing,130,6.449999999999985,0.109617,0.028951,0.067433,0.013232999999999995,76,2,1.0317471172659094e-06,2.581089402667963e-08,4614.0195976149425,9.653325599964105e-09,4.902582551539483,0,-0.041722725080533304,0.04596334738073034,-41.87270489617989,-1.8579186611869403,-5.244196920475964
15,crossing,131,6.499999999999985,0.092387,0.029133,0.049992,0.013261999999999996,76,2,1.315710090741246e-06,2.474022814748656e-08,4463.818980615636,2.909698625937595e-07,4.785469401511911,0,-0.022270848137691396,0.009104776077994786,-42.34407449450919,-1.8700878457739276,-5.251671879430871
15,crossing,132,6.549999999999985,0.1142,0.029269,0.071832,0.013099,76,2,1.2657619634256855e-06,2.417471813654482e-08,4373.808622988349,2.415872452891408e-07,4.669042982899019,0,-0.01610685436731414,-0.16707737882290907,-42.8108631891605,-1.8763244134461783,-5.3297733592164676
15,crossing,133,6.5999999999999845,0.09246,0.029279,0.05013,0.013050999999999993,76,2,1.1286889652001429e-06,2.378641871053864e-08,4313.301117245506,1.0490254648960428e-07,4.550942829507808,0,-0.01097202702170523,-0.1584280778007892,-43.27209113742988,-1.879450876565709,-5.402800086279086
15,crossing,134,6.649999999999984,0.088513,0.028655,0.046756,0.013101999999999989,76,2,1.0079953966381342e-06,2.3224953984546135e-08,4261.97021435959,7.0530768670023195e-09,4.432093014375895,0,0.0019315317108018343,-0.06401248061574341,-43.7296775149919,-1.8805095548605961,-5.435592008033293
15,crossing,135,6.699999999999984,0.086023,0.029666,0.041901,0.014455999999999997,76,2,1.4628997966514244e-06,2.8726853881911705e-08,4080.7732679433234,4.341729427695126e-07,4.3192800009347785,0,0.05704637558956897,-0.08409334536477811,-44.18575845004872,-1.8772712855227336,-5.481440392963291
15,crossing,136,6.749999999999984,0.086455,0.03002,0.042838,0.013596999999999998,76,2,1.2385181526355655e-06,3.323265315813376e-08,3877.4239099307374,2.052854994774318e-07,4.2189832888047665,0,0.1262127392161148,-0.10147131750651137,-44.64123680986962,-1.8674609168068697,-5.5476496192569265
15,crossing,137,6.799999999999984,0.084511,0.028473,0.042795,0.013243000000000005,76,2,1.0163595556035242e-06,3.873672241770817e-08,3710.615709453399,5.955529052336223e-09,4.133422163618998,0,0.2157602697388336,-0.11554117305177691,-45.09610316513566,-1.850388710717706,-5.6406755207778065
15,crossing,138,6.849999999999984,0.090232,0.0293,0.047573,0.01335900000000001,76,2,9.6181290110505e-07,2.4156417788834642e-08,3589.9949595035787,2.5681802333401778e-09,4.0614820020169,0,0.2977236766186839,-0.12905137279564238,-45.549589859876,-1.8267362220637893,-5.755242895261945
15,crossing,139,6.8999999999999835,0.119013,0.029468,0.076007,0.01353799999999998,76,2,9.563241263948045e-07,2.4364794478679892e-08,3506.619886532585,1.0462233853137358e-09,4.000349815347129,0,0.3491543175904696,-0.1386728771858179,-46.00066137563666,-1.7981338258117805,-5.8806312886598295
15,crossing,140,6.949999999999983,0.119352,0.028096,0.075372,0.01588400000000001,76,2,9.526209744289944e-07,2.393006377467408e-08,3437.902116187805,7.091246770185155e-10,3.947893593669971,0,0.37264612298647193,-0.12908130029579684,-46.448602477746554,-1.765985943181706,-6.00389506584782
15,crossing,141,6.999999999999983,0.086965,0.029458,0.043216,0.014290999999999998,76,2,1.2134888216977907e-06,2.3719597272707678e-08,3374.797887152348,1.897692244250831e-07,3.903043567679704,0,0.3752465705371527,-0.10988723656979738,-46.893118285275165,-1.731148992901142,-6.117661126946103
15,crossing,142,7.049999999999983,0.083865,0.0292,0.041378,0.013286999999999993,76,2,1.115132818838152e-06,2.41038665948044e-08,3320.6328303096598,9.102895224334754e-08,3.8652598544297625,0,0.3537627457665708,-0.11935693930101518,-47.333874135611275,-1.6942457305324332,-6.228023713180917
15,crossing,143,7.099999999999983,0.084594,0.029294,0.042085,0.013215000000000005,76,2,1.1545859576614096e-06,2.430386429346282e-08,3288.9581773337122,1.3028209336794687e-07,3.834244989652186,0,0.32294731308326563,-0.13908349793203814,-47.770303018557634,-1.6560935255001636,-6.335309043152611
15,crossing,144,7.149999999999983,0.08387,0.029559,0.041037,0.013274000000000008,76,2,1.2972885315766023e-06,2.4277239914956916e-08,3308.1037803012937,2.7301129166164534e-07,3.810084419855481,0,0.274852814037517,-0.13690873233820797,-48.2022187074084,-1.6183003114795198,-6.423077003983014
15,crossing,145,7.199999999999982,0.083592,0.028848,0.04153,0.013214000000000004,76,2,1.2612149635035158e-06,2.40976953368357e-08,3425.757483267253,2.3711726816668019e-07,3.7936486214857235,0,0.23911889425501942,-0.15563402194308765,-48.62958142603186,-1.5828487474182913,-6.506588257578043
15,crossing,146,7.249999999999982,0.084049,0.029307,0.041587,0.013155,76,2,1.1513802578841529e-06,2.371057474099162e-08,3708.939330431614,1.2766968314316137e-07,3.7645276985321985,0,0.16390391006071145,-0.15602114871262815,-49.05268627817313,-1.5535070235286892,-6.569439070384018
15,crossing,147,7.299999999999982,0.098871,0.029003,0.056712,0.013156000000000001,76,2,1.0101051723259942e-06,2.2933680140454066e-08,4052.6481957859964,6.9522439845078534e-09,3.747268807836143,0,0.07858729389133098,-0.14848323892566243,-49.47225413415053,-1.534182800327992,-6.62533224887664
15,crossing,148,7.349999999999982,0.085321,0.030086,0.041804,0.013430999999999985,76,2,1.0875743804562776e-06,2.2720983257288643e-08,4358.0876203542375,6.485339719898905e-08,3.7467701965781046,0,0.012079838044769822,-0.38119839696678454,-49.88618899839846,-1.5250477363849932,-6.786882828794273
15,crossing,149,7.399999999999982,0.09096,0.02927,0.04795,0.013740000000000002,76,2,9.678041857289033e-07,2.34716129220864e-08,4579.653708504612,2.1055850152133297e-09,3.753035478912416,0,-0.04533028882664057,-0.3359066829013534,-50.29246898599652,-1.5240901322991083,-6.938022862895332
15,crossing,150,7.4499999999999815,0.090793,0.029405,0.047789,0.013599,76,2,9.668365156018144e-07,2.3808456860677795e-08,4727.935938726499,1.7320782389471708e-09,3.77285280076093,0,-0.07800654934762129,-0.3089710679245084,-50.691702631817584,-1.529059530657333,-7.081262573602701
15,crossing,151,7.499999999999981,0.084707,0.029394,0.041963,0.01335,76,2,1.261768529968598e-06,2.4006330778947393e-08,4819.429234232065,2.3776219918965075e-07,3.7993243581259577,0,-0.09547211134212923,-0.27260627035949175,-51.084430481778035,-1.5378569957852186,-7.208999652361479
15,crossing,152,7.549999999999981,0.106365,0.029133,0.063971,0.013261000000000009,76,2,1.2862123987761451e-06,2.407530985746008e-08,4876.027106458925,2.62137088918685e-07,3.8272616341941372,0,-0.10517385782389664,-0.254971222516603,-51.471137290194484,-1.5489127902604267,-7.32787183465069
15,curvedCrossing,1,0,0.104093,0.028901,0.05395,0.02124200000000001,76,2,2.091934667524645e-06,1.1622253609377207e-06,0.3086445321962933,2.2637459906604818e-08,24.12932728127087,0,0.02116224306700755,-0.22500000167940695,0.0002337018507822253,0.00027536230655348087,-0.10232563730672872
15,curvedCrossing,2,0.05,0.095447,0.028743,0.053606,0.013097999999999999,76,2,2.207048290401635e-06,1.0950059872143371e-06,1.1761189734710302,4.0209151008774313e-07,23.17271521210231,0,0.04141210146953922,-0.2727468686647962,0.0020162130983732546,0.002141635466203694,-0.22675427435241424
15,curvedHeadOn,1,0,0.056721,0.020631,0.023089,0.013001000000000006,76,2,1.0099827642269417e-06,9.87479777492366e-10,1.374412168722061e-08,9.720367830821822e-09,30.64776283474686,0,0.016884712251481616,0.01977185009524574,-6.286377837979248e-10,-1.2040737074926755e-09,9.417074119610902e-06
15,curvedHeadOn,2,0.05,0.049299,0.020398,0.023111,0.0057900000000000035,76,2,1.0301939529674905e-06,9.856824343529132e-10,7.182339631455303e-08,2.9208270533137578e-08,29.506364450431708,0,0.01688345712909513,0.01979545902849899,-8.023849098349406e-08,-9.105405706245211e-08,2.87520563375665e-05
15,headOn,1,0,0.080937,0.030589,0.033319,0.01702899999999999,76,2,1.606342737286099e-06,1.2415587712770639e-08,0.43899080347211017,9.946431516194565e-07,18.051527180638463,0,0.015219985234862107,-0.22500008423953363,0.0009538191049490289,0.0010782838876761624,-0.10194239316210663
15,headOn,2,0.05,0.077864,0.029884,0.037302,0.010678000000000007,76,2,1.0877460125076711e-06,6.686077064899797e-08,2.446042261962687,1.5835770073024946e-07,16.9042843345178,0,0.07720388099931573,-0.24929012708237505,0.0066511824979851,0.006824756526683475,-0.22333243825213067
15,headOn,3,0.10000000000000002,0.119643,0.033977,0.075254,0.010412000000000005,76,2,9.48250921819029e-07,5.321014252441237e-09,5.6647523223341345,1.5614585180401264e-09,15.75762849835215,0,0.11631835079005809,-0.2695527467930058,0.021355665696196107,0.019235640345045973,-0.36069212761348446
15,headOn,4,0.15000000000000002,0.090126,0.034524,0.045211,0.010390999999999997,76,2,1.6262263230352259e-06,1.8073596372246615e-08,9.87306029128493,6.80210374248702e-07,14.613847517125492,0,0.14721681992819563,-0.2856594358590258,0.047475053744764434,0.03743595650793451,-0.5114453825183141
15,headOn,5,0.2,0.080389,0.03292,0.037232,0.01023700000000001,76,2,1.2064862177859084e-06,1.331385133207592e-08,14.634530264723471,1.9317236645383245e-07,13.47583745469877,0,0.14347514264258154,-0.29831153891722256,0.08627518123619697,0.059640358645495176,-0.6658249323055543
15,headOn,6,0.25,0.079746,0.032643,0.036921,0.010181999999999997,76,2,1.2323344270609193e-06,2.5413162790699477e-07,20.27743887548433,3.411234161809773e-08,12.346292630868255,0,0.13575978577459455,-0.3174334378344126,0.13805615929071455,0.08382151321723241,-0.8271081974035379
15,headOn,7,0.3,0.104605,0.036722,0.057827,0.01005600000000001,76,2,1.1539074235998715e-06,6.981627037170508e-09,27.468043131944267,1.4692579656270093e-07,11.226915042398563,0,0.14336060411047952,-0.3284738059906104,0.20322164129738615,0.10901799121918411,-0.9971158674425649
15,headOn,8,0.35,0.099256,0.036433,0.051812,0.011011000000000007,76,2,1.4186606932867021e-06,6.898274279149026e-08,35.4002392881319,3.4967795049521196e-07,10.118928613109489,0,0.13880625740512886,-0.34351125407026145,0.282095439935118,0.13470649298924503,-1.173903223835854
15,headOn,9,0.39999999999999997,0.089366,0.039874,0.039533,0.009958999999999996,76,2,8.798839317665339e-07,7.171359807432682e-09,43.74328802269202,1.0090009050500726e-08,9.0234820285416,0,0.12710129363543918,-0.3624184135868951,0.37444486318659753,0.16009396932716488,-1.3570132933505494
15,headOn,10,0.44999999999999996,0.09035,0.040283,0.040209,0.009857999999999992,76,2,9.752318106706946e-07,1.3355798119306266e-08,51.96819524532406,3.333225273571827e-08,7.941377017891673,0,0.11341499239442454,-0.37503326117212865,0.47973099888182674,0.18440666637142394,-1.543088724937439
15,headOn,11,0.49999999999999994,0.086441,0.038901,0.037947,0.009593000000000004,76,2,1.359937392641819e-06,2.2467916574796385e-08,60.93429076472944,3.374694760670227e-07,6.872816624837375,0,0.11414558995325098,-0.37058019063145486,0.5976643729484662,0.207506528731554,-1.728376026365959
15,headOn,12,0.5499999999999999,0.094382,0.043353,0.041314,0.009715000000000001,76,2,9.49698863295912e-07,1.0827537737615675e-08,70.3926260121055,1.6648141660165832e-08,5.817656168744094,0,0.11400124383956274,-0.35749589364490253,0.7282004918241154,0.22968016577209718,-1.9083050288653904
15,headOn,13,0.6,0.11096,0.051469,0.049921,0.009569999999999995,76,2,0.002385297057389299,0.0023843445442459097,81.82924722936295,3.646832147987183e-09,4.775386661139006,0,0.1513074207503508,-0.2983236344139945,0.8719610258790699,0.2520037173354317,-2.073550191715018
15,headOn,14,0.65,0.114197,0.055185,0.049299,0.009713000000000013,76,2,0.003439063483998746,0.003438075040612146,105.77433091635862,6.626023547753522e-09,3.74795775445879,0,0.21260054825479974,-0.4787103843124433,1.028513057283621,0.27509190649234,-2.3241818986828875
15,headOn,15,0.7000000000000001,0.126905,0.051016,0.06644,0.009448999999999985,76,2,0.01937747333356273,0.019376460773969564,108.05652327513104,1.2559593164096494e-08,2.735211982848266,0,0.3028731658158654,-0.09445288639878549,1.1986596175648672,0.29955313433011743,-2.44074931060201
15,headOn,16,0.7500000000000001,0.10951,0.052497,0.046982,0.010030999999999984,76,2,0.014568044700571887,0.014567176259169267,133.81897096862545,4.642015721302392e-09,1.7605949907953606,0,0.28031872818113923,-0.22192473741646818,1.3836296717213987,0.3258121437981627,-2.602763569070925
15,headOn,17,0.8000000000000002,0.098132,0.046975,0.04187,0.00928699999999999,76,2,0.026959555817672825,0.026958690067336095,149.5268060461498,1.907128600235829e-08,0.9424832577131252,0,0.23294875316591118,-0.14220074108928651,1.5832356243230248,0.3536309170209252,-2.7224592799703675
15,headOn,18,0.8500000000000002,0.096708,0.045603,0.041931,0.009174000000000002,76,2,0.02028699523192755,0.020285598305548633,178.17851641106685,3.9692637891428073e-07,0.717045516929716,0,0.27954194461578685,-0.1461328287304718,1.7977525186282346,0.38294602565015234,-2.8536853985498887
15,headOn,19,0.9000000000000002,0.095795,0.044393,0.042177,0.009224999999999997,76,2,0.03427148721610497,0.034270575878663334,189.76346459191345,1.0446754966437218e-08,0.5979703988934809,0,0.1994022234213869,0.10502636910129871,2.0281270835056135,0.4135714914023312,-2.8619740702559575
15,headOn,20,0.9500000000000002,0.102383,0.047837,0.045368,0.009178000000000006,76,2,0.022947449158489328,0.022946505509714842,226.08960668618695,7.13878672466354e-09,0.4363123359412182,0,0.4059669080464712,-0.00652498822396004,2.274474592938343,0.44525093912165403,-2.9639686491512425
15,headOn,21,1.0000000000000002,0.125558,0.043489,0.073054,0.009015000000000009,76,2,0.023270594463760525,0.023269585695510325,259.1111558612409,8.76825019882621e-09,0.2302439479290765,0,0.38747441089381446,-0.11679538862077098,2.534893672561848,0.4773302354722048,-3.106191590307933
15,headOn,22,1.0500000000000003,0.093877,0.043059,0.04156,0.009258000000000002,76,2,0.023412231912219812,0.02341096243617659,261.0587371556636,2.6947604322286045e-07,0.0,0.017443817173316667,0.13028046462757054,0.023977149494280148,2.8087190344842026,0.5077538346286571,-3.1276409620805463
15,headOn,23,1.1000000000000003,0.096887,0.040534,0.047374,0.008979000000000001,76,2,0.023467207316036992,0.02346626422485639,196.05992588544885,3.0874586246850518e-09,0.0,0.07924561605884506,-0.15466793972787163,-0.02826921683067546,3.0872626399264407,0.5233418917834313,-3.184167871381069
15,headOn,24,1.1500000000000004,0.088115,0.032131,0.046946,0.00903799999999999,76,2,1.0325219634383e-06,9.789712301719251e-08,158.03670099546716,2.3325250872180256e-09,0.11495047623649055,0,-0.25153497852532075,-0.19340521345635311,3.3588556330795516,0.5167350121441915,-3.3215602793699652
15,headOn,25,1.2000000000000004,0.083778,0.031494,0.043418,0.008865999999999999,76,2,9.713043359738978e-07,1.2560509706967061e-08,116.88464326796995,4.49816641288103e-09,0.3971848362110853,0,-0.27476523356628524,-0.18931836713048555,3.6184622389783474,0.4959626108325166,-3.4543684716292944
15,headOn,26,1.2500000000000004,0.081864,0.032174,0.041055,0.008635000000000004,76,2,9.717696529894793e-07,1.0035911874763482e-08,87.1747808102234,3.23678643205161e-09,0.6908183626450398,0,-0.28346807100972654,-0.17448620256052197,3.86289537615242,0.4671937457985688,-3.579131157189746
15,headOn,27,1.3000000000000005,0.090088,0.032844,0.048105,0.009139000000000008,76,2,9.503257023615574e-07,4.8471728194242e-09,64.2000661398309,6.545396602237286e-10,0.9837833790861263,0,-0.27606147761921324,-0.147924232669744,4.090567273422348,0.4337256671376614,-3.690064518755216
15,headOn,28,1.3500000000000005,0.099014,0.028964,0.060977,0.009072999999999998,76,2,1.765790520849301e-06,5.189074800362685e-07,46.41739930302128,2.468830408130324e-07,1.269920694123826,0,-0.2597775304377268,-0.12366522229697058,4.3007624045885215,0.3976022430671895,-3.7872726929421177
15,headOn,29,1.4000000000000006,0.075483,0.028424,0.038294,0.008764999999999995,76,2,1.1028743779942913e-06,1.352244557296684e-07,32.960053895926535,3.606592932777566e-09,1.5754889031419759,0,-0.2464103726321476,-0.0973909101162046,4.493194622048805,0.36022297797536285,-3.871873892454417
15,headOn,30,1.4500000000000006,0.083684,0.027774,0.046605,0.009304999999999994,76,2,1.0861504186075534e-06,2.063157376126441e-08,94.64666059148232,6.551884484628905e-08,2.150440859219742,0,0.07438404601790295,-0.06244339411729424,4.677914325127542,0.3355449818916613,-3.9172737082389
15,headOn,31,1.5000000000000007,0.069388,0.027589,0.033039,0.008760000000000004,76,2,1.016433368146647e-06,7.376932212654712e-09,151.98922450847255,9.669974035175592e-09,2.889275385812617,0,0.025598105202616156,-0.05250088316160251,4.8638825465755575,0.32909023950360816,-3.9482701321551392
15,headOn,32,1.5500000000000007,0.084771,0.023538,0.052887,0.008345999999999992,76,2,1.834695892458402e-06,9.067051878855293e-07,114.81425497182586,5.7488829452634205e-09,3.7082089833768372,0,-0.1529897080544585,-0.011882856031023709,5.042860663607271,0.3225358089473327,-3.9918961256133176
15,headOn,33,1.6000000000000008,0.075317,0.025849,0.041352,0.008115999999999998,76,2,1.114464263897951e-06,5.9026326395174645e-08,85.86067349573302,5.543793750277632e-08,4.5672738619971796,0,-0.12231615198548443,0.013406025002514865,5.209244057879472,0.3090588231014269,-4.010997651900118
15,turningCrossing,1,0,0.113211,0.029011,0.064799,0.019401000000000015,76,2,2.210657687153862e-06,1.280639963528903e-06,0.4389906629532937,2.7519456935465314e-08,24.708264388971724,0,0.015219959449285211,-0.22500000253702465,0.0009538175827763528,0.0010782821633987059,-0.10194235747623104
15,turningCrossing,2,0.05,0.080779,0.028477,0.03968,0.012622000000000008,76,2,2.430606078569662e-06,1.1819049802752609e-06,1.6304445256695361,7.017230747585756e-07,23.717525079879458,0,0.04023293766681499,-0.271034697635695,0.00508204514973794,0.005026277696766373,-0.2253760055782159
15,turningCrossing,3,0.10000000000000002,0.080012,0.028393,0.039501,0.01211799999999999,76,2,2.0096418323653096e-06,1.0237005619925768e-06,2.134517039046292,2.1475486700062163e-07,22.732898578829573,0,0.018480190890715884,-0.3037920370873525,0.012423392066805419,0.010101037549778164,-0.359737121004688
15,turningCrossing,4,0.15000000000000002,0.101528,0.028088,0.061016,0.01242399999999999,76,2,1.8392618938773604e-06,9.537295839465645e-07,2.8430157320810565,5.895551380419306e-09,21.75641902981922,0,0.0038094815530420323,-0.3261309557518417,0.021091183949562362,0.01350958304476512,-0.5031827610643642
15,turningCrossing,5,0.2,0.083377,0.027791,0.043322,0.012264000000000011,76,2,1.916344781484942e-06,9.33162422070601e-07,4.087547849559661,8.091504866136745e-08,20.788665127823208,0,0.006307449503806337,-0.3472579642415669,0.030714725017463192,0.015552386798255274,-0.6555150762440238
15,turningCrossing,6,0.25,0.093758,0.028553,0.053088,0.012116999999999989,76,2,1.9703947396436187e-06,9.82598467140327e-07,5.481305738668155,6.114271666746163e-08,19.829918775350464,0,0.005890048162856043,-0.37465433384840396,0.041503007146694325,0.017110450672142456,-0.8192090054483039
15,turningCrossing,7,0.3,0.085255,0.028918,0.04404,0.012297000000000002,76,2,2.16249698649034e-06,9.512453205136129e-07,7.318749046767578,2.1125166597672713e-07,18.88062559454214,0,0.011052963086849318,-0.4032889558336129,0.05366141696061689,0.01879315521319967,-0.9949562228858682
15,turningCrossing,8,0.35,0.089612,0.034588,0.041625,0.013398999999999994,76,2,9.141067954963729e-07,1.0282112030432754e-08,9.556529515163092,1.3818060029535673e-09,17.94117327314987,0,0.016749280133285957,-0.43169803638511073,0.06767750201310409,0.021170623888334218,-1.1827344594571407
15,turningCrossing,9,0.39999999999999997,0.092564,0.034028,0.044524,0.014011999999999983,76,2,9.446981656399637e-07,1.1971704713988908e-08,11.878636067887259,2.338392590672811e-09,17.012333102777248,0,0.015075557097176048,-0.4595979626307438,0.08361277213411625,0.02400286135975421,-1.381887817263216
15,turningCrossing,10,0.44999999999999996,0.095507,0.033828,0.04796,0.013718999999999995,76,2,1.1819550141181202e-06,1.0989597232665516e-07,14.58717481508806,7.205904179146514e-08,16.095097496972993,0,0.01403923075336655,-0.4898739370426889,0.10122191760011437,0.026845917276193853,-1.5935302287362525
15,turningCrossing,11,0.49999999999999994,0.096631,0.03345,0.048887,0.014294000000000001,76,2,1.0033178954526434e-06,4.502561912252806e-08,17.957600315662607,4.949974208301455e-09,15.190398534426034,0,0.015834758465110524,-0.5249337198222053,0.12050031471993186,0.029728650212225777,-1.8198119581202779
15,turningCrossing,12,0.5499999999999999,0.08995,0.034148,0.040963,0.014839000000000005,76,2,9.759390124207421e-07,3.424596581887266e-08,21.532237006234837,4.067841619104229e-10,14.299290816767689,0,0.01479594737367157,-0.5564335144761061,0.14140451849039062,0.032614954914992576,-2.059073243404317
15,turningCrossing,13,0.6,0.091386,0.038282,0.039746,0.013358000000000009,76,2,1.419712513484644e-06,5.482167654413883e-09,25.563138926262333,4.142303458302302e-07,13.42290864119565,0,0.015557410326221266,-0.5858757620211164,0.16383228068521916,0.03546755168747728,-2.3105662182665707
15,turningCrossing,14,0.65,0.094205,0.035364,0.045474,0.013367000000000004,76,2,1.3217495933252011e-06,6.824852581726527e-09,29.78399493183423,3.149247407434746e-07,12.56238366736417,0,0.017205394118832262,-0.6082952756692324,0.18781935241532288,0.038413735735285184,-2.5713937331081524
15,turningCrossing,15,0.7000000000000001,0.084253,0.034734,0.036139,0.013380000000000003,76,2,1.503127920485856e-06,1.1322116275487586e-08,34.40405869994642,4.918058042103687e-07,11.719108731303908,0,0.015459663889968181,-0.6353624553504121,0.21322580507206426,0.04132529610389291,-2.8432962521023164
15,turningCrossing,16,0.7500000000000001,0.084492,0.029968,0.041211,0.013313000000000005,76,2,1.239894960607735e-06,2.7506688594465907e-07,39.175794305517094,5.149600850720606e-09,10.894730813136489,0,0.015012652318882755,-0.6562492052985238,0.2398167676211098,0.04407495268870348,-3.1238038449456447
15,turningCrossing,17,0.8000000000000002,0.080898,0.030563,0.036923,0.013412000000000007,76,2,1.1568900996696713e-06,7.458735014796726e-08,44.65070066762615,8.230274952170406e-08,10.091218678781464,0,0.0131701353454831,-0.684040876543157,0.2673500260676742,0.04658695870223153,-3.4157336393755617
15,turningCrossing,18,0.8500000000000002,0.080097,0.030389,0.036041,0.013667000000000012,76,2,1.0186970913342483e-06,4.7487355234927484e-08,51.50223911230094,5.0015135785394255e-09,9.311155364361383,0,0.011993502568057382,-0.722595129634596,0.295541262428552,0.048815497038238224,-3.7236200253652356
15,turningCrossing,19,0.9000000000000002,0.084804,0.029332,0.041682,0.01379000000000001,76,2,1.311363944593676e-06,2.9751154354686433e-07,58.90899849739842,1.3852401046811709e-08,8.557851529736304,0,0.005729283427924503,-0.7643655666103646,0.32383655703339737,0.05045108210790366,-4.048701457761956
15,turningCrossing,20,0.9500000000000002,0.087563,0.029385,0.036788,0.021389999999999992,76,2,1.5412540709078285e-06,2.489156064868592e-07,67.1944185676106,2.9233846442096936e-07,7.835317115112745,0,0.002777736936947231,-0.7996806061472611,0.35167297107874534,0.051393931872495004,-4.388426490776128
15,turningCrossing,21,1.0000000000000002,0.091356,0.034743,0.041815,0.014798000000000006,76,2,9.557596706899713e-07,3.744195135632707e-09,74.06498740475685,1.8859964099888875e-09,7.1484907062415965,0,0.01915256121759963,-0.7965997528180909,0.3797940434814355,0.052935528558501074,-4.727389643191827
15,turningCrossing,22,1.0500000000000003,0.103173,0.035678,0.052585,0.014909999999999993,76,2,1.1263388456804441e-06,5.295704904873675e-09,82.35960794819661,1.2104314077557046e-07,6.504992313599341,0,0.08363718454360093,-0.7842400046625547,0.4110377976304946,0.057760841825012676,-5.069113750300621
15,turningCrossing,23,1.1000000000000003,0.119333,0.033394,0.071881,0.014057999999999987,76,2,1.1343076997408785e-06,2.0163682871559533e-07,91.07212147615321,4.4200271047400985e-10,5.914890660648098,0,0.06234840774928986,-0.7899730610675135,0.4467265291688998,0.06534255054942595,-5.407572045770724
15,turningCrossing,24,1.1500000000000004,0.096657,0.038463,0.044271,0.013923000000000005,76,2,1.0307149148984492e-06,7.707438599408091e-09,100.42954186554641,2.3007476299041007e-08,5.381827834249568,0,0.05704350506761871,-0.8148616428224875,0.48552112581023477,0.07322407013151241,-5.754924398507118
15,turningCrossing,25,1.2000000000000004,0.128768,0.037935,0.07666,0.014172999999999991,76,2,9.775090241920549e-07,3.817825785533577e-08,105.12028266419804,5.577999468570072e-10,4.870798325539334,0,0.05338709129225436,-0.8067794394467944,0.5266530950002863,0.08069749142834613,-6.098280891549065
15,turningCrossing,26,1.2500000000000004,0.129706,0.03842,0.077373,0.013912999999999981,76,2,9.726500814877922e-07,3.832243356195226e-08,110.22352277105796,3.357061347658563e-10,4.376198924322319,0,0.05768456745996893,-0.7920587477488281,0.569894559310394,0.08795761041893535,-6.435954709893581
15,turningCrossing,27,1.3000000000000005,0.102778,0.039659,0.049024,0.014094999999999996,76,2,1.241409128670187e-06,1.1744753697017716e-08,118.40277317135094,2.2966437497316933e-07,3.898037983290285,0,0.07342619011960787,-0.7853558027823421,0.6157255663465114,0.09583263238962647,-6.772612121112449
15,turningCrossing,28,1.3500000000000005,0.116728,0.039614,0.063228,0.013885999999999982,76,2,9.673998279484143e-07,6.7422986450648165e-09,53.01347377332476,6.395688266426676e-09,3.48657448339439,0,0.04438513657237934,-0.31347604402848184,0.6634426594207701,0.10285870058500536,-6.908268931010737
15,turningCrossing,29,1.4000000000000006,0.128545,0.039345,0.073167,0.01603299999999999,76,2,9.4283002645934e-07,3.7357252572663354e-09,50.824086199287386,6.963882964749514e-10,3.149522925699886,0,-0.005277767224640781,-0.2945594588607806,0.7096941637651379,0.10599294162648262,-7.036827522066922
15,turningCrossing,30,1.4500000000000006,0.097005,0.037557,0.044964,0.014483999999999997,76,2,8.415585460037757e-07,3.183164697908878e-09,50.499817955332304,1.7261457003342473e-09,2.8126918873033326,0,-0.16092458432107487,-0.2430155400291967,0.7482971622088604,0.10140894556992522,-7.175509562472899
15,turningCrossing,31,1.5000000000000007,0.107167,0.038305,0.053503,0.015358999999999998,76,2,1.1147498869758178e-06,3.4894062370353665e-09,39.4577013935021,1.1126048073878245e-07,2.4750033547397448,0,-0.20521238837675793,-0.17354741814019292,0.7740461795875401,0.08808553842807768,-7.290853142731135
15,turningCrossing,32,1.5500000000000007,0.09219,0.038301,0.040357,0.013531999999999988,76,2,9.357648370522981e-07,2.7599159025860053e-09,30.007134056417044,2.3178276223464675e-08,2.136613312702527,0,-0.24105957659902294,-0.11387143009547127,0.785918922306474,0.06832719225249913,-7.383653181150502
15,turningCrossing,33,1.6000000000000008,0.092971,0.038047,0.041175,0.013748999999999997,76,2,7.902466698306567e-07,5.155960048795064e-09,20.35883811395916,1.0281530543393078e-08,1.798296343345722,0,-0.291500226396262,-0.025120403069627956,0.7830448446538691,0.0432138365771077,-7.447444006706875
15,turningCrossing,34,1.6500000000000008,0.101655,0.038282,0.048735,0.014637999999999998,76,2,8.368302664649592e-07,3.501676677535488e-09,11.98696308727847,3.3216823022621383e-09,1.4611556754365003,0,-0.335115360854277,0.06297674131250924,0.764391233186689,0.013195232437508824,-7.480345345019088
15,turningCrossing,35,1.7000000000000008,0.097954,0.038595,0.044783,0.014575999999999992,76,2,7.482453873874635e-07,4.181463505455785e-09,4.949363123476083,5.865682621911117e-09,1.1045902889321213,0,-0.35341117740752037,0.14242526670814137,0.7292273388008927,-0.021116361078642728,-7.477866989031526
15,turningCrossing,36,1.7500000000000009,0.10037,0.037334,0.048687,0.014349,76,2,9.123875185657815e-07,5.145942423652933e-08,1.4317069774920662e-06,1.975118697446817e-09,0.7362891202116884,0,-0.3564192891125994,0.21311773672052006,0.6772265866218519,-0.05886797250723027,-7.439070004769219
15,turningCrossing,37,1.800000000000001,0.095822,0.038199,0.043916,0.01370700000000001,76,2,1.1232073201679742e-06,5.119833111040848e-09,0.00013003039516489796,1.1808748705693333e-07,0.40900201601193104,0,-0.4002510959610262,0.3132138871418503,0.6077542829296488,-0.09987182636893582,-7.36802449552369
15,turningCrossing,38,1.850000000000001,0.099866,0.038229,0.048063,0.013573999999999989,76,2,9.096448381055312e-07,6.740489882972114e-09,7.054035301000935e-06,9.022580314604553e-09,0.12505065008484684,0,-0.390845179185863,0.39671910439789554,0.5200500900223701,-0.14401303146215086,-7.252584005449785
15,turningCrossing,39,1.900000000000001,0.092785,0.038785,0.040417,0.013583000000000012,76,2,8.821858587013231e-07,1.164044556549871e-08,9.544753606025262,5.642333043278866e-09,0.04705337920350476,0,-0.4186229006186404,0.4638704769879764,0.4135778061215285,-0.191017052519558,-7.114055212900229
15,turningCrossing,40,1.9500000000000008,0.087391,0.033511,0.039736,0.01414399999999999,76,2,1.0729749899954633e-06,1.80805520889413e-07,25.823230465642133,5.029500184253535e-08,0.2313605335572862,0,-0.38193287952634253,0.46405568628896054,0.2880437178159602,-0.24024615257095389,-6.960548521582211
15,turningCrossing,41,2.000000000000001,0.088361,0.034073,0.04084,0.013447999999999988,76,2,8.57471264179666e-07,6.36888965101788e-09,49.75276379754351,6.431141528605994e-10,0.5076788983777266,0,-0.4077030996430587,0.4868472364753589,0.14316479369241117,-0.2913319995408685,-6.807574318170817
15,turningCrossing,42,2.0500000000000007,0.089643,0.034362,0.041699,0.01358200000000001,76,2,8.17273031558594e-07,3.8348192159197844e-09,79.25365532198047,5.136618414901956e-09,0.7580075849696154,0,-0.40693289133773786,0.4770239985563616,-0.021533506700827133,-0.3444055319065876,-6.659907746451545
15,turningCrossing,43,2.1000000000000005,0.103848,0.034947,0.055413,0.013488,76,2,9.397964927322933e-07,3.771874283540952e-09,105.54819273887264,1.189165659172542e-09,0.9829687770402316,0,-0.3421633305137915,0.4461981770572401,-0.20553787596575454,-0.39799289357334083,-6.504750036131274
15,turningCrossing,44,2.1500000000000004,0.092888,0.034533,0.044836,0.013519000000000003,76,2,9.594035729968315e-07,3.043956601401826e-09,139.00287579940326,5.616519248492248e-09,1.1869359797862302,0,-0.3412234486030665,0.4521787298456842,-0.40858473657351013,-0.45133296131659384,-6.355860027126695
15,turningCrossing,45,2.2,0.087789,0.029425,0.044871,0.013493000000000005,76,2,1.3049760970647495e-06,3.822866543875826e-07,172.90572140794305,2.3518137050445795e-09,1.3722928337644025,0,-0.32709298025796485,0.46446663651091746,-0.6308768509705287,-0.5047303871740488,-6.203822090361504
15,turningCrossing,46,2.25,0.083495,0.029126,0.040979,0.013389999999999999,76,2,1.0531040587666949e-06,2.3280996586630343e-07,202.89934454905696,2.030844872477622e-09,1.5392077272570301,0,-0.2870737725892964,0.47898537927966,-0.8720726567717589,-0.5574509922325405,-6.038314519334342
15,turningCrossing,47,2.3,0.084845,0.029677,0.041612,0.013555999999999999,76,2,1.0421092021871401e-06,1.9261552557290948e-07,229.0536051064769,5.649644823149669e-09,1.706959424464532,0,-0.242617108408066,0.49136947981023105,-1.1314489001266217,-0.607943046873083,-5.861295220568477
15,turningCrossing,48,2.3499999999999996,0.084703,0.029688,0.04158,0.013435000000000002,76,2,1.0043086904873112e-06,1.1611699952423817e-07,261.8782266087219,6.306574535167031e-09,1.8892040875460228,0,-0.2260002672787909,0.522119009512688,-1.4089473536558244,-0.6559515686786098,-5.677928558300856
15,turningCrossing,49,2.3999999999999995,0.085936,0.030755,0.041794,0.013386999999999996,76,2,9.69819608684597e-07,9.353813329519107e-08,291.0525358253286,6.3802828198684935e-09,2.077154787816451,0,-0.19732990158239905,0.5686486364994799,-1.7048012064035696,-0.7017280469551351,-5.474635359242708
15,turningCrossing,50,2.4499999999999993,0.087095,0.03108,0.042533,0.013482000000000008,76,2,9.51003088224816e-07,6.566816592558544e-08,318.0741776972155,5.474270508361474e-09,2.2640792990392846,0,-0.162592908598355,0.6101866824115548,-2.0189256631318377,-0.7447199399188476,-5.2517540583215805
15,turningCrossing,51,2.499999999999999,0.087668,0.030547,0.043645,0.013475999999999988,76,2,9.630404085219154e-07,6.645266153589682e-08,349.06456438894753,5.7948324599650484e-09,2.447070302142056,0,-0.13942459133431762,0.6461549329289413,-2.3514074382380095,-0.7847343007143345,-5.015425027421614
15,turningCrossing,52,2.549999999999999,0.087897,0.031049,0.04327,0.013578000000000007,76,2,9.50922225165361e-07,7.104179070528664e-08,383.3573983516843,2.3097916938483176e-09,2.623752880674096,0,-0.1209134756982357,0.6812941062789519,-2.7025648298686984,-0.8221436278023477,-4.76588438953476
15,turningCrossing,53,2.5999999999999988,0.085843,0.030733,0.041628,0.013482000000000008,76,2,1.0180189294320438e-06,7.104534226367603e-08,421.7868604598706,8.909195560544841e-09,2.7912655054824103,0,-0.10560041614034436,0.7107481310423851,-3.0727201526690497,-0.8573858212042922,-4.5052107820371035
15,turningCrossing,54,2.6499999999999986,0.086772,0.03027,0.043076,0.013426000000000007,76,2,9.658917032915365e-07,9.030420704354519e-08,463.8095691278091,2.4129205895709674e-09,2.9471018184139117,0,-0.08999116713436149,0.7252249149024855,-3.4620627627678644,-0.890672476308852,-4.238843022736191
15,turningCrossing,55,2.6999999999999984,0.087168,0.030977,0.041226,0.014964999999999992,76,2,1.0509964313591397e-06,8.714707406740808e-08,512.1007013278285,1.1075328728779588e-08,3.0895551522461058,0,-0.0861692223118156,0.7498314304343235,-3.8708727986094997,-0.922521412775938,-3.9645436108521466
15,turningCrossing,56,2.7499999999999982,0.080689,0.029827,0.03709,0.013771999999999993,76,2,1.304706181977052e-06,7.945571994759083e-08,572.4989736989049,2.2525046202946115e-07,3.2164697396293844,0,-0.11976166087770544,0.7942653077056403,-4.299751984517155,-0.9545446575511202,-3.6810213063032915
15,turningCrossing,57,2.799999999999998,0.082157,0.030589,0.037672,0.013895999999999992,76,2,1.0443448439335875e-06,6.659417933005001e-08,642.3642051086468,6.7770367282414534e-09,3.32368062584046,0,-0.10384258767138056,0.8128913173009837,-4.749045724898359,-0.9877040554698752,-3.391002663153225
15,turningCrossing,58,2.849999999999998,0.086719,0.029432,0.043239,0.014048000000000005,76,2,1.0409690246028183e-06,7.067081533071474e-08,719.3780537318003,5.328255489600586e-09,3.408692367812512,0,-0.10140063071613105,0.8130284706861048,-5.218736036588206,-1.0219329939385555,-3.1062246376676583
15,turningCrossing,59,2.8999999999999977,0.086075,0.03032,0.041713,0.014041999999999999,76,2,1.0090589277379984e-06,5.802657779116195e-08,794.6917665545328,3.3695357422227484e-09,3.471160674514412,0,-0.051737226981457066,0.799842035936663,-5.708538334214199,-1.056295397367133,-2.824848000582074
8,acceleratingHeadOn,1,0,0.107156,0.031278,0.03809,0.037788,68,2,9.529296587289788e-07,1.3109010816440772e-08,0.28395874469329574,4.798826536145384e-08,18.400400961953004,0,0.015219961168638357,-0.22500000418512353,0.0008769686841754251,0.0008940737583210222,-0.09989513636677838
8,acceleratingHeadOn,2,0.05,0.070887,0.027894,0.02999,0.013003000000000008,68,2,1.564765507066682e-06,5.433216593588914e-07,1.529681754287866,3.819560869811056e-07,17.6009035708999,0,0.06343922703643559,-0.26893211355397584,0.0054780649684545105,0.004982798031350473,-0.22328811595001596
8,acceleratingHeadOn,3,0.10000000000000002,0.070254,0.02794,0.029221,0.013092999999999994,68,2,1.2884330818652444e-06,3.489870536124955e-07,3.3862312639623973,7.787658118374452e-08,16.80159587506286,0,0.10173546747574853,-0.2867194870925053,0.01666391097769384,0.01330131368011574,-0.3586793175903056
8,acceleratingHeadOn,4,0.15000000000000002,0.074746,0.025151,0.037598,0.011997000000000008,68,2,1.2529879425696752e-06,3.883202976462142e-07,4.284833469380685,2.1022373619672408e-08,16.001117570990093,0,0.14128095621765638,-0.07910882462209054,0.03632377490456438,0.025903705700788822,-0.41323747344084083
8,acceleratingHeadOn,5,0.2,0.07784,0.026994,0.03719,0.013656000000000001,68,2,1.215452390351793e-06,3.359077812575235e-07,6.762231243901262,4.840176925924311e-09,15.19806996618308,0,0.17693822629564346,-0.05854126693245584,0.06604583162487757,0.042692806000160975,-0.46351374564858183
8,acceleratingHeadOn,6,0.25,0.070851,0.025662,0.032633,0.012555999999999998,68,2,1.5933811417027084e-06,3.887804820905093e-07,10.305360145663961,3.782580286770809e-07,14.39400000199099,0,0.2052671999802818,-0.0874592909425585,0.10671546772691849,0.06311052903822519,-0.5278725587046234
8,acceleratingHeadOn,7,0.3,0.075876,0.025417,0.037762,0.012697,68,2,1.2027552017508549e-06,3.3589459143026526e-07,15.14447919646694,2.063560655685137e-09,13.59111513844341,0,0.23170492321221065,-0.12673370111833135,0.15879515077629144,0.0865606670636526,-0.6106860040320985
8,acceleratingHeadOn,8,0.35,0.07571,0.02589,0.037322,0.012497999999999995,68,2,1.2461651906628094e-06,3.831378230305589e-07,18.886323145318425,3.087625488618073e-09,12.792002303825466,0,0.22332410832463984,-0.17392874387997778,0.22161092382038583,0.11150478677819549,-0.7028803603350608
8,brakingLead,1,0,0.079003,0.025776,0.033306,0.019921,68,2,4.93447713049481e-07,8.611240665879676e-08,0.12529527459317727,1.6698678662052657e-07,1.4484540408485524,0,0.021266407798741643,-0.01014632145153841,0.001230632589539674,0.0012571575955550695,-0.010711162956814846
8,brakingLead,2,0.05,0.07495,0.025458,0.037482,0.012010000000000007,68,2,7.029871880612628e-07,2.3106433533868105e-07,1.128639704940146,6.083098225140304e-08,1.4422930627906463,0,0.08620778606197803,0.0036870875781762694,0.007482788946592452,0.006813700862961805,-0.024915003289203597
8,crossing,1,0,0.085994,0.029778,0.037285,0.018931000000000003,68,2,1.0198767390954866e-06,1.8609328790056157e-07,0.2839587401686223,2.8483931435729914e-08,12.798864994269566,0,0.01521996008613423,-0.22500000104781426,0.0008769686247044751,0.0008940736974757468,-0.09989513500173608
8,crossing,2,0.05,0.085684,0.033376,0.040169,0.012138999999999997,68,2,1.005537723222183e-06,9.865811973079289e-08,1.2632771807277325,9.633201325520702e-08,12.232261707470034,0,0.05163433936121736,-0.25488472439671633,0.004972996456552154,0.0044567106457553685,-0.21550409815270566
8,crossing,3,0.10000000000000002,0.125873,0.034173,0.078455,0.013245000000000007,68,2,1.0029033476727662e-06,1.2667036532595147e-07,1.4173581263021393,9.686139668119154e-09,11.668562167275805,0,0.017447109523825804,-0.29466956833608254,0.011202287974150203,0.007994940370570124,-0.3434627593848649
8,crossing,4,0.15000000000000002,0.090326,0.033496,0.044978,0.011852000000000015,68,2,1.2721998090077164e-06,1.7384132628243532e-07,2.40462936549761,3.8911254196527523e-07,11.113443892772713,0,-0.00997689876247615,-0.34413542483637494,0.016129595700839897,0.008849670550285751,-0.4929693793300318
8,crossing,5,0.2,0.095872,0.033105,0.051172,0.011594999999999994,68,2,1.111312568688844e-06,2.2971774715361816e-07,3.693211718239474,2.3864783482707708e-08,10.569141384374674,0,-0.037485896598931576,-0.3718556957154625,0.01779387573291994,0.006744433037756578,-0.655944402572687
8,crossing,6,0.25,0.086866,0.034159,0.040263,0.012443999999999997,68,2,1.1371086322580614e-06,2.5792076622447167e-07,5.337254869085283,1.1355751228236954e-08,10.03298865399562,0,-0.017475338679142527,-0.4113270012447441,0.01721483304458133,0.004160895745964877,-0.8328692458458749
8,crossing,7,0.3,0.08958,0.033452,0.043456,0.012672000000000003,68,2,1.1118686738891327e-06,2.4590529299758144e-07,7.21383018758132,6.248874750980349e-10,9.501643560440998,0,0.0016065115880519662,-0.43752432583455936,0.016969948410491716,0.0031737763051775717,-1.0208104865381848
8,crossing,8,0.35,0.095715,0.033827,0.049745,0.012142999999999987,68,2,1.4456310726625016e-06,2.961708596502175e-07,9.250176508005291,1.494602130122841e-07,8.973287290912177,0,0.03414481947008951,-0.46915473231434895,0.019217881977641117,0.004745326192072409,-1.2239573614455326
8,crossing,9,0.39999999999999997,0.114686,0.032764,0.06919,0.012731999999999993,68,2,1.0787819445364585e-06,2.1435247270497597e-07,11.81402386927198,6.157718779320476e-11,8.451638720871415,0,0.009872916441529697,-0.5107572061366179,0.023036447957552213,0.006535535330401661,-1.4421856473736367
8,crossing,10,0.44999999999999996,0.09588,0.033336,0.05109,0.011454000000000006,68,2,1.1378025778080451e-06,1.6148577138458913e-07,15.050488428894434,3.496679279457737e-08,7.941231249170675,0,-0.011482185606002074,-0.5466245972993307,0.025711275717737025,0.006556151450980442,-1.675893009474156
8,crossing,11,0.49999999999999994,0.0816,0.029718,0.040406,0.011476000000000014,68,2,1.0475092623238788e-06,1.9282268002101582e-07,18.618259849243284,8.037044935821358e-10,7.443907307643056,0,-0.0334825608351937,-0.5735346426716429,0.02582193175575459,0.004604011874861771,-1.9219236097843115
8,crossing,12,0.5499999999999999,0.077874,0.029213,0.036903,0.011758000000000005,68,2,9.033680241235981e-07,1.065594120572604e-08,22.28062270313524,1.5399142206872925e-09,6.9607698090417145,0,-0.05526460821174696,-0.5899926638116376,0.022549419486894616,0.0007508539135964258,-2.1759893172358646
8,crossing,13,0.6,0.073781,0.029478,0.032771,0.011532,68,2,1.1346458081093565e-06,2.1175716913350774e-09,26.45247171602975,1.325282364180215e-07,6.492395552800599,0,-0.0727319183626247,-0.6130689816006836,0.015608976425375004,-0.004677495150820219,-2.440157280751735
8,crossing,14,0.65,0.071901,0.02672,0.033334,0.011847000000000003,68,2,1.2792873632033853e-06,1.787052762323557e-07,30.895876796130125,1.0058208697102964e-07,6.039129823846403,0,-0.0865800436643381,-0.6350305823896363,0.005167530839660037,-0.011236873831676531,-2.7134352873181573
8,crossing,15,0.7000000000000001,0.071742,0.025852,0.033171,0.012719000000000001,68,2,9.325973551028919e-07,3.8062995562409485e-08,35.594691683240555,9.628710437549315e-10,5.601364562587635,0,-0.09732205170668214,-0.6556987668623292,-0.008365982974225946,-0.01851845648973802,-2.994941800840688
8,crossing,16,0.7500000000000001,0.072048,0.026165,0.033503,0.012380000000000002,68,2,9.074319975822851e-07,3.008759692295276e-08,41.720567811799384,1.2114104269318975e-09,5.180570135226007,0,-0.12001982350083139,-0.6757390352668595,-0.025030786277952393,-0.026727208343544775,-3.2868295109754166
8,crossing,17,0.8000000000000002,0.085631,0.026549,0.047134,0.011948,68,2,1.1583849686264858e-06,2.9586290763501467e-08,44.17781295125582,1.2879867786298438e-07,4.774514684813226,0,-0.07187244403879516,-0.7104394366797484,-0.04195279637152788,-0.03312645084705657,-3.5843896245530136
8,crossing,18,0.8500000000000002,0.074921,0.025879,0.036731,0.012311000000000002,68,2,9.891567279073369e-07,3.390061202489562e-08,59.90545634210752,1.8237624895955235e-08,4.383266092404602,0,0.15528520381275424,-0.8132051284262711,-0.054770673135013784,-0.03554953207291259,-3.9463319305075055
8,crossing,19,0.9000000000000002,0.076431,0.02694,0.037692,0.011799000000000004,68,2,9.128366688919558e-07,4.262985590628904e-08,64.59117378104924,6.187299942035131e-09,4.011021108405594,0,0.16636466677578665,-0.7918271675517596,-0.06033281941023622,-0.03322802393661451,-4.301763627194298
8,crossing,20,0.9500000000000002,0.075936,0.026372,0.036936,0.012628,68,2,8.99257542701778e-07,1.6553316473328103e-08,68.97575200085636,3.3471608677001358e-09,3.6660182317357703,0,0.1884426089482247,-0.7680813921068865,-0.05809993580492272,-0.02689338917487207,-4.648210804412319
8,crossing,21,1.0000000000000002,0.071166,0.026434,0.032839,0.011892999999999994,68,2,8.51597288439459e-07,9.782779352844504e-09,62.61985453175672,1.1235757437508612e-08,3.3598732002649787,0,0.15002072223295074,-0.7026251505067542,-0.050765478224073624,-0.01935946787324466,-4.948972793538645
8,crossing,22,1.0500000000000003,0.072496,0.028146,0.032717,0.011633000000000004,68,2,9.778487768402703e-07,1.1085123335840794e-08,58.994689009811,5.223211078242288e-08,3.1031433532110744,0,0.03479925673577923,-0.632225508526673,-0.045994609456255046,-0.015689019735850285,-5.213402691669938
8,crossing,23,1.1000000000000003,0.071865,0.0271,0.032794,0.011971000000000002,68,2,8.305449810373687e-07,1.5795159173623045e-08,67.4617157077538,2.6524333145562344e-08,2.9033815437016304,0,0.056845745044349597,-0.6738585030533015,-0.043945834230420484,-0.01342427929059311,-5.499366796073444
8,crossing,24,1.1500000000000004,0.076055,0.027037,0.037139,0.011879,68,2,8.266773690275864e-07,1.111561652062358e-08,84.18100374031121,2.363663953474683e-09,2.7727914324095497,0,0.2979497349896308,-0.6758879937481997,-0.03829609422240355,-0.008346074611928222,-5.827195018880797
8,crossing,25,1.2000000000000004,0.068311,0.026433,0.029408,0.012469999999999995,68,2,8.053796887828586e-07,1.4724032333005566e-08,2.3288019985759854e-05,1.4861153012075794e-08,2.66927421432303,0,0.16590047349536416,0.06943172823571066,-0.028879219093326455,-0.002073374731964224,-5.8003491623287875
8,crossing,26,1.2500000000000004,0.073565,0.026237,0.034604,0.012724,68,2,7.661156210697288e-07,1.792567414191545e-08,4.204677042142905e-07,3.914864474263702e-10,2.5605990114386232,0,0.08665646668917827,0.05859858338207402,-0.021853831998578318,0.0018030992912154117,-5.775042969865394
8,crossing,27,1.3000000000000005,0.07243,0.027112,0.032149,0.013169,68,2,6.24201767711286e-07,2.4483436648976373e-08,5.222303665576026,1.702248910893326e-08,2.4457080620249028,0,0.2795160113747296,0.10682082236579052,-0.010483767788481296,0.009540475869170255,-5.777070161055637
8,crossing,28,1.3500000000000005,0.088957,0.026113,0.051179,0.011664999999999995,68,2,9.400931417617367e-07,4.017819121107092e-08,1.5519088242249324,2.4751160214702556e-08,2.3204672623473415,0,0.3430035854406335,0.07692538769405473,0.009278767368734779,0.021536455702912728,-5.776967133436106
8,curvedCrossing,1,0,0.084637,0.029494,0.036039,0.019103999999999996,68,2,9.532204522126219e-07,8.803016152853562e-08,0.266117057112888,3.433583284362385e-08,15.856807383299309,0,0.02791197261039932,-0.22500000205374038,0.0006900667360133566,0.0007004532792735428,-0.10018156275167556
8,curvedCrossing,2,0.05,0.11247,0.032779,0.066772,0.012919,68,2,1.1541132473035067e-06,1.9429071803849464e-07,1.2525592225479651,3.5929400432621605e-07,15.168812446367289,0,0.06601520995125644,-0.2601326800950203,0.004361645988964081,0.003962747021474968,-0.21922325158148137
8,curvedCrossing,3,0.10000000000000002,0.091633,0.037392,0.042119,0.012122000000000008,68,2,9.025119839026291e-07,3.0788789767137153e-09,2.1530559160157856,5.863105112524636e-08,14.480482204925455,0,0.06640135313259221,-0.30834363765177153,0.011986695808789702,0.009224382438141755,-0.3559407723098351
8,curvedCrossing,4,0.15000000000000002,0.082702,0.035853,0.03481,0.012038999999999994,68,2,1.114964632335317e-06,4.396101477229022e-09,2.381558496974209,4.947567950885912e-07,13.799839245581776,0,0.02200488968673317,-0.34116633542301594,0.020238628493424338,0.012464917882834655,-0.5023275141797168
8,curvedCrossing,5,0.2,0.098399,0.03758,0.048843,0.011976,68,2,9.228919472048435e-07,4.188452071791186e-09,3.627749409484023,3.306479579023858e-08,13.13234395498406,0,-0.013221496094411984,-0.36878503649895583,0.025479907212092995,0.011862834621922103,-0.6624161873593115
8,curvedHeadOn,1,0,0.11868,0.029924,0.058288,0.030467999999999995,68,2,1.0511541596463222e-06,1.3876316197565923e-07,0.2661170588103448,1.722053433184101e-08,19.867782752917517,0,0.02791197252427058,-0.2250000017065253,0.0006900667313331,0.000700453274465808,-0.10018156260059818
8,curvedHeadOn,2,0.05,0.103148,0.030548,0.058919,0.013681000000000013,68,2,1.1394635239376818e-06,5.0238064595925706e-08,1.3677609725556334,5.231500914693044e-07,19.08300926915941,0,0.07260575988846758,-0.2616063025953507,0.0046424277627476074,0.004256093551294174,-0.22102596523149298
8,curvedHeadOn,3,0.10000000000000002,0.077764,0.030418,0.032817,0.014529,68,2,9.909099859348267e-07,7.343861747151449e-09,3.297956079032659,1.933421340805097e-07,18.307853165226113,0,0.11460102446963222,-0.2951065482198162,0.014775392095291674,0.011948018975306738,-0.3615973528927814
8,curvedHeadOn,4,0.15000000000000002,0.071107,0.0297,0.028959,0.012448,68,2,1.1059755906713503e-06,2.09310374395566e-08,4.565905345241375,2.8739129165344934e-07,17.542050157085182,0,0.14925622395533644,-0.17310081357794987,0.03290470804400436,0.023734013431945318,-0.4555660573657505
8,curvedHeadOn,5,0.2,0.074212,0.031083,0.028452,0.014676999999999996,68,2,1.0294042643429194e-06,1.1544024717919866e-08,6.065482655160955,1.6539044511709733e-07,16.78392335608873,0,0.17812836201002508,-0.07486577060687125,0.06025685759091292,0.039249598291909854,-0.5112352437878194
8,curvedHeadOn,6,0.25,0.071032,0.030455,0.02823,0.012346999999999997,68,2,1.1534163127439873e-06,8.407273570228994e-09,9.425483791390395,2.835276169399492e-07,16.031545941475304,0,0.212852192548473,-0.07681370316463093,0.09787823823164217,0.05829829750093921,-0.5726585057806721
8,curvedHeadOn,7,0.3,0.073172,0.029706,0.031497,0.011969000000000007,68,2,1.1094543927307974e-06,1.1682331130880897e-08,11.398618679605427,1.783375369601714e-07,15.274535370455274,0,0.20387085538733327,-0.10147856672324906,0.1454650674302075,0.07933527966029819,-0.6334208818088483
8,curvedHeadOn,8,0.35,0.07853,0.030364,0.036016,0.012150000000000008,68,2,9.144434556970326e-07,9.353943539269376e-09,13.912009402541686,8.131142426037741e-10,14.510869037149718,0,0.19088235786244695,-0.1567551118881128,0.20118015354228533,0.10017629219352021,-0.7097734585242792
8,curvedHeadOn,9,0.39999999999999997,0.069504,0.025765,0.031481,0.012257999999999991,68,2,1.2898292591191355e-06,2.648403384021905e-07,18.16492424731172,9.94608511106776e-08,13.736243949738503,0,0.18993728240433666,-0.21870289498880846,0.26379860543460637,0.12031264229424748,-0.8119881192251039
8,curvedHeadOn,10,0.44999999999999996,0.074793,0.0257,0.035976,0.013116999999999997,68,2,1.0663236979560484e-06,1.816996054851503e-07,23.072776799304233,1.3606731297244323e-09,12.962362748904077,0,0.1932569218299131,-0.2696963273917682,0.33285940458881363,0.14009183902782182,-0.9365212905889955
8,curvedHeadOn,11,0.49999999999999994,0.069286,0.025481,0.031625,0.012179999999999996,68,2,1.4177083457585444e-06,2.2076474538426076e-07,28.922437931499974,1.969436003742837e-07,12.197483291456678,0,0.20146459678498851,-0.31528409892017795,0.4081838870630315,0.15991981380491346,-1.0819639749778984
8,curvedHeadOn,12,0.5499999999999999,0.069478,0.025727,0.031536,0.012214999999999997,68,2,1.402949429799891e-06,2.590053176761545e-07,35.847391797398586,1.4394411212373642e-07,11.442611629104329,0,0.21394744358572487,-0.357850118858679,0.48974977386482604,0.18017449493513354,-1.2474990987050951
8,curvedHeadOn,13,0.6,0.069354,0.025751,0.031564,0.012038999999999994,68,2,1.2297450253844632e-06,2.9872622595251496e-07,44.0119770054767,2.1048802256729005e-08,10.698876814131758,0,0.23081166092948208,-0.39719090535633467,0.5775880389244189,0.20117210324802065,-1.4323016301294622
8,curvedHeadOn,14,0.65,0.069527,0.025654,0.031781,0.012092000000000006,68,2,1.445425549373638e-06,3.1932156979900174e-07,52.679626248584,1.2610397957463634e-07,9.967535441972016,0,0.24527234680578885,-0.4314422972856423,0.6715543985291489,0.22296321090967466,-1.632380524085094
8,curvedHeadOn,15,0.7000000000000001,0.06911,0.025706,0.031569,0.011835000000000005,68,2,1.278475959916941e-06,3.0478782624532723e-07,61.47816636735906,2.9605562671211096e-08,9.249764620100045,0,0.25568512435985324,-0.4585167627345222,0.7711656004546654,0.2453095692708051,-1.8430974576040535
8,curvedHeadOn,16,0.7500000000000001,0.070163,0.026384,0.031822,0.011956999999999995,68,2,1.3595380210591966e-06,2.776454581054153e-07,70.64656133139177,8.189256295378147e-08,8.546419481273734,0,0.2666311723874859,-0.47596847841531,0.8758058140886567,0.26801043923062967,-2.0610021783566133
8,curvedHeadOn,17,0.8000000000000002,0.080195,0.02558,0.042645,0.011969999999999995,68,2,1.1288598637401413e-06,2.5253971567050597e-07,80.14044542596355,3.969533812764325e-09,7.859036595508862,0,0.28103368562252184,-0.47662696399673593,0.9850112265995504,0.2911010780929527,-2.2804653336533782
8,curvedHeadOn,18,0.8500000000000002,0.080547,0.026284,0.042364,0.011898999999999993,68,2,1.1255266365718016e-06,2.2076355311147083e-07,91.84284632240431,9.451822663951448e-09,7.189496011919198,0,0.3185577082055729,-0.44190282574624734,1.0990541973512444,0.3153161192840025,-2.495415561699444
8,curvedHeadOn,19,0.9000000000000002,0.105452,0.025826,0.067665,0.011961,68,2,1.5620244506326815e-06,7.595452438640971e-07,104.41997380430433,1.360023194269585e-09,6.539641692974542,0,0.36948737832340217,-0.3762404240361231,1.218954693512588,0.3416361404351165,-2.695472055924861
8,curvedHeadOn,20,0.9500000000000002,0.121542,0.030677,0.078878,0.011986999999999998,68,2,9.027875319366973e-07,3.880267321344051e-09,117.12519256809911,4.584484486480633e-09,5.912270618224233,0,0.4233711621426293,-0.26752058279306573,1.3459956533527406,0.37076211126064057,-2.862249645169735
8,curvedHeadOn,21,1.0000000000000002,0.076531,0.02899,0.035588,0.011953000000000005,68,2,9.649022400622393e-07,1.5472645278338833e-08,128.96358434395125,6.095266424834683e-08,5.311166098739695,0,0.45616553236633056,-0.11773606699768088,1.481611120752343,0.40302721049610424,-2.9692660032645906
8,curvedHeadOn,22,1.0500000000000003,0.077665,0.029645,0.036153,0.011867000000000003,68,2,9.729672235031713e-07,1.2290890099263528e-08,146.92637523348847,8.120995657889818e-08,4.742870048158075,0,0.4982866849700033,-0.05604275635796946,1.6267349430142595,0.4384151320508004,-3.0551611712361364
8,curvedHeadOn,23,1.1000000000000003,0.07842,0.029855,0.03668,0.011885000000000007,68,2,7.748627379829266e-07,3.053544724709344e-08,170.16836678854855,2.2703876927793187e-08,4.219002798210264,0,0.698122085580029,-0.08143605380941915,1.7806479950148848,0.47642729424787067,-3.1932430324554986
8,curvedHeadOn,24,1.1500000000000004,0.077613,0.02966,0.035926,0.012026999999999996,68,2,9.663898281982914e-07,9.401097104676578e-08,178.67640584452874,1.1084064795163773e-07,3.7508059433297403,0,0.49205271770168557,-0.08922106060578189,1.9418080483949176,0.515170944756058,-3.2507893447476626
8,curvedHeadOn,25,1.2000000000000004,0.086034,0.029826,0.044283,0.011924999999999991,68,2,1.03733146575491e-06,4.304392385604198e-07,195.5447355560718,1.8676722323278144e-08,3.3513544550530328,0,0.4979372177157141,-0.10859911264633565,2.1088967625230404,0.5535307865658703,-3.3171818004362743
8,curvedHeadOn,26,1.2500000000000004,0.081376,0.029213,0.040235,0.011928000000000008,68,2,1.0016409298979312e-06,6.653994313604235e-07,224.30196574293737,3.5555274906576284e-08,3.0450577765103257,0,0.5481199576148663,-0.10073029831402247,2.2817016365455673,0.5929501677541135,-3.406608047999348
8,curvedHeadOn,27,1.3000000000000005,0.108415,0.029266,0.06717,0.011979000000000004,68,2,1.54492088858218e-06,1.0976619298083654e-06,240.9294315215773,3.884992431923973e-09,2.8554374830631772,0,0.5425900689990371,-0.10643292465974427,2.4600046476608752,0.6333562655874819,-3.480630273043813
8,headOn,1,0,0.139384,0.037646,0.038065,0.06367300000000001,68,2,2.208129122171869e-06,1.3757355502188051e-06,0.2839587382651872,3.360029521282115e-08,18.401650961979673,0,0.015219960100976829,-0.22500000144248247,0.0008769686254888983,0.000894073698277558,-0.09989513516704562
8,headOn,2,0.05,0.082892,0.027538,0.028869,0.026484999999999995,68,2,1.5358400442368742e-06,2.9012425772080666e-07,1.463515226910307,1.028950801007511e-06,17.60611237954429,0,0.058929257300120344,-0.27313393035525574,0.005286623325137224,0.004783221664402752,-0.22426012483457214
8,headOn,3,0.10000000000000002,0.11308,0.026652,0.034128,0.0523,68,2,1.2463734886984716e-06,3.7578771712327197e-07,3.295229265594586,2.989173375489429e-08,16.81359026628927,0,0.09603053982951662,-0.29776823071004194,0.01591046492926199,0.01265390026863353,-0.3632343907134006
8,headOn,4,0.15000000000000002,0.076771,0.030782,0.029677,0.016312000000000007,68,2,1.0248352841548406e-06,7.1652596970301114e-09,4.3339780191923225,1.8382779964909446e-07,16.0224715999992,0,0.14162835150005515,-0.08838139143556706,0.03487648354985756,0.024908834617213223,-0.42237782708659477
8,headOn,5,0.2,0.111876,0.031067,0.05734,0.023469000000000004,68,2,1.2481482353835853e-06,6.0854442104094705e-09,6.506527717728271,5.397919708993726e-07,15.231379172854385,0,0.1717792477582782,-0.067136471119179,0.06381823334609762,0.041368464015157834,-0.4748938909003053
8,headOn,6,0.25,0.078826,0.026417,0.036469,0.015939999999999996,68,2,1.1296424367075134e-06,2.1396469405169185e-07,10.831344851350963,3.954013672036183e-08,14.44159945661196,0,0.21844758165159273,-0.08820849198139163,0.10392697122077495,0.06185250439437,-0.5448530667552873
8,headOn,7,0.3,0.076807,0.02596,0.038364,0.012482999999999994,68,2,1.0215375436188328e-06,1.2330403320160251e-07,14.456555508681431,2.470972315649078e-09,13.655569301553328,0,0.22329911428809518,-0.1299743407754887,0.15557181969823886,0.08535563359200862,-0.6250218641152356
8,headOn,8,0.35,0.075155,0.025574,0.037184,0.012396999999999991,68,2,1.044763501804198e-06,1.5639207804627286e-07,17.756773013398725,8.985163724162248e-10,12.876207665644657,0,0.21086399087772792,-0.18627297009029442,0.2172318066951184,0.10957759296150697,-0.7183549100191211
8,headOn,9,0.39999999999999997,0.07094,0.026273,0.032297,0.012370000000000006,68,2,1.2529806384314237e-06,2.001375511515611e-07,24.080988441976874,1.0078892098697168e-07,12.105419368972989,0,0.21973248307638904,-0.25835686686406834,0.28773961483953225,0.13380483449701155,-0.8434016977607888
8,headOn,10,0.44999999999999996,0.073169,0.026913,0.032985,0.013270999999999998,68,2,1.4666542831376445e-06,2.433133193181059e-07,30.924706964646024,2.2334096381953856e-07,11.344732406494128,0,0.2274070873171537,-0.3174862686725921,0.36663820739702235,0.1582282512001554,-0.9935065345061478
8,headOn,11,0.49999999999999994,0.069948,0.025383,0.032476,0.012089000000000003,68,2,1.3691867782131074e-06,2.6742668473821144e-07,38.92363660738558,1.0176009347489601e-07,10.595511074430823,0,0.23896616043281355,-0.3649892834310108,0.45348499858699015,0.18295653553065663,-1.1650591625094844
8,headOn,12,0.5499999999999999,0.070223,0.025355,0.032578,0.012289999999999995,68,2,1.1719914682207327e-06,2.7166976880756386e-07,47.90470133868083,8.969222919930075e-09,9.858970058630089,0,0.25249880042842904,-0.40414869665365555,0.5479142922946917,0.2081300943033507,-1.3546528957914994
8,headOn,13,0.6,0.076564,0.026242,0.037452,0.012869999999999993,68,2,1.1228536481451688e-06,2.682257112906471e-07,57.02112020685242,1.2781482539026001e-09,9.136211473885542,0,0.26013608138489847,-0.4386310797932382,0.6493264922957621,0.23359628307246738,-1.557571015146209
8,headOn,14,0.65,0.098045,0.02548,0.06001,0.012554999999999997,68,2,1.3866476463118303e-06,2.3257515966871422e-07,66.59419943236317,1.540724866431162e-07,8.428036309804163,0,0.2682583717952375,-0.46165338442201304,0.7569342381935167,0.2591351953754568,-1.7696911789315708
8,headOn,15,0.7000000000000001,0.103523,0.026023,0.064841,0.012659000000000004,68,2,1.2365840777658799e-06,3.8964349334174434e-07,79.32275944682692,4.48667103469802e-10,7.7350015128423655,0,0.30783832550859047,-0.44924580274668613,0.870765844909027,0.2855272452784665,-1.9883033334922944
8,headOn,16,0.7500000000000001,0.078313,0.027255,0.03837,0.012687999999999991,68,2,1.500276474217109e-06,4.375313705223032e-07,91.74628481114539,6.274510369480575e-08,7.057640382187248,0,0.34295379941957777,-0.4137076335349301,0.991434378417099,0.3135709793957425,-2.198672451415093
8,headOn,17,0.8000000000000002,0.102405,0.029914,0.060166,0.012325000000000003,68,2,1.124527499245731e-06,3.6208775986106435e-09,104.08922018794253,1.2090662164712043e-07,6.397661124915667,0,0.5699044562536866,-0.3677853036292178,1.1187603466188953,0.3432078777917054,-2.434971596992935
8,headOn,18,0.8500000000000002,0.085465,0.029304,0.044302,0.011858999999999995,68,2,8.819363736242206e-07,1.5055104410135006e-08,117.30524104961778,3.0455029176974183e-09,5.761874500593476,0,0.6095958050895299,-0.25010624192230924,1.2529859254340994,0.3748220782843973,-2.6335158438537603
8,headOn,19,0.9000000000000002,0.077461,0.029029,0.036897,0.011535000000000004,68,2,8.793225357571002e-07,2.0927814319530786e-08,130.22241212040475,3.1040769888062564e-08,5.154108302871094,0,0.4405671443070545,-0.10635217510865547,1.3958127386422199,0.4090617549633754,-2.7301571557486657
8,headOn,20,0.9500000000000002,0.103658,0.02974,0.062354,0.011564000000000005,68,2,9.062432489533172e-07,5.415814625854247e-08,139.52223246246734,2.670850825226001e-09,4.57845407925183,0,0.4243118499463383,-0.06854403907688403,1.54765125194276,0.44479078512338127,-2.788149184436562
8,headOn,21,1.0000000000000002,0.078857,0.029333,0.037612,0.011911999999999992,68,2,7.865511384512826e-07,1.3844321771900787e-07,166.59237861108977,1.2320564659966914e-08,4.045719925710473,0,0.4859890171298794,-0.08695634435375868,1.7080425192892312,0.4822136181172375,-2.878419192691748
8,headOn,22,1.0500000000000003,0.102579,0.029637,0.061275,0.011666999999999997,68,2,1.254523340287055e-06,4.1813404514933573e-07,190.55310859934085,5.963646126233568e-08,3.573714314003341,0,0.5197412090583052,-0.11306279039305991,1.8768612163349536,0.5219103448647217,-2.9814249039787217
8,headOn,23,1.1000000000000003,0.108361,0.029666,0.066856,0.011839000000000002,68,2,1.4520730612794375e-06,5.945605043759869e-07,212.67656885648418,1.089917275945429e-07,3.1836902486780096,0,0.5369273477571782,-0.09793569833831048,2.053455678674455,0.5633592724793728,-3.073914722571108
8,headOn,24,1.1500000000000004,0.07928,0.029604,0.037427,0.012248999999999996,68,2,1.6138193304466396e-06,1.5621121573776022e-06,233.6211657442614,3.149628024362583e-08,2.900289234096238,0,0.5413801141932577,-0.08490416391210343,2.237191222755264,0.605959325494834,-3.1513404860460694
8,headOn,25,1.2000000000000004,0.084388,0.033932,0.03864,0.011816000000000007,68,2,6.303481714289387e-07,1.0593710433858965e-08,254.5956156972483,2.733544100103069e-08,2.7463372952350906,0,0.5415302879588564,-0.10145772812922596,2.4270676497169266,0.6490036964999231,-3.2254671130368964
8,headOn,26,1.2500000000000004,0.084777,0.034115,0.039095,0.011567000000000008,68,2,5.661673158837262e-07,1.7654160651368884e-08,273.7864276921878,8.03611380911784e-09,2.6472081986808953,0,0.5365813714979958,-0.11582572856695356,2.6218404376556523,0.6918356412273016,-3.2957684699927485
8,headOn,27,1.3000000000000005,0.09416,0.03347,0.048888,0.011801999999999993,68,2,9.101438518726522e-07,2.3981230697875735e-08,293.5449858113474,1.761700095500099e-07,2.504431360038616,0,0.5341459646080792,-0.136009121398946,2.820314989126543,0.7340892825405155,-3.3698636784682146
8,headOn,28,1.3500000000000005,0.086632,0.033947,0.04054,0.012145000000000003,68,2,5.906175679381944e-07,1.720251464234839e-08,227.37606641136853,7.74970791038096e-08,2.307263710990015,0,0.18126596043988852,-0.2770935781181922,3.0155768518324635,0.7667484489525902,-3.4163409782297602
8,headOn,29,1.4000000000000006,0.087255,0.033572,0.041191,0.012492000000000003,68,2,5.22115258414231e-07,1.5431428670648297e-08,225.94274072324478,3.429696995849163e-08,2.0643799514078216,0,0.03130221824020982,-0.5451881431073334,3.1975600308298713,0.7863023123755292,-3.6288732147690483
8,turningCrossing,1,0,0.089181,0.033101,0.031924,0.024155999999999997,68,2,1.0288852527417602e-06,2.843213755141973e-08,0.2839587659892976,4.444424854810336e-07,15.827030075212033,0,0.015219983670028761,-0.22499999457492204,0.0008769699269607334,0.0008940750299834538,-0.09989513354936186
8,turningCrossing,2,0.05,0.093311,0.033388,0.04711,0.012813000000000005,68,2,1.5974275370726142e-06,4.4639280159232655e-07,1.1806791977238522,1.0491856394789778e-06,15.142598865730792,0,0.04681902015213049,-0.254339512770109,0.004750985731268277,0.004226404677225986,-0.2145902663777015
8,turningCrossing,3,0.10000000000000002,0.094195,0.037013,0.042959,0.014223000000000013,68,2,9.08728692067347e-07,3.8580902817249246e-09,2.1215134547637025,7.630622556042965e-08,14.457903281252086,0,0.05482437292955389,-0.29050481624866425,0.012679928188863135,0.009674158197140723,-0.34374650896617176
8,turningCrossing,4,0.15000000000000002,0.084646,0.036932,0.035594,0.012119999999999992,68,2,1.0505613451911413e-06,4.749084000139208e-09,2.096364074829143,3.751409971552988e-07,13.78002597540226,0,0.004745534173962548,-0.3222356451497493,0.02131972228902595,0.013075055500067354,-0.4831600260058
8,turningCrossing,5,0.2,0.099337,0.037221,0.046082,0.016034000000000007,68,2,9.018112255314162e-07,7.784526137950975e-09,3.289191392249654,7.96738408581632e-09,13.114494706741251,0,-0.03324996302957414,-0.3481312617909895,0.026630163503241173,0.012333788737951575,-0.6364394279653673
8,turningCrossing,6,0.25,0.101234,0.036644,0.052753,0.011837,68,2,1.0587703621545704e-06,7.030796294753151e-09,4.787368310176254,1.399726072826013e-07,12.459713343411343,0,-0.028278065651069398,-0.3792376663756795,0.028486015916436947,0.00959712845685208,-0.8008729208967562
