speed,scenario,budget,evaluation,safety,hard,clfSlack,clfInitialValue,clfNextValue,minimumCollisionMargin,terminalPhaseMeters,terminalSeparationMargin,terminalViolation,restorationMerit,cost,terminalResidual,terminalError,terminalRadius,completionSafety,worstCompletionOffset,stateViolation,endpointSafety,inputViolation,slewViolation,seconds,caller
15,brakingLead,30,1,0,1.906,0,0,0,-1.906,0,0.16605317869078803,0,12595.803125000004,0,-0.0009765625,"[0, 0, 0, 0, 0, 0, 0, 0]",0.0009765625,1.906,59,0,0,0,0,0.048698,solvePredictiveControl
15,brakingLead,30,2,0,8.076588041365826,0.05912614756797099,0,0.05912614756797099,-0.2384053365837968,2.213420958216829,2.3794741369076178,8.076588041365826,1467.0783796785863,139.12660673908795,8.076588041365826,"[-0.7404659471708186, 0.30572448992205514, -0.06887689245225136, -0.31377224592258024, -0.22987654846271405, 0.12984888874287687, -0.0066411630025423884, -0.11888630174353011]",0.0009765625,0.2384053365837968,86,0,0,0,0,0.046906,localConicEvaluation
15,brakingLead,30,3,0,12.022765701763996,0.05912614756797099,0,0.05912614756797099,-0.2384053365837968,1.6208668517878024,1.7869200304785975,12.022765701763996,1872.622704667485,147.1101298412512,12.022765701763996,"[-0.06536927534581594, 1.3568461941942473, 0.028609498803345446, -0.5674718537381871, -0.12054415165170315, -0.16274653858254362, 2.177077962350893e-16, -4.163336342344337e-17]",0.0009765625,0.2384053365837968,86,0,0,0,0,0.007421,localPolishEndpoint
15,brakingLead,30,4,0,7.361174154994054,0.05912614756797099,0,0.05912614756797099,-0.2384053365837968,1.9171439050023158,2.0831970836931077,7.361174154994054,1400.767191600569,139.92196735355034,7.361174154994054,"[-0.3613556167492078, 0.8055535647788349, -0.011114928857423557, -0.3481150762621432, -0.13569698667517865, -0.033736522975076205, -0.0033205815012710854, -0.05944315087176508]",0.0009765625,0.2384053365837968,86,0,0,0,0,0.00718,localPolishEndpoint
15,brakingLead,30,5,0,6.528891223358431,0.05912614756797099,0,0.05912614756797099,-0.2384053365837968,1.8199932069549372,1.9860463856457213,6.528891223358431,1315.6926522596673,140.21370671063838,6.528891223358431,"[-0.3178500642127631, 0.6865930446107559, -0.04948115427562724, -0.4655093553064056, -0.022135550283589343, 0.008805641261252845, -0.0024904361259533722, -0.04458236315382391]",0.0009765625,0.2384053365837968,86,0,0,0,0,0.00752,localPolishEndpoint
15,brakingLead,30,6,0,6.1379798655102,0.05912614756797099,0,0.05912614756797099,-0.2384053365837968,1.8287116436639557,1.9947648223547387,6.1379798655102,1275.6319131045548,140.57162781417895,6.1379798655102,"[-0.2653611669365432, 0.7153187645233193, -0.05323115605715923, -0.40917460750794454, 0.0012412964750105678, 6.931553389114995e-05, -0.0023347838680813308, -0.04179596545670984]",0.0009765625,0.2384053365837968,86,0,0,0,0,0.007552,localPolishEndpoint
15,brakingLead,30,7,0,7.422254243084489,0.05912614756797099,0,0.05912614756797099,-0.2384053365837968,2.00767015201331,2.1737233307040924,7.422254243084489,1400.286923359313,142.84489994227013,7.422254243084489,"[-0.2246871763208702, 0.9444805597110933, -0.029644072964847452, -0.3604541682120459, 0.0026529003386165395, -0.019200921338550853, -0.002261821872203784, -0.04048984153618769]",0.0009765625,0.2384053365837968,86,0,0,0,0,0.007265,localPolishEndpoint
15,brakingLead,30,8,0,53.44994642403946,1.3241465776010704,0,1.3241465776010704,-1.733850508142808,4.688434138238037,4.854487316928825,53.44994642403946,8656.083945978524,619.5885254639152,53.44994642403946,"[-5.582741234664624, -0.11682011428268974, -0.007059278487645719, -1.2008516415355466, -0.04260355475513515, 0.06352148300902838, 0.012545194228359374, -0.0005915924445644323]",0.0009765625,1.733850508142808,112,0,0.7337305112860262,0,0,0.046764,localConicEvaluation
15,brakingLead,30,9,0,27.692162598681875,1.3241465776010704,0,1.3241465776010704,-1.453130717613252,2.8177495339022878,2.983802712593075,27.692162598681875,5326.935071030784,618.1657364148139,27.692162598681875,"[-2.850394420127188, 0.03767359723880712, -0.035399788748642066, -0.7463484028277954, 0.05289096055633542, 0.05275451885273627, 0.006272597114179255, -0.00029579622228220054]",0.0009765625,1.453130717613252,110,0,0,0,0,0.007139,localPolishEndpoint
15,brakingLead,30,10,0,14.752876442886953,1.3241465776010704,0,1.3241465776010704,-1.3169286859399134,1.7966223246649209,1.9626755033557115,14.752876442886953,3767.937436024699,620.682653484995,14.752876442886953,"[-1.430749802333139, 0.5236370655865369, 0.016304245844342587, -0.42679991008697193, 0.02958419475520968, 0.03687954269299157, 0.003136298557089999, -0.00014789811114123558]",0.0009765625,1.3169286859399134,110,0,0,0,0,0.006977,localPolishEndpoint
15,brakingLead,30,11,0,3.875055545385212,1.3241465776010704,0,1.3241465776010704,-1.460937932876689,0.29284115484120954,0.4588943335320009,3.875055545385212,2856.1361631888344,619.8411975096168,3.875055545385212,"[-0.06628227689841992, -0.029835175422550562, -0.0473941795056403, -0.2673062073199084, 0.0006490895409544117, -0.31040219184597806, -2.955101441326491e-15, 5.551115123125783e-17]",0.0009765625,1.460937932876689,110,0,0,0,0,0.006817,localPolishEndpoint
15,brakingLead,30,12,0,3.1283877643459093,1.3241465776010704,0,1.3241465776010704,-1.4821332903307505,0.25395026494651257,0.42000344363729863,3.1283877643459093,2810.8773827494206,619.4478176688636,3.1283877643459093,"[-0.05761127894351148, 0.05723721116169662, -0.03562638376781513, -0.2564240076477198, -0.0036356817117573006, -0.2786948965481792, -2.7201879016488058e-15, 6.591949208711867e-17]",0.0009765625,1.4821332903307505,110,0,0,0,0,0.007103,localPolishEndpoint
15,brakingLead,30,13,0,3.048579029784617,1.3241465776010704,0,1.3241465776010704,-1.4906010441720097,0.2505146483712778,0.41656782706206724,3.048579029784617,2812.6536299039267,619.4834598738836,3.048579029784617,"[-0.056951647658920024, 0.05699497848791354, -0.03433522164914038, -0.2522478466955853, -0.003781342663083616, -0.2708570942680836, -2.6359381179143034e-15, 8.326672684688674e-17]",0.0009765625,1.4906010441720097,110,0,0,0,0,0.007025,localPolishEndpoint
15,brakingLead,30,14,0,16.130985803332507,0.4785060482980576,0,0.4785060482980576,-0.3522722408622412,3.2585728909509966,3.424626069641789,16.130985803332507,2211.8279298547513,288.02013069024656,16.130985803332507,"[-1.6288914013250064, 0.14014415471627692, -0.03207761608004373, -0.5199222872378346, -0.043013005286875336, 0.0196009596693788, 0.005105205180139022, -0.02119377895063714]",0.0009765625,0.3522722408622412,107,0,0,0,0,0.046342,localConicEvaluation
15,brakingLead,30,15,0,14.852981889012083,0.4785060482980576,0,0.4785060482980576,-0.3180767993798206,3.350321343235552,3.5163745219263376,14.852981889012083,2039.310323733992,289.21948735059425,14.852981889012083,"[-1.407689236669924, 0.5508093749946686, 0.010405971400606088, -0.5239491957947529, -0.035256183914378715, 0.061048595458835384, 0.004467054532621717, -0.01854455658180752]",0.0009765625,0.3180767993798206,90,0,0,0,0,0.007171,localPolishEndpoint
15,brakingLead,30,16,0,13.305296745884261,0.4785060482980576,0,0.4785060482980576,-0.3180767993798206,3.1299035852361223,3.2959567639269096,13.305296745884261,1888.921173242838,289.89274494938564,13.305296745884261,"[-1.1904604128101255, 0.7280368010153404, 0.012151226037470165, -0.4252970164273595, 0.00021806193990543243, 0.05977029084304566, 0.003908672716043995, -0.016226487009081626]",0.0009765625,0.3180767993798206,90,0,0,0,0,0.007134,localPolishEndpoint
15,brakingLead,30,17,0,10.936230140330721,0.4785060482980576,0,0.4785060482980576,-0.3180767993798206,2.9478516395640613,3.113904818254852,10.936230140330721,1647.1433528324048,290.77497553672913,10.936230140330721,"[-0.9131908810729925, 0.6522286834798804, 0.019846770614990517, -0.40654985101567753, -0.06088180899684143, -0.03184430540849381, 0.0029315045370329994, -0.012169865256811106]",0.0009765625,0.3180767993798206,90,0,0,0,0,0.007229,localPolishEndpoint
15,brakingLead,30,18,0,10.127604043215285,0.4785060482980576,0,0.4785060482980576,-0.32683571714936455,2.751472208170419,2.9175253868612003,10.127604043215285,1577.680979120969,289.5295359246783,10.127604043215285,"[-0.8465213534327773, 0.5953613826405277, 0.02063019903359158, -0.37121244002632814, -0.05995741102460993, 0.004988260690630658, 0.0027482855034684653, -0.011409248678260394]",0.0009765625,0.32683571714936455,106,0,0,0,0,0.007184,localPolishEndpoint
15,brakingLead,30,19,0,6.995542895826168,0.17448183630030312,0,0.17448183630030312,-0.2278772696322715,2.543642267307476,2.709695445998264,6.995542895826168,941.811373240329,198.9144922611097,6.995542895826168,"[-0.5799131570345253, 0.4223293997802146, -0.04332859939071077, -0.3861729258161226, -0.025032731977239913, 0.006801095786636067, 0.0013852106560288454, -0.03149487220367349]",0.0009765625,0.2278772696322715,89,0,0,0,0,0.046812,localConicEvaluation
15,brakingLead,30,20,0,10.279826365435444,0.17448183630030312,0,0.17448183630030312,-0.2278772696322715,2.769372691468168,2.9354258701589515,10.279826365435444,1267.0948887509628,202.76741469724,10.279826365435444,"[-0.5313115986727723, 0.9659737255363048, 0.02479846197047484, -0.42173228175268207, -0.057745050044166336, 0.03187598293066931, 0.0012986349900269178, -0.029526442690943892]",0.0009765625,0.2278772696322715,89,0,0,0,0,0.007278,localPolishEndpoint
15,brakingLead,30,21,0,7.551619649325203,0.17448183630030312,0,0.17448183630030312,-0.2278772696322715,2.656507479387822,2.822560658078615,7.551619649325203,994.3104206235072,200.04446986651283,7.551619649325203,"[-0.5411321273714975, 0.6338114195281894, -0.015824792425769087, -0.37540881187879194, -0.03485853237729728, 0.010958216796964916, 0.0013419228230278815, -0.030510657447308694]",0.0009765625,0.2278772696322715,89,0,0,0,0,0.007357,localPolishEndpoint
15,brakingLead,30,22,0,84.01423646197675,1.1618333022881824,0,1.1618333022881824,-0.3828962337893258,5.870001373820672,6.036054552511459,84.01423646197675,8807.438656259481,861.2170625033349,84.01423646197675,"[-8.57495761935904, 1.6355182170279927, 0.015045517322846423, -2.1854982910521006, 0.009518488594778943, 0.08024286651670012, 0.019272810082706322, -0.0001470647614524763]",0.0009765625,0.3828962337893258,115,0,0.30648213965760707,0,0,0.047178,localConicEvaluation
15,brakingLead,30,23,0,78.17635296017099,1.1618333022881824,0,1.1618333022881824,-0.4992479842792277,5.617562675746453,5.783615854437244,78.17635296017099,8334.28438862215,854.3816314991149,78.17635296017099,"[-8.011723064189809, 1.394913887525715, -0.026894029465687103, -2.0363750384891226, 0.04872259376638665, 0.10543109038962795, 0.01806825945253717, -0.00013787321385940604]",0.0009765625,0.4992479842792277,119,0,0.5064513107894315,0,0,0.007051,localPolishEndpoint
15,brakingLead,30,24,0,73.28110261458913,1.1618333022881824,0,1.1618333022881824,-0.45801274851623863,5.192234862275145,5.358288040965931,73.28110261458913,7833.124509746343,854.4373258553742,73.28110261458913,"[-7.494274105485587, 1.4324899035069323, -0.028490889345286523, -1.9197226852609255, 0.02313208001167299, 0.017583026193314637, 0.01693899323675377, -0.0001292561379894648]",0.0009765625,0.45801274851623863,119,0,0.4660012841504122,0,0,0.006993,localPolishEndpoint
15,brakingLead,30,25,0,65.15286826701701,1.1618333022881824,0,1.1618333022881824,-0.8474644205116986,4.66899264226752,4.835045820958314,65.15286826701701,7389.080225476311,848.0486283311087,65.15286826701701,"[-6.655710251600183, 1.0186640241065157, -0.04420190467872374, -1.8281040804794415, -0.025437496674613626, 0.023400085768032278, 0.014821619082159817, -0.00011309912074093653]",0.0009765625,0.8474644205116986,119,0,0.8615187764885774,0,0,0.007228,localPolishEndpoint
15,brakingLead,30,26,0,63.64254682675105,1.1618333022881824,0,1.1618333022881824,-0.5688160749594477,4.57257744413788,4.738630622828666,63.64254682675105,6938.691729873928,852.9685645435088,63.64254682675105,"[-6.436517881247923, 1.4542728501565072, -0.008663876224428472, -1.78222217043683, -0.031146051276573737, -0.059448626459236, 0.014358443485842384, -0.0001095647732177775]",0.0009765625,0.5688160749594477,115,0,0.44560728022816454,0,0,0.006889,localPolishEndpoint
15,brakingLead,30,27,0,24.696501974646825,0.35139282103046354,0,0.35139282103046354,0.08433078189559873,4.206821820564074,4.3728749992548615,24.696501974646825,2469.6501974646826,440.65497863949906,24.696501974646825,"[-2.4392235732324252, 0.8368349140101823, -0.01106294138866622, -0.734230573287844, -0.03308524730854223, 0.02641552533921602, 0.010329010369367583, -0.015820968482562984]",0.0009765625,0,1,0,0,0,0,0.04777,localConicEvaluation
15,brakingLead,30,28,0,27.30564365563953,0.35139282103046354,0,0.35139282103046354,0.22984220456523397,4.376388547848634,4.542441726539423,27.30564365563953,2730.564365563953,460.05568411072056,27.30564365563953,"[-2.1210981037691425, 1.9960316066638712, 0.060506545318185084, -0.7567296662927365, 0.026056735411338558, 0.08746539471994572, 0.009037884073196847, -0.013843347422242733]",0.0009765625,0,1,0,0,0,0,0.007246,localPolishEndpoint
15,brakingLead,30,29,0,23.49273452125648,0.35139282103046354,0,0.35139282103046354,0.14382478633056928,4.291605184206354,4.457658362897149,23.49273452125648,2349.273452125648,441.9369468481463,23.49273452125648,"[-2.2621661728347533, 0.9792537532401179, 0.0035453514691979366, -0.691822187310521, -0.018290627443855508, 0.047571127002630526, 0.009683447221282216, -0.014832157952402858]",0.0009765625,0,1,0,0,0,0,0.007161,localPolishEndpoint
15,brakingLead,30,30,0,20.458746521406677,0.35139282103046354,0,0.35139282103046354,0.1351128307465006,4.004944870178803,4.170998048869592,20.458746521406677,2045.8746521406676,441.9975804531132,20.458746521406677,"[-1.9420403131539103, 0.9869133544899421, -0.004647356114499209, -0.5875992220533561, 0.007446962606928561, 0.05598069991718373, 0.00847301631862194, -0.012978138208352483]",0.0009765625,0,1,0,0,0,0,0.007371,localPolishEndpoint
15,brakingLead,30,31,0,19.976039207604245,0.35139282103046354,0,0.35139282103046354,0.1533775557468504,3.987959343989383,4.154012522680176,19.976039207604245,1997.6039207604244,443.2378506086123,19.976039207604245,"[-1.8323923821980515, 1.0325159266559134, 0.013935164003897311, -0.6157164290846069, -0.055534119152240234, -0.0203493640076804, 0.007943452798708322, -0.012167004570330403]",0.0009765625,0,1,0,0,0,0,0.00725,localPolishEndpoint
15,brakingLead,30,32,0,19.36398700587678,0.35139282103046354,0,0.35139282103046354,0.16962746632238201,3.978056979126695,4.1441101578174795,19.36398700587678,1936.398700587678,442.684086685071,19.36398700587678,"[-1.770408085264222, 1.0302129225937695, 0.013762050705520109, -0.5813035277187968, -0.06393931208256566, -0.040506410198339025, 0.007695219898748805, -0.01178678567750759]",0.0009765625,0,1,0,0,0,0,0.007331,localPolishEndpoint
15,brakingLead,30,33,0,17.618613200013595,0.35139282103046354,0,0.35139282103046354,0.15303222677319206,3.8309270109828484,3.996980189673636,17.618613200013595,1761.8613200013594,442.71827610557483,17.618613200013595,"[-1.6320276588217837, 1.0194676241831304, -0.036813351193763166, -0.5512878654818429, 0.10510310823985518, -0.05679078815059682, 0.007214268655076993, -0.011050111572663418]",0.0009765625,0,1,0,0,0,0,0.007431,localPolishEndpoint
15,brakingLead,30,34,0,10.436925820962578,0.13990968498045167,0,0.13990968498045167,0.12874778773233775,3.375232043935775,3.5412852226265557,10.436925820962578,1043.6925820962579,298.4014989910756,10.436925820962578,"[-0.9552002772598627, 0.5534626569561425, -0.02841111214380623, -0.4186327182851297, -0.0356252086517326, 0.01091509549949514, 0.005857110512698214, -0.023657920343118238]",0.0009765625,0,1,0,0,0,0,0.047811,localConicEvaluation
15,brakingLead,30,35,0,20.824375674534647,0.13990968498045167,0,0.13990968498045167,0.12874778773233775,3.7551809000080723,3.921234078698859,20.824375674534647,2082.4375674534645,321.3808784291104,20.824375674534647,"[-0.8935587816423407, 2.0445281707655436, 0.08134706040608906, -0.5777355526992967, -0.004389073920757862, 0.08288683546351976, 0.005124971698610974, -0.020700680300228366]",0.0009765625,0,1,0,0,0,0,0.007644,localPolishEndpoint
15,brakingLead,30,36,0,12.03957715867508,0.13990968498045167,0,0.13990968498045167,0.12874778773233775,3.5652064719719236,3.7312596506627074,12.03957715867508,1203.9577158675079,301.5167630099877,12.03957715867508,"[-0.8787493026051294, 0.9246159966006235, 0.022609503887925438, -0.43474732685350936, -0.06529381044904031, 0.030595392033014465, 0.005491041105654594, -0.0221793003216733]",0.0009765625,0,1,0,0,0,0,0.007233,localPolishEndpoint
15,brakingLead,30,37,0,10.533022070264014,0.13990968498045167,0,0.13990968498045167,0.12874778773233775,3.470219257953849,3.6362724366446315,10.533022070264014,1053.3022070264014,299.2308762558061,10.533022070264014,"[-0.9138554948926725, 0.6624745133109147, -0.011836475415099452, -0.40902950221240886, -0.04357226672733625, 0.015243844852793325, 0.005674075809176404, -0.02291861033239577]",0.0009765625,0,1,0,0,0,0,0.007275,localPolishEndpoint
15,brakingLead,30,38,0,23.274994090027583,0.7575935978170015,0,0.7575935978170015,0.27854437754885475,3.9171402899259884,4.08319346861677,23.274994090027583,2327.4994090027585,517.756738291273,23.274994090027583,"[-2.158536572197704, 1.3430280907236491, 0.005546921048489686, -0.5330077216426687, -0.08091775577616897, 0.038380412235716595, 0.01802361106157515, -0.0018493399097438586]",0.0009765625,0,1,0,0,0,0,0.047279,localConicEvaluation
15,brakingLead,30,39,0,23.444936625192735,0.7575935978170015,0,0.7575935978170015,0.4473311400105475,4.0162474872409,4.182300665931692,23.444936625192735,2344.4936625192736,523.9645640625847,23.444936625192735,"[-1.9641825873023748, 1.695592110153996, 0.02354585613152035, -0.5153049150766318, -0.01944874966310694, 0.09217079268295722, 0.01689713537022672, -0.0017337561653844313]",0.0009765625,0,1,0,0,0,0,0.007247,localPolishEndpoint
15,brakingLead,30,40,0,22.83469549956404,0.7575935978170015,0,0.7575935978170015,0.33625200224351226,3.9666938885834444,4.132747067274238,22.83469549956404,2283.469549956404,518.5027397716867,22.83469549956404,"[-2.0752306015701407, 1.385139171418587, 0.013349326154993492, -0.5157027259856637, -0.07359663785206053, 0.05754321606520987, 0.017460373215900937, -0.0017915480375641467]",0.0009765625,0,1,0,0,0,0,0.007208,localPolishEndpoint
15,brakingLead,30,41,0,9.351543541879188,0.4242275340221438,0,0.4242275340221438,0.20518647093797893,3.2303912786167324,3.396444457307524,9.351543541879188,935.1543541879188,297.6745333645905,9.351543541879188,"[-0.8140119746062737, 0.6553545375498298, -0.02004052319888721, -0.319775252877049, -0.06147619767006148, 0.01642835410252196, 0.009704410858801997, -0.016672106056708675]",0.0009765625,0,1,0,0,0,0,0.046586,localConicEvaluation
15,brakingLead,30,42,0,20.233943748450265,0.4242275340221438,0,0.4242275340221438,0.20518647093797893,3.6039209498256852,3.7699741285164805,20.233943748450265,2023.3943748450265,321.626566102958,20.233943748450265,"[-0.7896979335979495, 2.1041124643565294, 0.06450387885104812, -0.540089233499442, 0.015528332534500006, 0.08672670271608006, 0.00849135950145173, -0.014588092799620037]",0.0009765625,0,1,0,0,0,0,0.007202,localPolishEndpoint
15,brakingLead,30,43,0,12.23167634454598,0.4242275340221438,0,0.4242275340221438,0.20518647093797893,3.417156114221209,3.5832092929120023,12.23167634454598,1223.1676344545979,301.95882298840314,12.23167634454598,"[-0.7481860879192368, 1.083761992782816, 0.03561980109554783, -0.37118415237430114, -0.09152042092880845, 0.041758866370561254, 0.009097885180126863, -0.015630099428164356]",0.0009765625,0,1,0,0,0,0,0.00721,localPolishEndpoint
15,brakingLead,30,44,0,9.984636099849299,0.4242275340221438,0,0.4242275340221438,0.20518647093797893,3.3237736964189706,3.489826875109756,9.984636099849299,998.4636099849299,298.94839430338874,9.984636099849299,"[-0.7760019912558533, 0.7943559303981951, 0.0029715793473741583, -0.32039527561247283, -0.0794761831278252, 0.02306260595081988, 0.00940114801946443, -0.016151102742436516]",0.0009765625,0,1,0,0,0,0,0.00717,localPolishEndpoint
15,brakingLead,30,45,0,37.42511720067091,0.8690669722967481,0,0.8690669722967481,0.2837149433732906,4.857789464079092,5.023842642769878,37.42511720067091,3742.511720067091,767.9266618419383,37.42511720067091,"[-3.639027047498246, 1.6357684050951358, -0.0032578545495123993, -0.9656466362346645, -0.06141501741171603, 0.038479326881374176, 0.016320758039832156, -2.8162539811516646e-05]",0.0009765625,0,1,0,0,0,0,0.048007,localConicEvaluation
15,brakingLead,30,46,0,34.890988604695295,0.8690669722967481,0,0.8690669722967481,0.39580950883834753,4.922308857104989,5.088362035795782,34.890988604695295,3489.0988604695294,769.2534598388199,34.890988604695295,"[-3.359015440686534, 1.7031656983443062, -0.024791647922166673, -0.9028195195548445, 0.02589523735448909, 0.07751332970440294, 0.01530071066234224, -2.6402381072904157e-05]",0.0009765625,0,1,0,0,0,0,0.007323,localPolishEndpoint
15,brakingLead,30,47,0,32.54231783074379,0.8690669722967481,0,0.8690669722967481,0.39580950883834753,4.690703096768038,4.856756275458821,32.54231783074379,3254.231783074379,767.9128773588897,32.54231783074379,"[-3.1353981034742873, 1.6331830973232984, -0.03558959837573042, -0.8308766710655213, 0.04236959104591304, 0.0762889611085959, 0.014344416245945932, -2.4752232255963874e-05]",0.0009765625,0,1,0,0,0,0,0.007291,localPolishEndpoint
15,brakingLead,30,48,0,31.46799389155097,0.8690669722967481,0,0.8690669722967481,0.39580950883834753,4.584439835715911,4.7504930144067,31.46799389155097,3146.7993891550973,769.0249752418666,31.46799389155097,"[-2.946668631146011, 1.6871089705911573, 0.0004494461247905997, -0.8244211896650295, -0.058309369534415234, 0.002076291204240739, 0.013447890230574307, -2.3205217739994538e-05]",0.0009765625,0,1,0,0,0,0,0.008013,localPolishEndpoint
15,brakingLead,30,49,0,13.665330921408563,0.6334093153381865,0,0.6334093153381865,0.5084343098183803,4.044090371347912,4.210143550038694,13.665330921408563,1366.5330921408563,457.8895650762038,13.665330921408563,"[-1.2769379712749327, 0.7556681316327688, -0.009656447568819936, -0.38509754853485134, -0.07579774188153372, 0.019347479675272658, 0.013012584449317076, -0.008350134298260096]",0.0009765625,0,1,0,0,0,0,0.051921,localConicEvaluation
15,brakingLead,30,50,0,18.143367800794334,0.6334093153381865,0,0.6334093153381865,0.45752661967156905,4.302549967431133,4.4686031461219216,18.143367800794334,1814.3367800794333,472.47640499641363,18.143367800794334,"[-1.0841374938890596, 1.7262254159325807, 0.0373778561332961, -0.4553156932600473, 0.017207134984795945, 0.0884243413160275, 0.011386011393152488, -0.007306367510977227]",0.0009765625,0,1,0,0,0,0,0.007421,localPolishEndpoint
15,brakingLead,30,51,0,13.654294439409494,0.6334093153381865,0,0.6334093153381865,0.5179235268639248,4.173320169389522,4.339373348080315,13.654294439409494,1365.4294439409493,459.6219870896182,13.654294439409494,"[-1.1779829801177613, 0.9070531746056699, 0.007840415080853026, -0.38266412500621705, -0.06396685489487733, 0.04136268564486471, 0.01219929792123478, -0.007828250904618661]",0.0009765625,0,1,0,0,0,0,0.007346,localPolishEndpoint
15,brakingLead,30,52,0,12.786453441516308,0.6334093153381865,0,0.6334093153381865,0.5199402285743171,4.070356830881912,4.236410009572694,12.786453441516308,1278.6453441516308,459.6960587114809,12.786453441516308,"[-1.07994890731554, 0.9223479733413205, 0.0021157869330938476, -0.34004860311482865, -0.036325396949077805, 0.053815182189978404, 0.011436841801157612, -0.007338985223080009]",0.0009765625,0,1,0,0,0,0,0.007235,localPolishEndpoint
15,brakingLead,30,53,0,13.01668255928708,0.6334093153381865,0,0.6334093153381865,0.5023891714496858,3.891655368088765,4.057708546779551,13.01668255928708,1301.668255928708,461.08804120114655,13.01668255928708,"[-1.0150811890039648, 0.9983204689672676, -0.06056966336701391, -0.6592546828384673, 0.05125888036957363, -0.1944051137214437, 0.010722039188585466, -0.006880298646637683]",0.0009765625,0,1,0,0,0,0,0.007346,localPolishEndpoint
15,brakingLead,30,54,0,12.201384288371946,0.6334093153381865,0,0.6334093153381865,0.5206636827300744,3.9810060994853385,4.14705927817613,12.201384288371946,1220.1384288371946,459.7708512712917,12.201384288371946,"[-1.0554338214624863, 0.876161172190185, -0.04144957689320904, -0.43382540335959874, -0.013397557667397593, -0.20131297720775354, 0.011079440494871539, -0.0071096419348588465]",0.0009765625,0,1,0,0,0,0,0.007375,localPolishEndpoint
15,brakingLead,30,55,0,10.800044256029363,0.6334093153381865,0,0.6334093153381865,0.5131822601260725,4.011348984532424,4.177402163223206,10.800044256029363,1080.0044256029362,460.9848435304615,10.800044256029363,"[-0.854147618968355, 0.9128537218112873, -0.019814882348950968, -0.3506144213619855, -0.013642945716528836, -0.07425946536602293, 0.009694510433012494, -0.006220936693001387]",0.0009765625,0,1,0,0,0,0,0.007114,localPolishEndpoint
15,brakingLead,30,56,0,8.945021582178004,0.6334093153381865,0,0.6334093153381865,0.5219260893029836,3.9613275716086185,4.127380750299409,8.945021582178004,894.5021582178005,460.1354192057904,8.945021582178004,"[-0.7370277497670941, 0.8164702549301643, -0.04460468855371604, -0.22782630430031503, 0.050129590708402116, -0.06420692791634262, 0.009088603530949146, -0.005832128149688875]",0.0009765625,0,1,0,0,0,0,0.00754,localPolishEndpoint
15,brakingLead,30,57,0,113.49574269758732,1.8821856030144903,0,1.8821856030144903,-2.383920662975628,6.25548554583225,6.421538724523032,113.49574269758732,13048.940076172494,1758.7729808533968,113.49574269758732,"[-9.036936366985344, -7.584000852633557, -0.48484046305131717, -1.5899190094316182, 0.010567990016393788, 0.024860032120394664, 0.016419341321533304, -8.625581881472819e-05]",0.0009765625,2.383920662975628,102,0,0,0,0,0.050496,localConicEvaluation
15,brakingLead,30,58,0,109.99822041292491,1.8821856030144903,0,1.8821856030144903,-2.388218298966956,5.64677665278444,5.812829831475227,109.99822041292491,12712.110412731932,1735.6878279476828,109.99822041292491,"[-8.607671861917282, -7.300827809806401, -0.5092395325101357, -1.6554251685825747, -0.004608201407313668, -0.10529729411613238, 0.015393132488937443, -8.086483013888465e-05]",0.0009765625,2.388218298966956,102,0,0,0,0,0.007286,localPolishEndpoint
15,brakingLead,30,59,0,106.42480216634644,1.8821856030144903,0,1.8821856030144903,-2.3902859153127234,5.054832847719273,5.2208860264100565,106.42480216634644,12370.938985692797,1716.4966789035057,106.42480216634644,"[-8.301106690438246, -7.006678208737897, -0.49336188021990546, -1.8506465116783115, 0.00490040209379005, 0.018477881531210515, 0.013468990927819991, -7.075672637175262e-05]",0.0009765625,2.3902859153127234,102,0,0,0,0,0.007226,localPolishEndpoint
15,brakingLead,30,60,0,99.06869147045212,1.8821856030144903,0,1.8821856030144903,-2.3777748606244034,4.851230123752946,5.0172833024437296,99.06869147045212,11657.970627449187,1652.7903396690424,99.06869147045212,"[-7.8444186531683755, -6.4144250201771325, -0.4420843397407243, -1.803502738803644, 0.004266513193277015, 0.0180086671231899, 0.013048084961325502, -6.854557867283159e-05]",0.0009765625,2.3777748606244034,102,0,0,0,0,0.007039,localPolishEndpoint
15,brakingLead,30,61,0,93.75498860236529,1.8821856030144903,0,1.8821856030144903,-2.3747180824401894,4.444937478162089,4.610990656852877,93.75498860236529,11135.29991777883,1635.0647653219708,93.75498860236529,"[-7.270467160700406, -6.285705837309591, -0.4259907137344003, -1.6034838855563116, -0.012412332328837542, 0.011737292735402657, 0.011417074341159454, -5.9977381339067215e-05]",0.0009765625,2.3747180824401894,102,0,0,0,0,0.006939,localPolishEndpoint
15,brakingLead,30,62,0,21.84105093140139,1.3275213850478713,0,1.3275213850478713,-0.11149560691602267,5.108406558720434,5.27445973741122,21.84105093140139,2205.605507991696,798.0330853312469,21.84105093140139,"[-2.0240854628715113, -0.912507641821163, -0.08475497553326314, -0.44744045941579813, 0.011958961841325602, -0.031491220888525566, 0.012753972426241225, -0.0029591919842518015]",0.0009765625,0.11149560691602267,100,0,0,0,0,0.045597,localConicEvaluation
15,brakingLead,30,63,0,19.01716217215886,1.3275213850478713,0,1.3275213850478713,-0.11129327307988013,4.933679847595926,5.099733026286714,19.01716217215886,1923.1160911899995,796.0898011357478,19.01716217215886,"[-1.7706325467327275, -0.7766328174804024, -0.07297046226762037, -0.39296600459179665, 0.011956149785716571, -0.02828680629520503, 0.011159725872961074, -0.002589292986220331]",0.0009765625,0.11129327307988013,100,0,0,0,0,0.007141,localPolishEndpoint
15,brakingLead,30,64,0,17.81611066176894,1.3275213850478713,0,1.3275213850478713,-0.11119492579105361,4.8599489838657295,5.026002162556523,17.81611066176894,1802.9618969960525,795.4662737830108,17.81611066176894,"[-1.6598635809407796, -0.7254390503358171, -0.06823621822256094, -0.3684927510347844, 0.011259617951114765, -0.026471210655070868, 0.010462243005901036, -0.0024274621745814066]",0.0009765625,0.11119492579105361,100,0,0,0,0,0.007023,localPolishEndpoint
15,brakingLead,30,65,0,17.255533367008145,1.3275213850478713,0,1.3275213850478713,-0.11114552307508041,4.8260585366014475,4.992111715292239,17.255533367008145,1746.879492464573,795.2021964298201,17.255533367008145,"[-1.607936874631008, -0.7020141375785939, -0.06605236184663323, -0.35699370049890966, 0.010916654424987397, -0.025635929747472662, 0.01013529791196663, -0.0023516039816256877]",0.0009765625,0.11114552307508041,100,0,0,0,0,0.007567,localPolishEndpoint
15,brakingLead,30,66,0,9.791126961928061,0.9792629917298901,0,0.9792629917298901,0.3548026200681458,4.534867065164526,4.7009202438553075,9.791126961928061,979.1126961928061,611.9322757138651,9.791126961928061,"[-0.9552096619045471, 0.48825442842239175, -0.03894847710334035, -0.26782620411685976, 0.029026084673662418, -0.04853890825225098, 0.010921287978595186, -0.004395660066970338]",0.0009765625,0,1,0,0,0,0,0.045696,localConicEvaluation
15,brakingLead,30,67,0,9.123945026352782,0.9792629917298901,0,0.9792629917298901,0.35481032802347223,4.515914703562036,4.68196788225282,9.123945026352782,912.3945026352782,612.2780077404656,9.123945026352782,"[-0.893937663597427, 0.44643775136858477, -0.04428489712417746, -0.2411332541614737, 0.04518858965065043, -0.07212149773828509, 0.01023870747993326, -0.004120931312784643]",0.0009765625,0,1,0,0,0,0,0.007061,localPolishEndpoint
15,brakingLead,30,68,0,8.836531448554938,0.9792629917298901,0,0.9792629917298901,0.35484109258117535,4.497680761220976,4.663733939911765,8.836531448554938,883.6531448554938,612.3216534748387,8.836531448554938,"[-0.865435385882634, 0.43264693428816037, -0.04546549169418091, -0.2302511036479089, 0.059850853029422946, -0.08414860848326253, 0.009918747871185345, -0.0039921522092601705]",0.0009765625,0,1,0,0,0,0,0.007112,localPolishEndpoint
15,brakingLead,30,69,0,75.79964923038504,2.1300541095866046,0,2.1300541095866046,-0.15411882056327042,7.4469489232667385,7.613002101957534,75.79964923038504,7654.8934005331885,1621.7575213720477,75.79964923038504,"[-7.804852207285208, 1.8884006484783782, 0.00964321964230934, -1.5462027807384118, 0.010181411167387557, 0.03757499957566124, 0.020298003629538423, -1.469946243535386e-05]",0.0009765625,0.15411882056327042,115,0,0.040698549261020116,0,0,0.04645,localConicEvaluation
15,brakingLead,30,70,0,27.32214957698768,1.7438072905206625,0,1.7438072905206625,0.21996761850514468,5.972314842243857,6.138368020934649,27.32214957698768,2732.214957698768,1091.6243603318949,27.32214957698768,"[-2.69698450530349, -0.7884156278649658, -0.0914022523848618, -0.5171832430166674, 0.027451653061194882, -0.02853871051884449, 0.015108375750361884, -0.002003425835847762]",0.0009765625,0,1,0,0,0,0,0.046054,localConicEvaluation
15,brakingLead,30,71,0,23.818193568641885,1.7438072905206625,0,1.7438072905206625,0.21999389579094975,5.747103534334077,5.913156713024861,23.818193568641885,2381.8193568641886,1090.1867392260433,23.818193568641885,"[-2.3589629612812217, -0.6709702855001123, -0.0771644541580143, -0.4543664244292085, 0.021591835683762172, -0.023286022767191675, 0.013219828781566684, -0.0017529976063666679]",0.0009765625,0,1,0,0,0,0,0.007184,localPolishEndpoint
15,brakingLead,30,72,0,22.323370785506626,1.7438072905206625,0,1.7438072905206625,0.2200017577962472,5.647909907883576,5.813963086574361,22.323370785506626,2232.3370785506627,1089.7335579906733,22.323370785506626,"[-2.2113678421261653, -0.6264605879189059, -0.07244250234860973, -0.4260715917457336, 0.022971892529866644, -0.022782391827759645, 0.012393589482718856, -0.0016434352559687483]",0.0009765625,0,1,0,0,0,0,0.007086,localPolishEndpoint
15,brakingLead,30,73,0,21.625771037755324,1.7438072905206625,0,1.7438072905206625,0.22000446816349517,5.601273594997287,5.767326773688069,21.625771037755324,2162.5771037755326,1089.5461422533517,21.625771037755324,"[-2.1422284129576923, -0.6063873822946995, -0.0703011084862455, -0.41273044646541557, 0.02355053733389718, -0.022531911564710454, 0.012006289811383885, -0.0015920779042197485]",0.0009765625,0,1,0,0,0,0,0.007131,localPolishEndpoint
15,brakingLead,30,74,0,11.993117181812393,1.3923356302653405,0,1.3923356302653405,0.2900675359795566,5.234997801732416,5.401050980423207,11.993117181812393,1199.3117181812393,829.7850866571171,11.993117181812393,"[-1.229998261079615, 0.15324604463345484, -0.04464931172232486, -0.29530031843675353, 0.03937112250158714, -0.05946348156575436, 0.012513561810773614, -0.0029977890225539663]",0.0009765625,0,1,0,0,0,0,0.045855,localConicEvaluation
15,brakingLead,30,75,0,11.61083932901026,1.3923356302653405,0,1.3923356302653405,0.2900675359795566,5.202043478650063,5.368096657340857,11.61083932901026,1161.083932901026,829.7980272554803,11.61083932901026,"[-1.191341249001269, 0.15110697163208733, -0.04262677140342245, -0.2853958168790989, 0.04142317125927243, -0.058270208835739606, 0.012122513004186939, -0.0029041081155991542]",0.0009765625,0,1,0,0,0,0,0.007113,localPolishEndpoint
15,brakingLead,30,76,0,17.47029974944982,0.8903001458258715,0,0.8903001458258715,0.9309153353049242,5.539640472316448,5.705693651007238,17.47029974944982,1747.0299749449819,949.9774038096855,17.47029974944982,"[-0.5970466114444122, -1.6720596392058495, -0.1102643396964807, -0.04118519519786368, -0.010043636044126631, -0.014933543127593978, 0.027960340698702117, -0.00023509694698464062]",0.0009765625,0,1,0,0,0,0,0.046205,localConicEvaluation
15,brakingLead,30,77,0,11.680414771302722,0.8903001458258715,0,0.8903001458258715,0.9309153353049242,5.465913224864938,5.631966403555722,11.680414771302722,1168.0414771302721,938.2855324499906,11.680414771302722,"[-0.48003602196526174, -1.1237708501007093, -0.06531756178986654, -0.03639801623944372, -0.014350645286185099, 0.007023276185256439, 0.024465298111364338, -0.00020570982861139314]",0.0009765625,0,1,0,0,0,0,0.00717,localPolishEndpoint
15,brakingLead,30,78,0,7.657371123066572,0.8903001458258715,0,0.8903001458258715,0.9309153353049242,5.406953142971409,5.5730063216621915,7.657371123066572,765.7371123066572,932.2958114548424,7.657371123066572,"[-0.3899578033459221, -0.7070950327652318, -0.03844602879819992, -0.07581672786305482, -0.01115370534917063, 0.004414015495339447, 0.018348973583523262, -0.00015428237145858822]",0.0009765625,0,1,0,0,0,0,0.007082,localPolishEndpoint
15,brakingLead,30,79,0,4.696119244404378,0.8903001458258715,0,0.8903001458258715,0.9309153353049242,5.183576227478942,5.349629406169726,4.696119244404378,469.6119244404378,928.9664878610943,4.696119244404378,"[-0.22081973818903577, -0.39138172700166063, -0.02676528061585772, -0.1672476396432767, -0.012520243546669807, -0.008743880382096409, 1.0061396160665481e-16, 7.979727989493313e-17]",0.0009765625,0,1,0,0,0,0,0.006993,localPolishEndpoint
15,brakingLead,30,80,0,1.928766804776818,0.8903001458258715,0,0.8903001458258715,0.9309153353049242,5.117698309537703,5.283751488228489,1.928766804776818,192.87668047768182,927.5192110038096,1.928766804776818,"[-0.12011948635806391, -0.12810301702898572, -0.008647134276660407, -0.09899388234012285, -0.004809884869052719, -0.003386654120390526, 1.1205033876404545e-16, 7.28583859910259e-17]",0.0009765625,0,1,0,0,0,0,0.007508,localPolishEndpoint
15,brakingLead,30,81,0,1.0295860674774961,0.8903001458258715,0,0.8903001458258715,0.9309153353049242,5.0852001944400005,5.251253373130794,1.0295860674774961,102.95860674774961,927.3800024771701,1.0295860674774961,"[-0.06137651557011736, -0.07201257876309489, -0.0049382197767355845, -0.049980386066925675, -0.0025726255196902993, -0.0018236690725222029, -2.2266348933740626e-18, 3.469446951953614e-17]",0.0009765625,0,1,0,0,0,0,0.007207,localPolishEndpoint
15,brakingLead,30,82,0,2.4647553187268176,0.7692327284230386,0,0.7692327284230386,0.39739039907266993,4.257291796404722,4.423344975095517,2.4647553187268176,246.47553187268176,801.0433208714766,2.4647553187268176,"[-0.22936792651732674, -0.10975793029701564, -0.006523250535100791, -0.06041001146226854, -0.0013411764849364874, 0.0006088286481412228, 9.617166400274546e-05, -1.8271803388765495e-05]",0.0009765625,0,1,0,0,0,0,0.047259,localConicEvaluation
15,brakingLead,30,83,0,1.3181213844591009,0.7692327284230386,0,0.7692327284230386,0.39739039907266993,4.157938336092259,4.323991514783046,1.3181213844591009,131.81213844591008,800.906174912678,1.3181213844591009,"[-0.11555061164740721, -0.07083548628025904, -0.00462583231519965, -0.02904380477789381, -0.001054288709554008, -0.0007950805050463615, 4.8085832001377676e-05, -9.13590169436887e-06]",0.0009765625,0,1,0,0,0,0,0.007376,localPolishEndpoint
15,brakingLead,30,84,0,0.7269055626876523,0.7692327284230386,0,0.7692327284230386,0.39739039907266993,4.106116007326238,4.272169186017024,0.7269055626876523,72.69055626876522,800.8337383597857,0.7269055626876523,"[-0.05804785518652977, -0.04653912043364219, -0.0031852583449428103, -0.013677761046718473, -0.0007925441400386738, -0.0008860336229197427, 2.404291600067654e-05, -4.567950847172292e-06]",0.0009765625,0,1,0,0,0,0,0.007127,localPolishEndpoint
15,brakingLead,30,85,0,0.555484853252878,0.7692327284230386,0,0.7692327284230386,0.39739039907266993,4.090288353709594,4.256341532400384,0.555484853252878,55.5484853252878,800.799810266786,0.555484853252878,"[-0.04352075373220998, -0.03655525519155212, -0.0025122219460643734, -0.010081790385243039, -0.0006326541785929933, -0.0006994079978591268, 1.803218700051065e-05, -3.425963135374882e-06]",0.0009765625,0,1,0,0,0,0,0.007474,localPolishEndpoint
15,brakingLead,30,86,0,0.29681041877022546,0.7692327284230386,0,0.7692327284230386,0.39739039907266993,4.063339246996264,4.2293924256870525,0.29681041877022546,29.681041877022547,800.7412816988926,0.29681041877022546,"[-0.021661753298772624, -0.021244944975215143, -0.0014766050047715074, -0.004634714423312758, -0.0003826432092244314, -0.00041826194442321743, 9.016093500246516e-06, -1.7129815677030535e-06]",0.0009765625,0,1,0,0,0,0,0.007188,localPolishEndpoint
15,brakingLead,30,87,0,0.004112406237495478,0.7692327284230386,0,0.7692327284230386,0.39739039907266993,4.031601162106834,4.197654340797627,0.004112406237495478,0.4112406237495478,800.6611035583651,0.004112406237495478,"[0.0001633874593096607, 0.00040561315384031276, 3.920193467835347e-05, 0.0002042764088443505, 1.8364790431273144e-05, -3.9881129828768904e-05, -5.353248226647178e-18, -6.938893903907228e-18]",0.0009765625,0,1,0,0,0,0,0.007204,localPolishEndpoint
15,brakingLead,30,88,0,2.343557924867289,0.638286014956557,0,0.638286014956557,0.2557783342181923,3.8052761221701967,3.9713293008609867,2.343557924867289,234.35579248672892,727.2181332453268,2.343557924867289,"[-0.23985989649060002, -0.023422432488156363, -0.0027683642430539925, -0.06305118899283002, -0.001012274033926857, 0.000756167892559824, -2.5874236319506163e-05, -3.184425222020615e-06]",0.0009765625,0,1,0,0,0,0,0.04587,localConicEvaluation
15,brakingLead,30,89,0,0.23547546263498054,0.638286014956557,0,0.638286014956557,0.2557783342181923,3.644289293100085,3.810342471790875,0.23547546263498054,23.547546263498052,727.3300144309792,0.23547546263498054,"[0.0007170782697158984, 0.02300214647488114, 0.0017299423717364185, -0.0010942955403674404, 0.0005679037475428326, -0.0007278900344124617, 1.128247885742728e-17, -1.249000902703301e-16]",0.0009765625,0,1,0,0,0,0,0.007231,localPolishEndpoint
15,brakingLead,30,90,0,0.020118373711153024,0.638286014956557,0,0.638286014956557,0.2557783342181923,3.6453443301199173,3.8113975088106997,0.020118373711153024,2.0118373711153024,727.3574422702202,0.020118373711153024,"[-5.4768010272709944e-05, 0.002018392879825089, 0.00015832648781841666, -0.00022689182676671749, 5.4075177472627536e-05, -1.565510888831999e-05, -3.12450617757645e-18, 1.3877787807814457e-17]",0.0009765625,0,1,0,0,0,0,0.00706,localPolishEndpoint
15,brakingLead,30,91,0,0,0.638286014956557,0,0.638286014956557,0.25463313977222435,3.645347698544082,3.811400877234874,0,0,727.3603769004872,-0.0007592798389691721,"[-1.9054988342759316e-07, 2.066898363822419e-05, 1.6584173288347468e-06, -2.0040397625820106e-06, 5.308977390746579e-07, 8.927272682621925e-08, 8.937893056616704e-19, 0]",0.0009765625,0,1,0,0,0,0,0.065873,localPolishEndpoint
15,brakingLead,5,1,0,1.906,0,0,0,-1.906,0,0.16605317869078803,0,12595.803125000004,0,-0.0009765625,"[0, 0, 0, 0, 0, 0, 0, 0]",0.0009765625,1.906,59,0,0,0,0,0.072023,solvePredictiveControl
15,brakingLead,5,2,0,8.076588041365826,0.05912614756797099,0,0.05912614756797099,-0.2384053365837968,2.213420958216829,2.3794741369076178,8.076588041365826,1467.0783796785863,139.12660673908795,8.076588041365826,"[-0.7404659471708186, 0.30572448992205514, -0.06887689245225136, -0.31377224592258024, -0.22987654846271405, 0.12984888874287687, -0.0066411630025423884, -0.11888630174353011]",0.0009765625,0.2384053365837968,86,0,0,0,0,0.064405,localConicEvaluation
15,brakingLead,5,3,0,12.022765701763996,0.05912614756797099,0,0.05912614756797099,-0.2384053365837968,1.6208668517878024,1.7869200304785975,12.022765701763996,1872.622704667485,147.1101298412512,12.022765701763996,"[-0.06536927534581594, 1.3568461941942473, 0.028609498803345446, -0.5674718537381871, -0.12054415165170315, -0.16274653858254362, 2.177077962350893e-16, -4.163336342344337e-17]",0.0009765625,0.2384053365837968,86,0,0,0,0,0.009631,localPolishEndpoint
15,brakingLead,5,4,0,7.361174154994054,0.05912614756797099,0,0.05912614756797099,-0.2384053365837968,1.9171439050023158,2.0831970836931077,7.361174154994054,1400.767191600569,139.92196735355034,7.361174154994054,"[-0.3613556167492078, 0.8055535647788349, -0.011114928857423557, -0.3481150762621432, -0.13569698667517865, -0.033736522975076205, -0.0033205815012710854, -0.05944315087176508]",0.0009765625,0.2384053365837968,86,0,0,0,0,0.009049,localPolishEndpoint
15,brakingLead,5,5,0,6.528891223358431,0.05912614756797099,0,0.05912614756797099,-0.2384053365837968,1.8199932069549372,1.9860463856457213,6.528891223358431,1315.6926522596673,140.21370671063838,6.528891223358431,"[-0.3178500642127631, 0.6865930446107559, -0.04948115427562724, -0.4655093553064056, -0.022135550283589343, 0.008805641261252845, -0.0024904361259533722, -0.04458236315382391]",0.0009765625,0.2384053365837968,86,0,0,0,0,0.015101,localPolishEndpoint
15,brakingLead,5,6,0,6.1379798655102,0.05912614756797099,0,0.05912614756797099,-0.2384053365837968,1.8287116436639557,1.9947648223547387,6.1379798655102,1275.6319131045548,140.57162781417895,6.1379798655102,"[-0.2653611669365432, 0.7153187645233193, -0.05323115605715923, -0.40917460750794454, 0.0012412964750105678, 6.931553389114995e-05, -0.0023347838680813308, -0.04179596545670984]",0.0009765625,0.2384053365837968,86,0,0,0,0,0.007993,localPolishEndpoint
15,brakingLead,5,7,0,7.422254243084489,0.05912614756797099,0,0.05912614756797099,-0.2384053365837968,2.00767015201331,2.1737233307040924,7.422254243084489,1400.286923359313,142.84489994227013,7.422254243084489,"[-0.2246871763208702, 0.9444805597110933, -0.029644072964847452, -0.3604541682120459, 0.0026529003386165395, -0.019200921338550853, -0.002261821872203784, -0.04048984153618769]",0.0009765625,0.2384053365837968,86,0,0,0,0,0.00839,localPolishEndpoint
15,brakingLead,5,8,0,53.44994642403946,1.3241465776010704,0,1.3241465776010704,-1.733850508142808,4.688434138238037,4.854487316928825,53.44994642403946,8656.083945978524,619.5885254639152,53.44994642403946,"[-5.582741234664624, -0.11682011428268974, -0.007059278487645719, -1.2008516415355466, -0.04260355475513515, 0.06352148300902838, 0.012545194228359374, -0.0005915924445644323]",0.0009765625,1.733850508142808,112,0,0.7337305112860262,0,0,0.050283,localConicEvaluation
15,brakingLead,5,9,0,27.692162598681875,1.3241465776010704,0,1.3241465776010704,-1.453130717613252,2.8177495339022878,2.983802712593075,27.692162598681875,5326.935071030784,618.1657364148139,27.692162598681875,"[-2.850394420127188, 0.03767359723880712, -0.035399788748642066, -0.7463484028277954, 0.05289096055633542, 0.05275451885273627, 0.006272597114179255, -0.00029579622228220054]",0.0009765625,1.453130717613252,110,0,0,0,0,0.007615,localPolishEndpoint
15,brakingLead,5,10,0,14.752876442886953,1.3241465776010704,0,1.3241465776010704,-1.3169286859399134,1.7966223246649209,1.9626755033557115,14.752876442886953,3767.937436024699,620.682653484995,14.752876442886953,"[-1.430749802333139, 0.5236370655865369, 0.016304245844342587, -0.42679991008697193, 0.02958419475520968, 0.03687954269299157, 0.003136298557089999, -0.00014789811114123558]",0.0009765625,1.3169286859399134,110,0,0,0,0,0.007198,localPolishEndpoint
15,brakingLead,5,11,0,3.875055545385212,1.3241465776010704,0,1.3241465776010704,-1.460937932876689,0.29284115484120954,0.4588943335320009,3.875055545385212,2856.1361631888344,619.8411975096168,3.875055545385212,"[-0.06628227689841992, -0.029835175422550562, -0.0473941795056403, -0.2673062073199084, 0.0006490895409544117, -0.31040219184597806, -2.955101441326491e-15, 5.551115123125783e-17]",0.0009765625,1.460937932876689,110,0,0,0,0,0.007171,localPolishEndpoint
15,brakingLead,5,12,0,3.1283877643459093,1.3241465776010704,0,1.3241465776010704,-1.4821332903307505,0.25395026494651257,0.42000344363729863,3.1283877643459093,2810.8773827494206,619.4478176688636,3.1283877643459093,"[-0.05761127894351148, 0.05723721116169662, -0.03562638376781513, -0.2564240076477198, -0.0036356817117573006, -0.2786948965481792, -2.7201879016488058e-15, 6.591949208711867e-17]",0.0009765625,1.4821332903307505,110,0,0,0,0,0.007088,localPolishEndpoint
15,brakingLead,5,13,0,3.048579029784617,1.3241465776010704,0,1.3241465776010704,-1.4906010441720097,0.2505146483712778,0.41656782706206724,3.048579029784617,2812.6536299039267,619.4834598738836,3.048579029784617,"[-0.056951647658920024, 0.05699497848791354, -0.03433522164914038, -0.2522478466955853, -0.003781342663083616, -0.2708570942680836, -2.6359381179143034e-15, 8.326672684688674e-17]",0.0009765625,1.4906010441720097,110,0,0,0,0,0.007291,localPolishEndpoint
15,brakingLead,5,14,0,16.130985803332507,0.4785060482980576,0,0.4785060482980576,-0.3522722408622412,3.2585728909509966,3.424626069641789,16.130985803332507,2211.8279298547513,288.02013069024656,16.130985803332507,"[-1.6288914013250064, 0.14014415471627692, -0.03207761608004373, -0.5199222872378346, -0.043013005286875336, 0.0196009596693788, 0.005105205180139022, -0.02119377895063714]",0.0009765625,0.3522722408622412,107,0,0,0,0,0.047266,localConicEvaluation
15,brakingLead,5,15,0,14.852981889012083,0.4785060482980576,0,0.4785060482980576,-0.3180767993798206,3.350321343235552,3.5163745219263376,14.852981889012083,2039.310323733992,289.21948735059425,14.852981889012083,"[-1.407689236669924, 0.5508093749946686, 0.010405971400606088, -0.5239491957947529, -0.035256183914378715, 0.061048595458835384, 0.004467054532621717, -0.01854455658180752]",0.0009765625,0.3180767993798206,90,0,0,0,0,0.007404,localPolishEndpoint
15,brakingLead,5,16,0,13.305296745884261,0.4785060482980576,0,0.4785060482980576,-0.3180767993798206,3.1299035852361223,3.2959567639269096,13.305296745884261,1888.921173242838,289.89274494938564,13.305296745884261,"[-1.1904604128101255, 0.7280368010153404, 0.012151226037470165, -0.4252970164273595, 0.00021806193990543243, 0.05977029084304566, 0.003908672716043995, -0.016226487009081626]",0.0009765625,0.3180767993798206,90,0,0,0,0,0.007098,localPolishEndpoint
15,brakingLead,5,17,0,10.936230140330721,0.4785060482980576,0,0.4785060482980576,-0.3180767993798206,2.9478516395640613,3.113904818254852,10.936230140330721,1647.1433528324048,290.77497553672913,10.936230140330721,"[-0.9131908810729925, 0.6522286834798804, 0.019846770614990517, -0.40654985101567753, -0.06088180899684143, -0.03184430540849381, 0.0029315045370329994, -0.012169865256811106]",0.0009765625,0.3180767993798206,90,0,0,0,0,0.007259,localPolishEndpoint
15,brakingLead,5,18,0,10.127604043215285,0.4785060482980576,0,0.4785060482980576,-0.32683571714936455,2.751472208170419,2.9175253868612003,10.127604043215285,1577.680979120969,289.5295359246783,10.127604043215285,"[-0.8465213534327773, 0.5953613826405277, 0.02063019903359158, -0.37121244002632814, -0.05995741102460993, 0.004988260690630658, 0.0027482855034684653, -0.011409248678260394]",0.0009765625,0.32683571714936455,106,0,0,0,0,0.007128,localPolishEndpoint
15,brakingLead,5,19,0,6.995542895826168,0.17448183630030312,0,0.17448183630030312,-0.2278772696322715,2.543642267307476,2.709695445998264,6.995542895826168,941.811373240329,198.9144922611097,6.995542895826168,"[-0.5799131570345253, 0.4223293997802146, -0.04332859939071077, -0.3861729258161226, -0.025032731977239913, 0.006801095786636067, 0.0013852106560288454, -0.03149487220367349]",0.0009765625,0.2278772696322715,89,0,0,0,0,0.047179,localConicEvaluation
15,brakingLead,5,20,0,10.279826365435444,0.17448183630030312,0,0.17448183630030312,-0.2278772696322715,2.769372691468168,2.9354258701589515,10.279826365435444,1267.0948887509628,202.76741469724,10.279826365435444,"[-0.5313115986727723, 0.9659737255363048, 0.02479846197047484, -0.42173228175268207, -0.057745050044166336, 0.03187598293066931, 0.0012986349900269178, -0.029526442690943892]",0.0009765625,0.2278772696322715,89,0,0,0,0,0.00737,localPolishEndpoint
15,brakingLead,5,21,0,7.551619649325203,0.17448183630030312,0,0.17448183630030312,-0.2278772696322715,2.656507479387822,2.822560658078615,7.551619649325203,994.3104206235072,200.04446986651283,7.551619649325203,"[-0.5411321273714975, 0.6338114195281894, -0.015824792425769087, -0.37540881187879194, -0.03485853237729728, 0.010958216796964916, 0.0013419228230278815, -0.030510657447308694]",0.0009765625,0.2278772696322715,89,0,0,0,0,0.007226,localPolishEndpoint
15,brakingLead,5,22,0,84.01423646197675,1.1618333022881824,0,1.1618333022881824,-0.3828962337893258,5.870001373820672,6.036054552511459,84.01423646197675,8807.438656259481,861.2170625033349,84.01423646197675,"[-8.57495761935904, 1.6355182170279927, 0.015045517322846423, -2.1854982910521006, 0.009518488594778943, 0.08024286651670012, 0.019272810082706322, -0.0001470647614524763]",0.0009765625,0.3828962337893258,115,0,0.30648213965760707,0,0,0.04745,localConicEvaluation
15,brakingLead,5,23,0,78.17635296017099,1.1618333022881824,0,1.1618333022881824,-0.4992479842792277,5.617562675746453,5.783615854437244,78.17635296017099,8334.28438862215,854.3816314991149,78.17635296017099,"[-8.011723064189809, 1.394913887525715, -0.026894029465687103, -2.0363750384891226, 0.04872259376638665, 0.10543109038962795, 0.01806825945253717, -0.00013787321385940604]",0.0009765625,0.4992479842792277,119,0,0.5064513107894315,0,0,0.007355,localPolishEndpoint
15,brakingLead,5,24,0,73.28110261458913,1.1618333022881824,0,1.1618333022881824,-0.45801274851623863,5.192234862275145,5.358288040965931,73.28110261458913,7833.124509746343,854.4373258553742,73.28110261458913,"[-7.494274105485587, 1.4324899035069323, -0.028490889345286523, -1.9197226852609255, 0.02313208001167299, 0.017583026193314637, 0.01693899323675377, -0.0001292561379894648]",0.0009765625,0.45801274851623863,119,0,0.4660012841504122,0,0,0.007708,localPolishEndpoint
15,brakingLead,5,25,0,65.15286826701701,1.1618333022881824,0,1.1618333022881824,-0.8474644205116986,4.66899264226752,4.835045820958314,65.15286826701701,7389.080225476311,848.0486283311087,65.15286826701701,"[-6.655710251600183, 1.0186640241065157, -0.04420190467872374, -1.8281040804794415, -0.025437496674613626, 0.023400085768032278, 0.014821619082159817, -0.00011309912074093653]",0.0009765625,0.8474644205116986,119,0,0.8615187764885774,0,0,0.007354,localPolishEndpoint
15,brakingLead,5,26,0,63.64254682675105,1.1618333022881824,0,1.1618333022881824,-0.5688160749594477,4.57257744413788,4.738630622828666,63.64254682675105,6938.691729873928,852.9685645435088,63.64254682675105,"[-6.436517881247923, 1.4542728501565072, -0.008663876224428472, -1.78222217043683, -0.031146051276573737, -0.059448626459236, 0.014358443485842384, -0.0001095647732177775]",0.0009765625,0.5688160749594477,115,0,0.44560728022816454,0,0,0.007559,localPolishEndpoint
15,brakingLead,5,27,0,24.696501974646825,0.35139282103046354,0,0.35139282103046354,0.08433078189559873,4.206821820564074,4.3728749992548615,24.696501974646825,2469.6501974646826,440.65497863949906,24.696501974646825,"[-2.4392235732324252, 0.8368349140101823, -0.01106294138866622, -0.734230573287844, -0.03308524730854223, 0.02641552533921602, 0.010329010369367583, -0.015820968482562984]",0.0009765625,0,1,0,0,0,0,0.047749,localConicEvaluation
15,brakingLead,5,28,0,27.30564365563953,0.35139282103046354,0,0.35139282103046354,0.22984220456523397,4.376388547848634,4.542441726539423,27.30564365563953,2730.564365563953,460.05568411072056,27.30564365563953,"[-2.1210981037691425, 1.9960316066638712, 0.060506545318185084, -0.7567296662927365, 0.026056735411338558, 0.08746539471994572, 0.009037884073196847, -0.013843347422242733]",0.0009765625,0,1,0,0,0,0,0.007349,localPolishEndpoint
15,brakingLead,5,29,0,23.49273452125648,0.35139282103046354,0,0.35139282103046354,0.14382478633056928,4.291605184206354,4.457658362897149,23.49273452125648,2349.273452125648,441.9369468481463,23.49273452125648,"[-2.2621661728347533, 0.9792537532401179, 0.0035453514691979366, -0.691822187310521, -0.018290627443855508, 0.047571127002630526, 0.009683447221282216, -0.014832157952402858]",0.0009765625,0,1,0,0,0,0,0.007267,localPolishEndpoint
15,brakingLead,5,30,0,20.458746521406677,0.35139282103046354,0,0.35139282103046354,0.1351128307465006,4.004944870178803,4.170998048869592,20.458746521406677,2045.8746521406676,441.9975804531132,20.458746521406677,"[-1.9420403131539103, 0.9869133544899421, -0.004647356114499209, -0.5875992220533561, 0.007446962606928561, 0.05598069991718373, 0.00847301631862194, -0.012978138208352483]",0.0009765625,0,1,0,0,0,0,0.007379,localPolishEndpoint
15,brakingLead,5,31,0,19.976039207604245,0.35139282103046354,0,0.35139282103046354,0.1533775557468504,3.987959343989383,4.154012522680176,19.976039207604245,1997.6039207604244,443.2378506086123,19.976039207604245,"[-1.8323923821980515, 1.0325159266559134, 0.013935164003897311, -0.6157164290846069, -0.055534119152240234, -0.0203493640076804, 0.007943452798708322, -0.012167004570330403]",0.0009765625,0,1,0,0,0,0,0.007451,localPolishEndpoint
15,brakingLead,5,32,0,19.36398700587678,0.35139282103046354,0,0.35139282103046354,0.16962746632238201,3.978056979126695,4.1441101578174795,19.36398700587678,1936.398700587678,442.684086685071,19.36398700587678,"[-1.770408085264222, 1.0302129225937695, 0.013762050705520109, -0.5813035277187968, -0.06393931208256566, -0.040506410198339025, 0.007695219898748805, -0.01178678567750759]",0.0009765625,0,1,0,0,0,0,0.00724,localPolishEndpoint
15,brakingLead,5,33,0,17.618613200013595,0.35139282103046354,0,0.35139282103046354,0.15303222677319206,3.8309270109828484,3.996980189673636,17.618613200013595,1761.8613200013594,442.71827610557483,17.618613200013595,"[-1.6320276588217837, 1.0194676241831304, -0.036813351193763166, -0.5512878654818429, 0.10510310823985518, -0.05679078815059682, 0.007214268655076993, -0.011050111572663418]",0.0009765625,0,1,0,0,0,0,0.007186,localPolishEndpoint
15,brakingLead,5,34,0,10.436925820962578,0.13990968498045167,0,0.13990968498045167,0.12874778773233775,3.375232043935775,3.5412852226265557,10.436925820962578,1043.6925820962579,298.4014989910756,10.436925820962578,"[-0.9552002772598627, 0.5534626569561425, -0.02841111214380623, -0.4186327182851297, -0.0356252086517326, 0.01091509549949514, 0.005857110512698214, -0.023657920343118238]",0.0009765625,0,1,0,0,0,0,0.047135,localConicEvaluation
15,brakingLead,5,35,0,20.824375674534647,0.13990968498045167,0,0.13990968498045167,0.12874778773233775,3.7551809000080723,3.921234078698859,20.824375674534647,2082.4375674534645,321.3808784291104,20.824375674534647,"[-0.8935587816423407, 2.0445281707655436, 0.08134706040608906, -0.5777355526992967, -0.004389073920757862, 0.08288683546351976, 0.005124971698610974, -0.020700680300228366]",0.0009765625,0,1,0,0,0,0,0.007271,localPolishEndpoint
15,brakingLead,5,36,0,12.03957715867508,0.13990968498045167,0,0.13990968498045167,0.12874778773233775,3.5652064719719236,3.7312596506627074,12.03957715867508,1203.9577158675079,301.5167630099877,12.03957715867508,"[-0.8787493026051294, 0.9246159966006235, 0.022609503887925438, -0.43474732685350936, -0.06529381044904031, 0.030595392033014465, 0.005491041105654594, -0.0221793003216733]",0.0009765625,0,1,0,0,0,0,0.007157,localPolishEndpoint
15,brakingLead,5,37,0,10.533022070264014,0.13990968498045167,0,0.13990968498045167,0.12874778773233775,3.470219257953849,3.6362724366446315,10.533022070264014,1053.3022070264014,299.2308762558061,10.533022070264014,"[-0.9138554948926725, 0.6624745133109147, -0.011836475415099452, -0.40902950221240886, -0.04357226672733625, 0.015243844852793325, 0.005674075809176404, -0.02291861033239577]",0.0009765625,0,1,0,0,0,0,0.007192,localPolishEndpoint
15,brakingLead,5,38,0,23.274994090027583,0.7575935978170015,0,0.7575935978170015,0.27854437754885475,3.9171402899259884,4.08319346861677,23.274994090027583,2327.4994090027585,517.756738291273,23.274994090027583,"[-2.158536572197704, 1.3430280907236491, 0.005546921048489686, -0.5330077216426687, -0.08091775577616897, 0.038380412235716595, 0.01802361106157515, -0.0018493399097438586]",0.0009765625,0,1,0,0,0,0,0.047572,localConicEvaluation
15,brakingLead,5,39,0,23.444936625192735,0.7575935978170015,0,0.7575935978170015,0.4473311400105475,4.0162474872409,4.182300665931692,23.444936625192735,2344.4936625192736,523.9645640625847,23.444936625192735,"[-1.9641825873023748, 1.695592110153996, 0.02354585613152035, -0.5153049150766318, -0.01944874966310694, 0.09217079268295722, 0.01689713537022672, -0.0017337561653844313]",0.0009765625,0,1,0,0,0,0,0.007343,localPolishEndpoint
15,brakingLead,5,40,0,22.83469549956404,0.7575935978170015,0,0.7575935978170015,0.33625200224351226,3.9666938885834444,4.132747067274238,22.83469549956404,2283.469549956404,518.5027397716867,22.83469549956404,"[-2.0752306015701407, 1.385139171418587, 0.013349326154993492, -0.5157027259856637, -0.07359663785206053, 0.05754321606520987, 0.017460373215900937, -0.0017915480375641467]",0.0009765625,0,1,0,0,0,0,0.007432,localPolishEndpoint
15,brakingLead,5,41,0,9.351543541879188,0.4242275340221438,0,0.4242275340221438,0.20518647093797893,3.2303912786167324,3.396444457307524,9.351543541879188,935.1543541879188,297.6745333645905,9.351543541879188,"[-0.8140119746062737, 0.6553545375498298, -0.02004052319888721, -0.319775252877049, -0.06147619767006148, 0.01642835410252196, 0.009704410858801997, -0.016672106056708675]",0.0009765625,0,1,0,0,0,0,0.048198,localConicEvaluation
15,brakingLead,5,42,0,20.233943748450265,0.4242275340221438,0,0.4242275340221438,0.20518647093797893,3.6039209498256852,3.7699741285164805,20.233943748450265,2023.3943748450265,321.626566102958,20.233943748450265,"[-0.7896979335979495, 2.1041124643565294, 0.06450387885104812, -0.540089233499442, 0.015528332534500006, 0.08672670271608006, 0.00849135950145173, -0.014588092799620037]",0.0009765625,0,1,0,0,0,0,0.007342,localPolishEndpoint
15,brakingLead,5,43,0,12.23167634454598,0.4242275340221438,0,0.4242275340221438,0.20518647093797893,3.417156114221209,3.5832092929120023,12.23167634454598,1223.1676344545979,301.95882298840314,12.23167634454598,"[-0.7481860879192368, 1.083761992782816, 0.03561980109554783, -0.37118415237430114, -0.09152042092880845, 0.041758866370561254, 0.009097885180126863, -0.015630099428164356]",0.0009765625,0,1,0,0,0,0,0.007214,localPolishEndpoint
15,brakingLead,5,44,0,9.984636099849299,0.4242275340221438,0,0.4242275340221438,0.20518647093797893,3.3237736964189706,3.489826875109756,9.984636099849299,998.4636099849299,298.94839430338874,9.984636099849299,"[-0.7760019912558533, 0.7943559303981951, 0.0029715793473741583, -0.32039527561247283, -0.0794761831278252, 0.02306260595081988, 0.00940114801946443, -0.016151102742436516]",0.0009765625,0,1,0,0,0,0,0.007138,localPolishEndpoint
15,crossing,30,1,0,3.3559999999999994,0,0,0,-3.3559999999999994,0,29.643553178690805,0,1670.3999999999983,0,-0.0009765625,"[0, 0, 0, 0, 0, 0, 0, 0]",0.0009765625,3.3559999999999994,18,0,0,0,0,0.026954,solvePredictiveControl
15,crossing,30,2,0,2.929913259050328,0.2833563863042469,0,0.2833563863042469,-2.929913259050328,1.1264571783790025,30.770010357069804,1.7612811755012072,1683.9771545988103,23.32066790306189,1.7612811755012072,"[-0.10167820782722714, -0.1747153542705807, -0.0038498128372824562, -0.030442282804150622, -0.000627591912550111, -0.00019602535353458822, 3.2766289259911208e-06, 2.2831182655280724e-06]",0.0009765625,2.929913259050328,17,0,0,0,0,0.027357,localConicEvaluation
15,crossing,30,3,0,2.929913259050328,0.2833563863042469,0,0.2833563863042469,-2.929913259050328,1.0589859878803058,30.70253916657111,0.1498756778745729,1522.836604836147,22.869714641498135,0.1498756778745729,"[-0.0063608883665295934, -0.012549453675871985, -0.0007755537418056275, -0.00725502412797141, -0.0006912617068237873, -0.0003247796090032818, -1.0515490523688512e-17, 1.0408340855860843e-17]",0.0009765625,2.929913259050328,17,0,0,0,0,0.007315,localPolishEndpoint
15,crossing,30,4,0,2.929913259050328,0.2833563863042469,0,0.2833563863042469,-2.929913259050328,1.0568237877923325,30.700376966483137,0,1507.8490370486898,22.87367309643507,-0.000800628668045099,"[-1.2944387187019402e-05, -9.302950483290185e-06, -6.445858317725743e-07, -9.539847486195185e-06, 1.7187429611553785e-06, 6.106887968600723e-07, -6.68207752056785e-19, -3.469446951953614e-18]",0.0009765625,2.929913259050328,17,0,0,0,0,0.007381,localPolishEndpoint
15,crossing,30,5,0,18.132892530810995,1.84641935310269,0,1.84641935310269,-1.2976188103853088,1.6894378206679965,31.332990999358802,18.132892530810995,2194.4623388072296,581.8934509238343,18.132892530810995,"[-1.7713706198614076, -0.4946096535843977, -0.008782507162557072, -0.6221788856585349, -0.010640467789908141, -0.0038423226903943125, 3.1498140171802836e-06, 8.171114053677486e-07]",0.0009765625,1.2976188103853088,16,0,0,0,0,0.027097,localConicEvaluation
15,crossing,30,6,0,4.953155021364824,1.84641935310269,0,1.84641935310269,-1.2976188103853088,0.5281470197916149,30.171700198482423,4.953155021364824,876.4885878626126,578.959665977172,4.953155021364824,"[-0.07347606868521694, -0.4590103319166488, -0.03839759556936652, -0.0609555753345159, -0.008652369564004635, -0.00511745708424836, -1.348942320149836e-16, 2.983724378680108e-16]",0.0009765625,1.2976188103853088,16,0,0,0,0,0.007445,localPolishEndpoint
15,crossing,30,7,0,1.2976188103853088,1.84641935310269,0,1.84641935310269,-1.2976188103853088,0.49487226377202903,30.138425442462836,0.839275510978711,465.10063682400124,577.3289130050096,0.839275510978711,"[-0.021639094345204057, -0.08208050220677998, -0.004844387661520532, -0.021322341370906273, -0.0027940132051647013, 0.0009669223897187366, 4.182870301057402e-18, 6.938893903907228e-18]",0.0009765625,1.2976188103853088,16,0,0,0,0,0.00736,localPolishEndpoint
15,crossing,30,8,0,1.2976188103853088,1.84641935310269,0,1.84641935310269,-1.2976188103853088,0.4807358113985265,30.12428899008933,0.12674905846414888,393.8479915725451,577.7490943615709,0.12674905846414888,"[-0.0012663947176179136, -0.010990008806724023, -0.0011349623901513242, -0.0032658417964963604, 0.0013537303878397456, 0.0004926870762916918, -6.119287408031249e-18, -1.0408340855860843e-17]",0.0009765625,1.2976188103853088,16,0,0,0,0,0.007404,localPolishEndpoint
15,crossing,30,9,0,1.2976188103853088,1.84641935310269,0,1.84641935310269,-1.2976188103853088,0.48013525010551916,30.123688428796324,0.00289927695341577,381.46301342147177,577.8343451863526,0.00289927695341577,"[-2.5284574462602905e-05, -0.000320084342326331, -3.6846128250232556e-05, -0.00011044320562447751, 4.2159478337937416e-05, 5.229218042704102e-05, -3.0542082660131766e-19, 0]",0.0009765625,1.2976188103853088,16,0,0,0,0,0.007353,localPolishEndpoint
15,crossing,30,10,0,1.2976188103853088,1.84641935310269,0,1.84641935310269,-1.2976188103853088,0.48014161714198694,30.123694795832794,0,381.1730857261302,577.8363824636629,-0.0009748394056963244,"[-1.4444623275267077e-08, -1.589900001510029e-07, -1.2293083079586003e-08, -6.231315907712087e-08, 1.3116737517105852e-08, 6.160290624493329e-08, -5.018099969652815e-20, 0]",0.0009765625,1.2976188103853088,16,0,0,0,0,0.007275,localPolishEndpoint
15,crossing,30,11,0,22.130726454887014,2.376419214889066,0,2.376419214889066,-0.415713665331239,-1.9465841523333487,27.696969026357454,22.130726454887014,2290.3438447534404,981.6890178050219,22.130726454887014,"[-0.6732190949786343, -2.497393187718493, -0.06572006254369492, -0.20673942780918964, 0.001095238958759326, 0.0009159734506162279, -7.247555284507773e-05, -1.2494589258088551e-05]",0.0009765625,0.415713665331239,16,0,0,0,0,0.027457,localConicEvaluation
15,crossing,30,12,0,27.28706845690074,2.376419214889066,0,2.376419214889066,-0.415713665331239,-2.2342387288652716,27.409314449825533,27.28706845690074,2805.978044954813,996.151415472789,27.28706845690074,"[-0.5717031241479518, -2.756599440071209, -0.16615621828911198, -0.33615057583259933, 0.20592767785738014, 0.02326913060358349, -5.435666463412279e-05, -9.370941943705191e-06]",0.0009765625,0.415713665331239,16,0,0,0,0,0.007442,localPolishEndpoint
15,crossing,30,13,0,25.24766353694782,2.376419214889066,0,2.376419214889066,-0.415713665331239,-2.0904114405993104,27.553141738091494,25.24766353694782,2602.037552959521,988.9362367158417,25.24766353694782,"[-0.625680815313217, -2.6447929116411175, -0.12968197820411453, -0.26412130139097023, 0.11507262483314055, 0.021476840143167933, -6.341610873960025e-05, -1.0932765600896871e-05]",0.0009765625,0.415713665331239,16,0,0,0,0,0.007239,localPolishEndpoint
15,crossing,30,14,0,22.90003515492532,2.376419214889066,0,2.376419214889066,-0.415713665331239,-2.0184977964663293,27.625055382224478,22.90003515492532,2367.274714757271,981.7636439356118,22.90003515492532,"[-0.6421637949043699, -2.5147092762684853, -0.08787587305292847, -0.2164038819376355, 0.03285558143049688, 0.007908012790092851, -6.794583079233899e-05, -1.1713677429490976e-05]",0.0009765625,0.415713665331239,16,0,0,0,0,0.007165,localPolishEndpoint
15,crossing,30,15,0,22.051539049806674,2.376419214889066,0,2.376419214889066,-0.415713665331239,-1.982540974399839,27.661012204290966,22.051539049806674,2282.425104245406,979.765126576493,22.051539049806674,"[-0.6552626015142025, -2.470095393042884, -0.0709279239875003, -0.20620054363273432, 0.008575927116746403, 0.00276451480545474, -7.021069181870837e-05, -1.2104133343789764e-05]",0.0009765625,0.415713665331239,16,0,0,0,0,0.007499,localPolishEndpoint
15,crossing,30,16,0,24.249462195821376,2.376419214889066,0,2.376419214889066,-0.415713665331239,-2.254968855575374,27.388584323115435,24.249462195821376,2502.217418846876,985.8846034663773,24.249462195821376,"[-0.6082617409877074, -2.564984376651266, -0.11827301110828908, -0.2803475248947418, 0.10315198288220014, 0.02482501477879216, -6.143435534144695e-05, -1.059111667587806e-05]",0.0009765625,0.415713665331239,16,0,0,0,0,0.007187,localPolishEndpoint
15,crossing,30,17,0,23.550882620049016,2.376419214889066,0,2.376419214889066,-0.415713665331239,-2.1187549149876066,27.5247982637032,23.550882620049016,2432.35946126964,983.2513422499829,23.550882620049016,"[-0.6371801953107408, -2.529773611055146, -0.10398505637504896, -0.24770102827328344, 0.07144217337500088, 0.019921393416193468, -6.582252358007766e-05, -1.1347625009833912e-05]",0.0009765625,0.415713665331239,16,0,0,0,0,0.007273,localPolishEndpoint
15,crossing,30,18,0,22.367932499433447,2.376419214889066,0,2.376419214889066,-0.415713665331239,-2.050647944693723,27.592905233997083,22.367932499433447,2314.0644492080833,979.7633504070911,22.367932499433447,"[-0.6426130008528332, -2.468486416079524, -0.08184349878371666, -0.21768424188684143, 0.027575008761826475, 0.008779361609579567, -6.801660769939301e-05, -1.1725879176811838e-05]",0.0009765625,0.415713665331239,16,0,0,0,0,0.007237,localPolishEndpoint
15,crossing,30,19,0,5.2672674848955205,2.2142583274351963,0,2.2142583274351963,-0.6407871151087645,-0.7332212675956808,28.910331911095124,5.2672674848955205,660.233456385478,800.7188519738543,5.2672674848955205,"[-0.14903207793367557, -0.602173100614971, -0.014910437474250207, -0.045838763976821184, 0.0002148615505990452, 0.0001983844133250187, -3.6237776422538884e-05, -6.2472946290442755e-06]",0.0009765625,0.6407871151087645,16,0,0,0,0,0.026806,localConicEvaluation
15,crossing,30,20,0,10.079896176974655,2.2142583274351963,0,2.2142583274351963,-0.6407871151087645,-0.9634828018920796,28.680070376798728,10.079896176974655,1141.4963255933917,807.2235369375608,10.079896176974655,"[-0.028831032049374983, -0.8185242395866883, -0.10234405092173186, -0.1994421564361204, 0.19990249292520734, 0.03223779518880542, -1.767181778515592e-16, 2.0122792321330962e-16]",0.0009765625,0.6407871151087645,16,0,0,0,0,0.007469,localPolishEndpoint
15,crossing,30,21,0,8.362490882454315,2.2142583274351963,0,2.2142583274351963,-0.6407871151087645,-0.8483520347438802,28.795201143946922,8.362490882454315,969.7557961413576,804.991401500319,8.362490882454315,"[-0.09364260194132612, -0.734473956526788, -0.07489183123677197, -0.12202365487431877, 0.12385655508229206, 0.029156816024214657, -1.81188882113578e-05, -3.1236473144215238e-06]",0.0009765625,0.6407871151087645,16,0,0,0,0,0.007181,localPolishEndpoint
15,crossing,30,22,0,5.947789723482845,2.2142583274351963,0,2.2142583274351963,-0.6407871151087645,-0.7907866511697805,28.852766527521023,5.947789723482845,728.2856802442105,802.0654290018542,5.947789723482845,"[-0.11731300393126531, -0.6094598435890046, -0.03501411228124298, -0.06585227263775906, 0.03527167054948281, 0.010364746275715167, -2.7178332316948343e-05, -4.685470971731165e-06]",0.0009765625,0.6407871151087645,16,0,0,0,0,0.007191,localPolishEndpoint
15,crossing,30,23,0,5.139587368361028,2.2142583274351963,0,2.2142583274351963,-0.6407871151087645,-0.7620039593827307,28.881549219308074,5.139587368361028,647.4654447320288,800.9737327034312,5.139587368361028,"[-0.13215445204015452, -0.5705867061341632, -0.019266216276067876, -0.04926813375192829, 0.008417679698933646, 0.0029603652116116943, -3.170805436974361e-05, -5.46638280038772e-06]",0.0009765625,0.6407871151087645,16,0,0,0,0,0.007264,localPolishEndpoint
15,crossing,30,24,0,7.266072167641267,2.2142583274351963,0,2.2142583274351963,-0.6407871151087645,-0.9464747761327109,28.697078402558095,7.266072167641267,860.1139246600528,804.577383399542,7.266072167641267,"[-0.08064069375485161, -0.6554277287984266, -0.06189105494272947, -0.11994854151451761, 0.11509279739088879, 0.033217014204916614, -1.5854027184705893e-05, -2.7331914003031477e-06]",0.0009765625,0.6407871151087645,16,0,0,0,0,0.007225,localPolishEndpoint
15,crossing,30,25,0,6.545927522387241,2.2142583274351963,0,2.2142583274351963,-0.6407871151087645,-0.8542393677577208,28.789313810933084,6.545927522387241,788.0994601346501,803.6105368594334,6.545927522387241,"[-0.11117257106931788, -0.6255776057524168, -0.04817381168529179, -0.08966849478882466, 0.07361983720349669, 0.0289238602370802, -2.378104077722475e-05, -4.099787100347169e-06]",0.0009765625,0.6407871151087645,16,0,0,0,0,0.007271,localPolishEndpoint
15,crossing,30,26,0,5.413549354977398,2.2142583274351963,0,2.2142583274351963,-0.6407871151087645,-0.8081216635702257,28.83543151512058,5.413549354977398,674.8616433936659,802.110748142388,5.413549354977398,"[-0.12002024540226586, -0.568268020596743, -0.02840206728169666, -0.06182427409165925, 0.027630634071290416, 0.012542516642714533, -2.7744547573484182e-05, -4.783084950367444e-06]",0.0009765625,0.6407871151087645,16,0,0,0,0,0.007102,localPolishEndpoint
15,crossing,30,27,0,5.064605646571231,2.2142583274351963,0,2.2142583274351963,-0.6407871151087645,-0.7850628114764782,28.858490367214326,5.064605646571231,639.967272553049,801.4039368932474,5.064605646571231,"[-0.12521761859899527, -0.5538936072965337, -0.021112445074746966, -0.05170156694319239, 0.012909603377228145, 0.005566138110776448, -2.97263009716139e-05, -5.1247338753758476e-06]",0.0009765625,0.6407871151087645,16,0,0,0,0,0.007539,localPolishEndpoint
15,crossing,30,28,0,6.374502504282745,2.2142583274351963,0,2.2142583274351963,-0.6407871151087645,-1.193848884014352,28.449704294676454,6.374502504282745,770.9569583242005,804.4110865030004,6.374502504282745,"[-0.03835961258747034, -0.617067025696034, -0.04863335057754927, -0.02113626053821349, 0.08489671643765806, 0.025922545980223047, -1.4863150485778159e-05, -2.5623669374884306e-06]",0.0009765625,0.6407871151087645,16,0,0,0,0,0.008033,localPolishEndpoint
15,crossing,30,29,0,5.788114097490445,2.2142583274351963,0,2.2142583274351963,-0.6407871151087645,-0.9894558477454151,28.654097330945387,5.788114097490445,712.3181176449705,803.3593744593429,5.788114097490445,"[-0.09554438668883591, -0.5732064899711593, -0.039370435268406015, -0.06260332208698749, 0.0631668650543376, 0.02928438633561818, -2.229472572869603e-05, -3.843550406432139e-06]",0.0009765625,0.6407871151087645,16,0,0,0,0,0.00745,localPolishEndpoint
15,crossing,30,30,0,5.299395976321615,2.2142583274351963,0,2.2142583274351963,-0.6407871151087645,-0.8872593296109466,28.756293849079857,5.299395976321615,663.4463055280876,802.6212510073003,5.299395976321615,"[-0.11395492638723681, -0.5517450358861132, -0.029042551897905902, -0.06293465001317955, 0.03420843012060071, 0.022612558450851694, -2.6010513350154964e-05, -4.484142140902259e-06]",0.0009765625,0.6407871151087645,16,0,0,0,0,0.007724,localPolishEndpoint
15,crossing,30,31,0,5.014680421829011,2.2142583274351963,0,2.2142583274351963,-0.6407871151087645,-0.8361610705437124,28.807392108147095,5.014680421829011,634.9747500788271,801.9761912646785,5.014680421829011,"[-0.11916786275585167, -0.5400819584622638, -0.022997246882004427, -0.05502823021454262, 0.018687598636920703, 0.011429517710342684, -2.7868407160884433e-05, -4.804438008140788e-06]",0.0009765625,0.6407871151087645,16,0,0,0,0,0.007767,localPolishEndpoint
15,crossing,30,32,0,9.06555140087501,2.2142583274351963,0,2.2142583274351963,-0.6407871151087645,-1.9509089075354942,27.692644271155313,9.06555140087501,1040.0618479834272,815.0756063324375,9.06555140087501,"[0.10056007717643212, -0.9515929301128383, -0.04463256815624362, 0.24852317373587063, -0.054818824356502795, 0.0019384894837336693, -1.3934203580487755e-05, -2.402219003619366e-06]",0.0009765625,0.6407871151087645,16,0,0,0,0,0.007462,localPolishEndpoint
15,crossing,30,33,0,4.760971961866879,2.2142583274351963,0,2.2142583274351963,-0.6407871151087645,-1.3935349890396034,28.250018189651204,4.760971961866879,609.6039040826139,803.9406448058783,4.760971961866879,"[-0.05514029306662849, -0.5548073225208797, -0.015517884382466025, 0.011781426958048513, -0.02381844424980683, 0.01321944338516393, -2.0901305370686093e-05, -3.603328505880077e-06]",0.0009765625,0.6407871151087645,16,0,0,0,0,0.007314,localPolishEndpoint
15,crossing,30,34,0,27.739608859944614,2.2142583274351963,0,2.2142583274351963,-0.6407871151087645,-1.1959974225532402,28.447555756137564,27.739608859944614,2907.4675938903874,878.9914055613137,27.739608859944614,"[-0.48394404551887504, -2.5519471646170273, -0.2193844355993737, -0.192605443268965, 0.002413670175627026, -0.023764968051826325, -1.045065268537854e-05, -1.8016642530128968e-06]",0.0009765625,0.6407871151087645,16,0,0,0,0,0.00727,localPolishEndpoint
15,crossing,30,35,0,14.99250676078279,2.2142583274351963,0,2.2142583274351963,-0.6407871151087645,-1.2947662057964218,28.348786972894384,14.99250676078279,1632.7573839742051,823.8270978631274,14.99250676078279,"[-0.06901515000255642, -1.456900088965889, -0.10990260395726548, 0.08284858116112126, -0.00818739920394969, 0.011386778542789824, -1.5675979028032318e-05, -2.7024963794482215e-06]",0.0009765625,0.6407871151087645,16,0,0,0,0,0.00716,localPolishEndpoint
15,crossing,30,36,0,5.270175297547028,2.2142583274351963,0,2.2142583274351963,-0.6407871151087645,-1.3441505974180126,28.29940258127279,5.270175297547028,660.5242376506288,803.516214665704,5.270175297547028,"[-0.03622931524639483, -0.582122001419269, -0.024633489400966622, 0.029329142618543358, -0.016935546850221597, 0.011694603110629668, -1.8288642199359204e-05, -3.1529124426624144e-06]",0.0009765625,0.6407871151087645,16,0,0,0,0,0.007212,localPolishEndpoint
15,crossing,30,37,0,4.65470276757087,2.2142583274351963,0,2.2142583274351963,-0.6407871151087645,-1.368842793228808,28.274710385461997,4.65470276757087,598.976984653013,803.3789406860099,4.65470276757087,"[-0.04905867680358966, -0.5365839768647375, -0.01660918003648737, 0.014846202274455322, -0.021319423167407852, 0.012340595297846094, -1.959497378502265e-05, -3.3781204742712456e-06]",0.0009765625,0.6407871151087645,16,0,0,0,0,0.007188,localPolishEndpoint
15,crossing,30,38,0,1.2630994914993168,2.058282800265634,0,2.058282800265634,-0.9645777592461788,-0.12653982522684698,29.517013353463955,1.2630994914993168,362.51936616544975,701.0718341443002,1.2630994914993168,"[-0.03640208404939216, -0.1445186582247294, -0.0035157853566117996, -0.011214857874856321, 6.840196874464064e-05, 4.561916330663925e-05, -1.811888821126947e-05, -3.1236473145221377e-06]",0.0009765625,0.9645777592461788,16,0,0,0,0,0.027242,localConicEvaluation
15,crossing,30,39,0,1.8699058185378064,2.058282800265634,0,2.058282800265634,-0.9645777592461788,-0.17696728291978847,29.466585895771015,1.8699058185378064,423.1999988692987,702.7702383360038,1.8699058185378064,"[-0.004759825442434362, -0.14092923051116804, -0.020911467639155416, -0.03210218727734748, 0.03280110763001626, 0.011391969223593893, -4.780992767482173e-17, 0]",0.0009765625,0.9645777592461788,16,0,0,0,0,0.007381,localPolishEndpoint
15,crossing,30,40,0,1.1005382639779027,2.058282800265634,0,2.058282800265634,-0.9645777592461788,-0.15175355407331773,29.49179962461749,1.1005382639779027,346.2632434133083,701.8620955702388,1.1005382639779027,"[-0.019838600315168264, -0.11013292123505057, -0.007051507894555069, -0.015117819405134014, 0.007692333805154496, 0.0031410850253773413, -9.05944410565864e-06, -1.5618236572610689e-06]",0.0009765625,0.9645777592461788,16,0,0,0,0,0.007312,localPolishEndpoint
15,crossing,30,41,0,1.5710506948000054,2.058282800265634,0,2.058282800265634,-0.9645777592461788,-0.19762703456419567,29.445926144126613,1.5710506948000054,393.3144864955186,703.6289861556986,1.5710506948000054,"[-0.0049124838297203155, -0.11358695274466575, -0.018468897280815456, -0.02746008876177264, 0.034130099440332635, 0.021199647266280368, 6.26567211742951e-17, -1.0408340855860843e-17]",0.0009765625,0.9645777592461788,16,0,0,0,0,0.007251,localPolishEndpoint
15,crossing,30,42,0,0.9843507158356866,2.058282800265634,0,2.058282800265634,-0.9645777592461788,-0.1746902943187567,29.468862884372047,0.9843507158356866,334.64448859908674,702.8013762011482,0.9843507158356866,"[-0.011592026511323184, -0.08769934570213231, -0.008560685419799924, -0.016358341339669735, 0.012407651713604285, 0.007956878229745801, -4.529722052797991e-06, -7.809118286357386e-07]",0.0009765625,0.9645777592461788,16,0,0,0,0,0.007181,localPolishEndpoint
15,crossing,30,43,0,0.9645777592461788,2.058282800265634,0,2.058282800265634,-0.9645777592461788,-0.2752839124477043,29.3682692662431,0.5959159749131698,295.80101450683503,703.9479654813244,0.5959159749131698,"[-0.0027980733548602643, -0.05265956759220713, -0.005233963222718857, -0.012658695555870736, 0.012035822329076061, 0.02544149307730826, 1.635451214558603e-17, -1.3877787807814457e-17]",0.0009765625,0.9645777592461788,16,0,0,0,0,0.007313,localPolishEndpoint
15,crossing,30,44,0,0.9645777592461788,2.058282800265634,0,2.058282800265634,-0.9645777592461788,-0.4751111606778516,29.16844201801295,0.8372256595019673,319.9319829657148,703.6569305974793,0.8372256595019673,"[0.002918141002268726, -0.043724397498738465, -0.012015180859403087, 0.004396106983504566, 0.021307916808017816, -0.01590560245688582, 1.1802988643573601e-17, 1.0408340855860843e-17]",0.0009765625,0.9645777592461788,16,0,0,0,0,0.007679,localPolishEndpoint
15,crossing,30,45,0,0.9645777592461788,2.058282800265634,0,2.058282800265634,-0.9645777592461788,-0.37519753656277793,29.268355642128025,0.47795392450615964,284.004809466134,703.7642522678882,0.47795392450615964,"[-0.0007291430577112124, -0.036210531039183716, -0.0054662672102490945, -0.004910230794434867, 0.011184931540020348, 0.008514468629821085, 1.4078750394579815e-17, -3.469446951953614e-18]",0.0009765625,0.9645777592461788,16,0,0,0,0,0.007283,localPolishEndpoint
15,crossing,30,46,0,0.9645777592461788,2.058282800265634,0,2.058282800265634,-0.9645777592461788,-0.5122032516021344,29.131349927088667,0.5712602488573247,293.33544190125053,703.7109207024685,0.5712602488573247,"[0.006286199597987263, -0.049988849824435744, -0.005044754102539785, 0.010305899257733842, 0.0018570688311067536, 0.004045514652315839, -1.1452950886789986e-17, -4.163336342344337e-17]",0.0009765625,0.9645777592461788,16,0,0,0,0,0.007323,localPolishEndpoint
15,crossing,30,47,0,0.9645777592461788,2.058282800265634,0,2.058282800265634,-0.9645777592461788,-0.44370039408245615,29.19985278460835,0.3022508988719802,266.43450690271607,703.7898749270978,0.3022508988719802,"[0.0003799174166729813, -0.023802196663356125, -0.0033271753230240827, -0.001227366692125642, 0.00599004166039533, 0.004891379889271399, 1.3128997538949143e-18, -2.42861286636753e-17]",0.0009765625,0.9645777592461788,16,0,0,0,0,0.007364,localPolishEndpoint
15,crossing,30,48,0,25.0768010232597,2.3550807281929234,0,2.3550807281929234,-0.19839666704751813,-3.4212430940476897,26.222310084643116,25.0768010232597,2545.0528615665667,1038.2914406517484,25.0768010232597,"[-0.9287712345033583, -2.709821526582179, -0.08222725262706009, -0.33295694050154445, -0.002672023663515364, -0.0018654492121387871, -0.00015030527719630963, -6.969148049509183e-06]",0.0009765625,0.19839666704751813,16,0,0,0,0,0.027262,localConicEvaluation
15,crossing,30,49,0,28.986015712020272,2.3550807281929234,0,2.3550807281929234,-0.19839666704751813,-3.60767101677334,26.035882161917467,28.986015712020272,2935.974330442624,1059.0441612031536,28.986015712020272,"[-0.876782816986406, -3.0356208998111627, -0.13733714264143218, -0.25196214125856287, 0.015780258390428934, 0.007871316748448645, -0.0001409111973716019, -6.533576296419846e-06]",0.0009765625,0.19839666704751813,16,0,0,0,0,0.007303,localPolishEndpoint
15,crossing,30,50,0,26.44933740470469,2.3550807281929234,0,2.3550807281929234,-0.19839666704751813,-3.5144570554105146,26.129096123280288,26.44933740470469,2682.3064997110655,1045.2230113558164,26.44933740470469,"[-0.8977162100625904, -2.825116579858702, -0.10383435063544476, -0.2924185572258775, 0.004627654527914452, 0.0032658700123674275, -0.00014560823728395578, -6.7513621729645146e-06]",0.0009765625,0.19839666704751813,16,0,0,0,0,0.00739,localPolishEndpoint
15,crossing,30,51,0,5.391535058580005,2.27791582039151,0,2.27791582039151,-0.3607786242438846,-1.932471744065073,27.71108143462573,5.391535058580005,591.3202235761626,871.7913087328349,5.391535058580005,"[-0.17529109338239834, -0.6009392760082057, -0.016325589587801538, -0.06484599772990585, 0.002370410746057179, 0.0018554083645997217, -7.515263859815415e-05, -3.4845740247667345e-06]",0.0009765625,0.3607786242438846,16,0,0,0,0,0.026766,localConicEvaluation
15,crossing,30,52,0,7.198875499092672,2.27791582039151,0,2.27791582039151,-0.3607786242438846,-2.059951982615955,27.58360119607485,7.198875499092672,772.0542676274292,873.8786371216777,7.198875499092672,"[-0.13170518423343935, -0.7547818885470596, -0.03990971099730896, -0.017585576354722576, 0.008635260933148252, 0.0070915772176133535, -6.57585587734225e-05, -3.0490022715906617e-06]",0.0009765625,0.3607786242438846,16,0,0,0,0,0.007293,localPolishEndpoint
15,crossing,30,53,0,6.018544042371616,2.27791582039151,0,2.27791582039151,-0.3607786242438846,-1.9962118633405141,27.647341315350292,6.018544042371616,654.0211219553237,872.4541975507382,6.018544042371616,"[-0.1549803797280518, -0.655392459276856, -0.025484103434693015, -0.04415910966509706, 0.004731510478696416, 0.004150355338574661, -7.045559868578832e-05, -3.266788148180433e-06]",0.0009765625,0.3607786242438846,16,0,0,0,0,0.007116,localPolishEndpoint
15,crossing,30,54,0,5.599071855568496,2.27791582039151,0,2.27791582039151,-0.3607786242438846,-1.9643418037027935,27.67921137498801,5.599071855568496,612.0739032750117,872.0107328776044,5.599071855568496,"[-0.16596570259319776, -0.618800034236915, -0.019818775069606248, -0.056010647625704735, 0.003243891569304179, 0.0027836801008453605, -7.280411864197124e-05, -3.375681086471849e-06]",0.0009765625,0.3607786242438846,16,0,0,0,0,0.007331,localPolishEndpoint
15,crossing,30,55,0,1.5524117591821143,2.18945310281514,0,2.18945310281514,-0.6549805113567719,-1.1880860690737645,28.455467109617043,1.5524117591821143,281.5616009717431,800.1775216409561,1.5524117591821143,"[-0.043897701694213254, -0.1693605639815996, -0.00620520116938206, -0.016552964304594298, 0.004352790229180607, 0.0035108987460293344, -3.757631929907642e-05, -1.7422870123955103e-06]",0.0009765625,0.6549805113567719,16,0,0,0,0,0.026701,localConicEvaluation
15,crossing,30,56,0,2.470475117140791,2.18945310281514,0,2.18945310281514,-0.6549805113567719,-1.2795393992987099,28.364013779392092,2.470475117140791,373.3679367676107,800.3652225560936,2.470475117140791,"[-0.018507137921808692, -0.24557120564581503, -0.017193001391751842, 0.010154072831513261, 0.005853868294765026, 0.005450149871214648, -2.8182239474265093e-05, -1.306715259292296e-06]",0.0009765625,0.6549805113567719,16,0,0,0,0,0.007329,localPolishEndpoint
15,crossing,30,57,0,1.8720725467949706,2.18945310281514,0,2.18945310281514,-0.6549805113567719,-1.2338127341862373,28.409740444504568,1.8720725467949706,313.52767973302866,800.2276443978494,1.8720725467949706,"[-0.032525975491928705, -0.19639445493435392, -0.010506597323526125, -0.005246187597034435, 0.004843222098705463, 0.004275077750581849, -3.2879279386670755e-05, -1.5245011358439031e-06]",0.0009765625,0.6549805113567719,16,0,0,0,0,0.007193,localPolishEndpoint
15,crossing,30,58,0,1.6534940067048347,2.18945310281514,0,2.18945310281514,-0.6549805113567719,-1.2109494016300009,28.4326037770608,1.6534940067048347,291.66982572401514,800.1981604365416,1.6534940067048347,"[-0.03883356342792865, -0.1777893415567681, -0.007807498269150223, -0.011866112672121787, 0.004477707293388662, 0.0037707290811053477, -3.522779934287358e-05, -1.6333940741214414e-06]",0.0009765625,0.6549805113567719,16,0,0,0,0,0.00725,localPolishEndpoint
15,crossing,30,59,0,1.5692554697567238,2.18945310281514,0,2.18945310281514,-0.6549805113567719,-1.1995177353518827,28.444035443338922,1.5692554697567238,283.24597202920404,800.188944599673,1.5692554697567238,"[-0.041768749406060124, -0.17041830656941484, -0.006671462165595857, -0.014832957013199533, 0.004345747917593323, 0.0035599847787104993, -3.6402059320975e-05, -1.6878405432567412e-06]",0.0009765625,0.6549805113567719,16,0,0,0,0,0.00718,localPolishEndpoint
15,crossing,30,60,0,25.879081010005144,0.014434717569717037,0,0.014434717569717037,-1.012632814374992,-2.180204430407451,27.463348748283355,25.879081010005144,2876.2510790321035,221.1039201982538,25.879081010005144,"[-1.9265879641218149, -1.6596237595969223, -0.09108889679895463, -1.0339118763923842, 0.04033155581283727, 0.007710424356121186, 0.00011489023700495114, 3.2376675490955464e-07]",0.0009765625,1.012632814374992,17,0,0,0,0,0.027142,localConicEvaluation
15,crossing,30,61,0,21.938221609732597,0.014434717569717037,0,0.014434717569717037,-1.012632814374992,-2.7506462409108416,26.892906937779966,21.938221609732597,2482.1651390048487,225.56920147050118,21.938221609732597,"[-1.0545846315097052, -1.8487854057911584, -0.1341570719143233, -0.6052017335542192, 0.06671070927672954, 0.04030118580542658, 5.7445118501862196e-05, 1.618833770540562e-07]",0.0009765625,1.012632814374992,17,0,0,0,0,0.007276,localPolishEndpoint
15,crossing,30,62,0,19.441060174114835,0.014434717569717037,0,0.014434717569717037,-1.012632814374992,-2.885759082810188,26.757794095880616,19.441060174114835,2232.4489954430724,218.3680081670519,19.441060174114835,"[-0.9356358254646864, -1.652828654447261, -0.11146894437809489, -0.5879078646699547, 0.038317357126403655, -0.022053113482506166, 5.0264478689115234e-05, 1.4164795492793703e-07]",0.0009765625,1.012632814374992,17,0,0,0,0,0.007327,localPolishEndpoint
15,crossing,30,63,0,21.288530298289015,0.014434717569717037,0,0.014434717569717037,-1.012632814374992,-3.058367533253366,26.585185645437438,21.288530298289015,2417.19600786049,226.85246664822355,21.288530298289015,"[-0.8756819298768619, -1.8517748292618599, -0.13939800223981952, -0.5313160941423849, 0.04677304120580038, -0.021011167379260818, 4.712294877076459e-05, 1.3279495764823013e-07]",0.0009765625,1.012632814374992,17,0,0,0,0,0.007332,localPolishEndpoint
15,crossing,30,64,0,19.898041308658833,0.014434717569717037,0,0.014434717569717037,-1.012632814374992,-2.972063308031777,26.671489870659027,19.898041308658833,2278.147108897472,220.9897368691003,19.898041308658833,"[-0.9042027262399372, -1.7135172518518738, -0.11973363852700417, -0.5598226468514902, 0.03851926624425272, -0.021545242634981737, 4.869371372993991e-05, 1.3722145628808358e-07]",0.0009765625,1.012632814374992,17,0,0,0,0,0.007265,localPolishEndpoint
15,crossing,30,65,0,6.745174615728617,0.9123635469469419,0,0.9123635469469419,-0.7887989133803515,-1.3119524122449535,28.33160076644585,6.745174615728617,848.6335263069782,328.5847627442664,6.745174615728617,"[-0.5150240842238745, -0.4012176131069338, -0.02532538136662079, -0.274912320269852, 0.02003695431371811, -0.0006608464727486832, 5.744511850247623e-05, 1.6188337744263426e-07]",0.0009765625,0.7887989133803515,16,0,0,0,0,0.027024,localConicEvaluation
15,crossing,30,66,0,6.63569890884962,0.9123635469469419,0,0.9123635469469419,-0.7887989133803515,-1.6527165546727898,27.990836624018012,6.63569890884962,837.6859556190784,330.98778448968403,6.63569890884962,"[0.026558457778058653, -0.6205096720164408, -0.053599301819993686, 0.04365455014975694, 0.015721453157895894, 0.04145950595921803, 5.4386291477304116e-17, 1.491862189340054e-16]",0.0009765625,0.7887989133803515,16,0,0,0,0,0.007308,localPolishEndpoint
15,crossing,30,67,0,8.20718106863924,0.9123635469469419,0,0.9123635469469419,-0.7887989133803515,-1.670990161839495,27.972563016851307,8.20718106863924,994.8341715980405,332.80419306884255,8.20718106863924,"[0.0602462267579611, -0.7640177121957735, -0.06533406604330312, 0.07855029958500381, -9.659688407833735e-05, -0.005670849551650137, -2.3426759839430626e-17, 1.0408340855860843e-16]",0.0009765625,0.7887989133803515,16,0,0,0,0,0.007248,localPolishEndpoint
15,crossing,30,68,0,6.341761565509308,0.9123635469469419,0,0.9123635469469419,-0.7887989133803515,-1.6618533582561423,27.98169982043466,6.341761565509308,808.2922212850473,330.7730792846478,6.341761565509308,"[0.03416512256558235, -0.5938233659526978, -0.050618126927025504, 0.04730714268912095, 0.005423688093484829, 0.02207697812503831, 1.5479765818936745e-17, 1.2836953722228372e-16]",0.0009765625,0.7887989133803515,16,0,0,0,0,0.007169,localPolishEndpoint
15,crossing,30,69,0,14.765316369010224,0.9123635469469419,0,0.9123635469469419,-0.7887989133803515,-1.8471254379938211,27.79642774069698,14.765316369010224,1650.647701635139,348.26027075102377,14.765316369010224,"[-0.007509725253363797, -1.3755439596990602, -0.11932408394781631, 0.07442990822671014, -0.011303963412721855, 0.015124665228458357, 1.5595567677169932e-16, -3.469446951953614e-18]",0.0009765625,0.7887989133803515,16,0,0,0,0,0.007109,localPolishEndpoint
15,crossing,30,70,0,6.748709419114236,0.9123635469469419,0,0.9123635469469419,-0.7887989133803515,-1.7544893981249818,27.889063780565824,6.748709419114236,848.98700664554,331.3778767660316,6.748709419114236,"[0.04236599888126591, -0.6279278868381041, -0.05426878079901617, 0.06137735019501456, 0.0036828725708971254, 0.019033823690959285, 8.571772129531803e-17, 6.245004513516506e-17]",0.0009765625,0.7887989133803515,16,0,0,0,0,0.007295,localPolishEndpoint
15,crossing,30,71,0,6.1529761151473785,0.9123635469469419,0,0.9123635469469419,-0.7887989133803515,-1.708171378190562,27.93538180050024,6.1529761151473785,789.4136762488542,330.7112743610463,6.1529761151473785,"[0.034634480291430236, -0.5754106890647143, -0.04918325343487007, 0.04827378148078232, 0.005119267808389859, 0.02055337995066503, 5.059874355712739e-17, 9.71445146547012e-17]",0.0009765625,0.7887989133803515,16,0,0,0,0,0.007128,localPolishEndpoint
15,crossing,30,72,0,8.90227222883753,0.9123635469469419,0,0.9123635469469419,-0.7887989133803515,-1.8276349810030286,27.815918197687775,8.90227222883753,1064.3432876178695,334.787651866966,8.90227222883753,"[0.04400347763487389, -0.8349152759473694, -0.07037315864668059, 0.08195689431823716, -0.0018285983417413287, 0.01859252282214657, 5.4272774226253914e-17, 3.469446951953614e-18]",0.0009765625,0.7887989133803515,16,0,0,0,0,0.007184,localPolishEndpoint
15,crossing,30,73,0,6.169631862760159,0.9123635469469419,0,0.9123635469469419,-0.7887989133803515,-1.7679031795967952,27.875649999094012,6.169631862760159,791.0792510101323,330.7732584274781,6.169631862760159,"[0.036295131758301125, -0.5755867048100913, -0.04946425481285425, 0.05201979266867518, 0.003862077026601534, 0.019686960841497503, 5.2435758891690654e-17, 5.204170427930421e-17]",0.0009765625,0.7887989133803515,16,0,0,0,0,0.007181,localPolishEndpoint
15,crossing,30,74,0,6.0958047889363804,0.9123635469469419,0,0.9123635469469419,-0.7887989133803515,-1.7380372788936786,27.905515899797127,6.0958047889363804,783.6965436277545,330.67777093858484,6.0958047889363804,"[0.03484241754794226, -0.5695375687970236, -0.04878848167774136, 0.048997214550905, 0.004620213359820812, 0.020088661925638802, 5.151725122440902e-17, 7.28583859910259e-17]",0.0009765625,0.7887989133803515,16,0,0,0,0,0.007069,localPolishEndpoint
15,crossing,30,75,0,26.56592465300207,0.9123635469469419,0,0.9123635469469419,-0.7887989133803515,-2.094424687700883,27.549128490989926,26.56592465300207,2830.7085300343238,399.90800812188104,26.56592465300207,"[-0.26879538670498704, -2.434339639229718, -0.2193184867806914, -0.041578303608554634, -0.01599073142244262, 0.011820692141687131, 1.5894139204532382e-16, -1.5265566588595902e-16]",0.0009765625,0.7887989133803515,16,0,0,0,0,0.007188,localPolishEndpoint
15,crossing,30,76,0,12.400417093007732,0.9123635469469419,0,0.9123635469469419,-0.7887989133803515,-1.9162309832972808,27.727322195393523,12.400417093007732,1414.1577740348896,341.3550495781692,12.400417093007732,"[0.032219672407428845, -1.1450705552804954, -0.10159804885311736, 0.09274378164080765, -0.013238097749724323, 0.019076055991189677, 1.0522932163486641e-16, -4.163336342344337e-17]",0.0009765625,0.7887989133803515,16,0,0,0,0,0.007181,localPolishEndpoint
15,crossing,30,77,0,6.6625704713461795,0.9123635469469419,0,0.9123635469469419,-0.7887989133803515,-1.8271341310954798,27.81641904759533,6.6625704713461795,840.3731118687343,331.3854206663019,6.6625704713461795,"[0.041039354496874125, -0.6188281529593745, -0.05376024094961469, 0.06046900160668223, 0.0016272440566969418, 0.019449226355820644, 7.837328642963771e-17, 1.734723475976807e-17]",0.0009765625,0.7887989133803515,16,0,0,0,0,0.007321,localPolishEndpoint
15,crossing,30,78,0,6.001402599146561,0.9123635469469419,0,0.9123635469469419,-0.7887989133803515,-1.7825857049945792,27.860967473696224,6.001402599146561,774.2563246487725,330.7297707656235,6.001402599146561,"[0.034965085039466715, -0.5603878178940532, -0.048059826784820577, 0.049400147504155, 0.004236048801771444, 0.019529059534245816, 6.494526882702337e-17, 4.5102810375396984e-17]",0.0009765625,0.7887989133803515,16,0,0,0,0,0.007186,localPolishEndpoint
15,crossing,30,79,0,2.1057656426174507,1.560758993223074,0,1.560758993223074,-0.7202690665329816,-0.8778264031637049,28.765726775527103,2.1057656426174507,382.1640326985741,514.2441941263571,2.1057656426174507,"[-0.13257798838674262, -0.1636920738757992, -0.009644745645830214, -0.06841301682600154, 0.009139404445297927, 0.0023532211822123216, 2.8722559251238767e-05, 8.094168870917406e-08]",0.0009765625,0.7202690665329816,16,0,0,0,0,0.026693,localConicEvaluation
15,crossing,30,80,0,3.9348559369906173,1.560758993223074,0,1.560758993223074,-0.7202690665329816,-1.0151914874429504,28.628361691247857,3.9348559369906173,565.0730621358907,515.1680451747178,3.9348559369906173,"[0.029475191616633367, -0.35072704579063485, -0.03425615928261678, 0.04625482816519977, 0.008285495122539446, 0.015442145891954261, 1.74319380544935e-17, 7.632783294297951e-17]",0.0009765625,0.7202690665329816,16,0,0,0,0,0.007428,localPolishEndpoint
15,crossing,30,81,0,2.516329854748855,1.560758993223074,0,1.560758993223074,-0.7202690665329816,-0.9465089453033276,28.697044233387476,2.516329854748855,423.2204539117145,514.4867428229107,2.516329854748855,"[-0.052927547403477604, -0.23213091658817928, -0.019708571295579024, -0.01321540828011436, 0.007963726783542095, 0.0072010806805855206, 1.43612796256281e-05, 4.0470844391016225e-08]",0.0009765625,0.7202690665329816,16,0,0,0,0,0.007217,localPolishEndpoint
15,crossing,30,82,0,2.0991918748025817,1.560758993223074,0,1.560758993223074,-0.7202690665329816,-0.9121676742335162,28.73138550445729,2.0991918748025817,381.5066559170872,514.3222175845598,2.0991918748025817,"[-0.09380780854229442, -0.18409402067738964, -0.013315629120426354, -0.04250406667225626, 0.008098026490979033, 0.0037516303738111636, 2.1541919438433432e-05, 6.070626655182987e-08]",0.0009765625,0.7202690665329816,16,0,0,0,0,0.007178,localPolishEndpoint
15,crossing,30,83,0,17.696826925084014,1.560758993223074,0,1.560758993223074,-0.7202690665329816,-0.9365187983284268,28.707034380362376,17.696826925084014,1941.2701609452306,543.1853588000406,17.696826925084014,"[-0.09397723024572713, -1.6036117105028491, -0.15085245949621023, 0.06706002144273704, 0.018563481829330892, -0.01742740716948279, 1.0770959719533035e-05, 3.0353133236016294e-08]",0.0009765625,0.7202690665329816,16,0,0,0,0,0.007509,localPolishEndpoint
15,crossing,30,84,0,5.113314806905869,1.560758993223074,0,1.560758993223074,-0.7202690665329816,-0.9243432362809715,28.719209942409837,5.113314806905869,682.918949127416,515.7834785464411,5.113314806905869,"[-0.04117308010217613, -0.4571868918571327, -0.044715193346559295, 0.014932451510832223, 0.012687762994223556, 0.0020280387761487926, 1.6156439578983232e-05, 4.552969989218836e-08]",0.0009765625,0.7202690665329816,16,0,0,0,0,0.007189,localPolishEndpoint
15,crossing,30,85,0,2.4777313646742654,1.560758993223074,0,1.560758993223074,-0.7202690665329816,-0.9182554552572438,28.72529772343356,2.4777313646742654,419.3606049042556,514.6985760438876,2.4777313646742654,"[-0.07591565869256556, -0.22037444913035212, -0.019150746935791815, -0.029437290129390448, 0.010224566184840283, 0.004167788694700344, 1.8849179508708332e-05, 5.3117983223743837e-08]",0.0009765625,0.7202690665329816,16,0,0,0,0,0.00736,localPolishEndpoint
15,crossing,30,86,0,2.1060392899025215,1.560758993223074,0,1.560758993223074,-0.7202690665329816,-0.91521156474538,28.728341613945428,2.1060392899025215,382.1913974270812,514.5589355049209,2.1060392899025215,"[-0.08699236771688135, -0.1852111426760472, -0.014225397960732349, -0.03888465613958836, 0.008560545087959868, 0.0039607860390721795, 2.0195549473570883e-05, 5.691212488778685e-08]",0.0009765625,0.7202690665329816,16,0,0,0,0,0.007256,localPolishEndpoint
15,crossing,30,87,0,2.067191053629871,1.560758993223074,0,1.560758993223074,-0.7202690665329816,-0.9136896194894482,28.72986355920136,2.067191053629871,378.30657379981614,514.4545547836684,2.067191053629871,"[-0.09071536690244386, -0.18136747176591367, -0.013329175814598526, -0.0410572092552286, 0.0081046612653481, 0.0037780273281311713, 2.0868734456002158e-05, 5.880919571807364e-08]",0.0009765625,0.7202690665329816,16,0,0,0,0,0.007307,localPolishEndpoint
15,crossing,30,88,0,31.184838544086762,1.560758993223074,0,1.560758993223074,-0.7202690665329816,-1.0267624731547498,28.616790705536058,31.184838544086762,3290.071322845505,611.4966402629578,31.184838544086762,"[-0.4450993129723315, -2.8286520362165852, -0.25904783648613483, -0.05075474206032027, 0.015663339080417598, -0.04775297118201685, 1.0434367228171461e-05, 2.940459786424099e-08]",0.0009765625,0.7202690665329816,16,0,0,0,0,0.007201,localPolishEndpoint
15,crossing,30,89,0,10.1802477149466,1.560758993223074,0,1.560758993223074,-0.7202690665329816,-0.970226046322099,28.67332713236871,10.1802477149466,1189.612239931489,522.8432534715496,10.1802477149466,"[-0.03604705210752002, -0.928327110207023, -0.0856900818576856, 0.06474700682330159, 0.0073013293082294815, -0.009526884001113772, 1.565155084208681e-05, 4.410689679115731e-08]",0.0009765625,0.7202690665329816,16,0,0,0,0,0.007305,localPolishEndpoint
15,crossing,30,90,0,3.2888435449755504,1.560758993223074,0,1.560758993223074,-0.7202690665329816,-0.9419578329057735,28.701595345785034,3.2888435449755504,500.471822934384,514.8753356739521,3.2888435449755504,"[-0.0613287001096694, -0.3006898310165687, -0.026549512587327746, -0.008878906040857615, 0.008013505808102271, 0.00046832139000669193, 1.8260142649044484e-05, 5.1458046254615475e-08]",0.0009765625,0.7202690665329816,16,0,0,0,0,0.007287,localPolishEndpoint
15,crossing,30,91,0,2.176153747347495,1.560758993223074,0,1.560758993223074,-0.7202690665329816,-0.9278237261976109,28.715729452493196,2.176153747347495,389.20284317157854,514.6686126984556,2.176153747347495,"[-0.08163999731939953, -0.19401558415710393, -0.015237899174798935, -0.034096239773509396, 0.008134329402159326, 0.002702231342152722, 1.956443855252332e-05, 5.513362098807928e-08]",0.0009765625,0.7202690665329816,16,0,0,0,0,0.007319,localPolishEndpoint
15,crossing,30,92,0,2.046517783783002,1.560758993223074,0,1.560758993223074,-0.7202690665329816,-0.9207566728435295,28.722796505847274,2.046517783783002,376.23924681512926,514.5885266935773,2.046517783783002,"[-0.08729228044726511, -0.18009346342955912, -0.013441845550562962, -0.03911742722114475, 0.008005553087742005, 0.003418548181740457, 2.021658650426274e-05, 5.6971408351341735e-08]",0.0009765625,0.7202690665329816,16,0,0,0,0,0.007135,localPolishEndpoint
15,crossing,30,93,0,3.5858830498150542,1.560758993223074,0,1.560758993223074,-0.7202690665329816,-1.0539193897577204,28.58963378893308,3.5858830498150542,530.1757734183344,515.2802172985392,3.5858830498150542,"[-0.03810558312110146, -0.332661967306666, -0.029030043382589396, 0.012171687325622571, 0.005433042360630212, 0.0035110346091197617, 1.516243987833283e-05, 4.27285562522306e-08]",0.0009765625,0.7202690665329816,16,0,0,0,0,0.007261,localPolishEndpoint
15,crossing,30,94,0,2.3963322438900767,1.560758993223074,0,1.560758993223074,-0.7202690665329816,-0.9873380313006249,28.65621514739018,2.3963322438900767,411.22069282583664,514.7897863165877,2.3963322438900767,"[-0.06759997023097952, -0.21921690248068865, -0.01794990551325507, -0.021421814022712482, 0.007196422917756478, 0.003548526282093547, 1.7689513191297786e-05, 4.9849982301786167e-08]",0.0009765625,0.7202690665329816,16,0,0,0,0,0.007301,localPolishEndpoint
15,crossing,30,95,0,2.1381013582632176,1.560758993223074,0,1.560758993223074,-0.7202690665329816,-0.9540473520720771,28.68950582661873,2.1381013582632176,385.3976042631508,514.6864178698637,2.1381013582632176,"[-0.07869538935939602, -0.1917204318703648, -0.014961771858510994, -0.03211662701290052, 0.00767843889770234, 0.003493983017039386, 1.895304984778026e-05, 5.341069532482923e-08]",0.0009765625,0.7202690665329816,16,0,0,0,0,0.007119,localPolishEndpoint
15,crossing,30,96,0,2.0652619605339906,1.560758993223074,0,1.560758993223074,-0.7202690665329816,-0.9374020124578033,28.706151166233003,2.0652619605339906,378.1136644902281,514.6394316403623,2.0652619605339906,"[-0.08341052285861394, -0.18316561041060517, -0.013929358747123831, -0.03621826573401421, 0.007842265561741871, 0.00344038555949693, 1.9584818176021502e-05, 5.5191051839820204e-08]",0.0009765625,0.7202690665329816,16,0,0,0,0,0.007295,localPolishEndpoint
15,crossing,30,97,0,15.501760595736366,2.388088647789938,0,2.388088647789938,-0.43448471377654463,-1.8956682389140829,27.74788493977672,15.501760595736366,1623.2612772708833,949.878873538672,15.501760595736366,"[-0.3931540240704834, -1.77792346929771, -0.04593222778463979, -0.1285330352136267, -0.0009727477966082386, -0.00023348508018552038, 0.00017170042836484175, 1.3484580645879707e-06]",0.0009765625,0.43448471377654463,16,0,0,0,0,0.027178,localConicEvaluation
15,crossing,30,98,0,16.51890440575698,2.388088647789938,0,2.388088647789938,-0.43448471377654463,-2.00742192414422,27.636131254546587,16.51890440575698,1724.9756582729447,953.3068961674938,16.51890440575698,"[-0.3696762929292987, -1.8627503576081024, -0.05992542699944477, -0.09682630389362501, 0.002805564545046721, 0.003549226458008062, 0.00016633478997839989, 1.3063187500640672e-06]",0.0009765625,0.43448471377654463,16,0,0,0,0,0.007309,localPolishEndpoint
15,crossing,30,99,0,3.7388688422068688,2.2724066780833176,0,2.2724066780833176,-0.5101097158092978,-1.1696843164982695,28.473868862192536,3.7388688422068688,468.05747693988326,843.3126682476077,3.7388688422068688,"[-0.07971518805805289, -0.4301491459946982, -0.011903348336672087, -0.027045572840739496, 0.0027657669318919384, 0.0023601752748238303, 8.585021418242154e-05, 6.742290322818423e-07]",0.0009765625,0.5101097158092978,16,0,0,0,0,0.026704,localConicEvaluation
15,crossing,30,100,0,5.169604848987252,2.2724066780833176,0,2.2724066780833176,-0.5101097158092978,-1.3008255163437852,28.34272766234702,5.169604848987252,611.1310776179215,844.3522024560698,5.169604848987252,"[-0.0484938347877133, -0.5499173337824773, -0.028659723625250034, 0.011312079134810915, 0.006082484973477785, 0.006153719344397383, 7.511893740967641e-05, 5.899504032375047e-07]",0.0009765625,0.5101097158092978,16,0,0,0,0,0.007263,localPolishEndpoint
15,crossing,30,101,0,4.238931961396636,2.2724066780833176,0,2.2724066780833176,-0.5101097158092978,-1.2352549164210274,28.408298262269778,4.238931961396636,518.06378885886,843.6109791405163,4.238931961396636,"[-0.06649177506763948, -0.47174903941956353, -0.01834442435943587, -0.011653068966460012, 0.004031093833616963, 0.003956361783069037, 8.048457579604898e-05, 6.320897177579388e-07]",0.0009765625,0.5101097158092978,16,0,0,0,0,0.007234,localPolishEndpoint
15,crossing,30,102,0,3.9140253869075146,2.2724066780833176,0,2.2724066780833176,-0.5101097158092978,-1.2024696164596484,28.441083562231153,3.9140253869075146,485.57313140994785,843.4068886958139,3.9140253869075146,"[-0.07390307386270223, -0.4443056571886702, -0.014409594250885584, -0.020661820742715165, 0.0032427184053425992, 0.003005435474867391, 8.316739498923526e-05, 6.531593750198905e-07]",0.0009765625,0.5101097158092978,16,0,0,0,0,0.007312,localPolishEndpoint
15,crossing,30,103,0,1.115896915228894,2.1790029576615697,0,2.1790029576615697,-0.7234670666762602,-0.8066923552903629,28.83686082340044,1.115896915228894,264.3966904901781,781.856711019893,1.115896915228894,"[-0.019287454835570372, -0.12293565981517114, -0.005063437917349534, -0.0072620379669174895, 0.004422237513565113, 0.003637235395944477, 4.292510709121143e-05, 3.371145161287781e-07]",0.0009765625,0.7234670666762602,16,0,0,0,0,0.026798,localConicEvaluation
15,crossing,30,104,0,3.0568407493570957,2.1790029576615697,0,2.1790029576615697,-0.7234670666762602,-0.9659772041904467,28.67757597450036,3.0568407493570957,458.49107390299827,782.2157902889542,3.0568407493570957,"[0.0208973238950918, -0.2808853008698017, -0.02496729338324834, 0.042550458672385716, 0.006082177136425286, 0.0065403059898370254, 2.1462553545587323e-05, 1.6855725808520572e-07]",0.0009765625,0.7234670666762602,16,0,0,0,0,0.007336,localPolishEndpoint
15,crossing,30,105,0,1.7772655932784673,2.1790029576615697,0,2.1790029576615697,-0.7234670666762602,-0.8863347797404049,28.757218398950403,1.7772655932784673,330.53355829513544,781.8756112509113,1.7772655932784673,"[-0.003407531760522886, -0.17652949338569804, -0.012474938051212739, 0.011564188367556127, 0.004888395668547083, 0.004751117260166222, 3.219383031839937e-05, 2.528358871087266e-07]",0.0009765625,0.7234670666762602,16,0,0,0,0,0.00715,localPolishEndpoint
15,crossing,30,106,0,1.3482124562999356,2.1790029576615697,0,2.1790029576615697,-0.7234670666762602,-0.8465135675153839,28.797039611175418,1.3482124562999356,287.6282445972822,781.8503334646764,1.3482124562999356,"[-0.012485242983672151, -0.14159232627726637, -0.0079270660205788, 0.00044032507088509476, 0.004503852715026084, 0.004025172993817294, 3.75594687048054e-05, 2.9497520161875235e-07]",0.0009765625,0.7234670666762602,16,0,0,0,0,0.007143,localPolishEndpoint
15,crossing,30,107,0,1.1894018014914005,2.1790029576615697,0,2.1790029576615697,-0.7234670666762602,-0.8266029614028734,28.81695021728793,1.1894018014914005,271.7471791164287,781.8550802356385,1.1894018014914005,"[-0.016384131165445126, -0.12854327191025147, -0.006106944565182745, -0.004171149605678437, 0.004389163799243361, 0.0037394687492878363, 4.024228789800842e-05, 3.160448588737652e-07]",0.0009765625,0.7234670666762602,16,0,0,0,0,0.007239,localPolishEndpoint
15,crossing,30,108,0,1.127995930797125,2.1790029576615697,0,2.1790029576615697,-0.7234670666762602,-0.8166476583466181,28.826905520344187,1.127995930797125,265.6065920470012,781.8589529455359,1.127995930797125,"[-0.018137550279405446, -0.12348679056324897, -0.005352164160739143, -0.006177925020622865, 0.004362735617774033, 0.003631317921448306, 4.158369749460992e-05, 3.2657968750127164e-07]",0.0009765625,0.7234670666762602,16,0,0,0,0,0.00717,localPolishEndpoint
15,crossing,30,109,0,12.145848936374946,2.3670606034598944,0,2.3670606034598944,-0.24996203498181147,-2.2737899955029164,27.36976318318789,12.145848936374946,1246.4329983154128,954.6824340228769,12.145848936374946,"[-0.3613605540449143, -1.366191889781132, -0.03696553819935657, -0.13717309403645572, -0.0010155467903755228, -0.0001793588088191663, -0.00010988773518080676, -8.861181444060062e-06]",0.0009765625,0.24996203498181147,16,0,0,0,0,0.02693,localConicEvaluation
15,crossing,30,110,0,14.002434337938475,2.3670606034598944,0,2.3670606034598944,-0.24996203498181147,-2.4033119290164295,27.240241249674373,14.002434337938475,1432.0915384717657,959.4277840862219,14.002434337938475,"[-0.3217015898185309, -1.523060997028938, -0.062173562653246396, -0.08717366191619824, 0.00619957635575765, 0.006212648934475089, -0.00010301975173194416, -8.30735760376164e-06]",0.0009765625,0.24996203498181147,16,0,0,0,0,0.007227,localPolishEndpoint
15,crossing,30,111,0,12.781134453297193,2.3670606034598944,0,2.3670606034598944,-0.24996203498181147,-2.338550962259673,27.30500221643113,12.781134453297193,1309.9615500076375,956.2117635176689,12.781134453297193,"[-0.34229222053453157, -1.4198026842105305, -0.04654204950945499, -0.11503818460764847, 0.0016097254071700776, 0.0025327666137688275, -0.00010645374345637546, -8.584269523912585e-06]",0.0009765625,0.24996203498181147,16,0,0,0,0,0.007428,localPolishEndpoint
15,crossing,30,112,0,3.2068839072410724,2.3036666498257032,0,2.3036666498257032,-0.3569005392935123,-1.5402411753966396,28.103312003294167,3.2068839072410724,370.322099165431,883.8943587742795,3.2068839072410724,"[-0.08210781039720416, -0.36548672650157144, -0.00990825838171838, -0.031850997631904576, 0.0020661895055198607, 0.0017733512571760125, -3.348131404479767e-05, -4.262033463965642e-06]",0.0009765625,0.3569005392935123,16,0,0,0,0,0.026753,localConicEvaluation
15,crossing,30,113,0,4.197285655606876,2.3036666498257032,0,2.3036666498257032,-0.3569005392935123,-1.6296501110761628,28.013903067614645,4.197285655606876,469.3622740020114,884.3947151631394,4.197285655606876,"[-0.05718348919629079, -0.44788163742334175, -0.022497118363399356, -0.0035537856310092764, 0.004863336663754152, 0.004752698550834779, -2.9296149789259604e-05, -3.7292792809569264e-06]",0.0009765625,0.3569005392935123,16,0,0,0,0,0.007307,localPolishEndpoint
15,crossing,30,114,0,3.553711957614206,2.3036666498257032,0,2.3036666498257032,-0.3569005392935123,-1.5849456432364013,28.058607535454403,3.553711957614206,405.00490420274434,884.0407095145288,3.553711957614206,"[-0.07089777302979883, -0.39438277337859223, -0.014812171662857192, -0.01979155602800553, 0.0031067409467698415, 0.003021330144080404, -3.138873191702864e-05, -3.9956563724595495e-06]",0.0009765625,0.3569005392935123,16,0,0,0,0,0.007216,localPolishEndpoint
15,crossing,30,115,0,3.315371693487279,2.3036666498257032,0,2.3036666498257032,-0.3569005392935123,-1.5625934093165204,28.080959769374285,3.315371693487279,381.17087779005163,883.9369184735707,3.315371693487279,"[-0.07717208139397513, -0.3741105184763062, -0.011715638200527817, -0.026921243640236625, 0.002432326155858974, 0.0022493451916776354, -3.243502298091315e-05, -4.1288449182143305e-06]",0.0009765625,0.3569005392935123,16,0,0,0,0,0.007165,localPolishEndpoint
15,crossing,30,116,0,1.470650431006405,2.2501332736260045,0,2.2501332736260045,-0.5357554635046993,-1.1734667653435014,28.470086413347307,1.470650431006405,242.3020327514954,839.5447307172633,1.470650431006405,"[-0.031862850756894545, -0.1653928442226817, -0.005521261248893666, -0.012174086874574996, 0.003317083139837555, 0.0027165797550005822, 4.72189652320688e-06, -1.962459473918432e-06]",0.0009765625,0.5357554635046993,16,0,0,0,0,0.026719,localConicEvaluation
15,crossing,30,117,0,2.430689829224271,2.2501332736260045,0,2.2501332736260045,-0.5357554635046993,-1.265632856766339,28.377920321924467,2.430689829224271,338.30597257328196,839.658968525664,2.430689829224271,"[-0.009004945386699603, -0.24308113786766866, -0.0166945363204354, 0.014191925188857368, 0.005004542480472628, 0.004833552066614977, 3.541422392409065e-06, -1.4718446054370893e-06]",0.0009765625,0.5357554635046993,16,0,0,0,0,0.007389,localPolishEndpoint
15,crossing,30,118,0,1.8080573328382763,2.2501332736260045,0,2.2501332736260045,-0.5357554635046993,-1.2195498110549203,28.424003367635887,1.8080573328382763,276.0427229346825,839.5571040711131,1.8080573328382763,"[-0.02185995387562656, -0.19276630461013206, -0.009867938178744401, -0.0011845076594969584, 0.0038936604809352896, 0.003575493998879873, 4.131659457807972e-06, -1.7171520396777606e-06]",0.0009765625,0.5357554635046993,16,0,0,0,0,0.007266,localPolishEndpoint
15,crossing,30,119,0,1.580738606469948,2.2501332736260045,0,2.2501332736260045,-0.5357554635046993,-1.1965082881992108,28.447044890491593,1.580738606469948,253.3108502978497,839.5467065054376,1.580738606469948,"[-0.027493217244249024, -0.17403790373839695, -0.007151314809510151, -0.007662178571571587, 0.0034881805575210866, 0.0030281396595190396, 4.426777990507427e-06, -1.8398057567980963e-06]",0.0009765625,0.5357554635046993,16,0,0,0,0,0.007225,localPolishEndpoint
15,crossing,30,120,0,1.4922385954780444,2.2501332736260045,0,2.2501332736260045,-0.5357554635046993,-1.184987526771356,28.458565651919447,1.4922385954780444,244.46084919865933,839.5470587781383,1.4922385954780444,"[-0.03008040060031192, -0.16664066455347673, -0.0060114180853971895, -0.010541880269371973, 0.0033375090607475648, 0.0027936307700924144, 4.574337256857153e-06, -1.9011326153582642e-06]",0.0009765625,0.5357554635046993,16,0,0,0,0,0.007152,localPolishEndpoint
15,crossing,30,121,0,16.050107869023844,2.3526324487511454,0,2.3526324487511454,-0.09790022105090945,-3.0369035386730205,26.606649640017782,16.050107869023844,1614.8008090074754,998.4587801320089,16.050107869023844,"[-0.5386606827559106, -1.7437602199516442, -0.05625742044517409, -0.20474356259078164, -0.0015429807823823883, -0.0006576707140826284, -0.00015306388160248952, -9.068080416500812e-06]",0.0009765625,0.09790022105090945,16,0,0,0,0,0.026852,localConicEvaluation
15,crossing,30,122,0,18.205890280084173,2.3526324487511454,0,2.3526324487511454,-0.09790022105090945,-3.162123671951916,26.481429506738888,18.205890280084173,1830.3790501135084,1005.5552360202403,18.205890280084173,"[-0.49498062130024323, -1.9236271005807704, -0.08699513635703005, -0.1491194293270528, 0.00860443639678162, 0.006788413794767549, -0.00014349738900230956, -8.501325390441322e-06]",0.0009765625,0.09790022105090945,16,0,0,0,0,0.007357,localPolishEndpoint
15,crossing,30,123,0,16.768252803991547,2.3526324487511454,0,2.3526324487511454,-0.09790022105090945,-3.099513605312468,26.54403957337834,16.768252803991547,1686.6153025042458,1000.7077327826682,16.768252803991547,"[-0.5161347268109964, -1.8037869582336405, -0.0678039469007406, -0.17900083608037676, 0.00216040578285446, 0.0025878317720072954, -0.00014828063530239954, -8.784702903472802e-06]",0.0009765625,0.09790022105090945,16,0,0,0,0,0.007322,localPolishEndpoint
15,crossing,30,124,0,3.89605849561102,2.316798404456768,0,2.316798404456768,-0.1805547199587172,-2.105185152008261,27.538368026682544,3.89605849561102,407.66132155697375,919.873538036873,3.89605849561102,"[-0.11041193246543912, -0.43843087001377357, -0.012306671725782004, -0.04409619692587974, 0.001400357246945104, 0.0011879115470878553, -7.417099253964131e-05, -5.515269945209622e-06]",0.0009765625,0.1805547199587172,16,0,0,0,0,0.026604,localConicEvaluation
15,crossing,30,125,0,5.014604350677284,2.316798404456768,0,2.316798404456768,-0.1805547199587172,-2.1896966660347648,27.453856512656042,5.014604350677284,519.5159070636001,920.6133353983021,5.014604350677284,"[-0.08162312455873888, -0.5305546294112353, -0.02724684825430961, -0.012486258278793017, 0.005471009473864511, 0.004901097262767412, -6.489961847222903e-05, -4.825861201967346e-06]",0.0009765625,0.1805547199587172,16,0,0,0,0,0.007331,localPolishEndpoint
15,crossing,30,126,0,4.278126867782723,2.316798404456768,0,2.316798404456768,-0.1805547199587172,-2.147440909021513,27.496112269669293,4.278126867782723,445.8681587741441,920.0989378790025,4.278126867782723,"[-0.09710695634706923, -0.47006721605445106, -0.018048223358535828, -0.030302818802686815, 0.0028940270842999485, 0.0027458428490902977, -6.953530550593517e-05, -5.170565573590219e-06]",0.0009765625,0.1805547199587172,16,0,0,0,0,0.007353,localPolishEndpoint
15,crossing,30,127,0,4.003355812746072,2.316798404456768,0,2.316798404456768,-0.1805547199587172,-2.126313030514887,27.51724014817592,4.003355812746072,418.39105327047895,919.9366453606738,4.003355812746072,"[-0.10454472626855704, -0.4467403654221579, -0.014315398651049832, -0.03854323389637848, 0.0019108331138828992, 0.001763919230728199, -7.185314902278824e-05, -5.342917759398186e-06]",0.0009765625,0.1805547199587172,16,0,0,0,0,0.007297,localPolishEndpoint
15,crossing,30,128,0,1.8353976222403507,2.2878496001063398,0,2.2878496001063398,-0.3527171958281483,-1.6393259586758813,28.004227220014922,1.8353976222403507,227.08458384384264,884.8070092931058,1.8353976222403507,"[-0.045631451061112216, -0.20717357287313928, -0.0062548863449676355, -0.017905843146099443, 0.002451261884621185, 0.0019960074112651614, -3.4724548008217216e-05, -3.738864709564027e-06]",0.0009765625,0.3527171958281483,16,0,0,0,0,0.026831,localConicEvaluation
15,crossing,30,129,0,3.035922054458553,2.2878496001063398,0,2.2878496001063398,-0.3527171958281483,-1.7336438115486033,27.909909367142202,3.035922054458553,347.13702706566283,885.0702798065806,3.035922054458553,"[-0.017175826387585857, -0.30338671201730844, -0.02084186749594264, 0.014014119631090338, 0.005601026787795282, 0.00512646849609601, -2.604341100617218e-05, -2.80414853220598e-06]",0.0009765625,0.3527171958281483,16,0,0,0,0,0.007324,localPolishEndpoint
15,crossing,30,130,0,2.2535676239901727,2.2878496001063398,0,2.2878496001063398,-0.3527171958281483,-1.6864848851122423,27.957068293578562,2.2535676239901727,268.90158401882485,884.8622309014302,2.2535676239901727,"[-0.032807133357621865, -0.24104345353874007, -0.011915676802932183, -0.004226047006831379, 0.0035815734206752067, 0.003311955150356028, -3.0383979507194698e-05, -3.2715066208867383e-06]",0.0009765625,0.3527171958281483,16,0,0,0,0,0.007248,localPolishEndpoint
15,crossing,30,131,0,1.9678297761516508,2.2878496001063398,0,2.2878496001063398,-0.3527171958281483,-1.6629054218940618,27.980647756796746,1.9678297761516508,240.32779923497262,884.8233682956322,1.9678297761516508,"[-0.03996445423681649, -0.21758376186599515, -0.008353037693573465, -0.012256234504160801, 0.002830243583645537, 0.002493501571417301, -3.255426375770596e-05, -3.505185665223648e-06]",0.0009765625,0.3527171958281483,16,0,0,0,0,0.007113,localPolishEndpoint
15,crossing,30,132,0,1.8584842336531353,2.2878496001063398,0,2.2878496001063398,-0.3527171958281483,-1.6511156902849715,27.99243748840583,1.8584842336531353,229.39324498512107,884.8137209652755,1.8584842336531353,"[-0.04329695742286077, -0.20840036353851996, -0.006872694852635724, -0.015869090126164664, 0.0025436145104774884, 0.00213798610603991, -3.363940588296159e-05, -3.6220251873955722e-06]",0.0009765625,0.3527171958281483,16,0,0,0,0,0.007169,localPolishEndpoint
15,crossing,30,133,0,38.380479795496456,2.3649927446565133,0,2.3649927446565133,0.05260552464520552,-4.205464485636192,25.438088693054613,38.380479795496456,3838.047979549646,1229.7029781647009,38.380479795496456,"[-1.3587531391191803, -3.973717654763163, -0.1711576629240617, -0.43935241882021536, -0.00262963828262069, -0.0012968421612893153, -0.00014312366432701418, -1.0413609469968332e-05]",0.0009765625,0,1,0,0,0,0,0.02739,localConicEvaluation
15,crossing,30,134,0,42.45870617755456,2.3649927446565133,0,2.3649927446565133,0.05260552464520552,-4.376631626146231,25.266921552544577,42.45870617755456,4245.870617755456,1259.8361038516969,42.45870617755456,"[-1.3396299669588743, -4.289351067085341, -0.2287964382596592, -0.3567605353432608, 0.016560781525174106, 0.009525265258297793, -0.00013417843530655335, -9.762758877984723e-06]",0.0009765625,0,1,0,0,0,0,0.007372,localPolishEndpoint
15,crossing,30,135,0,39.88084953815819,2.3649927446565133,0,2.3649927446565133,0.05260552464520552,-4.291048055891211,25.352505122799595,39.88084953815819,3988.0849538158186,1239.8892185657241,39.88084953815819,"[-1.3387805254622833, -4.086878763541882, -0.19497725529422819, -0.39526438724979407, 0.006033950996352958, 0.004711559281339013, -0.00013865104981678378, -1.0088184173976528e-05]",0.0009765625,0,1,0,0,0,0,0.007211,localPolishEndpoint
15,crossing,30,136,0,6.6837798104640775,2.337187505477961,0,2.337187505477961,-0.016435550110616808,-2.9223952221560365,26.72115795653477,6.6837798104640775,670.0215360574695,962.5953139604865,6.6837798104640775,"[-0.18009096083210352, -0.7474643536835059, -0.022875187861134034, -0.0718248556557608, 0.0009574966055612232, 0.0007535743985280558, -8.892410616761569e-05, -7.07623708976618e-06]",0.0009765625,0.016435550110616808,16,0,0,0,0,0.026735,localConicEvaluation
15,crossing,30,137,0,8.7743991455129,2.337187505477961,0,2.337187505477961,-0.016435550110616808,-3.025947566510964,26.61760561217984,8.7743991455129,879.0834695623516,965.2875019547371,8.7743991455129,"[-0.13929124498633882, -0.9135355818861074, -0.050709373559424786, -0.024018971010047352, 0.010341658499499709, 0.007329424621538424, -7.78085928966157e-05, -6.191707453629541e-06]",0.0009765625,0.016435550110616808,16,0,0,0,0,0.007686,localPolishEndpoint
15,crossing,30,138,0,7.393911032862946,2.337187505477961,0,2.337187505477961,-0.016435550110616808,-2.9741713943335,26.669381784357302,7.393911032862946,741.0346582973564,963.4104225152225,7.393911032862946,"[-0.16011754916557663, -0.8039228506395867, -0.033399484035056284, -0.0498962428492149, 0.004355481292586973, 0.0036421946492712857, -8.33663495321157e-05, -6.633972271699595e-06]",0.0009765625,0.016435550110616808,16,0,0,0,0,0.007309,localPolishEndpoint
15,crossing,30,139,0,6.882828334290566,2.337187505477961,0,2.337187505477961,-0.016435550110616808,-2.9482833082447684,26.695269870446037,6.882828334290566,689.9263884401183,962.8059376234232,6.882828334290566,"[-0.17108177670365876, -0.7621525180482885, -0.026486761476439205, -0.0628773285129629, 0.002110916160464804, 0.0018393453404930544, -8.61452278498657e-05, -6.8551046807328875e-06]",0.0009765625,0.016435550110616808,16,0,0,0,0,0.007153,localPolishEndpoint
15,crossing,30,140,0,2.6708585960099085,2.31563022595479,0,2.31563022595479,-0.13658896604729143,-2.280860590415959,27.362692588274843,2.6708585960099085,280.74475620571997,928.4355921913838,2.6708585960099085,"[-0.06768072059581698, -0.3019533813578355, -0.0088252175082956, -0.02713869139944336, 0.0017941985395704618, 0.0014319353164981678, -6.182432708791645e-05, -5.407550899665103e-06]",0.0009765625,0.13658896604729143,16,0,0,0,0,0.026984,localConicEvaluation
15,crossing,30,141,0,4.5146279786590675,2.31563022595479,0,2.31563022595479,-0.13658896604729143,-2.3852713265975765,27.25828185209323,4.5146279786590675,465.12169447063593,929.273288328915,4.5146279786590675,"[-0.02941882830972986, -0.4465908744672258, -0.031807242307437936, 0.01610755313650536, 0.008402985416855713, 0.006600362409794539, -4.636824531596318e-05, -4.0556631746672955e-06]",0.0009765625,0.13658896604729143,16,0,0,0,0,0.007662,localPolishEndpoint
15,crossing,30,142,0,3.307123293426474,2.31563022595479,0,2.31563022595479,-0.13658896604729143,-2.3330659585067677,27.31048722018404,3.307123293426474,344.37122594737656,928.6510057363041,3.307123293426474,"[-0.04977313471838585, -0.3524521777546486, -0.0176316260940371, -0.00788349626407836, 0.004172373525343094, 0.0036796201717083673, -5.409628620193982e-05, -4.731607037164465e-06]",0.0009765625,0.13658896604729143,16,0,0,0,0,0.007241,localPolishEndpoint
15,crossing,30,143,0,2.8685706328606075,2.31563022595479,0,2.31563022595479,-0.13658896604729143,-2.306963274461363,27.336589904229445,2.8685706328606075,300.51595989078993,928.5003630986944,2.8685706328606075,"[-0.05967479641551421, -0.3171439438050119, -0.012036358234969517, -0.019116188020536384, 0.0026173593126643225, 0.0023025978968613478, -5.796030664492813e-05, -5.069578968414784e-06]",0.0009765625,0.13658896604729143,16,0,0,0,0,0.007254,localPolishEndpoint
15,crossing,30,144,0,2.7037003140116136,2.31563022595479,0,2.31563022595479,-0.13658896604729143,-2.293911932438661,27.349641246252144,2.7037003140116136,284.0289280058905,928.4529364754437,2.7037003140116136,"[-0.06436761188653861, -0.303535145014813, -0.009752920128877152, -0.024258338583697636, 0.00202741521800806, 0.0016973968492664188, -5.98923168664223e-05, -5.2385649340416784e-06]",0.0009765625,0.13658896604729143,16,0,0,0,0,0.007287,localPolishEndpoint
15,crossing,30,145,0,7.8377806872061155,0.2676222449077602,0,0.2676222449077602,-0.9584443536584244,-2.2160893774837493,27.427463801207058,7.8377806872061155,1062.0968105378797,171.10412572480067,7.8377806872061155,"[-0.30933017446098887, 0.766885864374197, 0.0019446251827895105, -0.493613123755825, 0.051579654274183685, 0.0010240654639789139, 0.00011478354947926573, 3.91248330754157e-07]",0.0009765625,0.9584443536584244,17,0,0,0,0,0.027106,localConicEvaluation
15,crossing,30,146,0,7.852875248653969,0.2676222449077602,0,0.2676222449077602,-0.9584443536584244,-2.181041822933478,27.462511355757325,7.852875248653969,1063.606266682665,169.1588988910951,7.852875248653969,"[-0.37473252502154253, -0.573360502046534, -0.04832169788347588, -0.397947725013001, 0.020455751518498187, 0.02557828834977734, -1.7982848283387698e-16, -8.673617379884035e-17]",0.0009765625,0.9584443536584244,17,0,0,0,0,0.007598,localPolishEndpoint
15,crossing,30,147,0,4.338687433399244,0.2676222449077602,0,0.2676222449077602,-0.9584443536584244,-2.1985656002086134,27.444987578482195,4.338687433399244,712.1874851571926,163.15909336794837,4.338687433399244,"[-0.2505562426009931, -0.06774790154766022, -0.035815555003459995, -0.3462563133991896, 0.03323184281208828, 0.008291518571472778, 5.739177473954295e-05, 1.9562416533197569e-07]",0.0009765625,0.9584443536584244,17,0,0,0,0,0.007355,localPolishEndpoint
15,crossing,30,148,0,0.9584443536584244,0.2676222449077602,0,0.2676222449077602,-0.9584443536584244,-2.261870317066709,27.381682861624096,0.5784725758471683,336.165999401985,162.86376456652758,0.5784725758471683,"[-0.01421624105267938, 0.034080360554717554, 0.006664990071704295, -0.024865347455159892, -0.0022420329744179484, -0.0010846771077998633, 4.47911022508074e-18, 1.734723475976807e-17]",0.0009765625,0.9584443536584244,17,0,0,0,0,0.007177,localPolishEndpoint
15,crossing,30,149,0,0.9584443536584244,0.2676222449077602,0,0.2676222449077602,-0.9584443536584244,-2.261902759257839,27.38165041943297,0.0030246090998772525,278.6212027272559,162.74499607067884,0.0030246090998772525,"[-0.0002674735980008336, -0.00012567321437847672, 1.8939749221662934e-05, -0.00034344720124579453, -6.586320971925489e-05, -3.294037647304028e-06, -6.877447291519577e-19, 0]",0.0009765625,0.9584443536584244,17,0,0,0,0,0.007407,localPolishEndpoint
15,crossing,30,150,0,0.9584443536584244,0.2676222449077602,0,0.2676222449077602,-0.9584443536584244,-2.261961517235264,27.38159166145554,0,278.3187418172682,162.74403070531955,-0.0009761899760743052,"[-7.714483274412487e-09, 3.0390902381250766e-08, 2.617220115877494e-09, -1.846417774231668e-08, 4.94281192032831e-09, 4.921946558137791e-09, 1.0232964944362418e-20, 0]",0.0009765625,0.9584443536584244,17,0,0,0,0,0.007346,localPolishEndpoint
15,crossing,30,151,0,2.959599123222433,1.4824375574962707,0,1.4824375574962707,-0.4734967400604313,-1.9277076680798153,27.715845510610986,2.959599123222433,372.03911237261036,508.6857979217692,2.959599123222433,"[0.11279334683062103, 0.3641336828091748, -0.0010028049424267032, -0.06960809952781943, 0.02348327916579249, -0.002825930362288801, 4.002950073552426e-05, -1.673808189404935e-06]",0.0009765625,0.4734967400604313,16,0,0,0,0,0.027176,localConicEvaluation
15,crossing,30,152,0,10.495417179433133,1.4824375574962707,0,1.4824375574962707,-0.4734967400604313,-1.7357775497019357,27.90777562898887,10.495417179433133,1125.6209179936805,519.5027758368863,10.495417179433133,"[-0.31565152208132474, -0.9460389157514352, -0.07241440566391322, -0.28658578788577493, 0.014728093533172499, 0.05796879138624174, 2.3647127008266655e-16, -2.0816681711721685e-17]",0.0009765625,0.4734967400604313,16,0,0,0,0,0.007461,localPolishEndpoint
15,crossing,30,153,0,4.868326126433944,1.4824375574962707,0,1.4824375574962707,-0.4734967400604313,-1.8317426088908755,27.811810569799928,4.868326126433944,562.9118126937615,508.773557922937,4.868326126433944,"[-0.008982259577877016, -0.4054450438444522, -0.0472504707687393, -0.07702299193043771, 0.01647302522315626, 0.012800108640923067, 2.0014750367880365e-05, -8.369040947128759e-07]",0.0009765625,0.4734967400604313,16,0,0,0,0,0.00723,localPolishEndpoint
15,crossing,30,154,0,1.0270707807146389,1.4824375574962707,0,1.4824375574962707,-0.4734967400604313,-1.8797251384853455,27.763828040205457,1.0270707807146389,178.78627812183097,506.6576601553222,1.0270707807146389,"[0.08048270440853145, 0.10178270579575639, -0.015297640746245834, -0.051981586773566235, 0.019414555997993552, 0.0016012358418256445, 3.0022125551702313e-05, -1.2553561420589054e-06]",0.0009765625,0.4734967400604313,16,0,0,0,0,0.007198,localPolishEndpoint
15,crossing,30,155,0,0.7444385119439388,1.4824375574962707,0,1.4824375574962707,-0.4734967400604313,-1.7950172948713283,27.848535883819476,0.7444385119439388,150.52305124476098,507.14353745814697,0.7444385119439388,"[-0.027232907026267128, -0.0640936979574626, -0.0045635655208552395, -0.031054309258173873, 0.0027027020201753583, 0.0055087578570225185, -1.054386612742153e-17, 6.938893903907228e-18]",0.0009765625,0.4734967400604313,16,0,0,0,0,0.007153,localPolishEndpoint
15,crossing,30,156,0,0.4734967400604313,1.4824375574962707,0,1.4824375574962707,-0.4734967400604313,-1.8007573194439495,27.84279585924686,0.022258412771517615,78.30504132751884,506.96523891547747,0.022258412771517615,"[-0.0006704924711939952, 0.001924624665127951, 0.00017873297137507675, -0.0007746504479779759, 8.363335106142008e-06, 0.00027142781035639275, -1.427450957572e-17, 0]",0.0009765625,0.4734967400604313,16,0,0,0,0,0.007349,localPolishEndpoint
15,crossing,30,157,0,0.4734967400604313,1.4824375574962707,0,1.4824375574962707,-0.4734967400604313,-1.8009769535957338,27.84257622509507,0,76.07920005036708,506.96465262604613,-0.0009703297683711441,"[-4.2238261244165187e-07, 5.0563279986758576e-08, 3.655730517915619e-08, -4.424931852042846e-07, 3.519144213313147e-08, 3.001392143229239e-07, -1.0758321719846734e-19, 0]",0.0009765625,0.4734967400604313,16,0,0,0,0,0.007151,localPolishEndpoint
15,crossing,30,158,0,46.6127392099711,2.243645536647204,0,2.243645536647204,0.27686063451239074,-4.691493587032964,24.95205959165784,46.6127392099711,4661.2739209971105,1283.3314602340918,46.6127392099711,"[-1.7386251924961513, -4.686966506660977, -0.2303489153294868, -0.4636129871704959, -0.00039329605523402017, 0.004297441383935242, -0.00010720943840883412, -1.4322742448918957e-05]",0.0009765625,0,1,0,0,0,0,0.027185,localConicEvaluation
15,crossing,30,159,0,51.62510753786118,2.243645536647204,0,2.243645536647204,0.27686063451239074,-4.747012583118471,24.896540595572336,51.62510753786118,5162.510753786119,1304.22140694035,51.62510753786118,"[-1.8063073458843277, -4.937098854335198, -0.3177267720004879, -0.4716132255540266, 0.043166304818366134, 0.025953976518586636, -8.040707880651279e-05, -1.0742056836602482e-05]",0.0009765625,0,1,0,0,0,0,0.007443,localPolishEndpoint
15,crossing,30,160,0,45.978942132609774,2.243645536647204,0,2.243645536647204,0.27686063451239074,-4.719253085075717,24.924300093615084,45.978942132609774,4597.894213260977,1261.228369489001,45.978942132609774,"[-1.6903898101007542, -4.542345626725365, -0.2459876298433059, -0.4539630935510228, 0.010191064547849385, 0.009314727364531565, -9.380825860767345e-05, -1.2532399642758985e-05]",0.0009765625,0,1,0,0,0,0,0.007175,localPolishEndpoint
15,crossing,30,161,0,51.39433526271048,2.243645536647204,0,2.243645536647204,0.27686063451239074,-4.899510605625164,24.744042573065638,51.39433526271048,5139.433526271047,1306.2395461493911,51.39433526271048,"[-1.6844752879493896, -4.949243526775917, -0.3217500458639668, -0.36353932058670324, 0.04597248392673356, 0.04083111071708664, -8.208222628172863e-05, -1.0965849687360335e-05]",0.0009765625,0,1,0,0,0,0,0.007354,localPolishEndpoint
15,crossing,30,162,0,48.26972026545689,2.243645536647204,0,2.243645536647204,0.27686063451239074,-4.80938184535044,24.83417133334036,48.26972026545689,4826.972026545689,1277.6205072211742,48.26972026545689,"[-1.673456368672916, -4.706176555528516, -0.28177515329756, -0.40002946949843654, 0.024067148430160907, 0.01943240108409418, -8.794524244470103e-05, -1.1749124665057925e-05]",0.0009765625,0,1,0,0,0,0,0.007224,localPolishEndpoint
15,crossing,30,163,0,46.494722276479045,2.243645536647204,0,2.243645536647204,0.27686063451239074,-4.764317465213079,24.879235713477723,46.494722276479045,4649.472227647904,1263.0641760738347,46.494722276479045,"[-1.6701931800955947, -4.5700796665485806, -0.25783712933068414, -0.42785978583151696, 0.01457061841863273, 0.012084952831707609, -9.087675052618725e-05, -1.214076215391019e-05]",0.0009765625,0,1,0,0,0,0,0.007408,localPolishEndpoint
15,crossing,30,164,0,6.390088790340866,1.9972815641909099,0,1.9972815641909099,-0.03356135417376226,-3.246235270314349,26.397317908376454,6.390088790340866,642.3650144514628,782.0958591174966,6.390088790340866,"[-0.21220370751890982, -0.68214943726702, -0.025461810464880108, -0.07432197350950531, -0.00012151992999275094, 0.0010315271537253673, -5.3604719204417115e-05, -7.1613712244594785e-06]",0.0009765625,0.03356135417376226,16,0,0,0,0,0.027382,localConicEvaluation
15,crossing,30,165,0,6.372719379196827,1.9972815641909099,0,1.9972815641909099,-0.03356135417376226,-3.339360026202732,26.30419315248807,6.372719379196827,640.6280733370589,779.0674529482671,6.372719379196827,"[-0.10546876189259535, -0.5801131112212656, -0.0514333361539221, -0.08053737545140471, 0.014023267151323513, 0.013119010471677442, -6.364266752489911e-17, 5.204170427930421e-17]",0.0009765625,0.03356135417376226,16,0,0,0,0,0.007388,localPolishEndpoint
15,crossing,30,166,0,7.93021397022212,1.9972815641909099,0,1.9972815641909099,-0.03356135417376226,-3.4202913036353464,26.22326187505546,7.93021397022212,796.3775324395882,781.1939781247146,7.93021397022212,"[0.012584012224714058, -0.6952842908719871, -0.07206933450903677, 0.0538908188629712, 0.013935068266888074, 0.024117518432774297, 9.696715817205589e-17, -2.7755575615628914e-17]",0.0009765625,0.03356135417376226,16,0,0,0,0,0.007258,localPolishEndpoint
15,crossing,30,167,0,6.343843836570122,1.9972815641909099,0,1.9972815641909099,-0.03356135417376226,-3.3798256649190392,26.263727513771766,6.343843836570122,637.7405190743884,779.2453151985768,6.343843836570122,"[-0.047454086004592, -0.5699500427790243, -0.05503627244484528, -0.01739308052912314, 0.01210193715638311, 0.013934869176776174, 1.666224532357839e-17, 1.0408340855860843e-17]",0.0009765625,0.03356135417376226,16,0,0,0,0,0.007369,localPolishEndpoint
15,crossing,30,168,0,7.195416736268972,1.9972815641909099,0,1.9972815641909099,-0.03356135417376226,-3.427576792907211,26.215976385783595,7.195416736268972,722.8978090442733,781.1163889394368,7.195416736268972,"[-0.022687384278299305, -0.6367032214953322, -0.06459670206038204, -0.007697261005541023, 0.011261714926852913, 0.026191854830751697, 1.768397174446882e-17, -4.85722573273506e-17]",0.0009765625,0.03356135417376226,16,0,0,0,0,0.007481,localPolishEndpoint
15,crossing,30,169,0,6.554426607112878,1.9972815641909099,0,1.9972815641909099,-0.03356135417376226,-3.403701228913125,26.239851949777677,6.554426607112878,658.798796128664,780.2155235067255,6.554426607112878,"[-0.0382153965337082, -0.578961488202873, -0.058864418803587816, -0.01503636308775036, 0.014341937259180117, 0.021730399107976313, 1.7173108534023607e-17, -2.0816681711721685e-17]",0.0009765625,0.03356135417376226,16,0,0,0,0,0.007204,localPolishEndpoint
15,crossing,30,170,0,6.167082671536557,1.9972815641909099,0,1.9972815641909099,-0.03356135417376226,-3.391763446916082,26.251789731774725,6.167082671536557,620.0644025710319,779.5688441867112,6.167082671536557,"[-0.04296376713721628, -0.5503279635246656, -0.05425256452345168, -0.016238130774182125, 0.012564656366183645, 0.016333571278896203, 1.6917676928801e-17, -3.469446951953614e-18]",0.0009765625,0.03356135417376226,16,0,0,0,0,0.007269,localPolishEndpoint
15,crossing,30,171,0,8.967924191368603,1.9972815641909099,0,1.9972815641909099,-0.03356135417376226,-3.4916050788913617,26.151948099799444,8.967924191368603,900.1485545542366,783.688174631337,8.967924191368603,"[-0.015637499005840994, -0.8022879709698947, -0.0783564258946626, 0.02004970561305619, 0.0025413551878107135, -0.013577817653173493, -4.1099450959473824e-17, 2.42861286636753e-17]",0.0009765625,0.03356135417376226,16,0,0,0,0,0.007449,localPolishEndpoint
15,crossing,30,172,0,6.387471331369907,1.9972815641909099,0,1.9972815641909099,-0.03356135417376226,-3.441684262903722,26.201868915787085,6.387471331369907,642.1032685543669,780.3313671063815,6.387471331369907,"[-0.034620928957963315, -0.5696083699357161, -0.05623578070051978, -0.01214771637933687, 0.008094207450798818, 0.00701419077966646, -1.2090887015336414e-17, 1.0408340855860843e-17]",0.0009765625,0.03356135417376226,16,0,0,0,0,0.007189,localPolishEndpoint
15,crossing,30,173,0,6.027368481157696,1.9972815641909099,0,1.9972815641909099,-0.03356135417376226,-3.4167238549099017,26.2268293237809,6.027368481157696,606.0929835331458,779.8376994960106,6.027368481157696,"[-0.040850728912715795, -0.5371295500981023, -0.053118579872688886, -0.017311615961016713, 0.011254870570588923, 0.013401618987354254, 2.4133949567322928e-18, 3.469446951953614e-18]",0.0009765625,0.03356135417376226,16,0,0,0,0,0.007293,localPolishEndpoint
15,crossing,30,174,0,6.909155486404515,1.9972815641909099,0,1.9972815641909099,-0.03356135417376226,-3.563433286456052,26.08011989223475,6.909155486404515,694.2716840578277,781.5483661671404,6.909155486404515,"[-0.010533264253048458, -0.6183702443828041, -0.06066544497205798, 0.02423232903658068, 0.008508829866161286, 0.012657483782453493, 3.2750293610817066e-16, 9.71445146547012e-17]",0.0009765625,0.03356135417376226,16,0,0,0,0,0.007249,localPolishEndpoint
15,crossing,30,175,0,6.185191851456966,1.9972815641909099,0,1.9972815641909099,-0.03356135417376226,-3.490078570682977,26.15347460800783,6.185191851456966,621.8753205630728,780.3912891284956,6.185191851456966,"[-0.028737656005638712, -0.552655595828362, -0.054442233717637976, -0.0018284097522123233, 0.009945636299699454, 0.012679878634651849, 1.6495816553245146e-16, 4.85722573273506e-17]",0.0009765625,0.03356135417376226,16,0,0,0,0,0.007235,localPolishEndpoint
15,crossing,30,176,0,6.012045296953194,1.9972815641909099,0,1.9972815641909099,-0.03356135417376226,-3.453401212796439,26.19015196589437,6.012045296953194,604.5606651126956,780.0266599464636,6.012045296953194,"[-0.0356046066689828, -0.5364818867882247, -0.052947386934198794, -0.011054719489338893, 0.01058610166432754, 0.01291904225421694, 8.368578024459188e-17, 2.7755575615628914e-17]",0.0009765625,0.03356135417376226,16,0,0,0,0,0.007059,localPolishEndpoint
15,crossing,30,177,0,1.3223546827797756,1.7717018174528025,0,1.7717018174528025,-0.21707008242028336,-2.5236061119550413,27.119947066735765,1.3223546827797756,157.23586702669658,648.7131006578147,1.3223546827797756,"[-0.045995993805277635, -0.14220703078660055, -0.004835151137859665, -0.01680723084386493, -4.146302833454538e-06, 0.00025136270311657607, -2.680235960220861e-05, -3.5806856122297392e-06]",0.0009765625,0.21707008242028336,16,0,0,0,0,0.027105,localConicEvaluation
15,crossing,30,178,0,0.21707008242028336,1.7717018174528025,0,1.7717018174528025,-0.21707008242028336,-2.5454404751298347,27.098112703560968,0.10083848257894198,35.084247006613225,648.0730630403525,0.10083848257894198,"[-0.007283676660733818, -0.0024457810135410265, -0.00032856198276246337, -0.0077763567145101575, 0.0004966268317446419, 0.0006820590009426609, -2.3120611328253382e-17, 1.0408340855860843e-17]",0.0009765625,0.21707008242028336,16,0,0,0,0,0.007375,localPolishEndpoint
15,crossing,30,179,0,0.21707008242028336,1.7717018174528025,0,1.7717018174528025,-0.21707008242028336,-2.5478771634011705,27.095676015289637,0,25.00039874871902,648.0560803585734,-0.0008378001622511603,"[-1.2956128614405316e-06, -1.3018324763321238e-05, -1.0905845459702126e-06, -1.8979507334648815e-06, 5.200223163631378e-07, 2.1917461367470443e-06, 1.6853913031176073e-18, 0]",0.0009765625,0.21707008242028336,16,0,0,0,0,0.007176,localPolishEndpoint
15,crossing,30,180,0,47.04541364444885,2.2751139378441376,0,2.2751139378441376,0.3517634867236856,-5.317472283870765,24.32608089482004,47.04541364444885,4704.541364444885,1334.4645181955466,47.04541364444885,"[-1.5623712385408766, -4.796785929549228, -0.2383949471304487, -0.3842988194340897, -0.0006812818921666959, 0.004795400701115133, -0.00011594070296219559, -1.4172179472721202e-05]",0.0009765625,0,1,0,0,0,0,0.027104,localConicEvaluation
15,crossing,30,181,0,56.05984656097254,2.2751139378441376,0,2.2751139378441376,0.3517634867236856,-5.394392678929642,24.249160499761164,56.05984656097254,5605.984656097254,1397.739391933122,56.05984656097254,"[-1.7190968899520982, -5.3688229040863265, -0.3666936128535449, -0.3425711920784362, 0.06568016114928128, 0.036176743364169185, -8.695552722172125e-05, -1.0629134604853152e-05]",0.0009765625,0,1,0,0,0,0,0.007278,localPolishEndpoint
15,crossing,30,182,0,48.80097650807406,2.2751139378441376,0,2.2751139378441376,0.3517634867236856,-5.355932481400203,24.287620697290603,48.80097650807406,4880.097650807405,1335.0176879776586,48.80097650807406,"[-1.5624604398978974, -4.851773282251898, -0.2781765384188216, -0.34679189275521694, 0.018193371788590547, 0.012765919670349742, -0.00010144811509195842, -1.2400657038787177e-05]",0.0009765625,0,1,0,0,0,0,0.00732,localPolishEndpoint
15,crossing,30,183,0,46.163962121445856,2.2751139378441376,0,2.2751139378441376,0.3517634867236856,-5.336702382635484,24.30685079605532,46.163962121445856,4616.396212144586,1316.8567230742444,46.163962121445856,"[-1.5241058742913296, -4.673736972494708, -0.24161443982542824, -0.36858029032389794, 0.0034652139957366216, 0.0064049273531620035, -0.000108694409027077, -1.328641825575419e-05]",0.0009765625,0,1,0,0,0,0,0.00718,localPolishEndpoint
15,crossing,30,184,0,53.15795120052284,2.2751139378441376,0,2.2751139378441376,0.3517634867236856,-5.515416744240781,24.128136434450024,53.15795120052284,5315.795120052284,1372.7095905676015,53.15795120052284,"[-1.566192971665238, -5.161694213816171, -0.3397026132169726, -0.2789921134936044, 0.06637338296668115, 0.03810880965405151, -9.510760789864575e-05, -1.1625615973637898e-05]",0.0009765625,0,1,0,0,0,0,0.007434,localPolishEndpoint
15,crossing,30,185,0,49.0571877010371,2.2751139378441376,0,2.2751139378441376,0.3517634867236856,-5.426059563438132,24.217493615252675,49.0571877010371,4905.71877010371,1336.658732540503,49.0571877010371,"[-1.5246560452353393, -4.866537180378591, -0.28617953979721966, -0.3114673757069433, 0.026368314364559546, 0.016452681508628022, -0.00010190100846286138, -1.2456017114696044e-05]",0.0009765625,0,1,0,0,0,0,0.007256,localPolishEndpoint
15,crossing,30,186,0,46.855562499231894,2.2751139378441376,0,2.2751139378441376,0.3517634867236856,-5.3813809730368085,24.262172205653993,46.855562499231894,4685.556249923189,1319.234564372759,46.855562499231894,"[-1.510541480534684, -4.707769326440702, -0.25621424341162025, -0.3415304586621577, 0.01057256376287413, 0.009192108517395547, -0.0001052977087449692, -1.2871217685225117e-05]",0.0009765625,0,1,0,0,0,0,0.007277,localPolishEndpoint
15,crossing,30,187,0,7.710869612307048,2.1458107334612593,0,2.1458107334612593,0.14170744016308867,-3.9326747236359676,25.710878455054836,7.710869612307048,771.0869612307048,884.0765803159265,7.710869612307048,"[-0.19813614828434112, -0.8353895284765609, -0.03323027593670186, -0.0647012475327049, -0.0001987280109075389, 0.0011644427631309546, -5.797035148109695e-05, -7.086089736360601e-06]",0.0009765625,0,1,0,0,0,0,0.026934,localConicEvaluation
15,crossing,30,188,0,12.102823473363593,2.1458107334612593,0,2.1458107334612593,0.14170744016308867,-4.044623297722542,25.59892988096826,12.102823473363593,1210.2823473363592,888.7473534127078,12.102823473363593,"[-0.10190036297635174, -1.1000449271332826, -0.10260728838786345, -0.03868612645019098, 0.03065344038614671, 0.025155334678152556, -4.2298114880448545e-16, -1.1449174941446927e-16]",0.0009765625,0,1,0,0,0,0,0.007299,localPolishEndpoint
15,crossing,30,189,0,7.7297561968420645,2.1458107334612593,0,2.1458107334612593,0.14170744016308867,-3.988649010679255,25.65490416801155,7.7297561968420645,772.9756196842064,881.896620678953,7.7297561968420645,"[-0.13690288241011928, -0.7742358271163009, -0.049708221131316226, -0.0479988087034382, 0.008062564281547802, 0.00703203715734206, -2.8985175740759965e-05, -3.5430448682358118e-06]",0.0009765625,0,1,0,0,0,0,0.007134,localPolishEndpoint
15,crossing,30,190,0,6.7589010658631405,2.1458107334612593,0,2.1458107334612593,0.14170744016308867,-3.9606618671576115,25.682891311533194,6.7589010658631405,675.890106586314,881.2919746375424,6.7589010658631405,"[-0.16200799825050893, -0.7168856779478846, -0.03308876645770041, -0.05593679357928494, 0.001704582362133668, 0.002394273779237581, -4.3477763610928454e-05, -5.3145673022982065e-06]",0.0009765625,0,1,0,0,0,0,0.007227,localPolishEndpoint
15,crossing,30,191,0,13.654974769808534,2.1458107334612593,0,2.1458107334612593,0.14170744016308867,-4.12180108800228,25.521752090688526,13.654974769808534,1365.4974769808534,892.4408904511088,13.654974769808534,"[-0.018825596044329984, -1.2165174162057386, -0.12152468742164284, 0.04551025975828793, 0.048088266517505245, 0.04351181250857221, 1.3315357930837601e-16, -9.367506770274758e-17]",0.0009765625,0,1,0,0,0,0,0.007196,localPolishEndpoint
15,crossing,30,192,0,9.169198124282197,2.1458107334612593,0,2.1458107334612593,0.14170744016308867,-4.041231477579945,25.602321701110863,9.169198124282197,916.9198124282196,883.8941985080187,9.169198124282197,"[-0.08117704380145341, -0.8770733705584938, -0.0698131037609644, 0.0025978835957563007, 0.016812801226248755, 0.014479936633938215, -2.173888180539765e-05, -2.6572836511959408e-06]",0.0009765625,0,1,0,0,0,0,0.007159,localPolishEndpoint
15,crossing,30,193,0,6.939934769577628,2.1458107334612593,0,2.1458107334612593,0.14170744016308867,-4.000946672368778,25.64260650632203,6.939934769577628,693.9934769577628,881.0158707641831,6.939934769577628,"[-0.12209190304903217, -0.7084209887638799, -0.04222542568826594, -0.031735077147509116, 0.0057211700223877985, 0.005278186130653955, -3.260832270816305e-05, -3.985925476748808e-06]",0.0009765625,0,1,0,0,0,0,0.007161,localPolishEndpoint
15,crossing,30,194,0,6.403611795919813,2.1458107334612593,0,2.1458107334612593,0.14170744016308867,-3.980804269763195,25.662748908927608,6.403611795919813,640.3611795919813,880.5423057604485,6.403611795919813,"[-0.14259060418115865, -0.6725153152669177, -0.033472944674436594, -0.04682003828190773, 0.002555158990502242, 0.0029296749518092657, -3.804304315954575e-05, -4.650246389521773e-06]",0.0009765625,0,1,0,0,0,0,0.007195,localPolishEndpoint
15,crossing,30,195,0,10.484143975838714,2.1458107334612593,0,2.1458107334612593,0.14170744016308867,-4.092723168179499,25.55083001051131,10.484143975838714,1048.4143975838715,886.5018235517239,10.484143975838714,"[-0.05742337006175546, -0.9607830697490666, -0.08856956843723911, 0.014213675560680983, 0.04738573737532647, 0.0365530232981741, -1.9021521579706464e-05, -2.3251231948927253e-06]",0.0009765625,0,1,0,0,0,0,0.007395,localPolishEndpoint
15,crossing,30,196,0,7.892238530625131,2.1458107334612593,0,2.1458107334612593,0.14170744016308867,-4.036763718971347,25.60678945971946,7.892238530625131,789.2238530625132,882.4500397977249,7.892238530625131,"[-0.09756261943525857, -0.7731599462479988, -0.05606121044593029, -0.012537310382212397, 0.01634187666342974, 0.013191629428960959, -2.8532282369626105e-05, -3.4876847922089838e-06]",0.0009765625,0,1,0,0,0,0,0.007182,localPolishEndpoint
15,crossing,30,197,0,6.691729236254954,2.1458107334612593,0,2.1458107334612593,0.14170744016308867,-4.0087839943672705,25.634769184323535,6.691729236254954,669.1729236254954,880.9180003864924,6.691729236254954,"[-0.12102336170018901, -0.6847730785028472, -0.04025404872447655, -0.031784333089710515, 0.006337602323053585, 0.00559315417067032, -3.328766276458593e-05, -4.0689655908636435e-06]",0.0009765625,0,1,0,0,0,0,0.00724,localPolishEndpoint
15,crossing,30,198,0,6.309532805973545,2.1458107334612593,0,2.1458107334612593,0.14170744016308867,-3.9947941320652327,25.648759046625575,6.309532805973545,630.9532805973545,880.455996282823,6.309532805973545,"[-0.13275108655504653, -0.6578470555834492, -0.03445568485481766, -0.04134997642476712, 0.0034340276486505717, 0.0035090972611719804, -3.566535296206584e-05, -4.359605990194443e-06]",0.0009765625,0,1,0,0,0,0,0.007153,localPolishEndpoint
15,crossing,30,199,0,11.945364896952684,2.1458107334612593,0,2.1458107334612593,0.14170744016308867,-4.139932851834622,25.503620326856183,11.945364896952684,1194.5364896952685,889.3885076264949,11.945364896952684,"[-0.05753030078140853, -1.0377401124208459, -0.1120064899388542, -0.020129572822197517, 0.11960154178339154, 0.06450195632546005, -1.7832676480990262e-05, -2.179802995182223e-06]",0.0009765625,0,1,0,0,0,0,0.007372,localPolishEndpoint
15,crossing,30,200,0,9.181108807805833,2.1458107334612593,0,2.1458107334612593,0.14170744016308867,-4.067363491949927,25.57618968674088,9.181108807805833,918.1108807805833,884.6646152910178,9.181108807805833,"[-0.09723496403702114, -0.8429964471043637, -0.07671607072796921, -0.03264464945154266, 0.06412408681358077, 0.041275004468125584, -2.674901472152805e-05, -3.2697044926900676e-06]",0.0009765625,0,1,0,0,0,0,0.007225,localPolishEndpoint
15,crossing,30,201,0,7.316311333662668,2.1458107334612593,0,2.1458107334612593,0.14170744016308867,-4.03107881200758,25.612474366683227,7.316311333662668,731.6311333662668,882.0503896025725,7.316311333662668,"[-0.11378040587170801, -0.7196880289479348, -0.05066225629998828, -0.033491806473717745, 0.022565379510655643, 0.017571293559636422, -3.1207183841796944e-05, -3.814655241442255e-06]",0.0009765625,0,1,0,0,0,0,0.00728,localPolishEndpoint
15,crossing,30,202,0,6.489816223689994,2.1458107334612593,0,2.1458107334612593,0.14170744016308867,-4.012936472036406,25.630616706654397,6.489816223689994,648.9816223689994,880.9503218684108,6.489816223689994,"[-0.1234159007334199, -0.6638752282795244, -0.038787265543784484, -0.0372550562987648, 0.008359849804348039, 0.007321685195131564, -3.343626840193139e-05, -4.087130615816614e-06]",0.0009765625,0,1,0,0,0,0,0.007267,localPolishEndpoint
15,crossing,30,203,0,6.270485478541727,2.1458107334612593,0,2.1458107334612593,0.14170744016308867,-4.003865302050819,25.639687876639986,6.270485478541727,627.0485478541727,880.5840835543586,6.270485478541727,"[-0.12832122274778612, -0.6504174303083076, -0.0351443771874558, -0.03960889224355846, 0.004600859220394748, 0.004434283301005789, -3.4550810681998615e-05, -4.223368303007263e-06]",0.0009765625,0,1,0,0,0,0,0.007294,localPolishEndpoint
15,crossing,30,204,0,9.461872910287138,2.1458107334612593,0,2.1458107334612593,0.14170744016308867,-4.083427435004858,25.560125743685948,9.461872910287138,946.1872910287137,885.1299060630724,9.461872910287138,"[-0.09164929383028664, -0.8487404171325497, -0.0832761965257178, -0.03440888169631684, 0.09492235122944745, 0.051933521491359595, -2.591310801150688e-05, -3.1675262272823357e-06]",0.0009765625,0,1,0,0,0,0,0.007212,localPolishEndpoint
15,crossing,30,205,0,7.7700178915249705,2.1458107334612593,0,2.1458107334612593,0.14170744016308867,-4.043646368527838,25.599906810162967,7.7700178915249705,777.001789152497,882.918108597667,7.7700178915249705,"[-0.11344741391734203, -0.7400482782813798, -0.059006463665783764, -0.04157491832918048, 0.04763761409883155, 0.035338223348052644, -3.023195934675275e-05, -3.6954472651430648e-06]",0.0009765625,0,1,0,0,0,0,0.007308,localPolishEndpoint
15,crossing,30,206,0,6.705854116205508,2.1458107334612593,0,2.1458107334612593,0.14170744016308867,-4.023755835289329,25.619797343401476,6.705854116205508,670.5854116205508,881.5266508644347,6.705854116205508,"[-0.12067954443890727, -0.6735200286219568, -0.043013324108660364, -0.039115140457766984, 0.017631634364699698, 0.017089769688647314, -3.239138501437568e-05, -3.959407784075164e-06]",0.0009765625,0,1,0,0,0,0,0.007212,localPolishEndpoint
15,crossing,30,207,0,6.310192007697869,2.1458107334612593,0,2.1458107334612593,0.14170744016308867,-4.013810568670074,25.62974261002073,6.310192007697869,631.0192007697868,880.9215663584976,6.310192007697869,"[-0.12448728018258493, -0.6485516365766052, -0.0368712057542421, -0.03909849889450179, 0.00787688402070295, 0.008060805367905235, -3.3471097848187145e-05, -4.091388043542948e-06]",0.0009765625,0,1,0,0,0,0,0.007281,localPolishEndpoint
15,crossing,30,208,0,1.6027237498684985,1.9926086176142144,0,1.9926086176142144,-0.019278782743413762,-3.240275943518569,26.403277235172236,1.6027237498684985,162.20025326119122,774.4750814751505,1.6027237498684985,"[-0.04042400815030334, -0.17589948807210487, -0.006485833488652549, -0.014203900285201243, -2.6882683305276115e-05, 0.0002859707717695267, -2.8985175740547634e-05, -3.5430448681803006e-06]",0.0009765625,0.019278782743413762,16,0,0,0,0,0.026762,localConicEvaluation
15,crossing,30,209,0,0.64071610356879,1.9926086176142144,0,1.9926086176142144,-0.019278782743413762,-3.264606417542724,26.378946761148082,0.64071610356879,65.99948863122039,773.8986707868355,0.64071610356879,"[-0.009025254798110893, -0.05927126580485075, -0.005098339225793199, -0.007029655231661991, 0.0010916839351152129, 0.0012382103609414367, 4.273450625487396e-17, -4.5102810375396984e-17]",0.0009765625,0.019278782743413762,16,0,0,0,0,0.007414,localPolishEndpoint
15,crossing,30,210,0,0.05675623785824198,1.9926086176142144,0,1.9926086176142144,-0.019278782743413762,-3.271526677959318,26.37202650073149,0.05675623785824198,7.603502060165574,773.9366354521313,0.05675623785824198,"[-0.00027094824734064105, -0.005418633430720679, -0.00046004312082695357, 5.922845521411091e-05, 2.309172300446228e-05, 5.7384469092946166e-05, -2.153927341754364e-18, -3.469446951953614e-18]",0.0009765625,0.019278782743413762,16,0,0,0,0,0.00731,localPolishEndpoint
15,crossing,30,211,0,0.019278782743413762,1.9926086176142144,0,1.9926086176142144,-0.019278782743413762,-3.272113214595343,26.37143996409546,0,1.9278782743413763,773.9489395368741,-0.0003001307978391822,"[-1.186844897915762e-06, -6.235260399028714e-05, -5.60252956112979e-06, 2.3535798838736355e-06, 4.858442634026377e-07, 4.116501185135632e-07, 4.60378476880204e-19, 0]",0.0009765625,0.019278782743413762,16,0,0,0,0,0.007182,localPolishEndpoint
15,crossing,30,212,0,34.08446249367727,2.2782329795256557,0,2.2782329795256557,0.4166418831255039,-5.898595604860555,23.744957573830252,34.08446249367727,3408.446249367727,1197.533060712443,34.08446249367727,"[-0.8112438684387016, -3.652570991223045, -0.16096694921762889, -0.19408273721626124, -0.0015919966999416108, 0.00667733043519194, -0.00013023092657812828, -1.1367961486596911e-05]",0.0009765625,0,1,0,0,0,0,0.026985,localConicEvaluation
15,crossing,30,213,0,45.84847599481601,2.2782329795256557,0,2.2782329795256557,0.4166418831255039,-6.027073018336469,23.61648016035434,45.84847599481601,4584.847599481602,1271.9823015897387,45.84847599481601,"[-0.9217392559310369, -4.4722037348856105, -0.3159542720107026, -0.10874074584911853, 0.09689376639303807, 0.04996452867653715, -9.767319493349244e-05, -8.52597111477768e-06]",0.0009765625,0,1,0,0,0,0,0.007384,localPolishEndpoint
15,crossing,30,214,0,38.59500874302344,2.2782329795256557,0,2.2782329795256557,0.4166418831255039,-5.962834311598511,23.680718867092292,38.59500874302344,3859.500874302344,1219.5281174655315,38.59500874302344,"[-0.8235697761771945, -3.9446557365410087, -0.22777690840472506, -0.12852959303698874, 0.03246105206561449, 0.019375004948506393, -0.00011395206075581036, -9.94696630068903e-06]",0.0009765625,0,1,0,0,0,0,0.007255,localPolishEndpoint
15,crossing,30,215,0,34.944835653799494,2.2782329795256557,0,2.2782329795256557,0.4166418831255039,-5.930714958229533,23.712838220461276,34.944835653799494,3494.4835653799496,1197.5971668684792,34.944835653799494,"[-0.7981424794335226, -3.6818080465109144, -0.18050781023643553, -0.1648190926334756, 0.00820844014427506, 0.009841125353840206, -0.00012209149366696932, -1.0657463893642971e-05]",0.0009765625,0,1,0,0,0,0,0.007271,localPolishEndpoint
15,crossing,30,216,0,33.80877689226729,2.2782329795256557,0,2.2782329795256557,0.4166418831255039,-5.914655281545044,23.72889789714576,33.80877689226729,3380.8776892267288,1192.320395167496,33.80877689226729,"[-0.797025492426684, -3.607029480234565, -0.16357522133480445, -0.1843422958258376, 0.0006912695681988881, 0.007276027623622082, -0.0001261612101225488, -1.1012712690119941e-05]",0.0009765625,0,1,0,0,0,0,0.007257,localPolishEndpoint
15,crossing,30,217,0,41.3131275623835,2.2782329795256557,0,2.2782329795256557,0.4166418831255039,-6.091607468685227,23.55194571000558,41.3131275623835,4131.31275623835,1237.6769283025587,41.3131275623835,"[-0.8221425451427677, -4.117657129126955, -0.2682687481443119, -0.11225267257734828, 0.08896007537828514, 0.040635240686504294, -0.00011039105885740402, -9.636123603759539e-06]",0.0009765625,0,1,0,0,0,0,0.007277,localPolishEndpoint
15,crossing,30,218,0,37.02590453550316,2.2782329795256557,0,2.2782329795256557,0.4166418831255039,-6.003131375115135,23.640421803575673,37.02590453550316,3702.590453550316,1209.1746212741805,37.02590453550316,"[-0.7945913785351593, -3.8182156623834866, -0.21149668657790513, -0.13577658027885597, 0.032959169263441807, 0.0180711573051628, -0.00011827613448997641, -1.032441814693974e-05]",0.0009765625,0,1,0,0,0,0,0.007332,localPolishEndpoint
15,crossing,30,219,0,34.823545411682495,2.2782329795256557,0,2.2782329795256557,0.4166418831255039,-5.95889332833009,23.684659850360713,34.823545411682495,3482.3545411682494,1196.355026995672,34.823545411682495,"[-0.7884743641753715, -3.665504117054182, -0.1810865139369035, -0.16000049667640148, 0.010980770198906486, 0.010403291211772572, -0.0001222186723062626, -1.066856541852984e-05]",0.0009765625,0,1,0,0,0,0,0.007166,localPolishEndpoint
15,crossing,30,220,0,7.268141459131521,2.207261443577816,0,2.207261443577816,0.3380467658888089,-4.585354409727949,25.058198768962857,7.268141459131521,726.8141459131522,939.8661526945123,7.268141459131521,"[-0.13801288910187282, -0.8046091167833397, -0.030809460414080163, -0.043364524038096874, -0.0004190832463850695, 0.00161952492470793, -6.511546328906391e-05, -5.683980743298456e-06]",0.0009765625,0,1,0,0,0,0,0.026693,localConicEvaluation
15,crossing,30,221,0,17.07085417733417,2.207261443577816,0,2.207261443577816,0.3380467658888089,-4.74040865422208,24.903144524468726,17.07085417733417,1707.085417733417,958.8042973695499,17.07085417733417,"[-0.04599826126356277, -1.5077914990891035, -0.15441681002622043, 0.039461067269767724, 0.0767866391752323, 0.05417365641688647, 2.9757283876580276e-16, -4.85722573273506e-17]",0.0009765625,0,1,0,0,0,0,0.007251,localPolishEndpoint
15,crossing,30,222,0,11.188181332130602,2.207261443577816,0,2.207261443577816,0.3380467658888089,-4.662881531975014,24.980671646715788,11.188181332130602,1118.8181332130603,944.9025102394594,11.188181332130602,"[-0.07467684097718319, -1.0678211333613101, -0.08610831818806217, 0.014771047767478507, 0.025983380154058062, 0.017691077555332977, -3.255773164438317e-05, -2.841990371673514e-06]",0.0009765625,0,1,0,0,0,0,0.007495,localPolishEndpoint
15,crossing,30,223,0,8.098877986682204,2.207261443577816,0,2.207261443577816,0.3380467658888089,-4.624117970851482,25.019435207839326,8.098877986682204,809.8877986682204,940.1629434879972,8.098877986682204,"[-0.10439416757544251, -0.8401591946088763, -0.048199556249345715, -0.017110954996274685, 0.007379404474772145, 0.0057931092830283025, -4.8836597466723534e-05, -4.26298555748425e-06]",0.0009765625,0,1,0,0,0,0,0.007152,localPolishEndpoint
15,crossing,30,224,0,7.079573657487531,2.207261443577816,0,2.207261443577816,0.3380467658888089,-4.6047361902897155,25.03881698840109,7.079573657487531,707.9573657487531,939.0716460606425,7.079573657487531,"[-0.12186203582579935, -0.7693052395886376, -0.033733652096401084, -0.03437918097065307, 0.0015145917355426576, 0.002516790925632346, -5.697603037789372e-05, -4.973483150393088e-06]",0.0009765625,0,1,0,0,0,0,0.007132,localPolishEndpoint
15,crossing,30,225,0,13.31495430014749,2.207261443577816,0,2.207261443577816,0.3380467658888089,-4.741746323361933,24.901806855328875,13.31495430014749,1331.495430014749,949.7208533691977,13.31495430014749,"[-0.05011421045448827, -1.1971700441411497, -0.11721964685351052, 0.017847933415856332, 0.08969635358327892, 0.050581887513855624, -2.848801518880399e-05, -2.4867415754116495e-06]",0.0009765625,0,1,0,0,0,0,0.007351,localPolishEndpoint
15,crossing,30,226,0,9.772344312270057,2.207261443577816,0,2.207261443577816,0.3380467658888089,-4.673241256825824,24.97031192186498,9.772344312270057,977.2344312270058,942.9234155172539,9.772344312270057,"[-0.08095916997422847, -0.9492741503094247, -0.07209134496130164, 0.0005445514863566814, 0.032197991370415395, 0.01929995355375362, -4.273202278334885e-05, -3.730112362900634e-06]",0.0009765625,0,1,0,0,0,0,0.007381,localPolishEndpoint
15,crossing,30,227,0,7.940457844736774,2.207261443577816,0,2.207261443577816,0.3380467658888089,-4.63898872355777,25.004564455133032,7.940457844736774,794.0457844736774,940.2033654643518,7.940457844736774,"[-0.10076398967504474, -0.8212804900704721, -0.047860468459391764, -0.016025967298030963, 0.010633367155389158, 0.007250593502559029, -4.985402658062129e-05, -4.3517977566485955e-06]",0.0009765625,0,1,0,0,0,0,0.007304,localPolishEndpoint
15,crossing,30,228,0,7.1829893439053505,2.207261443577816,0,2.207261443577816,0.3380467658888089,-4.6218624569237425,25.02169072176706,7.1829893439053505,718.298934390535,939.2074838248849,7.1829893439053505,"[-0.11238266502558503, -0.7681190720464756, -0.03734871618858052, -0.027503312138529523, 0.003926433068007164, 0.0036845305097280893, -5.34150284792575e-05, -4.662640453519107e-06]",0.0009765625,0,1,0,0,0,0,0.007241,localPolishEndpoint
15,crossing,30,229,0,7.005131222721804,2.207261443577816,0,2.207261443577816,0.3380467658888089,-4.6132993236067295,25.030253855084073,7.005131222721804,700.5131222721805,938.9777394994479,7.005131222721804,"[-0.11759983385012163, -0.7579533626252087, -0.03421106892852316, -0.03204929574871329, 0.0020949494714024544, 0.002766855418999861, -5.5195529428575615e-05, -4.818061801956097e-06]",0.0009765625,0,1,0,0,0,0,0.007231,localPolishEndpoint
15,crossing,30,230,0,10.724707585875468,2.207261443577816,0,2.207261443577816,0.3380467658888089,-4.70573192927852,24.937821249412284,10.724707585875468,1072.4707585875467,944.8089709770115,10.724707585875468,"[-0.08369835508739953, -0.9954609381251983, -0.08834389047394275, -0.02106466942121621, 0.07683852388383919, 0.03802513027087749, -4.139664707154805e-05, -3.6135463515260535e-06]",0.0009765625,0,1,0,0,0,0,0.007308,localPolishEndpoint
15,crossing,30,231,0,8.442253545650857,2.207261443577816,0,2.207261443577816,0.3380467658888089,-4.659515626442625,24.98403755224818,8.442253545650857,844.2253545650857,941.179735009001,8.442253545650857,"[-0.09876277121869492, -0.8462496331459309, -0.056604276046581026, -0.021891666377751307, 0.027199559692825302, 0.01538679806818175, -4.829608825006183e-05, -4.215804076741075e-06]",0.0009765625,0,1,0,0,0,0,0.007211,localPolishEndpoint
15,crossing,30,232,0,7.366781736718785,2.207261443577816,0,2.207261443577816,0.3380467658888089,-4.636407475024677,25.00714570366613,7.366781736718785,736.6781736718785,939.6597574876748,7.366781736718785,"[-0.10814191333511758, -0.7753765823449198, -0.04117160176018255, -0.02633108518851479, 0.008951105778833054, 0.00620247572547533, -5.1745808839318724e-05, -4.516932939346852e-06]",0.0009765625,0,1,0,0,0,0,0.007188,localPolishEndpoint
15,crossing,30,233,0,7.018158932830584,2.207261443577816,0,2.207261443577816,0.3380467658888089,-4.624853399315703,25.0186997793751,7.018158932830584,701.8158932830584,939.1317409109727,7.018158932830584,"[-0.11327649982094812, -0.7533211691164818, -0.03575290497126358, -0.029806388946663986, 0.0038119016137702854, 0.003606308324399733, -5.3470669133947166e-05, -4.667497370651474e-06]",0.0009765625,0,1,0,0,0,0,0.007194,localPolishEndpoint
15,crossing,30,234,0,1.603884747229198,2.12106819585909,0,2.12106819585909,0.15002392496498929,-3.9287338121616457,25.71481936652916,1.603884747229198,160.3884747229198,864.5572398287875,1.603884747229198,"[-0.02901701623896713, -0.17958554159324067, -0.006452721433495468, -0.009951894663688066, -9.048939471874472e-05, 0.0003969595226613922, -3.255773164453172e-05, -2.841990371649228e-06]",0.0009765625,0,1,0,0,0,0,0.027388,localConicEvaluation
15,crossing,30,235,0,2.2372826298928277,2.12106819585909,0,2.12106819585909,0.15002392496498929,-3.964504478352835,25.67904870033797,2.2372826298928277,223.72826298928277,864.7015810435881,2.2372826298928277,"[0.004086925368937955, -0.19787533254971518, -0.020078224132355684, 0.01185849215080026, 0.005484779080077144, 0.004389567316551434, -4.8104695140466225e-17, -4.85722573273506e-17]",0.0009765625,0,1,0,0,0,0,0.007496,localPolishEndpoint
15,crossing,30,236,0,1.3920225871160061,2.12106819585909,0,2.12106819585909,0.15002392496498929,-3.94661914525724,25.696934033433568,1.3920225871160061,139.20225871160062,864.5059416086207,1.3920225871160061,"[-0.014150861492900901, -0.14353236102039976, -0.008582428517014224, -0.00239205519601704, 0.001303372385844205, 0.0012658790448245231, -1.6278865822289914e-05, -1.4209951858489e-06]",0.0009765625,0,1,0,0,0,0,0.00726,localPolishEndpoint
15,crossing,30,237,0,2.4317887779739866,2.12106819585909,0,2.12106819585909,0.15002392496498929,-3.983513111775349,25.660040066915453,2.4317887779739866,243.17887779739866,865.2095679436535,2.4317887779739866,"[0.013490640918405461, -0.20302576782349707, -0.023833690651248657, 0.019517036798424314, 0.011072020100672118, 0.00830233712634547, -6.921953244962142e-18, -5.204170427930421e-17]",0.0009765625,0,1,0,0,0,0,0.007448,localPolishEndpoint
15,crossing,30,238,0,1.5041214255633755,2.12106819585909,0,2.12106819585909,0.15002392496498929,-3.9650661285162947,25.678487050174507,1.5041214255633755,150.41214255633756,864.8225956593274,1.5041214255633755,"[-0.0024654776108121723, -0.14040179038243664, -0.01222694468184811, 0.005858837567286557, 0.003707896914251259, 0.0028717021981867897, -8.139432911148418e-06, -7.104975929504709e-07]",0.0009765625,0,1,0,0,0,0,0.007312,localPolishEndpoint
15,crossing,30,239,0,1.2646641651533257,2.12106819585909,0,2.12106819585909,0.15002392496498929,-3.9558426368867674,25.68771054180404,1.2646641651533257,126.46641651533257,864.6612753840162,1.2646641651533257,"[-0.009436140367064638, -0.12665938786385947, -0.008606305402954649, 0.00010041642488367586, 0.0017448819611739874, 0.0015096349583005103, -1.2209149366719166e-05, -1.0657463893996855e-06]",0.0009765625,0,1,0,0,0,0,0.007234,localPolishEndpoint
15,crossing,30,240,0,2.804352562053918,2.12106819585909,0,2.12106819585909,0.15002392496498929,-3.9920343899647373,25.65151878872607,2.804352562053918,280.4352562053918,865.9539315906893,2.804352562053918,"[0.010196881437465777, -0.21604216458771633, -0.031006342024369235, 0.006709770293126027, 0.03167111919886649, 0.02206536873154017, -2.2641190680107448e-17, -3.122502256758253e-17]",0.0009765625,0,1,0,0,0,0,0.007303,localPolishEndpoint
15,crossing,30,241,0,1.6145775024089597,2.12106819585909,0,2.12106819585909,0.15002392496498929,-3.973938513425752,25.669614665265055,1.6145775024089597,161.45775024089596,865.3080807873553,1.6145775024089597,"[-0.00041900438380082505, -0.14083782613640755, -0.014995037447516351, 0.003899916669650949, 0.009581356930800342, 0.007361221736355496, -6.104574683370904e-06, -5.328731947154552e-07]",0.0009765625,0,1,0,0,0,0,0.007253,localPolishEndpoint
15,crossing,30,242,0,1.2353476252144693,2.12106819585909,0,2.12106819585909,0.15002392496498929,-3.96489057515626,25.678662603534544,1.2353476252144693,123.53476252144692,865.0036584283159,1.2353476252144693,"[-0.005767354781667677, -0.11807877261717899, -0.009545301403182457, 0.0013694282300367178, 0.003507936821526423, 0.0028687848202892208, -9.156862025045034e-06, -7.993097920558356e-07]",0.0009765625,0,1,0,0,0,0,0.007202,localPolishEndpoint
15,crossing,30,243,0,2.9864048898103936,2.12106819585909,0,2.12106819585909,0.15002392496498929,-3.9793245899923293,25.664228588698474,2.9864048898103936,298.64048898103937,866.5376499931624,2.9864048898103936,"[0.004653033953275099, -0.21018694504772312, -0.03662242727185456, -0.00799955326379198, 0.06331222548669645, 0.038920588420992955, 3.6676526616111205e-18, 1.3877787807814457e-17]",0.0009765625,0,1,0,0,0,0,0.007288,localPolishEndpoint
15,crossing,30,244,0,1.8034394775333669,2.12106819585909,0,2.12106819585909,0.15002392496498929,-3.9721075825742944,25.67144559611651,1.8034394775333669,180.3439477533367,865.9161293342898,1.8034394775333669,"[-0.0014618887520185808, -0.1450733784128552, -0.01907879077649051, -0.0022315430115966706, 0.023782495748182947, 0.021761281714522577, -4.578431012520683e-06, -3.996548960209789e-07]",0.0009765625,0,1,0,0,0,0,0.007301,localPolishEndpoint
15,crossing,30,245,0,1.2807378048832945,2.12106819585909,0,2.12106819585909,0.15002392496498929,-3.9684990788652774,25.675054099825527,1.2807378048832945,128.07378048832945,865.5154279158536,1.2807378048832945,"[-0.0039663856606679815, -0.11513937233986601, -0.011337874398640757, 7.2423597412552e-06, 0.008502542452472233, 0.009076271587387193, -6.867646518782859e-06, -5.994823440366726e-07]",0.0009765625,0,1,0,0,0,0,0.007263,localPolishEndpoint
15,crossing,30,246,0,1.1743493962658391,2.12106819585909,0,2.12106819585909,0.15002392496498929,-3.9666948270107687,25.676858351680035,1.1743493962658391,117.43493962658391,865.2770869680603,1.1743493962658391,"[-0.004986123243469365, -0.11045030719657412, -0.009440735423063005, 0.0008293264620498064, 0.004535853036895776, 0.00442590956095418, -8.012254271913946e-06, -6.993960680462541e-07]",0.0009765625,0,1,0,0,0,0,0.007367,localPolishEndpoint
15,crossing,30,247,0,3.008137879444892,2.12106819585909,0,2.12106819585909,0.15002392496498929,-4.038409746592771,25.605143432098036,3.008137879444892,300.8137879444892,866.5070261886598,3.008137879444892,"[0.019820196516519673, -0.2215133032278961, -0.0349527950292821, 0.020124458492862374, 0.05230013114128641, 0.030518949761784986, 4.569420877916994e-16, -3.8163916471489756e-17]",0.0009765625,0,1,0,0,0,0,0.007296,localPolishEndpoint
15,crossing,30,248,0,1.7268290650424158,2.12106819585909,0,2.12106819585909,0.15002392496498929,-4.0025522868017696,25.641000891889032,1.7268290650424158,172.68290650424157,866.2457836677424,1.7268290650424158,"[0.0011403693100859869, -0.13840862173122803, -0.018365802088091472, 0.0010840743964557475, 0.023769543880566634, 0.02071677449089036, -4.006127135728502e-06, -3.496980340404743e-07]",0.0009765625,0,1,0,0,0,0,0.007492,localPolishEndpoint
15,crossing,30,249,0,1.2539281126367245,2.12106819585909,0,2.12106819585909,0.15002392496498929,-3.9846235569062696,25.658929621784534,1.2539281126367245,125.39281126367246,865.8839062551338,1.2539281126367245,"[-0.003131833370012771, -0.11118154536417015, -0.011419993243581582, 0.00027176696072395146, 0.010001448991563234, 0.011991150998882844, -6.009190703821224e-06, -5.245470510450989e-07]",0.0009765625,0,1,0,0,0,0,0.007166,localPolishEndpoint
15,crossing,30,250,0,1.1292937680025328,2.12106819585909,0,2.12106819585909,0.15002392496498929,-3.975659191958519,25.667893986732285,1.1292937680025328,112.92937680025328,865.6167415859109,1.1292937680025328,"[-0.004280681100539141, -0.10465099392440307, -0.009405962226997274, 0.0005210394709997956, 0.005712672638314923, 0.006823012786482743, -7.010722487867585e-06, -6.119715595456765e-07]",0.0009765625,0,1,0,0,0,0,0.007181,localPolishEndpoint
15,crossing,30,251,0,12.852516495235312,0.0016135263965200224,0,0.0016135263965200224,-2.0335302991108954,-2.5007222000406064,27.1428309786502,12.852516495235312,2245.645448369577,73.6179391523542,12.852516495235312,"[0.9455514541190482, 0.7546632209524166, 0.09933674210111999, -0.028584011287284383, 0.036181050350736446, 0.035557324713736266, 8.22347420794405e-05, 1.2709702185143001e-07]",0.0009765625,2.0335302991108954,18,0,0,0,0,0.027597,localConicEvaluation
15,crossing,30,252,0,2.0335302991108954,0.0016135263965200224,0,0.0016135263965200224,-2.0335302991108954,-1.6963435405188552,27.94720963817195,1.9829243595074726,1158.6862347967935,66.1774590859062,1.9829243595074726,"[-0.07316974688600197, 0.1283141397044677, 0.01521137191975747, -0.12323538318005589, -0.009614281629103438, -0.052638944180183014, -2.4475864043860263e-16, 4.0939474033052647e-16]",0.0009765625,2.0335302991108954,18,0,0,0,0,0.007699,localPolishEndpoint
15,crossing,30,253,0,2.0335302991108954,0.0016135263965200224,0,0.0016135263965200224,-2.0335302991108954,-1.7047350802648251,27.93881809842598,0.12734390010296023,973.1281888563423,65.8087773050376,0.12734390010296023,"[-0.0026445606597107485, -0.0072229496024433775, -0.0013496232901193605, -0.00821426294021066, 0.004927888296755519, 0.005473913328209557, 2.4558599001301655e-17, -3.8163916471489756e-17]",0.0009765625,2.0335302991108954,18,0,0,0,0,0.007501,localPolishEndpoint
15,crossing,30,254,0,2.0335302991108954,0.0016135263965200224,0,0.0016135263965200224,-2.0335302991108954,-1.703422394531546,27.940130784159262,0.00265134975855247,960.6589338219015,65.81640138712959,0.00265134975855247,"[-3.2660547930163375e-05, 5.4771727893786886e-05, 5.087460120071136e-05, -0.00018037646052349032, -2.543602048270704e-05, 0.0002813437621668569, 7.34335731632896e-19, -3.469446951953614e-18]",0.0009765625,2.0335302991108954,18,0,0,0,0,0.007439,localPolishEndpoint
15,crossing,30,255,0,2.0335302991108954,0.0016135263965200224,0,0.0016135263965200224,-2.0335302991108954,-1.7033659245331991,27.940187254157603,0,960.3937988460463,65.81638753947422,-0.0009737647513569298,"[-1.3506358698123222e-08, 2.7456636651438563e-08, 3.438534032767423e-08, -1.277585504055878e-07, -2.0611028796417826e-08, 3.0476049103277495e-07, -1.0977660890204825e-19, 0]",0.0009765625,2.0335302991108954,18,0,0,0,0,0.007453,localPolishEndpoint
15,crossing,30,256,0,13.755733460991308,0.837772015195011,0,0.837772015195011,-0.5685541615802558,-2.8864177073179746,26.75713547137283,13.755733460991308,1497.580558103022,324.3835027814577,13.755733460991308,"[0.7860812846272367, 1.1951808014888088, 0.06989797781221387, 0.16967298587405288, 0.016008057676337104, 0.01912341575524726, 4.111737103972048e-05, 6.354851092571501e-08]",0.0009765625,0.5685541615802558,17,0,0,0,0,0.027129,localConicEvaluation
15,crossing,30,257,0,3.190076874619542,0.837772015195011,0,0.837772015195011,-0.5685541615802558,-2.2422105692117142,27.40134260947909,3.190076874619542,441.0148994658452,309.8811979881895,3.190076874619542,"[-0.25123767913552086, -0.00967552933568441, 0.001487687212787412, -0.23968191120298243, 0.00783995959905402, -0.005025360540354315, -1.1735133264439979e-16, 4.996003610813204e-16]",0.0009765625,0.5685541615802558,17,0,0,0,0,0.007241,localPolishEndpoint
15,crossing,30,258,0,0.5685541615802558,0.837772015195011,0,0.837772015195011,-0.5685541615802558,-2.3362151717474156,27.307338006943393,0.08658009835803947,130.6652218396949,308.95239873646005,0.08658009835803947,"[-0.00151773877982464, 0.008541811223509914, 0.0005050275329492411, -0.003333554835808883, -0.0010240653227022618, 5.6057625157213765e-05, -1.3399040715964444e-17, -1.3877787807814457e-17]",0.0009765625,0.5685541615802558,17,0,0,0,0,0.007292,localPolishEndpoint
15,crossing,30,259,0,0.5685541615802558,0.837772015195011,0,0.837772015195011,-0.5685541615802558,-2.3364372456049742,27.30711593308583,0,122.00721200389097,308.982246676047,-0.000422753823846639,"[-3.15587902690595e-05, -2.5978275635288077e-05, 1.9568312545555647e-07, -4.9255719861918124e-05, -4.951128186485481e-06, -8.73422040995245e-06, 9.752432535796429e-19, 0]",0.0009765625,0.5685541615802558,17,0,0,0,0,0.007226,localPolishEndpoint
15,crossing,30,260,0,5.838796594323616,1.487977721357137,0,1.487977721357137,-0.19275327419237187,-3.079265460956659,26.564287717734143,5.838796594323616,604.540726954099,557.8219126819196,5.838796594323616,"[0.30976676234907075, 0.5331886475991273, 0.02794512648441965, 0.07834738325291113, 0.00478665085872601, 0.004279629985696352, 2.055868551986047e-05, 3.1774255462857504e-08]",0.0009765625,0.19275327419237187,16,0,0,0,0,0.02681,localConicEvaluation
15,crossing,30,261,0,3.6829951090792163,1.487977721357137,0,1.487977721357137,-0.19275327419237187,-2.83189247754538,26.811660701145424,3.6829951090792163,388.960578429659,557.145356760565,3.6829951090792163,"[-0.10305104843208568, -0.33360346910930055, -0.02608231087323557, -0.09120527887464114, 0.007016856495907339, 0.004451091169859683, -7.458294507163565e-17, -4.5102810375396984e-17]",0.0009765625,0.19275327419237187,16,0,0,0,0,0.007443,localPolishEndpoint
15,crossing,30,262,0,0.397216284884968,1.487977721357137,0,1.487977721357137,-0.19275327419237187,-2.856047808882147,26.78750536980866,0.397216284884968,60.38269601023416,555.0157291108806,0.397216284884968,"[-0.013876821954042384, 0.033407657027461506, 0.002865587071256116, -0.013219588124131931, -0.00041683419796271294, 0.0007219058810051508, -2.3228887518370112e-17, 6.591949208711867e-17]",0.0009765625,0.19275327419237187,16,0,0,0,0,0.007412,localPolishEndpoint
15,crossing,30,263,0,0.19275327419237187,1.487977721357137,0,1.487977721357137,-0.19275327419237187,-2.8621024395198233,26.78145073917098,0.0004030346100853072,20.701370982745885,555.0108927444429,0.0004030346100853072,"[-0.00011108472126153401, -6.055233105603632e-05, -1.150041544597532e-06, -8.197427058576068e-05, 5.596409809756247e-07, -2.270436354780474e-06, 2.9979580877638212e-18, 0]",0.0009765625,0.19275327419237187,16,0,0,0,0,0.007456,localPolishEndpoint
15,crossing,30,264,0,0.19275327419237187,1.487977721357137,0,1.487977721357137,-0.19275327419237187,-2.8621523150669375,26.78140086362387,0,20.66106752173735,555.0104241190562,-0.0009765223284537176,"[-1.7452563838560309e-09, 3.5075505631182827e-09, 1.417658075504659e-10, -2.1581065823284007e-09, 4.5544449567004446e-11, 6.995458056952918e-11, -1.0035730080097553e-20, 0]",0.0009765625,0.19275327419237187,16,0,0,0,0,0.007185,localPolishEndpoint
15,crossing,30,265,0,4.492735854819623,2.185214172303745,0,2.185214172303745,0.15782147186089612,-3.7728192546617527,25.87073392402905,4.492735854819623,449.2735854819623,903.211541888695,4.492735854819623,"[-0.10672548928655345, -0.4865894886399494, -0.01997820632982275, -0.03600626042355515, -3.899552850770105e-07, -0.0002104239905456211, -1.917450854801948e-05, -9.538376221071565e-06]",0.0009765625,0,1,0,0,0,0,0.027249,localConicEvaluation
15,crossing,30,266,0,9.062672794494445,2.185214172303745,0,2.185214172303745,0.15782147186089612,-3.885589073883482,25.757964104807325,9.062672794494445,906.2672794494445,907.8017399901498,9.062672794494445,"[0.005870457361076831, -0.8093886769794985, -0.08008856802933655, 0.044486130166758286, 0.02480512993882783, 0.026198433899109867, 8.760692366861778e-17, -2.7755575615628914e-16]",0.0009765625,0,1,0,0,0,0,0.007356,localPolishEndpoint
15,crossing,30,267,0,5.645582194527979,2.185214172303745,0,2.185214172303745,0.15782147186089612,-3.829204164272617,25.814349014418188,5.645582194527979,564.5582194527979,903.8194250731851,5.645582194527979,"[-0.04868020721888655, -0.5517124205276839, -0.04080765274770198, 0.0028080784600668096, 0.007841524314220416, 0.007505376529339377, -9.587254273965937e-06, -4.76918811067456e-06]",0.0009765625,0,1,0,0,0,0,0.007113,localPolishEndpoint
15,crossing,30,268,0,4.336968690373241,2.185214172303745,0,2.185214172303745,0.15782147186089612,-3.801011709467185,25.842541469223622,4.336968690373241,433.6968690373241,902.8509857789147,4.336968690373241,"[-0.07971550878776412, -0.45479526977730816, -0.023807618372114148, -0.021744753310148468, 0.002022302842411095, 0.0017527331939433673, -1.438088141099271e-05, -7.153782165873063e-06]",0.0009765625,0,1,0,0,0,0,0.007149,localPolishEndpoint
15,crossing,30,269,0,7.740606619786885,2.185214172303745,0,2.185214172303745,0.15782147186089612,-3.8876488685965294,25.755904310094277,7.740606619786885,774.0606619786885,906.7090687860282,7.740606619786885,"[-0.021836238148210896, -0.6918626224539394, -0.06884517958034843, 0.018455360472849236, 0.042715817183645415, 0.038082599807032595, -7.190440705444889e-06, -3.5768910828654077e-06]",0.0009765625,0,1,0,0,0,0,0.007322,localPolishEndpoint
15,crossing,30,270,0,5.562294194886067,2.185214172303745,0,2.185214172303745,0.15782147186089612,-3.8443302890318574,25.799222889658946,5.562294194886067,556.2294194886067,904.2099935551171,5.562294194886067,"[-0.049689961281870865, -0.5366912936368748, -0.041613795529482786, 0.0007475003711476802, 0.014379881491531766, 0.013847905534389039, -1.07856610582188e-05, -5.36533662437097e-06]",0.0009765625,0,1,0,0,0,0,0.007191,localPolishEndpoint
15,crossing,30,271,0,4.6016658684085625,2.185214172303745,0,2.185214172303745,0.15782147186089612,-3.822670999249521,25.82088217944128,4.6016658684085625,460.16658684085627,903.2843199478145,4.6016658684085625,"[-0.06574983288151515, -0.467437648500069, -0.029146965558790865, -0.012062777724892726, 0.005403186438309462, 0.0050599049049383565, -1.2583271234605754e-05, -6.259559395122016e-06]",0.0009765625,0,1,0,0,0,0,0.007298,localPolishEndpoint
15,crossing,30,272,0,4.295161384347271,2.185214172303745,0,2.185214172303745,0.15782147186089612,-3.811841354358353,25.831711824332455,4.295161384347271,429.51613843472705,902.961560056778,4.295161384347271,"[-0.07363346290266293, -0.4463151269635126, -0.02467691535250809, -0.01838703129302033, 0.002826641355911314, 0.0025489594529907417, -1.3482076322799232e-05, -6.706670780495805e-06]",0.0009765625,0,1,0,0,0,0,0.00715,localPolishEndpoint
15,crossing,30,273,0,8.986785870701022,2.185214172303745,0,2.185214172303745,0.15782147186089612,-3.9223606139736686,25.72119256471714,8.986785870701022,898.6785870701021,908.6732381100652,8.986785870701022,"[-0.027401790487310507, -0.7569347032774376, -0.08878451441614513, -0.013546443647037165, 0.10326803699473833, 0.06815805570724867, -6.7410381614316185e-06, -3.353335390306883e-06]",0.0009765625,0,1,0,0,0,0,0.007475,localPolishEndpoint
15,crossing,30,274,0,6.505913214107059,2.185214172303745,0,2.185214172303745,0.15782147186089612,-3.867100984166011,25.776452194524797,6.505913214107059,650.5913214107059,905.6384584772774,6.505913214107059,"[-0.05109391197353119, -0.5904269228165889, -0.05611561905723558, -0.01313442393306552, 0.046120668378156676, 0.03921463877297457, -1.0111557242115426e-05, -5.030003085399609e-06]",0.0009765625,0,1,0,0,0,0,0.007188,localPolishEndpoint
15,crossing,30,275,0,5.010780480842822,2.185214172303745,0,2.185214172303745,0.15782147186089612,-3.839471169262182,25.804082009428623,5.010780480842822,501.0780480842822,904.0646018112459,5.010780480842822,"[-0.06197095205807557, -0.49070810582733715, -0.03575858039500222, -0.013463894640988627, 0.01572086752339051, 0.01691016370500808, -1.1796816782457328e-05, -5.868336932949442e-06]",0.0009765625,0,1,0,0,0,0,0.007296,localPolishEndpoint
15,crossing,30,276,0,4.403432841063758,2.185214172303745,0,2.185214172303745,0.15782147186089612,-3.8256562618102676,25.81789691688054,4.403432841063758,440.3432841063758,903.3982473205936,4.403432841063758,"[-0.06823271292141442, -0.4491290232814099, -0.027344378047048003, -0.016313509462255738, 0.006070639234708428, 0.006656378859270855, -1.263944655262828e-05, -6.2875038567208885e-06]",0.0009765625,0,1,0,0,0,0,0.007017,localPolishEndpoint
15,crossing,30,277,0,4.2612676338988535,2.185214172303745,0,2.185214172303745,0.15782147186089612,-3.8187488080843104,25.824804370606497,4.2612676338988535,426.12676338988535,903.1400767607487,4.2612676338988535,"[-0.07113387541170368, -0.4406282054996222, -0.025015784778912968, -0.01758664423623202, 0.0035807704409064472, 0.003587014515841088, -1.3060761437713756e-05, -6.497087318608347e-06]",0.0009765625,0,1,0,0,0,0,0.007283,localPolishEndpoint
15,crossing,30,278,0,10.796696318318785,2.185214172303745,0,2.185214172303745,0.15782147186089612,-3.984908521671404,25.658644657019405,10.796696318318785,1079.6696318318786,911.1864093435665,10.796696318318785,"[-0.0059730314446824195, -0.9038465944846575, -0.10734812397482071, 0.030030930913508058, 0.10859797282491263, 0.06850538919600901, -6.5303807188190875e-06, -3.2485436593336636e-06]",0.0009765625,0,1,0,0,0,0,0.00717,localPolishEndpoint
15,crossing,30,279,0,6.877145358155693,2.185214172303745,0,2.185214172303745,0.15782147186089612,-3.9018286648778573,25.74172451381295,6.877145358155693,687.7145358155693,906.1792290792907,6.877145358155693,"[-0.04505602982123946, -0.6088831623390797, -0.06231651286631991, -0.00956249542572607, 0.06119108680754208, 0.04127506374380252, -9.795571078266423e-06, -4.872815488971005e-06]",0.0009765625,0,1,0,0,0,0,0.007221,localPolishEndpoint
15,crossing,30,280,0,5.291501472900407,2.185214172303745,0,2.185214172303745,0.15782147186089612,-3.860288736481084,25.783264442209724,5.291501472900407,529.1501472900406,904.6194643334518,5.291501472900407,"[-0.06012344784291912, -0.5062383209536411, -0.04028414457238201, -0.014704293700033233, 0.02436191560587329, 0.02371261764119165, -1.1428166257990088e-05, -5.684951403787941e-06]",0.0009765625,0,1,0,0,0,0,0.007219,localPolishEndpoint
15,crossing,30,281,0,4.527168239115928,2.185214172303745,0,2.185214172303745,0.15782147186089612,-3.839518772282697,25.80403440640811,4.527168239115928,452.71682391159277,903.8085916098626,4.527168239115928,"[-0.06603604560010723, -0.4553011392435074, -0.029602130817076112, -0.015925476080193235, 0.009585576156409054, 0.011494668472205495, -1.2244463847851923e-05, -6.091019361199879e-06]",0.0009765625,0,1,0,0,0,0,0.00717,localPolishEndpoint
15,crossing,30,282,0,4.276398984727672,2.185214172303745,0,2.185214172303745,0.15782147186089612,-3.8291337901835036,25.8144193885073,4.276398984727672,427.63989847276724,903.4367301854754,4.276398984727672,"[-0.06878466894954016, -0.4387936836093213, -0.025923568848261854, -0.016959557327595576, 0.005078844905880229, 0.005897777569136021, -1.2652612642782839e-05, -6.294053339902378e-06]",0.0009765625,0,1,0,0,0,0,0.00724,localPolishEndpoint
15,crossing,30,283,0,0.9768974156323126,2.1079617562711555,0,2.1079617562711555,0.08249738184778521,-3.522466234628548,26.12108694406226,0.9768974156323126,97.68974156323125,845.7868785068495,0.9768974156323126,"[-0.02289063825676152, -0.10668677596745603, -0.004193477619449251, -0.008160029390719359, 2.241651405361876e-05, -5.394485483804454e-05, -9.58725427400951e-06, -4.7691881105357825e-06]",0.0009765625,0,1,0,0,0,0,0.026843,localConicEvaluation
15,crossing,30,284,0,0.7907836127133364,2.1079617562711555,0,2.1079617562711555,0.08249738184778521,-3.5474192748786852,26.09613390381212,0.7907836127133364,79.07836127133365,845.8389754799779,0.7907836127133364,"[0.001056520215342971, -0.07113559508558728, -0.0069035023025657595, 0.0036840200640284593, 0.0015501689980600836, 0.0015448848323637342, -3.031192105044239e-17, 1.3877787807814457e-17]",0.0009765625,0,1,0,0,0,0,0.007299,localPolishEndpoint
15,crossing,30,285,0,0.42217192635260936,2.1079617562711555,0,2.1079617562711555,0.08249738184778521,-3.5574076507672276,26.08614552792358,0.42217192635260936,42.217192635260936,846.1584442219564,0.42217192635260936,"[0.0026091931001985813, -0.03547161017616989, -0.004095685938233935, 0.003930298168526747, 0.001285610306144346, 0.0011598378539602874, -1.202366994952582e-17, -2.0816681711721685e-17]",0.0009765625,0,1,0,0,0,0,0.007285,localPolishEndpoint
15,crossing,30,286,0,0.15140508496402283,2.1079617562711555,0,2.1079617562711555,0.08249738184778521,-3.559623357400143,26.083929821290663,0.15140508496402283,15.140508496402283,846.515338105532,0.15140508496402283,"[0.0004292930050553423, -0.01184378386984705, -0.0016653358854248435, 0.00023144157892396322, 0.001282174605320313, 0.0016205725398262766, 6.153588979496693e-18, -1.3877787807814457e-17]",0.0009765625,0,1,0,0,0,0,0.007152,localPolishEndpoint
15,crossing,30,287,0,0.013053210165002709,2.1079617562711555,0,2.1079617562711555,0.08249738184778521,-3.5605785067727367,26.08297467191807,0.013053210165002709,1.3053210165002709,846.6405886078492,0.013053210165002709,"[2.8678197288911633e-05, -0.0011358725355118293, -0.00014649881359034224, 2.2180390184090015e-05, 0.000146023548663211, 0.0003634306916290075, -2.0856635640959806e-18, -3.469446951953614e-18]",0.0009765625,0,1,0,0,0,0,0.00734,localPolishEndpoint
15,crossing,30,288,0,0,2.1079617562711555,0,2.1079617562711555,0.0755173494899497,-3.560883172275983,26.082670006414826,0,0,846.6556170845888,-0.0007418132281268395,"[3.3337681060174873e-07, -1.7343691391224176e-05, -2.739780233739562e-06, -4.9089226905607575e-08, 3.681177736888812e-06, 4.033209812036596e-06, -1.1682398686345397e-19, 0]",0.0009765625,0,1,0,0,0,0,0.014007,localPolishEndpoint
15,crossing,5,1,0,3.3559999999999994,0,0,0,-3.3559999999999994,0,29.643553178690805,0,1670.3999999999983,0,-0.0009765625,"[0, 0, 0, 0, 0, 0, 0, 0]",0.0009765625,3.3559999999999994,18,0,0,0,0,0.026428,solvePredictiveControl
15,crossing,5,2,0,2.929913259050328,0.2833563863042469,0,0.2833563863042469,-2.929913259050328,1.1264571783790025,30.770010357069804,1.7612811755012072,1683.9771545988103,23.32066790306189,1.7612811755012072,"[-0.10167820782722714, -0.1747153542705807, -0.0038498128372824562, -0.030442282804150622, -0.000627591912550111, -0.00019602535353458822, 3.2766289259911208e-06, 2.2831182655280724e-06]",0.0009765625,2.929913259050328,17,0,0,0,0,0.026521,localConicEvaluation
15,crossing,5,3,0,2.929913259050328,0.2833563863042469,0,0.2833563863042469,-2.929913259050328,1.0589859878803058,30.70253916657111,0.1498756778745729,1522.836604836147,22.869714641498135,0.1498756778745729,"[-0.0063608883665295934, -0.012549453675871985, -0.0007755537418056275, -0.00725502412797141, -0.0006912617068237873, -0.0003247796090032818, -1.0515490523688512e-17, 1.0408340855860843e-17]",0.0009765625,2.929913259050328,17,0,0,0,0,0.007186,localPolishEndpoint
15,crossing,5,4,0,2.929913259050328,0.2833563863042469,0,0.2833563863042469,-2.929913259050328,1.0568237877923325,30.700376966483137,0,1507.8490370486898,22.87367309643507,-0.000800628668045099,"[-1.2944387187019402e-05, -9.302950483290185e-06, -6.445858317725743e-07, -9.539847486195185e-06, 1.7187429611553785e-06, 6.106887968600723e-07, -6.68207752056785e-19, -3.469446951953614e-18]",0.0009765625,2.929913259050328,17,0,0,0,0,0.007113,localPolishEndpoint
15,crossing,5,5,0,18.132892530810995,1.84641935310269,0,1.84641935310269,-1.2976188103853088,1.6894378206679965,31.332990999358802,18.132892530810995,2194.4623388072296,581.8934509238343,18.132892530810995,"[-1.7713706198614076, -0.4946096535843977, -0.008782507162557072, -0.6221788856585349, -0.010640467789908141, -0.0038423226903943125, 3.1498140171802836e-06, 8.171114053677486e-07]",0.0009765625,1.2976188103853088,16,0,0,0,0,0.027599,localConicEvaluation
15,crossing,5,6,0,4.953155021364824,1.84641935310269,0,1.84641935310269,-1.2976188103853088,0.5281470197916149,30.171700198482423,4.953155021364824,876.4885878626126,578.959665977172,4.953155021364824,"[-0.07347606868521694, -0.4590103319166488, -0.03839759556936652, -0.0609555753345159, -0.008652369564004635, -0.00511745708424836, -1.348942320149836e-16, 2.983724378680108e-16]",0.0009765625,1.2976188103853088,16,0,0,0,0,0.007747,localPolishEndpoint
15,crossing,5,7,0,1.2976188103853088,1.84641935310269,0,1.84641935310269,-1.2976188103853088,0.49487226377202903,30.138425442462836,0.839275510978711,465.10063682400124,577.3289130050096,0.839275510978711,"[-0.021639094345204057, -0.08208050220677998, -0.004844387661520532, -0.021322341370906273, -0.0027940132051647013, 0.0009669223897187366, 4.182870301057402e-18, 6.938893903907228e-18]",0.0009765625,1.2976188103853088,16,0,0,0,0,0.007252,localPolishEndpoint
15,crossing,5,8,0,1.2976188103853088,1.84641935310269,0,1.84641935310269,-1.2976188103853088,0.4807358113985265,30.12428899008933,0.12674905846414888,393.8479915725451,577.7490943615709,0.12674905846414888,"[-0.0012663947176179136, -0.010990008806724023, -0.0011349623901513242, -0.0032658417964963604, 0.0013537303878397456, 0.0004926870762916918, -6.119287408031249e-18, -1.0408340855860843e-17]",0.0009765625,1.2976188103853088,16,0,0,0,0,0.007535,localPolishEndpoint
15,crossing,5,9,0,1.2976188103853088,1.84641935310269,0,1.84641935310269,-1.2976188103853088,0.48013525010551916,30.123688428796324,0.00289927695341577,381.46301342147177,577.8343451863526,0.00289927695341577,"[-2.5284574462602905e-05, -0.000320084342326331, -3.6846128250232556e-05, -0.00011044320562447751, 4.2159478337937416e-05, 5.229218042704102e-05, -3.0542082660131766e-19, 0]",0.0009765625,1.2976188103853088,16,0,0,0,0,0.007207,localPolishEndpoint
15,crossing,5,10,0,1.2976188103853088,1.84641935310269,0,1.84641935310269,-1.2976188103853088,0.48014161714198694,30.123694795832794,0,381.1730857261302,577.8363824636629,-0.0009748394056963244,"[-1.4444623275267077e-08, -1.589900001510029e-07, -1.2293083079586003e-08, -6.231315907712087e-08, 1.3116737517105852e-08, 6.160290624493329e-08, -5.018099969652815e-20, 0]",0.0009765625,1.2976188103853088,16,0,0,0,0,0.007151,localPolishEndpoint
15,crossing,5,11,0,22.130726454887014,2.376419214889066,0,2.376419214889066,-0.415713665331239,-1.9465841523333487,27.696969026357454,22.130726454887014,2290.3438447534404,981.6890178050219,22.130726454887014,"[-0.6732190949786343, -2.497393187718493, -0.06572006254369492, -0.20673942780918964, 0.001095238958759326, 0.0009159734506162279, -7.247555284507773e-05, -1.2494589258088551e-05]",0.0009765625,0.415713665331239,16,0,0,0,0,0.02697,localConicEvaluation
15,crossing,5,12,0,27.28706845690074,2.376419214889066,0,2.376419214889066,-0.415713665331239,-2.2342387288652716,27.409314449825533,27.28706845690074,2805.978044954813,996.151415472789,27.28706845690074,"[-0.5717031241479518, -2.756599440071209, -0.16615621828911198, -0.33615057583259933, 0.20592767785738014, 0.02326913060358349, -5.435666463412279e-05, -9.370941943705191e-06]",0.0009765625,0.415713665331239,16,0,0,0,0,0.007588,localPolishEndpoint
15,crossing,5,13,0,25.24766353694782,2.376419214889066,0,2.376419214889066,-0.415713665331239,-2.0904114405993104,27.553141738091494,25.24766353694782,2602.037552959521,988.9362367158417,25.24766353694782,"[-0.625680815313217, -2.6447929116411175, -0.12968197820411453, -0.26412130139097023, 0.11507262483314055, 0.021476840143167933, -6.341610873960025e-05, -1.0932765600896871e-05]",0.0009765625,0.415713665331239,16,0,0,0,0,0.00714,localPolishEndpoint
15,crossing,5,14,0,22.90003515492532,2.376419214889066,0,2.376419214889066,-0.415713665331239,-2.0184977964663293,27.625055382224478,22.90003515492532,2367.274714757271,981.7636439356118,22.90003515492532,"[-0.6421637949043699, -2.5147092762684853, -0.08787587305292847, -0.2164038819376355, 0.03285558143049688, 0.007908012790092851, -6.794583079233899e-05, -1.1713677429490976e-05]",0.0009765625,0.415713665331239,16,0,0,0,0,0.00706,localPolishEndpoint
15,crossing,5,15,0,22.051539049806674,2.376419214889066,0,2.376419214889066,-0.415713665331239,-1.982540974399839,27.661012204290966,22.051539049806674,2282.425104245406,979.765126576493,22.051539049806674,"[-0.6552626015142025, -2.470095393042884, -0.0709279239875003, -0.20620054363273432, 0.008575927116746403, 0.00276451480545474, -7.021069181870837e-05, -1.2104133343789764e-05]",0.0009765625,0.415713665331239,16,0,0,0,0,0.007087,localPolishEndpoint
15,crossing,5,16,0,24.249462195821376,2.376419214889066,0,2.376419214889066,-0.415713665331239,-2.254968855575374,27.388584323115435,24.249462195821376,2502.217418846876,985.8846034663773,24.249462195821376,"[-0.6082617409877074, -2.564984376651266, -0.11827301110828908, -0.2803475248947418, 0.10315198288220014, 0.02482501477879216, -6.143435534144695e-05, -1.059111667587806e-05]",0.0009765625,0.415713665331239,16,0,0,0,0,0.007221,localPolishEndpoint
15,crossing,5,17,0,23.550882620049016,2.376419214889066,0,2.376419214889066,-0.415713665331239,-2.1187549149876066,27.5247982637032,23.550882620049016,2432.35946126964,983.2513422499829,23.550882620049016,"[-0.6371801953107408, -2.529773611055146, -0.10398505637504896, -0.24770102827328344, 0.07144217337500088, 0.019921393416193468, -6.582252358007766e-05, -1.1347625009833912e-05]",0.0009765625,0.415713665331239,16,0,0,0,0,0.00707,localPolishEndpoint
15,crossing,5,18,0,22.367932499433447,2.376419214889066,0,2.376419214889066,-0.415713665331239,-2.050647944693723,27.592905233997083,22.367932499433447,2314.0644492080833,979.7633504070911,22.367932499433447,"[-0.6426130008528332, -2.468486416079524, -0.08184349878371666, -0.21768424188684143, 0.027575008761826475, 0.008779361609579567, -6.801660769939301e-05, -1.1725879176811838e-05]",0.0009765625,0.415713665331239,16,0,0,0,0,0.00706,localPolishEndpoint
15,crossing,5,19,0,5.2672674848955205,2.2142583274351963,0,2.2142583274351963,-0.6407871151087645,-0.7332212675956808,28.910331911095124,5.2672674848955205,660.233456385478,800.7188519738543,5.2672674848955205,"[-0.14903207793367557, -0.602173100614971, -0.014910437474250207, -0.045838763976821184, 0.0002148615505990452, 0.0001983844133250187, -3.6237776422538884e-05, -6.2472946290442755e-06]",0.0009765625,0.6407871151087645,16,0,0,0,0,0.026334,localConicEvaluation
15,crossing,5,20,0,10.079896176974655,2.2142583274351963,0,2.2142583274351963,-0.6407871151087645,-0.9634828018920796,28.680070376798728,10.079896176974655,1141.4963255933917,807.2235369375608,10.079896176974655,"[-0.028831032049374983, -0.8185242395866883, -0.10234405092173186, -0.1994421564361204, 0.19990249292520734, 0.03223779518880542, -1.767181778515592e-16, 2.0122792321330962e-16]",0.0009765625,0.6407871151087645,16,0,0,0,0,0.007121,localPolishEndpoint
15,crossing,5,21,0,8.362490882454315,2.2142583274351963,0,2.2142583274351963,-0.6407871151087645,-0.8483520347438802,28.795201143946922,8.362490882454315,969.7557961413576,804.991401500319,8.362490882454315,"[-0.09364260194132612, -0.734473956526788, -0.07489183123677197, -0.12202365487431877, 0.12385655508229206, 0.029156816024214657, -1.81188882113578e-05, -3.1236473144215238e-06]",0.0009765625,0.6407871151087645,16,0,0,0,0,0.007116,localPolishEndpoint
15,crossing,5,22,0,5.947789723482845,2.2142583274351963,0,2.2142583274351963,-0.6407871151087645,-0.7907866511697805,28.852766527521023,5.947789723482845,728.2856802442105,802.0654290018542,5.947789723482845,"[-0.11731300393126531, -0.6094598435890046, -0.03501411228124298, -0.06585227263775906, 0.03527167054948281, 0.010364746275715167, -2.7178332316948343e-05, -4.685470971731165e-06]",0.0009765625,0.6407871151087645,16,0,0,0,0,0.00709,localPolishEndpoint
15,crossing,5,23,0,5.139587368361028,2.2142583274351963,0,2.2142583274351963,-0.6407871151087645,-0.7620039593827307,28.881549219308074,5.139587368361028,647.4654447320288,800.9737327034312,5.139587368361028,"[-0.13215445204015452, -0.5705867061341632, -0.019266216276067876, -0.04926813375192829, 0.008417679698933646, 0.0029603652116116943, -3.170805436974361e-05, -5.46638280038772e-06]",0.0009765625,0.6407871151087645,16,0,0,0,0,0.007134,localPolishEndpoint
15,crossing,5,24,0,7.266072167641267,2.2142583274351963,0,2.2142583274351963,-0.6407871151087645,-0.9464747761327109,28.697078402558095,7.266072167641267,860.1139246600528,804.577383399542,7.266072167641267,"[-0.08064069375485161, -0.6554277287984266, -0.06189105494272947, -0.11994854151451761, 0.11509279739088879, 0.033217014204916614, -1.5854027184705893e-05, -2.7331914003031477e-06]",0.0009765625,0.6407871151087645,16,0,0,0,0,0.007498,localPolishEndpoint
15,crossing,5,25,0,6.545927522387241,2.2142583274351963,0,2.2142583274351963,-0.6407871151087645,-0.8542393677577208,28.789313810933084,6.545927522387241,788.0994601346501,803.6105368594334,6.545927522387241,"[-0.11117257106931788, -0.6255776057524168, -0.04817381168529179, -0.08966849478882466, 0.07361983720349669, 0.0289238602370802, -2.378104077722475e-05, -4.099787100347169e-06]",0.0009765625,0.6407871151087645,16,0,0,0,0,0.007605,localPolishEndpoint
15,crossing,5,26,0,5.413549354977398,2.2142583274351963,0,2.2142583274351963,-0.6407871151087645,-0.8081216635702257,28.83543151512058,5.413549354977398,674.8616433936659,802.110748142388,5.413549354977398,"[-0.12002024540226586, -0.568268020596743, -0.02840206728169666, -0.06182427409165925, 0.027630634071290416, 0.012542516642714533, -2.7744547573484182e-05, -4.783084950367444e-06]",0.0009765625,0.6407871151087645,16,0,0,0,0,0.007105,localPolishEndpoint
15,crossing,5,27,0,5.064605646571231,2.2142583274351963,0,2.2142583274351963,-0.6407871151087645,-0.7850628114764782,28.858490367214326,5.064605646571231,639.967272553049,801.4039368932474,5.064605646571231,"[-0.12521761859899527, -0.5538936072965337, -0.021112445074746966, -0.05170156694319239, 0.012909603377228145, 0.005566138110776448, -2.97263009716139e-05, -5.1247338753758476e-06]",0.0009765625,0.6407871151087645,16,0,0,0,0,0.007121,localPolishEndpoint
15,crossing,5,28,0,6.374502504282745,2.2142583274351963,0,2.2142583274351963,-0.6407871151087645,-1.193848884014352,28.449704294676454,6.374502504282745,770.9569583242005,804.4110865030004,6.374502504282745,"[-0.03835961258747034, -0.617067025696034, -0.04863335057754927, -0.02113626053821349, 0.08489671643765806, 0.025922545980223047, -1.4863150485778159e-05, -2.5623669374884306e-06]",0.0009765625,0.6407871151087645,16,0,0,0,0,0.007107,localPolishEndpoint
15,crossing,5,29,0,5.788114097490445,2.2142583274351963,0,2.2142583274351963,-0.6407871151087645,-0.9894558477454151,28.654097330945387,5.788114097490445,712.3181176449705,803.3593744593429,5.788114097490445,"[-0.09554438668883591, -0.5732064899711593, -0.039370435268406015, -0.06260332208698749, 0.0631668650543376, 0.02928438633561818, -2.229472572869603e-05, -3.843550406432139e-06]",0.0009765625,0.6407871151087645,16,0,0,0,0,0.007008,localPolishEndpoint
15,crossing,5,30,0,5.299395976321615,2.2142583274351963,0,2.2142583274351963,-0.6407871151087645,-0.8872593296109466,28.756293849079857,5.299395976321615,663.4463055280876,802.6212510073003,5.299395976321615,"[-0.11395492638723681, -0.5517450358861132, -0.029042551897905902, -0.06293465001317955, 0.03420843012060071, 0.022612558450851694, -2.6010513350154964e-05, -4.484142140902259e-06]",0.0009765625,0.6407871151087645,16,0,0,0,0,0.007097,localPolishEndpoint
15,crossing,5,31,0,5.014680421829011,2.2142583274351963,0,2.2142583274351963,-0.6407871151087645,-0.8361610705437124,28.807392108147095,5.014680421829011,634.9747500788271,801.9761912646785,5.014680421829011,"[-0.11916786275585167, -0.5400819584622638, -0.022997246882004427, -0.05502823021454262, 0.018687598636920703, 0.011429517710342684, -2.7868407160884433e-05, -4.804438008140788e-06]",0.0009765625,0.6407871151087645,16,0,0,0,0,0.007063,localPolishEndpoint
15,crossing,5,32,0,9.06555140087501,2.2142583274351963,0,2.2142583274351963,-0.6407871151087645,-1.9509089075354942,27.692644271155313,9.06555140087501,1040.0618479834272,815.0756063324375,9.06555140087501,"[0.10056007717643212, -0.9515929301128383, -0.04463256815624362, 0.24852317373587063, -0.054818824356502795, 0.0019384894837336693, -1.3934203580487755e-05, -2.402219003619366e-06]",0.0009765625,0.6407871151087645,16,0,0,0,0,0.0071,localPolishEndpoint
15,crossing,5,33,0,4.760971961866879,2.2142583274351963,0,2.2142583274351963,-0.6407871151087645,-1.3935349890396034,28.250018189651204,4.760971961866879,609.6039040826139,803.9406448058783,4.760971961866879,"[-0.05514029306662849, -0.5548073225208797, -0.015517884382466025, 0.011781426958048513, -0.02381844424980683, 0.01321944338516393, -2.0901305370686093e-05, -3.603328505880077e-06]",0.0009765625,0.6407871151087645,16,0,0,0,0,0.00708,localPolishEndpoint
15,crossing,5,34,0,27.739608859944614,2.2142583274351963,0,2.2142583274351963,-0.6407871151087645,-1.1959974225532402,28.447555756137564,27.739608859944614,2907.4675938903874,878.9914055613137,27.739608859944614,"[-0.48394404551887504, -2.5519471646170273, -0.2193844355993737, -0.192605443268965, 0.002413670175627026, -0.023764968051826325, -1.045065268537854e-05, -1.8016642530128968e-06]",0.0009765625,0.6407871151087645,16,0,0,0,0,0.007356,localPolishEndpoint
15,crossing,5,35,0,14.99250676078279,2.2142583274351963,0,2.2142583274351963,-0.6407871151087645,-1.2947662057964218,28.348786972894384,14.99250676078279,1632.7573839742051,823.8270978631274,14.99250676078279,"[-0.06901515000255642, -1.456900088965889, -0.10990260395726548, 0.08284858116112126, -0.00818739920394969, 0.011386778542789824, -1.5675979028032318e-05, -2.7024963794482215e-06]",0.0009765625,0.6407871151087645,16,0,0,0,0,0.00714,localPolishEndpoint
15,crossing,5,36,0,5.270175297547028,2.2142583274351963,0,2.2142583274351963,-0.6407871151087645,-1.3441505974180126,28.29940258127279,5.270175297547028,660.5242376506288,803.516214665704,5.270175297547028,"[-0.03622931524639483, -0.582122001419269, -0.024633489400966622, 0.029329142618543358, -0.016935546850221597, 0.011694603110629668, -1.8288642199359204e-05, -3.1529124426624144e-06]",0.0009765625,0.6407871151087645,16,0,0,0,0,0.00711,localPolishEndpoint
15,crossing,5,37,0,4.65470276757087,2.2142583274351963,0,2.2142583274351963,-0.6407871151087645,-1.368842793228808,28.274710385461997,4.65470276757087,598.976984653013,803.3789406860099,4.65470276757087,"[-0.04905867680358966, -0.5365839768647375, -0.01660918003648737, 0.014846202274455322, -0.021319423167407852, 0.012340595297846094, -1.959497378502265e-05, -3.3781204742712456e-06]",0.0009765625,0.6407871151087645,16,0,0,0,0,0.007176,localPolishEndpoint
15,crossing,5,38,0,1.2630994914993168,2.058282800265634,0,2.058282800265634,-0.9645777592461788,-0.12653982522684698,29.517013353463955,1.2630994914993168,362.51936616544975,701.0718341443002,1.2630994914993168,"[-0.03640208404939216, -0.1445186582247294, -0.0035157853566117996, -0.011214857874856321, 6.840196874464064e-05, 4.561916330663925e-05, -1.811888821126947e-05, -3.1236473145221377e-06]",0.0009765625,0.9645777592461788,16,0,0,0,0,0.026803,localConicEvaluation
15,crossing,5,39,0,1.8699058185378064,2.058282800265634,0,2.058282800265634,-0.9645777592461788,-0.17696728291978847,29.466585895771015,1.8699058185378064,423.1999988692987,702.7702383360038,1.8699058185378064,"[-0.004759825442434362, -0.14092923051116804, -0.020911467639155416, -0.03210218727734748, 0.03280110763001626, 0.011391969223593893, -4.780992767482173e-17, 0]",0.0009765625,0.9645777592461788,16,0,0,0,0,0.007225,localPolishEndpoint
15,crossing,5,40,0,1.1005382639779027,2.058282800265634,0,2.058282800265634,-0.9645777592461788,-0.15175355407331773,29.49179962461749,1.1005382639779027,346.2632434133083,701.8620955702388,1.1005382639779027,"[-0.019838600315168264, -0.11013292123505057, -0.007051507894555069, -0.015117819405134014, 0.007692333805154496, 0.0031410850253773413, -9.05944410565864e-06, -1.5618236572610689e-06]",0.0009765625,0.9645777592461788,16,0,0,0,0,0.007333,localPolishEndpoint
15,crossing,5,41,0,1.5710506948000054,2.058282800265634,0,2.058282800265634,-0.9645777592461788,-0.19762703456419567,29.445926144126613,1.5710506948000054,393.3144864955186,703.6289861556986,1.5710506948000054,"[-0.0049124838297203155, -0.11358695274466575, -0.018468897280815456, -0.02746008876177264, 0.034130099440332635, 0.021199647266280368, 6.26567211742951e-17, -1.0408340855860843e-17]",0.0009765625,0.9645777592461788,16,0,0,0,0,0.007272,localPolishEndpoint
15,crossing,5,42,0,0.9843507158356866,2.058282800265634,0,2.058282800265634,-0.9645777592461788,-0.1746902943187567,29.468862884372047,0.9843507158356866,334.64448859908674,702.8013762011482,0.9843507158356866,"[-0.011592026511323184, -0.08769934570213231, -0.008560685419799924, -0.016358341339669735, 0.012407651713604285, 0.007956878229745801, -4.529722052797991e-06, -7.809118286357386e-07]",0.0009765625,0.9645777592461788,16,0,0,0,0,0.007284,localPolishEndpoint
15,crossing,5,43,0,0.9645777592461788,2.058282800265634,0,2.058282800265634,-0.9645777592461788,-0.2752839124477043,29.3682692662431,0.5959159749131698,295.80101450683503,703.9479654813244,0.5959159749131698,"[-0.0027980733548602643, -0.05265956759220713, -0.005233963222718857, -0.012658695555870736, 0.012035822329076061, 0.02544149307730826, 1.635451214558603e-17, -1.3877787807814457e-17]",0.0009765625,0.9645777592461788,16,0,0,0,0,0.007192,localPolishEndpoint
15,crossing,5,44,0,0.9645777592461788,2.058282800265634,0,2.058282800265634,-0.9645777592461788,-0.4751111606778516,29.16844201801295,0.8372256595019673,319.9319829657148,703.6569305974793,0.8372256595019673,"[0.002918141002268726, -0.043724397498738465, -0.012015180859403087, 0.004396106983504566, 0.021307916808017816, -0.01590560245688582, 1.1802988643573601e-17, 1.0408340855860843e-17]",0.0009765625,0.9645777592461788,16,0,0,0,0,0.007272,localPolishEndpoint
15,crossing,5,45,0,0.9645777592461788,2.058282800265634,0,2.058282800265634,-0.9645777592461788,-0.37519753656277793,29.268355642128025,0.47795392450615964,284.004809466134,703.7642522678882,0.47795392450615964,"[-0.0007291430577112124, -0.036210531039183716, -0.0054662672102490945, -0.004910230794434867, 0.011184931540020348, 0.008514468629821085, 1.4078750394579815e-17, -3.469446951953614e-18]",0.0009765625,0.9645777592461788,16,0,0,0,0,0.007243,localPolishEndpoint
15,crossing,5,46,0,0.9645777592461788,2.058282800265634,0,2.058282800265634,-0.9645777592461788,-0.5122032516021344,29.131349927088667,0.5712602488573247,293.33544190125053,703.7109207024685,0.5712602488573247,"[0.006286199597987263, -0.049988849824435744, -0.005044754102539785, 0.010305899257733842, 0.0018570688311067536, 0.004045514652315839, -1.1452950886789986e-17, -4.163336342344337e-17]",0.0009765625,0.9645777592461788,16,0,0,0,0,0.007396,localPolishEndpoint
15,crossing,5,47,0,0.9645777592461788,2.058282800265634,0,2.058282800265634,-0.9645777592461788,-0.44370039408245615,29.19985278460835,0.3022508988719802,266.43450690271607,703.7898749270978,0.3022508988719802,"[0.0003799174166729813, -0.023802196663356125, -0.0033271753230240827, -0.001227366692125642, 0.00599004166039533, 0.004891379889271399, 1.3128997538949143e-18, -2.42861286636753e-17]",0.0009765625,0.9645777592461788,16,0,0,0,0,0.007319,localPolishEndpoint
15,crossing,5,48,0,25.0768010232597,2.3550807281929234,0,2.3550807281929234,-0.19839666704751813,-3.4212430940476897,26.222310084643116,25.0768010232597,2545.0528615665667,1038.2914406517484,25.0768010232597,"[-0.9287712345033583, -2.709821526582179, -0.08222725262706009, -0.33295694050154445, -0.002672023663515364, -0.0018654492121387871, -0.00015030527719630963, -6.969148049509183e-06]",0.0009765625,0.19839666704751813,16,0,0,0,0,0.027221,localConicEvaluation
15,crossing,5,49,0,28.986015712020272,2.3550807281929234,0,2.3550807281929234,-0.19839666704751813,-3.60767101677334,26.035882161917467,28.986015712020272,2935.974330442624,1059.0441612031536,28.986015712020272,"[-0.876782816986406, -3.0356208998111627, -0.13733714264143218, -0.25196214125856287, 0.015780258390428934, 0.007871316748448645, -0.0001409111973716019, -6.533576296419846e-06]",0.0009765625,0.19839666704751813,16,0,0,0,0,0.007234,localPolishEndpoint
15,crossing,5,50,0,26.44933740470469,2.3550807281929234,0,2.3550807281929234,-0.19839666704751813,-3.5144570554105146,26.129096123280288,26.44933740470469,2682.3064997110655,1045.2230113558164,26.44933740470469,"[-0.8977162100625904, -2.825116579858702, -0.10383435063544476, -0.2924185572258775, 0.004627654527914452, 0.0032658700123674275, -0.00014560823728395578, -6.7513621729645146e-06]",0.0009765625,0.19839666704751813,16,0,0,0,0,0.007224,localPolishEndpoint
15,crossing,5,51,0,5.391535058580005,2.27791582039151,0,2.27791582039151,-0.3607786242438846,-1.932471744065073,27.71108143462573,5.391535058580005,591.3202235761626,871.7913087328349,5.391535058580005,"[-0.17529109338239834, -0.6009392760082057, -0.016325589587801538, -0.06484599772990585, 0.002370410746057179, 0.0018554083645997217, -7.515263859815415e-05, -3.4845740247667345e-06]",0.0009765625,0.3607786242438846,16,0,0,0,0,0.026982,localConicEvaluation
15,crossing,5,52,0,7.198875499092672,2.27791582039151,0,2.27791582039151,-0.3607786242438846,-2.059951982615955,27.58360119607485,7.198875499092672,772.0542676274292,873.8786371216777,7.198875499092672,"[-0.13170518423343935, -0.7547818885470596, -0.03990971099730896, -0.017585576354722576, 0.008635260933148252, 0.0070915772176133535, -6.57585587734225e-05, -3.0490022715906617e-06]",0.0009765625,0.3607786242438846,16,0,0,0,0,0.007598,localPolishEndpoint
15,crossing,5,53,0,6.018544042371616,2.27791582039151,0,2.27791582039151,-0.3607786242438846,-1.9962118633405141,27.647341315350292,6.018544042371616,654.0211219553237,872.4541975507382,6.018544042371616,"[-0.1549803797280518, -0.655392459276856, -0.025484103434693015, -0.04415910966509706, 0.004731510478696416, 0.004150355338574661, -7.045559868578832e-05, -3.266788148180433e-06]",0.0009765625,0.3607786242438846,16,0,0,0,0,0.007251,localPolishEndpoint
15,crossing,5,54,0,5.599071855568496,2.27791582039151,0,2.27791582039151,-0.3607786242438846,-1.9643418037027935,27.67921137498801,5.599071855568496,612.0739032750117,872.0107328776044,5.599071855568496,"[-0.16596570259319776, -0.618800034236915, -0.019818775069606248, -0.056010647625704735, 0.003243891569304179, 0.0027836801008453605, -7.280411864197124e-05, -3.375681086471849e-06]",0.0009765625,0.3607786242438846,16,0,0,0,0,0.007334,localPolishEndpoint
15,crossing,5,55,0,1.5524117591821143,2.18945310281514,0,2.18945310281514,-0.6549805113567719,-1.1880860690737645,28.455467109617043,1.5524117591821143,281.5616009717431,800.1775216409561,1.5524117591821143,"[-0.043897701694213254, -0.1693605639815996, -0.00620520116938206, -0.016552964304594298, 0.004352790229180607, 0.0035108987460293344, -3.757631929907642e-05, -1.7422870123955103e-06]",0.0009765625,0.6549805113567719,16,0,0,0,0,0.026991,localConicEvaluation
15,crossing,5,56,0,2.470475117140791,2.18945310281514,0,2.18945310281514,-0.6549805113567719,-1.2795393992987099,28.364013779392092,2.470475117140791,373.3679367676107,800.3652225560936,2.470475117140791,"[-0.018507137921808692, -0.24557120564581503, -0.017193001391751842, 0.010154072831513261, 0.005853868294765026, 0.005450149871214648, -2.8182239474265093e-05, -1.306715259292296e-06]",0.0009765625,0.6549805113567719,16,0,0,0,0,0.007332,localPolishEndpoint
15,crossing,5,57,0,1.8720725467949706,2.18945310281514,0,2.18945310281514,-0.6549805113567719,-1.2338127341862373,28.409740444504568,1.8720725467949706,313.52767973302866,800.2276443978494,1.8720725467949706,"[-0.032525975491928705, -0.19639445493435392, -0.010506597323526125, -0.005246187597034435, 0.004843222098705463, 0.004275077750581849, -3.2879279386670755e-05, -1.5245011358439031e-06]",0.0009765625,0.6549805113567719,16,0,0,0,0,0.007084,localPolishEndpoint
15,crossing,5,58,0,1.6534940067048347,2.18945310281514,0,2.18945310281514,-0.6549805113567719,-1.2109494016300009,28.4326037770608,1.6534940067048347,291.66982572401514,800.1981604365416,1.6534940067048347,"[-0.03883356342792865, -0.1777893415567681, -0.007807498269150223, -0.011866112672121787, 0.004477707293388662, 0.0037707290811053477, -3.522779934287358e-05, -1.6333940741214414e-06]",0.0009765625,0.6549805113567719,16,0,0,0,0,0.007349,localPolishEndpoint
15,crossing,5,59,0,1.5692554697567238,2.18945310281514,0,2.18945310281514,-0.6549805113567719,-1.1995177353518827,28.444035443338922,1.5692554697567238,283.24597202920404,800.188944599673,1.5692554697567238,"[-0.041768749406060124, -0.17041830656941484, -0.006671462165595857, -0.014832957013199533, 0.004345747917593323, 0.0035599847787104993, -3.6402059320975e-05, -1.6878405432567412e-06]",0.0009765625,0.6549805113567719,16,0,0,0,0,0.007259,localPolishEndpoint
15,crossing,5,60,0,25.879081010005144,0.014434717569717037,0,0.014434717569717037,-1.012632814374992,-2.180204430407451,27.463348748283355,25.879081010005144,2876.2510790321035,221.1039201982538,25.879081010005144,"[-1.9265879641218149, -1.6596237595969223, -0.09108889679895463, -1.0339118763923842, 0.04033155581283727, 0.007710424356121186, 0.00011489023700495114, 3.2376675490955464e-07]",0.0009765625,1.012632814374992,17,0,0,0,0,0.027345,localConicEvaluation
15,crossing,5,61,0,21.938221609732597,0.014434717569717037,0,0.014434717569717037,-1.012632814374992,-2.7506462409108416,26.892906937779966,21.938221609732597,2482.1651390048487,225.56920147050118,21.938221609732597,"[-1.0545846315097052, -1.8487854057911584, -0.1341570719143233, -0.6052017335542192, 0.06671070927672954, 0.04030118580542658, 5.7445118501862196e-05, 1.618833770540562e-07]",0.0009765625,1.012632814374992,17,0,0,0,0,0.007384,localPolishEndpoint
15,crossing,5,62,0,19.441060174114835,0.014434717569717037,0,0.014434717569717037,-1.012632814374992,-2.885759082810188,26.757794095880616,19.441060174114835,2232.4489954430724,218.3680081670519,19.441060174114835,"[-0.9356358254646864, -1.652828654447261, -0.11146894437809489, -0.5879078646699547, 0.038317357126403655, -0.022053113482506166, 5.0264478689115234e-05, 1.4164795492793703e-07]",0.0009765625,1.012632814374992,17,0,0,0,0,0.007387,localPolishEndpoint
15,crossing,5,63,0,21.288530298289015,0.014434717569717037,0,0.014434717569717037,-1.012632814374992,-3.058367533253366,26.585185645437438,21.288530298289015,2417.19600786049,226.85246664822355,21.288530298289015,"[-0.8756819298768619, -1.8517748292618599, -0.13939800223981952, -0.5313160941423849, 0.04677304120580038, -0.021011167379260818, 4.712294877076459e-05, 1.3279495764823013e-07]",0.0009765625,1.012632814374992,17,0,0,0,0,0.007331,localPolishEndpoint
15,crossing,5,64,0,19.898041308658833,0.014434717569717037,0,0.014434717569717037,-1.012632814374992,-2.972063308031777,26.671489870659027,19.898041308658833,2278.147108897472,220.9897368691003,19.898041308658833,"[-0.9042027262399372, -1.7135172518518738, -0.11973363852700417, -0.5598226468514902, 0.03851926624425272, -0.021545242634981737, 4.869371372993991e-05, 1.3722145628808358e-07]",0.0009765625,1.012632814374992,17,0,0,0,0,0.007214,localPolishEndpoint
15,crossing,5,65,0,6.745174615728617,0.9123635469469419,0,0.9123635469469419,-0.7887989133803515,-1.3119524122449535,28.33160076644585,6.745174615728617,848.6335263069782,328.5847627442664,6.745174615728617,"[-0.5150240842238745, -0.4012176131069338, -0.02532538136662079, -0.274912320269852, 0.02003695431371811, -0.0006608464727486832, 5.744511850247623e-05, 1.6188337744263426e-07]",0.0009765625,0.7887989133803515,16,0,0,0,0,0.02675,localConicEvaluation
15,crossing,5,66,0,6.63569890884962,0.9123635469469419,0,0.9123635469469419,-0.7887989133803515,-1.6527165546727898,27.990836624018012,6.63569890884962,837.6859556190784,330.98778448968403,6.63569890884962,"[0.026558457778058653, -0.6205096720164408, -0.053599301819993686, 0.04365455014975694, 0.015721453157895894, 0.04145950595921803, 5.4386291477304116e-17, 1.491862189340054e-16]",0.0009765625,0.7887989133803515,16,0,0,0,0,0.007196,localPolishEndpoint
15,crossing,5,67,0,8.20718106863924,0.9123635469469419,0,0.9123635469469419,-0.7887989133803515,-1.670990161839495,27.972563016851307,8.20718106863924,994.8341715980405,332.80419306884255,8.20718106863924,"[0.0602462267579611, -0.7640177121957735, -0.06533406604330312, 0.07855029958500381, -9.659688407833735e-05, -0.005670849551650137, -2.3426759839430626e-17, 1.0408340855860843e-16]",0.0009765625,0.7887989133803515,16,0,0,0,0,0.007403,localPolishEndpoint
15,crossing,5,68,0,6.341761565509308,0.9123635469469419,0,0.9123635469469419,-0.7887989133803515,-1.6618533582561423,27.98169982043466,6.341761565509308,808.2922212850473,330.7730792846478,6.341761565509308,"[0.03416512256558235, -0.5938233659526978, -0.050618126927025504, 0.04730714268912095, 0.005423688093484829, 0.02207697812503831, 1.5479765818936745e-17, 1.2836953722228372e-16]",0.0009765625,0.7887989133803515,16,0,0,0,0,0.007161,localPolishEndpoint
15,crossing,5,69,0,14.765316369010224,0.9123635469469419,0,0.9123635469469419,-0.7887989133803515,-1.8471254379938211,27.79642774069698,14.765316369010224,1650.647701635139,348.26027075102377,14.765316369010224,"[-0.007509725253363797, -1.3755439596990602, -0.11932408394781631, 0.07442990822671014, -0.011303963412721855, 0.015124665228458357, 1.5595567677169932e-16, -3.469446951953614e-18]",0.0009765625,0.7887989133803515,16,0,0,0,0,0.007593,localPolishEndpoint
15,crossing,5,70,0,6.748709419114236,0.9123635469469419,0,0.9123635469469419,-0.7887989133803515,-1.7544893981249818,27.889063780565824,6.748709419114236,848.98700664554,331.3778767660316,6.748709419114236,"[0.04236599888126591, -0.6279278868381041, -0.05426878079901617, 0.06137735019501456, 0.0036828725708971254, 0.019033823690959285, 8.571772129531803e-17, 6.245004513516506e-17]",0.0009765625,0.7887989133803515,16,0,0,0,0,0.007223,localPolishEndpoint
15,crossing,5,71,0,6.1529761151473785,0.9123635469469419,0,0.9123635469469419,-0.7887989133803515,-1.708171378190562,27.93538180050024,6.1529761151473785,789.4136762488542,330.7112743610463,6.1529761151473785,"[0.034634480291430236, -0.5754106890647143, -0.04918325343487007, 0.04827378148078232, 0.005119267808389859, 0.02055337995066503, 5.059874355712739e-17, 9.71445146547012e-17]",0.0009765625,0.7887989133803515,16,0,0,0,0,0.007575,localPolishEndpoint
15,crossing,5,72,0,8.90227222883753,0.9123635469469419,0,0.9123635469469419,-0.7887989133803515,-1.8276349810030286,27.815918197687775,8.90227222883753,1064.3432876178695,334.787651866966,8.90227222883753,"[0.04400347763487389, -0.8349152759473694, -0.07037315864668059, 0.08195689431823716, -0.0018285983417413287, 0.01859252282214657, 5.4272774226253914e-17, 3.469446951953614e-18]",0.0009765625,0.7887989133803515,16,0,0,0,0,0.007325,localPolishEndpoint
15,crossing,5,73,0,6.169631862760159,0.9123635469469419,0,0.9123635469469419,-0.7887989133803515,-1.7679031795967952,27.875649999094012,6.169631862760159,791.0792510101323,330.7732584274781,6.169631862760159,"[0.036295131758301125, -0.5755867048100913, -0.04946425481285425, 0.05201979266867518, 0.003862077026601534, 0.019686960841497503, 5.2435758891690654e-17, 5.204170427930421e-17]",0.0009765625,0.7887989133803515,16,0,0,0,0,0.007572,localPolishEndpoint
15,crossing,5,74,0,6.0958047889363804,0.9123635469469419,0,0.9123635469469419,-0.7887989133803515,-1.7380372788936786,27.905515899797127,6.0958047889363804,783.6965436277545,330.67777093858484,6.0958047889363804,"[0.03484241754794226, -0.5695375687970236, -0.04878848167774136, 0.048997214550905, 0.004620213359820812, 0.020088661925638802, 5.151725122440902e-17, 7.28583859910259e-17]",0.0009765625,0.7887989133803515,16,0,0,0,0,0.00726,localPolishEndpoint
15,crossing,5,75,0,26.56592465300207,0.9123635469469419,0,0.9123635469469419,-0.7887989133803515,-2.094424687700883,27.549128490989926,26.56592465300207,2830.7085300343238,399.90800812188104,26.56592465300207,"[-0.26879538670498704, -2.434339639229718, -0.2193184867806914, -0.041578303608554634, -0.01599073142244262, 0.011820692141687131, 1.5894139204532382e-16, -1.5265566588595902e-16]",0.0009765625,0.7887989133803515,16,0,0,0,0,0.007715,localPolishEndpoint
15,crossing,5,76,0,12.400417093007732,0.9123635469469419,0,0.9123635469469419,-0.7887989133803515,-1.9162309832972808,27.727322195393523,12.400417093007732,1414.1577740348896,341.3550495781692,12.400417093007732,"[0.032219672407428845, -1.1450705552804954, -0.10159804885311736, 0.09274378164080765, -0.013238097749724323, 0.019076055991189677, 1.0522932163486641e-16, -4.163336342344337e-17]",0.0009765625,0.7887989133803515,16,0,0,0,0,0.007154,localPolishEndpoint
15,crossing,5,77,0,6.6625704713461795,0.9123635469469419,0,0.9123635469469419,-0.7887989133803515,-1.8271341310954798,27.81641904759533,6.6625704713461795,840.3731118687343,331.3854206663019,6.6625704713461795,"[0.041039354496874125, -0.6188281529593745, -0.05376024094961469, 0.06046900160668223, 0.0016272440566969418, 0.019449226355820644, 7.837328642963771e-17, 1.734723475976807e-17]",0.0009765625,0.7887989133803515,16,0,0,0,0,0.007366,localPolishEndpoint
15,crossing,5,78,0,6.001402599146561,0.9123635469469419,0,0.9123635469469419,-0.7887989133803515,-1.7825857049945792,27.860967473696224,6.001402599146561,774.2563246487725,330.7297707656235,6.001402599146561,"[0.034965085039466715, -0.5603878178940532, -0.048059826784820577, 0.049400147504155, 0.004236048801771444, 0.019529059534245816, 6.494526882702337e-17, 4.5102810375396984e-17]",0.0009765625,0.7887989133803515,16,0,0,0,0,0.007164,localPolishEndpoint
15,crossing,5,79,0,2.1057656426174507,1.560758993223074,0,1.560758993223074,-0.7202690665329816,-0.8778264031637049,28.765726775527103,2.1057656426174507,382.1640326985741,514.2441941263571,2.1057656426174507,"[-0.13257798838674262, -0.1636920738757992, -0.009644745645830214, -0.06841301682600154, 0.009139404445297927, 0.0023532211822123216, 2.8722559251238767e-05, 8.094168870917406e-08]",0.0009765625,0.7202690665329816,16,0,0,0,0,0.02707,localConicEvaluation
15,crossing,5,80,0,3.9348559369906173,1.560758993223074,0,1.560758993223074,-0.7202690665329816,-1.0151914874429504,28.628361691247857,3.9348559369906173,565.0730621358907,515.1680451747178,3.9348559369906173,"[0.029475191616633367, -0.35072704579063485, -0.03425615928261678, 0.04625482816519977, 0.008285495122539446, 0.015442145891954261, 1.74319380544935e-17, 7.632783294297951e-17]",0.0009765625,0.7202690665329816,16,0,0,0,0,0.00721,localPolishEndpoint
15,crossing,5,81,0,2.516329854748855,1.560758993223074,0,1.560758993223074,-0.7202690665329816,-0.9465089453033276,28.697044233387476,2.516329854748855,423.2204539117145,514.4867428229107,2.516329854748855,"[-0.052927547403477604, -0.23213091658817928, -0.019708571295579024, -0.01321540828011436, 0.007963726783542095, 0.0072010806805855206, 1.43612796256281e-05, 4.0470844391016225e-08]",0.0009765625,0.7202690665329816,16,0,0,0,0,0.007305,localPolishEndpoint
15,crossing,5,82,0,2.0991918748025817,1.560758993223074,0,1.560758993223074,-0.7202690665329816,-0.9121676742335162,28.73138550445729,2.0991918748025817,381.5066559170872,514.3222175845598,2.0991918748025817,"[-0.09380780854229442, -0.18409402067738964, -0.013315629120426354, -0.04250406667225626, 0.008098026490979033, 0.0037516303738111636, 2.1541919438433432e-05, 6.070626655182987e-08]",0.0009765625,0.7202690665329816,16,0,0,0,0,0.007011,localPolishEndpoint
15,crossing,5,83,0,17.696826925084014,1.560758993223074,0,1.560758993223074,-0.7202690665329816,-0.9365187983284268,28.707034380362376,17.696826925084014,1941.2701609452306,543.1853588000406,17.696826925084014,"[-0.09397723024572713, -1.6036117105028491, -0.15085245949621023, 0.06706002144273704, 0.018563481829330892, -0.01742740716948279, 1.0770959719533035e-05, 3.0353133236016294e-08]",0.0009765625,0.7202690665329816,16,0,0,0,0,0.007304,localPolishEndpoint
15,crossing,5,84,0,5.113314806905869,1.560758993223074,0,1.560758993223074,-0.7202690665329816,-0.9243432362809715,28.719209942409837,5.113314806905869,682.918949127416,515.7834785464411,5.113314806905869,"[-0.04117308010217613, -0.4571868918571327, -0.044715193346559295, 0.014932451510832223, 0.012687762994223556, 0.0020280387761487926, 1.6156439578983232e-05, 4.552969989218836e-08]",0.0009765625,0.7202690665329816,16,0,0,0,0,0.007165,localPolishEndpoint
15,crossing,5,85,0,2.4777313646742654,1.560758993223074,0,1.560758993223074,-0.7202690665329816,-0.9182554552572438,28.72529772343356,2.4777313646742654,419.3606049042556,514.6985760438876,2.4777313646742654,"[-0.07591565869256556, -0.22037444913035212, -0.019150746935791815, -0.029437290129390448, 0.010224566184840283, 0.004167788694700344, 1.8849179508708332e-05, 5.3117983223743837e-08]",0.0009765625,0.7202690665329816,16,0,0,0,0,0.007401,localPolishEndpoint
15,crossing,5,86,0,2.1060392899025215,1.560758993223074,0,1.560758993223074,-0.7202690665329816,-0.91521156474538,28.728341613945428,2.1060392899025215,382.1913974270812,514.5589355049209,2.1060392899025215,"[-0.08699236771688135, -0.1852111426760472, -0.014225397960732349, -0.03888465613958836, 0.008560545087959868, 0.0039607860390721795, 2.0195549473570883e-05, 5.691212488778685e-08]",0.0009765625,0.7202690665329816,16,0,0,0,0,0.00725,localPolishEndpoint
15,crossing,5,87,0,2.067191053629871,1.560758993223074,0,1.560758993223074,-0.7202690665329816,-0.9136896194894482,28.72986355920136,2.067191053629871,378.30657379981614,514.4545547836684,2.067191053629871,"[-0.09071536690244386, -0.18136747176591367, -0.013329175814598526, -0.0410572092552286, 0.0081046612653481, 0.0037780273281311713, 2.0868734456002158e-05, 5.880919571807364e-08]",0.0009765625,0.7202690665329816,16,0,0,0,0,0.00732,localPolishEndpoint
15,crossing,5,88,0,31.184838544086762,1.560758993223074,0,1.560758993223074,-0.7202690665329816,-1.0267624731547498,28.616790705536058,31.184838544086762,3290.071322845505,611.4966402629578,31.184838544086762,"[-0.4450993129723315, -2.8286520362165852, -0.25904783648613483, -0.05075474206032027, 0.015663339080417598, -0.04775297118201685, 1.0434367228171461e-05, 2.940459786424099e-08]",0.0009765625,0.7202690665329816,16,0,0,0,0,0.007227,localPolishEndpoint
15,crossing,5,89,0,10.1802477149466,1.560758993223074,0,1.560758993223074,-0.7202690665329816,-0.970226046322099,28.67332713236871,10.1802477149466,1189.612239931489,522.8432534715496,10.1802477149466,"[-0.03604705210752002, -0.928327110207023, -0.0856900818576856, 0.06474700682330159, 0.0073013293082294815, -0.009526884001113772, 1.565155084208681e-05, 4.410689679115731e-08]",0.0009765625,0.7202690665329816,16,0,0,0,0,0.007172,localPolishEndpoint
15,crossing,5,90,0,3.2888435449755504,1.560758993223074,0,1.560758993223074,-0.7202690665329816,-0.9419578329057735,28.701595345785034,3.2888435449755504,500.471822934384,514.8753356739521,3.2888435449755504,"[-0.0613287001096694, -0.3006898310165687, -0.026549512587327746, -0.008878906040857615, 0.008013505808102271, 0.00046832139000669193, 1.8260142649044484e-05, 5.1458046254615475e-08]",0.0009765625,0.7202690665329816,16,0,0,0,0,0.00728,localPolishEndpoint
15,crossing,5,91,0,2.176153747347495,1.560758993223074,0,1.560758993223074,-0.7202690665329816,-0.9278237261976109,28.715729452493196,2.176153747347495,389.20284317157854,514.6686126984556,2.176153747347495,"[-0.08163999731939953, -0.19401558415710393, -0.015237899174798935, -0.034096239773509396, 0.008134329402159326, 0.002702231342152722, 1.956443855252332e-05, 5.513362098807928e-08]",0.0009765625,0.7202690665329816,16,0,0,0,0,0.007262,localPolishEndpoint
15,crossing,5,92,0,2.046517783783002,1.560758993223074,0,1.560758993223074,-0.7202690665329816,-0.9207566728435295,28.722796505847274,2.046517783783002,376.23924681512926,514.5885266935773,2.046517783783002,"[-0.08729228044726511, -0.18009346342955912, -0.013441845550562962, -0.03911742722114475, 0.008005553087742005, 0.003418548181740457, 2.021658650426274e-05, 5.6971408351341735e-08]",0.0009765625,0.7202690665329816,16,0,0,0,0,0.007208,localPolishEndpoint
15,crossing,5,93,0,3.5858830498150542,1.560758993223074,0,1.560758993223074,-0.7202690665329816,-1.0539193897577204,28.58963378893308,3.5858830498150542,530.1757734183344,515.2802172985392,3.5858830498150542,"[-0.03810558312110146, -0.332661967306666, -0.029030043382589396, 0.012171687325622571, 0.005433042360630212, 0.0035110346091197617, 1.516243987833283e-05, 4.27285562522306e-08]",0.0009765625,0.7202690665329816,16,0,0,0,0,0.007351,localPolishEndpoint
15,crossing,5,94,0,2.3963322438900767,1.560758993223074,0,1.560758993223074,-0.7202690665329816,-0.9873380313006249,28.65621514739018,2.3963322438900767,411.22069282583664,514.7897863165877,2.3963322438900767,"[-0.06759997023097952, -0.21921690248068865, -0.01794990551325507, -0.021421814022712482, 0.007196422917756478, 0.003548526282093547, 1.7689513191297786e-05, 4.9849982301786167e-08]",0.0009765625,0.7202690665329816,16,0,0,0,0,0.007248,localPolishEndpoint
15,crossing,5,95,0,2.1381013582632176,1.560758993223074,0,1.560758993223074,-0.7202690665329816,-0.9540473520720771,28.68950582661873,2.1381013582632176,385.3976042631508,514.6864178698637,2.1381013582632176,"[-0.07869538935939602, -0.1917204318703648, -0.014961771858510994, -0.03211662701290052, 0.00767843889770234, 0.003493983017039386, 1.895304984778026e-05, 5.341069532482923e-08]",0.0009765625,0.7202690665329816,16,0,0,0,0,0.007134,localPolishEndpoint
15,crossing,5,96,0,2.0652619605339906,1.560758993223074,0,1.560758993223074,-0.7202690665329816,-0.9374020124578033,28.706151166233003,2.0652619605339906,378.1136644902281,514.6394316403623,2.0652619605339906,"[-0.08341052285861394, -0.18316561041060517, -0.013929358747123831, -0.03621826573401421, 0.007842265561741871, 0.00344038555949693, 1.9584818176021502e-05, 5.5191051839820204e-08]",0.0009765625,0.7202690665329816,16,0,0,0,0,0.007252,localPolishEndpoint
15,crossing,5,97,0,15.501760595736366,2.388088647789938,0,2.388088647789938,-0.43448471377654463,-1.8956682389140829,27.74788493977672,15.501760595736366,1623.2612772708833,949.878873538672,15.501760595736366,"[-0.3931540240704834, -1.77792346929771, -0.04593222778463979, -0.1285330352136267, -0.0009727477966082386, -0.00023348508018552038, 0.00017170042836484175, 1.3484580645879707e-06]",0.0009765625,0.43448471377654463,16,0,0,0,0,0.026976,localConicEvaluation
15,crossing,5,98,0,16.51890440575698,2.388088647789938,0,2.388088647789938,-0.43448471377654463,-2.00742192414422,27.636131254546587,16.51890440575698,1724.9756582729447,953.3068961674938,16.51890440575698,"[-0.3696762929292987, -1.8627503576081024, -0.05992542699944477, -0.09682630389362501, 0.002805564545046721, 0.003549226458008062, 0.00016633478997839989, 1.3063187500640672e-06]",0.0009765625,0.43448471377654463,16,0,0,0,0,0.007232,localPolishEndpoint
15,crossing,5,99,0,3.7388688422068688,2.2724066780833176,0,2.2724066780833176,-0.5101097158092978,-1.1696843164982695,28.473868862192536,3.7388688422068688,468.05747693988326,843.3126682476077,3.7388688422068688,"[-0.07971518805805289, -0.4301491459946982, -0.011903348336672087, -0.027045572840739496, 0.0027657669318919384, 0.0023601752748238303, 8.585021418242154e-05, 6.742290322818423e-07]",0.0009765625,0.5101097158092978,16,0,0,0,0,0.026546,localConicEvaluation
15,crossing,5,100,0,5.169604848987252,2.2724066780833176,0,2.2724066780833176,-0.5101097158092978,-1.3008255163437852,28.34272766234702,5.169604848987252,611.1310776179215,844.3522024560698,5.169604848987252,"[-0.0484938347877133, -0.5499173337824773, -0.028659723625250034, 0.011312079134810915, 0.006082484973477785, 0.006153719344397383, 7.511893740967641e-05, 5.899504032375047e-07]",0.0009765625,0.5101097158092978,16,0,0,0,0,0.007266,localPolishEndpoint
15,crossing,5,101,0,4.238931961396636,2.2724066780833176,0,2.2724066780833176,-0.5101097158092978,-1.2352549164210274,28.408298262269778,4.238931961396636,518.06378885886,843.6109791405163,4.238931961396636,"[-0.06649177506763948, -0.47174903941956353, -0.01834442435943587, -0.011653068966460012, 0.004031093833616963, 0.003956361783069037, 8.048457579604898e-05, 6.320897177579388e-07]",0.0009765625,0.5101097158092978,16,0,0,0,0,0.007208,localPolishEndpoint
15,crossing,5,102,0,3.9140253869075146,2.2724066780833176,0,2.2724066780833176,-0.5101097158092978,-1.2024696164596484,28.441083562231153,3.9140253869075146,485.57313140994785,843.4068886958139,3.9140253869075146,"[-0.07390307386270223, -0.4443056571886702, -0.014409594250885584, -0.020661820742715165, 0.0032427184053425992, 0.003005435474867391, 8.316739498923526e-05, 6.531593750198905e-07]",0.0009765625,0.5101097158092978,16,0,0,0,0,0.007144,localPolishEndpoint
15,crossing,5,103,0,1.115896915228894,2.1790029576615697,0,2.1790029576615697,-0.7234670666762602,-0.8066923552903629,28.83686082340044,1.115896915228894,264.3966904901781,781.856711019893,1.115896915228894,"[-0.019287454835570372, -0.12293565981517114, -0.005063437917349534, -0.0072620379669174895, 0.004422237513565113, 0.003637235395944477, 4.292510709121143e-05, 3.371145161287781e-07]",0.0009765625,0.7234670666762602,16,0,0,0,0,0.026993,localConicEvaluation
15,crossing,5,104,0,3.0568407493570957,2.1790029576615697,0,2.1790029576615697,-0.7234670666762602,-0.9659772041904467,28.67757597450036,3.0568407493570957,458.49107390299827,782.2157902889542,3.0568407493570957,"[0.0208973238950918, -0.2808853008698017, -0.02496729338324834, 0.042550458672385716, 0.006082177136425286, 0.0065403059898370254, 2.1462553545587323e-05, 1.6855725808520572e-07]",0.0009765625,0.7234670666762602,16,0,0,0,0,0.007303,localPolishEndpoint
15,crossing,5,105,0,1.7772655932784673,2.1790029576615697,0,2.1790029576615697,-0.7234670666762602,-0.8863347797404049,28.757218398950403,1.7772655932784673,330.53355829513544,781.8756112509113,1.7772655932784673,"[-0.003407531760522886, -0.17652949338569804, -0.012474938051212739, 0.011564188367556127, 0.004888395668547083, 0.004751117260166222, 3.219383031839937e-05, 2.528358871087266e-07]",0.0009765625,0.7234670666762602,16,0,0,0,0,0.007101,localPolishEndpoint
15,crossing,5,106,0,1.3482124562999356,2.1790029576615697,0,2.1790029576615697,-0.7234670666762602,-0.8465135675153839,28.797039611175418,1.3482124562999356,287.6282445972822,781.8503334646764,1.3482124562999356,"[-0.012485242983672151, -0.14159232627726637, -0.0079270660205788, 0.00044032507088509476, 0.004503852715026084, 0.004025172993817294, 3.75594687048054e-05, 2.9497520161875235e-07]",0.0009765625,0.7234670666762602,16,0,0,0,0,0.00747,localPolishEndpoint
15,crossing,5,107,0,1.1894018014914005,2.1790029576615697,0,2.1790029576615697,-0.7234670666762602,-0.8266029614028734,28.81695021728793,1.1894018014914005,271.7471791164287,781.8550802356385,1.1894018014914005,"[-0.016384131165445126, -0.12854327191025147, -0.006106944565182745, -0.004171149605678437, 0.004389163799243361, 0.0037394687492878363, 4.024228789800842e-05, 3.160448588737652e-07]",0.0009765625,0.7234670666762602,16,0,0,0,0,0.007944,localPolishEndpoint
15,crossing,5,108,0,1.127995930797125,2.1790029576615697,0,2.1790029576615697,-0.7234670666762602,-0.8166476583466181,28.826905520344187,1.127995930797125,265.6065920470012,781.8589529455359,1.127995930797125,"[-0.018137550279405446, -0.12348679056324897, -0.005352164160739143, -0.006177925020622865, 0.004362735617774033, 0.003631317921448306, 4.158369749460992e-05, 3.2657968750127164e-07]",0.0009765625,0.7234670666762602,16,0,0,0,0,0.007222,localPolishEndpoint
15,crossing,5,109,0,12.145848936374946,2.3670606034598944,0,2.3670606034598944,-0.24996203498181147,-2.2737899955029164,27.36976318318789,12.145848936374946,1246.4329983154128,954.6824340228769,12.145848936374946,"[-0.3613605540449143, -1.366191889781132, -0.03696553819935657, -0.13717309403645572, -0.0010155467903755228, -0.0001793588088191663, -0.00010988773518080676, -8.861181444060062e-06]",0.0009765625,0.24996203498181147,16,0,0,0,0,0.026755,localConicEvaluation
15,crossing,5,110,0,14.002434337938475,2.3670606034598944,0,2.3670606034598944,-0.24996203498181147,-2.4033119290164295,27.240241249674373,14.002434337938475,1432.0915384717657,959.4277840862219,14.002434337938475,"[-0.3217015898185309, -1.523060997028938, -0.062173562653246396, -0.08717366191619824, 0.00619957635575765, 0.006212648934475089, -0.00010301975173194416, -8.30735760376164e-06]",0.0009765625,0.24996203498181147,16,0,0,0,0,0.007269,localPolishEndpoint
15,crossing,5,111,0,12.781134453297193,2.3670606034598944,0,2.3670606034598944,-0.24996203498181147,-2.338550962259673,27.30500221643113,12.781134453297193,1309.9615500076375,956.2117635176689,12.781134453297193,"[-0.34229222053453157, -1.4198026842105305, -0.04654204950945499, -0.11503818460764847, 0.0016097254071700776, 0.0025327666137688275, -0.00010645374345637546, -8.584269523912585e-06]",0.0009765625,0.24996203498181147,16,0,0,0,0,0.007118,localPolishEndpoint
15,crossing,5,112,0,3.2068839072410724,2.3036666498257032,0,2.3036666498257032,-0.3569005392935123,-1.5402411753966396,28.103312003294167,3.2068839072410724,370.322099165431,883.8943587742795,3.2068839072410724,"[-0.08210781039720416, -0.36548672650157144, -0.00990825838171838, -0.031850997631904576, 0.0020661895055198607, 0.0017733512571760125, -3.348131404479767e-05, -4.262033463965642e-06]",0.0009765625,0.3569005392935123,16,0,0,0,0,0.026777,localConicEvaluation
15,crossing,5,113,0,4.197285655606876,2.3036666498257032,0,2.3036666498257032,-0.3569005392935123,-1.6296501110761628,28.013903067614645,4.197285655606876,469.3622740020114,884.3947151631394,4.197285655606876,"[-0.05718348919629079, -0.44788163742334175, -0.022497118363399356, -0.0035537856310092764, 0.004863336663754152, 0.004752698550834779, -2.9296149789259604e-05, -3.7292792809569264e-06]",0.0009765625,0.3569005392935123,16,0,0,0,0,0.007314,localPolishEndpoint
15,crossing,5,114,0,3.553711957614206,2.3036666498257032,0,2.3036666498257032,-0.3569005392935123,-1.5849456432364013,28.058607535454403,3.553711957614206,405.00490420274434,884.0407095145288,3.553711957614206,"[-0.07089777302979883, -0.39438277337859223, -0.014812171662857192, -0.01979155602800553, 0.0031067409467698415, 0.003021330144080404, -3.138873191702864e-05, -3.9956563724595495e-06]",0.0009765625,0.3569005392935123,16,0,0,0,0,0.007279,localPolishEndpoint
15,crossing,5,115,0,3.315371693487279,2.3036666498257032,0,2.3036666498257032,-0.3569005392935123,-1.5625934093165204,28.080959769374285,3.315371693487279,381.17087779005163,883.9369184735707,3.315371693487279,"[-0.07717208139397513, -0.3741105184763062, -0.011715638200527817, -0.026921243640236625, 0.002432326155858974, 0.0022493451916776354, -3.243502298091315e-05, -4.1288449182143305e-06]",0.0009765625,0.3569005392935123,16,0,0,0,0,0.007183,localPolishEndpoint
15,crossing,5,116,0,1.470650431006405,2.2501332736260045,0,2.2501332736260045,-0.5357554635046993,-1.1734667653435014,28.470086413347307,1.470650431006405,242.3020327514954,839.5447307172633,1.470650431006405,"[-0.031862850756894545, -0.1653928442226817, -0.005521261248893666, -0.012174086874574996, 0.003317083139837555, 0.0027165797550005822, 4.72189652320688e-06, -1.962459473918432e-06]",0.0009765625,0.5357554635046993,16,0,0,0,0,0.026749,localConicEvaluation
15,crossing,5,117,0,2.430689829224271,2.2501332736260045,0,2.2501332736260045,-0.5357554635046993,-1.265632856766339,28.377920321924467,2.430689829224271,338.30597257328196,839.658968525664,2.430689829224271,"[-0.009004945386699603, -0.24308113786766866, -0.0166945363204354, 0.014191925188857368, 0.005004542480472628, 0.004833552066614977, 3.541422392409065e-06, -1.4718446054370893e-06]",0.0009765625,0.5357554635046993,16,0,0,0,0,0.007296,localPolishEndpoint
15,crossing,5,118,0,1.8080573328382763,2.2501332736260045,0,2.2501332736260045,-0.5357554635046993,-1.2195498110549203,28.424003367635887,1.8080573328382763,276.0427229346825,839.5571040711131,1.8080573328382763,"[-0.02185995387562656, -0.19276630461013206, -0.009867938178744401, -0.0011845076594969584, 0.0038936604809352896, 0.003575493998879873, 4.131659457807972e-06, -1.7171520396777606e-06]",0.0009765625,0.5357554635046993,16,0,0,0,0,0.007222,localPolishEndpoint
15,crossing,5,119,0,1.580738606469948,2.2501332736260045,0,2.2501332736260045,-0.5357554635046993,-1.1965082881992108,28.447044890491593,1.580738606469948,253.3108502978497,839.5467065054376,1.580738606469948,"[-0.027493217244249024, -0.17403790373839695, -0.007151314809510151, -0.007662178571571587, 0.0034881805575210866, 0.0030281396595190396, 4.426777990507427e-06, -1.8398057567980963e-06]",0.0009765625,0.5357554635046993,16,0,0,0,0,0.007195,localPolishEndpoint
15,crossing,5,120,0,1.4922385954780444,2.2501332736260045,0,2.2501332736260045,-0.5357554635046993,-1.184987526771356,28.458565651919447,1.4922385954780444,244.46084919865933,839.5470587781383,1.4922385954780444,"[-0.03008040060031192, -0.16664066455347673, -0.0060114180853971895, -0.010541880269371973, 0.0033375090607475648, 0.0027936307700924144, 4.574337256857153e-06, -1.9011326153582642e-06]",0.0009765625,0.5357554635046993,16,0,0,0,0,0.007339,localPolishEndpoint
15,crossing,5,121,0,16.050107869023844,2.3526324487511454,0,2.3526324487511454,-0.09790022105090945,-3.0369035386730205,26.606649640017782,16.050107869023844,1614.8008090074754,998.4587801320089,16.050107869023844,"[-0.5386606827559106, -1.7437602199516442, -0.05625742044517409, -0.20474356259078164, -0.0015429807823823883, -0.0006576707140826284, -0.00015306388160248952, -9.068080416500812e-06]",0.0009765625,0.09790022105090945,16,0,0,0,0,0.02684,localConicEvaluation
15,crossing,5,122,0,18.205890280084173,2.3526324487511454,0,2.3526324487511454,-0.09790022105090945,-3.162123671951916,26.481429506738888,18.205890280084173,1830.3790501135084,1005.5552360202403,18.205890280084173,"[-0.49498062130024323, -1.9236271005807704, -0.08699513635703005, -0.1491194293270528, 0.00860443639678162, 0.006788413794767549, -0.00014349738900230956, -8.501325390441322e-06]",0.0009765625,0.09790022105090945,16,0,0,0,0,0.007467,localPolishEndpoint
15,crossing,5,123,0,16.768252803991547,2.3526324487511454,0,2.3526324487511454,-0.09790022105090945,-3.099513605312468,26.54403957337834,16.768252803991547,1686.6153025042458,1000.7077327826682,16.768252803991547,"[-0.5161347268109964, -1.8037869582336405, -0.0678039469007406, -0.17900083608037676, 0.00216040578285446, 0.0025878317720072954, -0.00014828063530239954, -8.784702903472802e-06]",0.0009765625,0.09790022105090945,16,0,0,0,0,0.007211,localPolishEndpoint
15,crossing,5,124,0,3.89605849561102,2.316798404456768,0,2.316798404456768,-0.1805547199587172,-2.105185152008261,27.538368026682544,3.89605849561102,407.66132155697375,919.873538036873,3.89605849561102,"[-0.11041193246543912, -0.43843087001377357, -0.012306671725782004, -0.04409619692587974, 0.001400357246945104, 0.0011879115470878553, -7.417099253964131e-05, -5.515269945209622e-06]",0.0009765625,0.1805547199587172,16,0,0,0,0,0.026946,localConicEvaluation
15,crossing,5,125,0,5.014604350677284,2.316798404456768,0,2.316798404456768,-0.1805547199587172,-2.1896966660347648,27.453856512656042,5.014604350677284,519.5159070636001,920.6133353983021,5.014604350677284,"[-0.08162312455873888, -0.5305546294112353, -0.02724684825430961, -0.012486258278793017, 0.005471009473864511, 0.004901097262767412, -6.489961847222903e-05, -4.825861201967346e-06]",0.0009765625,0.1805547199587172,16,0,0,0,0,0.007347,localPolishEndpoint
15,crossing,5,126,0,4.278126867782723,2.316798404456768,0,2.316798404456768,-0.1805547199587172,-2.147440909021513,27.496112269669293,4.278126867782723,445.8681587741441,920.0989378790025,4.278126867782723,"[-0.09710695634706923, -0.47006721605445106, -0.018048223358535828, -0.030302818802686815, 0.0028940270842999485, 0.0027458428490902977, -6.953530550593517e-05, -5.170565573590219e-06]",0.0009765625,0.1805547199587172,16,0,0,0,0,0.007246,localPolishEndpoint
15,crossing,5,127,0,4.003355812746072,2.316798404456768,0,2.316798404456768,-0.1805547199587172,-2.126313030514887,27.51724014817592,4.003355812746072,418.39105327047895,919.9366453606738,4.003355812746072,"[-0.10454472626855704, -0.4467403654221579, -0.014315398651049832, -0.03854323389637848, 0.0019108331138828992, 0.001763919230728199, -7.185314902278824e-05, -5.342917759398186e-06]",0.0009765625,0.1805547199587172,16,0,0,0,0,0.007251,localPolishEndpoint
15,crossing,5,128,0,1.8353976222403507,2.2878496001063398,0,2.2878496001063398,-0.3527171958281483,-1.6393259586758813,28.004227220014922,1.8353976222403507,227.08458384384264,884.8070092931058,1.8353976222403507,"[-0.045631451061112216, -0.20717357287313928, -0.0062548863449676355, -0.017905843146099443, 0.002451261884621185, 0.0019960074112651614, -3.4724548008217216e-05, -3.738864709564027e-06]",0.0009765625,0.3527171958281483,16,0,0,0,0,0.026867,localConicEvaluation
15,crossing,5,129,0,3.035922054458553,2.2878496001063398,0,2.2878496001063398,-0.3527171958281483,-1.7336438115486033,27.909909367142202,3.035922054458553,347.13702706566283,885.0702798065806,3.035922054458553,"[-0.017175826387585857, -0.30338671201730844, -0.02084186749594264, 0.014014119631090338, 0.005601026787795282, 0.00512646849609601, -2.604341100617218e-05, -2.80414853220598e-06]",0.0009765625,0.3527171958281483,16,0,0,0,0,0.007261,localPolishEndpoint
15,crossing,5,130,0,2.2535676239901727,2.2878496001063398,0,2.2878496001063398,-0.3527171958281483,-1.6864848851122423,27.957068293578562,2.2535676239901727,268.90158401882485,884.8622309014302,2.2535676239901727,"[-0.032807133357621865, -0.24104345353874007, -0.011915676802932183, -0.004226047006831379, 0.0035815734206752067, 0.003311955150356028, -3.0383979507194698e-05, -3.2715066208867383e-06]",0.0009765625,0.3527171958281483,16,0,0,0,0,0.007237,localPolishEndpoint
15,crossing,5,131,0,1.9678297761516508,2.2878496001063398,0,2.2878496001063398,-0.3527171958281483,-1.6629054218940618,27.980647756796746,1.9678297761516508,240.32779923497262,884.8233682956322,1.9678297761516508,"[-0.03996445423681649, -0.21758376186599515, -0.008353037693573465, -0.012256234504160801, 0.002830243583645537, 0.002493501571417301, -3.255426375770596e-05, -3.505185665223648e-06]",0.0009765625,0.3527171958281483,16,0,0,0,0,0.007172,localPolishEndpoint
15,crossing,5,132,0,1.8584842336531353,2.2878496001063398,0,2.2878496001063398,-0.3527171958281483,-1.6511156902849715,27.99243748840583,1.8584842336531353,229.39324498512107,884.8137209652755,1.8584842336531353,"[-0.04329695742286077, -0.20840036353851996, -0.006872694852635724, -0.015869090126164664, 0.0025436145104774884, 0.00213798610603991, -3.363940588296159e-05, -3.6220251873955722e-06]",0.0009765625,0.3527171958281483,16,0,0,0,0,0.007245,localPolishEndpoint
15,crossing,5,133,0,38.380479795496456,2.3649927446565133,0,2.3649927446565133,0.05260552464520552,-4.205464485636192,25.438088693054613,38.380479795496456,3838.047979549646,1229.7029781647009,38.380479795496456,"[-1.3587531391191803, -3.973717654763163, -0.1711576629240617, -0.43935241882021536, -0.00262963828262069, -0.0012968421612893153, -0.00014312366432701418, -1.0413609469968332e-05]",0.0009765625,0,1,0,0,0,0,0.026903,localConicEvaluation
15,crossing,5,134,0,42.45870617755456,2.3649927446565133,0,2.3649927446565133,0.05260552464520552,-4.376631626146231,25.266921552544577,42.45870617755456,4245.870617755456,1259.8361038516969,42.45870617755456,"[-1.3396299669588743, -4.289351067085341, -0.2287964382596592, -0.3567605353432608, 0.016560781525174106, 0.009525265258297793, -0.00013417843530655335, -9.762758877984723e-06]",0.0009765625,0,1,0,0,0,0,0.007322,localPolishEndpoint
15,crossing,5,135,0,39.88084953815819,2.3649927446565133,0,2.3649927446565133,0.05260552464520552,-4.291048055891211,25.352505122799595,39.88084953815819,3988.0849538158186,1239.8892185657241,39.88084953815819,"[-1.3387805254622833, -4.086878763541882, -0.19497725529422819, -0.39526438724979407, 0.006033950996352958, 0.004711559281339013, -0.00013865104981678378, -1.0088184173976528e-05]",0.0009765625,0,1,0,0,0,0,0.007245,localPolishEndpoint
15,crossing,5,136,0,6.6837798104640775,2.337187505477961,0,2.337187505477961,-0.016435550110616808,-2.9223952221560365,26.72115795653477,6.6837798104640775,670.0215360574695,962.5953139604865,6.6837798104640775,"[-0.18009096083210352, -0.7474643536835059, -0.022875187861134034, -0.0718248556557608, 0.0009574966055612232, 0.0007535743985280558, -8.892410616761569e-05, -7.07623708976618e-06]",0.0009765625,0.016435550110616808,16,0,0,0,0,0.026643,localConicEvaluation
15,crossing,5,137,0,8.7743991455129,2.337187505477961,0,2.337187505477961,-0.016435550110616808,-3.025947566510964,26.61760561217984,8.7743991455129,879.0834695623516,965.2875019547371,8.7743991455129,"[-0.13929124498633882, -0.9135355818861074, -0.050709373559424786, -0.024018971010047352, 0.010341658499499709, 0.007329424621538424, -7.78085928966157e-05, -6.191707453629541e-06]",0.0009765625,0.016435550110616808,16,0,0,0,0,0.007218,localPolishEndpoint
15,crossing,5,138,0,7.393911032862946,2.337187505477961,0,2.337187505477961,-0.016435550110616808,-2.9741713943335,26.669381784357302,7.393911032862946,741.0346582973564,963.4104225152225,7.393911032862946,"[-0.16011754916557663, -0.8039228506395867, -0.033399484035056284, -0.0498962428492149, 0.004355481292586973, 0.0036421946492712857, -8.33663495321157e-05, -6.633972271699595e-06]",0.0009765625,0.016435550110616808,16,0,0,0,0,0.007269,localPolishEndpoint
15,crossing,5,139,0,6.882828334290566,2.337187505477961,0,2.337187505477961,-0.016435550110616808,-2.9482833082447684,26.695269870446037,6.882828334290566,689.9263884401183,962.8059376234232,6.882828334290566,"[-0.17108177670365876, -0.7621525180482885, -0.026486761476439205, -0.0628773285129629, 0.002110916160464804, 0.0018393453404930544, -8.61452278498657e-05, -6.8551046807328875e-06]",0.0009765625,0.016435550110616808,16,0,0,0,0,0.007433,localPolishEndpoint
15,crossing,5,140,0,2.6708585960099085,2.31563022595479,0,2.31563022595479,-0.13658896604729143,-2.280860590415959,27.362692588274843,2.6708585960099085,280.74475620571997,928.4355921913838,2.6708585960099085,"[-0.06768072059581698, -0.3019533813578355, -0.0088252175082956, -0.02713869139944336, 0.0017941985395704618, 0.0014319353164981678, -6.182432708791645e-05, -5.407550899665103e-06]",0.0009765625,0.13658896604729143,16,0,0,0,0,0.026658,localConicEvaluation
15,crossing,5,141,0,4.5146279786590675,2.31563022595479,0,2.31563022595479,-0.13658896604729143,-2.3852713265975765,27.25828185209323,4.5146279786590675,465.12169447063593,929.273288328915,4.5146279786590675,"[-0.02941882830972986, -0.4465908744672258, -0.031807242307437936, 0.01610755313650536, 0.008402985416855713, 0.006600362409794539, -4.636824531596318e-05, -4.0556631746672955e-06]",0.0009765625,0.13658896604729143,16,0,0,0,0,0.007333,localPolishEndpoint
15,crossing,5,142,0,3.307123293426474,2.31563022595479,0,2.31563022595479,-0.13658896604729143,-2.3330659585067677,27.31048722018404,3.307123293426474,344.37122594737656,928.6510057363041,3.307123293426474,"[-0.04977313471838585, -0.3524521777546486, -0.0176316260940371, -0.00788349626407836, 0.004172373525343094, 0.0036796201717083673, -5.409628620193982e-05, -4.731607037164465e-06]",0.0009765625,0.13658896604729143,16,0,0,0,0,0.00726,localPolishEndpoint
15,crossing,5,143,0,2.8685706328606075,2.31563022595479,0,2.31563022595479,-0.13658896604729143,-2.306963274461363,27.336589904229445,2.8685706328606075,300.51595989078993,928.5003630986944,2.8685706328606075,"[-0.05967479641551421, -0.3171439438050119, -0.012036358234969517, -0.019116188020536384, 0.0026173593126643225, 0.0023025978968613478, -5.796030664492813e-05, -5.069578968414784e-06]",0.0009765625,0.13658896604729143,16,0,0,0,0,0.00722,localPolishEndpoint
15,crossing,5,144,0,2.7037003140116136,2.31563022595479,0,2.31563022595479,-0.13658896604729143,-2.293911932438661,27.349641246252144,2.7037003140116136,284.0289280058905,928.4529364754437,2.7037003140116136,"[-0.06436761188653861, -0.303535145014813, -0.009752920128877152, -0.024258338583697636, 0.00202741521800806, 0.0016973968492664188, -5.98923168664223e-05, -5.2385649340416784e-06]",0.0009765625,0.13658896604729143,16,0,0,0,0,0.007318,localPolishEndpoint
15,crossing,5,145,0,7.8377806872061155,0.2676222449077602,0,0.2676222449077602,-0.9584443536584244,-2.2160893774837493,27.427463801207058,7.8377806872061155,1062.0968105378797,171.10412572480067,7.8377806872061155,"[-0.30933017446098887, 0.766885864374197, 0.0019446251827895105, -0.493613123755825, 0.051579654274183685, 0.0010240654639789139, 0.00011478354947926573, 3.91248330754157e-07]",0.0009765625,0.9584443536584244,17,0,0,0,0,0.027284,localConicEvaluation
15,crossing,5,146,0,7.852875248653969,0.2676222449077602,0,0.2676222449077602,-0.9584443536584244,-2.181041822933478,27.462511355757325,7.852875248653969,1063.606266682665,169.1588988910951,7.852875248653969,"[-0.37473252502154253, -0.573360502046534, -0.04832169788347588, -0.397947725013001, 0.020455751518498187, 0.02557828834977734, -1.7982848283387698e-16, -8.673617379884035e-17]",0.0009765625,0.9584443536584244,17,0,0,0,0,0.00737,localPolishEndpoint
15,crossing,5,147,0,4.338687433399244,0.2676222449077602,0,0.2676222449077602,-0.9584443536584244,-2.1985656002086134,27.444987578482195,4.338687433399244,712.1874851571926,163.15909336794837,4.338687433399244,"[-0.2505562426009931, -0.06774790154766022, -0.035815555003459995, -0.3462563133991896, 0.03323184281208828, 0.008291518571472778, 5.739177473954295e-05, 1.9562416533197569e-07]",0.0009765625,0.9584443536584244,17,0,0,0,0,0.007376,localPolishEndpoint
15,crossing,5,148,0,0.9584443536584244,0.2676222449077602,0,0.2676222449077602,-0.9584443536584244,-2.261870317066709,27.381682861624096,0.5784725758471683,336.165999401985,162.86376456652758,0.5784725758471683,"[-0.01421624105267938, 0.034080360554717554, 0.006664990071704295, -0.024865347455159892, -0.0022420329744179484, -0.0010846771077998633, 4.47911022508074e-18, 1.734723475976807e-17]",0.0009765625,0.9584443536584244,17,0,0,0,0,0.007178,localPolishEndpoint
15,crossing,5,149,0,0.9584443536584244,0.2676222449077602,0,0.2676222449077602,-0.9584443536584244,-2.261902759257839,27.38165041943297,0.0030246090998772525,278.6212027272559,162.74499607067884,0.0030246090998772525,"[-0.0002674735980008336, -0.00012567321437847672, 1.8939749221662934e-05, -0.00034344720124579453, -6.586320971925489e-05, -3.294037647304028e-06, -6.877447291519577e-19, 0]",0.0009765625,0.9584443536584244,17,0,0,0,0,0.007268,localPolishEndpoint
15,crossing,5,150,0,0.9584443536584244,0.2676222449077602,0,0.2676222449077602,-0.9584443536584244,-2.261961517235264,27.38159166145554,0,278.3187418172682,162.74403070531955,-0.0009761899760743052,"[-7.714483274412487e-09, 3.0390902381250766e-08, 2.617220115877494e-09, -1.846417774231668e-08, 4.94281192032831e-09, 4.921946558137791e-09, 1.0232964944362418e-20, 0]",0.0009765625,0.9584443536584244,17,0,0,0,0,0.007303,localPolishEndpoint
15,crossing,5,151,0,2.959599123222433,1.4824375574962707,0,1.4824375574962707,-0.4734967400604313,-1.9277076680798153,27.715845510610986,2.959599123222433,372.03911237261036,508.6857979217692,2.959599123222433,"[0.11279334683062103, 0.3641336828091748, -0.0010028049424267032, -0.06960809952781943, 0.02348327916579249, -0.002825930362288801, 4.002950073552426e-05, -1.673808189404935e-06]",0.0009765625,0.4734967400604313,16,0,0,0,0,0.026925,localConicEvaluation
15,crossing,5,152,0,10.495417179433133,1.4824375574962707,0,1.4824375574962707,-0.4734967400604313,-1.7357775497019357,27.90777562898887,10.495417179433133,1125.6209179936805,519.5027758368863,10.495417179433133,"[-0.31565152208132474, -0.9460389157514352, -0.07241440566391322, -0.28658578788577493, 0.014728093533172499, 0.05796879138624174, 2.3647127008266655e-16, -2.0816681711721685e-17]",0.0009765625,0.4734967400604313,16,0,0,0,0,0.007502,localPolishEndpoint
15,crossing,5,153,0,4.868326126433944,1.4824375574962707,0,1.4824375574962707,-0.4734967400604313,-1.8317426088908755,27.811810569799928,4.868326126433944,562.9118126937615,508.773557922937,4.868326126433944,"[-0.008982259577877016, -0.4054450438444522, -0.0472504707687393, -0.07702299193043771, 0.01647302522315626, 0.012800108640923067, 2.0014750367880365e-05, -8.369040947128759e-07]",0.0009765625,0.4734967400604313,16,0,0,0,0,0.007231,localPolishEndpoint
15,crossing,5,154,0,1.0270707807146389,1.4824375574962707,0,1.4824375574962707,-0.4734967400604313,-1.8797251384853455,27.763828040205457,1.0270707807146389,178.78627812183097,506.6576601553222,1.0270707807146389,"[0.08048270440853145, 0.10178270579575639, -0.015297640746245834, -0.051981586773566235, 0.019414555997993552, 0.0016012358418256445, 3.0022125551702313e-05, -1.2553561420589054e-06]",0.0009765625,0.4734967400604313,16,0,0,0,0,0.007241,localPolishEndpoint
15,crossing,5,155,0,0.7444385119439388,1.4824375574962707,0,1.4824375574962707,-0.4734967400604313,-1.7950172948713283,27.848535883819476,0.7444385119439388,150.52305124476098,507.14353745814697,0.7444385119439388,"[-0.027232907026267128, -0.0640936979574626, -0.0045635655208552395, -0.031054309258173873, 0.0027027020201753583, 0.0055087578570225185, -1.054386612742153e-17, 6.938893903907228e-18]",0.0009765625,0.4734967400604313,16,0,0,0,0,0.007233,localPolishEndpoint
15,crossing,5,156,0,0.4734967400604313,1.4824375574962707,0,1.4824375574962707,-0.4734967400604313,-1.8007573194439495,27.84279585924686,0.022258412771517615,78.30504132751884,506.96523891547747,0.022258412771517615,"[-0.0006704924711939952, 0.001924624665127951, 0.00017873297137507675, -0.0007746504479779759, 8.363335106142008e-06, 0.00027142781035639275, -1.427450957572e-17, 0]",0.0009765625,0.4734967400604313,16,0,0,0,0,0.007705,localPolishEndpoint
15,crossing,5,157,0,0.4734967400604313,1.4824375574962707,0,1.4824375574962707,-0.4734967400604313,-1.8009769535957338,27.84257622509507,0,76.07920005036708,506.96465262604613,-0.0009703297683711441,"[-4.2238261244165187e-07, 5.0563279986758576e-08, 3.655730517915619e-08, -4.424931852042846e-07, 3.519144213313147e-08, 3.001392143229239e-07, -1.0758321719846734e-19, 0]",0.0009765625,0.4734967400604313,16,0,0,0,0,0.007316,localPolishEndpoint
15,crossing,5,158,0,46.6127392099711,2.243645536647204,0,2.243645536647204,0.27686063451239074,-4.691493587032964,24.95205959165784,46.6127392099711,4661.2739209971105,1283.3314602340918,46.6127392099711,"[-1.7386251924961513, -4.686966506660977, -0.2303489153294868, -0.4636129871704959, -0.00039329605523402017, 0.004297441383935242, -0.00010720943840883412, -1.4322742448918957e-05]",0.0009765625,0,1,0,0,0,0,0.027004,localConicEvaluation
15,crossing,5,159,0,51.62510753786118,2.243645536647204,0,2.243645536647204,0.27686063451239074,-4.747012583118471,24.896540595572336,51.62510753786118,5162.510753786119,1304.22140694035,51.62510753786118,"[-1.8063073458843277, -4.937098854335198, -0.3177267720004879, -0.4716132255540266, 0.043166304818366134, 0.025953976518586636, -8.040707880651279e-05, -1.0742056836602482e-05]",0.0009765625,0,1,0,0,0,0,0.007805,localPolishEndpoint
15,crossing,5,160,0,45.978942132609774,2.243645536647204,0,2.243645536647204,0.27686063451239074,-4.719253085075717,24.924300093615084,45.978942132609774,4597.894213260977,1261.228369489001,45.978942132609774,"[-1.6903898101007542, -4.542345626725365, -0.2459876298433059, -0.4539630935510228, 0.010191064547849385, 0.009314727364531565, -9.380825860767345e-05, -1.2532399642758985e-05]",0.0009765625,0,1,0,0,0,0,0.007349,localPolishEndpoint
15,crossing,5,161,0,51.39433526271048,2.243645536647204,0,2.243645536647204,0.27686063451239074,-4.899510605625164,24.744042573065638,51.39433526271048,5139.433526271047,1306.2395461493911,51.39433526271048,"[-1.6844752879493896, -4.949243526775917, -0.3217500458639668, -0.36353932058670324, 0.04597248392673356, 0.04083111071708664, -8.208222628172863e-05, -1.0965849687360335e-05]",0.0009765625,0,1,0,0,0,0,0.007319,localPolishEndpoint
15,crossing,5,162,0,48.26972026545689,2.243645536647204,0,2.243645536647204,0.27686063451239074,-4.80938184535044,24.83417133334036,48.26972026545689,4826.972026545689,1277.6205072211742,48.26972026545689,"[-1.673456368672916, -4.706176555528516, -0.28177515329756, -0.40002946949843654, 0.024067148430160907, 0.01943240108409418, -8.794524244470103e-05, -1.1749124665057925e-05]",0.0009765625,0,1,0,0,0,0,0.007325,localPolishEndpoint
15,crossing,5,163,0,46.494722276479045,2.243645536647204,0,2.243645536647204,0.27686063451239074,-4.764317465213079,24.879235713477723,46.494722276479045,4649.472227647904,1263.0641760738347,46.494722276479045,"[-1.6701931800955947, -4.5700796665485806, -0.25783712933068414, -0.42785978583151696, 0.01457061841863273, 0.012084952831707609, -9.087675052618725e-05, -1.214076215391019e-05]",0.0009765625,0,1,0,0,0,0,0.007244,localPolishEndpoint
15,crossing,5,164,0,6.390088790340866,1.9972815641909099,0,1.9972815641909099,-0.03356135417376226,-3.246235270314349,26.397317908376454,6.390088790340866,642.3650144514628,782.0958591174966,6.390088790340866,"[-0.21220370751890982, -0.68214943726702, -0.025461810464880108, -0.07432197350950531, -0.00012151992999275094, 0.0010315271537253673, -5.3604719204417115e-05, -7.1613712244594785e-06]",0.0009765625,0.03356135417376226,16,0,0,0,0,0.027131,localConicEvaluation
15,crossing,5,165,0,6.372719379196827,1.9972815641909099,0,1.9972815641909099,-0.03356135417376226,-3.339360026202732,26.30419315248807,6.372719379196827,640.6280733370589,779.0674529482671,6.372719379196827,"[-0.10546876189259535, -0.5801131112212656, -0.0514333361539221, -0.08053737545140471, 0.014023267151323513, 0.013119010471677442, -6.364266752489911e-17, 5.204170427930421e-17]",0.0009765625,0.03356135417376226,16,0,0,0,0,0.007341,localPolishEndpoint
15,crossing,5,166,0,7.93021397022212,1.9972815641909099,0,1.9972815641909099,-0.03356135417376226,-3.4202913036353464,26.22326187505546,7.93021397022212,796.3775324395882,781.1939781247146,7.93021397022212,"[0.012584012224714058, -0.6952842908719871, -0.07206933450903677, 0.0538908188629712, 0.013935068266888074, 0.024117518432774297, 9.696715817205589e-17, -2.7755575615628914e-17]",0.0009765625,0.03356135417376226,16,0,0,0,0,0.007549,localPolishEndpoint
15,crossing,5,167,0,6.343843836570122,1.9972815641909099,0,1.9972815641909099,-0.03356135417376226,-3.3798256649190392,26.263727513771766,6.343843836570122,637.7405190743884,779.2453151985768,6.343843836570122,"[-0.047454086004592, -0.5699500427790243, -0.05503627244484528, -0.01739308052912314, 0.01210193715638311, 0.013934869176776174, 1.666224532357839e-17, 1.0408340855860843e-17]",0.0009765625,0.03356135417376226,16,0,0,0,0,0.007329,localPolishEndpoint
15,turningCrossing,30,1,0,3.4004808357550593,0,0,0,-3.4004808357550593,0,0.6647883981773293,0,1767.1378234045453,0,-0.0009765625,"[0, 0, 0, 0, 0, 0, 0, 0]",0.0009765625,3.4004808357550593,18,0,0,0,0,0.043503,solvePredictiveControl
15,turningCrossing,30,2,0,20.57149383683349,0.8809252649726108,0,0.8809252649726108,-2.0244550120885494,0.3130565480463177,0.9778449462236483,20.57149383683349,2926.272720480928,165.7462323186551,20.57149383683349,"[-2.0546202011064736, -0.8273061465004268, -0.012185558402638276, -0.35942473233872185, 2.858164136118537e-05, 0.00010183522822498825, 7.815478242037543e-06, 2.397016576755062e-06]",0.0009765625,2.0244550120885494,17,0,0,0,0,0.043324,localConicEvaluation
15,turningCrossing,30,3,0,2.437724339483193,0.8809252649726108,0,0.8809252649726108,-2.0244550120885494,-1.1803497930559363,-0.5155613948786095,2.437724339483193,1164.4519102337592,161.5507808333608,2.437724339483193,"[-0.12551289125754295, -0.13691217773315395, -0.013246548937301442, -0.17761472033095593, 0.06368765385333458, 0.025714896893614888, 4.241110907561227e-16, 4.5102810375396984e-17]",0.0009765625,2.0244550120885494,17,0,0,0,0,0.007348,localPolishEndpoint
15,turningCrossing,30,4,0,2.0244550120885494,0.8809252649726108,0,0.8809252649726108,-2.0244550120885494,-1.2337480277084014,-0.5689596295310719,0.7012270911442812,996.1420088651143,162.28671310632166,0.7012270911442812,"[-0.01552203617504233, -0.05967016428269164, -0.004402359096508325, -0.040738598013017935, 0.015961960970998227, 0.01700946825807109, -5.5207272188583414e-17, 0]",0.0009765625,2.0244550120885494,17,0,0,0,0,0.007412,localPolishEndpoint
15,turningCrossing,30,5,0,2.0244550120885494,0.8809252649726108,0,0.8809252649726108,-2.0244550120885494,-1.2539663638765242,-0.5891779656991998,0.25759978440855485,953.8011118083546,162.80997339941678,0.25759978440855485,"[-0.004304048042939712, -0.017374973987893737, -0.0022708542202292247, -0.015919228115699013, 0.00546771083614736, -0.0053868388535691135, -2.2789853845799378e-17, 6.938893903907228e-18]",0.0009765625,2.0244550120885494,17,0,0,0,0,0.007285,localPolishEndpoint
15,turningCrossing,30,6,0,2.0244550120885494,0.8809252649726108,0,0.8809252649726108,-2.0244550120885494,-1.2570035225784901,-0.5922151244011571,0.025119810199745633,930.8568302576693,163.07073597573464,0.025119810199745633,"[-0.0003646739783249586, 0.0008826194326660228, 0.0004046523640139097, -0.0011622151624717247, -0.000409990019241629, -0.00021279129596423247, -1.0551912237141178e-17, -3.469446951953614e-18]",0.0009765625,2.0244550120885494,17,0,0,0,0,0.007501,localPolishEndpoint
15,turningCrossing,30,7,0,2.0244550120885494,0.8809252649726108,0,0.8809252649726108,-2.0244550120885494,-1.2577260555916694,-0.5929376574143459,0.0006599907589280166,928.4831016149064,163.10664594408482,0.0006599907589280166,"[-6.579312866961118e-06, 9.752861554529046e-05, 2.208383639173132e-05, -2.0650696603397023e-05, -2.1170584077382114e-05, 3.1642930115393896e-07, -9.406081157112702e-19, 0]",0.0009765625,2.0244550120885494,17,0,0,0,0,0.007692,localPolishEndpoint
15,turningCrossing,30,8,0,37.54261371755662,2.1589233739588525,0,2.1589233739588525,-0.6781466487753207,-0.6208848274286098,0.0439035707487181,37.54261371755662,3868.049275870462,1093.9153700109823,37.54261371755662,"[-1.6200802035756254, -4.3234678494032295, -0.04462604302549077, -0.2613233737175591, -0.0085134627298668, 0.0021016083359213936, 5.638902801474627e-05, 2.0535300476465235e-06]",0.0009765625,0.6781466487753207,17,0,0,0,0,0.063387,localConicEvaluation
15,turningCrossing,30,9,0,33.20913235246365,2.1589233739588525,0,2.1589233739588525,-0.6781466487753207,-0.9298553315982321,-0.2650669334209039,33.20913235246365,3461.2078327032555,1079.2026049721248,33.20913235246365,"[-1.526117158149134, -4.023431275000555, 0.024313989259638732, -0.22030071728275225, -0.0664613723611, 0.1875736557989356, 5.462687088929676e-05, 1.9893572336428245e-06]",0.0009765625,0.6781466487753207,17,0,0,0,0,0.008306,localPolishEndpoint
15,turningCrossing,30,10,0,8.37831850627672,1.6508155690369892,0,1.6508155690369892,-1.1890186409850434,-0.9393054415101396,-0.2745170433328139,8.37831850627672,1190.590616046139,456.67602594533923,8.37831850627672,"[-0.4161811891369638, -0.9352032939719392, -0.009023427220510662, -0.07049564671355846, -0.002423267013048794, 0.0008871292720452617, 2.8194514007372664e-05, 1.0267650238232617e-06]",0.0009765625,1.1890186409850434,17,0,0,0,0,0.042779,localConicEvaluation
15,turningCrossing,30,11,0,5.159789200562093,1.6508155690369892,0,1.6508155690369892,-1.1890186409850434,-1.0966870738560388,-0.43189867567870244,5.159789200562093,884.4758487092652,454.7388699542114,5.159789200562093,"[-0.3368594407906187, -0.6557530199529104, 0.041767021223806926, -0.012545524730121826, -0.06364465140762154, 0.019530635279575156, 2.467019975641995e-05, 8.98419395833211e-07]",0.0009765625,1.1890186409850434,17,0,0,0,0,0.007318,localPolishEndpoint
15,turningCrossing,30,12,0,6.5206661914916255,1.6508155690369892,0,1.6508155690369892,-1.1890186409850434,-1.081125363415168,-0.41633696523783903,6.5206661914916255,1019.0073767581321,455.94538756663536,6.5206661914916255,"[-0.3075635210159504, -0.7709120684138195, -0.0006947712509681169, -0.023884110236421563, 0.029989212697326482, 0.023360407399658015, 2.312831227166215e-05, 8.422681834867329e-07]",0.0009765625,1.1890186409850434,17,0,0,0,0,0.00725,localPolishEndpoint
15,turningCrossing,30,13,0,5.482116063629844,1.6508155690369892,0,1.6508155690369892,-1.1890186409850434,-1.0889062186356036,-0.42411782045827073,5.482116063629844,915.930449493997,455.143646826043,5.482116063629844,"[-0.3206490085191831, -0.6935913469120414, 0.026796559535598972, -0.010254108589355937, -0.03395624768929542, 0.017848614598644272, 2.389925601404105e-05, 8.703437896599719e-07]",0.0009765625,1.1890186409850434,17,0,0,0,0,0.007117,localPolishEndpoint
15,turningCrossing,30,14,0,28.756356522237354,2.2621980491167815,0,2.2621980491167815,-0.3107340510146608,-0.4643960904720903,0.20039230770523653,28.756356522237354,2908.982868120497,1065.3564669045186,28.756356522237354,"[-1.250927958455506, -3.267244913492079, -0.041829933553652214, -0.26239230696796056, 0.016817956018733086, 0.0037755154316888116, -6.285542179342053e-06, -2.6383160576411158e-06]",0.0009765625,0.3107340510146608,17,0,0,0,0,0.043669,localConicEvaluation
15,turningCrossing,30,15,0,7.794829124673123,2.0661151184409254,0,2.0661151184409254,-0.5726825830007669,-0.7805415821640646,-0.11575318398673295,7.794829124673123,902.6113188352414,685.9735182521092,7.794829124673123,"[-0.44456675707964166, -0.9133190130481577, 0.01387615185664141, -0.0655957178720481, -0.026915865422813705, 0.010559105558428922, 9.19232878853895e-06, -8.699483309039524e-07]",0.0009765625,0.5726825830007669,17,0,0,0,0,0.043115,localConicEvaluation
15,turningCrossing,30,16,0,9.930038447141683,2.0661151184409254,0,2.0661151184409254,-0.5726825830007669,-0.7681815159760151,-0.10339311779868132,9.930038447141683,1114.896244463292,688.2040562715449,9.930038447141683,"[-0.42470732814426526, -1.0524117827831148, -0.03291380109839973, -0.12380087403943385, 0.08116742794817085, 0.03299340438172904, 8.61780823926692e-06, -8.155765602313458e-07]",0.0009765625,0.5726825830007669,17,0,0,0,0,0.007503,localPolishEndpoint
15,turningCrossing,30,17,0,8.970164025756748,2.0661151184409254,0,2.0661151184409254,-0.5726825830007669,-0.7743615490700398,-0.10957315089270714,8.970164025756748,1019.5268056342012,687.158961110511,8.970164025756748,"[-0.43299902896852416, -0.992358062593223, -0.013922969957854772, -0.08991772283013333, 0.03301289591411282, 0.019035941597, 8.905068513902934e-06, -8.427624455659144e-07]",0.0009765625,0.5726825830007669,17,0,0,0,0,0.007285,localPolishEndpoint
15,turningCrossing,30,18,0,5.023151935652602,1.8863538700738829,0,1.8863538700738829,-0.8418128798077305,-0.9386143280100516,-0.2738259298327177,5.023151935652602,718.9713476281759,568.3630445073993,5.023151935652602,"[-0.3211530854422904, -0.621955303945654, 0.029785693400930933, -0.023961477090820082, -0.04644722352889722, 0.01481872931355617, 1.693126427247945e-05, 1.4235532464629275e-08]",0.0009765625,0.8418128798077305,17,0,0,0,0,0.043323,localConicEvaluation
15,turningCrossing,30,19,0,6.816030143079942,1.8863538700738829,0,1.8863538700738829,-0.8418128798077305,-0.9242857412667453,-0.2594973430894141,6.816030143079942,896.8263096965795,569.8064982778134,6.816030143079942,"[-0.3034491852509831, -0.7500360338112172, -0.015910934972214137, -0.06263679852175308, 0.05725287316380344, 0.027658934579165864, 1.5873060255402778e-05, 1.3345811702286658e-08]",0.0009765625,0.8418128798077305,17,0,0,0,0,0.00731,localPolishEndpoint
15,turningCrossing,30,20,0,5.639833648154321,1.8863538700738829,0,1.8863538700738829,-0.8418128798077305,-0.9314500346383985,-0.266661636461073,5.639833648154321,779.9230895411832,568.9245598131317,5.639833648154321,"[-0.30952461409872, -0.6749320317368671, 0.010455615725618067, -0.03334557260032511, -0.0065068887544880594, 0.017192516414948067, 1.6402162263941114e-05, 1.3790672083457967e-08]",0.0009765625,0.8418128798077305,17,0,0,0,0,0.00712,localPolishEndpoint
15,turningCrossing,30,21,0,43.96997285548607,2.2701768904574595,0,2.2701768904574595,-0.03303529874761834,-0.42334108728948705,0.24144731088784277,43.96997285548607,4400.300815423369,1413.9028459706674,43.96997285548607,"[-2.1687154552139987, -4.834752204226986, -0.06424743553556364, -0.4484842001781306, 0.011135738722260521, 0.0008492772872135205, 3.7034149176040605e-05, -1.2611051135657386e-05]",0.0009765625,0.03303529874761834,17,0,0,0,0,0.043675,localConicEvaluation
15,turningCrossing,30,22,0,8.811639118165985,2.1645002830819564,0,2.1645002830819564,-0.28408283840758464,-0.6809777076497694,-0.01618930947244456,8.811639118165985,938.2842981153664,780.1043612576761,8.811639118165985,"[-0.547245093181445, -0.9654116340302953, 0.008298701303956648, -0.09915412008323088, -0.018975358334447794, 0.007997361349745345, 2.698270672426003e-05, -6.2984078015963785e-06]",0.0009765625,0.28408283840758464,16,0,0,0,0,0.043483,localConicEvaluation
15,turningCrossing,30,23,0,10.523754870978221,2.1645002830819564,0,2.1645002830819564,-0.28408283840758464,-0.6760669097335754,-0.011278511556248589,10.523754870978221,1109.0047936049705,782.246237581232,10.523754870978221,"[-0.5159757032938757, -1.0882341379320912, -0.03188201429931152, -0.13668616107867493, 0.07553969309983374, 0.037828346690125615, 2.5296287554048298e-05, -5.904757314035419e-06]",0.0009765625,0.28408283840758464,16,0,0,0,0,0.007143,localPolishEndpoint
15,turningCrossing,30,24,0,9.815129781820701,2.1645002830819564,0,2.1645002830819564,-0.28408283840758464,-0.6785223086916724,-0.01373391051433947,9.815129781820701,1038.3878245850274,781.2781459042308,9.815129781820701,"[-0.5313801581476696, -1.0369985053328936, -0.01674013660781103, -0.11807064006777601, 0.03525935696371944, 0.018687183945436225, 2.6139497139154162e-05, -6.101582557815899e-06]",0.0009765625,0.28408283840758464,16,0,0,0,0,0.00712,localPolishEndpoint
15,turningCrossing,30,25,0,5.108092815711999,2.04978933513509,0,2.04978933513509,-0.5200083682657535,-0.8097960178299105,-0.14500761965258113,5.108092815711999,629.1278400088765,670.7023547043775,5.108092815711999,"[-0.33294782456087546, -0.6010355987239352, 0.021118231022712704, -0.038740724187388054, -0.033687800843228984, 0.011266446027602354, 2.195698549836974e-05, -3.1420861345658746e-06]",0.0009765625,0.5200083682657535,17,0,0,0,0,0.042814,localConicEvaluation
15,turningCrossing,30,26,0,7.3119128966687175,2.04978933513509,0,2.04978933513509,-0.5200083682657535,-0.786593455732389,-0.12180505755505755,7.3119128966687175,847.189591894796,672.783783585013,7.3119128966687175,"[-0.2957040454723341, -0.7602616872621653, -0.029592844985049972, -0.09881900399889254, 0.08708147611011474, 0.04650127072690418, 1.921236231108039e-05, -2.7493253677637886e-06]",0.0009765625,0.5200083682657535,17,0,0,0,0,0.007207,localPolishEndpoint
15,turningCrossing,30,27,0,6.700079349228711,2.04978933513509,0,2.04978933513509,-0.5200083682657535,-0.7981947367811497,-0.13340633860382645,6.700079349228711,787.1663652556722,672.0371491151345,6.700079349228711,"[-0.3152830896475223, -0.7132342339489868, -0.01832461768259034, -0.07440668667882022, 0.055979646860769505, 0.026617742017455284, 2.0584673904725065e-05, -2.9457057511665663e-06]",0.0009765625,0.5200083682657535,17,0,0,0,0,0.007121,localPolishEndpoint
15,turningCrossing,30,28,0,5.707709005658025,2.04978933513509,0,2.04978933513509,-0.5200083682657535,-0.8039953773055302,-0.13920697912819668,5.707709005658025,688.5093949510406,671.2613010583091,5.707709005658025,"[-0.3221818015530147, -0.6495083366564339, 0.003639106208041689, -0.04968071898454163, 0.002480984634125822, 0.015375667318286873, 2.12708297015474e-05, -3.0438959428662204e-06]",0.0009765625,0.5200083682657535,17,0,0,0,0,0.007296,localPolishEndpoint
15,turningCrossing,30,29,0,74.2977392274023,2.266090968449508,0,2.266090968449508,0.09259755044832496,-0.368384298950901,0.29640409922642896,74.2977392274023,7429.773922740231,2251.0645035902044,74.2977392274023,"[-3.2711798840735042, -8.330327164103936, -0.1311373500752751, -0.5985851472743775, 0.005938063118965336, -0.0027331430212443036, 4.316299898133032e-05, -1.5228518370834915e-05]",0.0009765625,0,1,0,0,0,0,0.043629,localConicEvaluation
15,turningCrossing,30,30,0,10.201184622083725,2.198008836908031,0,2.198008836908031,-0.16026702249213876,-0.5890901583904058,0.07569823978692392,10.201184622083725,1041.677792918324,845.5483946759118,10.201184622083725,"[-0.5773334513627617, -1.1321734329587636, 0.0010354234538971104, -0.11189873658098826, -0.013523062129121827, 0.005919555006374351, 3.255999223985003e-05, -9.185302252700395e-06]",0.0009765625,0.16026702249213876,16,0,0,0,0,0.043524,localConicEvaluation
15,turningCrossing,30,31,0,11.716359705347497,2.198008836908031,0,2.198008836908031,-0.16026702249213876,-0.5947627539240365,0.07002564425329916,11.716359705347497,1193.1953012447013,847.8665262331249,11.716359705347497,"[-0.5360578163693077, -1.2483824947500715, -0.03374126113515228, -0.11916330298282496, 0.07121178514274856, 0.05015679945900177, 3.0524992724786396e-05, -8.611220861952373e-06]",0.0009765625,0.16026702249213876,16,0,0,0,0,0.007506,localPolishEndpoint
15,turningCrossing,30,32,0,11.155148397417271,2.198008836908031,0,2.198008836908031,-0.16026702249213876,-0.5919264561572212,0.07286194202010443,11.155148397417271,1137.0741704516786,846.8261318604252,11.155148397417271,"[-0.5579424976958478, -1.1998216770220447, -0.021918218464397336, -0.12134550452179482, 0.0368387927892699, 0.0210166409072154, 3.1542492482318215e-05, -8.89826155732465e-06]",0.0009765625,0.16026702249213876,16,0,0,0,0,0.007152,localPolishEndpoint
15,turningCrossing,30,33,0,5.3594025343090665,2.135248275337916,0,2.135248275337916,-0.31521367302380887,-0.6994430881101581,-0.0346546899328286,5.3594025343090665,596.6318226356559,746.0696623527595,5.3594025343090665,"[-0.3418926922414727, -0.6121143740753854, 0.014202426935326452, -0.05018331833054113, -0.024354969210538775, 0.008550244571430728, 2.7258488869109886e-05, -6.163694193633135e-06]",0.0009765625,0.31521367302380887,16,0,0,0,0,0.043168,localConicEvaluation
15,turningCrossing,30,34,0,7.242020390313831,2.135248275337916,0,2.135248275337916,-0.31521367302380887,-0.6830266801119965,-0.01823828193466403,7.242020390313831,783.251967436316,748.0695702582829,7.242020390313831,"[-0.2970657397633687, -0.7542886406721583, -0.029169243193193535, -0.08135128989847829, 0.08184278742980013, 0.053701156530601604, 2.3851177760418204e-05, -5.393232419333149e-06]",0.0009765625,0.31521367302380887,16,0,0,0,0,0.007344,localPolishEndpoint
15,turningCrossing,30,35,0,6.712037242681673,2.135248275337916,0,2.135248275337916,-0.31521367302380887,-0.6912348841110773,-0.02644648593375342,6.712037242681673,731.0744730730091,747.3029689293874,6.712037242681673,"[-0.32129970638769123, -0.7080591413603188, -0.018965602162999952, -0.0744432276580298, 0.05129135528698293, 0.026190014821974247, 2.5554833314764045e-05, -5.778463306484877e-06]",0.0009765625,0.31521367302380887,16,0,0,0,0,0.007259,localPolishEndpoint
15,turningCrossing,30,36,0,5.893253814145067,2.135248275337916,0,2.135248275337916,-0.31521367302380887,-0.6953389861106177,-0.030550587933283906,5.893253814145067,649.6065404193016,746.604754643343,5.893253814145067,"[-0.33061690629342877, -0.65361023527213, -0.0007890631111010038, -0.05857214419220469, 0.006600023229841146, 0.01356410576843341, 2.6406661091936965e-05, -5.971078750059006e-06]",0.0009765625,0.31521367302380887,16,0,0,0,0,0.007133,localPolishEndpoint
15,turningCrossing,30,37,0,124.00538876840321,2.2679791859686396,0,2.2679791859686396,0.15856027198030653,-0.48386337899716636,0.18092501918015835,124.00538876840321,12400.53887684032,4157.593809356594,124.00538876840321,"[-5.297805327962962, -13.873827254369917, -0.25227586845430194, -0.7970667609645794, 0.002902812992226869, -0.005703062664973937, 2.9345989770053448e-05, 1.017361434225289e-06]",0.0009765625,0,1,0,0,0,0,0.043455,localConicEvaluation
15,turningCrossing,30,38,0,11.974799482340199,2.223092118645081,0,2.223092118645081,-0.059370102552563024,-0.5916532335536622,0.07313516462367198,11.974799482340199,1203.416958489276,908.3527603512368,11.974799482340199,"[-0.6088961813188973, -1.346980282115806, -0.007137640595871192, -0.1217245956772004, -0.00920499986992986, 0.004656260189557738, 2.8302239319581667e-05, -2.573166379703923e-06]",0.0009765625,0.059370102552563024,16,0,0,0,0,0.0447,localConicEvaluation
15,turningCrossing,30,39,0,13.195609380120763,2.223092118645081,0,2.223092118645081,-0.059370102552563024,-0.6166111006655737,0.0481772975117496,13.195609380120763,1325.4979482673325,910.7212164905977,13.195609380120763,"[-0.556564695866939, -1.4500194849732086, -0.035393984671518317, -0.08612559885249382, 0.06613824512666053, 0.07056626075610459, 2.653334936202098e-05, -2.4123434811014477e-06]",0.0009765625,0.059370102552563024,16,0,0,0,0,0.007361,localPolishEndpoint
15,turningCrossing,30,40,0,12.767983912633264,2.223092118645081,0,2.223092118645081,-0.059370102552563024,-0.6041321671096179,0.0606562310677179,12.767983912633264,1282.7354015185826,909.6246938216952,12.767983912633264,"[-0.5855795601700606, -1.4045689452039305, -0.02612140147262962, -0.11724316286594494, 0.03456472267448299, 0.028389984566929004, 2.741779434080132e-05, -2.4927549304026853e-06]",0.0009765625,0.059370102552563024,16,0,0,0,0,0.007208,localPolishEndpoint
15,turningCrossing,30,41,0,5.819493859674119,2.185250851386374,0,2.185250851386374,-0.1820466271375094,-0.6455481608319101,0.01924023734542169,5.819493859674119,604.0762226402904,807.7764185042474,5.819493859674119,"[-0.34959172566468055, -0.6582805616147565, 0.008127009922733864, -0.058840865247161034, -0.01741614251374938, 0.006560147470243255, 2.7780364094345776e-05, -4.368430286668529e-06]",0.0009765625,0.1820466271375094,16,0,0,0,0,0.043283,localConicEvaluation
15,turningCrossing,30,42,0,7.3752554886062995,2.185250851386374,0,2.185250851386374,-0.1820466271375094,-0.6382555010084007,0.02653289716892738,7.3752554886062995,759.6523855335084,809.721440360239,7.3752554886062995,"[-0.2952889858296146, -0.7824626797127606, -0.02840006377371168, -0.05156516576647974, 0.07815750860902097, 0.06709851761128625, 2.430781858264918e-05, -3.822376500903918e-06]",0.0009765625,0.1820466271375094,16,0,0,0,0,0.007338,localPolishEndpoint
15,turningCrossing,30,43,0,6.930689348216419,2.185250851386374,0,2.185250851386374,-0.1820466271375094,-0.6419018309201554,0.02288656725716743,6.930689348216419,715.1957714945205,808.9273367029471,6.930689348216419,"[-0.325126709341518, -0.7383434390734541, -0.019109507545535333, -0.06809078314219796, 0.04605170654351004, 0.029012840468367097, 2.604409133849748e-05, -4.095403393786223e-06]",0.0009765625,0.1820466271375094,16,0,0,0,0,0.007465,localPolishEndpoint
15,turningCrossing,30,44,0,6.27471434733074,2.185250851386374,0,2.185250851386374,-0.1820466271375094,-0.6437249958760328,0.021063402301301666,6.27471434733074,649.5982714059525,808.281738054439,6.27471434733074,"[-0.3373220603809983, -0.6921507881104921, -0.004458522446971366, -0.06287168498242757, 0.008839615653833937, 0.012851416308133277, 2.691222771642163e-05, -4.231916840229111e-06]",0.0009765625,0.1820466271375094,16,0,0,0,0,0.007419,localPolishEndpoint
15,turningCrossing,30,45,0,108.20216085350732,0.07427244057114683,0,0.07427244057114683,-0.9647739482783348,-0.6647883978866295,2.9070457673030514e-10,108.20216085350732,11063.145852990383,2570.342781366533,108.20216085350732,"[-2.205028540763365, 12.981804992551892, 0.2335699231271092, -0.3804363185068613, 0.010110755682547008, 0.03609478139953643, 7.428806183950722e-05, 8.085415037668853e-07]",0.0009765625,0.9647739482783348,17,0,0,0,0,0.043605,localConicEvaluation
15,turningCrossing,30,46,0,19.386777784888857,1.1828554617928806,0,1.1828554617928806,-0.4996963280558704,-0.6821157429983937,-0.01732734482106201,19.386777784888857,2019.8500596374895,368.5761818994895,19.386777784888857,"[-0.2207726398321057, 2.3228657813927143, 0.04968995792104712, -0.08844745081723282, -0.0026710912048998735, 0.011078465541110515, 5.077327535430855e-05, -2.6775763449331247e-06]",0.0009765625,0.4996963280558704,17,0,0,0,0,0.043411,localConicEvaluation
15,turningCrossing,30,47,0,3.6118631986294254,1.759634768787622,0,1.759634768787622,-0.2993171698899528,-0.6907794155542759,-0.025991017376945307,3.6118631986294254,421.0779881978528,548.8992417259101,3.6118631986294254,"[-0.33530670111161953, -0.26048758284598444, 0.013479470860196106, -0.06857705040247097, -0.015250162900697644, 0.007537281239135494, 3.901588211170922e-05, -4.42063526928313e-06]",0.0009765625,0.2993171698899528,17,0,0,0,0,0.043325,localConicEvaluation
15,turningCrossing,30,48,0,3.8223554866817158,1.759634768787622,0,1.759634768787622,-0.2993171698899528,-0.645126059961124,0.019662338216200455,3.8223554866817158,439.5281152653872,549.4194336520638,3.8223554866817158,"[-0.31490109983660375, -0.29967464323449516, -0.0016420353950376023, -0.0771161217316525, 0.015858175358086053, 0.009112785497335775, 3.657738947968608e-05, -4.144345564949248e-06]",0.0009765625,0.2993171698899528,17,0,0,0,0,0.007424,localPolishEndpoint
15,turningCrossing,30,49,0,3.6041276196313206,1.759634768787622,0,1.759634768787622,-0.2993171698899528,-0.6679527377576999,-0.0031643395803724276,3.6041276196313206,418.021762518385,549.1254678259952,3.6041276196313206,"[-0.32470548194726234, -0.2693223405641764, 0.008633248706095163, -0.06952112675026356, -0.005764935921382002, 0.007684666342428631, 3.779663579569765e-05, -4.282490417114454e-06]",0.0009765625,0.2993171698899528,17,0,0,0,0,0.007223,localPolishEndpoint
15,turningCrossing,30,50,0,3.5988828253951803,1.759634768787622,0,1.759634768787622,-0.2993171698899528,-0.6717339645037185,-0.006945566326386427,3.5988828253951803,417.8754057693723,549.2597388453642,3.5988828253951803,"[-0.31514327004867937, -0.2714371239154174, 0.004085282904822726, -0.07207644897770749, 0.005634016558872876, 0.008362322569379958, 3.661549092708902e-05, -4.148662591598601e-06]",0.0009765625,0.2993171698899528,17,0,0,0,0,0.007336,localPolishEndpoint
15,turningCrossing,30,51,0,223.09385052267686,2.228305383283525,0,2.228305383283525,0.24525492287885364,-0.5381036564070752,0.12668474177025524,223.09385052267686,22309.385052267688,9616.856413689655,223.09385052267686,"[-10.87906779519777, -24.060410505231513, -0.4918099890638566, -1.179272644702536, -0.005680523625635198, -0.013316220373978204, 3.0059180314423648e-05, 2.9058466129196214e-06]",0.0009765625,0,1,0,0,0,0,0.043504,localConicEvaluation
15,turningCrossing,30,52,0,17.17076428010343,2.106362710820561,0,2.106362710820561,-0.013573302334510146,-0.6049188104553969,0.059869587721927305,17.17076428010343,1718.433758243794,871.4265373745168,17.17076428010343,"[-0.7389560798596477, -1.9559371785142141, -0.024777552485956245, -0.1540033442387312, 0.002854002964579358, 0.0034704800095871095, 3.3337335620756335e-05, -6.214079893394897e-07]",0.0009765625,0.013573302334510146,16,0,0,0,0,0.043257,localConicEvaluation
15,turningCrossing,30,53,0,5.328888795732195,1.9641341316968823,0,1.9641341316968823,-0.13960683640967608,-0.6383263874795577,0.026462010697777545,5.328888795732195,552.8415215494467,675.5510495467622,5.328888795732195,"[-0.3524050571898414, -0.5360760549874879, -0.0014323967046409817, -0.07888783154826307, 0.004258837175463953, 0.006175981861225548, 3.497641327392268e-05, -2.3850352904690453e-06]",0.0009765625,0.13960683640967608,16,0,0,0,0,0.043301,localConicEvaluation
15,turningCrossing,30,54,0,137.8990030763141,0.14946801261820913,0,0.14946801261820913,-1.0186725818980518,-0.6647883679471767,3.02301475015726e-08,137.8990030763141,14089.335967987978,4166.380713185712,137.8990030763141,"[-1.2738868989429335, 16.82398121643, 0.297023477460348, 0.045057715362013084, 0.030002133371135924, 0.022032315568742335, 6.835424965925283e-05, 4.245877987842095e-07]",0.0009765625,1.0186725818980518,17,0,0,0,0,0.043426,localConicEvaluation
15,turningCrossing,30,55,0,45.406529311593886,0.6229828701079582,0,0.6229828701079582,-0.5932746507821614,-0.6682611662254475,-0.0034727680481194626,45.406529311593886,4638.600195341855,581.0653601772935,45.406529311593886,"[0.5120390914236879, 5.519605105935937, 0.0993805490206868, 0.08924215058239326, 0.011268130324488018, 0.011691969871316129, 5.2484870293170925e-05, -1.8620373964071957e-06]",0.0009765625,0.5932746507821614,17,0,0,0,0,0.042383,localConicEvaluation
15,turningCrossing,30,56,0,5.951961919964041,1.2323453618586215,0,1.2323453618586215,-0.3500785564412474,-0.669997565364583,-0.005209167187252945,5.951961919964041,655.3945549154797,357.0857466481121,5.951961919964041,"[-0.041037091152333005, 0.6959060763752789, 0.019590275720089784, -0.026840907482029053, 0.005974340022194952, 0.008256651188659266, 4.455018061012997e-05, -3.0053499940028983e-06]",0.0009765625,0.3500785564412474,17,0,0,0,0,0.043134,localConicEvaluation
15,turningCrossing,30,57,0,4.646671883595613,1.2323453618586215,0,1.2323453618586215,-0.3500785564412474,-0.7747665884933963,-0.10997819031606304,4.646671883595613,535.3424535915179,355.69474730969455,4.646671883595613,"[-0.045929839660999505, 0.6076965109424022, -0.002806220576160931, -0.06924251002227955, 0.06104587926038286, 0.00966749169454162, 4.1765794321894003e-05, -2.8175156193306627e-06]",0.0009765625,0.3500785564412474,17,0,0,0,0,0.007295,localPolishEndpoint
15,turningCrossing,30,58,0,4.4582604231835425,1.2323453618586215,0,1.2323453618586215,-0.3500785564412474,-0.7893056656853752,-0.12451726750804659,4.4582604231835425,517.9552152695092,355.29321059647134,4.4582604231835425,"[-0.043821757424268526, 0.5842679389678446, -0.0030615461939031176, -0.06732167976929126, 0.05942619288907637, 0.010062023623466509, 4.046061324935131e-05, -2.7294682562392647e-06]",0.0009765625,0.3500785564412474,17,0,0,0,0,0.007222,localPolishEndpoint
15,turningCrossing,30,59,0,4.279668425916069,1.2323453618586215,0,1.2323453618586215,-0.3500785564412474,-0.799894370088805,-0.13510597191147844,4.279668425916069,501.15488598310503,354.93784149349995,4.279668425916069,"[-0.04201062115801335, 0.5624473868294931, -0.003418924256980694, -0.0655192333760457, 0.05817753886949821, 0.009800024272863035, 3.91962190853033e-05, -2.644172373229836e-06]",0.0009765625,0.3500785564412474,17,0,0,0,0,0.007272,localPolishEndpoint
15,turningCrossing,30,60,0,14.013108308607567,2.1609089114060054,0,2.1609089114060054,0.0027625641530948427,-0.4140897284774591,0.25069866969986543,14.013108308607567,1401.3108308607566,846.8967626428573,14.013108308607567,"[-0.39673823048737233, -1.6802333446323328, -0.022709493363946176, -0.07896819914967779, 0.0005206196685616307, 0.0003780107747646349, 1.9307250886843794e-05, -2.1438600301369737e-06]",0.0009765625,0,1,0,0,0,0,0.042753,localConicEvaluation
15,turningCrossing,30,61,0,4.269036812659593,2.012901392642486,0,2.012901392642486,-0.12779436926738774,-0.5429118464905888,0.1218765516867466,4.269036812659593,450.8263552256914,682.2660992050369,4.269036812659593,"[-0.23830509579424586, -0.4658318200204507, -0.0021020728988369224, -0.05297705550367482, 0.002935002470732758, 0.004316203898752077, 2.7961370906966408e-05, -3.1462613108677873e-06]",0.0009765625,0.12779436926738774,16,0,0,0,0,0.042289,localConicEvaluation
15,turningCrossing,30,62,0,3.197050815849828,1.899656932835446,0,1.899656932835446,-0.19913023867620416,-0.6073229054971536,0.05746549268017299,3.197050815849828,359.3574220045979,616.0058267177434,3.197050815849828,"[-0.25526721350394155, -0.2783892758050804, 0.002154991841044549, -0.0580699771846902, 0.004237059292333886, 0.006306515134795766, 3.2288430917027714e-05, -3.647461951233194e-06]",0.0009765625,0.19913023867620416,16,0,0,0,0,0.042448,localConicEvaluation
15,turningCrossing,30,63,0,22.345741466339497,2.216733915832202,0,2.216733915832202,0.06904253049129161,-0.5708727675094181,0.09391563066791542,22.345741466339497,2234.5741466339496,996.9290540022193,22.345741466339497,"[-0.6505289721755787, -2.6599432206138385, -0.03931817231482389, -0.12525353951160234, -0.0008011379803511421, 0.00021821240618145765, 7.638709386854714e-05, 7.142926365489438e-06]",0.0009765625,0,1,0,0,0,0,0.043464,localConicEvaluation
15,turningCrossing,30,64,0,5.498546065249947,2.1238674257754884,0,2.1238674257754884,-0.05575512775584434,-0.5890978365032858,0.0756905616740442,5.498546065249947,555.4301193005791,758.7074299744918,5.498546065249947,"[-0.24744912470613656, -0.6295945197515009, -0.005604979616526309, -0.05407491231168571, 0.0018948256469179655, 0.0033211759530418403, 5.433776239278743e-05, 1.747732207128122e-06]",0.0009765625,0.05575512775584434,16,0,0,0,0,0.042819,localConicEvaluation
15,turningCrossing,30,65,0,3.1940161340720823,2.0300138412933677,0,2.0300138412933677,-0.1254218893398933,-0.5982103710002198,0.06657802717710859,3.1940161340720823,339.8178031543723,687.8137499741235,3.1940161340720823,"[-0.21868136454889964, -0.31747931213927477, 0.00018588019223421824, -0.04934622772248609, 0.0030854946499789234, 0.0047800227359924155, 4.331309665490757e-05, -9.49864872052536e-07]",0.0009765625,0.1254218893398933,16,0,0,0,0,0.042495,localConicEvaluation
15,turningCrossing,30,66,0,40.54730354012886,2.146770115496725,0,2.146770115496725,0.202554237880616,-0.48132874059415554,0.1834596575831784,40.54730354012886,4054.730354012886,1306.6109883460363,40.54730354012886,"[-1.259905947940183, -4.778369771861012, -0.07601344456548505, -0.22588369158163957, -0.0013006935847369406, -0.001132471005477819, 3.555794631414178e-05, -1.9640564248930154e-05]",0.0009765625,0,1,0,0,0,0,0.043033,localConicEvaluation
15,turningCrossing,30,67,0,7.9016806262419275,2.0943837661593965,0,2.0943837661593965,0.04029488695480433,-0.5397695557971877,0.12501884238013639,7.9016806262419275,790.1680626241928,791.297863789766,7.9016806262419275,"[-0.30867531390056513, -0.9191935574791362, -0.010835560559301726, -0.06578143128517766, 0.0013191375974370447, 0.0023749295928976073, 3.9435521484524675e-05, -1.0295214560491345e-05]",0.0009765625,0,1,0,0,0,0,0.045277,localConicEvaluation
15,turningCrossing,30,68,0,3.68560069259905,2.0637322397863485,0,2.0637322397863485,-0.04057363117584933,-0.5689899633987038,0.09579843477862249,3.68560069259905,372.61743237748993,728.8179615353877,3.68560069259905,"[-0.20786453221545287, -0.3993398478868878, -0.0020868366565139733, -0.046274581426159145, 0.00225076287927969, 0.003598426829316298, 4.137430906971612e-05, -5.62253971627194e-06]",0.0009765625,0.04057363117584933,16,0,0,0,0,0.04252,localConicEvaluation
15,turningCrossing,30,69,0,122.0377517286687,0.33070963166743467,0,0.33070963166743467,-0.6560631441657738,-0.6647883979500475,2.272815321363586e-10,122.0377517286687,12338.945765675628,3352.015742605033,122.0377517286687,"[-0.3874535841212463, 14.941826648438662, 0.26243025202804027, 0.08267532662974197, 0.019614850253200082, 0.015500645099573593, 6.7525940130859e-05, 6.286846804641477e-07]",0.0009765625,0.6560631441657738,17,0,0,0,0,0.042493,localConicEvaluation
15,turningCrossing,30,70,0,42.104305734258176,1.2804084241913725,0,1.2804084241913725,-0.30962960614879775,-0.6314993844751337,0.033289013702195065,42.104305734258176,4258.7258176803825,673.7024150953796,42.104305734258176,"[0.5920626256110921, 5.1038719332689055, 0.09152305213459277, 0.09729530906294315, 0.007159180671199221, 0.008161676433335608, 5.5419518392883286e-05, -1.6059009579419414e-07]",0.0009765625,0.30962960614879775,17,0,0,0,0,0.042709,localConicEvaluation
15,turningCrossing,30,71,0,7.6697112537441905,1.715086736612312,0,1.715086736612312,-0.13737032826386852,-0.6148548777376767,0.049933520439658936,7.6697112537441905,793.2604677785189,529.5903800314059,7.6697112537441905,"[0.07497456116360013, 0.9158601594893782, 0.020901723894436338, -0.0020633942857610776, 0.0035544070372738475, 0.005205335057076803, 4.936630752389543e-05, -5.552274839233651e-07]",0.0009765625,0.13737032826386852,17,0,0,0,0,0.042435,localConicEvaluation
15,turningCrossing,30,72,0,6.9787700920839955,1.715086736612312,0,1.715086736612312,-0.13737032826386852,-0.6878556452704241,-0.023067247093088154,6.9787700920839955,726.4730763218082,528.4329863569388,6.9787700920839955,"[0.07519851058331994, 0.8601721794771223, 0.01219619956246076, -0.0035827175078395612, 0.023936296224936482, 0.011740625147213727, 4.782361041372361e-05, -5.378766251354361e-07]",0.0009765625,0.13737032826386852,17,0,0,0,0,0.007267,localPolishEndpoint
15,turningCrossing,30,73,0,6.247175115664929,1.715086736612312,0,1.715086736612312,-0.13737032826386852,-0.7251978549252901,-0.06040945674795472,6.247175115664929,657.0477996453882,526.6454993967861,6.247175115664929,"[0.07651225563478192, 0.7672197316409121, 0.01120676775301577, -0.007091121762526242, 0.018941981383655892, 0.026052015853418653, 4.483463476284142e-05, -5.042593359781689e-07]",0.0009765625,0.13737032826386852,17,0,0,0,0,0.007175,localPolishEndpoint
15,turningCrossing,30,74,0,5.956161574903648,1.715086736612312,0,1.715086736612312,-0.13737032826386852,-0.7279994824452046,-0.0632110842678697,5.956161574903648,628.2266083212515,525.9967149242862,5.956161574903648,"[0.07493688605009652, 0.7328075176372072, 0.010314262519271885, -0.007612726916756074, 0.017917321420255886, 0.025130963550003674, 4.3433552426501356e-05, -4.885012317504267e-07]",0.0009765625,0.13737032826386852,17,0,0,0,0,0.007085,localPolishEndpoint
15,turningCrossing,30,75,0,4.369998525641317,2.1322235748432505,0,2.1322235748432505,0.057069450628759684,-0.4911832514563554,0.1736051467209807,4.369998525641317,436.9998525641317,772.0947618167272,4.369998525641317,"[-0.10218030982534287, -0.5306020110140761, -0.007136107850549757, -0.021351300445394017, -0.00019139816640277707, 2.881532053388882e-05, 2.2503662601874367e-05, 3.1855643012994317e-06]",0.0009765625,0,1,0,0,0,0,0.04301,localConicEvaluation
15,turningCrossing,30,76,0,2.5004120153584024,2.085595741759155,0,2.085595741759155,-0.03160714694770283,-0.5446968112282876,0.12009158694903754,2.5004120153584024,253.2019162306105,726.2711193870309,2.5004120153584024,"[-0.1325917962887928, -0.2773055059020287, -0.001463014863162616, -0.02960509776290543, 0.0014682671033879864, 0.0024035410680292558, 3.290837962839097e-05, 1.1178497146234478e-06]",0.0009765625,0.03160714694770283,16,0,0,0,0,0.042633,localConicEvaluation
15,turningCrossing,30,77,0,5.501410633729015,2.1264813901681427,0,2.1264813901681427,0.09073547141753502,-0.348855644571569,0.3159327536057577,5.501410633729015,550.1410633729015,801.2756544871124,5.501410633729015,"[-0.16247371660575993, -0.6583005197217159, -0.008612165940022502, -0.03519652810337881, 0.000105485031170578, 0.00026755803868859816, 2.6953749417990756e-05, -5.701902082329291e-07]",0.0009765625,0,1,0,0,0,0,0.042977,localConicEvaluation
15,turningCrossing,30,78,0,2.4221883524596386,2.107007677785222,0,2.107007677785222,0.03200651068650041,-0.4467762278999283,0.2180121702773976,2.4221883524596386,242.21883524596387,755.5192387885147,2.4221883524596386,"[-0.10303840319741653, -0.28069164720296275, -0.0024994778208725847, -0.022926412546796726, 0.0007250176783895283, 0.001277066792765865, 2.9931064523190863e-05, 2.7382975319525937e-07]",0.0009765625,0,1,0,0,0,0,0.043897,localConicEvaluation
15,turningCrossing,30,79,0,10.774671615835894,2.110245376850685,0,2.110245376850685,0.18463144266142728,-0.5267931220090127,0.13799527616831875,10.774671615835894,1077.4671615835894,872.2626061079752,10.774671615835894,"[-0.28815185408612365, -1.2943683571667575, -0.018165608039507432, -0.06086381296662502, -0.0004549847644745976, 0.0008809505838769055, 5.8315209568936464e-05, 4.897152572975322e-06]",0.0009765625,0,1,0,0,0,0,0.043074,localConicEvaluation
15,turningCrossing,30,80,0,3.454988943373783,2.108564262386994,0,2.108564262386994,0.11116996024520298,-0.48678467495447053,0.17800372322286528,3.454988943373783,345.49889433737826,790.4812232922461,3.454988943373783,"[-0.1131977455256532, -0.41147856100043534, -0.004833345728267071, -0.025032032125455572, 0.00020567770917137454, 0.0008956369860717467, 4.412313704606366e-05, 2.5854911630852906e-06]",0.0009765625,0,1,0,0,0,0,0.042859,localConicEvaluation
15,turningCrossing,30,81,0,2.332090604544841,2.10777046629975,0,2.10777046629975,0.07267314460144925,-0.4667804514271994,0.19800794675013145,2.332090604544841,233.20906045448407,770.0056457001706,2.332090604544841,"[-0.09184153205583812, -0.2730719008607873, -0.0026786600927027294, -0.0204340015016804, 0.0004760243989664143, 0.0010255194952164992, 3.702710078462726e-05, 1.429660458140275e-06]",0.0009765625,0,1,0,0,0,0,0.04251,localConicEvaluation
15,turningCrossing,30,82,0,24.37643400394826,2.1459187581256884,0,2.1459187581256884,0.31592687506726613,-0.6510650673625858,0.013723330814748863,24.37643400394826,2437.6434003948257,1081.0890105167655,24.37643400394826,"[-0.6780350624522953, -2.9033380292278372, -0.045043343798305525, -0.13371357389077332, -0.0009456945780718966, 0.0011480907874105123, 2.455678871414616e-05, 3.1250485802922223e-07]",0.0009765625,0,1,0,0,0,0,0.043092,localConicEvaluation
15,turningCrossing,30,83,0,5.755705974350834,2.1273435076520717,0,2.1273435076520717,0.18983747754419178,-0.5589227593948927,0.10586563878244015,5.755705974350834,575.5705974350834,838.7404521305424,5.755705974350834,"[-0.17456292192248668, -0.6861512017881511, -0.009210915372085883, -0.03792261036911704, 3.55356308885262e-05, 0.0009266248091590588, 3.079194474938671e-05, 8.710826580847486e-07]",0.0009765625,0,1,0,0,0,0,0.042688,localConicEvaluation
15,turningCrossing,30,84,0,2.771523864961923,2.117682453614702,0,2.117682453614702,0.12598243013010824,-0.512851605411046,0.1519367927662858,2.771523864961923,277.1523864961923,797.0030734744049,2.771523864961923,"[-0.09826570731163997, -0.32757072471849313, -0.0037079934386224822, -0.021774125597330496, 0.00029739665137145505, 0.0008838728221629487, 3.390952276700699e-05, 1.1503715581125118e-06]",0.0009765625,0,1,0,0,0,0,0.043522,localConicEvaluation
15,turningCrossing,30,85,0,112.35528003934243,0.5298403596541933,0,0.5298403596541933,-0.7139205635430617,-0.6647883979219891,2.5533375934416735e-10,112.35528003934243,11389.095207475926,2767.3705712763776,112.35528003934243,"[-0.39531798825041164, 13.65924130646145, 0.2636440336019848, -0.016849336103222257, -0.005410793681685742, 0.058610508377162925, 6.517684545426386e-05, 9.571588519378949e-07]",0.0009765625,0.7139205635430617,17,0,0,0,0,0.044448,localConicEvaluation
15,turningCrossing,30,86,0,51.541641275711555,1.4711660087164768,0,1.4711660087164768,-0.21254346832788662,-0.5657844246745942,0.0990039735027397,51.541641275711555,5185.124066645978,894.749248922418,51.541641275711555,"[0.7380645797703949, 6.237194423578155, 0.11399274490802355, 0.1286364778240756, 0.0016395434358186353, 0.01613278173498604, 5.110197311944556e-05, 1.193409655039085e-06]",0.0009765625,0.21254346832788662,17,0,0,0,0,0.044023,localConicEvaluation
15,turningCrossing,30,87,0,15.24991309286869,1.8518084382377877,0,1.8518084382377877,0.01643255014185053,-0.5162824380508968,0.14850596012643558,15.24991309286869,1524.991309286869,624.7816558070948,15.24991309286869,"[0.31197747851659585, 1.8219442508544204, 0.03477896297743016, 0.044566542247656216, 0.001242244877433509, 0.004907811776058191, 4.406453695203641e-05, 1.31153505658968e-06]",0.0009765625,0,1,0,0,0,0,0.045827,localConicEvaluation
15,turningCrossing,30,88,0,1.0452800285164743,2.1488619574095784,0,2.1488619574095784,0.1492150971828503,-0.42189581643461077,0.24289258174271589,1.0452800285164743,104.52800285164743,800.3886543161285,1.0452800285164743,"[-0.03199724246628932, -0.12521283542304737, -0.0015144187051006636, -0.0076788415063013815, 0.0002949714714146373, -6.822757588221702e-05, -9.282146594306714e-05, 1.597213729744723e-06]",0.0009765625,0,1,0,0,0,0,0.042601,localConicEvaluation
15,turningCrossing,30,89,0,0.9558018861852804,2.1488619574095784,0,2.1488619574095784,0.1492150971828503,-0.40308950868466037,0.26169888949267084,0.9558018861852804,95.58018861852804,800.5387470582561,0.9558018861852804,"[-0.02925773837353063, -0.11675744820334531, -0.0009072963835980168, -0.004864453109354017, 4.667855562554533e-05, 0.0026737696621780553, -8.702012432163552e-05, 1.4973878716337263e-06]",0.0009765625,0,1,0,0,0,0,0.007271,localPolishEndpoint
15,turningCrossing,30,90,0,2.5511717980118336,2.102520515147994,0,2.102520515147994,0.23796221132360196,-0.3951822718104473,0.2696061263668883,2.5511717980118336,255.11717980118337,819.515398376422,2.5511717980118336,"[-0.06549177671901418, -0.3098600999892272, -0.003702103814674778, -0.015621437479261147, -0.00010809746948710191, 0.000994275395219114, 1.7546689173858048e-05, -2.0683144924468766e-06]",0.0009765625,0,1,0,0,0,0,0.04429,localConicEvaluation
15,turningCrossing,30,91,0,1.076345743217463,2.127475287861843,0,2.127475287861843,0.1951043120834124,-0.39913589024755386,0.26565250792977957,1.076345743217463,107.6345743217463,807.1431496584255,1.076345743217463,"[-0.03029738727576614, -0.1311374737754706, -0.0012969286498680152, -0.006208287041690852, -6.281607804103315e-05, 0.0015958643379489273, -3.473671757388874e-05, -2.8546331040657513e-07]",0.0009765625,0,1,0,0,0,0,0.044632,localConicEvaluation
15,turningCrossing,30,92,0,0.8618436108079244,2.1386056610891853,0,2.1386056610891853,0.17252793233066321,-0.4011126994661071,0.2636756987112181,0.8618436108079244,86.18436108079244,803.3063180008814,0.8618436108079244,"[-0.025787004645181355, -0.10521017904288586, -0.0008826317085624361, -0.004577527253692537, -1.668047434941623e-05, 0.0020700508194814145, -6.087842094776213e-05, 6.059622806135756e-07]",0.0009765625,0,1,0,0,0,0,0.044185,localConicEvaluation
15,turningCrossing,30,93,0,4.917919359051241,2.0702967661152165,0,2.0702967661152165,0.26282322667353974,-0.4894071381188166,0.17538126005850807,4.917919359051241,491.7919359051241,842.5939584201967,4.917919359051241,"[-0.12738075729160414, -0.5978880401127805, -0.006945053724242321, -0.02869408665690898, 0.0001522944908749591, 0.004235877730132894, 0.0001578204643545032, -8.636631786476667e-08]",0.0009765625,0,1,0,0,0,0,0.04433,localConicEvaluation
15,turningCrossing,30,94,0,1.5471460049637547,2.1075773831599496,0,2.1075773831599496,0.21875837030812328,-0.44525991879246185,0.2195284793848702,1.5471460049637547,154.71460049637545,815.5058606724485,1.5471460049637547,"[-0.042642053334063235, -0.18856409517208914, -0.0019019589654245437, -0.009139381228679966, -1.111720748567832e-05, 0.0021967587639357034, 4.8471021703370536e-05, 2.5979798137440446e-07]",0.0009765625,0,1,0,0,0,0,0.043957,localConicEvaluation
15,turningCrossing,30,95,0,0.9126572774763975,2.123856090575724,0,2.123856090575724,0.1960226721142464,-0.42318630912928445,0.24160208904805125,0.9126572774763975,91.26572774763974,808.251747338338,0.9126572774763975,"[-0.02657420288832668, -0.11137010264373955, -0.0009967854117896757, -0.005112857630674483, -3.594188676954595e-05, 0.0018489143591057192, -6.203699622195797e-06, 4.3288013099399003e-07]",0.0009765625,0,1,0,0,0,0,0.044605,localConicEvaluation
15,turningCrossing,30,96,0,79.83535684495814,1.0229859589675885,0,1.0229859589675885,-0.594154454916749,-0.6647883978614841,3.158435787214975e-10,79.83535684495814,8078.0157659704655,1529.0640480508,79.83535684495814,"[-0.300402754500837, 9.700404589393893, 0.18782978730034028, -0.17050297644470191, 0.005675912470019985, 0.01978063445661201, 0.00012208934590361803, 7.681033846566876e-07]",0.0009765625,0.594154454916749,17,0,0,0,0,0.045798,localConicEvaluation
15,turningCrossing,30,97,0,38.606879539546306,1.7142059691281093,0,1.7142059691281093,-0.06455323643293487,-0.5329505486637957,0.13183784951353794,38.606879539546306,3867.143277597924,764.7121205466391,38.606879539546306,"[0.4789406886507237, 4.682867329563397, 0.08586242342613667, 0.04918886505420694, 0.0028810080228595155, 0.006686961927325609, 3.060546247792795e-05, 6.870328326351316e-07]",0.0009765625,0.06455323643293487,17,0,0,0,0,0.043356,localConicEvaluation
15,turningCrossing,30,98,0,12.594527360844278,1.9661672135464408,0,1.9661672135464408,0.10650081274646461,-0.46703162406495136,0.19775677411237091,12.594527360844278,1259.452736084428,678.9198942005412,12.594527360844278,"[0.2275053074713469, 1.513533115046645, 0.028344403254772003, 0.027532774094307655, 0.0008894605807111024, 0.0032273527254960163, -1.5136479234917089e-05, 6.464975566243536e-07]",0.0009765625,0,1,0,0,0,0,0.044133,localConicEvaluation
15,turningCrossing,30,99,0,14.907186787171993,1.9661672135464408,0,1.9661672135464408,0.10650081274646461,-0.5578055760620333,0.10698282211529198,14.907186787171993,1490.7186787171993,679.3035471477624,14.907186787171993,"[0.22416494276191656, 1.5754240756869118, 0.07975117277832773, 0.009645933322456557, -0.10151564843260837, 0.2267876240720089, -1.4663464258667434e-05, 6.262945079875404e-07]",0.0009765625,0,1,0,0,0,0,0.007956,localPolishEndpoint
15,turningCrossing,30,100,0,0.1433458350802707,2.10409109450542,0,2.10409109450542,0.0982232667811147,-0.07769704695542229,0.5870913512219078,0.1433458350802707,14.334583508027071,785.0037017970255,0.1433458350802707,"[-0.01155074994672134, -0.012434187984040869, 5.470460715592693e-05, -0.0024005621120046783, -1.9298138340526535e-05, 0.0003818070271509286, 5.8512984890173985e-05, 3.380384683195764e-06]",0.0009765625,0,1,0,0,0,0,0.044357,localConicEvaluation
15,turningCrossing,30,101,0,0.09586406579142286,2.10409109450542,0,2.10409109450542,0.0982232667811147,-0.0747629304452773,0.5900254677320549,0.09586406579142286,9.586406579142286,785.0512978661784,0.09586406579142286,"[-0.008491696119946823, -0.008428504863189268, 0.0005617827161954586, -0.0006531579963180434, 6.229905978112751e-05, 0.003741874831095686, 4.3884738667626125e-05, 2.535288512382078e-06]",0.0009765625,0,1,0,0,0,0,0.007451,localPolishEndpoint
15,turningCrossing,30,102,0,0.8759463851438177,2.123276130715691,0,2.123276130715691,0.10860962459812051,0.07363780068635238,0.7384261988636853,0.8759463851438177,87.59463851438177,811.993993420401,0.8759463851438177,"[-0.02709643119204941, -0.10396401524126601, -0.0014864167948972448, -0.0061171953906224985, 0.0002879575044715373, -0.00013495260054735485, -5.3328239793393714e-05, 6.209539779814671e-06]",0.0009765625,0,1,0,0,0,0,0.0442,localConicEvaluation
15,turningCrossing,30,103,0,0.24326619174792247,2.113947613165692,0,2.113947613165692,0.10400540040210005,-0.0005625648794624627,0.6642258332978701,0.24326619174792247,24.326619174792246,797.4617452520097,0.24326619174792247,"[-0.01083331583650704, -0.02890367507385695, -6.602145505770628e-05, -0.001818806662239325, 0.00018131482271732652, 0.0018347093386862747, -4.7217505628837945e-06, 4.3724141460983745e-06]",0.0009765625,0,1,0,0,0,0,0.043452,localConicEvaluation
15,turningCrossing,30,104,0,0.23405139317862725,2.113947613165692,0,2.113947613165692,0.10400540040210005,-0.009043022455659753,0.6557453757216722,0.23405139317862725,23.405139317862727,797.4152108818457,0.23405139317862725,"[-0.01046415371709486, -0.0279188066841407, -3.5147165003745484e-05, -0.0016273536728608207, 0.0001714302669859631, 0.0019058566328226932, -4.574195857794305e-06, 4.235776204029873e-06]",0.0009765625,0,1,0,0,0,0,0.007665,localPolishEndpoint
15,turningCrossing,30,105,0,0.11283092779186288,2.1090858066583253,0,2.1090858066583253,0.1012606930174409,-0.037662747662369885,0.6271256505149625,0.11283092779186288,11.283092779186287,791.0276329088551,0.11283092779186288,"[-0.007994488958573243, -0.012348189394195843, 0.0003382237131241306, -0.0008591798546255802, 0.00012313657021616626, 0.0027961224618583856, 1.9581494052371165e-05, 3.453851329240226e-06]",0.0009765625,0,1,0,0,0,0,0.043951,localConicEvaluation
15,turningCrossing,30,106,0,0.10899831974168979,2.1090858066583253,0,2.1090858066583253,0.1012606930174409,-0.04194424240258708,0.6228441557747362,0.10899831974168979,10.899831974168979,791.0047436965151,0.10899831974168979,"[-0.007737632348465695, -0.011944309555432539, 0.0003345504856984348, -0.0007995227743418098, 0.00011891340836792542, 0.002742182090978407, 1.8969572363234947e-05, 3.345918475197024e-06]",0.0009765625,0,1,0,0,0,0,0.007285,localPolishEndpoint
15,turningCrossing,30,107,0,51.06049715652789,1.4733466993425894,0,1.4733466993425894,-0.2822070515889401,-0.6647883977516397,4.25693485670009e-10,51.06049715652789,5147.166956043564,894.6423780168616,51.06049715652789,"[-0.22637946823081734, 6.22291725585789, 0.1151467201564503, -0.17887566155490653, 0.0014605487508548398, -0.0029767083183217195, 0.00011934357784450735, 8.925371523423042e-07]",0.0009765625,0.2822070515889401,17,0,0,0,0,0.044299,localConicEvaluation
15,turningCrossing,30,108,0,19.25878628370543,1.84836680345869,0,1.84836680345869,-0.028848978390052286,-0.3697756640984585,0.2950127340788742,19.25878628370543,1928.7635262095482,635.8107585807359,19.25878628370543,"[0.15295288103475002, 2.34626639431052, 0.0429183120480996, -0.01468146751242827, 0.0007705922539638025, 0.0018525152278844822, 8.161415825606673e-05, 1.713912832362191e-06]",0.0009765625,0.028848978390052286,17,0,0,0,0,0.044754,localConicEvaluation
15,turningCrossing,30,109,0,5.534397471039783,1.9919884053372876,0,1.9919884053372876,0.05328355259846896,-0.2222692972718679,0.44251910090546454,5.534397471039783,553.4397471039783,690.551973337522,5.534397471039783,"[0.06203365686798179, 0.6704628274192784, 0.012754151965196966, -9.690741706691597e-05, 0.00024407872811331183, 0.0029137416169142207, 6.274944846184643e-05, 2.1246006723721345e-06]",0.0009765625,0,1,0,0,0,0,0.043862,localConicEvaluation
15,turningCrossing,30,110,0,5.750363301252644,1.9919884053372876,0,1.9919884053372876,0.05328355259846896,-0.10007203355496119,0.5647163646223634,5.750363301252644,575.0363301252644,691.0698808935695,5.750363301252644,"[0.0672828320615082, 0.667098426581722, 0.01950479020694558, 0.03333089975561343, -0.010195295252525776, 0.017565040494219922, 6.078852819737632e-05, 2.0582069011863824e-06]",0.0009765625,0,1,0,0,0,0,0.007558,localPolishEndpoint
15,turningCrossing,30,111,0,0.08408011086455337,2.0813837932062964,0,2.0813837932062964,0.026493481127141345,0.22921429712207392,0.8940026952993991,0.08408011086455337,8.408011086455337,773.181742075202,0.08408011086455337,"[-0.0036797675992374934, -0.009887004998405667, -7.702534502577056e-05, -0.0006133059391650875, -1.624028387780993e-05, 1.1825777486312549e-05, 1.1264368362575048e-05, 2.3714355843022783e-06]",0.0009765625,0,1,0,0,0,0,0.044558,localConicEvaluation
15,turningCrossing,30,112,0,0.07804282011681628,2.0813837932062964,0,2.0813837932062964,0.026493481127141345,0.22345018277340947,0.8882385809507343,0.07804282011681628,7.804282011681628,773.1501227664414,0.07804282011681628,"[-0.003435086051780445, -0.009229989170787531, -6.0370702362102e-05, -0.0005174317008975748, -1.9469083821193228e-05, 5.233933936631133e-05, 1.0560345339915473e-05, 2.223220860280567e-06]",0.0009765625,0,1,0,0,0,0,0.007411,localPolishEndpoint
15,turningCrossing,30,113,0,0.07546385426615762,2.0813837932062964,0,2.0813837932062964,0.026493481127141345,0.22046101769529303,0.885249415872629,0.07546385426615762,7.546385426615762,773.1332890459962,0.07546385426615762,"[-0.0033242582208004023, -0.008934101959018689, -5.71848677082232e-05, -0.0004916277303887995, -1.9760797439861703e-05, 5.033267843039579e-05, 1.0230334548042825e-05, 2.1537452083997266e-06]",0.0009765625,0,1,0,0,0,0,0.00745,localPolishEndpoint
15,turningCrossing,30,114,0,0.326200897128909,2.086264024463938,0,2.086264024463938,0.020433695195541952,0.5171833054316362,1.1819717036089588,0.326200897128909,32.6200897128909,782.6708350049764,0.326200897128909,"[-0.009940444842271745, -0.038658239977202524, -0.000604172608030994, -0.0020229089747623163, 2.7200559531945317e-05, -7.102674088533745e-05, 4.286679727067642e-05, 3.5427221277556376e-06]",0.0009765625,0,1,0,0,0,0,0.043466,localConicEvaluation
15,turningCrossing,30,115,0,0.3136201616534013,2.086264024463938,0,2.086264024463938,0.020433695195541952,0.5067043680872513,1.171492766264585,0.3136201616534013,31.36201616534013,782.6113059782433,0.3136201616534013,"[-0.00957667715009336, -0.0373069050220665, -0.0005512496473396773, -0.001790702440583658, -1.5569449150621467e-06, -1.582578905209095e-05, 4.152720985596296e-05, 3.4320120612593707e-06]",0.0009765625,0,1,0,0,0,0,0.007327,localPolishEndpoint
15,turningCrossing,30,116,0,0.11578197528852008,2.0838354635205434,0,2.0838354635205434,0.023576178666228083,0.3688221615634646,1.0336105597407867,0.11578197528852008,11.578197528852009,777.5003822004055,0.11578197528852008,"[-0.004097720491898826, -0.013760590201814683, -0.0001728933107497738, -0.000742260927568239, -1.452569838722887e-06, 2.9688015663201745e-06, 2.6548565909359623e-05, 2.848233668077682e-06]",0.0009765625,0,1,0,0,0,0,0.04332,localConicEvaluation
15,turningCrossing,30,117,0,0.11186678379277867,2.0838354635205434,0,2.0838354635205434,0.023576178666228083,0.3647807936816548,1.0295691918589898,0.11186678379277867,11.186678379277867,777.4775445383839,0.11186678379277867,"[-0.0039624907207382876, -0.013313124584508711, -0.00016402554325478178, -0.0006982704495808179, -4.3330695887757774e-06, 4.4162257922942175e-06, 2.571892322469274e-05, 2.759226365948303e-06]",0.0009765625,0,1,0,0,0,0,0.007249,localPolishEndpoint
15,turningCrossing,30,118,0,0.07556763889341174,2.0826124808504667,0,2.0826124808504667,0.02506267333255275,0.2946415896293788,0.9594299878067079,0.07556763889341174,7.556763889341174,775.2235664890443,0.07556763889341174,"[-0.003096324200598133, -0.008981118362167698, -7.792867941319295e-05, -0.0004920678091036024, -1.1918553684077465e-05, 2.991238732523777e-05, 1.8389450228701224e-05, 2.5009894382387043e-06]",0.0009765625,0,1,0,0,0,0,0.042578,localConicEvaluation
15,turningCrossing,30,119,0,0.07306754575967217,2.0826124808504667,0,2.0826124808504667,0.02506267333255275,0.29184550448005175,0.9566339026573802,0.07306754575967217,7.306754575967217,775.2078189156828,0.07306754575967217,"[-0.002996315878704081, -0.008693126341750375, -7.41800856489504e-05, -0.00046766789632890493, -1.2559622703939891e-05, 2.8779631333500307e-05, 1.7814779909055204e-05, 2.4228335182945038e-06]",0.0009765625,0,1,0,0,0,0,0.007565,localPolishEndpoint
15,turningCrossing,30,120,0,0.6710920877848597,2.104253148274768,0,2.104253148274768,0.045520709268972455,0.5588570150005323,1.223645413177856,0.6710920877848597,67.10920877848598,799.3073520095925,0.6710920877848597,"[-0.01813638478682833, -0.08029102875177424, -0.001221586120628433, -0.003893653815664422, 4.6857347303034065e-05, -0.00011770443246762649, 4.5842342938629465e-05, 5.021851839478314e-06]",0.0009765625,0,1,0,0,0,0,0.042799,localConicEvaluation
15,turningCrossing,30,121,0,0.19622193006989794,2.0937576152604347,0,2.0937576152604347,0.035728182455305964,0.42535125974029203,1.0901396579176252,0.19622193006989794,19.622193006989793,786.5479878317386,0.19622193006989794,"[-0.005906226928090064, -0.023499599281991895, -0.0003255299966032087, -0.0011832634828952138, 1.3729908903669301e-05, -2.084250290398216e-05, 3.182856142384233e-05, 3.722342678886409e-06]",0.0009765625,0,1,0,0,0,0,0.042556,localConicEvaluation
15,turningCrossing,30,122,0,0.18925583082817515,2.0937576152604347,0,2.0937576152604347,0.035728182455305964,0.41863408081920495,1.083422478996532,0.18925583082817515,18.925583082817514,786.5097754165988,0.18925583082817515,"[-0.005700898290811551, -0.02271296248172638, -0.0003046579903928089, -0.0010855838396697237, 4.037610651407192e-06, -1.3412993485272812e-05, 3.0833918879345905e-05, 3.6060194701613424e-06]",0.0009765625,0,1,0,0,0,0,0.007345,localPolishEndpoint
15,turningCrossing,30,123,0,0.0935963954866688,2.088266743273471,0,2.088266743273471,0.030503809078077156,0.3585983821101719,1.0233867802875027,0.0935963954866688,9.35963954866688,780.7225385592642,0.0935963954866688,"[-0.0033348988012562586, -0.011203301796459843, -0.00012527176830467906, -0.0005857441651855311, -3.3574097656641136e-07, 9.699099717338343e-06, 2.482167066644877e-05, 3.0725880985904563e-06]",0.0009765625,0,1,0,0,0,0,0.042655,localConicEvaluation
15,turningCrossing,30,124,0,0.09046818876054949,2.088266743273471,0,2.088266743273471,0.030503809078077156,0.3552452431723152,1.020033641349649,0.09046818876054949,9.04681887605495,780.703578814373,0.09046818876054949,"[-0.003225740257036591, -0.010841530899163352, -0.00011920830740077798, -0.0005536493439528556, -2.1103715050495476e-06, 9.382380990880828e-06, 2.4045993458120857e-05, 2.9765697205051678e-06]",0.0009765625,0,1,0,0,0,0,0.007203,localPolishEndpoint
15,turningCrossing,30,125,0,36.28872689772068,1.6115794461692543,0,1.6115794461692543,-0.2319847919338247,-0.6647883976199235,5.573996871705011e-10,36.28872689772068,3661.839170908839,682.6038012456536,36.28872689772068,"[0.07734844039681832, 4.426673118701209, 0.08209069723167477, -0.0821177854325903, 0.002085485616240174, -0.0010086536941479726, 0.0001213141315295587, 9.568100635369559e-07]",0.0009765625,0.2319847919338247,17,0,0,0,0,0.044278,localConicEvaluation
15,turningCrossing,30,126,0,11.975301913856779,1.8843868481907218,0,1.8843868481907218,-0.05024399622666808,-0.18647144656993586,0.47831695160738996,11.975301913856779,1202.5545910083447,631.1553508694722,11.975301913856779,"[0.12199905753050189, 1.4556870831147035, 0.026830929478630472, -0.0062635788470544185, 0.0006500397785826095, -1.3532567175751479e-05, 6.956445571930695e-05, 1.6898217909157298e-06]",0.0009765625,0.05024399622666808,17,0,0,0,0,0.043888,localConicEvaluation
15,turningCrossing,30,127,0,3.201198752452875,1.9931200649870564,0,1.9931200649870564,0.0025993122407694854,0.052687028955057946,0.7174754271323922,3.201198752452875,320.1198752452875,700.6306090253325,3.201198752452875,"[0.039066600182721345, 0.388105835637058, 0.007242267449158553, -0.0004328889683797854, 0.0001378873597046966, 3.5772821790812804e-05, 4.3689617814181075e-05, 2.056327654605117e-06]",0.0009765625,0,1,0,0,0,0,0.044316,localConicEvaluation
15,turningCrossing,30,128,0,4.433002643122057,1.9931200649870564,0,1.9931200649870564,0.0025993122407694854,0.21520929841498276,0.8799976965923053,4.433002643122057,443.3002643122057,701.6956665542064,4.433002643122057,"[0.04247332918160396, 0.41330153030410416, 0.03190854138020127, -0.05524585702920781, -0.011677352043836211, 0.14596178720152378, 4.095901670080716e-05, 1.9278071759186444e-06]",0.0009765625,0,1,0,0,0,0,0.007763,localPolishEndpoint
15,turningCrossing,30,129,0,3.8227582987291213,1.9931200649870564,0,1.9931200649870564,0.0025993122407694854,0.13394816368502035,0.7987365618623488,3.8227582987291213,382.27582987291214,701.1200918520051,3.8227582987291213,"[0.04017801941860455, 0.3965781398089228, 0.021121165660926436, -0.0024350486652782166, -0.003237248754497957, 0.09613921715920233, 4.232431725749412e-05, 1.992067415260146e-06]",0.0009765625,0,1,0,0,0,0,0.007422,localPolishEndpoint
15,turningCrossing,30,130,0,0.032698230075165584,2.0802462335549596,0,2.0802462335549596,0.02250369005280218,0.57109932105739,1.2358877192347182,0.032698230075165584,3.269823007516558,776.6418644058492,0.032698230075165584,"[-0.0014288304290772658, -0.0038425852211972427, -5.647504736905038e-05, -0.00027862440829018453, 0.0003454492424289172, -4.441683432007238e-05, 1.1048197323842243e-06, 4.036639750983756e-06]",0.0009765625,0,1,0,0,0,0,0.044135,localConicEvaluation
15,turningCrossing,30,131,0,0.027941477251549933,2.0802462335549596,0,2.0802462335549596,0.02250369005280218,0.5659035965426723,1.2306919947199975,0.027941477251549933,2.794147725154993,776.6129125002601,0.027941477251549933,"[-0.00123690865771664, -0.003328818378564435, -4.171042900262713e-05, -0.000202719172175847, 0.00029532970297260986, -2.982175283186473e-05, 9.66717265837204e-07, 3.5320597821068833e-06]",0.0009765625,0,1,0,0,0,0,0.007242,localPolishEndpoint
15,turningCrossing,30,132,0,0.02604777778007544,2.0802462335549596,0,2.0802462335549596,0.02250369005280218,0.5635636847813987,1.228352082958729,0.02604777778007544,2.604777778007544,776.5996644236471,0.02604777778007544,"[-0.0011569890947100703, -0.0031148591825524144, -3.8082754574687665e-05, -0.00018323368444939092, 0.00027601620072278786, -2.846665775515194e-05, 9.062974367218545e-07, 3.311306045729323e-06]",0.0009765625,0,1,0,0,0,0,0.00746,localPolishEndpoint
15,turningCrossing,30,133,0,0.025184475402102037,2.0802462335549596,0,2.0802462335549596,0.02250369005280218,0.5624503427348755,1.2272387409122063,0.025184475402102037,2.518447540210204,776.5933573162406,0.025184475402102037,"[-0.0011202452262892848, -0.003016224492512682, -3.667626721721263e-05, -0.00017597473721764345, 0.00026722551333935226, -2.7702408231154562e-05, 8.779756418243648e-07, 3.2078277317978965e-06]",0.0009765625,0,1,0,0,0,0,0.007172,localPolishEndpoint
15,turningCrossing,30,134,0,0.15741502463217144,2.084856586280891,0,2.084856586280891,0.008676151593658204,0.8681112492535583,1.5328996474308882,0.15741502463217144,15.741502463217143,782.4644582876984,0.15741502463217144,"[-0.004849426102921939, -0.018709120676858024, -0.00029626573967310785, -0.0009085946417819457, 0.00020305199197994701, -3.432145994424799e-05, -6.770401805196179e-06, 3.3409384694246813e-06]",0.0009765625,0,1,0,0,0,0,0.04407,localConicEvaluation
15,turningCrossing,30,135,0,0.1517975688512874,2.084856586280891,0,2.084856586280891,0.008676151593658204,0.8634133604758741,1.5282017586532037,0.1517975688512874,15.17975688512874,782.4388579029903,0.1517975688512874,"[-0.00468421841068789, -0.018084395143780827, -0.0002769223860468366, -0.0008375179151869361, 0.00018583132578481047, -2.0083823392615403e-05, -6.55882674878582e-06, 3.2365341422480043e-06]",0.0009765625,0,1,0,0,0,0,0.007449,localPolishEndpoint
15,turningCrossing,30,136,0,0.05044760873960586,2.0825645774701713,0,2.0825645774701713,0.015653533676271765,0.7152807959942169,1.3800691941715473,0.05044760873960586,5.044760873960586,779.3355838665154,0.05044760873960586,"[-0.0017531084803721342, -0.006045497827812677, -8.956938057104325e-05, -0.00031213823325160206, 0.00023020636967776298, -2.5369755191485604e-05, -2.946213081685907e-06, 3.274383100611289e-06]",0.0009765625,0,1,0,0,0,0,0.043672,localConicEvaluation
15,turningCrossing,30,137,0,0.04696240192995695,2.0825645774701713,0,2.0825645774701713,0.015653533676271765,0.7117193745029804,1.3765077726803059,0.04696240192995695,4.696240192995695,779.3157613692975,0.04696240192995695,"[-0.0016367120598346219, -0.005650002939852426, -8.032567872840777e-05, -0.00027347393961640876, 0.0002119040480412345, -2.2798552299067744e-05, -2.7620747640827963e-06, 3.069734156823517e-06]",0.0009765625,0,1,0,0,0,0,0.007298,localPolishEndpoint
15,turningCrossing,30,138,0,0.028055134838520922,2.0814086840182453,0,2.0814086840182453,0.01909436529667486,0.6388655693645462,1.3036539675418697,0.028055134838520922,2.805513483852092,777.9185793528115,0.028055134838520922,"[-0.0011359672775625995, -0.0033810611209486217, -4.4756653853669745e-05, -0.00018794658594778468, 0.0002474737164804452, -2.5158053008817705e-05, -1.034118719930771e-06, 3.2411054162045927e-06]",0.0009765625,0,1,0,0,0,0,0.043993,localConicEvaluation
15,turningCrossing,30,139,0,0.026150363445942532,2.0814086840182453,0,2.0814086840182453,0.01909436529667486,0.6365908101776627,1.3013792083549947,0.026150363445942532,2.615036344594253,777.9057778023578,0.026150363445942532,"[-0.0010623891943453145, -0.003163661230336196, -4.084082391821501e-05, -0.0001692599033908948, 0.00023093863212110996, -2.3861347012394545e-05, -9.694862999352747e-07, 3.0385363276909383e-06]",0.0009765625,0,1,0,0,0,0,0.007481,localPolishEndpoint
15,turningCrossing,30,140,0,14.004853418800824,1.8225337155104344,0,1.8225337155104344,-0.09800644989491736,-0.3475681811164161,0.3172202170609142,14.004853418800824,1414.3104461673606,600.7343641407183,14.004853418800824,"[0.07259225276166603, 1.7061336273923453, 0.031844905418303635, -0.03538474217035592, 0.0009314099312695552, -0.00044837750903820657, 0.00012381700885020038, 1.1772758395645067e-06]",0.0009765625,0.09800644989491736,17,0,0,0,0,0.043779,localConicEvaluation
15,turningCrossing,30,141,0,4.278205082620889,1.9663179071449937,0,1.9663179071449937,-0.014208547420477608,0.1074410808092297,0.7722294789865531,4.278205082620889,429.24136300413664,681.5591714096604,4.278205082620889,"[0.04047791404337886, 0.5201139410669599, 0.009670868169014796, -0.00545602428604397, 0.000341990835882096, -7.489536619493121e-05, 6.234749224601237e-05, 2.1925517856812016e-06]",0.0009765625,0.014208547420477608,17,0,0,0,0,0.044241,localConicEvaluation
15,turningCrossing,30,142,0,5.477862577002524,1.9663179071449937,0,1.9663179071449937,-0.014208547420477608,0.24876164288467104,0.9135500410620028,5.477862577002524,549.2071124423002,682.5358479489822,5.477862577002524,"[0.042911102383840216, 0.5542565567176916, 0.03226187105494984, -0.1295976756903734, -0.009620679768513102, 0.0994527527871267, 5.845077398051799e-05, 2.055517299506121e-06]",0.0009765625,0.014208547420477608,17,0,0,0,0,0.007233,localPolishEndpoint
15,turningCrossing,30,143,0,5.5588331285868895,1.9663179071449937,0,1.9663179071449937,-0.014208547420477608,0.17810136184695036,0.8428897600242851,5.5588331285868895,557.3041676007367,682.0824572048105,5.5588331285868895,"[0.03829994253224811, 0.5423728332564178, 0.035880681383725216, -0.06048337725037456, -0.012525028700295992, 0.18432890721754253, 6.0399133113265184e-05, 2.1240345425936613e-06]",0.0009765625,0.014208547420477608,17,0,0,0,0,0.007381,localPolishEndpoint
15,turningCrossing,30,144,0,1.1371831077015337,2.0270147704323196,0,2.0270147704323196,0.010413068864048696,0.33494571177205257,0.9997341099493797,1.1371831077015337,113.71831077015338,731.6631799759057,1.1371831077015337,"[0.011730187115418289, 0.13817352026730056, 0.0025830449681228046, -0.001103876347261945, 0.00022145929632824408, -3.275626687063896e-05, 3.161273394391837e-05, 2.7001897587378143e-06]",0.0009765625,0,1,0,0,0,0,0.043032,localConicEvaluation
15,turningCrossing,30,145,0,2.2780019873311437,2.0270147704323196,0,2.0270147704323196,0.010413068864048696,0.47063400451937215,1.1354224026966977,2.2780019873311437,227.80019873311437,732.5688129346595,2.2780019873311437,"[0.017298525436928003, 0.1621829791632181, 0.023096637184308173, -0.0003479583263352737, -0.01002565188500564, 0.12143728840120867, 2.7661142200928622e-05, 2.3626660388999243e-06]",0.0009765625,0,1,0,0,0,0,0.007517,localPolishEndpoint
15,turningCrossing,30,146,0,1.2816925027573782,2.0270147704323196,0,2.0270147704323196,0.010413068864048696,0.40278985814571233,1.0675782563230387,1.2816925027573782,128.16925027573782,732.0695874216674,1.2816925027573782,"[0.013346068746074025, 0.13792222241924884, 0.006310957945497841, 0.005464904445464214, 0.00029324716011812964, 0.02274893587905067, 2.9636938072423497e-05, 2.5314278988171346e-06]",0.0009765625,0,1,0,0,0,0,0.007227,localPolishEndpoint
15,turningCrossing,30,147,0,1.1409064517670877,2.0270147704323196,0,2.0270147704323196,0.010413068864048696,0.36886778495888245,1.0336561831362092,1.1409064517670877,114.09064517670878,731.8593600501273,1.1409064517670877,"[0.011984260238904199, 0.13558187631657023, 0.0032210972936069578, 0.0009445880462148892, 0.00043457562400395634, 0.004229265212651602, 3.062483600817094e-05, 2.615808828779209e-06]",0.0009765625,0,1,0,0,0,0,0.00719,localPolishEndpoint
15,turningCrossing,5,1,0,3.4004808357550593,0,0,0,-3.4004808357550593,0,0.6647883981773293,0,1767.1378234045453,0,-0.0009765625,"[0, 0, 0, 0, 0, 0, 0, 0]",0.0009765625,3.4004808357550593,18,0,0,0,0,0.043608,solvePredictiveControl
15,turningCrossing,5,2,0,20.57149383683349,0.8809252649726108,0,0.8809252649726108,-2.0244550120885494,0.3130565480463177,0.9778449462236483,20.57149383683349,2926.272720480928,165.7462323186551,20.57149383683349,"[-2.0546202011064736, -0.8273061465004268, -0.012185558402638276, -0.35942473233872185, 2.858164136118537e-05, 0.00010183522822498825, 7.815478242037543e-06, 2.397016576755062e-06]",0.0009765625,2.0244550120885494,17,0,0,0,0,0.042526,localConicEvaluation
15,turningCrossing,5,3,0,2.437724339483193,0.8809252649726108,0,0.8809252649726108,-2.0244550120885494,-1.1803497930559363,-0.5155613948786095,2.437724339483193,1164.4519102337592,161.5507808333608,2.437724339483193,"[-0.12551289125754295, -0.13691217773315395, -0.013246548937301442, -0.17761472033095593, 0.06368765385333458, 0.025714896893614888, 4.241110907561227e-16, 4.5102810375396984e-17]",0.0009765625,2.0244550120885494,17,0,0,0,0,0.007188,localPolishEndpoint
15,turningCrossing,5,4,0,2.0244550120885494,0.8809252649726108,0,0.8809252649726108,-2.0244550120885494,-1.2337480277084014,-0.5689596295310719,0.7012270911442812,996.1420088651143,162.28671310632166,0.7012270911442812,"[-0.01552203617504233, -0.05967016428269164, -0.004402359096508325, -0.040738598013017935, 0.015961960970998227, 0.01700946825807109, -5.5207272188583414e-17, 0]",0.0009765625,2.0244550120885494,17,0,0,0,0,0.007056,localPolishEndpoint
15,turningCrossing,5,5,0,2.0244550120885494,0.8809252649726108,0,0.8809252649726108,-2.0244550120885494,-1.2539663638765242,-0.5891779656991998,0.25759978440855485,953.8011118083546,162.80997339941678,0.25759978440855485,"[-0.004304048042939712, -0.017374973987893737, -0.0022708542202292247, -0.015919228115699013, 0.00546771083614736, -0.0053868388535691135, -2.2789853845799378e-17, 6.938893903907228e-18]",0.0009765625,2.0244550120885494,17,0,0,0,0,0.007126,localPolishEndpoint
15,turningCrossing,5,6,0,2.0244550120885494,0.8809252649726108,0,0.8809252649726108,-2.0244550120885494,-1.2570035225784901,-0.5922151244011571,0.025119810199745633,930.8568302576693,163.07073597573464,0.025119810199745633,"[-0.0003646739783249586, 0.0008826194326660228, 0.0004046523640139097, -0.0011622151624717247, -0.000409990019241629, -0.00021279129596423247, -1.0551912237141178e-17, -3.469446951953614e-18]",0.0009765625,2.0244550120885494,17,0,0,0,0,0.007136,localPolishEndpoint
15,turningCrossing,5,7,0,2.0244550120885494,0.8809252649726108,0,0.8809252649726108,-2.0244550120885494,-1.2577260555916694,-0.5929376574143459,0.0006599907589280166,928.4831016149064,163.10664594408482,0.0006599907589280166,"[-6.579312866961118e-06, 9.752861554529046e-05, 2.208383639173132e-05, -2.0650696603397023e-05, -2.1170584077382114e-05, 3.1642930115393896e-07, -9.406081157112702e-19, 0]",0.0009765625,2.0244550120885494,17,0,0,0,0,0.007137,localPolishEndpoint
15,turningCrossing,5,8,0,37.54261371755662,2.1589233739588525,0,2.1589233739588525,-0.6781466487753207,-0.6208848274286098,0.0439035707487181,37.54261371755662,3868.049275870462,1093.9153700109823,37.54261371755662,"[-1.6200802035756254, -4.3234678494032295, -0.04462604302549077, -0.2613233737175591, -0.0085134627298668, 0.0021016083359213936, 5.638902801474627e-05, 2.0535300476465235e-06]",0.0009765625,0.6781466487753207,17,0,0,0,0,0.042692,localConicEvaluation
15,turningCrossing,5,9,0,33.20913235246365,2.1589233739588525,0,2.1589233739588525,-0.6781466487753207,-0.9298553315982321,-0.2650669334209039,33.20913235246365,3461.2078327032555,1079.2026049721248,33.20913235246365,"[-1.526117158149134, -4.023431275000555, 0.024313989259638732, -0.22030071728275225, -0.0664613723611, 0.1875736557989356, 5.462687088929676e-05, 1.9893572336428245e-06]",0.0009765625,0.6781466487753207,17,0,0,0,0,0.007182,localPolishEndpoint
15,turningCrossing,5,10,0,8.37831850627672,1.6508155690369892,0,1.6508155690369892,-1.1890186409850434,-0.9393054415101396,-0.2745170433328139,8.37831850627672,1190.590616046139,456.67602594533923,8.37831850627672,"[-0.4161811891369638, -0.9352032939719392, -0.009023427220510662, -0.07049564671355846, -0.002423267013048794, 0.0008871292720452617, 2.8194514007372664e-05, 1.0267650238232617e-06]",0.0009765625,1.1890186409850434,17,0,0,0,0,0.042509,localConicEvaluation
15,turningCrossing,5,11,0,5.159789200562093,1.6508155690369892,0,1.6508155690369892,-1.1890186409850434,-1.0966870738560388,-0.43189867567870244,5.159789200562093,884.4758487092652,454.7388699542114,5.159789200562093,"[-0.3368594407906187, -0.6557530199529104, 0.041767021223806926, -0.012545524730121826, -0.06364465140762154, 0.019530635279575156, 2.467019975641995e-05, 8.98419395833211e-07]",0.0009765625,1.1890186409850434,17,0,0,0,0,0.007153,localPolishEndpoint
15,turningCrossing,5,12,0,6.5206661914916255,1.6508155690369892,0,1.6508155690369892,-1.1890186409850434,-1.081125363415168,-0.41633696523783903,6.5206661914916255,1019.0073767581321,455.94538756663536,6.5206661914916255,"[-0.3075635210159504, -0.7709120684138195, -0.0006947712509681169, -0.023884110236421563, 0.029989212697326482, 0.023360407399658015, 2.312831227166215e-05, 8.422681834867329e-07]",0.0009765625,1.1890186409850434,17,0,0,0,0,0.007197,localPolishEndpoint
15,turningCrossing,5,13,0,5.482116063629844,1.6508155690369892,0,1.6508155690369892,-1.1890186409850434,-1.0889062186356036,-0.42411782045827073,5.482116063629844,915.930449493997,455.143646826043,5.482116063629844,"[-0.3206490085191831, -0.6935913469120414, 0.026796559535598972, -0.010254108589355937, -0.03395624768929542, 0.017848614598644272, 2.389925601404105e-05, 8.703437896599719e-07]",0.0009765625,1.1890186409850434,17,0,0,0,0,0.007121,localPolishEndpoint
15,turningCrossing,5,14,0,28.756356522237354,2.2621980491167815,0,2.2621980491167815,-0.3107340510146608,-0.4643960904720903,0.20039230770523653,28.756356522237354,2908.982868120497,1065.3564669045186,28.756356522237354,"[-1.250927958455506, -3.267244913492079, -0.041829933553652214, -0.26239230696796056, 0.016817956018733086, 0.0037755154316888116, -6.285542179342053e-06, -2.6383160576411158e-06]",0.0009765625,0.3107340510146608,17,0,0,0,0,0.042699,localConicEvaluation
15,turningCrossing,5,15,0,7.794829124673123,2.0661151184409254,0,2.0661151184409254,-0.5726825830007669,-0.7805415821640646,-0.11575318398673295,7.794829124673123,902.6113188352414,685.9735182521092,7.794829124673123,"[-0.44456675707964166, -0.9133190130481577, 0.01387615185664141, -0.0655957178720481, -0.026915865422813705, 0.010559105558428922, 9.19232878853895e-06, -8.699483309039524e-07]",0.0009765625,0.5726825830007669,17,0,0,0,0,0.042626,localConicEvaluation
15,turningCrossing,5,16,0,9.930038447141683,2.0661151184409254,0,2.0661151184409254,-0.5726825830007669,-0.7681815159760151,-0.10339311779868132,9.930038447141683,1114.896244463292,688.2040562715449,9.930038447141683,"[-0.42470732814426526, -1.0524117827831148, -0.03291380109839973, -0.12380087403943385, 0.08116742794817085, 0.03299340438172904, 8.61780823926692e-06, -8.155765602313458e-07]",0.0009765625,0.5726825830007669,17,0,0,0,0,0.007102,localPolishEndpoint
15,turningCrossing,5,17,0,8.970164025756748,2.0661151184409254,0,2.0661151184409254,-0.5726825830007669,-0.7743615490700398,-0.10957315089270714,8.970164025756748,1019.5268056342012,687.158961110511,8.970164025756748,"[-0.43299902896852416, -0.992358062593223, -0.013922969957854772, -0.08991772283013333, 0.03301289591411282, 0.019035941597, 8.905068513902934e-06, -8.427624455659144e-07]",0.0009765625,0.5726825830007669,17,0,0,0,0,0.006975,localPolishEndpoint
15,turningCrossing,5,18,0,5.023151935652602,1.8863538700738829,0,1.8863538700738829,-0.8418128798077305,-0.9386143280100516,-0.2738259298327177,5.023151935652602,718.9713476281759,568.3630445073993,5.023151935652602,"[-0.3211530854422904, -0.621955303945654, 0.029785693400930933, -0.023961477090820082, -0.04644722352889722, 0.01481872931355617, 1.693126427247945e-05, 1.4235532464629275e-08]",0.0009765625,0.8418128798077305,17,0,0,0,0,0.042506,localConicEvaluation
15,turningCrossing,5,19,0,6.816030143079942,1.8863538700738829,0,1.8863538700738829,-0.8418128798077305,-0.9242857412667453,-0.2594973430894141,6.816030143079942,896.8263096965795,569.8064982778134,6.816030143079942,"[-0.3034491852509831, -0.7500360338112172, -0.015910934972214137, -0.06263679852175308, 0.05725287316380344, 0.027658934579165864, 1.5873060255402778e-05, 1.3345811702286658e-08]",0.0009765625,0.8418128798077305,17,0,0,0,0,0.007103,localPolishEndpoint
15,turningCrossing,5,20,0,5.639833648154321,1.8863538700738829,0,1.8863538700738829,-0.8418128798077305,-0.9314500346383985,-0.266661636461073,5.639833648154321,779.9230895411832,568.9245598131317,5.639833648154321,"[-0.30952461409872, -0.6749320317368671, 0.010455615725618067, -0.03334557260032511, -0.0065068887544880594, 0.017192516414948067, 1.6402162263941114e-05, 1.3790672083457967e-08]",0.0009765625,0.8418128798077305,17,0,0,0,0,0.006973,localPolishEndpoint
15,turningCrossing,5,21,0,43.96997285548607,2.2701768904574595,0,2.2701768904574595,-0.03303529874761834,-0.42334108728948705,0.24144731088784277,43.96997285548607,4400.300815423369,1413.9028459706674,43.96997285548607,"[-2.1687154552139987, -4.834752204226986, -0.06424743553556364, -0.4484842001781306, 0.011135738722260521, 0.0008492772872135205, 3.7034149176040605e-05, -1.2611051135657386e-05]",0.0009765625,0.03303529874761834,17,0,0,0,0,0.043292,localConicEvaluation
15,turningCrossing,5,22,0,8.811639118165985,2.1645002830819564,0,2.1645002830819564,-0.28408283840758464,-0.6809777076497694,-0.01618930947244456,8.811639118165985,938.2842981153664,780.1043612576761,8.811639118165985,"[-0.547245093181445, -0.9654116340302953, 0.008298701303956648, -0.09915412008323088, -0.018975358334447794, 0.007997361349745345, 2.698270672426003e-05, -6.2984078015963785e-06]",0.0009765625,0.28408283840758464,16,0,0,0,0,0.043029,localConicEvaluation
15,turningCrossing,5,23,0,10.523754870978221,2.1645002830819564,0,2.1645002830819564,-0.28408283840758464,-0.6760669097335754,-0.011278511556248589,10.523754870978221,1109.0047936049705,782.246237581232,10.523754870978221,"[-0.5159757032938757, -1.0882341379320912, -0.03188201429931152, -0.13668616107867493, 0.07553969309983374, 0.037828346690125615, 2.5296287554048298e-05, -5.904757314035419e-06]",0.0009765625,0.28408283840758464,16,0,0,0,0,0.007353,localPolishEndpoint
15,turningCrossing,5,24,0,9.815129781820701,2.1645002830819564,0,2.1645002830819564,-0.28408283840758464,-0.6785223086916724,-0.01373391051433947,9.815129781820701,1038.3878245850274,781.2781459042308,9.815129781820701,"[-0.5313801581476696, -1.0369985053328936, -0.01674013660781103, -0.11807064006777601, 0.03525935696371944, 0.018687183945436225, 2.6139497139154162e-05, -6.101582557815899e-06]",0.0009765625,0.28408283840758464,16,0,0,0,0,0.007357,localPolishEndpoint
15,turningCrossing,5,25,0,5.108092815711999,2.04978933513509,0,2.04978933513509,-0.5200083682657535,-0.8097960178299105,-0.14500761965258113,5.108092815711999,629.1278400088765,670.7023547043775,5.108092815711999,"[-0.33294782456087546, -0.6010355987239352, 0.021118231022712704, -0.038740724187388054, -0.033687800843228984, 0.011266446027602354, 2.195698549836974e-05, -3.1420861345658746e-06]",0.0009765625,0.5200083682657535,17,0,0,0,0,0.043061,localConicEvaluation
15,turningCrossing,5,26,0,7.3119128966687175,2.04978933513509,0,2.04978933513509,-0.5200083682657535,-0.786593455732389,-0.12180505755505755,7.3119128966687175,847.189591894796,672.783783585013,7.3119128966687175,"[-0.2957040454723341, -0.7602616872621653, -0.029592844985049972, -0.09881900399889254, 0.08708147611011474, 0.04650127072690418, 1.921236231108039e-05, -2.7493253677637886e-06]",0.0009765625,0.5200083682657535,17,0,0,0,0,0.007165,localPolishEndpoint
15,turningCrossing,5,27,0,6.700079349228711,2.04978933513509,0,2.04978933513509,-0.5200083682657535,-0.7981947367811497,-0.13340633860382645,6.700079349228711,787.1663652556722,672.0371491151345,6.700079349228711,"[-0.3152830896475223, -0.7132342339489868, -0.01832461768259034, -0.07440668667882022, 0.055979646860769505, 0.026617742017455284, 2.0584673904725065e-05, -2.9457057511665663e-06]",0.0009765625,0.5200083682657535,17,0,0,0,0,0.007205,localPolishEndpoint
15,turningCrossing,5,28,0,5.707709005658025,2.04978933513509,0,2.04978933513509,-0.5200083682657535,-0.8039953773055302,-0.13920697912819668,5.707709005658025,688.5093949510406,671.2613010583091,5.707709005658025,"[-0.3221818015530147, -0.6495083366564339, 0.003639106208041689, -0.04968071898454163, 0.002480984634125822, 0.015375667318286873, 2.12708297015474e-05, -3.0438959428662204e-06]",0.0009765625,0.5200083682657535,17,0,0,0,0,0.007397,localPolishEndpoint
15,turningCrossing,5,29,0,74.2977392274023,2.266090968449508,0,2.266090968449508,0.09259755044832496,-0.368384298950901,0.29640409922642896,74.2977392274023,7429.773922740231,2251.0645035902044,74.2977392274023,"[-3.2711798840735042, -8.330327164103936, -0.1311373500752751, -0.5985851472743775, 0.005938063118965336, -0.0027331430212443036, 4.316299898133032e-05, -1.5228518370834915e-05]",0.0009765625,0,1,0,0,0,0,0.043594,localConicEvaluation
15,turningCrossing,5,30,0,10.201184622083725,2.198008836908031,0,2.198008836908031,-0.16026702249213876,-0.5890901583904058,0.07569823978692392,10.201184622083725,1041.677792918324,845.5483946759118,10.201184622083725,"[-0.5773334513627617, -1.1321734329587636, 0.0010354234538971104, -0.11189873658098826, -0.013523062129121827, 0.005919555006374351, 3.255999223985003e-05, -9.185302252700395e-06]",0.0009765625,0.16026702249213876,16,0,0,0,0,0.043114,localConicEvaluation
15,turningCrossing,5,31,0,11.716359705347497,2.198008836908031,0,2.198008836908031,-0.16026702249213876,-0.5947627539240365,0.07002564425329916,11.716359705347497,1193.1953012447013,847.8665262331249,11.716359705347497,"[-0.5360578163693077, -1.2483824947500715, -0.03374126113515228, -0.11916330298282496, 0.07121178514274856, 0.05015679945900177, 3.0524992724786396e-05, -8.611220861952373e-06]",0.0009765625,0.16026702249213876,16,0,0,0,0,0.007405,localPolishEndpoint
15,turningCrossing,5,32,0,11.155148397417271,2.198008836908031,0,2.198008836908031,-0.16026702249213876,-0.5919264561572212,0.07286194202010443,11.155148397417271,1137.0741704516786,846.8261318604252,11.155148397417271,"[-0.5579424976958478, -1.1998216770220447, -0.021918218464397336, -0.12134550452179482, 0.0368387927892699, 0.0210166409072154, 3.1542492482318215e-05, -8.89826155732465e-06]",0.0009765625,0.16026702249213876,16,0,0,0,0,0.007145,localPolishEndpoint
15,turningCrossing,5,33,0,5.3594025343090665,2.135248275337916,0,2.135248275337916,-0.31521367302380887,-0.6994430881101581,-0.0346546899328286,5.3594025343090665,596.6318226356559,746.0696623527595,5.3594025343090665,"[-0.3418926922414727, -0.6121143740753854, 0.014202426935326452, -0.05018331833054113, -0.024354969210538775, 0.008550244571430728, 2.7258488869109886e-05, -6.163694193633135e-06]",0.0009765625,0.31521367302380887,16,0,0,0,0,0.043156,localConicEvaluation
15,turningCrossing,5,34,0,7.242020390313831,2.135248275337916,0,2.135248275337916,-0.31521367302380887,-0.6830266801119965,-0.01823828193466403,7.242020390313831,783.251967436316,748.0695702582829,7.242020390313831,"[-0.2970657397633687, -0.7542886406721583, -0.029169243193193535, -0.08135128989847829, 0.08184278742980013, 0.053701156530601604, 2.3851177760418204e-05, -5.393232419333149e-06]",0.0009765625,0.31521367302380887,16,0,0,0,0,0.00725,localPolishEndpoint
15,turningCrossing,5,35,0,6.712037242681673,2.135248275337916,0,2.135248275337916,-0.31521367302380887,-0.6912348841110773,-0.02644648593375342,6.712037242681673,731.0744730730091,747.3029689293874,6.712037242681673,"[-0.32129970638769123, -0.7080591413603188, -0.018965602162999952, -0.0744432276580298, 0.05129135528698293, 0.026190014821974247, 2.5554833314764045e-05, -5.778463306484877e-06]",0.0009765625,0.31521367302380887,16,0,0,0,0,0.007267,localPolishEndpoint
15,turningCrossing,5,36,0,5.893253814145067,2.135248275337916,0,2.135248275337916,-0.31521367302380887,-0.6953389861106177,-0.030550587933283906,5.893253814145067,649.6065404193016,746.604754643343,5.893253814145067,"[-0.33061690629342877, -0.65361023527213, -0.0007890631111010038, -0.05857214419220469, 0.006600023229841146, 0.01356410576843341, 2.6406661091936965e-05, -5.971078750059006e-06]",0.0009765625,0.31521367302380887,16,0,0,0,0,0.007387,localPolishEndpoint
15,turningCrossing,5,37,0,124.00538876840321,2.2679791859686396,0,2.2679791859686396,0.15856027198030653,-0.48386337899716636,0.18092501918015835,124.00538876840321,12400.53887684032,4157.593809356594,124.00538876840321,"[-5.297805327962962, -13.873827254369917, -0.25227586845430194, -0.7970667609645794, 0.002902812992226869, -0.005703062664973937, 2.9345989770053448e-05, 1.017361434225289e-06]",0.0009765625,0,1,0,0,0,0,0.043695,localConicEvaluation
15,turningCrossing,5,38,0,11.974799482340199,2.223092118645081,0,2.223092118645081,-0.059370102552563024,-0.5916532335536622,0.07313516462367198,11.974799482340199,1203.416958489276,908.3527603512368,11.974799482340199,"[-0.6088961813188973, -1.346980282115806, -0.007137640595871192, -0.1217245956772004, -0.00920499986992986, 0.004656260189557738, 2.8302239319581667e-05, -2.573166379703923e-06]",0.0009765625,0.059370102552563024,16,0,0,0,0,0.043652,localConicEvaluation
15,turningCrossing,5,39,0,13.195609380120763,2.223092118645081,0,2.223092118645081,-0.059370102552563024,-0.6166111006655737,0.0481772975117496,13.195609380120763,1325.4979482673325,910.7212164905977,13.195609380120763,"[-0.556564695866939, -1.4500194849732086, -0.035393984671518317, -0.08612559885249382, 0.06613824512666053, 0.07056626075610459, 2.653334936202098e-05, -2.4123434811014477e-06]",0.0009765625,0.059370102552563024,16,0,0,0,0,0.007275,localPolishEndpoint
15,turningCrossing,5,40,0,12.767983912633264,2.223092118645081,0,2.223092118645081,-0.059370102552563024,-0.6041321671096179,0.0606562310677179,12.767983912633264,1282.7354015185826,909.6246938216952,12.767983912633264,"[-0.5855795601700606, -1.4045689452039305, -0.02612140147262962, -0.11724316286594494, 0.03456472267448299, 0.028389984566929004, 2.741779434080132e-05, -2.4927549304026853e-06]",0.0009765625,0.059370102552563024,16,0,0,0,0,0.007201,localPolishEndpoint
15,turningCrossing,5,41,0,5.819493859674119,2.185250851386374,0,2.185250851386374,-0.1820466271375094,-0.6455481608319101,0.01924023734542169,5.819493859674119,604.0762226402904,807.7764185042474,5.819493859674119,"[-0.34959172566468055, -0.6582805616147565, 0.008127009922733864, -0.058840865247161034, -0.01741614251374938, 0.006560147470243255, 2.7780364094345776e-05, -4.368430286668529e-06]",0.0009765625,0.1820466271375094,16,0,0,0,0,0.042924,localConicEvaluation
15,turningCrossing,5,42,0,7.3752554886062995,2.185250851386374,0,2.185250851386374,-0.1820466271375094,-0.6382555010084007,0.02653289716892738,7.3752554886062995,759.6523855335084,809.721440360239,7.3752554886062995,"[-0.2952889858296146, -0.7824626797127606, -0.02840006377371168, -0.05156516576647974, 0.07815750860902097, 0.06709851761128625, 2.430781858264918e-05, -3.822376500903918e-06]",0.0009765625,0.1820466271375094,16,0,0,0,0,0.007224,localPolishEndpoint
15,turningCrossing,5,43,0,6.930689348216419,2.185250851386374,0,2.185250851386374,-0.1820466271375094,-0.6419018309201554,0.02288656725716743,6.930689348216419,715.1957714945205,808.9273367029471,6.930689348216419,"[-0.325126709341518, -0.7383434390734541, -0.019109507545535333, -0.06809078314219796, 0.04605170654351004, 0.029012840468367097, 2.604409133849748e-05, -4.095403393786223e-06]",0.0009765625,0.1820466271375094,16,0,0,0,0,0.007167,localPolishEndpoint
15,turningCrossing,5,44,0,6.27471434733074,2.185250851386374,0,2.185250851386374,-0.1820466271375094,-0.6437249958760328,0.021063402301301666,6.27471434733074,649.5982714059525,808.281738054439,6.27471434733074,"[-0.3373220603809983, -0.6921507881104921, -0.004458522446971366, -0.06287168498242757, 0.008839615653833937, 0.012851416308133277, 2.691222771642163e-05, -4.231916840229111e-06]",0.0009765625,0.1820466271375094,16,0,0,0,0,0.007394,localPolishEndpoint
15,turningCrossing,5,45,0,108.20216085350732,0.07427244057114683,0,0.07427244057114683,-0.9647739482783348,-0.6647883978866295,2.9070457673030514e-10,108.20216085350732,11063.145852990383,2570.342781366533,108.20216085350732,"[-2.205028540763365, 12.981804992551892, 0.2335699231271092, -0.3804363185068613, 0.010110755682547008, 0.03609478139953643, 7.428806183950722e-05, 8.085415037668853e-07]",0.0009765625,0.9647739482783348,17,0,0,0,0,0.043418,localConicEvaluation
15,turningCrossing,5,46,0,19.386777784888857,1.1828554617928806,0,1.1828554617928806,-0.4996963280558704,-0.6821157429983937,-0.01732734482106201,19.386777784888857,2019.8500596374895,368.5761818994895,19.386777784888857,"[-0.2207726398321057, 2.3228657813927143, 0.04968995792104712, -0.08844745081723282, -0.0026710912048998735, 0.011078465541110515, 5.077327535430855e-05, -2.6775763449331247e-06]",0.0009765625,0.4996963280558704,17,0,0,0,0,0.043565,localConicEvaluation
15,turningCrossing,5,47,0,3.6118631986294254,1.759634768787622,0,1.759634768787622,-0.2993171698899528,-0.6907794155542759,-0.025991017376945307,3.6118631986294254,421.0779881978528,548.8992417259101,3.6118631986294254,"[-0.33530670111161953, -0.26048758284598444, 0.013479470860196106, -0.06857705040247097, -0.015250162900697644, 0.007537281239135494, 3.901588211170922e-05, -4.42063526928313e-06]",0.0009765625,0.2993171698899528,17,0,0,0,0,0.043701,localConicEvaluation
15,turningCrossing,5,48,0,3.8223554866817158,1.759634768787622,0,1.759634768787622,-0.2993171698899528,-0.645126059961124,0.019662338216200455,3.8223554866817158,439.5281152653872,549.4194336520638,3.8223554866817158,"[-0.31490109983660375, -0.29967464323449516, -0.0016420353950376023, -0.0771161217316525, 0.015858175358086053, 0.009112785497335775, 3.657738947968608e-05, -4.144345564949248e-06]",0.0009765625,0.2993171698899528,17,0,0,0,0,0.007219,localPolishEndpoint
15,turningCrossing,5,49,0,3.6041276196313206,1.759634768787622,0,1.759634768787622,-0.2993171698899528,-0.6679527377576999,-0.0031643395803724276,3.6041276196313206,418.021762518385,549.1254678259952,3.6041276196313206,"[-0.32470548194726234, -0.2693223405641764, 0.008633248706095163, -0.06952112675026356, -0.005764935921382002, 0.007684666342428631, 3.779663579569765e-05, -4.282490417114454e-06]",0.0009765625,0.2993171698899528,17,0,0,0,0,0.007264,localPolishEndpoint
15,turningCrossing,5,50,0,3.5988828253951803,1.759634768787622,0,1.759634768787622,-0.2993171698899528,-0.6717339645037185,-0.006945566326386427,3.5988828253951803,417.8754057693723,549.2597388453642,3.5988828253951803,"[-0.31514327004867937, -0.2714371239154174, 0.004085282904822726, -0.07207644897770749, 0.005634016558872876, 0.008362322569379958, 3.661549092708902e-05, -4.148662591598601e-06]",0.0009765625,0.2993171698899528,17,0,0,0,0,0.007306,localPolishEndpoint
15,turningCrossing,5,51,0,223.09385052267686,2.228305383283525,0,2.228305383283525,0.24525492287885364,-0.5381036564070752,0.12668474177025524,223.09385052267686,22309.385052267688,9616.856413689655,223.09385052267686,"[-10.87906779519777, -24.060410505231513, -0.4918099890638566, -1.179272644702536, -0.005680523625635198, -0.013316220373978204, 3.0059180314423648e-05, 2.9058466129196214e-06]",0.0009765625,0,1,0,0,0,0,0.043019,localConicEvaluation
15,turningCrossing,5,52,0,17.17076428010343,2.106362710820561,0,2.106362710820561,-0.013573302334510146,-0.6049188104553969,0.059869587721927305,17.17076428010343,1718.433758243794,871.4265373745168,17.17076428010343,"[-0.7389560798596477, -1.9559371785142141, -0.024777552485956245, -0.1540033442387312, 0.002854002964579358, 0.0034704800095871095, 3.3337335620756335e-05, -6.214079893394897e-07]",0.0009765625,0.013573302334510146,16,0,0,0,0,0.042909,localConicEvaluation
15,turningCrossing,5,53,0,5.328888795732195,1.9641341316968823,0,1.9641341316968823,-0.13960683640967608,-0.6383263874795577,0.026462010697777545,5.328888795732195,552.8415215494467,675.5510495467622,5.328888795732195,"[-0.3524050571898414, -0.5360760549874879, -0.0014323967046409817, -0.07888783154826307, 0.004258837175463953, 0.006175981861225548, 3.497641327392268e-05, -2.3850352904690453e-06]",0.0009765625,0.13960683640967608,16,0,0,0,0,0.04301,localConicEvaluation
15,turningCrossing,5,54,0,137.8990030763141,0.14946801261820913,0,0.14946801261820913,-1.0186725818980518,-0.6647883679471767,3.02301475015726e-08,137.8990030763141,14089.335967987978,4166.380713185712,137.8990030763141,"[-1.2738868989429335, 16.82398121643, 0.297023477460348, 0.045057715362013084, 0.030002133371135924, 0.022032315568742335, 6.835424965925283e-05, 4.245877987842095e-07]",0.0009765625,1.0186725818980518,17,0,0,0,0,0.043203,localConicEvaluation
15,turningCrossing,5,55,0,45.406529311593886,0.6229828701079582,0,0.6229828701079582,-0.5932746507821614,-0.6682611662254475,-0.0034727680481194626,45.406529311593886,4638.600195341855,581.0653601772935,45.406529311593886,"[0.5120390914236879, 5.519605105935937, 0.0993805490206868, 0.08924215058239326, 0.011268130324488018, 0.011691969871316129, 5.2484870293170925e-05, -1.8620373964071957e-06]",0.0009765625,0.5932746507821614,17,0,0,0,0,0.042794,localConicEvaluation
15,turningCrossing,5,56,0,5.951961919964041,1.2323453618586215,0,1.2323453618586215,-0.3500785564412474,-0.669997565364583,-0.005209167187252945,5.951961919964041,655.3945549154797,357.0857466481121,5.951961919964041,"[-0.041037091152333005, 0.6959060763752789, 0.019590275720089784, -0.026840907482029053, 0.005974340022194952, 0.008256651188659266, 4.455018061012997e-05, -3.0053499940028983e-06]",0.0009765625,0.3500785564412474,17,0,0,0,0,0.043081,localConicEvaluation
15,turningCrossing,5,57,0,4.646671883595613,1.2323453618586215,0,1.2323453618586215,-0.3500785564412474,-0.7747665884933963,-0.10997819031606304,4.646671883595613,535.3424535915179,355.69474730969455,4.646671883595613,"[-0.045929839660999505, 0.6076965109424022, -0.002806220576160931, -0.06924251002227955, 0.06104587926038286, 0.00966749169454162, 4.1765794321894003e-05, -2.8175156193306627e-06]",0.0009765625,0.3500785564412474,17,0,0,0,0,0.007259,localPolishEndpoint
15,turningCrossing,5,58,0,4.4582604231835425,1.2323453618586215,0,1.2323453618586215,-0.3500785564412474,-0.7893056656853752,-0.12451726750804659,4.4582604231835425,517.9552152695092,355.29321059647134,4.4582604231835425,"[-0.043821757424268526, 0.5842679389678446, -0.0030615461939031176, -0.06732167976929126, 0.05942619288907637, 0.010062023623466509, 4.046061324935131e-05, -2.7294682562392647e-06]",0.0009765625,0.3500785564412474,17,0,0,0,0,0.007272,localPolishEndpoint
15,turningCrossing,5,59,0,4.279668425916069,1.2323453618586215,0,1.2323453618586215,-0.3500785564412474,-0.799894370088805,-0.13510597191147844,4.279668425916069,501.15488598310503,354.93784149349995,4.279668425916069,"[-0.04201062115801335, 0.5624473868294931, -0.003418924256980694, -0.0655192333760457, 0.05817753886949821, 0.009800024272863035, 3.91962190853033e-05, -2.644172373229836e-06]",0.0009765625,0.3500785564412474,17,0,0,0,0,0.007301,localPolishEndpoint
15,turningCrossing,5,60,0,14.013108308607567,2.1609089114060054,0,2.1609089114060054,0.0027625641530948427,-0.4140897284774591,0.25069866969986543,14.013108308607567,1401.3108308607566,846.8967626428573,14.013108308607567,"[-0.39673823048737233, -1.6802333446323328, -0.022709493363946176, -0.07896819914967779, 0.0005206196685616307, 0.0003780107747646349, 1.9307250886843794e-05, -2.1438600301369737e-06]",0.0009765625,0,1,0,0,0,0,0.043033,localConicEvaluation
15,turningCrossing,5,61,0,4.269036812659593,2.012901392642486,0,2.012901392642486,-0.12779436926738774,-0.5429118464905888,0.1218765516867466,4.269036812659593,450.8263552256914,682.2660992050369,4.269036812659593,"[-0.23830509579424586, -0.4658318200204507, -0.0021020728988369224, -0.05297705550367482, 0.002935002470732758, 0.004316203898752077, 2.7961370906966408e-05, -3.1462613108677873e-06]",0.0009765625,0.12779436926738774,16,0,0,0,0,0.042883,localConicEvaluation
15,turningCrossing,5,62,0,3.197050815849828,1.899656932835446,0,1.899656932835446,-0.19913023867620416,-0.6073229054971536,0.05746549268017299,3.197050815849828,359.3574220045979,616.0058267177434,3.197050815849828,"[-0.25526721350394155, -0.2783892758050804, 0.002154991841044549, -0.0580699771846902, 0.004237059292333886, 0.006306515134795766, 3.2288430917027714e-05, -3.647461951233194e-06]",0.0009765625,0.19913023867620416,16,0,0,0,0,0.043371,localConicEvaluation
