variant,observation,speed,scenario,outcome,holds,lastTime,recovery,gap,road,collision,departure,brakeStepMean,brakeStdLate,horizonMedian,horizonMax,slackFrames,tailSlackFrames,frames,aErr,bErr,aErrLate,failure
base,exact,8,headOn,recovered,215,10.700000000000017,10.750000000000018,1.4850053495989757,4.092885503312328,False,False,0.005865555252856364,0.0002836048794784756,8.0,35,0,0,215,0.0,0.0,0.0,
base,exact,8,acceleratingHeadOn,recovered,216,10.750000000000018,10.800000000000018,1.1673642803737754,3.975154656069476,False,False,0.005936236138229757,0.00029257952970145566,8.0,33,0,0,216,0.0,0.0,0.0,
base,exact,8,brakingLead,recovered,229,11.400000000000027,11.450000000000028,0.1978786433076763,7.51300801294001,False,False,0.029885587554107897,0.16089717966617292,8.0,102,0,0,229,0.0,0.0,0.0,
base,exact,8,crossing,recovered,214,10.650000000000016,10.700000000000017,0.18443897259661174,4.029264425325479,False,False,0.008623474557513094,0.00028661970717478114,8.0,28,0,0,214,0.0,0.0,0.0,
base,exact,8,turningCrossing,recovered,212,10.550000000000015,10.600000000000016,0.17947200626686488,4.42833370005294,False,False,0.012510170628473058,0.0002522648626627481,8.0,80,0,0,212,0.0,0.0,0.0,
base,exact,8,curvedHeadOn,recovered,1744,87.14999999999719,87.19999999999719,1.385325297322811,3.8515556521890204,False,False,0.0025287255621504494,0.02784551445696437,8.0,73,0,0,1744,0.0,0.0,0.0,
base,exact,8,curvedCrossing,recovered,220,10.95000000000002,11.000000000000021,0.17906129429373446,4.935813111151413,False,False,0.01135080028935824,0.0019879294797143674,8.0,111,2,0,220,0.0,0.0,0.0,
base,exact,15,headOn,recovered,187,9.299999999999997,9.349999999999998,0.19363139771571625,6.19180886778363,False,False,0.009194389974698973,0.00015306381699785215,16.0,22,4,0,187,0.0,0.0,nan,
base,exact,15,acceleratingHeadOn,recovered,190,9.45,9.5,0.19949651023059103,5.906432424512009,False,False,0.006567570191059773,0.00017589862657052497,16.0,21,0,0,190,0.0,0.0,nan,
base,exact,15,brakingLead,recovered,265,13.200000000000053,13.250000000000053,0.18990062018992626,7.532202684249772,False,False,0.022126867555089483,0.059394108551650185,16.0,96,2,0,265,0.0,0.0,0.0,
base,exact,15,crossing,recovered,194,9.650000000000002,9.700000000000003,0.15266054755201086,6.04660388899802,False,False,0.007874026243286687,0.0002193090863048933,16.0,39,6,0,194,0.0,0.0,0.0,
base,exact,15,turningCrossing,recovered,205,10.20000000000001,10.25000000000001,0.19748365851493546,4.705413963121771,False,False,0.00877121087173718,0.0005166182147403487,16.0,63,0,0,205,0.0,0.0,0.0,
base,exact,15,curvedHeadOn,recovered,1270,63.44999999999853,63.49999999999853,1.5498187436674227,6.463375921848528,False,False,0.0026179397970845265,0.04094023039096404,16.0,49,0,0,1270,0.0,0.0,0.0,
base,exact,15,curvedCrossing,recovered,201,10.000000000000007,10.050000000000008,0.16851344373799262,5.245136251547911,False,False,0.010209652967732906,0.001150258166273397,16.0,39,4,0,201,0.0,0.0,0.0,
base,noisy-seed1,8,headOn,recovered,235,11.700000000000031,11.750000000000032,2.568176021416419,1.146905325821674,False,False,0.01020383534096507,0.0010649893382345653,8.0,40,0,0,235,0.24131451219060865,0.01000369613927652,0.21320881341037295,
base,noisy-seed1,8,acceleratingHeadOn,recovered,235,11.700000000000031,11.750000000000032,2.3705194329135857,1.0017696989328204,False,False,0.013051116718647632,0.001055871253088304,8.0,40,0,3,235,0.17909421357607275,0.007846971349068182,0.15149880759896864,
base,noisy-seed1,8,brakingLead,recovered,288,14.350000000000069,14.40000000000007,1.3875749759723215,4.526072113400162,False,False,0.029517787045113802,0.0909076953059554,8.0,129,11,19,288,0.2575047445492097,0.015693307455280466,0.2655614358011612,
base,noisy-seed1,8,crossing,recovered,215,10.700000000000017,10.750000000000018,1.6534534653705095,4.021039854320987,False,False,0.006721883393843367,0.0008559250846733346,8.0,26,0,2,215,0.2829031052688234,0.007070944236481318,0.18182101165554582,
base,noisy-seed1,8,turningCrossing,recovered,219,10.90000000000002,10.95000000000002,1.7658547376189249,3.915269775834627,False,False,0.008769790674928068,0.0005619347210859031,8.0,80,0,2,219,0.22720676519197502,0.005698380188796955,0.1614352461026564,
base,noisy-seed1,8,curvedHeadOn,recovered,1783,89.09999999999708,89.14999999999708,3.4671804673353757,1.0988995371778962,False,False,0.00451315753686388,0.019896136546966963,8.0,59,0,6,1783,0.2657946513349864,0.012459586382293131,0.19714281879288764,
base,noisy-seed1,8,curvedCrossing,recovered,399,19.900000000000148,19.95000000000015,2.058598741542164,3.985234463435588,False,False,0.015391497293850346,0.10179536883964935,8.0,119,0,8,399,0.3418325243953245,0.006873230805817932,0.18548641430391996,
base,noisy-seed1,15,headOn,recovered,206,10.25000000000001,10.300000000000011,0.5239807754838697,3.049347622830126,False,False,0.017182619217143244,0.0009486450446001524,16.0,21,23,10,206,0.30387518591583645,0.009659277993710417,nan,
base,noisy-seed1,15,acceleratingHeadOn,recovered,201,10.000000000000007,10.050000000000008,0.43618601570963117,3.197509873239179,False,False,0.016641772670474335,0.0009949757503030887,16.0,21,22,11,201,0.20343749152858467,0.0078122440948935655,nan,
base,noisy-seed1,15,brakingLead,recovered,291,14.500000000000071,14.550000000000072,1.2381795183547613,3.551613448914914,False,False,0.02858306211254119,0.12354521024326458,16.0,120,10,9,291,0.2622162049387287,0.0032081926887105963,0.3077296790415514,
base,noisy-seed1,15,crossing,recovered,198,9.850000000000005,9.900000000000006,1.546269052834504,3.144856098723892,False,False,0.012862270866105953,0.0029681782364654376,16.0,40,1,0,198,0.2845167577975369,0.007659337602632648,0.39860109229075863,
base,noisy-seed1,15,turningCrossing,recovered,214,10.650000000000016,10.700000000000017,1.5391318643618743,3.6710217929626943,False,False,0.007545480246551226,0.0008947023369921266,16.0,66,0,0,214,0.3043784923592121,0.005210681408983155,0.15760062256434673,
base,noisy-seed1,15,curvedHeadOn,recovered,1303,65.09999999999845,65.14999999999844,3.8989977985466497,0.4776297361478381,False,False,0.0038365990437469444,0.046939247608722784,16.0,43,4,9,1303,0.27999666769522275,0.011638873184069738,0.31670369487226285,
base,noisy-seed1,15,curvedCrossing,recovered,238,11.850000000000033,11.900000000000034,3.489425321613402,0.7515156130765028,False,False,0.008068610249832115,0.0027910267926707327,16.0,43,8,8,238,0.3956745488604805,0.005518741251845357,0.28677639448941494,
base,noisy-seed2,8,headOn,recovered,233,11.60000000000003,11.65000000000003,2.5200165673211012,1.168652401557292,False,False,0.008995893969166458,0.0010441155486069973,8.0,39,0,2,233,0.20885966849221022,0.008872350734531728,0.20574616832338075,
base,noisy-seed2,8,acceleratingHeadOn,recovered,233,11.60000000000003,11.65000000000003,2.370761085109188,0.875556395082473,False,False,0.011053434851452775,0.0010562712418807278,8.0,38,0,5,233,0.1538629014557671,0.0071928508587903155,0.1386972121004919,
base,noisy-seed2,8,brakingLead,recovered,254,12.650000000000045,12.700000000000045,1.3925474373919542,5.082804431724046,False,False,0.03539659517541069,0.12297286116568079,8.0,138,18,16,254,0.2189705837049191,0.016149621257850393,0.333295397831621,
base,noisy-seed2,8,crossing,recovered,220,10.95000000000002,11.000000000000021,1.6670964880762997,3.5899886893643664,False,False,0.009239380685362666,0.0009270781874556448,8.0,27,2,3,220,0.3419370911382688,0.006726705693173581,0.2383285442221333,
base,noisy-seed2,8,turningCrossing,recovered,220,10.95000000000002,11.000000000000021,1.6862794508746202,4.323937018807978,False,False,0.00949720458438023,0.0006961410031400062,8.0,83,0,4,220,0.26263143540550354,0.005764530727839438,0.1625386264587925,
base,noisy-seed2,8,curvedHeadOn,recovered,1785,89.19999999999708,89.24999999999707,3.4232421348000894,1.2040335357634167,False,False,0.005165296225233572,0.03531185316727036,8.0,72,0,8,1785,0.20414520052689467,0.012213017003705274,0.20993013676045785,
base,noisy-seed2,8,curvedCrossing,recovered,380,18.950000000000134,19.000000000000135,1.3758011285221083,5.642686220014216,False,False,0.01959694828066913,0.108980493944932,8.0,124,1,11,380,0.35643077423739633,0.007802279564773278,0.24822180234964314,
base,noisy-seed2,15,headOn,recovered,207,10.300000000000011,10.350000000000012,0.5943791234533763,3.1999806321514495,False,False,0.016297069656567634,0.0008692231413303514,16.0,22,24,12,207,0.3235760417329076,0.01006704441347703,nan,
base,noisy-seed2,15,acceleratingHeadOn,recovered,207,10.300000000000011,10.350000000000012,0.42511573058590685,3.2509219876113864,False,False,0.01918046822851588,0.0008512272159995287,16.0,21,25,12,207,0.2100017755541774,0.007185140821945976,nan,
base,noisy-seed2,15,brakingLead,recovered,259,12.900000000000048,12.950000000000049,1.101580379667998,6.434547331673009,False,False,0.03349014542206122,0.13329855349759623,16.0,118,26,6,259,0.32203235711735195,0.00513557301627934,0.2616945148011981,
base,noisy-seed2,15,crossing,recovered,208,10.350000000000012,10.400000000000013,1.6461895363280536,2.6195413059427803,False,False,0.012728668752564076,0.0024019251506471715,16.0,39,0,0,208,0.32065773647438045,0.006376712630855281,0.3322466334638579,
base,noisy-seed2,15,turningCrossing,recovered,209,10.400000000000013,10.450000000000014,1.5430619401121162,4.07304976946477,False,False,0.00893226850898534,0.0007986214498920186,16.0,64,0,0,209,0.2508701197777047,0.004198228918384841,0.16425100979824112,
base,noisy-seed2,15,curvedHeadOn,recovered,1310,65.44999999999843,65.49999999999842,3.8829138498559295,0.5938464818232756,False,False,0.003870932306499908,0.043998600008938196,16.0,45,2,9,1310,0.22741016226197422,0.011574512110290824,0.3753731018867228,
base,noisy-seed2,15,curvedCrossing,recovered,234,11.65000000000003,11.700000000000031,3.6034628001994986,0.6600291397319094,False,False,0.009758068899522208,0.0029335119366781645,16.0,42,13,8,234,0.46096075708678835,0.007086373865581208,0.2894801646539057,
base,noisy-seed20261003,8,headOn,recovered,232,11.55000000000003,11.60000000000003,2.7892341175490087,0.8298169958501145,False,False,0.012860575473188618,0.0008920763786881922,8.0,40,0,4,232,0.23886244475360865,0.00955048922222224,0.24631751892322143,
base,noisy-seed20261003,8,acceleratingHeadOn,recovered,231,11.500000000000028,11.55000000000003,2.420815648051217,0.8385298899205189,False,False,0.008691090606895375,0.0008846650680978498,8.0,41,0,5,231,0.16502673508292698,0.0071721649315555705,0.19019197201896543,
base,noisy-seed20261003,8,brakingLead,recovered,241,12.000000000000036,12.050000000000036,1.3874651931640685,5.0334549166539615,False,False,0.033216175794890106,0.11568024156698777,8.0,108,18,23,241,0.2897442688731957,0.019947744729491658,0.3018737013991447,
base,noisy-seed20261003,8,crossing,recovered,209,10.400000000000013,10.450000000000014,1.9120457840112703,4.54467191901776,False,False,0.007362478229771582,0.0007424813332108647,8.0,27,0,4,209,0.29495776925126,0.007112581688325127,0.18858762963680523,
base,noisy-seed20261003,8,turningCrossing,recovered,216,10.750000000000018,10.800000000000018,1.930921779061608,4.144906001616519,False,False,0.008715217676400615,0.0005028889390605171,8.0,79,0,2,216,0.19720367969607164,0.00532279114696854,0.14616320768384708,
base,noisy-seed20261003,8,curvedHeadOn,recovered,1775,88.6999999999971,88.7499999999971,3.5342199140559964,1.2486211617817826,False,False,0.005198060449783899,0.03195735329921066,8.0,58,0,9,1775,0.2725806596979784,0.01289412667714059,0.2533316471617202,
base,noisy-seed20261003,8,curvedCrossing,recovered,373,18.60000000000013,18.65000000000013,1.5063034783589078,5.366789996299577,False,False,0.012263371222143602,0.06683763579545479,8.0,120,0,9,373,0.3156685556986686,0.007576780246659177,0.20035620924122705,
base,noisy-seed20261003,15,headOn,recovered,205,10.20000000000001,10.25000000000001,0.58030437492169,2.9889959470453533,False,False,0.017229197918319512,0.0009201515194158088,16.0,22,23,12,205,0.3204292519398899,0.010178629971692523,nan,
base,noisy-seed20261003,15,acceleratingHeadOn,recovered,204,10.15000000000001,10.20000000000001,0.4338727396121805,3.161614450837572,False,False,0.018336000339720413,0.0008996467003506606,16.0,21,24,12,204,0.19571531264096492,0.007805960415618115,nan,
base,noisy-seed20261003,15,brakingLead,recovered,310,15.450000000000085,15.500000000000085,0.8918804903118323,4.3363931592167955,False,False,0.02503394219778188,0.11479069897359793,16.0,108,22,16,310,0.2577457140634431,0.004002991722139141,0.2282426446594351,
base,noisy-seed20261003,15,crossing,recovered,206,10.25000000000001,10.300000000000011,1.5141069651477999,4.27715042813651,False,False,0.008297485386656197,0.0009548601773711506,16.0,40,0,0,206,0.2449851000841623,0.006824703463511415,0.17255038865162767,
base,noisy-seed20261003,15,turningCrossing,recovered,210,10.450000000000014,10.500000000000014,1.5313214848675176,4.186124125490204,False,False,0.007585396010824156,0.0008286374679523333,16.0,65,0,0,210,0.2504348716303511,0.004811780813810628,0.13823718043584174,
base,noisy-seed20261003,15,curvedHeadOn,recovered,1308,65.34999999999843,65.39999999999843,3.903167198862515,0.3324368384428258,False,False,0.0041269560024457305,0.045297523458283355,16.0,45,3,10,1308,0.3169838184816016,0.011558026364531238,0.4286054131340747,
base,noisy-seed20261003,15,curvedCrossing,recovered,238,11.850000000000033,11.900000000000034,3.5500652835561173,0.6514510194822982,False,False,0.007721144468190535,0.00278835441190657,16.0,43,9,9,238,0.40144382762073866,0.006655515089756099,0.3026941493448095,
base,noisy-seed3,8,headOn,recovered,233,11.60000000000003,11.65000000000003,2.776360282708479,1.1515955704205627,False,False,0.009910917189999702,0.0008483566214284869,8.0,38,0,2,233,0.26282650773375055,0.009523542691240335,0.26483359610190804,
base,noisy-seed3,8,acceleratingHeadOn,recovered,235,11.700000000000031,11.750000000000032,2.3374209233462078,0.7704962453890989,False,False,0.013142222499593457,0.0008783281438223964,8.0,39,0,7,235,0.17234303700969292,0.007927203350869175,0.2208211219128642,
base,noisy-seed3,8,brakingLead,controlUnavailable,53,2.5999999999999988,nan,1.3841733183352147,7.507675763299977,False,False,0.0611091564290922,nan,41.0,105,8,13,53,0.32213593962382203,0.02688496971050643,nan,collisionAvoidanceController:noOptimizationSolution: The two-stage affine optimization did not complete (pcbfNoNumericalResult).
base,noisy-seed3,8,crossing,recovered,220,10.95000000000002,11.000000000000021,1.7964861029977082,3.350628646247765,False,False,0.007342679608465375,0.0007536139870894987,8.0,26,0,1,220,0.30394050973824455,0.0077252420462361505,0.21043894813287173,
base,noisy-seed3,8,turningCrossing,recovered,221,11.000000000000021,11.050000000000022,1.7052031702358668,3.803582163851111,False,False,0.009931030669440328,0.0006103934753957307,8.0,81,0,3,221,0.2505479985557191,0.006890537498696542,0.148007734234576,
base,noisy-seed3,8,curvedHeadOn,recovered,1775,88.6999999999971,88.7499999999971,3.5573139616610483,1.0915642756039148,False,False,0.005327171388907125,0.04595436194885278,8.0,66,0,7,1775,0.27570455069300714,0.012202059762168004,0.2485496992067123,
base,noisy-seed3,8,curvedCrossing,recovered,391,19.500000000000142,19.550000000000143,1.5505186421730481,5.094501075494053,False,False,0.011304248547041797,0.0649691875409082,8.0,115,1,6,391,0.35875221387443035,0.00855593902786538,0.18621173887958128,
base,noisy-seed3,15,headOn,recovered,208,10.350000000000012,10.400000000000013,0.5894773794735569,2.987473273790533,False,False,0.016820938979511382,0.0008555390614583021,16.0,22,23,12,208,0.33164809664401246,0.011751083142302736,nan,
base,noisy-seed3,15,acceleratingHeadOn,recovered,204,10.15000000000001,10.20000000000001,0.43022628376086863,2.981367053652253,False,False,0.01649229466761932,0.0010024654844384075,16.0,22,23,12,204,0.20191497861539395,0.009510383272150105,nan,
base,noisy-seed3,15,brakingLead,recovered,234,11.65000000000003,11.700000000000031,1.0800784707915272,6.458149289359762,False,False,0.02357110299932404,0.13467569995406253,16.0,124,13,1,234,0.21884216493764114,0.0019159380573514693,0.2482214138417743,
base,noisy-seed3,15,crossing,recovered,210,10.450000000000014,10.500000000000014,1.5758420577996073,3.2024436976615593,False,False,0.01050153782911725,0.0011397936068561834,16.0,40,1,0,210,0.2918608384267985,0.0074597699497874585,0.3293431560019418,
base,noisy-seed3,15,turningCrossing,recovered,202,10.050000000000008,10.100000000000009,1.6213354462145475,2.866217263515244,False,False,0.014488697171240811,0.0034540828560762457,16.0,61,1,0,202,0.30280581027492887,0.005332988540599963,0.27243801347240715,
base,noisy-seed3,15,curvedHeadOn,recovered,1306,65.24999999999844,65.29999999999843,3.8843392389184452,0.23287474715523437,False,False,0.003977552129941489,0.04287756835015458,16.0,45,4,11,1306,0.26875192351984023,0.01175075464204367,0.378467773017907,
base,noisy-seed3,15,curvedCrossing,recovered,239,11.900000000000034,11.950000000000035,3.642413198960952,0.7381264055260992,False,False,0.008676494913703698,0.0028413747324112933,16.0,44,13,9,239,0.4334092497193641,0.007044132688079504,0.22893840131739676,
base,noisy-seed4,8,headOn,recovered,233,11.60000000000003,11.65000000000003,2.5724643712954443,1.1995133285956978,False,False,0.011378385051735253,0.0007808822736686524,8.0,37,0,2,233,0.26862039656678677,0.009884658359972433,0.21222183060313338,
base,noisy-seed4,8,acceleratingHeadOn,recovered,236,11.750000000000032,11.800000000000033,2.2738340938174364,0.5948877932965324,False,False,0.0104762899512415,0.0007992853752790938,8.0,39,0,6,236,0.1747200443236702,0.007537614553036099,0.14796937566889082,
base,noisy-seed4,8,brakingLead,recovered,230,11.450000000000028,11.500000000000028,1.3843470376982827,5.539435034079376,False,False,0.042532777191525005,0.18355011186665984,12.0,115,26,33,230,0.25764079064863715,0.01630502984214345,0.24127601894782943,
base,noisy-seed4,8,crossing,recovered,218,10.85000000000002,10.90000000000002,1.6860790973094866,3.7856668076018014,False,False,0.0073447533478748234,0.0007927721801031556,8.0,28,0,3,218,0.30931554195018296,0.0069758222947015,0.1962283443895192,
base,noisy-seed4,8,turningCrossing,recovered,213,10.600000000000016,10.650000000000016,1.6753250637546175,4.751960848374786,False,False,0.010611131524258329,0.0006245840087810426,8.0,80,1,3,213,0.25848092800734124,0.005156141007775777,0.1364850358534773,
base,noisy-seed4,8,curvedHeadOn,recovered,1773,88.59999999999711,88.6499999999971,2.6404960200237437,2.2645827776397898,False,False,0.004923130087175515,0.023117210872149054,8.0,58,0,9,1773,0.26849215294795165,0.012424869266435618,0.21899462878167522,
base,noisy-seed4,8,curvedCrossing,recovered,381,19.000000000000135,19.050000000000136,1.410757509866244,5.662201291576211,False,False,0.019443147802638894,0.10015339777451258,8.0,129,2,4,381,0.355352286907308,0.007105664835316327,0.19325507784557933,
base,noisy-seed4,15,headOn,recovered,209,10.400000000000013,10.450000000000014,0.6175528502838412,3.0290101528986337,False,False,0.017284752905083463,0.0009479171560540915,16.0,22,23,12,209,0.36298326988663643,0.011928210678175748,nan,
base,noisy-seed4,15,acceleratingHeadOn,recovered,210,10.450000000000014,10.500000000000014,0.4929008506429147,3.2424219054674044,False,False,0.01848507167334149,0.0008777428703356407,16.0,21,24,12,210,0.20413416122484365,0.009315125353989191,nan,
base,noisy-seed4,15,brakingLead,recovered,297,14.800000000000075,14.850000000000076,1.24526368440745,1.0478609492328017,False,False,0.02041317024155833,0.10028321551586376,16.0,115,3,4,297,0.20329600952251572,0.004415134326917863,0.23731294277695658,
base,noisy-seed4,15,crossing,recovered,207,10.300000000000011,10.350000000000012,1.6225488688187617,2.7638533163516126,False,False,0.011249547425847203,0.002897860658804479,16.0,42,2,0,207,0.3614554113737888,0.00640140237506955,0.4140569907121512,
base,noisy-seed4,15,turningCrossing,recovered,220,10.95000000000002,11.000000000000021,1.622302049745553,3.4927397499801174,False,False,0.008156108512613836,0.0011427479018980085,16.0,65,3,1,220,0.37311733076222586,0.005825755209086723,0.1516437500182659,
base,noisy-seed4,15,curvedHeadOn,recovered,1307,65.29999999999843,65.34999999999843,1.59979508466819,1.7364995722397794,False,False,0.004581466543322618,0.04342816691595647,16.0,45,21,18,1307,0.25011543699915223,0.016187941442448416,0.2816955024689726,
base,noisy-seed4,15,curvedCrossing,recovered,239,11.900000000000034,11.950000000000035,3.460491786968852,0.8937986581601933,False,False,0.007684390735848679,0.0028415258556247825,16.0,43,8,8,239,0.42457368139161983,0.006148972770224804,0.2470801262338839,
base,noisy-seed5,8,headOn,recovered,230,11.450000000000028,11.500000000000028,2.7721371484481203,1.1311264506711307,False,False,0.008826665383252722,0.0009653538969322987,8.0,41,0,5,230,0.20860244469451675,0.008975835617934575,0.24585097095124758,
base,noisy-seed5,8,acceleratingHeadOn,recovered,228,11.350000000000026,11.400000000000027,2.4861328660091413,1.265120627202542,False,False,0.01049296643234816,0.0009556313550998651,8.0,40,0,6,228,0.1544088126730227,0.00838458784281504,0.17180515547372643,
base,noisy-seed5,8,brakingLead,recovered,333,16.6000000000001,16.6500000000001,1.3859861513374607,4.859626295993317,False,False,0.03380525254527987,0.201940766698307,8.0,137,27,26,333,0.23255530267650873,0.02069189396389528,0.26889451494946925,
base,noisy-seed5,8,crossing,recovered,209,10.400000000000013,10.450000000000014,1.6720832840742907,4.55847898969853,False,False,0.008933566512859733,0.0007994574845754535,8.0,26,0,3,209,0.29803324053408337,0.008721433852668856,0.21645584765497983,
base,noisy-seed5,8,turningCrossing,recovered,216,10.750000000000018,10.800000000000018,1.6975604116846703,4.426129649164485,False,False,0.011192789714611143,0.0007486511269168877,8.0,80,0,3,216,0.2581112691527886,0.007775624872648479,0.13576954774281325,
base,noisy-seed5,8,curvedHeadOn,recovered,1752,87.54999999999717,87.59999999999717,2.5883192873778533,1.3530170307231888,False,False,0.005440976022167057,0.04232260710225257,8.0,59,0,13,1752,0.22303033052926147,0.013878964254800953,0.23460251703084148,
base,noisy-seed5,8,curvedCrossing,controlUnavailable,142,7.049999999999983,nan,2.230646571396335,4.997294417485874,False,False,0.013886417475471542,0.0007972749160857415,8.0,26,0,7,142,0.33814157500730846,0.00919299730077421,0.22839245578375555,collisionAvoidanceController:noOptimizationSolution: The two-stage affine optimization did not complete (pcbfNoNumericalResult).
base,noisy-seed5,15,headOn,recovered,206,10.25000000000001,10.300000000000011,0.5334828283263182,3.1870392340173,False,False,0.017463508111378128,0.0008327582639404298,16.0,22,22,10,206,0.3450586426057699,0.012226106029815022,nan,
base,noisy-seed5,15,acceleratingHeadOn,recovered,199,9.900000000000006,9.950000000000006,0.362033099062503,3.3666175643743834,False,False,0.02034192985117144,0.0009628723769963102,16.0,23,22,10,199,0.22303258967601117,0.009086843423577646,nan,
base,noisy-seed5,15,brakingLead,recovered,288,14.350000000000069,14.40000000000007,1.1612691576841934,5.339857798287227,False,False,0.03354027138067912,0.15605891063884136,16.0,127,25,12,288,0.1923279199784991,0.0021324544587966307,0.21667378837396628,
base,noisy-seed5,15,crossing,recovered,200,9.950000000000006,10.000000000000007,1.58856788461118,3.1024475717106945,False,False,0.012751102886845583,0.0026894425142309384,16.0,40,0,0,200,0.32710514803962876,0.006700141196956603,0.36311690548785713,
base,noisy-seed5,15,turningCrossing,recovered,212,10.550000000000015,10.600000000000016,1.6145046548327393,3.4206591811988574,False,False,0.009871385026153598,0.0008984272620418342,16.0,63,0,0,212,0.3058535424353612,0.00608737519164652,0.1365480756036638,
base,noisy-seed5,15,curvedHeadOn,recovered,1304,65.14999999999844,65.19999999999844,3.683897496632248,0.4639648410235129,False,False,0.0035268426533902808,0.04241730939679091,16.0,46,1,9,1304,0.24843759114482433,0.01236841172032825,0.38573011150877634,
base,noisy-seed5,15,curvedCrossing,recovered,237,11.800000000000033,11.850000000000033,3.6795492962802885,0.8470456004566813,False,False,0.009896973147005534,0.00275678741801036,16.0,44,10,10,237,0.44642752254530144,0.007901237443241562,0.2856547609806871,
road,exact,8,headOn,recovered,216,10.750000000000018,10.800000000000018,1.487000215688798,4.0835945003559555,False,False,0.005839122544811247,0.00028365353606622725,8.0,35,0,0,216,0.0,0.0,0.0,
road,exact,8,acceleratingHeadOn,recovered,217,10.800000000000018,10.85000000000002,1.1693037683264886,3.9660577716617897,False,False,0.0059125504541301995,0.000292600949756489,8.0,33,0,0,217,0.0,0.0,0.0,
road,exact,8,brakingLead,recovered,231,11.500000000000028,11.55000000000003,0.19803495217570805,7.513133317790324,False,False,0.030315008416480653,0.1597376849661797,8.0,102,0,0,231,0.0,0.0,0.0,
road,exact,8,crossing,recovered,214,10.650000000000016,10.700000000000017,0.18376540265013522,4.024048294654829,False,False,0.008478746663751143,0.00028690977883987027,8.0,28,0,0,214,0.0,0.0,0.0,
road,exact,8,turningCrossing,recovered,212,10.550000000000015,10.600000000000016,0.17918568548992814,4.427414791312898,False,False,0.01249696786912609,0.0002509677261257447,8.0,80,0,0,212,0.0,0.0,0.0,
road,exact,8,curvedHeadOn,recovered,1745,87.19999999999719,87.24999999999719,1.3878306193971959,3.847835674605008,False,False,0.003359058712870776,0.027878864336046097,8.0,73,0,0,1745,0.0,0.0,0.0,
road,exact,8,curvedCrossing,recovered,219,10.90000000000002,10.95000000000002,0.17867253587523754,4.934554638222234,False,False,0.011390779880400076,0.0018503246085339146,8.0,111,2,0,219,0.0,0.0,0.0,
road,exact,15,headOn,recovered,187,9.299999999999997,9.349999999999998,0.1951514811364432,6.123986225207473,False,False,0.00894405956221473,0.0001652515312058216,16.0,22,5,0,187,0.0,0.0,nan,
road,exact,15,acceleratingHeadOn,recovered,189,9.399999999999999,9.45,0.20330571690787316,5.966906324364907,False,False,0.006525152679139774,0.00016619050996097065,16.0,21,0,0,189,0.0,0.0,nan,
road,exact,15,brakingLead,recovered,266,13.250000000000053,13.300000000000054,0.1931348437815381,7.532344854000906,False,False,0.01943302529345548,0.05868021612641023,16.0,96,3,0,266,0.0,0.0,0.0,
road,exact,15,crossing,recovered,193,9.600000000000001,9.650000000000002,0.1492688670723787,5.982248228198181,False,False,0.010040585628541158,0.00022706973459430394,16.0,30,0,0,193,0.0,0.0,0.0,
road,exact,15,turningCrossing,recovered,205,10.20000000000001,10.25000000000001,0.19387170376328444,4.676535884163273,False,False,0.008507536533560303,0.0005256890711497213,16.0,63,0,0,205,0.0,0.0,0.0,
road,exact,15,curvedHeadOn,recovered,1270,63.44999999999853,63.49999999999853,1.557148036199632,6.445629004714496,False,False,0.002337254175043132,0.04093193990061078,16.0,49,0,0,1270,0.0,0.0,0.0,
road,exact,15,curvedCrossing,recovered,202,10.050000000000008,10.100000000000009,0.19442323313017104,5.133432802072286,False,False,0.011127954335683492,0.0011902221168085037,16.0,30,2,0,202,0.0,0.0,0.0,
road,noisy-seed1,8,headOn,recovered,238,11.850000000000033,11.900000000000034,2.5672686386048853,0.817363007057887,False,False,0.007122128191950559,0.001133397359255656,8.0,31,0,0,238,0.21754130353154777,0.008379724856839871,0.20960331035857832,
road,noisy-seed1,8,acceleratingHeadOn,recovered,241,12.000000000000036,12.050000000000036,2.3129322879024765,0.16218277699395678,False,False,0.009032562167260153,0.00119033648364298,8.0,30,0,3,241,0.1786900888615479,0.00685958501641346,0.14375161067895562,
road,noisy-seed1,8,brakingLead,recovered,288,14.350000000000069,14.40000000000007,1.3875749772268202,4.526069476848505,False,False,0.02951822213489644,0.09090792119296669,8.0,129,11,19,288,0.2575047095345059,0.01569335150014412,0.2655613780465919,
road,noisy-seed1,8,crossing,recovered,215,10.700000000000017,10.750000000000018,1.6534535412960862,4.021041655459175,False,False,0.00671994201263339,0.0008391251359098205,8.0,26,0,2,215,0.2829031321444551,0.007070944631074056,0.18182101586872942,
road,noisy-seed1,8,turningCrossing,recovered,219,10.90000000000002,10.95000000000002,1.765854797380054,3.9152719944024454,False,False,0.008770239688068912,0.0005603327277329213,8.0,80,0,2,219,0.2272066940656789,0.005698380624883591,0.16143523123549716,
road,noisy-seed1,8,curvedHeadOn,recovered,1777,88.7999999999971,88.8499999999971,3.0985065206185887,0.29792677747866847,False,False,0.005311004572630894,0.028171397448393972,8.0,61,0,8,1777,0.2594850341918382,0.01234700649731302,0.22749018002767762,
road,noisy-seed1,8,curvedCrossing,recovered,398,19.850000000000147,19.900000000000148,2.0585990863444072,4.289019603943459,False,False,0.01554978559887527,0.10029855938715497,8.0,119,0,8,398,0.3418326165319001,0.006873230456971878,0.18548641626797407,
road,noisy-seed1,15,headOn,recovered,203,10.100000000000009,10.15000000000001,0.5284648827814536,3.111687915007943,False,False,0.01798202979987767,0.0010694740227819564,16.0,21,23,10,203,0.30277312541449886,0.010248727729059144,nan,
road,noisy-seed1,15,acceleratingHeadOn,recovered,202,10.050000000000008,10.100000000000009,0.43627597278637786,3.244743337627586,False,False,0.016962101714872377,0.0010384536827128493,16.0,21,22,11,202,0.20797146178943937,0.007742907819715641,nan,
road,noisy-seed1,15,brakingLead,recovered,284,14.150000000000066,14.200000000000067,1.2209550812540544,3.3796786532790293,False,False,0.02823981518432743,0.1335272628032788,16.0,120,11,9,284,0.2622414054025652,0.0032078840711854536,0.3061270227522201,
road,noisy-seed1,15,crossing,recovered,206,10.25000000000001,10.300000000000011,1.552539935902272,3.2159116782377026,False,False,0.009346402486225234,0.001298607977613608,16.0,28,1,0,206,0.27889709734750767,0.007724867302664366,0.22597111662354946,
road,noisy-seed1,15,turningCrossing,recovered,213,10.600000000000016,10.650000000000016,1.5249137181334786,3.6429638136971505,False,False,0.007129871830566795,0.0008822791992548876,16.0,66,0,0,213,0.29310640464268983,0.00487137627154518,0.1585702712918936,
road,noisy-seed1,15,curvedHeadOn,recovered,1304,65.14999999999844,65.19999999999844,3.243997201551524,0.9820556610637325,False,False,0.00439327573598344,0.04087893116490353,16.0,43,4,9,1304,0.31812163372062263,0.01203529058124835,0.3068664416733973,
road,noisy-seed1,15,curvedCrossing,recovered,230,11.450000000000028,11.500000000000028,2.45071164456122,2.4877531592756146,False,False,0.006750583418859934,0.0022873213250750005,16.0,27,0,3,230,0.35192343998959463,0.005584516721222037,0.17726966155287013,
road,noisy-seed2,8,headOn,recovered,238,11.850000000000033,11.900000000000034,2.539872079177772,0.5647458046912597,False,False,0.008533092944311602,0.001116194603942442,8.0,33,0,2,238,0.2085976845781515,0.008844303123319797,0.21042924185182912,
road,noisy-seed2,8,acceleratingHeadOn,controlUnavailable,44,2.1500000000000004,nan,2.4236506642465105,0.37856265173399706,False,False,0.05777191177923497,nan,8.0,32,0,5,44,0.15997081598394738,0.008503221885500178,nan,collisionAvoidanceController:noOptimizationSolution: The two-stage affine optimization did not complete (pcbfNoNumericalResult).
road,noisy-seed2,8,brakingLead,recovered,254,12.650000000000045,12.700000000000045,1.3925474374420599,5.083072797398955,False,False,0.03539380353415085,0.12296648405562291,8.0,138,18,16,254,0.21897114887410654,0.016149639152314835,0.33332129342850464,
road,noisy-seed2,8,crossing,recovered,220,10.95000000000002,11.000000000000021,1.667092749729635,3.589014886208597,False,False,0.009239882124582214,0.0009022875086840574,8.0,27,2,3,220,0.34199204747309403,0.006726771718287042,0.2383318736743324,
road,noisy-seed2,8,turningCrossing,recovered,220,10.95000000000002,11.000000000000021,1.6862874081364638,4.323910277169209,False,False,0.00949815155876057,0.0006980364797032009,8.0,83,0,4,220,0.26263280736512495,0.0057645234615951516,0.1625383062798049,
road,noisy-seed2,8,curvedHeadOn,recovered,1783,89.09999999999708,89.14999999999708,3.4080492642679383,0.19440546747530263,False,False,0.0051604688422506925,0.0358922933705945,8.0,58,0,8,1783,0.21495315660856554,0.012061232353711789,0.23732882882079098,
road,noisy-seed2,8,curvedCrossing,recovered,377,18.800000000000132,18.850000000000133,1.3718419232728938,5.642686679607565,False,False,0.019621715818840688,0.10739264955629724,8.0,124,1,11,377,0.3564307773210674,0.0078022754601177755,0.24822178035901196,
road,noisy-seed2,15,headOn,recovered,207,10.300000000000011,10.350000000000012,0.5927929108568268,3.1796848174199255,False,False,0.015745475813763916,0.0008435934542764781,16.0,22,24,12,207,0.3228489279150967,0.010191040543097787,nan,
road,noisy-seed2,15,acceleratingHeadOn,recovered,206,10.25000000000001,10.300000000000011,0.4255624669955029,3.2540367156759693,False,False,0.01926375424508133,0.0008693586672178835,16.0,21,25,12,206,0.2098950657026488,0.007193752351907924,nan,
road,noisy-seed2,15,brakingLead,recovered,367,18.300000000000125,18.350000000000126,1.2233231060644956,3.4578081359211126,False,False,0.0277899402794673,0.19520577494783697,16.0,118,26,16,367,0.327254608101713,0.005196016155297661,0.266865346158307,
road,noisy-seed2,15,crossing,recovered,210,10.450000000000014,10.500000000000014,1.6723472330286222,2.295676217655334,False,False,0.009367820222445275,0.002917343721562088,16.0,29,0,0,210,0.3478418055087707,0.0063811501981543605,0.35679162861932295,
road,noisy-seed2,15,turningCrossing,recovered,212,10.550000000000015,10.600000000000016,1.6402459502323457,3.223167962623391,False,False,0.010155093888561605,0.0010410639120892885,16.0,64,0,0,212,0.2605591754907394,0.0041161444155911565,0.18551979965633125,
road,noisy-seed2,15,curvedHeadOn,recovered,1300,64.94999999999845,64.99999999999845,3.0335672098393873,0.30831644630025323,False,False,0.0041735161785960715,0.040755186737641794,16.0,43,2,9,1300,0.26217812784976585,0.011393086463794807,0.36450027591411266,
road,noisy-seed2,15,curvedCrossing,recovered,227,11.300000000000026,11.350000000000026,2.497876926037169,2.2026102112164327,False,False,0.006800386823501299,0.0024904641571613303,16.0,28,0,5,227,0.39966806122544096,0.006430427683884031,0.2610903246575939,
road,noisy-seed20261003,8,headOn,recovered,237,11.800000000000033,11.850000000000033,2.789668891552517,0.1890069621479995,False,False,0.008946840281734873,0.0009922352191624824,8.0,32,0,3,237,0.2260405457060587,0.008985802078219689,0.2531510629427992,
road,noisy-seed20261003,8,acceleratingHeadOn,controlUnavailable,38,1.850000000000001,nan,2.4178597760455207,1.3139551819039461,False,False,0.0482205782677369,nan,11.0,30,0,5,38,0.20943243215028634,0.00888960041419071,nan,collisionAvoidanceController:noOptimizationSolution: The two-stage affine optimization did not complete (pcbfNoNumericalResult).
road,noisy-seed20261003,8,brakingLead,recovered,260,12.950000000000049,13.00000000000005,1.3874651987653923,4.983404097346201,False,False,0.030886833100589865,0.09008597544444708,8.0,104,14,25,260,0.2913640086357252,0.020154966557009314,0.305175254828041,
road,noisy-seed20261003,8,crossing,recovered,209,10.400000000000013,10.450000000000014,1.912045893369248,4.544673493342853,False,False,0.0073610366520756405,0.00074274460765784,8.0,27,0,4,209,0.2949578894384919,0.007112580062717982,0.18858762571778928,
road,noisy-seed20261003,8,turningCrossing,recovered,216,10.750000000000018,10.800000000000018,1.9309180483151374,4.144891035888211,False,False,0.008712835860181104,0.0004999148018815408,8.0,79,0,2,216,0.19720330808230963,0.005322786306471107,0.1461631087328587,
road,noisy-seed20261003,8,curvedHeadOn,controlUnavailable,35,1.7000000000000008,nan,3.7128942529268874,1.8642809205797413,False,False,0.0712224964488453,nan,15.0,36,0,5,35,0.3392590780004813,0.016550349139357882,nan,collisionAvoidanceController:noOptimizationSolution: The two-stage affine optimization did not complete (pcbfNoNumericalResult).
road,noisy-seed20261003,8,curvedCrossing,recovered,373,18.60000000000013,18.65000000000013,1.508898528746434,5.366794411696059,False,False,0.012304184570090134,0.06586974080466976,8.0,120,0,9,373,0.3156693121012785,0.0075767558847892325,0.20035621783840482,
road,noisy-seed20261003,15,headOn,recovered,205,10.20000000000001,10.25000000000001,0.5956405423173806,3.1722442519360925,False,False,0.016047208208787862,0.0008957728879417691,16.0,22,23,12,205,0.30333120269314306,0.010241093583905233,nan,
road,noisy-seed20261003,15,acceleratingHeadOn,recovered,206,10.25000000000001,10.300000000000011,0.4351545258359464,3.246787349247855,False,False,0.018244626838007764,0.0008552327934539446,16.0,21,24,12,206,0.18962736868754232,0.0077731507470909945,nan,
road,noisy-seed20261003,15,brakingLead,recovered,256,12.750000000000046,12.800000000000047,0.8922714168395546,4.550824363903424,False,False,0.0353207134522981,0.1825998605788118,16.0,91,37,14,256,0.2580563028964911,0.004005856195386719,0.21223572484918518,
road,noisy-seed20261003,15,crossing,recovered,206,10.25000000000001,10.300000000000011,1.5259591454290746,4.136113971258741,False,False,0.007845624276499605,0.0009618055394383963,16.0,29,0,0,206,0.2850182214132526,0.006744812111119098,0.17500048311175825,
road,noisy-seed20261003,15,turningCrossing,recovered,210,10.450000000000014,10.500000000000014,1.5322598340349363,4.213744103741825,False,False,0.006252275818238172,0.0008267819897011855,16.0,65,0,0,210,0.2344219276709213,0.004741368576504612,0.13869659006525786,
road,noisy-seed20261003,15,curvedHeadOn,recovered,1316,65.74999999999841,65.7999999999984,3.925608998565628,0.3055209116702162,False,False,0.004433736217275639,0.04346466122294904,16.0,43,3,10,1316,0.33061784246663073,0.011902499142418662,0.36122785660606516,
road,noisy-seed20261003,15,curvedCrossing,recovered,230,11.450000000000028,11.500000000000028,3.463882475346636,1.7896000583103646,False,False,0.008519764356843115,0.002343807722437331,16.0,28,8,8,230,0.4275683557953052,0.006786684326545542,0.25036170270198516,
road,noisy-seed3,8,headOn,recovered,240,11.950000000000035,12.000000000000036,2.6792045671984326,0.49500391058196946,False,False,0.009142676215385342,0.0009608270130687644,8.0,32,0,2,240,0.23332845678704275,0.009424500526421301,0.2736428544716905,
road,noisy-seed3,8,acceleratingHeadOn,controlUnavailable,45,2.2,nan,2.383922979001564,0.32570772362141653,False,False,0.04558575493391335,nan,8.5,32,0,6,45,0.18314054154586681,0.009017069120151676,nan,collisionAvoidanceController:noOptimizationSolution: The two-stage affine optimization did not complete (pcbfNoNumericalResult).
road,noisy-seed3,8,brakingLead,controlUnavailable,53,2.5999999999999988,nan,1.3841733171651036,7.507675763228125,False,False,0.0611091304121736,nan,41.0,105,8,13,53,0.32213553639265485,0.02688498483865424,nan,collisionAvoidanceController:noOptimizationSolution: The two-stage affine optimization did not complete (pcbfNoNumericalResult).
road,noisy-seed3,8,crossing,recovered,221,11.000000000000021,11.050000000000022,1.7964920007687344,3.3118993160962322,False,False,0.006631996095400346,0.0007526385223642537,8.0,26,0,1,221,0.3035168568905584,0.007875391556571612,0.2103896436587074,
road,noisy-seed3,8,turningCrossing,recovered,221,11.000000000000021,11.050000000000022,1.7052142241179795,3.8035246288363638,False,False,0.009930926914138065,0.0006101572060712767,8.0,81,0,3,221,0.2505497004431992,0.0068905896715610706,0.14800742236445497,
road,noisy-seed3,8,curvedHeadOn,controlUnavailable,37,1.800000000000001,nan,3.643768559805684,1.473463956741659,False,False,0.07363604521742877,nan,14.5,33,0,5,37,0.26906917247096634,0.01574174289825967,nan,collisionAvoidanceController:noOptimizationSolution: The two-stage affine optimization did not complete (pcbfNoNumericalResult).
road,noisy-seed3,8,curvedCrossing,recovered,391,19.500000000000142,19.550000000000143,1.5563147960980608,5.094503883552422,False,False,0.011320919584581453,0.06493142860411918,8.0,115,1,6,391,0.3587525120084426,0.008555931852861362,0.18621168422853704,
road,noisy-seed3,15,headOn,recovered,206,10.25000000000001,10.300000000000011,0.5930772709575027,3.023819369150914,False,False,0.016558265131240774,0.0008978673526379201,16.0,22,23,12,206,0.3148268658627958,0.01223501690529084,nan,
road,noisy-seed3,15,acceleratingHeadOn,recovered,205,10.20000000000001,10.25000000000001,0.4273393392087729,3.0247909047678814,False,False,0.01680990376073066,0.0009109477323860707,16.0,22,23,12,205,0.2036185455238711,0.009146100890621093,nan,
road,noisy-seed3,15,brakingLead,recovered,233,11.60000000000003,11.65000000000003,1.0801320531559562,6.458091285325069,False,False,0.023704996735459533,0.13536714623088703,16.0,124,13,1,233,0.21884200080658606,0.0019159330468211863,0.2482174581459307,
road,noisy-seed3,15,crossing,recovered,208,10.350000000000012,10.400000000000013,1.592151148725864,3.252306769759727,False,False,0.008507526519087665,0.0011190687775050835,16.0,29,1,0,208,0.2915263388506386,0.007755884478288979,0.3292313695382092,
road,noisy-seed3,15,turningCrossing,recovered,204,10.15000000000001,10.20000000000001,1.6504991107750075,2.592910353495858,False,False,0.012179203390016583,0.003861097244487996,16.0,61,1,0,204,0.29700082694122093,0.005224063069756783,0.3012817420426632,
road,noisy-seed3,15,curvedHeadOn,recovered,1311,65.49999999999842,65.54999999999842,3.8638504502555064,0.49755570504635926,False,False,0.004082628439043169,0.043432190327773186,16.0,44,4,11,1311,0.2850796715232539,0.011538374331707991,0.5510195608702446,
road,noisy-seed3,15,curvedCrossing,recovered,238,11.850000000000033,11.900000000000034,3.516257503484119,1.084992474927441,False,False,0.008824301297809386,0.002592113425224402,16.0,28,10,9,238,0.4300453193672316,0.0066426044586372504,0.23154644729654417,
road,noisy-seed4,8,headOn,recovered,237,11.800000000000033,11.850000000000033,2.543528845034384,0.8274569085430628,False,False,0.007976937108929168,0.0007460907558991104,8.0,35,0,2,237,0.23288970995062278,0.008999176601284232,0.193616875297991,
road,noisy-seed4,8,acceleratingHeadOn,controlUnavailable,41,2.000000000000001,nan,2.3154108338142367,0.8429240889959022,False,False,0.04369608857858604,nan,10.0,33,0,5,41,0.19360234514171143,0.008998225518475025,nan,collisionAvoidanceController:noOptimizationSolution: The two-stage affine optimization did not complete (pcbfNoNumericalResult).
road,noisy-seed4,8,brakingLead,recovered,228,11.350000000000026,11.400000000000027,1.3843470377799676,5.53942594472414,False,False,0.04280301200213193,0.18468535250844792,13.0,115,26,33,228,0.25764093139043087,0.01630504040243772,0.24127541233930966,
road,noisy-seed4,8,crossing,recovered,218,10.85000000000002,10.90000000000002,1.6860789891190822,3.785366893415217,False,False,0.0073544044261046925,0.000797131930380856,8.0,28,0,3,218,0.3092970591943995,0.006976321026359478,0.1962281362018418,
road,noisy-seed4,8,turningCrossing,recovered,213,10.600000000000016,10.650000000000016,1.6753317536814403,4.751902469105104,False,False,0.010611449630024253,0.0006251499871898558,8.0,80,1,3,213,0.25848063215569056,0.005156100309202964,0.1364847927019174,
road,noisy-seed4,8,curvedHeadOn,recovered,1778,88.8499999999971,88.89999999999709,2.746691563449936,1.85951885153772,False,False,0.005007756412159989,0.03514230372214247,8.0,66,0,9,1778,0.27539740933180795,0.01234569052065987,0.21795306544377746,
road,noisy-seed4,8,curvedCrossing,recovered,392,19.550000000000143,19.600000000000144,1.4700793929251987,5.662186662546421,False,False,0.009870986041603916,0.08133873230269174,8.0,128,0,5,392,0.35535218874475755,0.0071056581673921496,0.19325510435507595,
road,noisy-seed4,15,headOn,recovered,208,10.350000000000012,10.400000000000013,0.6186017739371721,3.0040405258963467,False,False,0.01763807164196875,0.000936480388520379,16.0,22,24,12,208,0.35859203426537734,0.011974768279706375,nan,
road,noisy-seed4,15,acceleratingHeadOn,recovered,209,10.400000000000013,10.450000000000014,0.4989523325486459,3.300758381585595,False,False,0.020800771059629394,0.0009007771137236597,16.0,21,24,12,209,0.19157856669997064,0.009362871551109262,nan,
road,noisy-seed4,15,brakingLead,recovered,295,14.700000000000074,14.750000000000075,1.2204245966266165,1.566540601731468,False,False,0.019678921081764035,0.07995946174741934,16.0,115,3,3,295,0.20329609181180433,0.004415123256734537,0.23375267117499712,
road,noisy-seed4,15,crossing,recovered,210,10.450000000000014,10.500000000000014,1.6168327385165875,2.8475815111662683,False,False,0.00994644434737103,0.0018504198774589677,16.0,30,2,0,210,0.35820441224225463,0.006794060707648259,0.33950670350669215,
road,noisy-seed4,15,turningCrossing,recovered,219,10.90000000000002,10.95000000000002,1.6198791019930816,3.495509469770038,False,False,0.007881074360169535,0.0011389923020480807,16.0,65,3,1,219,0.3566139244719888,0.005476009515421793,0.14897283103766445,
road,noisy-seed4,15,curvedHeadOn,controlUnavailable,1101,54.99999999999901,nan,1.548026837504312,2.812678718811217,False,False,0.004555887806618581,0.0115428357659709,16.0,39,23,22,1101,0.22783287199891153,0.014451314864559365,0.24907135292891933,collisionAvoidanceController:noOptimizationSolution: The two-stage affine optimization did not complete (clfNoNumericalResult).
road,noisy-seed4,15,curvedCrossing,recovered,233,11.60000000000003,11.65000000000003,3.471232000855269,1.8454697966571079,False,False,0.009151244717901751,0.002462185473838143,16.0,28,9,8,233,0.4679678153315586,0.005874423905364562,0.23512641030759648,
road,noisy-seed5,8,headOn,controlUnavailable,38,1.850000000000001,nan,2.8706819553133407,1.314109407082661,False,False,0.041193873091966565,nan,11.0,33,0,4,38,0.21605808852380534,0.01080725818018255,nan,collisionAvoidanceController:noOptimizationSolution: The two-stage affine optimization did not complete (pcbfNoNumericalResult).
road,noisy-seed5,8,acceleratingHeadOn,controlUnavailable,37,1.800000000000001,nan,2.5419063741566985,1.385083259675513,False,False,0.055029914883022286,nan,11.5,33,0,6,37,0.16890481756659873,0.009883274690828416,nan,collisionAvoidanceController:noOptimizationSolution: The two-stage affine optimization did not complete (pcbfNoNumericalResult).
road,noisy-seed5,8,brakingLead,recovered,333,16.6000000000001,16.6500000000001,1.3859861526265078,4.859682516666206,False,False,0.03381031093633009,0.20191883155030083,8.0,137,27,26,333,0.23255444631814054,0.02069195227605117,0.2688675230670588,
road,noisy-seed5,8,crossing,recovered,209,10.400000000000013,10.450000000000014,1.6720819787357173,4.558476562434737,False,False,0.00892882249715978,0.0007841607470080247,8.0,26,0,3,209,0.29803367752045906,0.00872145227562468,0.21645575595247818,
road,noisy-seed5,8,turningCrossing,recovered,216,10.750000000000018,10.800000000000018,1.6975523325734945,4.426135302319902,False,False,0.0111913471097961,0.0007443448655013552,8.0,80,0,3,216,0.2581114013965085,0.007775614931597139,0.13576969922894974,
road,noisy-seed5,8,curvedHeadOn,controlUnavailable,34,1.6500000000000008,nan,3.700449021321401,2.133032592761177,False,False,0.07016807734200323,nan,15.0,34,0,6,34,0.1941050725145526,0.017420304617037214,nan,collisionAvoidanceController:noOptimizationSolution: The two-stage affine optimization did not complete (pcbfNoNumericalResult).
road,noisy-seed5,8,curvedCrossing,controlUnavailable,142,7.049999999999983,nan,2.230642759628969,4.997274099052831,False,False,0.013885852195800697,0.0007976017477391144,8.0,26,0,7,142,0.3381419877228822,0.009193001321521633,0.22839246522845488,collisionAvoidanceController:noOptimizationSolution: The two-stage affine optimization did not complete (pcbfNoNumericalResult).
road,noisy-seed5,15,headOn,recovered,204,10.15000000000001,10.20000000000001,0.5323884916496288,3.1724139708976455,False,False,0.017053390653692317,0.0008444382606603673,16.0,22,22,10,204,0.3402987927638332,0.012569682295986383,nan,
road,noisy-seed5,15,acceleratingHeadOn,recovered,196,9.750000000000004,9.800000000000004,0.36211438572609417,3.4094892503560406,False,False,0.020246301253700645,0.0010102297237897513,16.0,22,22,10,196,0.21703891611651718,0.0092874921524952,nan,
road,noisy-seed5,15,brakingLead,recovered,269,13.400000000000055,13.450000000000056,1.264041733912885,4.939186124734203,False,False,0.024610787423274657,0.08043603804321361,16.0,115,16,2,269,0.2153100358763999,0.002241034483904457,0.2451071458789214,
road,noisy-seed5,15,crossing,recovered,196,9.750000000000004,9.800000000000004,1.6009758334415602,2.995167008633155,False,False,0.00818135438201397,0.003919167356522992,16.0,29,0,0,196,0.34175608764789095,0.006476107504046457,0.4438357498967817,
road,noisy-seed5,15,turningCrossing,recovered,208,10.350000000000012,10.400000000000013,1.679488963256363,2.8626872443807407,False,False,0.01076890637335687,0.0018680318746414825,16.0,63,0,0,208,0.30845770779271864,0.005899062790944287,0.19469273234122608,
road,noisy-seed5,15,curvedHeadOn,recovered,1304,65.14999999999844,65.19999999999844,3.2903374773553566,0.5543177747328407,False,False,0.004004370003389965,0.040956534582726765,16.0,43,0,9,1304,0.23567682560842923,0.012639118968845852,0.5049517833789113,
road,noisy-seed5,15,curvedCrossing,recovered,237,11.800000000000033,11.850000000000033,3.597167928861302,0.9293074392494205,False,False,0.01034192022506977,0.002701450698860138,16.0,28,10,10,237,0.46921999818475757,0.008070420911206274,0.2883635173127999,
clf,noisy-seed1,8,headOn,recovered,231,11.500000000000028,11.55000000000003,2.568171523161428,1.260600445397742,False,False,0.012811950969794643,0.0033818824992762724,8.0,40,0,0,231,0.22600214358473117,0.009048240383045216,0.2508091449744903,
clf,noisy-seed1,8,acceleratingHeadOn,recovered,245,12.200000000000038,12.250000000000039,2.3705947794488895,1.0612727585963455,False,False,0.014158379967408735,0.004794356966192746,8.0,40,0,3,245,0.17010681102404634,0.007195981095347849,0.18596457328074956,
clf,noisy-seed1,8,brakingLead,recovered,245,12.200000000000038,12.250000000000039,1.3875660991531555,5.289908609408395,False,False,0.05330573149646997,0.1889780837929375,10.0,137,24,26,245,0.25544668959495354,0.012821584351487258,0.19790996321862786,
clf,noisy-seed1,8,crossing,recovered,243,12.100000000000037,12.150000000000038,1.6534541985577302,4.2235224764123025,False,False,0.009992789614975829,0.0059947906080390434,8.0,26,0,2,243,0.2942790156286239,0.008218489320948782,0.18491703949866897,
clf,noisy-seed1,8,turningCrossing,recovered,215,10.700000000000017,10.750000000000018,1.765855112245803,4.112259009980811,False,False,0.013804965987376745,0.041055394969350685,8.0,79,0,2,215,0.24678478491075095,0.006063858542455147,0.16148581404842027,
clf,noisy-seed1,8,curvedHeadOn,controlUnavailable,328,16.350000000000097,nan,3.4672153836954362,1.1066900239031146,False,False,0.011859618186906687,0.005395523824009404,8.0,39,0,4,328,0.27257315911990515,0.012222309242970514,0.21410734214135332,collisionAvoidanceController:noOptimizationSolution: The two-stage affine optimization did not complete (clfNoNumericalResult).
clf,noisy-seed1,8,curvedCrossing,recovered,480,23.950000000000205,24.000000000000206,2.014585762530025,2.2790857637757,False,False,0.02035645026367516,0.13078432895701966,8.0,124,0,8,480,0.3296373979479901,0.006740758611822886,0.18403827035207745,
clf,noisy-seed1,15,headOn,observationLimit,2000,99.94999999999646,nan,0.52925045383775,3.2690655143891725,False,False,0.0592507179912204,0.1400760871138884,16.0,21,23,10,2000,0.30915779240437463,0.013986053449796365,nan,
clf,noisy-seed1,15,acceleratingHeadOn,observationLimit,2000,99.94999999999646,nan,0.4289616223275094,3.2183683752122256,False,False,0.05882019136455221,0.14054459011056702,16.0,21,22,11,2000,0.21447847641839826,0.009214032807756971,nan,
clf,noisy-seed1,15,brakingLead,observationLimit,2000,99.94999999999646,nan,1.2347002068486448,6.0900124634574375,False,False,0.05600543292030269,0.1423780951531662,16.0,106,25,14,2000,0.22877391868815922,0.002937135224187453,0.22280599132937762,
clf,noisy-seed1,15,crossing,observationLimit,2000,99.94999999999646,nan,1.5339438256228932,3.3054268655900305,False,False,0.05886985569537279,0.14009801232580596,16.0,42,1,0,2000,0.3056657464290407,0.006760144358028738,0.25791557103860957,
clf,noisy-seed1,15,turningCrossing,observationLimit,2000,99.94999999999646,nan,1.5390616313831684,3.611978463730292,False,False,0.05721475686825181,0.13946809870260823,16.0,63,0,0,2000,0.3319013473865553,0.005218822720727429,0.2906600128472943,
clf,noisy-seed1,15,curvedHeadOn,observationLimit,2000,99.94999999999646,nan,3.898312509066547,0.504888075438858,False,False,0.03556462697761218,0.12092579471324826,16.0,44,3,8,2000,0.25557168790219204,0.011592269944698749,0.32624892719461873,
clf,noisy-seed1,15,curvedCrossing,observationLimit,2000,99.94999999999646,nan,3.4882297872073034,0.1959423109313434,False,False,0.03477109336538758,0.11680260132804485,16.0,43,8,8,2000,0.42016964333422685,0.008410421005417043,0.6281234257382546,
clf,noisy-seed2,8,headOn,recovered,273,13.600000000000058,13.650000000000059,2.5200067522849228,1.211444409069383,False,False,0.011273994259709553,0.0053134511026688355,8.0,39,0,2,273,0.1994103756546309,0.008667714069931179,0.24456648849010948,
clf,noisy-seed2,8,acceleratingHeadOn,recovered,238,11.850000000000033,11.900000000000034,2.370521249676846,0.8005474024107322,False,False,0.014901905880615516,0.003417193642384971,8.0,38,0,5,238,0.14855436130140712,0.007172267851273479,0.1768063820708212,
clf,noisy-seed2,8,brakingLead,controlUnavailable,97,4.799999999999991,nan,1.3925393392463707,6.442204819229276,False,False,0.10258485487361761,0.16438799829718234,22.5,149,27,31,97,0.24984428744007772,0.018087403067622725,0.2716169506567171,collisionAvoidanceController:noOptimizationSolution: The two-stage affine optimization did not complete (pcbfNoNumericalResult).
clf,noisy-seed2,8,crossing,recovered,256,12.750000000000046,12.800000000000047,1.66709812856056,3.792856633386787,False,False,0.011534086639142302,0.005232561418780022,8.0,27,2,3,256,0.3480059214546282,0.00831682828631625,0.2369063042946525,
clf,noisy-seed2,8,turningCrossing,recovered,212,10.550000000000015,10.600000000000016,1.6863456381605453,4.493261126346913,False,False,0.014734337641992093,0.047076132558689865,8.0,80,0,4,212,0.2726970423629361,0.006240068635388992,0.16509914457347602,
clf,noisy-seed2,8,curvedHeadOn,controlUnavailable,849,42.39999999999973,nan,3.396579932384972,1.1929294146597016,False,False,0.007881569589562957,0.004750167697542267,8.0,38,0,6,849,0.22212755637691298,0.012343715581963169,0.22844945037815242,collisionAvoidanceController:noOptimizationSolution: The two-stage affine optimization did not complete (clfNoNumericalResult).
clf,noisy-seed2,8,curvedCrossing,controlUnavailable,143,7.099999999999983,nan,2.147445373628109,5.560213427806617,False,False,0.01807490713319038,0.003375768852140982,8.0,114,0,7,143,0.33921292326192237,0.007639974549185477,0.24777175607829016,collisionAvoidanceController:noOptimizationSolution: The two-stage affine optimization did not complete (pcbfNoNumericalResult).
clf,noisy-seed2,15,headOn,observationLimit,2000,99.94999999999646,nan,0.5963044392231541,3.2105368581788643,False,False,0.05914122862028539,0.14129810963547634,16.0,22,24,12,2000,0.33419152998642004,0.012784276913465729,nan,
clf,noisy-seed2,15,acceleratingHeadOn,observationLimit,2000,99.94999999999646,nan,0.4256807701631326,3.260097440254942,False,False,0.059427359418790245,0.1405827276828885,16.0,21,25,12,2000,0.2138153220940955,0.008683376953466498,nan,
clf,noisy-seed2,15,brakingLead,controlUnavailable,57,2.799999999999998,nan,1.2726455757986166,7.532207779195188,False,False,0.06372421207323034,nan,16.0,117,5,4,57,0.31145771324115806,0.005376056272938791,nan,collisionAvoidanceController:noOptimizationSolution: The two-stage affine optimization did not complete (pcbfNoNumericalResult).
clf,noisy-seed2,15,crossing,observationLimit,2000,99.94999999999646,nan,1.642519397310935,2.4708409493454866,False,False,0.05890358255755256,0.1400069824565789,16.0,41,0,0,2000,0.3185710817201349,0.0059268398247747526,0.36511265646363666,
clf,noisy-seed2,15,turningCrossing,observationLimit,2000,99.94999999999646,nan,1.5474328590676591,3.945498990077297,False,False,0.05730991216481456,0.1386169922743105,16.0,61,0,0,2000,0.2880457484316608,0.004327772239171783,0.3012886430224879,
clf,noisy-seed2,15,curvedHeadOn,observationLimit,2000,99.94999999999646,nan,3.8964799074169654,1.6216726059012885,False,False,0.03527716105601986,0.12025199994433511,16.0,41,2,14,2000,0.2080128640755713,0.01203684209896553,0.32682308886094946,
clf,noisy-seed2,15,curvedCrossing,observationLimit,2000,99.94999999999646,nan,3.6047955707304196,0.20933965371127883,False,False,0.03459256115955373,0.11769069579290795,16.0,42,16,9,2000,0.4958022213617401,0.009768049265170187,0.6088482090077102,
clf,noisy-seed20261003,8,headOn,recovered,230,11.450000000000028,11.500000000000028,2.7893818481558874,0.8064213647361527,False,False,0.01645694052371751,0.004477486910537229,8.0,40,0,4,230,0.22653670952113522,0.009238568441578865,0.298218364446032,
clf,noisy-seed20261003,8,acceleratingHeadOn,recovered,259,12.900000000000048,12.950000000000049,2.4206890729409287,0.7857014107418685,False,False,0.011677090860205682,0.00455644308586935,8.0,41,0,5,259,0.16375730616663978,0.0071377629572077035,0.22455874096991213,
clf,noisy-seed20261003,8,brakingLead,recovered,224,11.150000000000023,11.200000000000024,1.3874922231044131,5.224216276988635,False,False,0.05254423547213597,0.17843771273973735,8.0,90,32,29,224,0.3373908909082883,0.029137314248730173,0.3115047041790255,
clf,noisy-seed20261003,8,crossing,recovered,210,10.450000000000014,10.500000000000014,1.9120457481008404,4.712064476121295,False,False,0.009902192692302351,0.003373271390765793,8.0,27,0,4,210,0.30566869879390995,0.008269938946516042,0.19010986724713944,
clf,noisy-seed20261003,8,turningCrossing,recovered,208,10.350000000000012,10.400000000000013,1.9325291487396514,4.337153392837777,False,False,0.017581795623548526,0.06298686636391687,8.0,79,0,2,208,0.20816373326513782,0.005720635395414155,0.15155205817289652,
clf,noisy-seed20261003,8,curvedHeadOn,recovered,1770,88.44999999999712,88.49999999999712,3.534204511153992,1.2640264379619754,False,False,0.007570563421562016,0.04657125671000902,8.0,66,0,8,1770,0.2678431720992612,0.012845134804805093,0.26022114119800827,
clf,noisy-seed20261003,8,curvedCrossing,recovered,345,17.20000000000011,17.25000000000011,1.498921362080278,5.24986143895904,False,False,0.01412725930307157,0.08640185374390072,8.0,121,0,12,345,0.3045716690020368,0.007522405494752983,0.19727990692036426,
clf,noisy-seed20261003,15,headOn,observationLimit,2000,99.94999999999646,nan,0.5751510318323305,3.024879668815357,False,False,0.05916885329885087,0.13952776974590347,16.0,22,22,13,2000,0.31986016448192217,0.012673512458399058,nan,
clf,noisy-seed20261003,15,acceleratingHeadOn,observationLimit,2000,99.94999999999646,nan,0.4347266298975526,3.1826846602946706,False,False,0.05952110145428298,0.14034289586461773,16.0,21,24,12,2000,0.19823393710495887,0.008879974408309487,nan,
clf,noisy-seed20261003,15,brakingLead,controlUnavailable,87,4.299999999999993,nan,1.2141930192012933,4.100002687523741,False,False,0.047468227407072565,0.09819840596302704,20.0,170,18,12,87,0.25168094465661794,0.0038745011749773337,0.2496438363651486,collisionAvoidanceController:noOptimizationSolution: The two-stage affine optimization did not complete (pcbfNoNumericalResult).
clf,noisy-seed20261003,15,crossing,observationLimit,2000,99.94999999999646,nan,1.5037698879574743,4.386638853861779,False,False,0.0581881625824527,0.1400269827625231,16.0,42,0,0,2000,0.27815417037901463,0.007472446837842401,0.20830049267853507,
clf,noisy-seed20261003,15,turningCrossing,observationLimit,2000,99.94999999999646,nan,1.5310748253810782,4.314054420578055,False,False,0.056487525431179325,0.1370544521217637,16.0,63,0,0,2000,0.2839033846479581,0.004983282803057062,0.25597436434297965,
clf,noisy-seed20261003,15,curvedHeadOn,observationLimit,2000,99.94999999999646,nan,3.6943408721383606,1.1784266114313393,False,False,0.0352256852413212,0.11925046952324549,16.0,40,3,16,2000,0.30889829098375404,0.01254663939945475,0.4239001990221202,
clf,noisy-seed20261003,15,curvedCrossing,controlUnavailable,0,nan,nan,nan,nan,False,False,nan,nan,nan,nan,0,0,0,nan,nan,nan,collisionAvoidanceController:noOptimizationSolution: The two-stage affine optimization did not complete (timeLimit).
clf,noisy-seed3,8,headOn,recovered,231,11.500000000000028,11.55000000000003,2.776288129688984,1.167099228388393,False,False,0.012789170755339405,0.0040020915970614915,8.0,38,0,2,231,0.25602174679468465,0.009709465950068705,0.2889728297512998,
clf,noisy-seed3,8,acceleratingHeadOn,recovered,234,11.65000000000003,11.700000000000031,2.3389685582591557,0.6862787076319066,False,False,0.01613002329082827,0.004463889511538001,8.0,39,0,7,234,0.17740998675339723,0.007682260908565125,0.2635394770333269,
clf,noisy-seed3,8,brakingLead,recovered,261,13.00000000000005,13.05000000000005,1.3841916138719945,2.292072265658046,False,False,0.05746224970143854,0.1874710225160651,11.0,122,21,34,261,0.287495039544836,0.018106321292427664,0.21194302778342097,
clf,noisy-seed3,8,crossing,recovered,215,10.700000000000017,10.750000000000018,1.796499650243582,3.5467118654220258,False,False,0.009412874068809907,0.0034875813233626817,8.0,26,0,1,215,0.30419942540021205,0.008353218202089526,0.21297322461924856,
clf,noisy-seed3,8,turningCrossing,recovered,213,10.600000000000016,10.650000000000016,1.7052089281184886,3.9924103405842732,False,False,0.015050520475235958,0.03941668674278678,8.0,79,0,3,213,0.255208225987113,0.007001832865678931,0.15314082605730017,
clf,noisy-seed3,8,curvedHeadOn,controlUnavailable,742,37.05000000000003,nan,3.5572947637091463,1.092778292405841,False,False,0.007969716104742848,0.004976676933303101,8.0,39,0,6,742,0.273584332932167,0.012522293697648965,0.2634198201800821,collisionAvoidanceController:noOptimizationSolution: The two-stage affine optimization did not complete (clfNoNumericalResult).
clf,noisy-seed3,8,curvedCrossing,recovered,382,19.050000000000136,19.100000000000136,1.5448017257453506,4.994846319854901,False,False,0.014056333206300871,0.057486568109608796,8.0,114,0,6,382,0.3589304477845501,0.008215872474996328,0.19126185776165736,
clf,noisy-seed3,15,headOn,observationLimit,2000,99.94999999999646,nan,0.5927301704134199,3.038472721358822,False,False,0.05891438561080449,0.14185543734043346,16.0,22,23,13,2000,0.32148806475090075,0.014248130459869862,nan,
clf,noisy-seed3,15,acceleratingHeadOn,observationLimit,2000,99.94999999999646,nan,0.4313661091121813,3.055547664380523,False,False,0.0599822488186247,0.13991499773408983,16.0,22,23,12,2000,0.20636451665979313,0.009961075004655573,nan,
clf,noisy-seed3,15,brakingLead,observationLimit,2000,99.94999999999646,nan,1.0804259648755867,6.504247979207722,False,False,0.055623815903488694,0.13639503302217898,16.0,125,23,2,2000,0.22948836872619466,0.001978954609708964,0.22607926450953775,
clf,noisy-seed3,15,crossing,observationLimit,2000,99.94999999999646,nan,1.5700089019630485,3.0245423094631896,False,False,0.05862751723812758,0.13887983971845655,16.0,42,1,0,2000,0.3086554371470117,0.007365948031125866,0.3566270751096939,
clf,noisy-seed3,15,turningCrossing,observationLimit,2000,99.94999999999646,nan,1.618396109674319,2.8773273132023327,False,False,0.05794786663744214,0.13766421673912418,16.0,61,1,0,2000,0.31308799174366475,0.005645351070949946,0.21397612215662828,
clf,noisy-seed3,15,curvedHeadOn,observationLimit,2000,99.94999999999646,nan,2.725011586593104,1.1084197409027645,False,False,0.03491433605368261,0.12140979717052237,16.0,46,3,11,2000,0.33204379997238553,0.012601786735467373,0.44669075843462774,
clf,noisy-seed3,15,curvedCrossing,recovered,1813,90.599999999997,90.649999999997,3.634245593852748,0.11366468026497678,False,False,0.03528749638805855,0.11469384085765312,16.0,44,13,9,1813,0.500543569484059,0.010906511809464333,0.6302562455588755,
clf,noisy-seed4,8,headOn,recovered,246,12.250000000000039,12.30000000000004,2.5724330405123923,1.2301100181928781,False,False,0.014407010202195456,0.0035963309688166415,8.0,37,0,2,246,0.2540033928231621,0.009874941585846947,0.24958242886298693,
clf,noisy-seed4,8,acceleratingHeadOn,recovered,234,11.65000000000003,11.700000000000031,2.2739271297786185,0.5157141805532284,False,False,0.01307444887870757,0.003826447870010837,8.0,39,0,6,234,0.1762037623528604,0.0074621897852321095,0.16467951363862376,
clf,noisy-seed4,8,brakingLead,recovered,317,15.80000000000009,15.85000000000009,1.3843330173516444,5.125071288100694,False,False,0.04531230164107923,0.12249311353209817,8.0,120,18,40,317,0.2550745901752303,0.02446751994598074,0.19012790315508285,
clf,noisy-seed4,8,crossing,recovered,212,10.550000000000015,10.600000000000016,1.6861183573951017,4.003931427212368,False,False,0.009829756001764169,0.003205566506757359,8.0,28,0,3,212,0.3162661833812411,0.007768127867685362,0.19955404713226807,
clf,noisy-seed4,8,turningCrossing,recovered,227,11.300000000000026,11.350000000000026,1.6753250018592138,4.895945254251297,False,False,0.017606252244735304,0.05731341649119306,8.0,80,1,3,227,0.2716986484869152,0.005787087202115574,0.13866471152928878,
clf,noisy-seed4,8,curvedHeadOn,recovered,1774,88.6499999999971,88.6999999999971,2.677791577979994,2.3235254363894846,False,False,0.008480865032274305,0.04853920976883469,8.0,66,0,7,1774,0.2799410640387516,0.012654148528381915,0.22741924244165662,
clf,noisy-seed4,8,curvedCrossing,controlUnavailable,0,nan,nan,nan,nan,False,False,nan,nan,nan,nan,0,0,0,nan,nan,nan,collisionAvoidanceController:noOptimizationSolution: The two-stage affine optimization did not complete (timeLimit).
clf,noisy-seed4,15,headOn,observationLimit,2000,99.94999999999646,nan,0.6225921141998118,3.109942961313065,False,False,0.05934078153019101,0.1407947489124085,16.0,22,23,12,2000,0.35939128824327266,0.014086025029405851,nan,
clf,noisy-seed4,15,acceleratingHeadOn,observationLimit,2000,99.94999999999646,nan,0.4826573015797445,3.0942346307954818,False,False,0.058940963142642785,0.13971379239751322,16.0,21,24,12,2000,0.21028456112660282,0.0102920745484178,nan,
clf,noisy-seed4,15,brakingLead,observationLimit,2000,99.94999999999646,nan,1.2141802253477596,3.0134179919479918,False,False,0.055352786192663796,0.13434798133127607,16.0,117,20,7,2000,0.21344625184263044,0.0027989868291538834,0.20760954009587662,
clf,noisy-seed4,15,crossing,observationLimit,2000,99.94999999999646,nan,1.623797772379901,2.8023042901689905,False,False,0.05859922339751847,0.139127198066308,16.0,42,2,0,2000,0.3821287865553281,0.0065097252432716945,0.378563874238398,
clf,noisy-seed4,15,turningCrossing,observationLimit,2000,99.94999999999646,nan,1.622302985407648,3.896664032348264,False,False,0.05724000677493558,0.13706434950567326,16.0,63,3,1,2000,0.39783066130255473,0.005988608856288502,0.2644327255437896,
clf,noisy-seed4,15,curvedHeadOn,observationLimit,2000,99.94999999999646,nan,1.5918327503486864,1.337028765740392,False,False,0.03605739642782927,0.12114888943208228,16.0,44,21,18,2000,0.2429583203099206,0.015933964538640818,0.3872530755337624,
clf,noisy-seed4,15,curvedCrossing,observationLimit,2000,99.94999999999646,nan,3.460460749485368,0.1419725264856968,False,False,0.03739085086785679,0.10681739458588435,16.0,43,8,8,2000,0.443645483660623,0.009645403774792592,0.6339535839906923,
clf,noisy-seed5,8,headOn,recovered,261,13.00000000000005,13.05000000000005,2.772190770251693,1.1218143628418566,False,False,0.011772147192575806,0.0051904363620727915,8.0,41,0,5,261,0.21171693055247168,0.008881028669038157,0.28834039606151185,
clf,noisy-seed5,8,acceleratingHeadOn,recovered,249,12.400000000000041,12.450000000000042,2.4864813951509817,1.1806284152902258,False,False,0.013446676151355402,0.004199313710750845,8.0,40,0,6,249,0.15541697463912155,0.00844445225155671,0.21423620601147292,
clf,noisy-seed5,8,brakingLead,recovered,225,11.200000000000024,11.250000000000025,1.3859830447469559,4.868383853557603,False,False,0.05814162519394756,0.20786494129067995,9.0,140,27,28,225,0.23837696003031425,0.02177593641537471,0.29533013287234794,
clf,noisy-seed5,8,crossing,recovered,221,11.000000000000021,11.050000000000022,1.6720634106595382,4.730979068585105,False,False,0.011655153205423733,0.004953150267144944,8.0,26,0,3,221,0.3011409459333497,0.008919890731990805,0.21764168641557274,
clf,noisy-seed5,8,turningCrossing,recovered,217,10.800000000000018,10.85000000000002,1.6975752866531493,4.5857953703968,False,False,0.016129182902343085,0.04476687271518124,8.0,80,0,3,217,0.2586825033275901,0.007892729421814258,0.13871116048154056,
clf,noisy-seed5,8,curvedHeadOn,recovered,1783,89.09999999999708,89.14999999999708,3.5668082868272255,1.345911559799525,False,False,0.007839503056686384,0.029033652909920247,8.0,58,0,12,1783,0.24851888992176693,0.014158242273473539,0.2413969475177883,
clf,noisy-seed5,8,curvedCrossing,controlUnavailable,141,6.999999999999983,nan,2.2013509449885547,4.916140526482017,False,False,0.01753595729414418,0.0034371336832398104,8.0,26,0,7,141,0.3525617132360811,0.009216972511788688,0.2287872389173865,collisionAvoidanceController:noOptimizationSolution: The two-stage affine optimization did not complete (pcbfNoNumericalResult).
clf,noisy-seed5,15,headOn,observationLimit,2000,99.94999999999646,nan,0.5244254256060842,3.1388773054933203,False,False,0.05934193912272113,0.14085054890072587,16.0,22,22,10,2000,0.35740082514787724,0.01505221841674879,nan,
clf,noisy-seed5,15,acceleratingHeadOn,observationLimit,2000,99.94999999999646,nan,0.3558140553484082,3.338336402312464,False,False,0.05877751717723528,0.1400778406280638,16.0,24,22,10,2000,0.20253539460043563,0.009738248666464349,nan,
clf,noisy-seed5,15,brakingLead,observationLimit,2000,99.94999999999646,nan,1.2223749458682163,4.833656928750232,False,False,0.05647958288743731,0.14209479964852914,16.0,189,16,17,2000,0.278857814021469,0.004021644282943588,0.22338805045215007,
clf,noisy-seed5,15,crossing,observationLimit,2000,99.94999999999646,nan,1.5718543869262884,3.229477246691456,False,False,0.058603964030526146,0.138555481662765,16.0,41,0,0,2000,0.3335508267237392,0.006828170040723749,0.285810813321584,
clf,noisy-seed5,15,turningCrossing,observationLimit,2000,99.94999999999646,nan,1.6142110570675094,3.311943768901145,False,False,0.05636297056813863,0.1368339745189349,16.0,61,0,0,2000,0.31957100293785634,0.00604400512318717,0.21521279406645297,
clf,noisy-seed5,15,curvedHeadOn,observationLimit,2000,99.94999999999646,nan,3.8817541020898925,1.3744619390239272,False,False,0.035890134725499345,0.12377559837206605,16.0,44,1,9,2000,0.2474406476437942,0.013364572998108339,0.41866625504515265,
clf,noisy-seed5,15,curvedCrossing,recovered,1813,90.599999999997,90.649999999997,3.6919481203025133,0.22495819617975066,False,False,0.03537476977121884,0.11705884088260307,16.0,44,10,10,1813,0.5102963239754126,0.01098826135982393,0.6579206571271503,
prefix,noisy-seed1,8,headOn,recovered,235,11.700000000000031,11.750000000000032,2.5681766788798797,1.1468973466051686,False,False,0.010203843874685327,0.0010649914199039761,8.0,40,0,0,235,0.24131448841130382,0.010003702847409153,0.2132089981181623,
prefix,noisy-seed1,8,acceleratingHeadOn,recovered,235,11.700000000000031,11.750000000000032,2.3705200432796443,1.0017708263835576,False,False,0.013050479923671603,0.0010558726780320893,8.0,40,0,3,235,0.17909422347687737,0.007846973879862388,0.1514986854403915,
prefix,noisy-seed1,8,brakingLead,recovered,288,14.350000000000069,14.40000000000007,1.3875749761448066,4.526044146919667,False,False,0.02951813667593095,0.09090825536871301,8.0,129,11,19,288,0.25750465169024683,0.015693263402213473,0.26556087254824223,
prefix,noisy-seed1,8,crossing,recovered,215,10.700000000000017,10.750000000000018,1.6534531677640896,4.0210387140297215,False,False,0.006721884088981628,0.0008559289495429535,8.0,26,0,2,215,0.2829031572876405,0.007070944865723636,0.18182104673902677,
prefix,noisy-seed1,8,turningCrossing,recovered,219,10.90000000000002,10.95000000000002,1.7658546234672303,3.9152722990410567,False,False,0.008771677364574487,0.0005561176475290366,8.0,80,0,2,219,0.22720673593381646,0.005698379445706682,0.16143526600729569,
prefix,noisy-seed1,8,curvedHeadOn,recovered,1779,88.89999999999709,88.94999999999709,3.2854810991737895,1.098814249965475,False,False,0.004896942197007553,0.021877610947119965,8.0,59,0,9,1779,0.26579593017086167,0.012459591064119471,0.19714530843317768,
prefix,noisy-seed1,8,curvedCrossing,recovered,372,18.55000000000013,18.60000000000013,1.8137526147896823,5.642690554259969,False,False,0.016595734073867933,0.10024424733894742,8.0,119,0,7,372,0.3418325268158147,0.006873230555478066,0.18548651743055153,
prefix,noisy-seed1,15,headOn,recovered,205,10.20000000000001,10.25000000000001,0.5239814245770271,3.049192659079713,False,False,0.01726375762556447,0.0009521148859801747,16.0,21,23,10,205,0.3038838581650116,0.00965971579364193,nan,
prefix,noisy-seed1,15,acceleratingHeadOn,recovered,198,9.850000000000005,9.900000000000006,0.4315163881888673,3.188199748443507,False,False,0.01847225252142743,0.0010940997420404318,16.0,21,22,11,198,0.2264273082511284,0.00799680924432038,nan,
prefix,noisy-seed1,15,brakingLead,recovered,260,12.950000000000049,13.00000000000005,1.1483470611343127,6.714839228240082,False,False,0.027361016436517373,0.12400856876762943,16.0,95,13,3,260,0.25669525702507223,0.0033055706138624373,0.2518695087299995,
prefix,noisy-seed1,15,crossing,recovered,198,9.850000000000005,9.900000000000006,1.546200317893448,3.1452061982609454,False,False,0.012863750524326307,0.0029696842741363484,16.0,40,1,0,198,0.2844072303833545,0.0076603293747506546,0.3986813978865034,
prefix,noisy-seed1,15,turningCrossing,recovered,216,10.750000000000018,10.800000000000018,1.5391887939270517,3.6719777156961513,False,False,0.007484712788566124,0.0008803973503954379,16.0,66,0,0,216,0.3043737699802622,0.005210672354901192,0.15758466564954723,
prefix,noisy-seed1,15,curvedHeadOn,recovered,1303,65.09999999999845,65.14999999999844,3.8990227584807897,0.47624434635587676,False,False,0.0037821109451201284,0.046949117442209726,16.0,43,4,9,1303,0.28005409764517886,0.011639037752849168,0.31690579048613543,
prefix,noisy-seed1,15,curvedCrossing,recovered,238,11.850000000000033,11.900000000000034,3.4894259070780294,0.7515076652389272,False,False,0.008068609553629369,0.002791034867024466,16.0,43,8,8,238,0.39567443269723684,0.005518734448371804,0.28677710713456434,
prefix,noisy-seed2,8,headOn,recovered,233,11.60000000000003,11.65000000000003,2.520015959749935,1.1686520839362142,False,False,0.008995897558214928,0.0010441162176559873,8.0,39,0,2,233,0.2088596192370872,0.008872350485085388,0.2057462128324631,
prefix,noisy-seed2,8,acceleratingHeadOn,recovered,233,11.60000000000003,11.65000000000003,2.370760374828704,0.8755851018716623,False,False,0.011053446763296558,0.0010562724340874889,8.0,38,0,5,233,0.1538620481462937,0.007192853736392263,0.13869702924730787,
prefix,noisy-seed2,8,brakingLead,recovered,254,12.650000000000045,12.700000000000045,1.3925474381032537,5.083243835616619,False,False,0.03539944146440739,0.12296679053911085,8.0,138,18,16,254,0.2189712911951357,0.016149646632924234,0.3333181689379411,
prefix,noisy-seed2,8,crossing,recovered,220,10.95000000000002,11.000000000000021,1.6670958846883737,3.5893745391914145,False,False,0.009239367250401549,0.0009270581152440808,8.0,27,2,3,220,0.34197075802942895,0.006726740430166718,0.23833067387063195,
prefix,noisy-seed2,8,turningCrossing,recovered,220,10.95000000000002,11.000000000000021,1.686279424293805,4.32393881070183,False,False,0.009506113437510191,0.0007047917628312067,8.0,83,0,4,220,0.2626314921190867,0.005764530966807532,0.16253847002097518,
prefix,noisy-seed2,8,curvedHeadOn,recovered,1785,89.19999999999708,89.24999999999707,3.423238978782462,1.204040769329584,False,False,0.005264741689554088,0.034616132800821556,8.0,72,0,8,1785,0.20414579982935496,0.012213019233276124,0.2099300462531003,
prefix,noisy-seed2,8,curvedCrossing,recovered,378,18.850000000000133,18.900000000000134,1.3832730991080313,5.642692941589997,False,False,0.019340807250099613,0.11274793239887104,8.0,127,1,11,378,0.3564304403274304,0.007802279654488706,0.2482218766976022,
prefix,noisy-seed2,15,headOn,recovered,207,10.300000000000011,10.350000000000012,0.5943780189924771,3.1999945202076674,False,False,0.016298456528628515,0.0008692057268494279,16.0,22,24,12,207,0.3235826576564511,0.01006698434613892,nan,
prefix,noisy-seed2,15,acceleratingHeadOn,recovered,201,10.000000000000007,10.050000000000008,0.45143962006437094,3.723536637521235,False,False,0.01750558784032434,0.0008523745172433154,16.0,21,25,12,201,0.20127136175702284,0.007339922897140006,nan,
prefix,noisy-seed2,15,brakingLead,recovered,257,12.800000000000047,12.850000000000048,1.0989266424230852,6.444012929642982,False,False,0.03251758032240858,0.13325210907500756,16.0,118,26,6,257,0.3220652759524984,0.005137273092558818,0.2616633657763658,
prefix,noisy-seed2,15,crossing,recovered,208,10.350000000000012,10.400000000000013,1.6461919694122598,2.6194871669500337,False,False,0.012727416025774027,0.0024021897382499493,16.0,39,0,0,208,0.3206607057803418,0.0063768225614391875,0.33224101184684357,
prefix,noisy-seed2,15,turningCrossing,recovered,210,10.450000000000014,10.500000000000014,1.5430560372551256,4.071885897343929,False,False,0.008895272022846219,0.0007942968074565258,16.0,64,0,0,210,0.2508167098274721,0.0041979372590002905,0.16424887966118823,
prefix,noisy-seed2,15,curvedHeadOn,recovered,1310,65.44999999999843,65.49999999999842,3.8829152126469615,0.5940201319228073,False,False,0.0038758958817518667,0.04398120737181163,16.0,45,2,9,1310,0.22742033245562981,0.011574629898679644,0.37533173655024615,
prefix,noisy-seed2,15,curvedCrossing,recovered,234,11.65000000000003,11.700000000000031,3.603459561882015,0.6597897295983408,False,False,0.00975797677722878,0.0029335379999265434,16.0,42,13,8,234,0.4609573513319146,0.007086319796456299,0.2894869626592701,
prefix,noisy-seed20261003,8,headOn,recovered,232,11.55000000000003,11.60000000000003,2.789232338101474,0.8298252948956844,False,False,0.012860763544358923,0.0008920770138846027,8.0,40,0,4,232,0.23886280743585886,0.009550521671408145,0.24631685443368687,
prefix,noisy-seed20261003,8,acceleratingHeadOn,recovered,231,11.500000000000028,11.55000000000003,2.420815329692155,0.8385356179779464,False,False,0.008691654996882415,0.0008846653679467539,8.0,41,0,5,231,0.1650266933956413,0.007172163835116213,0.19019186481848568,
prefix,noisy-seed20261003,8,brakingLead,recovered,240,11.950000000000035,12.000000000000036,1.3874651850676027,5.033178595033563,False,False,0.033373181194061276,0.11608877744682716,8.0,108,18,23,240,0.28974320614480575,0.019947889274250143,0.30191014864854876,
prefix,noisy-seed20261003,8,crossing,recovered,209,10.400000000000013,10.450000000000014,1.9120456621845923,4.544672430140063,False,False,0.007362506855207994,0.000742477765145018,8.0,27,0,4,209,0.2949579817033597,0.007112580343694209,0.18858766967591503,
prefix,noisy-seed20261003,8,turningCrossing,recovered,216,10.750000000000018,10.800000000000018,1.9309200813487255,4.1449036481862525,False,False,0.008708528406834087,0.0004939935747718735,8.0,79,0,2,216,0.1972035655701304,0.0053227896670880685,0.14616298421811177,
prefix,noisy-seed20261003,8,curvedHeadOn,recovered,1774,88.6499999999971,88.6999999999971,3.407834960084129,1.2476517136967438,False,False,0.0049197233668745784,0.029691660196369974,8.0,58,0,9,1774,0.27259301406506425,0.012894171732810995,0.2533565003106183,
prefix,noisy-seed20261003,8,curvedCrossing,recovered,368,18.350000000000126,18.400000000000126,1.498258988837231,5.366797709026526,False,False,0.01189193929585549,0.08536467309463144,8.0,120,0,9,368,0.31566935540498553,0.0075767725460680335,0.2003562492624122,
prefix,noisy-seed20261003,15,headOn,recovered,205,10.20000000000001,10.25000000000001,0.580302908987253,2.988948466899979,False,False,0.01723271969243017,0.0009201917748270959,16.0,22,23,12,205,0.3204318622479524,0.010178526449442187,nan,
prefix,noisy-seed20261003,15,acceleratingHeadOn,controlUnavailable,11,0.49999999999999994,nan,6.8194228404908905,7.514930251750784,False,False,0.044715360101865456,nan,16.5,21,9,10,11,nan,nan,nan,collisionAvoidanceController:noOptimizationSolution: The two-stage affine optimization did not complete (pcbfNoNumericalResult).
prefix,noisy-seed20261003,15,brakingLead,recovered,335,16.700000000000102,16.750000000000103,1.0228005682985999,3.2192873559267507,False,False,0.024233787846579403,0.10094689853333876,16.0,111,20,14,335,0.25595089507142676,0.003950949926019922,0.2632707576885231,
prefix,noisy-seed20261003,15,crossing,recovered,206,10.25000000000001,10.300000000000011,1.5141258871229577,4.277124102631408,False,False,0.008298006689154015,0.0009548923259193087,16.0,40,0,0,206,0.24496958950385272,0.006824727383007161,0.17255029963339044,
prefix,noisy-seed20261003,15,turningCrossing,recovered,211,10.500000000000014,10.550000000000015,1.5313189227541508,4.186128236082897,False,False,0.0075541106078356604,0.0008299080823132899,16.0,65,0,0,211,0.25043432550639866,0.004811754243335175,0.13823713409037985,
prefix,noisy-seed20261003,15,curvedHeadOn,recovered,1308,65.34999999999843,65.39999999999843,3.903157637551794,0.33248199815988144,False,False,0.004116073358700972,0.0455045665799479,16.0,45,3,10,1308,0.3169865216939538,0.011557849341612442,0.4285966736635709,
prefix,noisy-seed20261003,15,curvedCrossing,recovered,238,11.850000000000033,11.900000000000034,3.5500649272029925,0.6514640959297608,False,False,0.007721167103469057,0.002788343129225036,16.0,43,9,9,238,0.401443843430644,0.006655513944002685,0.30269375157102335,
prefix,noisy-seed3,8,headOn,recovered,233,11.60000000000003,11.65000000000003,2.7763597850790855,1.151601276103177,False,False,0.00991048967350407,0.0008483577601289614,8.0,38,0,2,233,0.26282643161963687,0.009523540995178716,0.2648336259954508,
prefix,noisy-seed3,8,acceleratingHeadOn,recovered,235,11.700000000000031,11.750000000000032,2.3374208809666057,0.7705185297503814,False,False,0.013142183566678548,0.0008783260853775641,8.0,39,0,7,235,0.1723431678200713,0.007927198388841735,0.22082143110807606,
prefix,noisy-seed3,8,brakingLead,controlUnavailable,21,1.0000000000000002,nan,1.3841733205958038,7.507675763849357,False,False,0.08145235990750643,nan,25.0,105,8,5,21,nan,nan,nan,collisionAvoidanceController:noOptimizationSolution: The two-stage affine optimization did not complete (pcbfNoNumericalResult).
prefix,noisy-seed3,8,crossing,recovered,220,10.95000000000002,11.000000000000021,1.7964862367591399,3.35063513208023,False,False,0.007342665739944015,0.0007535946508647242,8.0,26,0,1,220,0.3039403882722263,0.007725239248742902,0.2104388070223942,
prefix,noisy-seed3,8,turningCrossing,recovered,221,11.000000000000021,11.050000000000022,1.705202657561341,3.803580335203982,False,False,0.009927211114347408,0.000602484468231997,8.0,81,0,3,221,0.250548632822067,0.006890574719481267,0.1480077223652772,
prefix,noisy-seed3,8,curvedHeadOn,recovered,1776,88.7499999999971,88.7999999999971,3.5573024728607505,1.0915568013190526,False,False,0.005242354793409444,0.046650525982352815,8.0,66,0,7,1776,0.2757019672385503,0.012201982855141626,0.24854954749345584,
prefix,noisy-seed3,8,curvedCrossing,recovered,390,19.45000000000014,19.500000000000142,1.5498334912537552,5.094507979689604,False,False,0.011270405318658408,0.06322478000176618,8.0,115,1,6,390,0.3587519089215345,0.008555945105562105,0.18621171597705044,
prefix,noisy-seed3,15,headOn,recovered,208,10.350000000000012,10.400000000000013,0.5894488945468511,2.988603777257106,False,False,0.016917273449544756,0.0008505684558981475,16.0,22,23,12,208,0.33152727960284106,0.011745790050348818,nan,
prefix,noisy-seed3,15,acceleratingHeadOn,controlUnavailable,11,0.49999999999999994,nan,6.810616415649738,7.514804722630915,False,False,0.0454963672462117,nan,16.5,22,7,10,11,nan,nan,nan,collisionAvoidanceController:noOptimizationSolution: The two-stage affine optimization did not complete (pcbfNoNumericalResult).
prefix,noisy-seed3,15,brakingLead,recovered,229,11.400000000000027,11.450000000000028,1.0802310619940727,6.45835847408503,False,False,0.02403270046973348,0.13498595838326552,16.0,124,13,1,229,0.21884980755761485,0.0019158545122608117,0.24821012808058984,
prefix,noisy-seed3,15,crossing,recovered,210,10.450000000000014,10.500000000000014,1.5758252763892509,3.203259749623017,False,False,0.010501365637934293,0.0011389352466778335,16.0,40,1,0,210,0.2917865233420706,0.007459517019651796,0.32924780769044476,
prefix,noisy-seed3,15,turningCrossing,recovered,204,10.15000000000001,10.20000000000001,1.621318181335187,2.866468618182653,False,False,0.014344860644514254,0.0034290397303420213,16.0,61,1,0,204,0.3028215345705664,0.0053330281032564495,0.2725799700846046,
prefix,noisy-seed3,15,curvedHeadOn,recovered,1306,65.24999999999844,65.29999999999843,3.8764210311506084,0.2338408333794355,False,False,0.004038288634628442,0.042931401752511346,16.0,45,4,11,1306,0.2685525919014715,0.011777906602508737,0.37621340643746937,
prefix,noisy-seed3,15,curvedCrossing,recovered,239,11.900000000000034,11.950000000000035,3.642413507075126,0.7380121016493888,False,False,0.008676290211589272,0.002841300997454745,16.0,44,13,9,239,0.43340444747217105,0.00704408291097853,0.2289410776074839,
prefix,noisy-seed4,8,headOn,recovered,233,11.60000000000003,11.65000000000003,2.5724653148633516,1.199508091031527,False,False,0.01137839126213456,0.000780883431398344,8.0,37,0,2,233,0.2686202715618264,0.009884658441593351,0.2122218614683413,
prefix,noisy-seed4,8,acceleratingHeadOn,recovered,236,11.750000000000032,11.800000000000033,2.2738350570359076,0.5948225177880673,False,False,0.010476052784487945,0.0007992900497003112,8.0,39,0,6,236,0.17472010145040695,0.007537610178710473,0.1479674473792001,
prefix,noisy-seed4,8,brakingLead,recovered,230,11.450000000000028,11.500000000000028,1.3843470379571716,5.539379746427143,False,False,0.04240291369458158,0.182452091431122,12.0,115,26,33,230,0.25764068474458174,0.01630510053757581,0.24127766190426908,
prefix,noisy-seed4,8,crossing,recovered,218,10.85000000000002,10.90000000000002,1.6860790672482049,3.785704816992796,False,False,0.007344755137970459,0.0007927729515715725,8.0,28,0,3,218,0.30931806168174947,0.006975743053930892,0.19622822938539214,
prefix,noisy-seed4,8,turningCrossing,recovered,213,10.600000000000016,10.650000000000016,1.6753268045502487,4.751950874587956,False,False,0.010608687800219178,0.0006219071431227777,8.0,80,1,3,213,0.2584810712484796,0.0051561371108521685,0.13648480630256107,
prefix,noisy-seed4,8,curvedHeadOn,recovered,1777,88.7999999999971,88.8499999999971,2.677744826912433,2.264582552358311,False,False,0.005182435220610703,0.02485337755939224,8.0,58,0,9,1777,0.2684920705181967,0.012424880678762846,0.21899465489409625,
prefix,noisy-seed4,8,curvedCrossing,recovered,380,18.950000000000134,19.000000000000135,1.6030618425757195,5.662191104453194,False,False,0.01659974948637188,0.10179932309380829,8.0,129,0,4,380,0.35535245469857624,0.0071056612747532055,0.19325509092665497,
prefix,noisy-seed4,15,headOn,recovered,209,10.400000000000013,10.450000000000014,0.6175529669656862,3.0290100276836576,False,False,0.017285076408394315,0.0009478608304333968,16.0,22,23,12,209,0.36298265496819715,0.011928249094044125,nan,
prefix,noisy-seed4,15,acceleratingHeadOn,recovered,210,10.450000000000014,10.500000000000014,0.49292719676461316,3.2427794695179415,False,False,0.018488504073455782,0.0008777101403406531,16.0,21,24,12,210,0.20404751123295464,0.009309132597828748,nan,
prefix,noisy-seed4,15,brakingLead,recovered,299,14.900000000000077,14.950000000000077,1.245210397088331,1.0660030992142122,False,False,0.020095706245842088,0.0993021182914376,16.0,115,3,4,299,0.20329463029247827,0.00441509747550902,0.23675697364094545,
prefix,noisy-seed4,15,crossing,recovered,207,10.300000000000011,10.350000000000012,1.6225360644445528,2.763777151348389,False,False,0.011249206559268742,0.0028992160105193324,16.0,42,2,0,207,0.361444092531278,0.006401178203649868,0.414135397631541,
prefix,noisy-seed4,15,turningCrossing,recovered,220,10.95000000000002,11.000000000000021,1.6223094431619094,3.492713837950591,False,False,0.008153673831132805,0.0011404902317460398,16.0,65,3,1,220,0.3731193052150291,0.005825748176195407,0.1516443523056974,
prefix,noisy-seed4,15,curvedHeadOn,recovered,1308,65.34999999999843,65.39999999999843,1.599668762060819,1.7321139496972933,False,False,0.004559110361673071,0.04354195889355945,16.0,45,21,18,1308,0.2501910375740806,0.01618632123382952,0.28199705302520944,
prefix,noisy-seed4,15,curvedCrossing,recovered,239,11.900000000000034,11.950000000000035,3.460482744932967,0.8938580832665899,False,False,0.007684363654901068,0.002841504346408232,16.0,43,8,8,239,0.42457384158956374,0.0061489875470059135,0.2470795250718726,
prefix,noisy-seed5,8,headOn,recovered,230,11.450000000000028,11.500000000000028,2.772139861589467,1.131145124613493,False,False,0.008827983952219315,0.0009653546396901333,8.0,41,0,5,230,0.20860253875046525,0.008975887972856445,0.2458503655337627,
prefix,noisy-seed5,8,acceleratingHeadOn,recovered,228,11.350000000000026,11.400000000000027,2.486133213211046,1.2651179367213299,False,False,0.01049293629710045,0.0009556353287750923,8.0,40,0,6,228,0.154408793369291,0.00838458516836375,0.17180509500846336,
prefix,noisy-seed5,8,brakingLead,controlUnavailable,0,nan,nan,nan,nan,False,False,nan,nan,nan,nan,0,0,0,nan,nan,nan,collisionAvoidanceController:noOptimizationSolution: The two-stage affine optimization did not complete (timeLimit).
prefix,noisy-seed5,8,crossing,recovered,209,10.400000000000013,10.450000000000014,1.6720836056091744,4.558482758367413,False,False,0.00893357319275157,0.0007994175134058022,8.0,26,0,3,209,0.2980332550119066,0.008721431590950469,0.21645585691470998,
prefix,noisy-seed5,8,turningCrossing,recovered,216,10.750000000000018,10.800000000000018,1.6975995769024086,4.4261428973941275,False,False,0.01119336034120016,0.0007166208435423706,8.0,80,0,3,216,0.25810884244805227,0.007775700650643286,0.13576919732409698,
prefix,noisy-seed5,8,curvedHeadOn,recovered,1755,87.69999999999716,87.74999999999716,2.746390500456124,1.3530153669379352,False,False,0.005445214212923546,0.04251880819006829,8.0,59,0,13,1755,0.2230303252291902,0.013878962331774302,0.23460256113655092,
prefix,noisy-seed5,8,curvedCrossing,controlUnavailable,142,7.049999999999983,nan,2.2306472925526135,4.997298503583959,False,False,0.013886530781908346,0.0008032672734825336,8.0,26,0,7,142,0.3381413877726584,0.009192997750083946,0.22839250734343175,collisionAvoidanceController:noOptimizationSolution: The two-stage affine optimization did not complete (pcbfNoNumericalResult).
prefix,noisy-seed5,15,headOn,recovered,204,10.15000000000001,10.20000000000001,0.5397545838212725,3.3216214470422223,False,False,0.016522649413877172,0.0008276574954180314,16.0,22,22,10,204,0.335738617103441,0.012414567232044071,nan,
prefix,noisy-seed5,15,acceleratingHeadOn,controlUnavailable,9,0.39999999999999997,nan,8.979715499075114,7.520190448655221,False,False,0.048784016062532035,nan,17.5,22,4,6,9,nan,nan,nan,collisionAvoidanceController:noOptimizationSolution: The two-stage affine optimization did not complete (pcbfNoNumericalResult).
prefix,noisy-seed5,15,brakingLead,recovered,331,16.5000000000001,16.5500000000001,1.198000185181487,4.300620719967305,False,False,0.023512470470334227,0.1952751123436731,16.0,127,24,19,331,0.19314351665102672,0.002093674159348016,0.204530570309678,
prefix,noisy-seed5,15,crossing,recovered,196,9.750000000000004,9.800000000000004,1.5876278497812777,3.1537714418321734,False,False,0.012543037572092205,0.0034061922667800826,16.0,41,0,0,196,0.3223559658237227,0.0067139948572408166,0.41951599106215,
prefix,noisy-seed5,15,turningCrossing,recovered,213,10.600000000000016,10.650000000000016,1.6153580567367087,3.417577899140399,False,False,0.00983446127762116,0.0009098052841642933,16.0,63,0,0,213,0.306289914011139,0.006092138237957455,0.13654611734244929,
prefix,noisy-seed5,15,curvedHeadOn,recovered,1304,65.14999999999844,65.19999999999844,3.7001204699359214,0.4637994431237846,False,False,0.0035606380551524213,0.04237453401727361,16.0,46,1,9,1304,0.24839245777793065,0.012367846548620427,0.38577932232417644,
prefix,noisy-seed5,15,curvedCrossing,recovered,237,11.800000000000033,11.850000000000033,3.6795493665318024,0.8470422284427919,False,False,0.009896933133850198,0.0027567755641076993,16.0,44,10,10,237,0.44642758703940494,0.007901237312798466,0.2856553006415486,
param,noisy-seed1,8,headOn,recovered,230,11.450000000000028,11.500000000000028,2.0177294977474296,2.227157727223979,False,False,0.009346804805517063,0.000994040681694325,8.0,33,0,0,230,0.023238254923046667,0.001184966565380272,0.02001102100720942,
param,noisy-seed1,8,acceleratingHeadOn,recovered,234,11.65000000000003,11.700000000000031,1.8655572155341869,1.5302414497402506,False,False,0.010229611067877065,0.0010480336513950645,8.0,36,0,1,234,0.022304686290410814,0.0012401467487918795,0.040138038866569574,
param,noisy-seed1,8,brakingLead,recovered,262,13.05000000000005,13.100000000000051,1.3876081620779042,5.80610750745265,False,False,0.0454577971710903,0.17835730513841058,8.0,284,32,21,262,0.22931221045761335,0.0016071847971256689,0.033293103329909764,
param,noisy-seed1,8,crossing,recovered,217,10.800000000000018,10.85000000000002,1.5978988792909135,3.9545460121125977,False,False,0.007338791057675092,0.0008508372120099631,8.0,27,0,3,217,0.03408340494609382,0.0010841997300053325,0.015612845239452292,
param,noisy-seed1,8,turningCrossing,recovered,217,10.800000000000018,10.85000000000002,1.7898689737921338,4.241729970908477,False,False,0.009517237069135952,0.0005562698220671271,8.0,80,0,3,217,0.06540376970381837,0.003469755968114862,0.041649343944570434,
param,noisy-seed1,8,curvedHeadOn,recovered,1768,88.34999999999712,88.39999999999712,1.682835410674418,4.3174414328677315,False,False,0.003985214901986547,0.01910714951741674,8.0,58,1,2,1768,0.032356206712583484,0.013424656815675921,0.015392166200497041,
param,noisy-seed1,8,curvedCrossing,recovered,405,20.200000000000152,20.250000000000153,1.5071825998965687,4.894830185853139,False,False,0.008081094838777352,0.06792499015231819,8.0,111,0,1,405,0.11900967845828361,0.0015548744812347312,0.012931714206944151,
param,noisy-seed1,15,headOn,recovered,204,10.15000000000001,10.20000000000001,0.5955082596312596,3.122740301658812,False,False,0.01569988988814954,0.0009647929014637278,16.0,22,25,12,204,0.029154927582322552,0.001425796729449918,nan,
param,noisy-seed1,15,acceleratingHeadOn,recovered,205,10.20000000000001,10.25000000000001,0.4591194496275133,3.2353716263032943,False,False,0.018772656216029738,0.0008939960723501242,16.0,21,25,12,205,0.040478739275446,0.0008246383727325743,nan,
param,noisy-seed1,15,brakingLead,recovered,289,14.40000000000007,14.45000000000007,1.1342503709434484,4.720131274698495,False,False,0.02634204180019654,0.12560244276839871,16.0,354,14,4,289,0.23041348076322588,0.0003037585145632632,0.03227224582738934,
param,noisy-seed1,15,crossing,controlUnavailable,56,2.7499999999999982,nan,1.5685663659802709,3.096113907968551,False,False,0.030541039606903884,nan,17.0,40,0,0,56,0.030238396064110492,0.0008696534968129881,nan,collisionAvoidanceController:noOptimizationSolution: The two-stage affine optimization did not complete (pcbfNoNumericalResult).
param,noisy-seed1,15,turningCrossing,recovered,214,10.650000000000016,10.700000000000017,1.5245059355454043,3.6349808724168255,False,False,0.007897456282665489,0.0009148466487005523,16.0,64,0,0,214,0.09453198208851485,0.0040701719834680085,0.0495630930053081,
param,noisy-seed1,15,curvedHeadOn,recovered,1300,64.94999999999845,64.99999999999845,1.6048986169038941,4.65506685176013,False,False,0.002934596378708092,0.04565429154352773,16.0,44,0,0,1300,0.06931291809838881,0.019199825190379077,0.015147003661527854,
param,noisy-seed1,15,curvedCrossing,recovered,226,11.250000000000025,11.300000000000026,1.6971530530336527,3.202824451044867,False,False,0.006650446095447772,0.00210185963457497,16.0,43,0,0,226,0.07385536263134997,0.0014800359107082501,0.0313875671497361,
param,noisy-seed2,8,headOn,recovered,228,11.350000000000026,11.400000000000027,2.0621171901283777,2.3253344866427987,False,False,0.009942659325991822,0.0009855347707352937,8.0,35,0,0,228,0.037113951643621135,0.0017910572165634449,0.018805134490456676,
param,noisy-seed2,8,acceleratingHeadOn,recovered,231,11.500000000000028,11.55000000000003,2.096589719245924,1.503069321082302,False,False,0.010467775862202607,0.001021776933071887,8.0,36,0,2,231,0.015261134107283508,0.001595669657666281,0.031703038108948374,
param,noisy-seed2,8,brakingLead,recovered,242,12.050000000000036,12.100000000000037,1.3925427082391648,6.730936516966253,False,False,0.046541230332796155,0.21929933414009636,8.0,404,41,25,242,0.24824131649631473,0.0019935636234354776,0.041501606845018066,
param,noisy-seed2,8,crossing,recovered,215,10.700000000000017,10.750000000000018,1.6932970407245096,4.266973817051067,False,False,0.011453655320112062,0.000869616893583804,8.0,27,1,4,215,0.06429042492314928,0.0009778242976737285,0.015100550946371223,
param,noisy-seed2,8,turningCrossing,recovered,217,10.800000000000018,10.85000000000002,1.7028799020105063,4.709173193548207,False,False,0.009762271587212363,0.0006639337441040334,8.0,80,0,4,217,0.06725889755905562,0.0042208343708707635,0.04694075833660794,
param,noisy-seed2,8,curvedHeadOn,recovered,1771,88.49999999999712,88.54999999999711,1.690377940926671,4.618544377030748,False,False,0.004079856569761575,0.02168787722418945,8.0,58,1,2,1771,0.027281884158463634,0.012005187381473976,0.015536458969993278,
param,noisy-seed2,8,curvedCrossing,recovered,397,19.800000000000146,19.850000000000147,1.466638817025311,3.6668809078950755,False,False,0.008186670457573923,0.06484774159298669,8.0,112,0,0,397,0.09454837556367572,0.0006935018042923258,0.02727000855055062,
param,noisy-seed2,15,headOn,recovered,207,10.300000000000011,10.350000000000012,0.5837192955744775,3.088273006827885,False,False,0.016430329809526953,0.0008844260119197203,16.0,22,24,12,207,0.0417415760481805,0.0022491522763633505,nan,
param,noisy-seed2,15,acceleratingHeadOn,recovered,205,10.20000000000001,10.25000000000001,0.42593956163372754,3.1871475622168095,False,False,0.016464797770909673,0.0008623620533077474,16.0,21,25,12,205,0.0349364183586439,0.0018787785087537767,nan,
param,noisy-seed2,15,brakingLead,recovered,260,12.950000000000049,13.00000000000005,1.0658195695571309,5.21865494812087,False,False,0.03000253751553579,0.1352241622796704,16.0,216,27,2,260,0.25012078102767177,0.0005485988967962982,0.041089851285365644,
param,noisy-seed2,15,crossing,recovered,220,10.95000000000002,11.000000000000021,1.7193888826544632,1.521310617387062,False,False,0.010892106375640911,0.002503074178592859,16.0,39,4,0,220,0.06373726944406437,0.0010175880829152253,0.06117176303601915,
param,noisy-seed2,15,turningCrossing,recovered,211,10.500000000000014,10.550000000000015,1.6382087518046553,3.07983720566833,False,False,0.010504800649576134,0.001220973489202118,16.0,64,0,0,211,0.07857745144314303,0.004015959054030159,0.07505430109843275,
param,noisy-seed2,15,curvedHeadOn,recovered,1292,64.54999999999848,64.59999999999847,1.6497345394254592,5.549165136982546,False,False,0.003206064558430002,0.02695472379647762,16.0,39,1,4,1292,0.06484203165694834,0.017999259691110985,0.014198282523124165,
param,noisy-seed2,15,curvedCrossing,recovered,224,11.150000000000023,11.200000000000024,1.9731147641412672,2.7847494570834996,False,False,0.006939606206074176,0.0022788870680397946,16.0,41,0,2,224,0.08278873725003101,0.0005855340046852159,0.03518526380235853,
param,noisy-seed20261003,8,headOn,recovered,226,11.250000000000025,11.300000000000026,2.0062538738500133,2.3451705274353287,False,False,0.009791190597036363,0.0008133004818702079,8.0,33,0,0,226,0.03113028274807522,0.001906349958646534,0.023295469634814932,
param,noisy-seed20261003,8,acceleratingHeadOn,recovered,229,11.400000000000027,11.450000000000028,1.9532307780445883,1.6946193964687097,False,False,0.010225661069634722,0.0008441778864444434,8.0,35,0,0,229,0.027771313861336584,0.002043430657232952,0.04270831829363197,
param,noisy-seed20261003,8,brakingLead,controlUnavailable,14,0.65,nan,1.3874597249675027,7.507702860436653,False,False,0.1109484015229289,nan,8.0,323,10,1,14,nan,nan,nan,collisionAvoidanceController:noOptimizationSolution: The two-stage affine optimization did not complete (timeLimit).
param,noisy-seed20261003,8,crossing,recovered,215,10.700000000000017,10.750000000000018,1.6568785494737595,3.9076786605641693,False,False,0.00712137251061254,0.000752307290258706,8.0,27,0,2,215,0.061131931311333626,0.0013961025207772913,0.021121804772363743,
param,noisy-seed20261003,8,turningCrossing,recovered,213,10.600000000000016,10.650000000000016,1.6896489301482593,4.61804726188812,False,False,0.008781077749286303,0.0004883704335829584,8.0,80,0,3,213,0.4229585544809984,0.005317489220158552,0.09821047223736806,
param,noisy-seed20261003,8,curvedHeadOn,recovered,1767,88.29999999999713,88.34999999999712,1.6029168879448854,4.284126526415789,False,False,0.005082811542525225,0.040679884542048704,8.0,58,7,3,1767,0.04863513294712755,0.014781238819126699,0.020123723310647795,
param,noisy-seed20261003,8,curvedCrossing,recovered,400,19.95000000000015,20.00000000000015,1.5193677498958778,5.03406861119324,False,False,0.00842130387659354,0.08896120275453621,8.0,111,0,4,400,0.0754943655015583,0.0006442736539416713,0.014859019815542355,
param,noisy-seed20261003,15,headOn,recovered,204,10.15000000000001,10.20000000000001,0.5982120201204301,3.0969235393295875,False,False,0.01659446934059323,0.0009179864680263766,16.0,22,25,12,204,0.032537878917337185,0.0013598257232117458,nan,
param,noisy-seed20261003,15,acceleratingHeadOn,recovered,202,10.050000000000008,10.100000000000009,0.4294032131896448,3.2108750689179253,False,False,0.01768091327538918,0.0009057961651671673,16.0,21,25,12,202,0.035593458000897915,0.0012165965348256657,nan,
param,noisy-seed20261003,15,brakingLead,recovered,217,10.800000000000018,10.85000000000002,1.15959684970336,5.673181528699594,False,False,0.03451241802598796,0.1346388478533876,16.0,254,17,2,217,0.24684074327885336,0.00038916517664035666,0.03541612180054381,
param,noisy-seed20261003,15,crossing,recovered,201,10.000000000000007,10.050000000000008,1.5647368935191677,2.794430415937553,False,False,0.011960086581954252,0.00350520447723797,16.0,40,0,0,201,0.05145586063985539,0.0012487576437574537,0.0765204659582368,
param,noisy-seed20261003,15,turningCrossing,recovered,209,10.400000000000013,10.450000000000014,1.5303966678810765,4.164476766065249,False,False,0.00758220029030399,0.0008231536027723053,16.0,64,0,0,209,0.4356903176073131,0.005473276322700864,0.1039954438240139,
param,noisy-seed20261003,15,curvedHeadOn,recovered,1299,64.89999999999846,64.94999999999845,1.6456965136539883,4.564505053708022,False,False,0.003193727983642058,0.04711378964730858,16.0,44,2,0,1299,0.09712005393286868,0.020275769001026664,0.021098225625425997,
param,noisy-seed20261003,15,curvedCrossing,recovered,225,11.200000000000024,11.250000000000025,2.1997604887108837,2.5798136394713946,False,False,0.006953865462968299,0.0023616400137603903,16.0,43,0,2,225,0.07213388727003113,0.00047816227936226256,0.031993003161861246,
param,noisy-seed3,8,headOn,recovered,230,11.450000000000028,11.500000000000028,2.048006708562248,2.196332358434095,False,False,0.009607884349045552,0.0008049558800490861,8.0,34,0,0,230,0.018904423526418985,0.0024857481360771425,0.023770061855858157,
param,noisy-seed3,8,acceleratingHeadOn,recovered,233,11.60000000000003,11.65000000000003,1.9497180882688503,1.5440126138530168,False,False,0.010775660927233144,0.0008417545242239301,8.0,35,0,1,233,0.45391263190005054,0.002700962544867954,0.1431374831401734,
param,noisy-seed3,8,brakingLead,recovered,249,12.400000000000041,12.450000000000042,1.3842150204166055,7.190784812035595,False,False,0.04205776509030376,0.16739179309309163,8.0,244,28,28,249,0.21934530315371112,0.0016812735282007213,0.033993037820209016,
param,noisy-seed3,8,crossing,recovered,219,10.90000000000002,10.95000000000002,1.6645436332174504,3.7134994121676996,False,False,0.007385563842758865,0.0007501713734439264,8.0,27,0,3,219,0.053637251791957184,0.001546127430748257,0.021657666211656698,
param,noisy-seed3,8,turningCrossing,recovered,218,10.85000000000002,10.90000000000002,1.6757182358034433,3.900090288039353,False,False,0.010276337407536919,0.000566227513768781,8.0,80,0,3,218,0.047393650996490365,0.0006371853385792199,0.029402985254722652,
param,noisy-seed3,8,curvedHeadOn,recovered,1772,88.54999999999711,88.59999999999711,1.6702513584310683,4.302387081474083,False,False,0.004396517032845336,0.026217120016073944,8.0,59,3,5,1772,0.058019186219272274,0.01565739787508433,0.02063731460619492,
param,noisy-seed3,8,curvedCrossing,recovered,417,20.80000000000016,20.85000000000016,1.6212865625672364,4.841075935408931,False,False,0.010654355090248376,0.09902422888614494,8.0,112,3,4,417,0.07583682125337343,0.001564202638412985,0.011841074592185367,
param,noisy-seed3,15,headOn,recovered,205,10.20000000000001,10.25000000000001,0.5974804430597627,3.125505554710232,False,False,0.015965629266063104,0.0008545409046976611,16.0,22,25,12,205,0.030032683611086432,0.0015512127023364752,nan,
param,noisy-seed3,15,acceleratingHeadOn,recovered,204,10.15000000000001,10.20000000000001,0.4253573861246416,3.049669809281763,False,False,0.01589848451161212,0.0009584794632457075,16.0,22,25,12,204,0.46243167552668646,0.001426185736425139,nan,
param,noisy-seed3,15,brakingLead,recovered,253,12.600000000000044,12.650000000000045,1.1229569057471533,6.168574718744916,False,False,0.031577863696105206,0.12222037294493755,16.0,277,15,3,253,0.2180679283019594,0.00040398438723350034,0.0318237871521959,
param,noisy-seed3,15,crossing,recovered,203,10.100000000000009,10.15000000000001,1.5566962307257304,2.7847213646944766,False,False,0.011319211878421094,0.003055744808988485,16.0,40,1,0,203,0.04353839314443529,0.0009754364334557396,0.0745686116473174,
param,noisy-seed3,15,turningCrossing,recovered,204,10.15000000000001,10.20000000000001,1.6067616349289189,2.78083311824631,False,False,0.015220682901912292,0.0034223294437188433,16.0,63,1,0,204,0.07334239005535453,0.0005238141233863211,0.11017866852944731,
param,noisy-seed3,15,curvedHeadOn,recovered,1299,64.89999999999846,64.94999999999845,1.6228953264258075,4.9934734793885625,False,False,0.0029301801982900473,0.04421067688660867,16.0,45,1,0,1299,0.09927015957697463,0.02089820101932799,0.022075574634240012,
param,noisy-seed3,15,curvedCrossing,recovered,228,11.350000000000026,11.400000000000027,2.010800017632131,2.692342118306154,False,False,0.006959299998624758,0.0020975813096497393,16.0,44,0,1,228,0.07790594104382681,0.0015352073028891216,0.03663200207009171,
param,noisy-seed4,8,headOn,recovered,233,11.60000000000003,11.65000000000003,2.2793012926177574,1.5220161691174852,False,False,0.009804479958526317,0.0007471160567566397,8.0,41,0,2,233,0.0288868420468308,0.001810524180912999,0.019995939304588557,
param,noisy-seed4,8,acceleratingHeadOn,recovered,235,11.700000000000031,11.750000000000032,2.1392088362038497,0.9638377567049368,False,False,0.010743584491242537,0.0007784319299223984,8.0,42,0,3,235,0.03459834085337902,0.0014799979143190673,0.033984946066189826,
param,noisy-seed4,8,brakingLead,recovered,245,12.200000000000038,12.250000000000039,1.3843630094095403,6.310338883627251,False,False,0.04394893339457102,0.17227098523539644,8.0,335,31,23,245,0.2384057205629874,0.001707147178565823,0.03556693658061628,
param,noisy-seed4,8,crossing,recovered,216,10.750000000000018,10.800000000000018,1.7292665836633339,4.145465409958515,False,False,0.007880000608255793,0.0007911514945614484,8.0,28,0,4,216,0.041000981163257795,0.001105369407156638,0.012692716132089166,
param,noisy-seed4,8,turningCrossing,recovered,213,10.600000000000016,10.650000000000016,1.7383668993972718,5.268179940595174,False,False,0.009749002635305447,0.0006081142851516962,8.0,80,0,5,213,0.48258607393515673,0.0081008119271694,0.10359210074224909,
param,noisy-seed4,8,curvedHeadOn,recovered,1774,88.6499999999971,88.6999999999971,1.8903587916766482,3.2407788319313973,False,False,0.004680814615550504,0.019238022014745934,8.0,58,0,3,1774,0.017717649036134344,0.0021442246237369103,0.02239499348690728,
param,noisy-seed4,8,curvedCrossing,recovered,382,19.050000000000136,19.100000000000136,1.3769542953697407,3.963234189325682,False,False,0.008544857435569783,0.06159505346390965,8.0,110,1,0,382,0.1394544683827893,0.0007404630639180069,0.020162722904775568,
param,noisy-seed4,15,headOn,recovered,205,10.20000000000001,10.25000000000001,0.6243585164293887,3.1922726880180594,False,False,0.017119907470806547,0.0009586007692441718,16.0,22,26,12,205,0.03558534409400638,0.0016280850422111485,nan,
param,noisy-seed4,15,acceleratingHeadOn,recovered,204,10.15000000000001,10.20000000000001,0.5378060200169453,3.7312293317541965,False,False,0.016600410297212986,0.0008615653828696545,16.0,21,25,11,204,0.04723162525969055,0.0012030789321680713,nan,
param,noisy-seed4,15,brakingLead,recovered,200,9.950000000000006,10.000000000000007,1.100427746773798,6.09550642318985,False,False,0.03699812448575492,0.14703971404702293,16.0,341,16,1,200,0.23588542346790203,0.00043280907254613596,0.03425611842170551,
param,noisy-seed4,15,crossing,recovered,209,10.400000000000013,10.450000000000014,1.6153789391287574,2.3874628400971183,False,False,0.01079058399068903,0.0035891839392465366,16.0,42,2,0,209,0.04415631881512868,0.0006151623814554339,0.07264727046939792,
param,noisy-seed4,15,turningCrossing,recovered,218,10.85000000000002,10.90000000000002,1.5836383624897634,3.7858454930851586,False,False,0.008432262139231693,0.0011231336144484983,16.0,65,3,1,218,0.5276032269311764,0.007462351564226468,0.12915002048289034,
param,noisy-seed4,15,curvedHeadOn,recovered,1302,65.04999999999845,65.09999999999845,2.049763494829801,3.679950651822379,False,False,0.0031318591759619996,0.04607018144748209,16.0,44,0,0,1302,0.02746264053582836,0.008153579907087939,0.034256189966647595,
param,noisy-seed4,15,curvedCrossing,recovered,225,11.200000000000024,11.250000000000025,1.8236391221733645,2.918323453700932,False,False,0.00649852118349658,0.0024380297586511415,16.0,43,0,0,225,0.050517578451874615,0.0008396053512591458,0.0315413311781083,
param,noisy-seed5,8,headOn,recovered,228,11.350000000000026,11.400000000000027,2.105156455101778,2.010395048658328,False,False,0.009533459108206237,0.000933468513836872,8.0,34,0,0,228,0.01703671570374674,0.001516860557952758,0.03069276820150443,
param,noisy-seed5,8,acceleratingHeadOn,recovered,231,11.500000000000028,11.55000000000003,1.914211041090348,1.3454280848017461,False,False,0.010473822008741083,0.0009753461218425422,8.0,37,0,0,231,0.44941136156642325,0.0016966973150505098,0.1405574701691568,
param,noisy-seed5,8,brakingLead,recovered,264,13.150000000000052,13.200000000000053,1.3859024019785195,6.69322399526059,False,False,0.0372988330953883,0.13627019848411967,8.0,217,27,13,264,0.20822789255571644,0.0014497776019089426,0.03545670119827391,
param,noisy-seed5,8,crossing,recovered,218,10.85000000000002,10.90000000000002,1.638961246330529,3.4022181149253736,False,False,0.009467829991330633,0.0008721150683494294,8.0,27,1,1,218,0.03075381704712714,0.0010828163272201044,0.014350199136885719,
param,noisy-seed5,8,turningCrossing,recovered,220,10.95000000000002,11.000000000000021,1.6532647809454042,4.143488280336877,False,False,0.009885745486666798,0.0006434235202050381,8.0,81,0,2,220,0.0691289927094834,0.001635400733966061,0.05287213267324587,
param,noisy-seed5,8,curvedHeadOn,recovered,1772,88.54999999999711,88.59999999999711,1.8174322079816843,4.3083864591384495,False,False,0.004156982368389623,0.015973736570054665,8.0,58,1,2,1772,0.07906571199192501,0.014691863305775455,0.026225297824137225,
param,noisy-seed5,8,curvedCrossing,recovered,393,19.600000000000144,19.650000000000144,1.4296640642670972,5.021333988393041,False,False,0.009556408893009823,0.085295746275051,8.0,111,0,7,393,0.08614805941937155,0.0009350763033084986,0.013364422971972038,
param,noisy-seed5,15,headOn,recovered,205,10.20000000000001,10.25000000000001,0.5901248582568561,3.0390499435133265,False,False,0.016249140487656764,0.0008394367201378375,16.0,22,23,12,205,0.033575537301247856,0.0013406963113954575,nan,
param,noisy-seed5,15,acceleratingHeadOn,recovered,204,10.15000000000001,10.20000000000001,0.41237375288878064,3.0661354132092224,False,False,0.016333512729297072,0.0008608796223988524,16.0,22,24,12,204,0.466817508760493,0.0009589434699333664,nan,
param,noisy-seed5,15,brakingLead,controlUnavailable,15,0.7000000000000001,nan,1.272356926672808,7.532133732352415,False,False,0.005498976666870657,nan,16.0,207,0,1,15,nan,nan,nan,collisionAvoidanceController:noOptimizationSolution: The two-stage affine optimization did not complete (clfNoNumericalResult).
param,noisy-seed5,15,crossing,recovered,211,10.500000000000014,10.550000000000015,1.6560548007982578,2.087563236236962,False,False,0.011308585894794276,0.002640423926501787,16.0,40,3,0,211,0.02602853236773482,0.000700331856782784,0.06140914668155556,
param,noisy-seed5,15,turningCrossing,recovered,203,10.100000000000009,10.15000000000001,1.60842674425577,2.958541721868979,False,False,0.014601767021071459,0.0027851966426320086,16.0,63,0,0,203,0.09841825823544655,0.0020328555050820804,0.11201126549636985,
param,noisy-seed5,15,curvedHeadOn,recovered,1302,65.04999999999845,65.09999999999845,1.7123378339805932,4.778640911745179,False,False,0.002974574720544332,0.044909910236975714,16.0,44,2,0,1302,0.13136727643606003,0.02017000053737178,0.030947442117563315,
param,noisy-seed5,15,curvedCrossing,recovered,225,11.200000000000024,11.250000000000025,2.0088546364667623,2.728166629072483,False,False,0.007417953921531433,0.0022174388642439797,16.0,44,0,2,225,0.07284017323072639,0.0007625313682302979,0.035153824362480844,
param2,noisy-seed1,8,headOn,recovered,229,11.400000000000027,11.450000000000028,2.0685467696718973,2.363126316599219,False,False,0.010741923180215746,0.0009751244326464734,8.0,32,0,0,229,0.046471804293698384,0.0021659622662839576,0.018938229786868918,
param2,noisy-seed1,8,acceleratingHeadOn,recovered,232,11.55000000000003,11.60000000000003,1.9190442413824897,1.7384307348634298,False,False,0.009958165443716076,0.0010159729617143733,8.0,32,0,0,232,0.06394293357325571,0.0024841263811171224,0.043550988389425685,
param2,noisy-seed1,8,brakingLead,recovered,253,12.600000000000044,12.650000000000045,1.3875809069906895,2.9807488992110915,False,False,0.04013879596596249,0.1664110462196751,8.0,183,31,17,253,0.1460141481641223,0.002173865955178315,0.023410359408128207,
param2,noisy-seed1,8,crossing,recovered,220,10.95000000000002,11.000000000000021,1.6425634766466193,3.569055156756864,False,False,0.007359747568238289,0.0009090891059255306,8.0,26,0,2,220,0.0501730557033857,0.0017452709674575784,0.015687649331249564,
param2,noisy-seed1,8,turningCrossing,recovered,219,10.90000000000002,10.95000000000002,1.7560554266347521,3.952278094393815,False,False,0.00910601453905071,0.0005655966844334483,8.0,81,0,2,219,0.15881673790962095,0.0027257389025450926,0.05443759006250211,
param2,noisy-seed1,8,curvedHeadOn,recovered,1769,88.39999999999712,88.44999999999712,1.728276423585968,4.037644745152013,False,False,0.004411042228844226,0.021955959421130242,8.0,57,1,5,1769,0.05588496138620033,0.002446846143852206,0.015894371371807835,
param2,noisy-seed1,8,curvedCrossing,recovered,379,18.900000000000134,18.950000000000134,1.446402443106458,5.423774983413885,False,False,0.009124707653810911,0.08614326685501467,8.0,110,0,5,379,0.30866345717667115,0.006980037340544943,0.03145678585208373,
param2,noisy-seed1,15,headOn,recovered,205,10.20000000000001,10.25000000000001,0.5926221533181357,3.0479813611772464,False,False,0.015785589657968807,0.0009583394320343937,16.0,21,23,12,205,0.04768352588746107,0.0016568126802161919,nan,
param2,noisy-seed1,15,acceleratingHeadOn,recovered,201,10.000000000000007,10.050000000000008,0.46326678627455725,3.329477195703614,False,False,0.016796763355851632,0.0009418984528383466,16.0,21,23,12,201,0.08270934236274384,0.0015144988331832238,nan,
param2,noisy-seed1,15,brakingLead,recovered,272,13.550000000000058,13.600000000000058,1.1382121385690327,6.381109430301141,False,False,0.024085121941110163,0.08233953402925337,16.0,161,25,1,272,0.134914403641151,0.00028733584790264577,0.02092687957796664,
param2,noisy-seed1,15,crossing,controlUnavailable,56,2.7499999999999982,nan,1.5696860889496884,3.148256158513359,False,False,0.030462469896936684,nan,16.0,40,0,0,56,0.040023791544804066,0.0012912792981414083,nan,collisionAvoidanceController:noOptimizationSolution: The two-stage affine optimization did not complete (pcbfNoNumericalResult).
param2,noisy-seed1,15,turningCrossing,recovered,213,10.600000000000016,10.650000000000016,1.5341455152861403,3.7490757710592213,False,False,0.007994366381749921,0.0008642777394544083,16.0,64,0,0,213,0.2394912919803637,0.0031728397092531243,0.06524740234945012,
param2,noisy-seed1,15,curvedHeadOn,recovered,1301,64.99999999999845,65.04999999999845,2.779475313583914,2.9572517852444804,False,False,0.0029471691573475043,0.0439550916395596,16.0,45,0,0,1301,0.07082147085199161,0.0012421098595767723,0.014259884803732963,
param2,noisy-seed1,15,curvedCrossing,recovered,231,11.500000000000028,11.55000000000003,2.1752881345585737,2.561538371189716,False,False,0.0067562210141797335,0.002310230364254519,16.0,43,0,1,231,0.31051854920822375,0.007377580866446903,0.061827301907210516,
param2,noisy-seed2,8,headOn,recovered,229,11.400000000000027,11.450000000000028,2.1091845195340206,2.1429296683836014,False,False,0.01012241998169018,0.0009942160766573714,8.0,36,0,0,229,0.09430387158764765,0.003442117884873111,0.017912148378135966,
param2,noisy-seed2,8,acceleratingHeadOn,recovered,231,11.500000000000028,11.55000000000003,2.1204787097468714,1.3769468862129504,False,False,0.010697691676004602,0.001031405697130982,8.0,36,0,2,231,0.07976910066957987,0.0029323984125092274,0.04346732364661864,
param2,noisy-seed2,8,brakingLead,recovered,268,13.350000000000055,13.400000000000055,1.3925409247469354,6.637405118139363,False,False,0.03919933018226063,0.18900613826773063,8.0,158,34,22,268,0.19140532689484704,0.004519527923830855,0.029589015084558214,
param2,noisy-seed2,8,crossing,recovered,215,10.700000000000017,10.750000000000018,1.6977104788466695,4.260890425211639,False,False,0.011394305950266352,0.0008697006397167913,8.0,27,1,3,215,0.12929835583260596,0.0020498886789306553,0.016972895402520925,
param2,noisy-seed2,8,turningCrossing,recovered,215,10.700000000000017,10.750000000000018,1.7084012888232203,4.566617374372658,False,False,0.009612029032656785,0.0006678734507898428,8.0,81,0,4,215,0.13073940403362194,0.0025706324412360392,0.057166322673581765,
param2,noisy-seed2,8,curvedHeadOn,recovered,1766,88.24999999999713,88.29999999999713,1.9091143604540526,3.075303545794428,False,False,0.004723977778035009,0.02591633768343704,8.0,61,0,5,1766,0.10644366735669142,0.002910067135104163,0.020569895869476496,
param2,noisy-seed2,8,curvedCrossing,recovered,406,20.250000000000153,20.300000000000153,1.5117417483864475,4.521318464640006,False,False,0.009128129751513918,0.07489087378087379,8.0,111,0,3,406,0.24737013932777815,0.00612376624423756,0.02594902920309251,
param2,noisy-seed2,15,headOn,recovered,208,10.350000000000012,10.400000000000013,0.5947503328237829,3.1103499322512977,False,False,0.01685852024349941,0.0008864083104950541,16.0,22,24,12,208,0.09050866088496182,0.0038194394425315773,nan,
param2,noisy-seed2,15,acceleratingHeadOn,recovered,206,10.25000000000001,10.300000000000011,0.4291726034351358,3.2834539450723828,False,False,0.018494789195122697,0.0008687462145868296,16.0,21,25,12,206,0.10031988661737241,0.0033713916147253076,nan,
param2,noisy-seed2,15,brakingLead,recovered,263,13.100000000000051,13.150000000000052,1.1418643265048474,4.103112357881885,False,False,0.025376433922454332,0.12277159054707946,16.0,122,26,1,263,0.18539829712550016,0.0010746024369794889,0.029764572355642067,
param2,noisy-seed2,15,crossing,recovered,219,10.90000000000002,10.95000000000002,1.7334009379378694,1.5811936120332053,False,False,0.011817122656961361,0.002600595241899631,16.0,39,3,0,219,0.1359639597064526,0.0020141668832290237,0.06828663143045546,
param2,noisy-seed2,15,turningCrossing,recovered,213,10.600000000000016,10.650000000000016,1.6126642744210713,3.278752833833744,False,False,0.009917055873639741,0.0010281920181348138,16.0,65,0,0,213,0.17726853701828701,0.002162424576131574,0.07794583824284469,
param2,noisy-seed2,15,curvedHeadOn,recovered,1294,64.64999999999847,64.69999999999847,2.7203119264215605,2.620436968436401,False,False,0.003036493615252527,0.04006693883965363,16.0,46,0,2,1294,0.11778745856934883,0.0014598733284040546,0.016882013736929765,
param2,noisy-seed2,15,curvedCrossing,recovered,225,11.200000000000024,11.250000000000025,2.142017189772214,2.59952664885377,False,False,0.006492186097420598,0.0023641055236920125,16.0,41,0,4,225,0.28687887651110294,0.006673449069430836,0.058769019358575134,
param2,noisy-seed20261003,8,headOn,recovered,226,11.250000000000025,11.300000000000026,2.059842882290227,2.244400798288048,False,False,0.009711604500454891,0.0008187597976479295,8.0,33,0,0,226,0.0837980802941508,0.001936424037215724,0.02191636269792103,
param2,noisy-seed20261003,8,acceleratingHeadOn,recovered,230,11.450000000000028,11.500000000000028,1.958687115136934,1.498299252125605,False,False,0.00974374373340157,0.0008608833582889918,8.0,36,0,1,230,0.09113322315599001,0.001470465269042171,0.056733232925014844,
param2,noisy-seed20261003,8,brakingLead,recovered,247,12.30000000000004,12.35000000000004,1.3874513569625675,6.614083176518845,False,False,0.04431518882694465,0.1463664274316635,8.0,258,28,13,247,0.1871657643392833,0.0020633323292328525,0.03117600870684808,
param2,noisy-seed20261003,8,crossing,recovered,218,10.85000000000002,10.90000000000002,1.6789393888796875,3.421891465484059,False,False,0.006756057747019911,0.0007610400423444539,8.0,27,0,1,218,0.05392520417481185,0.0007976644284572762,0.015708168195061305,
param2,noisy-seed20261003,8,turningCrossing,recovered,216,10.750000000000018,10.800000000000018,1.6935970746463007,4.22231809949576,False,False,0.008504737050985044,0.0005137794555524679,8.0,81,0,2,216,0.23589785778936967,0.005263328791288509,0.0699148549888702,
param2,noisy-seed20261003,8,curvedHeadOn,recovered,1771,88.49999999999712,88.54999999999711,2.7672073802092445,3.107992158154497,False,False,0.004701498756826244,0.028927383169932593,8.0,67,0,0,1771,0.06781259131246332,0.0030419811849346566,0.020526213946856366,
param2,noisy-seed20261003,8,curvedCrossing,recovered,411,20.500000000000156,20.550000000000157,1.413420224062445,5.457184336531108,False,False,0.009132783859057155,0.07867539727671102,8.0,110,0,5,411,0.2926376732140313,0.009595255416913095,0.02890696683118261,
param2,noisy-seed20261003,15,headOn,recovered,206,10.25000000000001,10.300000000000011,0.5899338009471666,3.0816967070828767,False,False,0.018133193662068836,0.0008714037845774416,16.0,22,23,12,206,0.07739758533618221,0.001583251205421362,nan,
param2,noisy-seed20261003,15,acceleratingHeadOn,recovered,204,10.15000000000001,10.20000000000001,0.4259354117903845,3.1483346551088456,False,False,0.017011656282051636,0.0009099443426383538,16.0,21,25,12,204,0.09664423384816648,0.0012987340860130625,nan,
param2,noisy-seed20261003,15,brakingLead,controlUnavailable,13,0.6,nan,1.2916571130528904,7.532037634342498,False,False,0.007880516546168866,nan,16.0,175,0,0,13,nan,nan,nan,collisionAvoidanceController:noOptimizationSolution: The two-stage affine optimization did not complete (clfNoNumericalResult).
param2,noisy-seed20261003,15,crossing,recovered,199,9.900000000000006,9.950000000000006,1.5578458550615182,2.923491737895416,False,False,0.011949567941719128,0.00347740335581526,16.0,40,0,0,199,0.03090588499797463,0.0011630522326814292,0.07817140536467652,
param2,noisy-seed20261003,15,turningCrossing,recovered,209,10.400000000000013,10.450000000000014,1.5329757662646888,4.116204412298092,False,False,0.007672204582408971,0.0008387265867326864,16.0,64,0,0,209,0.2786182433911031,0.00472570865718964,0.07893084560435022,
param2,noisy-seed20261003,15,curvedHeadOn,recovered,1322,66.04999999999839,66.09999999999839,2.9786571785604434,1.5891908516716544,False,False,0.003591977231711465,0.04992324927940347,16.0,45,0,3,1322,0.06146543220306602,0.0011570656804943081,0.0258832853351382,
param2,noisy-seed20261003,15,curvedCrossing,recovered,223,11.100000000000023,11.150000000000023,2.271890981700325,2.821158549281474,False,False,0.006668180896604123,0.002280981632490851,16.0,43,0,4,223,0.31042055256175516,0.009172948059806636,0.06065418013946496,
param2,noisy-seed3,8,headOn,recovered,229,11.400000000000027,11.450000000000028,2.0931767923814655,2.185914545172123,False,False,0.009775464269384429,0.000800096019334086,8.0,33,0,0,229,0.02465925513514203,0.001717587216412861,0.024168233533693805,
param2,noisy-seed3,8,acceleratingHeadOn,recovered,231,11.500000000000028,11.55000000000003,1.9250475811955339,1.769447945319346,False,False,0.00941516028878619,0.0008101678549732496,8.0,36,0,0,231,0.23430936287180265,0.0019100477916188076,0.09071152979161104,
param2,noisy-seed3,8,brakingLead,recovered,250,12.450000000000042,12.500000000000043,1.3841774314415947,3.1633024661704408,False,False,0.04530043121964431,0.17349711076441127,9.0,160,26,20,250,0.11601607937314201,0.002529494675377762,0.01838340209876884,
param2,noisy-seed3,8,crossing,recovered,220,10.95000000000002,11.000000000000021,1.6794147126200218,3.5100860903553617,False,False,0.006885583883531756,0.000754331091542926,8.0,27,0,1,220,0.0420099747719203,0.0011319299279059026,0.017333256814171125,
param2,noisy-seed3,8,turningCrossing,recovered,219,10.90000000000002,10.95000000000002,1.6644158118980368,3.8681350367853238,False,False,0.010146536019118853,0.0005681758828162388,8.0,81,0,3,219,0.12683596267103572,0.0034483044139564795,0.04131787139784822,
param2,noisy-seed3,8,curvedHeadOn,recovered,1770,88.44999999999712,88.49999999999712,1.691768685174071,3.0935150752689626,False,False,0.004775586841488821,0.022427005100003932,8.0,62,1,7,1770,0.025723723012745038,0.0021269079874203945,0.021181452271410793,
param2,noisy-seed3,8,curvedCrossing,recovered,400,19.95000000000015,20.00000000000015,1.4473266343886264,5.226591700461697,False,False,0.009769702358605506,0.08941343191338207,8.0,112,1,8,400,0.30910136301563756,0.008008068242799428,0.027692888948551816,
param2,noisy-seed3,15,headOn,recovered,207,10.300000000000011,10.350000000000012,0.5873483237597218,3.075600766538118,False,False,0.015846965110338916,0.0008586998095041755,16.0,22,25,12,207,0.03543100938652221,0.001611594077154494,nan,
param2,noisy-seed3,15,acceleratingHeadOn,recovered,204,10.15000000000001,10.20000000000001,0.44110055915472757,3.3794945691963374,False,False,0.01692641690079835,0.000832546787956814,16.0,22,25,12,204,0.24556422721012594,0.0012913788384125726,nan,
param2,noisy-seed3,15,brakingLead,recovered,265,13.200000000000053,13.250000000000053,1.096394780024322,7.142981729392979,False,False,0.016289307613853096,0.11573368702439801,16.0,128,12,1,265,0.1026940600933621,0.00020136447302035177,0.020923816600809598,
param2,noisy-seed3,15,crossing,recovered,204,10.15000000000001,10.20000000000001,1.5600159114611905,2.7398962193281307,False,False,0.011729191939264201,0.0030025220832747297,16.0,40,1,0,204,0.03491915526762715,0.0007030650254217869,0.07460690998092272,
param2,noisy-seed3,15,turningCrossing,recovered,205,10.20000000000001,10.25000000000001,1.599019982145668,2.786890122428076,False,False,0.016182341662811524,0.002964878744282656,16.0,63,1,0,205,0.20155331395187706,0.003142149753922628,0.12202286109028772,
param2,noisy-seed3,15,curvedHeadOn,recovered,1290,64.44999999999848,64.49999999999848,2.0296802287472615,2.6624573274296903,False,False,0.002813115589678028,0.04175095377665369,16.0,45,0,1,1290,0.040321444907852555,0.001191817782521757,0.02303679965565555,
param2,noisy-seed3,15,curvedCrossing,recovered,228,11.350000000000026,11.400000000000027,2.1925922967870513,2.705125370654672,False,False,0.007418442829783677,0.00209997000522676,16.0,44,0,4,228,0.3063848839345628,0.008112133693200584,0.05753688954838294,
param2,noisy-seed4,8,headOn,recovered,229,11.400000000000027,11.450000000000028,2.146904806187011,2.1449647887280623,False,False,0.010395848490798701,0.0007634033565318024,8.0,35,0,1,229,0.055347908801488564,0.0038996630978701246,0.0197775819455647,
param2,noisy-seed4,8,acceleratingHeadOn,recovered,232,11.55000000000003,11.60000000000003,2.024508877837599,1.4166426200463178,False,False,0.011641631055868646,0.0007767691218293262,8.0,33,0,2,232,0.09757903308985398,0.004145823743199119,0.05680430052133345,
param2,noisy-seed4,8,brakingLead,recovered,364,18.150000000000123,18.200000000000124,1.3843636768233587,5.459966655773908,False,False,0.05681451694428767,0.15313112015934902,8.0,180,30,51,364,0.15926971727811942,0.003083342564628974,0.025265205152691775,
param2,noisy-seed4,8,crossing,recovered,215,10.700000000000017,10.750000000000018,1.701458037429066,4.172157812543123,False,False,0.007924834378213055,0.0007970832892399395,8.0,28,1,4,215,0.12770639546263282,0.0017043308947840184,0.026570143633578614,
param2,noisy-seed4,8,turningCrossing,recovered,210,10.450000000000014,10.500000000000014,1.698974697701537,5.14459759176499,False,False,0.00879954075485595,0.0006098508798505463,8.0,80,0,3,210,0.1829791490222831,0.003143549274347115,0.059860210069987006,
param2,noisy-seed4,8,curvedHeadOn,recovered,1773,88.59999999999711,88.6499999999971,1.9160600723091052,3.7124371911469876,False,False,0.004669153784334398,0.020459068278469928,8.0,60,0,2,1773,0.03774766921553054,0.0025518396332249653,0.018095192006019667,
param2,noisy-seed4,8,curvedCrossing,recovered,369,18.400000000000126,18.450000000000127,1.367436649912292,4.664231739170945,False,False,0.007809848598214498,0.06668054672013887,8.0,110,1,1,369,0.22000888413417014,0.004537018095336735,0.023307399408471752,
param2,noisy-seed4,15,headOn,recovered,209,10.400000000000013,10.450000000000014,0.5972330224076507,2.9517757588570817,False,False,0.018027538992168222,0.0009581803119493487,16.0,22,26,13,209,0.05942697977769787,0.0031469595867124884,nan,
param2,noisy-seed4,15,acceleratingHeadOn,recovered,204,10.15000000000001,10.20000000000001,0.520950061709128,3.658513019241271,False,False,0.017920356210926393,0.0008732110450795996,16.0,21,25,12,204,0.10899477061040734,0.0032114329365080826,nan,
param2,noisy-seed4,15,brakingLead,recovered,272,13.550000000000058,13.600000000000058,1.096579303726726,7.474285078444533,False,False,0.0255371282691522,0.12075854515626591,16.0,171,14,0,272,0.14364394338284367,0.0007509188992584162,0.02059878579391403,
param2,noisy-seed4,15,crossing,recovered,209,10.400000000000013,10.450000000000014,1.6168098667344417,2.3902043136147366,False,False,0.010716780985524725,0.003636343318883967,16.0,42,2,0,209,0.08253906460954542,0.0013211700603222348,0.0688595891881574,
param2,noisy-seed4,15,turningCrossing,recovered,218,10.85000000000002,10.90000000000002,1.5970109516674642,3.6931909985817875,False,False,0.008417223450493177,0.0011303804989610878,16.0,65,3,1,218,0.27098226655182855,0.002985296474003981,0.08940381971127925,
param2,noisy-seed4,15,curvedHeadOn,recovered,1301,64.99999999999845,65.04999999999845,2.285111319568737,4.4016114270780236,False,False,0.004173373047102867,0.0474380846273607,16.0,44,0,3,1301,0.059415121807516784,0.0018191833871251137,0.034771582363319106,
param2,noisy-seed4,15,curvedCrossing,recovered,226,11.250000000000025,11.300000000000026,2.1019148287656484,2.7373582206250457,False,False,0.007101789586224483,0.002511742446814629,16.0,43,0,2,226,0.28923945030614384,0.0056779494002223,0.059423831964409084,
param2,noisy-seed5,8,headOn,recovered,228,11.350000000000026,11.400000000000027,2.1877567250311034,1.8790730756529825,False,False,0.009606432482816708,0.0009394339513375026,8.0,34,0,0,228,0.016030288838628226,0.001609496081897726,0.030220451252146723,
param2,noisy-seed5,8,acceleratingHeadOn,recovered,230,11.450000000000028,11.500000000000028,2.0090868720417157,1.4204876970210663,False,False,0.012330994623540615,0.000959002589703185,8.0,36,0,2,230,0.24087079560298713,0.001313429042532874,0.08208584810345769,
param2,noisy-seed5,8,brakingLead,recovered,278,13.850000000000062,13.900000000000063,1.3859027746072599,6.985768871950118,False,False,0.03942294882130963,0.15843176164184414,8.0,150,38,17,278,0.10908824622899499,0.002682913938549439,0.022618587767953814,
param2,noisy-seed5,8,crossing,recovered,219,10.90000000000002,10.95000000000002,1.6437266229292846,3.1623528149242723,False,False,0.00825749844209368,0.0008778172466538273,8.0,27,1,1,219,0.05512937891283836,0.0009588913377268622,0.010425501367870193,
param2,noisy-seed5,8,turningCrossing,recovered,220,10.95000000000002,11.000000000000021,1.6588937091690938,4.241040535760782,False,False,0.009887109827984563,0.0006389144673562896,8.0,81,0,2,220,0.1656303642341806,0.005566321879366103,0.06698417973431113,
param2,noisy-seed5,8,curvedHeadOn,recovered,1770,88.44999999999712,88.49999999999712,1.7953514182214194,3.0253553649658276,False,False,0.004697302117684101,0.0195383455790572,8.0,58,0,2,1770,0.03829092477158382,0.0026785078414467314,0.027002533476437898,
param2,noisy-seed5,8,curvedCrossing,recovered,409,20.400000000000155,20.450000000000156,1.444819430676462,5.224278244168326,False,False,0.009728649329420786,0.08006092110986372,8.0,110,1,7,409,0.31006243753671536,0.009773285379963264,0.029713612596813686,
param2,noisy-seed5,15,headOn,recovered,203,10.100000000000009,10.15000000000001,0.5875297967949652,3.1559506291801274,False,False,0.015530803964563059,0.0008843627675726788,16.0,22,22,12,203,0.03405793647327155,0.002051766955047561,nan,
param2,noisy-seed5,15,acceleratingHeadOn,recovered,201,10.000000000000007,10.050000000000008,0.42463779759051634,3.2266652253341093,False,False,0.018451934903027063,0.000942469291786912,16.0,22,22,12,201,0.2604069401684437,0.0015151379195002454,nan,
param2,noisy-seed5,15,brakingLead,recovered,231,11.500000000000028,11.55000000000003,1.1692442162295713,1.9767410018987137,False,False,0.032030398519828585,0.09326858942036895,16.0,141,12,3,231,0.10239599376417036,0.0005063403159141164,0.01996690835935038,
param2,noisy-seed5,15,crossing,recovered,211,10.500000000000014,10.550000000000015,1.6532916538284768,2.1631202066218087,False,False,0.011099247851653893,0.0024975763678289544,16.0,40,1,0,211,0.0718962436500127,0.0007275727405813001,0.06481749643647382,
param2,noisy-seed5,15,turningCrossing,recovered,202,10.050000000000008,10.100000000000009,1.5939199476512984,3.0663134802575023,False,False,0.013387594866989557,0.002574922006332712,16.0,63,0,0,202,0.23835494528114565,0.005374755425336583,0.128831631863017,
param2,noisy-seed5,15,curvedHeadOn,recovered,1302,65.04999999999845,65.09999999999845,2.9700539981281793,2.326142630161531,False,False,0.0030042066644128604,0.04430558449461638,16.0,45,0,2,1302,0.046614108095751415,0.0015357523381134804,0.03857259114674178,
param2,noisy-seed5,15,curvedCrossing,recovered,237,11.800000000000033,11.850000000000033,3.488477254834834,0.7421368354021816,False,False,0.010949743188811971,0.0027713730770217346,16.0,44,15,7,237,0.31920406997908657,0.009801620012369996,0.065546161883495,
rerun-clf,noisy-seed20261003,15,curvedCrossing,controlUnavailable,51,2.499999999999999,nan,3.540663564808366,0.3347408140668531,False,False,0.042499095399190695,nan,26.5,43,9,9,51,0.4209096288748099,0.0074014614231159665,nan,collisionAvoidanceController:noOptimizationSolution: The two-stage affine optimization did not complete (pcbfNoNumericalResult).
rerun-clf,noisy-seed4,8,curvedCrossing,recovered,365,18.200000000000124,18.250000000000124,1.4886845036137755,5.556428634185305,False,False,0.014445784525892815,0.08149800825730659,8.0,119,0,5,365,0.3455063591138351,0.00699389334660798,0.19743716585239748,
rerun-prefix,noisy-seed5,8,brakingLead,recovered,333,16.6000000000001,16.6500000000001,1.3859861519421983,4.85964281456262,False,False,0.03380857999770106,0.2019472497195084,8.0,137,27,26,333,0.232556300540369,0.020691925566396506,0.2688876873441688,
rerun-param,noisy-seed20261003,8,brakingLead,recovered,261,13.00000000000005,13.05000000000005,1.3874597249675027,6.18921617919723,False,False,0.04405568486888208,0.15774234511456428,8.0,341,28,29,261,0.24562439606765105,0.001919385110777653,0.04021104772829373,
